ASI 600A Data File
Created: Wed May  8 14:26:05 2024
A/D Sampling Rate: 1000 Hz
Comment: Mouse CP512 Cell 3
Width 0.0692
Thick 0.0346
After Activation
Width 0.0
Thick 0.0
*** Setup Parameters ***
Length Controller: 315C
Force Transducer: 406A
Initial Length: 0.0644 mm
Minimum Length: -5 Lo
Maximum Length: 5 Lo
Fiber Length: 0.0644 mm
Initial Sarcomere Length: 0 um
Diameter: 1.91919 mm
Maximum Tetanic Tension: 3 mN
Calibrate FC step size:  -20 um
Calibrate FC ramp time:  100 ms
Calibrate FC hold time:  200 ms
Force Gain-Factor:       0.6
Force Integral-Constant: 0.26 ms
Force Filter-Constant:   0.2 ms
Constant Stiffness Range: 100
dF/dL measured at Force:  34522 adu
Fiber Stiffness (adu):    0
Fiber Stiffness (mN/mm):  0
SL Gain-Factor:           0.25
SL Integral-Constant:     0.1 ms
SL Filter-Constant:       0 ms
SL Stiffness (adu):       0.3
SL Stiffness (um/mm):     1
ADC0 Offset: -28.840 mv
ADC1 Offset: -28.840 mv
DAC0 Offset: 3.336 mv
DAC1 Offset: -3.588 mv
Panel 1 size: 2
Panel 2 size: 4
Panel 3 size: 2
Panel 4 size: 5
Panel 1 signal: 0
Panel 2 signal: 1
Panel 3 signal: 2
Panel 4 signal: 6
Background (0/1): 0
Length In color:  16395263
Force  In color:  16717330
SL     In color:  16771867
Aux1   In color:  1769257
Length Out color:  255
Force  Out color:  255
Stim   Out color:  16777215
Aux2   In  color:  16747283
Length Units: um
Force Units: mN
Time Units: ms
Sarcomere Length Units: um
Scope Display1: 0
Scope Display2: 2
AUX Channels Scope Display: 0
Scope Timebase: 1
Scope Vscale:   0
Scope Lunit:    1
Scope Lmin:     0.026370
Scope Lmax:     0.026470
Scope Funit:    0
Scope Fmin:     0.157780
Scope Fmax:     0.157960
Scope AUX1_min:     10.000000
Scope AUX1_max:     16.000000
Scope AUX2_min:     8.000000
Scope AUX2_max:     14.000000
Scope L Data Scale:     1.651868
Scope F Data Scale:     0.225000
Scope AUX1 Data Scale:     1.000000
Scope AUX2 Data Scale:     1.000000
Scope SL Data Scale:     1.000000
Scope Sunit:    0
Analysis Lunit: 4
Analysis Funit: 0
Analysis Tunit: 0
Analysis Channels: 101000000010000
Analysis Readout: 1
Analysis Gaussian Filter Kernel Size (Lin):     201
Analysis Gaussian Filter Kernel Size (Fin):     50
Analysis Gaussian Filter Kernel Size (Aux1):    201
Analysis Gaussian Filter Kernel Size (Aux2):    201
Analysis Gaussian Filter Standard Deviation (Lin):     1.0
Analysis Gaussian Filter Standard Deviation (Fin):     1.0
Analysis Gaussian Filter Standard Deviation (Aux1):    1.0
Analysis Gaussian Filter Standard Deviation (Aux2):    1.0
Aux1 Name: Aux1
Aux1 Units: C
Aux1 Scale (units/volt): 100.000000
Aux1 Offset (units): 2.000000
Aux2 Name: Aux2
Aux2 Units: mv
Aux2 Scale (units/volt): 100
Aux2 Offset (units): 0
 *** Cantilever Properties ***
Cantilever Stiffness Calculation Method: 2
Cantilever Stiffness (N/m): -1.000
Cantilever Length (um): 450.000
Cantilever Thickness (um): 2.000
Cantilever Width 1 (um): 50.000
Cantilever Width 2 (um): 50.000
Cantilever Elasticity (GPa): 160.000
 *** ASI804A Test Window Properties ***
ASI804A Vscale: 0
ASI804A Timebase: 0
ASI804A Sampling Rate: 0
ASI804A Scope L_min:     999.800000
ASI804A Scope L_max:     1000.200000
ASI804A Scope F_min:     -0.040000
ASI804A Scope F_max:     0.020000
ASI804A Scope log10Rario_min:     -0.063875
ASI804A Scope log10Ratio_max:     -0.063650
ASI804A Scope L Scale Units:    4
ASI804A Scope F Scale Units:    0
ASI804A Scope L Scale:     1.000000
ASI804A Scope F Scale:     1.000000
ASI804A Scope log10Ratio Scale:     0.500000
ASI804A Data Files Directory: /home/asi/data
ASI804A Data Files Name: atp_datafile
ASI804A Font: Liberation Sans
ASI804A Font Size: 24
ASI804A pCa Combo Size: 0
ASI804A pCa Combo Active: -1
 *** Additional devices ***
ASI802D Bath Controller: 0
ASI804A ATPase Controller: 1
*** Calibration Parameters ***
Model  LOoffset  LOscale  LIoffset  LIscale  FOoffset  FOscale  FIoffset  FIscale
Number 	mm        mm/v	   mm        mm/v     mN        mN/v     mN        mN/v
308B	 0	 0.2	 0	 0.2	 0	 1	 0	 1
312C	 0	 0.15	 0	 0.15	 0	 1	 0	 1
315C	 0	 0.15	 0	 0.15	 0	 1	 0	 1
318B	 0	 0.3	 0	 0.3	 0	 1	 0	 1
322C	 0	 0.3	 0	 0.3	 0	 1	 0	 1
340A	 0	 0.005	 0	 0.005	 0	 1	 0	 1
300C	 0	 0.5	 0	 0.5	 0	 50	 0	 50
300C-LR	 0	 0.5	 0	 0.5	 0	 100	 0	 100
305C	 0	 1	 0	 1	 0	 500	 0	 500
305C-LR	 0	 1	 0	 1	 0	 1000	 0	 1000
309C	 0	 1.25	 0	 1.25	 0	 2000	 0	 2000
310C	 0	 2	 0	 2	 0	 5000	 0	 5000
310C-LR	 0	 2	 0	 2	 0	 10000	 0	 10000
???	 0	 1	 0	 1	 0	 1	 0	 1
400A	 0	 1	 0	 1	 0	 5	 0	 5
402A	 0	 1	 0	 1	 0	 50	 0	 50
403A-CF	 0	 1	 0	 1	 0	 0.2	 0	 0.2
403A	 0	 1	 0	 1	 0	 0.5	 0	 0.5
404A	 0	 1	 0	 1	 0	 10	 0	 10
405A	 0	 1	 0	 1	 0	 1	 0	 1
406A	 0	 1	 0	 1	 0.16	 0.06497	 0.16	 0.06497
407A	 0	 1	 0	 1	 0	 100	 0	 100
470A	 0	 1	 0	 1	 0	 1	 0	 1
other	 0	 1	 0	 1	 0	 1	 0	 1
none	 0	 1	 0	 1	 0	 1	 0	 1
*** Test Protocol Parameters ***
A/D Sampling Rate: 1000 Hz
Comment: Length Discrete Sine protocol for stiffness testing
Minimum Length: -5.000 (Lo)
Maximum Length: 5.000 (Lo)
PD Deadband:    0.000000 mN
Stimulus 01: 0.3 ms 100.000 Hz 10.0 ms 50.000 Hz 0.100 s
Stimulus 02: 1.2 ms 100.000 Hz 20.0 ms 2.000 Hz 100.000 s
Stimulus 03: 1.3 ms 100.000 Hz 20.0 ms 2.000 Hz 100.000 s
Stimulus 04: 1.4 ms 100.000 Hz 20.0 ms 2.000 Hz 100.000 s
Stimulus 05: 1.5 ms 100.000 Hz 20.0 ms 2.000 Hz 100.000 s
Stimulus 06: 1.6 ms 100.000 Hz 20.0 ms 2.000 Hz 100.000 s
Stimulus 07: 1.7 ms 100.000 Hz 20.0 ms 2.000 Hz 100.000 s
Stimulus 08: 1.8 ms 100.000 Hz 20.0 ms 2.000 Hz 100.000 s
Stimulus 09: 1.9 ms 100.000 Hz 20.0 ms 2.000 Hz 100.000 s
Stimulus 10: 2.2 ms 100.000 Hz 20.0 ms 2.000 Hz 100.000 s
Time (ms)	Control Function	Options
      0.0	Data-Enable		
    200.0	Length-Step		 0.65 Lo
   2000.0	Length-Step		 1 Lo
   2005.0	Data-Disable		
      0.0	Stop		
*** Force and Length Signals vs Time ***
Time (ms)  Lin (mm)  Lout (mm)  Fin (mN)  Fout (mN)  Aux1 C  Aux2 mv  SL (um)   Stimulus/Triggers
0.00  0.06409  0.06440  0.02407  0.80968  -209.62568  -211.44716  4.99985   768
1.00  0.06408  0.06440  0.02350  0.80968  -210.48628  -212.30775  4.99985   768
2.00  0.06408  0.06440  0.02300  0.80968  -211.28126  -213.09205  4.99985   768
3.00  0.06408  0.06440  0.02289  0.80968  -211.53914  -213.41859  4.99985   768
4.00  0.06407  0.06440  0.02306  0.80968  -211.30720  -213.21718  4.99985   768
5.00  0.06409  0.06440  0.02360  0.80968  -210.48170  -212.42219  4.99985   768
6.00  0.06408  0.06440  0.02425  0.80968  -209.49141  -211.42885  4.99985   768
7.00  0.06409  0.06440  0.02457  0.80968  -208.94362  -210.85969  4.99985   768
8.00  0.06408  0.06440  0.02472  0.80968  -208.72847  -210.63539  4.99985   768
9.00  0.06408  0.06440  0.02444  0.80968  -209.08857  -210.94362  4.99985   768
10.00  0.06408  0.06440  0.02395  0.80968  -209.80574  -211.65468  4.99985   768
11.00  0.06408  0.06440  0.02342  0.80968  -210.65718  -212.48781  4.99985   768
12.00  0.06408  0.06440  0.02302  0.80968  -211.24617  -213.09816  4.99985   768
13.00  0.06409  0.06440  0.02307  0.80968  -211.25227  -213.16530  4.99985   768
14.00  0.06408  0.06440  0.02347  0.80968  -210.63276  -212.55189  4.99985   768
15.00  0.06407  0.06440  0.02400  0.80968  -209.89729  -211.81947  4.99985   768
16.00  0.06409  0.06440  0.02459  0.80968  -208.94972  -210.88868  4.99985   768
17.00  0.06408  0.06440  0.02477  0.80968  -208.59572  -210.46754  4.99985   768
18.00  0.06408  0.06440  0.02463  0.80968  -208.80781  -210.65980  4.99985   768
19.00  0.06408  0.06440  0.02424  0.80968  -209.36323  -211.20912  4.99985   768
20.00  0.06408  0.06440  0.02380  0.80968  -210.08497  -211.90645  4.99985   768
21.00  0.06407  0.06440  0.02327  0.80968  -210.86317  -212.69838  4.99985   768
22.00  0.06408  0.06440  0.02310  0.80968  -211.20039  -213.10274  4.99985   768
23.00  0.06408  0.06440  0.02330  0.80968  -210.91810  -212.82960  4.99985   768
24.00  0.06408  0.06440  0.02383  0.80968  -210.13228  -212.06361  4.99985   768
25.00  0.06409  0.06440  0.02443  0.80968  -209.18013  -211.13130  4.99985   768
26.00  0.06408  0.06440  0.02473  0.80968  -208.68422  -210.59114  4.99985   768
27.00  0.06408  0.06440  0.02478  0.80968  -208.62013  -210.50264  4.99985   768
28.00  0.06408  0.06440  0.02443  0.80968  -209.10536  -210.93294  4.99985   768
29.00  0.06409  0.06440  0.02390  0.80968  -209.87593  -211.69740  4.99985   768
30.00  0.06409  0.06440  0.02331  0.80968  -210.80214  -212.64192  4.99985   768
31.00  0.06408  0.06440  0.02294  0.80968  -211.43690  -213.29500  4.99985   768
32.00  0.06408  0.06440  0.02300  0.80968  -211.34993  -213.21870  4.99985   768
33.00  0.06410  0.06440  0.02342  0.80968  -210.77925  -212.70143  4.99985   768
34.00  0.06408  0.06440  0.02400  0.80968  -209.84083  -211.77217  4.99985   768
35.00  0.06409  0.06440  0.02449  0.80968  -209.09773  -211.00160  4.99985   768
36.00  0.06410  0.06440  0.02471  0.80968  -208.71168  -210.60640  4.99985   768
37.00  0.06409  0.06440  0.02456  0.80968  -208.90700  -210.75288  4.99985   768
38.00  0.06409  0.06440  0.02404  0.80968  -209.69130  -211.52345  4.99985   768
39.00  0.06407  0.06440  0.02346  0.80968  -210.60225  -212.43745  4.99985   768
40.00  0.06409  0.06440  0.02307  0.80968  -211.20192  -213.05543  4.99985   768
41.00  0.06409  0.06440  0.02286  0.80968  -211.58034  -213.45979  4.99985   768
42.00  0.06409  0.06440  0.02317  0.80968  -211.12257  -213.06306  4.99985   768
43.00  0.06408  0.06440  0.02365  0.80968  -210.42524  -212.37184  4.99985   768
44.00  0.06408  0.06440  0.02420  0.80968  -209.52345  -211.44410  4.99985   768
45.00  0.06408  0.06440  0.02461  0.80968  -208.89937  -210.80171  4.99985   768
46.00  0.06407  0.06440  0.02467  0.80968  -208.74830  -210.61250  4.99985   768
47.00  0.06409  0.06440  0.02444  0.80968  -209.09468  -210.94209  4.99985   768
48.00  0.06410  0.06440  0.02387  0.80968  -209.90950  -211.72029  4.99985   768
49.00  0.06407  0.06440  0.02336  0.80968  -210.74568  -212.56257  4.99985   768
50.00  0.06408  0.06440  0.02304  0.80968  -211.23243  -213.08595  4.99985   768
51.00  0.06409  0.06440  0.02316  0.80968  -211.13478  -213.03254  4.99985   768
52.00  0.06409  0.06440  0.02354  0.80968  -210.55037  -212.46187  4.99985   768
53.00  0.06408  0.06440  0.02411  0.80968  -209.67146  -211.60127  4.99985   768
54.00  0.06407  0.06440  0.02460  0.80968  -208.90700  -210.83070  4.99985   768
55.00  0.06410  0.06440  0.02474  0.80968  -208.67201  -210.55909  4.99985   768
56.00  0.06406  0.06440  0.02452  0.80968  -208.96650  -210.82460  4.99985   768
57.00  0.06408  0.06440  0.02409  0.80968  -209.63331  -211.47920  4.99985   768
58.00  0.06408  0.06440  0.02353  0.80968  -210.48170  -212.30928  4.99985   768
59.00  0.06408  0.06440  0.02315  0.80968  -211.09511  -212.96235  4.99985   768
60.00  0.06409  0.06440  0.02303  0.80968  -211.30568  -213.20650  4.99985   768
61.00  0.06408  0.06440  0.02337  0.80968  -210.84028  -212.76704  4.99985   768
62.00  0.06410  0.06440  0.02389  0.80968  -210.05903  -212.00105  4.99985   768
63.00  0.06409  0.06440  0.02435  0.80968  -209.28694  -211.19233  4.99985   768
64.00  0.06407  0.06440  0.02471  0.80968  -208.71473  -210.61708  4.99985   768
65.00  0.06409  0.06440  0.02467  0.80968  -208.76051  -210.60182  4.99985   768
66.00  0.06408  0.06440  0.02432  0.80968  -209.27168  -211.10689  4.99985   768
67.00  0.06409  0.06440  0.02380  0.80968  -210.03157  -211.83015  4.99985   768
68.00  0.06409  0.06440  0.02327  0.80968  -210.88148  -212.71669  4.99985   768
69.00  0.06408  0.06440  0.02300  0.80968  -211.30873  -213.16682  4.99985   768
70.00  0.06410  0.06440  0.02316  0.80968  -211.13173  -213.03560  4.99985   768
71.00  0.06408  0.06440  0.02366  0.80968  -210.39015  -212.32301  4.99985   768
72.00  0.06408  0.06440  0.02417  0.80968  -209.56923  -211.50056  4.99985   768
73.00  0.06408  0.06440  0.02457  0.80968  -208.94972  -210.86580  4.99985   768
74.00  0.06407  0.06440  0.02467  0.80968  -208.76661  -210.63691  4.99985   768
75.00  0.06407  0.06440  0.02454  0.80968  -208.95125  -210.81544  4.99985   768
76.00  0.06409  0.06440  0.02407  0.80968  -209.62874  -211.47157  4.99985   768
77.00  0.06409  0.06440  0.02355  0.80968  -210.45729  -212.30928  4.99985   768
78.00  0.06409  0.06440  0.02307  0.80968  -211.23854  -213.10121  4.99985   768
79.00  0.06408  0.06440  0.02306  0.80968  -211.23549  -213.14699  4.99985   768
80.00  0.06408  0.06440  0.02333  0.80968  -210.85859  -212.77467  4.99985   768
81.00  0.06409  0.06440  0.02386  0.80968  -210.06666  -211.99647  4.99985   768
82.00  0.06408  0.06440  0.02447  0.80968  -209.15266  -211.06416  4.99985   768
83.00  0.06408  0.06440  0.02471  0.80968  -208.71779  -210.59572  4.99985   768
84.00  0.06407  0.06440  0.02459  0.80968  -208.86274  -210.71016  4.99985   768
85.00  0.06409  0.06440  0.02434  0.80968  -209.21675  -211.05653  4.99985   768
86.00  0.06409  0.06440  0.02375  0.80968  -210.13838  -211.96596  4.99985   768
87.00  0.06410  0.06440  0.02330  0.80968  -210.81892  -212.66786  4.99985   768
88.00  0.06408  0.06440  0.02303  0.80968  -211.30720  -213.16072  4.99985   768
89.00  0.06408  0.06440  0.02316  0.80968  -211.12715  -213.03560  4.99985   768
90.00  0.06409  0.06440  0.02354  0.80968  -210.58241  -212.52595  4.99985   768
91.00  0.06407  0.06440  0.02414  0.80968  -209.66078  -211.60585  4.99985   768
92.00  0.06408  0.06440  0.02458  0.80968  -208.95888  -210.88868  4.99985   768
93.00  0.06410  0.06440  0.02477  0.80968  -208.64149  -210.53010  4.99985   768
94.00  0.06409  0.06440  0.02459  0.80968  -208.86732  -210.71931  4.99985   768
95.00  0.06408  0.06440  0.02409  0.80968  -209.59822  -211.42579  4.99985   768
96.00  0.06410  0.06440  0.02351  0.80968  -210.53206  -212.36879  4.99985   768
97.00  0.06407  0.06440  0.02311  0.80968  -211.16224  -212.99440  4.99985   768
98.00  0.06410  0.06440  0.02305  0.80968  -211.28737  -213.15462  4.99985   768
99.00  0.06407  0.06440  0.02335  0.80968  -210.84181  -212.76094  4.99985   768
100.00  0.06408  0.06440  0.02389  0.80968  -209.98732  -211.89882  4.99985   768
101.00  0.06408  0.06440  0.02440  0.80968  -209.22896  -211.13435  4.99985   768
102.00  0.06409  0.06440  0.02466  0.80968  -208.79408  -210.68574  4.99985   768
103.00  0.06408  0.06440  0.02456  0.80968  -208.91920  -210.78645  4.99985   768
104.00  0.06407  0.06440  0.02429  0.80968  -209.29915  -211.14198  4.99985   768
105.00  0.06408  0.06440  0.02370  0.80968  -210.21315  -212.04072  4.99985   768
106.00  0.06408  0.06440  0.02323  0.80968  -210.94252  -212.79451  4.99985   768
107.00  0.06408  0.06440  0.02291  0.80968  -211.48421  -213.33467  4.99985   768
108.00  0.06407  0.06440  0.02303  0.80968  -211.31178  -213.21107  4.99985   768
109.00  0.06408  0.06440  0.02353  0.80968  -210.59462  -212.56105  4.99985   768
110.00  0.06410  0.06440  0.02406  0.80968  -209.77369  -211.69282  4.99985   768
111.00  0.06409  0.06440  0.02454  0.80968  -208.99702  -210.91005  4.99985   768
112.00  0.06407  0.06440  0.02472  0.80968  -208.72389  -210.60640  4.99985   768
113.00  0.06409  0.06440  0.02446  0.80968  -209.05195  -210.90242  4.99985   768
114.00  0.06408  0.06440  0.02411  0.80968  -209.56312  -211.39222  4.99985   768
115.00  0.06408  0.06440  0.02349  0.80968  -210.54579  -212.36879  4.99985   768
116.00  0.06409  0.06440  0.02311  0.80968  -211.13630  -212.96998  4.99985   768
117.00  0.06408  0.06440  0.02298  0.80968  -211.38807  -213.23091  4.99985   768
118.00  0.06410  0.06440  0.02334  0.80968  -210.86928  -212.78993  4.99985   768
119.00  0.06409  0.06440  0.02389  0.80968  -210.02852  -211.95222  4.99985   768
120.00  0.06409  0.06440  0.02441  0.80968  -209.19691  -211.12062  4.99985   768
121.00  0.06410  0.06440  0.02478  0.80968  -208.67659  -210.58351  4.99985   768
122.00  0.06408  0.06440  0.02472  0.80968  -208.70405  -210.56978  4.99985   768
123.00  0.06409  0.06440  0.02437  0.80968  -209.13893  -210.97261  4.99985   768
124.00  0.06408  0.06440  0.02387  0.80968  -209.94154  -211.78285  4.99985   768
125.00  0.06409  0.06440  0.02337  0.80968  -210.73958  -212.60072  4.99985   768
126.00  0.06407  0.06440  0.02305  0.80968  -211.24769  -213.09663  4.99985   768
127.00  0.06407  0.06440  0.02325  0.80968  -211.01118  -212.93489  4.99985   768
128.00  0.06407  0.06440  0.02369  0.80968  -210.34132  -212.28792  4.99985   768
129.00  0.06408  0.06440  0.02424  0.80968  -209.49293  -211.42274  4.99985   768
130.00  0.06409  0.06440  0.02470  0.80968  -208.72847  -210.64149  4.99985   768
131.00  0.06408  0.06440  0.02482  0.80968  -208.46754  -210.32716  4.99985   768
132.00  0.06407  0.06440  0.02455  0.80968  -208.90700  -210.75136  4.99985   768
133.00  0.06410  0.06440  0.02408  0.80968  -209.63026  -211.44563  4.99985   768
134.00  0.06408  0.06440  0.02352  0.80968  -210.44050  -212.27571  4.99985   768
135.00  0.06408  0.06440  0.02317  0.80968  -211.04323  -212.88759  4.99985   768
136.00  0.06408  0.06440  0.02317  0.80968  -211.10731  -212.99440  4.99985   768
137.00  0.06408  0.06440  0.02350  0.80968  -210.62819  -212.57020  4.99985   768
138.00  0.06409  0.06440  0.02403  0.80968  -209.80116  -211.74470  4.99985   768
139.00  0.06408  0.06440  0.02461  0.80968  -208.92836  -210.87495  4.99985   768
140.00  0.06407  0.06440  0.02482  0.80968  -208.53926  -210.43855  4.99985   768
141.00  0.06407  0.06440  0.02478  0.80968  -208.61097  -210.47517  4.99985   768
142.00  0.06407  0.06440  0.02436  0.80968  -209.21675  -211.08247  4.99985   768
143.00  0.06408  0.06440  0.02373  0.80968  -210.15211  -211.98732  4.99985   768
144.00  0.06408  0.06440  0.02333  0.80968  -210.79298  -212.65108  4.99985   768
145.00  0.06410  0.06440  0.02309  0.80968  -211.24312  -213.11494  4.99985   768
146.00  0.06408  0.06440  0.02321  0.80968  -211.02949  -212.93489  4.99985   768
147.00  0.06408  0.06440  0.02371  0.80968  -210.34590  -212.28486  4.99985   768
148.00  0.06407  0.06440  0.02429  0.80968  -209.39680  -211.30830  4.99985   768
149.00  0.06407  0.06440  0.02468  0.80968  -208.79255  -210.69490  4.99985   768
150.00  0.06409  0.06440  0.02484  0.80968  -208.48890  -210.34852  4.99985   768
151.00  0.06409  0.06440  0.02449  0.80968  -209.02907  -210.87037  4.99985   768
152.00  0.06408  0.06440  0.02402  0.80968  -209.72029  -211.53108  4.99985   768
153.00  0.06407  0.06440  0.02346  0.80968  -210.58088  -212.39625  4.99985   768
154.00  0.06407  0.06440  0.02311  0.80968  -211.16682  -213.03407  4.99985   768
155.00  0.06408  0.06440  0.02313  0.80968  -211.13020  -213.02644  4.99985   768
156.00  0.06408  0.06440  0.02347  0.80968  -210.67396  -212.60988  4.99985   768
157.00  0.06408  0.06440  0.02402  0.80968  -209.82710  -211.75233  4.99985   768
158.00  0.06407  0.06440  0.02453  0.80968  -209.03517  -210.95888  4.99985   768
159.00  0.06408  0.06440  0.02485  0.80968  -208.55909  -210.47517  4.99985   768
160.00  0.06407  0.06440  0.02472  0.80968  -208.65523  -210.52553  4.99985   768
161.00  0.06408  0.06440  0.02429  0.80968  -209.28541  -211.12672  4.99985   768
162.00  0.06409  0.06440  0.02371  0.80968  -210.16432  -211.97664  4.99985   768
163.00  0.06409  0.06440  0.02324  0.80968  -210.95625  -212.78993  4.99985   768
164.00  0.06409  0.06440  0.02305  0.80968  -211.25075  -213.12868  4.99985   768
165.00  0.06408  0.06440  0.02316  0.80968  -211.10274  -212.99592  4.99985   768
166.00  0.06409  0.06440  0.02372  0.80968  -210.30165  -212.24214  4.99985   768
167.00  0.06409  0.06440  0.02435  0.80968  -209.28847  -211.20607  4.99985   768
168.00  0.06407  0.06440  0.02476  0.80968  -208.65370  -210.55452  4.99985   768
169.00  0.06409  0.06440  0.02485  0.80968  -208.45839  -210.32411  4.99985   768
170.00  0.06406  0.06440  0.02467  0.80968  -208.74983  -210.59114  4.99985   768
171.00  0.06408  0.06440  0.02414  0.80968  -209.56160  -211.37544  4.99985   768
172.00  0.06408  0.06440  0.02358  0.80968  -210.40999  -212.24824  4.99985   768
173.00  0.06409  0.06440  0.02316  0.80968  -211.03865  -212.91047  4.99985   768
174.00  0.06408  0.06440  0.02311  0.80968  -211.16224  -213.06459  4.99985   768
175.00  0.06407  0.06440  0.02339  0.80968  -210.78383  -212.71669  4.99985   768
176.00  0.06407  0.06440  0.02406  0.80968  -209.77675  -211.72792  4.99985   768
177.00  0.06408  0.06440  0.02455  0.80968  -209.01076  -210.93599  4.99985   768
178.00  0.06408  0.06440  0.02492  0.80968  -208.43855  -210.33784  4.99985   768
179.00  0.06408  0.06440  0.02489  0.80968  -208.46144  -210.34242  4.99985   768
180.00  0.06409  0.06440  0.02449  0.80968  -208.97108  -210.77882  4.99985   768
181.00  0.06409  0.06440  0.02391  0.80968  -209.84236  -211.66078  4.99985   768
182.00  0.06408  0.06440  0.02344  0.80968  -210.63429  -212.48628  4.99985   768
183.00  0.06408  0.06440  0.02317  0.80968  -211.02339  -212.87538  4.99985   768
184.00  0.06408  0.06440  0.02331  0.80968  -210.89674  -212.77162  4.99985   768
185.00  0.06408  0.06440  0.02390  0.80968  -210.03004  -211.94917  4.99985   768
186.00  0.06409  0.06440  0.02439  0.80968  -209.25642  -211.17250  4.99985   768
187.00  0.06409  0.06440  0.02477  0.80968  -208.65523  -210.55909  4.99985   768
188.00  0.06408  0.06440  0.02486  0.80968  -208.47212  -210.35310  4.99985   768
189.00  0.06408  0.06440  0.02457  0.80968  -208.88563  -210.74067  4.99985   768
190.00  0.06408  0.06440  0.02414  0.80968  -209.52498  -211.36934  4.99985   768
191.00  0.06408  0.06440  0.02365  0.80968  -210.30775  -212.14906  4.99985   768
192.00  0.06408  0.06440  0.02320  0.80968  -211.01576  -212.88148  4.99985   768
193.00  0.06408  0.06440  0.02316  0.80968  -211.12410  -213.02492  4.99985   768
194.00  0.06408  0.06440  0.02362  0.80968  -210.45118  -212.37642  4.99985   768
195.00  0.06408  0.06440  0.02417  0.80968  -209.62111  -211.56160  4.99985   768
196.00  0.06410  0.06440  0.02466  0.80968  -208.83528  -210.74983  4.99985   768
197.00  0.06408  0.06440  0.02483  0.80968  -208.55147  -210.44465  4.99985   768
198.00  0.06408  0.06440  0.02473  0.80968  -208.64302  -210.48738  4.99985   768
199.00  0.06408  0.06440  0.02432  0.80968  -209.27473  -211.09315  4.99985   768
200.00  0.05806  0.04183  0.02419  0.80968  -209.53566  -211.44563  4.99985   768
201.00  0.04399  0.04183  0.01878  0.80968  -216.84767  -217.83449  4.99985   768
202.00  0.04305  0.04183  0.01161  0.80968  -228.34059  -229.70582  4.99985   768
203.00  0.04284  0.04183  0.01346  0.80968  -226.36000  -228.60414  4.99985   768
204.00  0.04269  0.04183  0.01062  0.80968  -230.01601  -231.53841  4.99985   768
205.00  0.04257  0.04183  0.00934  0.80968  -232.33992  -234.23769  4.99985   768
206.00  0.04249  0.04183  0.01186  0.80968  -228.50691  -230.49776  4.99985   768
207.00  0.04242  0.04183  0.00926  0.80968  -232.27125  -233.98134  4.99985   768
208.00  0.04233  0.04183  0.00913  0.80968  -232.81752  -234.80989  4.99985   768
209.00  0.04227  0.04183  0.00944  0.80968  -231.94319  -233.63954  4.99985   768
210.00  0.04222  0.04183  0.00727  0.80968  -235.44508  -237.26503  4.99985   768
211.00  0.04218  0.04183  0.00804  0.80968  -234.49141  -236.52956  4.99985   768
212.00  0.04215  0.04183  0.00754  0.80968  -234.91560  -236.61500  4.99985   768
213.00  0.04214  0.04183  0.00741  0.80968  -235.42067  -237.41762  4.99985   768
214.00  0.04212  0.04183  0.00935  0.80968  -232.47267  -234.50166  4.99985   768
215.00  0.04211  0.04183  0.00873  0.80968  -233.18373  -234.97621  4.99985   768
216.00  0.04209  0.04183  0.00957  0.80968  -232.11256  -234.11409  4.99985   768
217.00  0.04207  0.04183  0.00994  0.80968  -231.31605  -233.12379  4.99985   768
218.00  0.04206  0.04183  0.00847  0.80968  -233.61250  -235.41872  4.99985   768
219.00  0.04205  0.04183  0.00893  0.80968  -232.98994  -234.89076  4.99985   768
220.00  0.04203  0.04183  0.00796  0.80968  -234.29304  -236.02907  4.99985   768
221.00  0.04205  0.04183  0.00764  0.80968  -235.07582  -237.04835  4.99985   768
222.00  0.04203  0.04183  0.00846  0.80968  -233.70406  -235.60487  4.99985   768
223.00  0.04202  0.04183  0.00819  0.80968  -234.10689  -235.97871  4.99985   768
224.00  0.04202  0.04183  0.00935  0.80968  -232.49251  -234.53218  4.99985   768
225.00  0.04200  0.04183  0.00974  0.80968  -231.70515  -233.56477  4.99985   768
226.00  0.04200  0.04183  0.00941  0.80968  -232.23616  -234.13545  4.99985   768
227.00  0.04199  0.04183  0.00981  0.80968  -231.61055  -233.50526  4.99985   768
228.00  0.04199  0.04183  0.00879  0.80968  -233.07539  -234.84651  4.99985   768
229.00  0.04199  0.04183  0.00839  0.80968  -233.89479  -235.79866  4.99985   768
230.00  0.04199  0.04183  0.00824  0.80968  -233.93446  -235.75899  4.99985   768
231.00  0.04200  0.04183  0.00786  0.80968  -234.60432  -236.48683  4.99985   768
232.00  0.04199  0.04183  0.00864  0.80968  -233.48280  -235.45228  4.99985   768
233.00  0.04199  0.04183  0.00920  0.80968  -232.57338  -234.47572  4.99985   768
234.00  0.04197  0.04183  0.00963  0.80968  -231.94166  -233.86842  4.99985   768
235.00  0.04199  0.04183  0.01017  0.80968  -231.04292  -232.93764  4.99985   768
236.00  0.04198  0.04183  0.00979  0.80968  -231.58156  -233.42439  4.99985   768
237.00  0.04199  0.04183  0.00956  0.80968  -231.95540  -233.81807  4.99985   768
238.00  0.04197  0.04183  0.00892  0.80968  -232.88161  -234.70918  4.99985   768
239.00  0.04197  0.04183  0.00829  0.80968  -233.92683  -235.78493  4.99985   768
240.00  0.04197  0.04183  0.00829  0.80968  -233.92531  -235.81697  4.99985   768
241.00  0.04197  0.04183  0.00843  0.80968  -233.77730  -235.68727  4.99985   768
242.00  0.04196  0.04183  0.00908  0.80968  -232.83430  -234.83278  4.99985   768
243.00  0.04196  0.04183  0.00982  0.80968  -231.64107  -233.59834  4.99985   768
244.00  0.04196  0.04183  0.01012  0.80968  -231.15431  -233.04597  4.99985   768
245.00  0.04195  0.04183  0.01031  0.80968  -230.85676  -232.78047  4.99985   768
246.00  0.04196  0.04183  0.00997  0.80968  -231.26417  -233.08565  4.99985   768
247.00  0.04195  0.04183  0.00937  0.80968  -232.21785  -234.02406  4.99985   768
248.00  0.04195  0.04183  0.00887  0.80968  -232.98384  -234.82210  4.99985   768
249.00  0.04196  0.04183  0.00836  0.80968  -233.78493  -235.61403  4.99985   768
250.00  0.04196  0.04183  0.00834  0.80968  -233.89326  -235.78645  4.99985   768
251.00  0.04197  0.04183  0.00883  0.80968  -233.16084  -235.09828  4.99985   768
252.00  0.04196  0.04183  0.00953  0.80968  -232.11714  -234.06679  4.99985   768
253.00  0.04196  0.04183  0.01017  0.80968  -231.11006  -233.04445  4.99985   768
254.00  0.04196  0.04183  0.01042  0.80968  -230.68434  -232.57295  4.99985   768
255.00  0.04195  0.04183  0.01027  0.80968  -230.89033  -232.75606  4.99985   768
256.00  0.04195  0.04183  0.00984  0.80968  -231.53578  -233.37709  4.99985   768
257.00  0.04194  0.04183  0.00912  0.80968  -232.59322  -234.41926  4.99985   768
258.00  0.04194  0.04183  0.00861  0.80968  -233.43397  -235.30122  4.99985   768
259.00  0.04194  0.04183  0.00839  0.80968  -233.75593  -235.63692  4.99985   768
260.00  0.04193  0.04183  0.00869  0.80968  -233.41414  -235.37599  4.99985   768
261.00  0.04194  0.04183  0.00928  0.80968  -232.44673  -234.38722  4.99985   768
262.00  0.04194  0.04183  0.00991  0.80968  -231.50984  -233.45644  4.99985   768
263.00  0.04193  0.04183  0.01044  0.80968  -230.65840  -232.55617  4.99985   768
264.00  0.04194  0.04183  0.01049  0.80968  -230.61568  -232.47224  4.99985   768
265.00  0.04194  0.04183  0.01013  0.80968  -231.06428  -232.91017  4.99985   768
266.00  0.04194  0.04183  0.00949  0.80968  -232.01643  -233.82570  4.99985   768
267.00  0.04192  0.04183  0.00890  0.80968  -232.93959  -234.75801  4.99985   768
268.00  0.04194  0.04183  0.00865  0.80968  -233.38362  -235.25239  4.99985   768
269.00  0.04193  0.04183  0.00871  0.80968  -233.30885  -235.24019  4.99985   768
270.00  0.04193  0.04183  0.00917  0.80968  -232.62984  -234.55659  4.99985   768
271.00  0.04191  0.04183  0.00978  0.80968  -231.69142  -233.63954  4.99985   768
272.00  0.04192  0.04183  0.01031  0.80968  -230.90254  -232.83388  4.99985   768
273.00  0.04194  0.04183  0.01064  0.80968  -230.38222  -232.29066  4.99985   768
274.00  0.04193  0.04183  0.01055  0.80968  -230.43715  -232.30134  4.99985   768
275.00  0.04193  0.04183  0.01002  0.80968  -231.21840  -233.06123  4.99985   768
276.00  0.04192  0.04183  0.00944  0.80968  -232.11714  -233.95387  4.99985   768
277.00  0.04193  0.04183  0.00889  0.80968  -232.98231  -234.83278  4.99985   768
278.00  0.04193  0.04183  0.00871  0.80968  -233.31190  -235.20967  4.99985   768
279.00  0.04193  0.04183  0.00892  0.80968  -233.03572  -234.94722  4.99985   768
280.00  0.04191  0.04183  0.00961  0.80968  -231.99812  -233.95082  4.99985   768
281.00  0.04192  0.04183  0.01016  0.80968  -231.09785  -233.02461  4.99985   768
282.00  0.04193  0.04183  0.01056  0.80968  -230.49208  -232.38527  4.99985   768
283.00  0.04192  0.04183  0.01063  0.80968  -230.31050  -232.18996  4.99985   768
284.00  0.04193  0.04183  0.01031  0.80968  -230.76826  -232.61415  4.99985   768
285.00  0.04193  0.04183  0.00974  0.80968  -231.63039  -233.44728  4.99985   768
286.00  0.04191  0.04183  0.00917  0.80968  -232.54134  -234.37349  4.99985   768
287.00  0.04191  0.04183  0.00877  0.80968  -233.20814  -235.07387  4.99985   768
288.00  0.04192  0.04183  0.00885  0.80968  -233.09676  -234.99605  4.99985   768
289.00  0.04192  0.04183  0.00929  0.80968  -232.43605  -234.39943  4.99985   768
290.00  0.04192  0.04183  0.00992  0.80968  -231.51442  -233.45338  4.99985   768
291.00  0.04191  0.04183  0.01051  0.80968  -230.58211  -232.53023  4.99985   768
292.00  0.04191  0.04183  0.01073  0.80968  -230.18843  -232.08925  4.99985   768
293.00  0.04191  0.04183  0.01055  0.80968  -230.46614  -232.33949  4.99985   768
294.00  0.04190  0.04183  0.01019  0.80968  -230.98036  -232.83235  4.99985   768
295.00  0.04191  0.04183  0.00953  0.80968  -231.99354  -233.82570  4.99985   768
296.00  0.04190  0.04183  0.00907  0.80968  -232.70155  -234.55659  4.99985   768
297.00  0.04191  0.04183  0.00893  0.80968  -232.92586  -234.80989  4.99985   768
298.00  0.04191  0.04183  0.00917  0.80968  -232.61153  -234.49708  4.99985   768
299.00  0.04190  0.04183  0.00980  0.80968  -231.72652  -233.67769  4.99985   768
300.00  0.04191  0.04183  0.01039  0.80968  -230.73317  -232.65077  4.99985   768
301.00  0.04191  0.04183  0.01078  0.80968  -230.13655  -232.03126  4.99985   768
302.00  0.04189  0.04183  0.01083  0.80968  -230.04042  -231.90156  4.99985   768
303.00  0.04189  0.04183  0.01056  0.80968  -230.44173  -232.28761  4.99985   768
304.00  0.04190  0.04183  0.00994  0.80968  -231.34199  -233.16652  4.99985   768
305.00  0.04191  0.04183  0.00923  0.80968  -232.42079  -234.25447  4.99985   768
306.00  0.04190  0.04183  0.00897  0.80968  -232.91975  -234.79921  4.99985   768
307.00  0.04190  0.04183  0.00895  0.80968  -232.95180  -234.86177  4.99985   768
308.00  0.04190  0.04183  0.00951  0.80968  -232.16292  -234.12630  4.99985   768
309.00  0.04189  0.04183  0.01007  0.80968  -231.28249  -233.23823  4.99985   768
310.00  0.04190  0.04183  0.01058  0.80968  -230.45546  -232.40205  4.99985   768
311.00  0.04188  0.04183  0.01087  0.80968  -229.99312  -231.86952  4.99985   768
312.00  0.04191  0.04183  0.01064  0.80968  -230.29524  -232.15333  4.99985   768
313.00  0.04189  0.04183  0.01012  0.80968  -231.06428  -232.87965  4.99985   768
314.00  0.04189  0.04183  0.00945  0.80968  -232.12019  -233.92793  4.99985   768
315.00  0.04190  0.04183  0.00902  0.80968  -232.78853  -234.62984  4.99985   768
316.00  0.04189  0.04183  0.00886  0.80968  -233.05556  -234.92433  4.99985   768
317.00  0.04190  0.04183  0.00917  0.80968  -232.61153  -234.52913  4.99985   768
318.00  0.04189  0.04183  0.00975  0.80968  -231.76009  -233.69905  4.99985   768
319.00  0.04190  0.04183  0.01035  0.80968  -230.84151  -232.76521  4.99985   768
320.00  0.04189  0.04183  0.01076  0.80968  -230.17165  -232.07551  4.99985   768
321.00  0.04189  0.04183  0.01080  0.80968  -230.04957  -231.92598  4.99985   768
322.00  0.04189  0.04183  0.01043  0.80968  -230.60347  -232.45546  4.99985   768
323.00  0.04189  0.04183  0.00988  0.80968  -231.48848  -233.31911  4.99985   768
324.00  0.04188  0.04183  0.00928  0.80968  -232.38875  -234.23616  4.99985   768
325.00  0.04189  0.04183  0.00899  0.80968  -232.86024  -234.72749  4.99985   768
326.00  0.04188  0.04183  0.00904  0.80968  -232.82820  -234.74275  4.99985   768
327.00  0.04188  0.04183  0.00961  0.80968  -232.00728  -233.96608  4.99985   768
328.00  0.04189  0.04183  0.01024  0.80968  -231.01240  -232.95442  4.99985   768
329.00  0.04188  0.04183  0.01068  0.80968  -230.27388  -232.19301  4.99985   768
330.00  0.04188  0.04183  0.01092  0.80968  -229.91072  -231.79018  4.99985   768
331.00  0.04189  0.04183  0.01070  0.80968  -230.20216  -232.04652  4.99985   768
332.00  0.04189  0.04183  0.01029  0.80968  -230.81709  -232.63399  4.99985   768
333.00  0.04188  0.04183  0.00964  0.80968  -231.78450  -233.60139  4.99985   768
334.00  0.04189  0.04183  0.00917  0.80968  -232.56270  -234.39180  4.99985   768
335.00  0.04188  0.04183  0.00916  0.80968  -232.63441  -234.51234  4.99985   768
336.00  0.04188  0.04183  0.00953  0.80968  -232.04390  -233.98592  4.99985   768
337.00  0.04189  0.04183  0.01012  0.80968  -231.20314  -233.14210  4.99985   768
338.00  0.04188  0.04183  0.01070  0.80968  -230.28609  -232.21132  4.99985   768
339.00  0.04188  0.04183  0.01099  0.80968  -229.77949  -231.71083  4.99985   768
340.00  0.04189  0.04183  0.01089  0.80968  -229.93361  -231.79933  4.99985   768
341.00  0.04187  0.04183  0.01046  0.80968  -230.55006  -232.40358  4.99985   768
342.00  0.04189  0.04183  0.00993  0.80968  -231.37556  -233.22450  4.99985   768
343.00  0.04188  0.04183  0.00940  0.80968  -232.18886  -234.04237  4.99985   768
344.00  0.04187  0.04183  0.00912  0.80968  -232.67714  -234.54286  4.99985   768
345.00  0.04189  0.04183  0.00919  0.80968  -232.54591  -234.44215  4.99985   768
346.00  0.04189  0.04183  0.00968  0.80968  -231.85622  -233.79365  4.99985   768
347.00  0.04189  0.04183  0.01037  0.80968  -230.80031  -232.76063  4.99985   768
348.00  0.04188  0.04183  0.01080  0.80968  -230.09688  -231.98091  4.99985   768
349.00  0.04187  0.04183  0.01085  0.80968  -229.99464  -231.85274  4.99985   768
350.00  0.04187  0.04183  0.01062  0.80968  -230.29677  -232.12282  4.99985   768
351.00  0.04188  0.04183  0.01010  0.80968  -231.08259  -232.90864  4.99985   768
352.00  0.04188  0.04183  0.00954  0.80968  -231.99354  -233.82570  4.99985   768
353.00  0.04188  0.04183  0.00910  0.80968  -232.64662  -234.48946  4.99985   768
354.00  0.04188  0.04183  0.00915  0.80968  -232.61305  -234.51387  4.99985   768
355.00  0.04189  0.04183  0.00941  0.80968  -232.29109  -234.22700  4.99985   768
356.00  0.04188  0.04183  0.01010  0.80968  -231.24586  -233.20924  4.99985   768
357.00  0.04187  0.04183  0.01071  0.80968  -230.26625  -232.20521  4.99985   768
358.00  0.04188  0.04183  0.01098  0.80968  -229.85579  -231.77339  4.99985   768
359.00  0.04187  0.04183  0.01090  0.80968  -229.91225  -231.77492  4.99985   768
360.00  0.04187  0.04183  0.01051  0.80968  -230.48598  -232.34712  4.99985   768
361.00  0.04187  0.04183  0.00986  0.80968  -231.49763  -233.30842  4.99985   768
362.00  0.04188  0.04183  0.00941  0.80968  -232.19343  -234.06526  4.99985   768
363.00  0.04188  0.04183  0.00917  0.80968  -232.59627  -234.45131  4.99985   768
364.00  0.04187  0.04183  0.00934  0.80968  -232.37044  -234.27431  4.99985   768
365.00  0.04186  0.04183  0.00991  0.80968  -231.53273  -233.47169  4.99985   768
366.00  0.04188  0.04183  0.01056  0.80968  -230.49208  -232.42952  4.99985   768
367.00  0.04188  0.04183  0.01099  0.80968  -229.81459  -231.71846  4.99985   768
368.00  0.04188  0.04183  0.01109  0.80968  -229.62691  -231.49873  4.99985   768
369.00  0.04188  0.04183  0.01087  0.80968  -229.95955  -231.81917  4.99985   768
370.00  0.04187  0.04183  0.01036  0.80968  -230.66603  -232.48903  4.99985   768
371.00  0.04188  0.04183  0.00971  0.80968  -231.67616  -233.50069  4.99985   768
372.00  0.04188  0.04183  0.00930  0.80968  -232.36891  -234.24074  4.99985   768
373.00  0.04186  0.04183  0.00920  0.80968  -232.57185  -234.46352  4.99985   768
374.00  0.04187  0.04183  0.00963  0.80968  -231.95387  -233.89894  4.99985   768
375.00  0.04186  0.04183  0.01019  0.80968  -231.09328  -233.04292  4.99985   768
376.00  0.04187  0.04183  0.01083  0.80968  -230.10451  -232.06178  4.99985   768
377.00  0.04186  0.04183  0.01111  0.80968  -229.61317  -231.51399  4.99985   768
378.00  0.04187  0.04183  0.01099  0.80968  -229.72456  -231.60402  4.99985   768
379.00  0.04187  0.04183  0.01055  0.80968  -230.39137  -232.22658  4.99985   768
380.00  0.04187  0.04183  0.00990  0.80968  -231.43202  -233.23976  4.99985   768
381.00  0.04187  0.04183  0.00928  0.80968  -232.35823  -234.18428  4.99985   768
382.00  0.04185  0.04183  0.00909  0.80968  -232.69392  -234.54896  4.99985   768
383.00  0.04187  0.04183  0.00924  0.80968  -232.51997  -234.42384  4.99985   768
384.00  0.04186  0.04183  0.00986  0.80968  -231.57240  -233.51900  4.99985   768
385.00  0.04186  0.04183  0.01050  0.80968  -230.59737  -232.52412  4.99985   768
386.00  0.04188  0.04183  0.01103  0.80968  -229.76729  -231.68336  4.99985   768
387.00  0.04186  0.04183  0.01114  0.80968  -229.55519  -231.43312  4.99985   768
388.00  0.04187  0.04183  0.01083  0.80968  -229.98854  -231.82374  4.99985   768
389.00  0.04186  0.04183  0.01024  0.80968  -230.87202  -232.71333  4.99985   768
390.00  0.04185  0.04183  0.00965  0.80968  -231.80281  -233.63039  4.99985   768
391.00  0.04185  0.04183  0.00921  0.80968  -232.51082  -234.38570  4.99985   768
392.00  0.04186  0.04183  0.00919  0.80968  -232.60847  -234.52913  4.99985   768
393.00  0.04185  0.04183  0.00958  0.80968  -231.99965  -233.92946  4.99985   768
394.00  0.04186  0.04183  0.01022  0.80968  -231.06123  -233.01393  4.99985   768
395.00  0.04187  0.04183  0.01086  0.80968  -230.07399  -232.01295  4.99985   768
396.00  0.04187  0.04183  0.01118  0.80968  -229.53230  -231.42549  4.99985   768
397.00  0.04186  0.04183  0.01105  0.80968  -229.67726  -231.52162  4.99985   768
398.00  0.04185  0.04183  0.01058  0.80968  -230.32118  -232.12739  4.99985   768
399.00  0.04186  0.04183  0.00997  0.80968  -231.28859  -233.11464  4.99985   768
400.00  0.04187  0.04183  0.00943  0.80968  -232.11256  -233.94472  4.99985   768
401.00  0.04185  0.04183  0.00919  0.80968  -232.56422  -234.43605  4.99985   768
402.00  0.04186  0.04183  0.00943  0.80968  -232.20412  -234.12935  4.99985   768
403.00  0.04186  0.04183  0.00998  0.80968  -231.41524  -233.35268  4.99985   768
404.00  0.04183  0.04183  0.01066  0.80968  -230.33491  -232.27388  4.99985   768
405.00  0.04186  0.04183  0.01114  0.80968  -229.60554  -231.53078  4.99985   768
406.00  0.04185  0.04183  0.01122  0.80968  -229.42702  -231.31715  4.99985   768
407.00  0.04186  0.04183  0.01091  0.80968  -229.89699  -231.73677  4.99985   768
408.00  0.04184  0.04183  0.01032  0.80968  -230.74232  -232.58516  4.99985   768
409.00  0.04186  0.04183  0.00966  0.80968  -231.78908  -233.63801  4.99985   768
410.00  0.04186  0.04183  0.00927  0.80968  -232.39943  -234.27583  4.99985   768
411.00  0.04186  0.04183  0.00925  0.80968  -232.49556  -234.38722  4.99985   768
412.00  0.04184  0.04183  0.00972  0.80968  -231.78145  -233.71126  4.99985   768
413.00  0.04186  0.04183  0.01035  0.80968  -230.89033  -232.83540  4.99985   768
414.00  0.04186  0.04183  0.01088  0.80968  -229.99617  -231.90767  4.99985   768
415.00  0.04185  0.04183  0.01118  0.80968  -229.51094  -231.39040  4.99985   768
416.00  0.04186  0.04183  0.01111  0.80968  -229.56282  -231.42396  4.99985   768
417.00  0.04185  0.04183  0.01059  0.80968  -230.34865  -232.15181  4.99985   768
418.00  0.04186  0.04183  0.00992  0.80968  -231.37404  -233.19093  4.99985   768
419.00  0.04185  0.04183  0.00944  0.80968  -232.12782  -233.99202  4.99985   768
420.00  0.04185  0.04183  0.00920  0.80968  -232.54896  -234.43452  4.99985   768
421.00  0.04184  0.04183  0.00940  0.80968  -232.29109  -234.18581  4.99985   768
422.00  0.04185  0.04183  0.01000  0.80968  -231.40608  -233.36488  4.99985   768
423.00  0.04187  0.04183  0.01062  0.80968  -230.44630  -232.38985  4.99985   768
424.00  0.04186  0.04183  0.01104  0.80968  -229.73677  -231.66505  4.99985   768
425.00  0.04186  0.04183  0.01116  0.80968  -229.51704  -231.41023  4.99985   768
426.00  0.04186  0.04183  0.01093  0.80968  -229.86037  -231.72761  4.99985   768
427.00  0.04184  0.04183  0.01037  0.80968  -230.72096  -232.55769  4.99985   768
428.00  0.04185  0.04183  0.00971  0.80968  -231.62428  -233.45033  4.99985   768
429.00  0.04184  0.04183  0.00926  0.80968  -232.42689  -234.27278  4.99985   768
430.00  0.04185  0.04183  0.00926  0.80968  -232.49556  -234.38570  4.99985   768
431.00  0.04185  0.04183  0.00966  0.80968  -231.86690  -233.79518  4.99985   768
432.00  0.04185  0.04183  0.01042  0.80968  -230.73469  -232.69197  4.99985   768
433.00  0.04185  0.04183  0.01089  0.80968  -229.96565  -231.87410  4.99985   768
434.00  0.04185  0.04183  0.01115  0.80968  -229.52009  -231.39345  4.99985   768
435.00  0.04185  0.04183  0.01096  0.80968  -229.80849  -231.66811  4.99985   768
436.00  0.04186  0.04183  0.01062  0.80968  -230.29066  -232.12587  4.99985   768
437.00  0.04184  0.04183  0.01012  0.80968  -231.07649  -232.92848  4.99985   768
438.00  0.04186  0.04183  0.00957  0.80968  -231.92946  -233.76619  4.99985   768
439.00  0.04184  0.04183  0.00938  0.80968  -232.26668  -234.16597  4.99985   768
440.00  0.04184  0.04183  0.00957  0.80968  -232.01186  -233.92793  4.99985   768
441.00  0.04183  0.04183  0.01014  0.80968  -231.16499  -233.11922  4.99985   768
442.00  0.04184  0.04183  0.01073  0.80968  -230.26320  -232.21284  4.99985   768
443.00  0.04185  0.04183  0.01116  0.80968  -229.59029  -231.52925  4.99985   768
444.00  0.04184  0.04183  0.01120  0.80968  -229.45296  -231.33241  4.99985   768
445.00  0.04183  0.04183  0.01085  0.80968  -229.94887  -231.81917  4.99985   768
446.00  0.04183  0.04183  0.01025  0.80968  -230.90254  -232.70875  4.99985   768
447.00  0.04185  0.04183  0.00978  0.80968  -231.60139  -233.43965  4.99985   768
448.00  0.04185  0.04183  0.00945  0.80968  -232.12324  -233.98286  4.99985   768
449.00  0.04183  0.04183  0.00954  0.80968  -232.05458  -233.95387  4.99985   768
450.00  0.04184  0.04183  0.00990  0.80968  -231.49916  -233.40913  4.99985   768
451.00  0.04184  0.04183  0.01051  0.80968  -230.58058  -232.52107  4.99985   768
452.00  0.04184  0.04183  0.01104  0.80968  -229.78560  -231.68489  4.99985   768
453.00  0.04184  0.04183  0.01125  0.80968  -229.36751  -231.26832  4.99985   768
454.00  0.04184  0.04183  0.01103  0.80968  -229.67421  -231.50178  4.99985   768
455.00  0.04183  0.04183  0.01046  0.80968  -230.54854  -232.37459  4.99985   768
456.00  0.04184  0.04183  0.00979  0.80968  -231.58461  -233.41676  4.99985   768
457.00  0.04183  0.04183  0.00939  0.80968  -232.21175  -234.07594  4.99985   768
458.00  0.04184  0.04183  0.00923  0.80968  -232.49861  -234.39485  4.99985   768
459.00  0.04184  0.04183  0.00955  0.80968  -232.06679  -234.00423  4.99985   768
460.00  0.04184  0.04183  0.01016  0.80968  -231.17110  -233.12074  4.99985   768
461.00  0.04184  0.04183  0.01080  0.80968  -230.13502  -232.07857  4.99985   768
462.00  0.04184  0.04183  0.01119  0.80968  -229.46059  -231.37514  4.99985   768
463.00  0.04185  0.04183  0.01106  0.80968  -229.65590  -231.51704  4.99985   768
464.00  0.04184  0.04183  0.01074  0.80968  -230.14265  -231.98091  4.99985   768
465.00  0.04183  0.04183  0.01018  0.80968  -230.94069  -232.75911  4.99985   768
466.00  0.04185  0.04183  0.00961  0.80968  -231.87147  -233.69295  4.99985   768
467.00  0.04184  0.04183  0.00931  0.80968  -232.34755  -234.21480  4.99985   768
468.00  0.04184  0.04183  0.00944  0.80968  -232.21785  -234.12019  4.99985   768
469.00  0.04183  0.04183  0.00987  0.80968  -231.56935  -233.50832  4.99985   768
470.00  0.04183  0.04183  0.01057  0.80968  -230.53023  -232.48292  4.99985   768
471.00  0.04184  0.04183  0.01111  0.80968  -229.65895  -231.57350  4.99985   768
472.00  0.04184  0.04183  0.01120  0.80968  -229.46364  -231.34614  4.99985   768
473.00  0.04184  0.04183  0.01098  0.80968  -229.79475  -231.66811  4.99985   768
474.00  0.04183  0.04183  0.01044  0.80968  -230.56685  -232.39595  4.99985   768
475.00  0.04183  0.04183  0.00986  0.80968  -231.47627  -233.32826  4.99985   768
476.00  0.04184  0.04183  0.00949  0.80968  -232.10188  -233.96150  4.99985   768
477.00  0.04183  0.04183  0.00937  0.80968  -232.28499  -234.19038  4.99985   768
478.00  0.04184  0.04183  0.00970  0.80968  -231.80586  -233.75093  4.99985   768
479.00  0.04184  0.04183  0.01031  0.80968  -230.95595  -232.89186  4.99985   768
480.00  0.04185  0.04183  0.01095  0.80968  -229.93208  -231.87868  4.99985   768
481.00  0.04184  0.04183  0.01128  0.80968  -229.35530  -231.25917  4.99985   768
482.00  0.04184  0.04183  0.01127  0.80968  -229.30342  -231.15694  4.99985   768
483.00  0.04183  0.04183  0.01069  0.80968  -230.19148  -231.98854  4.99985   768
484.00  0.04184  0.04183  0.01010  0.80968  -231.09633  -232.92238  4.99985   768
485.00  0.04185  0.04183  0.00952  0.80968  -231.98744  -233.81654  4.99985   768
486.00  0.04183  0.04183  0.00923  0.80968  -232.45741  -234.33382  4.99985   768
487.00  0.04184  0.04183  0.00943  0.80968  -232.20106  -234.12324  4.99985   768
488.00  0.04183  0.04183  0.00996  0.80968  -231.41524  -233.36336  4.99985   768
489.00  0.04184  0.04183  0.01064  0.80968  -230.41731  -232.37764  4.99985   768
490.00  0.04184  0.04183  0.01101  0.80968  -229.76729  -231.69862  4.99985   768
491.00  0.04184  0.04183  0.01124  0.80968  -229.43922  -231.33089  4.99985   768
492.00  0.04183  0.04183  0.01105  0.80968  -229.68336  -231.55519  4.99985   768
493.00  0.04183  0.04183  0.01041  0.80968  -230.62636  -232.44020  4.99985   768
494.00  0.04184  0.04183  0.00979  0.80968  -231.56935  -233.40608  4.99985   768
495.00  0.04184  0.04183  0.00934  0.80968  -232.30940  -234.16139  4.99985   768
496.00  0.04184  0.04183  0.00929  0.80968  -232.39790  -234.30788  4.99985   768
497.00  0.04183  0.04183  0.00968  0.80968  -231.87453  -233.80586  4.99985   768
498.00  0.04185  0.04183  0.01041  0.80968  -230.74690  -232.68739  4.99985   768
499.00  0.04183  0.04183  0.01110  0.80968  -229.67726  -231.59791  4.99985   768
500.00  0.04184  0.04183  0.01137  0.80968  -229.21492  -231.10658  4.99985   768
501.00  0.04184  0.04183  0.01128  0.80968  -229.32326  -231.17372  4.99985   768
502.00  0.04184  0.04183  0.01085  0.80968  -229.96413  -231.79780  4.99985   768
503.00  0.04183  0.04183  0.01025  0.80968  -230.85982  -232.69502  4.99985   768
504.00  0.04185  0.04183  0.00968  0.80968  -231.76009  -233.58308  4.99985   768
505.00  0.04184  0.04183  0.00937  0.80968  -232.24837  -234.14003  4.99985   768
506.00  0.04184  0.04183  0.00961  0.80968  -231.95235  -233.88216  4.99985   768
507.00  0.04184  0.04183  0.01014  0.80968  -231.17262  -233.12074  4.99985   768
508.00  0.04183  0.04183  0.01083  0.80968  -230.13655  -232.11824  4.99985   768
509.00  0.04184  0.04183  0.01133  0.80968  -229.28816  -231.21644  4.99985   768
510.00  0.04183  0.04183  0.01146  0.80968  -229.11421  -231.02266  4.99985   768
511.00  0.04184  0.04183  0.01120  0.80968  -229.45448  -231.29579  4.99985   768
512.00  0.04186  0.04183  0.01066  0.80968  -230.27083  -232.09383  4.99985   768
513.00  0.04183  0.04183  0.01010  0.80968  -231.10853  -232.95442  4.99985   768
514.00  0.04183  0.04183  0.00958  0.80968  -231.90047  -233.74788  4.99985   768
515.00  0.04183  0.04183  0.00945  0.80968  -232.14613  -233.99812  4.99985   768
516.00  0.04184  0.04183  0.00976  0.80968  -231.72804  -233.64259  4.99985   768
517.00  0.04183  0.04183  0.01046  0.80968  -230.67976  -232.63246  4.99985   768
518.00  0.04182  0.04183  0.01109  0.80968  -229.68336  -231.59486  4.99985   768
519.00  0.04183  0.04183  0.01139  0.80968  -229.21950  -231.11726  4.99985   768
520.00  0.04183  0.04183  0.01125  0.80968  -229.35683  -231.21950  4.99985   768
521.00  0.04182  0.04183  0.01083  0.80968  -229.97175  -231.81001  4.99985   768
522.00  0.04183  0.04183  0.01023  0.80968  -230.91475  -232.73012  4.99985   768
523.00  0.04184  0.04183  0.00964  0.80968  -231.82417  -233.67769  4.99985   768
524.00  0.04185  0.04183  0.00937  0.80968  -232.31551  -234.20412  4.99985   768
525.00  0.04183  0.04183  0.00950  0.80968  -232.12477  -234.04542  4.99985   768
526.00  0.04183  0.04183  0.01003  0.80968  -231.36183  -233.32979  4.99985   768
527.00  0.04183  0.04183  0.01076  0.80968  -230.23573  -232.18996  4.99985   768
528.00  0.04183  0.04183  0.01123  0.80968  -229.42854  -231.34309  4.99985   768
529.00  0.04183  0.04183  0.01136  0.80968  -229.25917  -231.13252  4.99985   768
530.00  0.04183  0.04183  0.01103  0.80968  -229.70778  -231.56892  4.99985   768
531.00  0.04183  0.04183  0.01056  0.80968  -230.40205  -232.21590  4.99985   768
532.00  0.04183  0.04183  0.00991  0.80968  -231.38624  -233.21382  4.99985   768
533.00  0.04183  0.04183  0.00956  0.80968  -231.96760  -233.81654  4.99985   768
534.00  0.04183  0.04183  0.00957  0.80968  -231.97371  -233.86537  4.99985   768
535.00  0.04184  0.04183  0.00995  0.80968  -231.45033  -233.38472  4.99985   768
536.00  0.04183  0.04183  0.01062  0.80968  -230.39900  -232.33186  4.99985   768
537.00  0.04182  0.04183  0.01125  0.80968  -229.44990  -231.41023  4.99985   768
538.00  0.04182  0.04183  0.01156  0.80968  -228.91890  -230.81819  4.99985   768
539.00  0.04184  0.04183  0.01143  0.80968  -229.14473  -231.01045  4.99985   768
540.00  0.04183  0.04183  0.01095  0.80968  -229.79933  -231.64217  4.99985   768
541.00  0.04182  0.04183  0.01030  0.80968  -230.76674  -232.60347  4.99985   768
542.00  0.04183  0.04183  0.00983  0.80968  -231.54188  -233.40150  4.99985   768
543.00  0.04182  0.04183  0.00964  0.80968  -231.86537  -233.77229  4.99985   768
544.00  0.04183  0.04183  0.00979  0.80968  -231.66243  -233.58156  4.99985   768
545.00  0.04182  0.04183  0.01038  0.80968  -230.87050  -232.82930  4.99985   768
546.00  0.04181  0.04183  0.01101  0.80968  -229.78865  -231.73219  4.99985   768
547.00  0.04183  0.04183  0.01149  0.80968  -229.06843  -230.97230  4.99985   768
548.00  0.04183  0.04183  0.01149  0.80968  -229.01503  -230.86702  4.99985   768
549.00  0.04183  0.04183  0.01113  0.80968  -229.51399  -231.34767  4.99985   768
550.00  0.04183  0.04183  0.01054  0.80968  -230.39137  -232.18538  4.99985   768
551.00  0.04183  0.04183  0.00991  0.80968  -231.42287  -233.24892  4.99985   768
552.00  0.04181  0.04183  0.00950  0.80968  -232.01796  -233.86690  4.99985   768
553.00  0.04183  0.04183  0.00952  0.80968  -232.10799  -233.99354  4.99985   768
554.00  0.04182  0.04183  0.00984  0.80968  -231.60292  -233.52052  4.99985   768
555.00  0.04183  0.04183  0.01051  0.80968  -230.60347  -232.55464  4.99985   768
556.00  0.04182  0.04183  0.01105  0.80968  -229.75813  -231.70167  4.99985   768
557.00  0.04182  0.04183  0.01131  0.80968  -229.32478  -231.22102  4.99985   768
558.00  0.04182  0.04183  0.01117  0.80968  -229.50026  -231.37361  4.99985   768
559.00  0.04185  0.04183  0.01068  0.80968  -230.20521  -232.04652  4.99985   768
560.00  0.04182  0.04183  0.01016  0.80968  -231.04597  -232.89033  4.99985   768
561.00  0.04182  0.04183  0.00961  0.80968  -231.88826  -233.73262  4.99985   768
562.00  0.04181  0.04183  0.00947  0.80968  -232.18123  -234.06374  4.99985   768
563.00  0.04183  0.04183  0.00971  0.80968  -231.79060  -233.72041  4.99985   768
564.00  0.04183  0.04183  0.01026  0.80968  -230.94069  -232.89644  4.99985   768
565.00  0.04181  0.04183  0.01093  0.80968  -229.91835  -231.84816  4.99985   768
566.00  0.04182  0.04183  0.01145  0.80968  -229.14320  -231.04249  4.99985   768
567.00  0.04181  0.04183  0.01146  0.80968  -229.06691  -230.90517  4.99985   768
568.00  0.04183  0.04183  0.01111  0.80968  -229.54909  -231.39650  4.99985   768
569.00  0.04181  0.04183  0.01056  0.80968  -230.39290  -232.21437  4.99985   768
570.00  0.04182  0.04183  0.00995  0.80968  -231.34047  -233.16041  4.99985   768
571.00  0.04182  0.04183  0.00966  0.80968  -231.79213  -233.65785  4.99985   768
572.00  0.04182  0.04183  0.00973  0.80968  -231.76466  -233.67921  4.99985   768
573.00  0.04182  0.04183  0.01018  0.80968  -231.10548  -233.04903  4.99985   768
574.00  0.04182  0.04183  0.01086  0.80968  -230.07246  -232.02974  4.99985   768
575.00  0.04182  0.04183  0.01138  0.80968  -229.26070  -231.20119  4.99985   768
576.00  0.04182  0.04183  0.01164  0.80968  -228.81361  -230.72511  4.99985   768
577.00  0.04182  0.04183  0.01148  0.80968  -229.02724  -230.89143  4.99985   768
578.00  0.04182  0.04183  0.01097  0.80968  -229.73219  -231.57045  4.99985   768
579.00  0.04181  0.04183  0.01030  0.80968  -230.81404  -232.62788  4.99985   768
580.00  0.04181  0.04183  0.00978  0.80968  -231.64412  -233.47780  4.99985   768
581.00  0.04183  0.04183  0.00962  0.80968  -231.90504  -233.76924  4.99985   768
582.00  0.04181  0.04183  0.00991  0.80968  -231.51747  -233.43050  4.99985   768
583.00  0.04182  0.04183  0.01055  0.80968  -230.53175  -232.46919  4.99985   768
584.00  0.04181  0.04183  0.01101  0.80968  -229.82069  -231.73830  4.99985   768
585.00  0.04181  0.04183  0.01142  0.80968  -229.19203  -231.08369  4.99985   768
586.00  0.04182  0.04183  0.01140  0.80968  -229.10506  -230.97841  4.99985   768
587.00  0.04181  0.04183  0.01108  0.80968  -229.62691  -231.47737  4.99985   768
588.00  0.04181  0.04183  0.01046  0.80968  -230.51497  -232.32728  4.99985   768
589.00  0.04182  0.04183  0.00981  0.80968  -231.56782  -233.39082  4.99985   768
590.00  0.04182  0.04183  0.00942  0.80968  -232.21327  -234.08510  4.99985   768
591.00  0.04181  0.04183  0.00954  0.80968  -232.04390  -233.97676  4.99985   768
592.00  0.04181  0.04183  0.01005  0.80968  -231.30537  -233.26570  4.99985   768
593.00  0.04181  0.04183  0.01070  0.80968  -230.27540  -232.24946  4.99985   768
594.00  0.04182  0.04183  0.01113  0.80968  -229.62385  -231.53535  4.99985   768
595.00  0.04182  0.04183  0.01137  0.80968  -229.24696  -231.14931  4.99985   768
596.00  0.04182  0.04183  0.01115  0.80968  -229.47432  -231.31868  4.99985   768
597.00  0.04180  0.04183  0.01064  0.80968  -230.25862  -232.09230  4.99985   768
598.00  0.04181  0.04183  0.01003  0.80968  -231.20467  -233.02003  4.99985   768
599.00  0.04181  0.04183  0.00960  0.80968  -231.87910  -233.71431  4.99985   768
600.00  0.04183  0.04183  0.00953  0.80968  -232.03932  -233.90962  4.99985   768
601.00  0.04182  0.04183  0.00984  0.80968  -231.63496  -233.54951  4.99985   768
602.00  0.04181  0.04183  0.01042  0.80968  -230.70723  -232.65382  4.99985   768
603.00  0.04181  0.04183  0.01108  0.80968  -229.73372  -231.66505  4.99985   768
604.00  0.04180  0.04183  0.01145  0.80968  -229.15236  -231.06538  4.99985   768
605.00  0.04181  0.04183  0.01144  0.80968  -229.10811  -230.98146  4.99985   768
606.00  0.04181  0.04183  0.01101  0.80968  -229.70473  -231.55061  4.99985   768
607.00  0.04182  0.04183  0.01042  0.80968  -230.60042  -232.43715  4.99985   768
608.00  0.04180  0.04183  0.00990  0.80968  -231.43660  -233.30385  4.99985   768
609.00  0.04182  0.04183  0.00969  0.80968  -231.80586  -233.69600  4.99985   768
610.00  0.04181  0.04183  0.00973  0.80968  -231.74025  -233.65633  4.99985   768
611.00  0.04182  0.04183  0.01025  0.80968  -231.01088  -232.96510  4.99985   768
612.00  0.04183  0.04183  0.01093  0.80968  -229.92445  -231.88783  4.99985   768
613.00  0.04184  0.04183  0.01146  0.80968  -229.13100  -231.06081  4.99985   768
614.00  0.04182  0.04183  0.01152  0.80968  -228.93721  -230.78462  4.99985   768
615.00  0.04181  0.04183  0.01125  0.80968  -229.33089  -231.17219  4.99985   768
616.00  0.04180  0.04183  0.01072  0.80968  -230.13045  -231.94276  4.99985   768
617.00  0.04181  0.04183  0.00991  0.80968  -231.33894  -233.13295  4.99985   768
618.00  0.04182  0.04183  0.00946  0.80968  -232.13240  -233.98439  4.99985   768
619.00  0.04182  0.04183  0.00946  0.80968  -232.16292  -234.03780  4.99985   768
620.00  0.04182  0.04183  0.00981  0.80968  -231.64870  -233.59071  4.99985   768
621.00  0.04180  0.04183  0.01042  0.80968  -230.70875  -232.64772  4.99985   768
622.00  0.04180  0.04183  0.01101  0.80968  -229.81459  -231.75355  4.99985   768
623.00  0.04180  0.04183  0.01130  0.80968  -229.32631  -231.23018  4.99985   768
624.00  0.04181  0.04183  0.01132  0.80968  -229.26222  -231.15236  4.99985   768
625.00  0.04180  0.04183  0.01086  0.80968  -229.93361  -231.77339  4.99985   768
626.00  0.04180  0.04183  0.01021  0.80968  -230.92238  -232.76369  4.99985   768
627.00  0.04180  0.04183  0.00962  0.80968  -231.84401  -233.68989  4.99985   768
628.00  0.04181  0.04183  0.00934  0.80968  -232.30025  -234.19343  4.99985   768
629.00  0.04181  0.04183  0.00950  0.80968  -232.09883  -234.02254  4.99985   768
630.00  0.04181  0.04183  0.01002  0.80968  -231.31911  -233.25349  4.99985   768
631.00  0.04181  0.04183  0.01072  0.80968  -230.29066  -232.24946  4.99985   768
632.00  0.04180  0.04183  0.01126  0.80968  -229.38582  -231.28816  4.99985   768
633.00  0.04180  0.04183  0.01144  0.80968  -229.12947  -231.00587  4.99985   768
634.00  0.04180  0.04183  0.01125  0.80968  -229.37514  -231.22713  4.99985   768
635.00  0.04180  0.04183  0.01073  0.80968  -230.10603  -231.92293  4.99985   768
636.00  0.04180  0.04183  0.01008  0.80968  -231.14058  -232.96663  4.99985   768
637.00  0.04180  0.04183  0.00960  0.80968  -231.89589  -233.72499  4.99985   768
638.00  0.04180  0.04183  0.00952  0.80968  -232.06221  -233.95235  4.99985   768
639.00  0.04180  0.04183  0.00983  0.80968  -231.63191  -233.56325  4.99985   768
640.00  0.04181  0.04183  0.01060  0.80968  -230.48445  -232.45698  4.99985   768
641.00  0.04181  0.04183  0.01119  0.80968  -229.54756  -231.48042  4.99985   768
642.00  0.04181  0.04183  0.01159  0.80968  -228.90669  -230.83192  4.99985   768
643.00  0.04181  0.04183  0.01161  0.80968  -228.81972  -230.69917  4.99985   768
644.00  0.04180  0.04183  0.01118  0.80968  -229.44838  -231.29884  4.99985   768
645.00  0.04181  0.04183  0.01059  0.80968  -230.33949  -232.15791  4.99985   768
646.00  0.04180  0.04183  0.01001  0.80968  -231.23061  -233.06734  4.99985   768
647.00  0.04180  0.04183  0.00972  0.80968  -231.72041  -233.58613  4.99985   768
648.00  0.04181  0.04183  0.00980  0.80968  -231.64717  -233.54951  4.99985   768
649.00  0.04181  0.04183  0.01024  0.80968  -230.96358  -232.89186  4.99985   768
650.00  0.04181  0.04183  0.01090  0.80968  -229.97481  -231.90614  4.99985   768
651.00  0.04181  0.04183  0.01147  0.80968  -229.11879  -231.04402  4.99985   768
652.00  0.04181  0.04183  0.01164  0.80968  -228.75410  -230.63356  4.99985   768
653.00  0.04180  0.04183  0.01137  0.80968  -229.17677  -231.01961  4.99985   768
654.00  0.04182  0.04183  0.01075  0.80968  -230.07246  -231.91072  4.99985   768
655.00  0.04180  0.04183  0.01019  0.80968  -230.97731  -232.81099  4.99985   768
656.00  0.04181  0.04183  0.00964  0.80968  -231.81807  -233.68227  4.99985   768
657.00  0.04180  0.04183  0.00956  0.80968  -232.01186  -233.89131  4.99985   768
658.00  0.04181  0.04183  0.00987  0.80968  -231.59376  -233.53273  4.99985   768
659.00  0.04181  0.04183  0.01050  0.80968  -230.61873  -232.58363  4.99985   768
660.00  0.04179  0.04183  0.01111  0.80968  -229.68184  -231.62691  4.99985   768
661.00  0.04180  0.04183  0.01141  0.80968  -229.18898  -231.09590  4.99985   768
662.00  0.04183  0.04183  0.01137  0.80968  -229.23018  -231.11116  4.99985   768
663.00  0.04181  0.04183  0.01105  0.80968  -229.67116  -231.50636  4.99985   768
664.00  0.04180  0.04183  0.01051  0.80968  -230.44325  -232.26930  4.99985   768
665.00  0.04180  0.04183  0.00988  0.80968  -231.42592  -233.25197  4.99985   768
666.00  0.04181  0.04183  0.00961  0.80968  -231.91572  -233.79976  4.99985   768
667.00  0.04181  0.04183  0.00979  0.80968  -231.67464  -233.58461  4.99985   768
668.00  0.04181  0.04183  0.01034  0.80968  -230.80946  -232.73469  4.99985   768
669.00  0.04180  0.04183  0.01096  0.80968  -229.91072  -231.83595  4.99985   768
670.00  0.04181  0.04183  0.01148  0.80968  -229.06233  -231.00587  4.99985   768
671.00  0.04179  0.04183  0.01165  0.80968  -228.78310  -230.67018  4.99985   768
672.00  0.04180  0.04183  0.01135  0.80968  -229.22407  -231.07454  4.99985   768
673.00  0.04181  0.04183  0.01088  0.80968  -229.87868  -231.71846  4.99985   768
674.00  0.04180  0.04183  0.01035  0.80968  -230.71944  -232.57295  4.99985   768
675.00  0.04180  0.04183  0.00983  0.80968  -231.53426  -233.38930  4.99985   768
676.00  0.04179  0.04183  0.00985  0.80968  -231.58613  -233.49611  4.99985   768
677.00  0.04181  0.04183  0.01028  0.80968  -230.96968  -232.91475  4.99985   768
678.00  0.04180  0.04183  0.01082  0.80968  -230.16554  -232.10908  4.99985   768
679.00  0.04181  0.04183  0.01139  0.80968  -229.20119  -231.13557  4.99985   768
680.00  0.04181  0.04183  0.01159  0.80968  -228.89296  -230.77547  4.99985   768
681.00  0.04182  0.04183  0.01153  0.80968  -228.91127  -230.75410  4.99985   768
682.00  0.04179  0.04183  0.01117  0.80968  -229.45906  -231.28664  4.99985   768
683.00  0.04181  0.04183  0.01060  0.80968  -230.31966  -232.13808  4.99985   768
684.00  0.04181  0.04183  0.01001  0.80968  -231.23823  -233.04750  4.99985   768
685.00  0.04180  0.04183  0.00986  0.80968  -231.50526  -233.38472  4.99985   768
686.00  0.04181  0.04183  0.01008  0.80968  -231.24892  -233.16499  4.99985   768
687.00  0.04180  0.04183  0.01056  0.80968  -230.50429  -232.42494  4.99985   768
688.00  0.04180  0.04183  0.01114  0.80968  -229.65895  -231.59639  4.99985   768
689.00  0.04181  0.04183  0.01149  0.80968  -229.03944  -230.94484  4.99985   768
690.00  0.04180  0.04183  0.01149  0.80968  -228.99367  -230.87923  4.99985   768
691.00  0.04180  0.04183  0.01122  0.80968  -229.39192  -231.25764  4.99985   768
692.00  0.04180  0.04183  0.01075  0.80968  -230.09840  -231.93971  4.99985   768
693.00  0.04181  0.04183  0.01017  0.80968  -231.02309  -232.86745  4.99985   768
694.00  0.04179  0.04183  0.00980  0.80968  -231.58461  -233.45644  4.99985   768
695.00  0.04179  0.04183  0.00991  0.80968  -231.49153  -233.38624  4.99985   768
696.00  0.04181  0.04183  0.01022  0.80968  -231.05818  -232.99409  4.99985   768
697.00  0.04179  0.04183  0.01084  0.80968  -230.11519  -232.04805  4.99985   768
698.00  0.04181  0.04183  0.01133  0.80968  -229.33852  -231.25459  4.99985   768
699.00  0.04181  0.04183  0.01153  0.80968  -228.94789  -230.80293  4.99985   768
700.00  0.04180  0.04183  0.01136  0.80968  -229.17067  -231.02113  4.99985   768
701.00  0.04180  0.04183  0.01095  0.80968  -229.79170  -231.62385  4.99985   768
702.00  0.04179  0.04183  0.01038  0.80968  -230.65993  -232.47072  4.99985   768
703.00  0.04181  0.04183  0.00991  0.80968  -231.42897  -233.29774  4.99985   768
704.00  0.04180  0.04183  0.00997  0.80968  -231.34505  -233.24434  4.99985   768
705.00  0.04179  0.04183  0.01017  0.80968  -231.08870  -233.00020  4.99985   768
706.00  0.04181  0.04183  0.01076  0.80968  -230.23268  -232.18385  4.99985   768
707.00  0.04180  0.04183  0.01135  0.80968  -229.30952  -231.23170  4.99985   768
708.00  0.04180  0.04183  0.01174  0.80968  -228.69002  -230.60609  4.99985   768
709.00  0.04179  0.04183  0.01187  0.80968  -228.45961  -230.36195  4.99985   768
710.00  0.04180  0.04183  0.01174  0.80968  -228.61220  -230.48555  4.99985   768
711.00  0.04178  0.04183  0.01122  0.80968  -229.38582  -231.20576  4.99985   768
712.00  0.04178  0.04183  0.01073  0.80968  -230.15028  -232.01753  4.99985   768
713.00  0.04179  0.04183  0.01050  0.80968  -230.53938  -232.40205  4.99985   768
714.00  0.04179  0.04183  0.01065  0.80968  -230.31203  -232.21590  4.99985   768
715.00  0.04179  0.04183  0.01123  0.80968  -229.47127  -231.42549  4.99985   768
716.00  0.04181  0.04183  0.01206  0.80968  -228.20326  -230.15443  4.99985   768
717.00  0.04180  0.04183  0.01254  0.80968  -227.46779  -229.37776  4.99985   768
718.00  0.04180  0.04183  0.01267  0.80968  -227.21754  -229.11378  4.99985   768
719.00  0.04179  0.04183  0.01248  0.80968  -227.46168  -229.30299  4.99985   768
720.00  0.04179  0.04183  0.01191  0.80968  -228.27956  -230.09035  4.99985   768
721.00  0.04181  0.04183  0.01115  0.80968  -229.50026  -231.34157  4.99985   768
722.00  0.04179  0.04183  0.01076  0.80968  -230.12587  -231.98854  4.99985   768
723.00  0.04180  0.04183  0.01071  0.80968  -230.21132  -232.10756  4.99985   768
724.00  0.04179  0.04183  0.01099  0.80968  -229.82832  -231.76576  4.99985   768
725.00  0.04180  0.04183  0.01142  0.80968  -229.18440  -231.13252  4.99985   768
726.00  0.04180  0.04183  0.01205  0.80968  -228.22005  -230.17122  4.99985   768
727.00  0.04181  0.04183  0.01237  0.80968  -227.67836  -229.58833  4.99985   768
728.00  0.04180  0.04183  0.01222  0.80968  -227.84926  -229.71193  4.99985   768
729.00  0.04180  0.04183  0.01174  0.80968  -228.59541  -230.43825  4.99985   768
730.00  0.04180  0.04183  0.01096  0.80968  -229.74745  -231.53383  4.99985   768
731.00  0.04180  0.04183  0.01031  0.80968  -230.78200  -232.61110  4.99985   768
732.00  0.04180  0.04183  0.01012  0.80968  -231.07954  -232.94221  4.99985   768
733.00  0.04181  0.04183  0.01021  0.80968  -231.02156  -232.91322  4.99985   768
734.00  0.04181  0.04183  0.01058  0.80968  -230.46767  -232.37916  4.99985   768
735.00  0.04181  0.04183  0.01142  0.80968  -229.21797  -231.19050  4.99985   768
736.00  0.04181  0.04183  0.01219  0.80968  -228.02931  -229.95607  4.99985   768
737.00  0.04180  0.04183  0.01245  0.80968  -227.54103  -229.43422  4.99985   768
738.00  0.04180  0.04183  0.01218  0.80968  -227.94234  -229.78364  4.99985   768
739.00  0.04180  0.04183  0.01165  0.80968  -228.72511  -230.57252  4.99985   768
740.00  0.04180  0.04183  0.01131  0.80968  -229.26985  -231.15541  4.99985   768
741.00  0.04179  0.04183  0.01104  0.80968  -229.70473  -231.57655  4.99985   768
742.00  0.04180  0.04183  0.01123  0.80968  -229.48195  -231.42091  4.99985   768
743.00  0.04179  0.04183  0.01171  0.80968  -228.74647  -230.69002  4.99985   768
744.00  0.04180  0.04183  0.01242  0.80968  -227.70430  -229.67836  4.99985   768
745.00  0.04180  0.04183  0.01348  0.80968  -226.08076  -228.06856  4.99985   768
746.00  0.04179  0.04183  0.01437  0.80968  -224.73036  -226.68611  4.99985   768
747.00  0.04180  0.04183  0.01474  0.80968  -224.07576  -225.95216  4.99985   768
748.00  0.04180  0.04183  0.01440  0.80968  -224.50453  -226.34279  4.99985   768
749.00  0.04180  0.04183  0.01392  0.80968  -225.25679  -227.11030  4.99985   768
750.00  0.04180  0.04183  0.01362  0.80968  -225.72981  -227.56807  4.99985   768
751.00  0.04180  0.04183  0.01361  0.80968  -225.77559  -227.65504  4.99985   768
752.00  0.04180  0.04183  0.01383  0.80968  -225.43379  -227.34071  4.99985   768
753.00  0.04179  0.04183  0.01439  0.80968  -224.67543  -226.64339  4.99985   768
754.00  0.04180  0.04183  0.01540  0.80968  -223.09004  -225.05342  4.99985   768
755.00  0.04180  0.04183  0.01623  0.80968  -221.80983  -223.78541  4.99985   768
756.00  0.04180  0.04183  0.01661  0.80968  -221.22847  -223.15370  4.99985   768
757.00  0.04180  0.04183  0.01645  0.80968  -221.35817  -223.21474  4.99985   768
758.00  0.04179  0.04183  0.01595  0.80968  -222.12263  -223.95936  4.99985   768
759.00  0.04178  0.04183  0.01543  0.80968  -222.96492  -224.80165  4.99985   768
760.00  0.04179  0.04183  0.01513  0.80968  -223.41048  -225.29451  4.99985   768
761.00  0.04178  0.04183  0.01511  0.80968  -223.47761  -225.36928  4.99985   768
762.00  0.04178  0.04183  0.01527  0.80968  -223.23653  -225.16328  4.99985   768
763.00  0.04179  0.04183  0.01588  0.80968  -222.28743  -224.22944  4.99985   768
764.00  0.04179  0.04183  0.01682  0.80968  -220.94313  -222.92482  4.99985   768
765.00  0.04178  0.04183  0.01753  0.80968  -219.82313  -221.73311  4.99985   768
766.00  0.04180  0.04183  0.01765  0.80968  -219.54390  -221.41572  4.99985   768
767.00  0.04179  0.04183  0.01737  0.80968  -219.93910  -221.77888  4.99985   768
768.00  0.04178  0.04183  0.01703  0.80968  -220.48994  -222.32515  4.99985   768
769.00  0.04180  0.04183  0.01680  0.80968  -220.84547  -222.71425  4.99985   768
770.00  0.04178  0.04183  0.01721  0.80968  -220.31294  -222.25343  4.99985   768
771.00  0.04178  0.04183  0.01791  0.80968  -219.23262  -221.19600  4.99985   768
772.00  0.04179  0.04183  0.01875  0.80968  -217.99055  -219.95851  4.99985   768
773.00  0.04178  0.04183  0.01992  0.80968  -216.20985  -218.21748  4.99985   768
774.00  0.04178  0.04183  0.02120  0.80968  -214.24147  -216.24910  4.99985   768
775.00  0.04180  0.04183  0.02218  0.80968  -212.72169  -214.71101  4.99985   768
776.00  0.04178  0.04183  0.02279  0.80968  -211.68257  -213.59712  4.99985   768
777.00  0.04179  0.04183  0.02294  0.80968  -211.47658  -213.36671  4.99985   768
778.00  0.04177  0.04183  0.02290  0.80968  -211.47658  -213.35603  4.99985   768
779.00  0.04178  0.04183  0.02309  0.80968  -211.26600  -213.20497  4.99985   768
780.00  0.04179  0.04183  0.02390  0.80968  -210.05293  -212.02394  4.99985   768
781.00  0.04178  0.04183  0.02472  0.80968  -208.76204  -210.70863  4.99985   768
782.00  0.04179  0.04183  0.02549  0.80968  -207.61458  -209.56575  4.99985   768
783.00  0.04180  0.04183  0.02644  0.80968  -206.15126  -208.13142  4.99985   768
784.00  0.04178  0.04183  0.02726  0.80968  -204.81459  -206.74898  4.99985   768
785.00  0.04178  0.04183  0.02753  0.80968  -204.38276  -206.26375  4.99985   768
786.00  0.04178  0.04183  0.02742  0.80968  -204.52315  -206.38734  4.99985   768
787.00  0.04179  0.04183  0.02707  0.80968  -205.01906  -206.85884  4.99985   768
788.00  0.04178  0.04183  0.02664  0.80968  -205.69960  -207.55159  4.99985   768
789.00  0.04178  0.04183  0.02645  0.80968  -206.04902  -207.92390  4.99985   768
790.00  0.04180  0.04183  0.02665  0.80968  -205.77589  -207.71638  4.99985   768
791.00  0.04178  0.04183  0.02727  0.80968  -204.88173  -206.82832  4.99985   768
792.00  0.04178  0.04183  0.02810  0.80968  -203.60914  -205.59846  4.99985   768
793.00  0.04178  0.04183  0.02882  0.80968  -202.48304  -204.40217  4.99985   768
794.00  0.04178  0.04183  0.02888  0.80968  -202.29689  -204.18245  4.99985   768
795.00  0.04178  0.04183  0.02853  0.80968  -202.84620  -204.69667  4.99985   768
796.00  0.04179  0.04183  0.02811  0.80968  -203.43977  -205.28718  4.99985   768
797.00  0.04178  0.04183  0.02766  0.80968  -204.13252  -205.96010  4.99985   768
798.00  0.04179  0.04183  0.02734  0.80968  -204.66353  -206.50636  4.99985   768
799.00  0.04180  0.04183  0.02718  0.80968  -204.91835  -206.77186  4.99985   768
800.00  0.04178  0.04183  0.02726  0.80968  -204.82985  -206.72914  4.99985   768
801.00  0.04179  0.04183  0.02782  0.80968  -203.99061  -205.93721  4.99985   768
802.00  0.04179  0.04183  0.02862  0.80968  -202.78212  -204.72413  4.99985   768
803.00  0.04180  0.04183  0.02897  0.80968  -202.22822  -204.13209  4.99985   768
804.00  0.04179  0.04183  0.02896  0.80968  -202.19313  -204.03596  4.99985   768
805.00  0.04179  0.04183  0.02859  0.80968  -202.71040  -204.56392  4.99985   768
806.00  0.04178  0.04183  0.02806  0.80968  -203.54353  -205.35737  4.99985   768
807.00  0.04179  0.04183  0.02748  0.80968  -204.45295  -206.29731  4.99985   768
808.00  0.04177  0.04183  0.02731  0.80968  -204.71846  -206.63301  4.99985   768
809.00  0.04178  0.04183  0.02781  0.80968  -203.99672  -205.94941  4.99985   768
810.00  0.04179  0.04183  0.02861  0.80968  -202.80501  -204.78059  4.99985   768
811.00  0.04178  0.04183  0.02900  0.80968  -202.20381  -204.12141  4.99985   768
812.00  0.04180  0.04183  0.02966  0.80968  -201.16469  -203.12959  4.99985   768
813.00  0.04178  0.04183  0.03037  0.80968  -200.08589  -202.03248  4.99985   768
814.00  0.04178  0.04183  0.03062  0.80968  -199.66475  -201.53505  4.99985   768
815.00  0.04179  0.04183  0.03071  0.80968  -199.54268  -201.43129  4.99985   768
816.00  0.04179  0.04183  0.03099  0.80968  -199.12306  -201.04371  4.99985   768
817.00  0.04179  0.04183  0.03146  0.80968  -198.39369  -200.29756  4.99985   768
818.00  0.04181  0.04183  0.03200  0.80968  -197.57734  -199.51021  4.99985   768
819.00  0.04178  0.04183  0.03280  0.80968  -196.39021  -198.35817  4.99985   768
820.00  0.04178  0.04183  0.03398  0.80968  -194.58357  -196.59578  4.99985   768
821.00  0.04180  0.04183  0.03514  0.80968  -192.82423  -194.80287  4.99985   768
822.00  0.04181  0.04183  0.03572  0.80968  -191.85377  -193.76985  4.99985   768
823.00  0.04179  0.04183  0.03576  0.80968  -191.73780  -193.59895  4.99985   768
824.00  0.04179  0.04183  0.03513  0.80968  -192.64265  -194.44581  4.99985   768
825.00  0.04179  0.04183  0.03403  0.80968  -194.28297  -196.06324  4.99985   768
826.00  0.04180  0.04183  0.03237  0.80968  -196.76252  -198.46498  4.99985   768
827.00  0.04180  0.04183  0.02984  0.80968  -200.57264  -202.21101  4.99985   768
828.00  0.04181  0.04183  0.02768  0.80968  -203.94636  -205.68086  4.99985   768
829.00  0.04180  0.04183  0.02656  0.80968  -205.80488  -207.58363  4.99985   768
830.00  0.04181  0.04183  0.02520  0.80968  -207.79921  -209.53981  4.99985   768
831.00  0.04180  0.04183  0.02433  0.80968  -209.23353  -211.04738  4.99985   768
832.00  0.04181  0.04183  0.02353  0.80968  -210.44050  -212.22688  4.99985   768
833.00  0.04182  0.04183  0.02251  0.80968  -211.99232  -213.76344  4.99985   768
834.00  0.04182  0.04183  0.02144  0.80968  -213.57771  -215.33204  4.99985   768
835.00  0.04182  0.04183  0.02031  0.80968  -215.40571  -217.18599  4.99985   768
836.00  0.04182  0.04183  0.01965  0.80968  -216.44026  -218.27394  4.99985   768
837.00  0.04181  0.04183  0.01950  0.80968  -216.73170  -218.60963  4.99985   768
838.00  0.04182  0.04183  0.01982  0.80968  -216.30751  -218.24495  4.99985   768
839.00  0.04183  0.04183  0.02043  0.80968  -215.34468  -217.30043  4.99985   768
840.00  0.04182  0.04183  0.02086  0.80968  -214.67024  -216.58632  4.99985   768
841.00  0.04183  0.04183  0.02109  0.80968  -214.30861  -216.20942  4.99985   768
842.00  0.04182  0.04183  0.02071  0.80968  -214.82435  -216.67177  4.99985   768
843.00  0.04183  0.04183  0.02019  0.80968  -215.60255  -217.44539  4.99985   768
844.00  0.04183  0.04183  0.01932  0.80968  -216.90870  -218.70119  4.99985   768
845.00  0.04182  0.04183  0.01870  0.80968  -217.92036  -219.76625  4.99985   768
846.00  0.04182  0.04183  0.01871  0.80968  -217.93562  -219.82881  4.99985   768
847.00  0.04184  0.04183  0.01897  0.80968  -217.55415  -219.44887  4.99985   768
848.00  0.04182  0.04183  0.01947  0.80968  -216.83699  -218.76069  4.99985   768
849.00  0.04183  0.04183  0.01992  0.80968  -216.11983  -218.03895  4.99985   768
850.00  0.04182  0.04183  0.02017  0.80968  -215.70936  -217.60408  2.32525   768
851.00  0.04183  0.04183  0.02023  0.80968  -215.59492  -217.46828  1.43372   768
852.00  0.04183  0.04183  0.02000  0.80968  -215.92909  -217.76887  1.43372   768
853.00  0.04183  0.04183  0.01945  0.80968  -216.71950  -218.52876  1.43372   768
854.00  0.04183  0.04183  0.01872  0.80968  -217.81660  -219.63960  1.43372   768
855.00  0.04184  0.04183  0.01815  0.80968  -218.77333  -220.62379  1.43372   768
856.00  0.04183  0.04183  0.01814  0.80968  -218.84657  -220.74891  1.43372   768
857.00  0.04183  0.04183  0.01864  0.80968  -218.12636  -220.09736  1.43372   768
858.00  0.04182  0.04183  0.01935  0.80968  -217.02315  -218.97737  1.43372   768
859.00  0.04182  0.04183  0.01980  0.80968  -216.29988  -218.21901  1.43372   768
860.00  0.04182  0.04183  0.01974  0.80968  -216.36244  -218.23884  1.43372   768
861.00  0.04182  0.04183  0.01951  0.80968  -216.67830  -218.53944  1.45683   768
862.00  0.04183  0.04183  0.01906  0.80968  -217.32680  -219.16810  1.46927   768
863.00  0.04182  0.04183  0.01878  0.80968  -217.77540  -219.64418  1.46927   768
864.00  0.04183  0.04183  0.01832  0.80968  -218.48799  -220.30794  1.46927   768
865.00  0.04183  0.04183  0.01819  0.80968  -218.74129  -220.60396  1.46927   768
866.00  0.04182  0.04183  0.01835  0.80968  -218.52461  -220.43458  1.46927   768
867.00  0.04183  0.04183  0.01877  0.80968  -217.88069  -219.79524  1.46927   768
868.00  0.04182  0.04183  0.01927  0.80968  -217.10249  -219.01399  1.46927   768
869.00  0.04182  0.04183  0.01967  0.80968  -216.49061  -218.41279  1.46927   768
870.00  0.04182  0.04183  0.01954  0.80968  -216.62184  -218.46162  1.46927   768
871.00  0.04181  0.04183  0.01909  0.80968  -217.28712  -219.11165  1.46927   768
872.00  0.04182  0.04183  0.01857  0.80968  -218.12330  -219.96766  1.39301   768
873.00  0.04182  0.04183  0.01811  0.80968  -218.83284  -220.68025  1.34216   768
874.00  0.04180  0.04183  0.01786  0.80968  -219.24177  -221.12123  1.34216   768
875.00  0.04181  0.04183  0.01800  0.80968  -219.04951  -220.96254  1.34216   768
876.00  0.04178  0.04183  0.01836  0.80968  -218.53224  -220.47426  1.34216   768
877.00  0.04179  0.04183  0.01894  0.80968  -217.67317  -219.61976  1.34216   768
878.00  0.04179  0.04183  0.01940  0.80968  -216.92091  -218.84920  1.34216   768
879.00  0.04178  0.04183  0.01949  0.80968  -216.71034  -218.58674  1.34216   768
880.00  0.04179  0.04183  0.01907  0.80968  -217.36037  -219.19252  1.34216   768
881.00  0.04178  0.04183  0.01835  0.80968  -218.41475  -220.22249  1.34216   768
882.00  0.04177  0.04183  0.01761  0.80968  -219.55000  -221.35011  1.34216   768
883.00  0.04178  0.04183  0.01736  0.80968  -219.97420  -221.83687  1.33949   768
884.00  0.04179  0.04183  0.01743  0.80968  -219.93147  -221.82466  1.33682   768
885.00  0.04178  0.04183  0.01766  0.80968  -219.57899  -221.46608  1.33682   768
886.00  0.04177  0.04183  0.01815  0.80968  -218.86183  -220.80232  1.33682   768
887.00  0.04177  0.04183  0.01878  0.80968  -217.87916  -219.81660  1.33682   768
888.00  0.04177  0.04183  0.01912  0.80968  -217.30696  -219.22151  1.33682   768
889.00  0.04177  0.04183  0.01923  0.80968  -217.12233  -219.02009  1.33682   768
890.00  0.04177  0.04183  0.01872  0.80968  -217.84102  -219.66401  1.33682   768
891.00  0.04178  0.04183  0.01793  0.80968  -219.01900  -220.83589  1.33682   768
892.00  0.04178  0.04183  0.01721  0.80968  -220.19392  -222.03218  1.33682   768
893.00  0.04177  0.04183  0.01702  0.80968  -220.53114  -222.42891  1.33682   768
894.00  0.04178  0.04183  0.01729  0.80968  -220.17103  -222.09932  1.33909   768
895.00  0.04176  0.04183  0.01784  0.80968  -219.34706  -221.27992  1.34186   768
896.00  0.04179  0.04183  0.01845  0.80968  -218.41017  -220.33693  1.34186   768
897.00  0.04177  0.04183  0.01880  0.80968  -217.83491  -219.75557  1.34186   768
898.00  0.04177  0.04183  0.01882  0.80968  -217.71742  -219.59077  1.34186   768
899.00  0.04178  0.04183  0.01879  0.80968  -217.80745  -219.68080  1.34186   768
900.00  0.04179  0.04183  0.01846  0.80968  -218.26369  -220.09279  1.34186   768
901.00  0.04177  0.04183  0.01781  0.80968  -219.23720  -221.04799  1.34186   768
902.00  0.04178  0.04183  0.01704  0.80968  -220.41975  -222.22749  1.34186   768
903.00  0.04178  0.04183  0.01703  0.80968  -220.53114  -222.43959  1.34186   768
904.00  0.04179  0.04183  0.01710  0.80968  -220.42128  -222.31447  1.34186   768
905.00  0.04178  0.04183  0.01817  0.80968  -218.86183  -220.89540  1.36608   768
906.00  0.04178  0.04183  0.01881  0.80968  -217.79219  -219.68690  1.43875   768
907.00  0.04178  0.04183  0.01878  0.80968  -217.86238  -219.76320  1.43875   768
908.00  0.04177  0.04183  0.01864  0.80968  -218.01497  -219.87459  1.43875   768
909.00  0.04178  0.04183  0.01850  0.80968  -218.27742  -220.16603  1.43875   768
910.00  0.04178  0.04183  0.01798  0.80968  -219.02968  -220.87099  1.43875   768
911.00  0.04177  0.04183  0.01755  0.80968  -219.68580  -221.52101  1.43875   768
912.00  0.04177  0.04183  0.01725  0.80968  -220.14357  -221.99403  1.43875   768
913.00  0.04178  0.04183  0.01718  0.80968  -220.29158  -222.18934  1.43875   768
914.00  0.04178  0.04183  0.01765  0.80968  -219.61561  -221.55610  1.43875   768
915.00  0.04178  0.04183  0.01824  0.80968  -218.71840  -220.62684  1.43875   768
916.00  0.04177  0.04183  0.01855  0.80968  -218.19655  -220.08974  1.44443   768
917.00  0.04178  0.04183  0.01853  0.80968  -218.17976  -220.03480  1.47659   768
918.00  0.04178  0.04183  0.01840  0.80968  -218.38728  -220.23927  1.47659   768
919.00  0.04177  0.04183  0.01804  0.80968  -218.90455  -220.76723  1.47659   768
920.00  0.04177  0.04183  0.01759  0.80968  -219.59883  -221.41725  1.47659   768
921.00  0.04178  0.04183  0.01709  0.80968  -220.36635  -222.23207  1.47659   768
922.00  0.04177  0.04183  0.01704  0.80968  -220.53877  -222.43501  1.47659   768
923.00  0.04178  0.04183  0.01738  0.80968  -220.05964  -221.98793  1.47659   768
924.00  0.04177  0.04183  0.01802  0.80968  -219.06172  -221.03883  1.47659   768
925.00  0.04178  0.04183  0.01863  0.80968  -218.10499  -220.04243  1.47659   768
926.00  0.04178  0.04183  0.01872  0.80968  -217.90816  -219.79524  1.47659   768
927.00  0.04178  0.04183  0.01833  0.80968  -218.44984  -220.30031  1.47618   768
928.00  0.04179  0.04183  0.01785  0.80968  -219.19905  -221.04646  1.47247   768
929.00  0.04177  0.04183  0.01731  0.80968  -220.03065  -221.86891  1.47247   768
930.00  0.04178  0.04183  0.01694  0.80968  -220.61812  -222.46400  1.47247   768
931.00  0.04178  0.04183  0.01674  0.80968  -220.96144  -222.83479  1.47247   768
932.00  0.04177  0.04183  0.01698  0.80968  -220.59981  -222.50673  1.47247   768
933.00  0.04179  0.04183  0.01743  0.80968  -219.97877  -221.90858  1.47247   768
934.00  0.04178  0.04183  0.01813  0.80968  -218.90608  -220.83436  1.47247   768
935.00  0.04178  0.04183  0.01857  0.80968  -218.15840  -220.05006  1.47247   768
936.00  0.04177  0.04183  0.01866  0.80968  -217.97987  -219.84865  1.47247   768
937.00  0.04178  0.04183  0.01825  0.80968  -218.60090  -220.44374  1.47247   768
938.00  0.04180  0.04183  0.01757  0.80968  -219.62019  -221.44014  1.46600   768
939.00  0.04178  0.04183  0.01702  0.80968  -220.49452  -222.35109  1.34308   768
940.00  0.04178  0.04183  0.01661  0.80968  -221.11403  -222.97670  1.34308   768
941.00  0.04177  0.04183  0.01677  0.80968  -220.95839  -222.88057  1.34308   768
942.00  0.04177  0.04183  0.01708  0.80968  -220.48079  -222.42586  1.34308   768
943.00  0.04177  0.04183  0.01773  0.80968  -219.51796  -221.48286  1.34308   768
944.00  0.04178  0.04183  0.01827  0.80968  -218.64058  -220.56886  1.34308   768
945.00  0.04177  0.04183  0.01862  0.80968  -218.08821  -220.01344  1.34308   768
946.00  0.04176  0.04183  0.01843  0.80968  -218.32014  -220.15840  1.34308   768
947.00  0.04177  0.04183  0.01792  0.80968  -219.08461  -220.89693  1.34308   768
948.00  0.04178  0.04183  0.01727  0.80968  -220.02913  -221.85213  1.34308   768
949.00  0.04178  0.04183  0.01685  0.80968  -220.75392  -222.60896  1.34308   768
950.00  0.04177  0.04183  0.01665  0.80968  -221.10945  -222.95534  1.33635   768
951.00  0.04178  0.04183  0.01700  0.80968  -220.59828  -222.50520  1.33560   768
952.00  0.04178  0.04183  0.01741  0.80968  -219.96657  -221.88722  1.33560   768
953.00  0.04180  0.04183  0.01800  0.80968  -219.09834  -221.06935  1.33560   768
954.00  0.04177  0.04183  0.01845  0.80968  -218.35982  -220.25300  1.33560   768
955.00  0.04178  0.04183  0.01846  0.80968  -218.30946  -220.19655  1.33560   768
956.00  0.04177  0.04183  0.01808  0.80968  -218.84962  -220.69093  1.33560   768
957.00  0.04176  0.04183  0.01741  0.80968  -219.84450  -221.66292  1.33560   768
958.00  0.04177  0.04183  0.01676  0.80968  -220.89277  -222.73866  1.33560   768
959.00  0.04178  0.04183  0.01642  0.80968  -221.42988  -223.30476  1.33560   768
960.00  0.04178  0.04183  0.01661  0.80968  -221.21779  -223.14760  1.33560   768
961.00  0.04176  0.04183  0.01714  0.80968  -220.38618  -222.31904  1.40942   768
962.00  0.04177  0.04183  0.01776  0.80968  -219.48439  -221.43556  1.43402   768
963.00  0.04176  0.04183  0.01825  0.80968  -218.70924  -220.60853  1.43402   768
964.00  0.04177  0.04183  0.01850  0.80968  -218.27131  -220.16603  1.43402   768
965.00  0.04178  0.04183  0.01833  0.80968  -218.46815  -220.30641  1.43402   768
966.00  0.04178  0.04183  0.01780  0.80968  -219.24483  -221.08461  1.43402   768
967.00  0.04178  0.04183  0.01711  0.80968  -220.30531  -222.10084  1.43402   768
968.00  0.04177  0.04183  0.01653  0.80968  -221.24525  -223.07741  1.43402   768
969.00  0.04177  0.04183  0.01651  0.80968  -221.33223  -223.21779  1.43402   768
970.00  0.04178  0.04183  0.01675  0.80968  -221.00569  -222.91719  1.43402   768
971.00  0.04178  0.04183  0.01725  0.80968  -220.26106  -222.18782  1.43402   768
972.00  0.04177  0.04183  0.01785  0.80968  -219.31959  -221.26619  1.36887   768
973.00  0.04176  0.04183  0.01820  0.80968  -218.77791  -220.69246  1.34094   768
974.00  0.04177  0.04183  0.01831  0.80968  -218.53071  -220.42085  1.34094   768
975.00  0.04177  0.04183  0.01808  0.80968  -218.87251  -220.72145  1.34094   768
976.00  0.04177  0.04183  0.01758  0.80968  -219.59120  -221.43098  1.34094   768
977.00  0.04177  0.04183  0.01688  0.80968  -220.68220  -222.51741  1.34094   768
978.00  0.04178  0.04183  0.01661  0.80968  -221.16133  -223.02247  1.34094   768
979.00  0.04175  0.04183  0.01675  0.80968  -220.95686  -222.85158  1.34094   768
980.00  0.04177  0.04183  0.01710  0.80968  -220.44874  -222.37550  1.34094   768
981.00  0.04176  0.04183  0.01764  0.80968  -219.68123  -221.60341  1.34094   768
982.00  0.04177  0.04183  0.01820  0.80968  -218.74281  -220.67110  1.34094   768
983.00  0.04176  0.04183  0.01823  0.80968  -218.66804  -220.52766  1.42023   768
984.00  0.04177  0.04183  0.01812  0.80968  -218.80232  -220.65431  1.47308   768
985.00  0.04176  0.04183  0.01759  0.80968  -219.58967  -221.40657  1.47308   768
986.00  0.04178  0.04183  0.01708  0.80968  -220.41670  -222.23817  1.47308   768
987.00  0.04176  0.04183  0.01674  0.80968  -220.93855  -222.80275  1.47308   768
988.00  0.04177  0.04183  0.01674  0.80968  -221.01332  -222.91261  1.47308   768
989.00  0.04176  0.04183  0.01698  0.80968  -220.64558  -222.55861  1.47308   768
990.00  0.04177  0.04183  0.01751  0.80968  -219.84450  -221.80635  1.47308   768
991.00  0.04177  0.04183  0.01811  0.80968  -218.90150  -220.83742  1.47308   768
992.00  0.04178  0.04183  0.01840  0.80968  -218.43458  -220.34303  1.47308   768
993.00  0.04177  0.04183  0.01833  0.80968  -218.51851  -220.38270  1.47308   768
994.00  0.04177  0.04183  0.01791  0.80968  -219.09682  -220.94575  1.41177   768
995.00  0.04178  0.04183  0.01719  0.80968  -220.20766  -222.01692  1.33682   768
996.00  0.04177  0.04183  0.01671  0.80968  -220.97365  -222.81648  1.33682   768
997.00  0.04177  0.04183  0.01654  0.80968  -221.28340  -223.13234  1.33682   768
998.00  0.04177  0.04183  0.01663  0.80968  -221.09572  -222.99348  1.33682   768
999.00  0.04178  0.04183  0.01698  0.80968  -220.62727  -222.55250  1.33682   768
1000.00  0.04177  0.04183  0.01771  0.80968  -219.51338  -221.46760  1.33682   768
1001.00  0.04177  0.04183  0.01833  0.80968  -218.53987  -220.45595  1.33682   768
1002.00  0.04177  0.04183  0.01852  0.80968  -218.21181  -220.08516  1.33682   768
1003.00  0.04178  0.04183  0.01830  0.80968  -218.55665  -220.40254  1.33682   768
1004.00  0.04177  0.04183  0.01754  0.80968  -219.59425  -221.39741  1.33682   768
1005.00  0.04178  0.04183  0.01690  0.80968  -220.65932  -222.50520  1.45956   768
1006.00  0.04177  0.04183  0.01653  0.80968  -221.25288  -223.12776  1.64368   768
1007.00  0.04177  0.04183  0.01643  0.80968  -221.43446  -223.34291  1.64368   768
1008.00  0.04176  0.04183  0.01664  0.80968  -221.16438  -223.08656  1.64368   768
1009.00  0.04177  0.04183  0.01732  0.80968  -220.16188  -222.12984  1.64368   768
1010.00  0.04176  0.04183  0.01783  0.80968  -219.34706  -221.27687  1.64368   768
1011.00  0.04176  0.04183  0.01824  0.80968  -218.69093  -220.61616  1.64368   768
1012.00  0.04176  0.04183  0.01835  0.80968  -218.49562  -220.35524  1.64368   768
1013.00  0.04177  0.04183  0.01800  0.80968  -218.99306  -220.83436  1.64368   768
1014.00  0.04177  0.04183  0.01729  0.80968  -220.04133  -221.83687  1.64368   768
1015.00  0.04176  0.04183  0.01676  0.80968  -220.88057  -222.72035  1.64368   768
1016.00  0.04177  0.04183  0.01636  0.80968  -221.50313  -223.35206  1.63242   768
1017.00  0.04177  0.04183  0.01650  0.80968  -221.36275  -223.26051  1.59866   768
1018.00  0.04175  0.04183  0.01703  0.80968  -220.58455  -222.53572  1.59866   768
1019.00  0.04178  0.04183  0.01761  0.80968  -219.67665  -221.60646  1.59866   768
1020.00  0.04177  0.04183  0.01803  0.80968  -219.00831  -220.93049  1.59866   768
1021.00  0.04176  0.04183  0.01813  0.80968  -218.84047  -220.71687  1.59866   768
1022.00  0.04176  0.04183  0.01789  0.80968  -219.19447  -221.05256  1.59866   768
1023.00  0.04177  0.04183  0.01750  0.80968  -219.77583  -221.63698  1.59866   768
1024.00  0.04176  0.04183  0.01697  0.80968  -220.56166  -222.39992  1.59866   768
1025.00  0.04176  0.04183  0.01657  0.80968  -221.20558  -223.07435  1.59866   768
1026.00  0.04176  0.04183  0.01648  0.80968  -221.38258  -223.28340  1.59866   768
1027.00  0.04175  0.04183  0.01686  0.80968  -220.83784  -222.77070  1.54590   768
1028.00  0.04176  0.04183  0.01731  0.80968  -220.16951  -222.11915  1.33484   768
1029.00  0.04178  0.04183  0.01792  0.80968  -219.20210  -221.14870  1.33484   768
1030.00  0.04176  0.04183  0.01828  0.80968  -218.60243  -220.49562  1.33484   768
1031.00  0.04177  0.04183  0.01812  0.80968  -218.83131  -220.67110  1.33484   768
1032.00  0.04178  0.04183  0.01767  0.80968  -219.45997  -221.28145  1.33484   768
1033.00  0.04177  0.04183  0.01707  0.80968  -220.41212  -222.22291  1.33484   768
1034.00  0.04177  0.04183  0.01658  0.80968  -221.13844  -222.97670  1.33484   768
1035.00  0.04176  0.04183  0.01632  0.80968  -221.60231  -223.47566  1.33484   768
1036.00  0.04176  0.04183  0.01652  0.80968  -221.33070  -223.24525  1.33484   768
1037.00  0.04175  0.04183  0.01705  0.80968  -220.53419  -222.46400  1.33484   768
1038.00  0.04176  0.04183  0.01766  0.80968  -219.61714  -221.56526  1.33484   768
1039.00  0.04178  0.04183  0.01807  0.80968  -218.96864  -220.88319  1.42781   768
1040.00  0.04178  0.04183  0.01809  0.80968  -218.89693  -220.79011  1.43814   768
1041.00  0.04177  0.04183  0.01780  0.80968  -219.30891  -221.17311  1.43814   768
1042.00  0.04176  0.04183  0.01737  0.80968  -219.95589  -221.80940  1.43814   768
1043.00  0.04177  0.04183  0.01677  0.80968  -220.86989  -222.71272  1.43814   768
1044.00  0.04177  0.04183  0.01637  0.80968  -221.48329  -223.33528  1.43814   768
1045.00  0.04177  0.04183  0.01627  0.80968  -221.66487  -223.53975  1.43814   768
1046.00  0.04177  0.04183  0.01664  0.80968  -221.23152  -223.16133  1.43814   768
1047.00  0.04178  0.04183  0.01716  0.80968  -220.37550  -222.29768  1.43814   768
1048.00  0.04176  0.04183  0.01781  0.80968  -219.36384  -221.28908  1.43814   768
1049.00  0.04177  0.04183  0.01804  0.80968  -218.97932  -220.86336  1.43814   768
1050.00  0.04177  0.04183  0.01799  0.80968  -218.98848  -220.84352  1.46989   768
1051.00  0.04178  0.04183  0.01758  0.80968  -219.60798  -221.45235  1.47156   768
1052.00  0.04178  0.04183  0.01715  0.80968  -220.27479  -222.10542  1.47156   768
1053.00  0.04177  0.04183  0.01668  0.80968  -221.02553  -222.87294  1.47156   768
1054.00  0.04177  0.04183  0.01641  0.80968  -221.45125  -223.31544  1.47156   768
1055.00  0.04176  0.04183  0.01656  0.80968  -221.28340  -223.19948  1.47156   768
1056.00  0.04177  0.04183  0.01703  0.80968  -220.54335  -222.48231  1.47156   768
1057.00  0.04177  0.04183  0.01758  0.80968  -219.74837  -221.69649  1.47156   768
1058.00  0.04177  0.04183  0.01792  0.80968  -219.17158  -221.08156  1.47156   768
1059.00  0.04176  0.04183  0.01794  0.80968  -219.12581  -221.01594  1.47156   768
1060.00  0.04177  0.04183  0.01773  0.80968  -219.42488  -221.27839  1.47156   768
1061.00  0.04177  0.04183  0.01721  0.80968  -220.17103  -222.01082  1.47101   768
1062.00  0.04175  0.04183  0.01665  0.80968  -221.07435  -222.91109  1.47095   768
1063.00  0.04176  0.04183  0.01637  0.80968  -221.48024  -223.34596  1.47095   768
1064.00  0.04177  0.04183  0.01641  0.80968  -221.47108  -223.35969  1.47095   768
1065.00  0.04177  0.04183  0.01674  0.80968  -220.99806  -222.90498  1.47095   768
1066.00  0.04178  0.04183  0.01727  0.80968  -220.21376  -222.13441  1.47095   768
1067.00  0.04176  0.04183  0.01780  0.80968  -219.38368  -221.29518  1.47095   768
1068.00  0.04178  0.04183  0.01806  0.80968  -218.95491  -220.85267  1.47095   768
1069.00  0.04177  0.04183  0.01794  0.80968  -219.07240  -220.93507  1.47095   768
1070.00  0.04177  0.04183  0.01746  0.80968  -219.81245  -221.64918  1.47095   768
1071.00  0.04177  0.04183  0.01679  0.80968  -220.80885  -222.60438  1.47095   768
1072.00  0.04178  0.04183  0.01628  0.80968  -221.64351  -223.50160  1.36108   768
1073.00  0.04176  0.04183  0.01609  0.80968  -221.95784  -223.83882  1.33362   768
1074.00  0.04176  0.04183  0.01630  0.80968  -221.70149  -223.63893  1.33362   768
1075.00  0.04177  0.04183  0.01684  0.80968  -220.86531  -222.81343  1.33362   768
1076.00  0.04176  0.04183  0.01760  0.80968  -219.70412  -221.66444  1.33362   768
1077.00  0.04176  0.04183  0.01797  0.80968  -219.11970  -221.03578  1.33362   768
1078.00  0.04175  0.04183  0.01805  0.80968  -218.99763  -220.88167  1.33362   768
1079.00  0.04177  0.04183  0.01777  0.80968  -219.32265  -221.16090  1.33362   768
1080.00  0.04177  0.04183  0.01725  0.80968  -220.12221  -221.96504  1.33362   768
1081.00  0.04176  0.04183  0.01678  0.80968  -220.88820  -222.71882  1.33362   768
1082.00  0.04177  0.04183  0.01639  0.80968  -221.48482  -223.33833  1.33362   768
1083.00  0.04177  0.04183  0.01634  0.80968  -221.56111  -223.44209  1.34056   768
1084.00  0.04176  0.04183  0.01666  0.80968  -221.12929  -223.03468  1.34430   768
1085.00  0.04177  0.04183  0.01726  0.80968  -220.22749  -222.17866  1.34430   768
1086.00  0.04176  0.04183  0.01779  0.80968  -219.41878  -221.32570  1.34430   768
1087.00  0.04176  0.04183  0.01807  0.80968  -218.92134  -220.82979  1.34430   768
1088.00  0.04177  0.04183  0.01801  0.80968  -218.96712  -220.85420  1.34430   768
1089.00  0.04176  0.04183  0.01738  0.80968  -219.91469  -221.73616  1.34430   768
1090.00  0.04176  0.04183  0.01673  0.80968  -220.94923  -222.77376  1.34430   768
1091.00  0.04177  0.04183  0.01624  0.80968  -221.71522  -223.57027  1.34430   768
1092.00  0.04177  0.04183  0.01607  0.80968  -222.03718  -223.92427  1.34430   768
1093.00  0.04176  0.04183  0.01637  0.80968  -221.57789  -223.51991  1.34430   768
1094.00  0.04177  0.04183  0.01687  0.80968  -220.86378  -222.79359  1.34354   768
1095.00  0.04177  0.04183  0.01749  0.80968  -219.85365  -221.79719  1.34293   768
1096.00  0.04175  0.04183  0.01792  0.80968  -219.18837  -221.11818  1.34293   768
1097.00  0.04176  0.04183  0.01794  0.80968  -219.11665  -220.96864  1.34293   768
1098.00  0.04176  0.04183  0.01769  0.80968  -219.45845  -221.28755  1.34293   768
1099.00  0.04176  0.04183  0.01715  0.80968  -220.29921  -222.10847  1.34293   768
1100.00  0.04176  0.04183  0.01650  0.80968  -221.27424  -223.08961  1.34293   768
1101.00  0.04176  0.04183  0.01609  0.80968  -221.95173  -223.80525  1.34293   768
1102.00  0.04177  0.04183  0.01616  0.80968  -221.86476  -223.74116  1.34293   768
1103.00  0.04176  0.04183  0.01661  0.80968  -221.20100  -223.14760  1.34293   768
1104.00  0.04176  0.04183  0.01724  0.80968  -220.29463  -222.22291  1.34293   768
1105.00  0.04175  0.04183  0.01778  0.80968  -219.41572  -221.35927  1.34042   768
1106.00  0.04177  0.04183  0.01795  0.80968  -219.07393  -220.96712  1.33575   768
1107.00  0.04176  0.04183  0.01782  0.80968  -219.28450  -221.13801  1.33575   768
1108.00  0.04175  0.04183  0.01731  0.80968  -220.06575  -221.90401  1.33575   768
1109.00  0.04176  0.04183  0.01671  0.80968  -220.94313  -222.77376  1.33575   768
1110.00  0.04176  0.04183  0.01627  0.80968  -221.66029  -223.51991  1.33575   768
1111.00  0.04177  0.04183  0.01614  0.80968  -221.88917  -223.77168  1.33575   768
1112.00  0.04175  0.04183  0.01646  0.80968  -221.41463  -223.35054  1.33575   768
1113.00  0.04176  0.04183  0.01706  0.80968  -220.52962  -222.46705  1.33575   768
1114.00  0.04175  0.04183  0.01763  0.80968  -219.64155  -221.55763  1.33575   768
1115.00  0.04175  0.04183  0.01797  0.80968  -219.08156  -220.97932  1.33575   768
1116.00  0.04175  0.04183  0.01807  0.80968  -218.91829  -220.80995  2.80139   768
1117.00  0.04175  0.04183  0.01771  0.80968  -219.39589  -221.21583  4.99985   768
1118.00  0.04176  0.04183  0.01721  0.80968  -220.18324  -222.01539  4.99985   768
1119.00  0.04177  0.04183  0.01668  0.80968  -220.99501  -222.83021  4.99985   768
1120.00  0.04175  0.04183  0.01631  0.80968  -221.58858  -223.43599  4.99985   768
1121.00  0.04176  0.04183  0.01629  0.80968  -221.65571  -223.56416  4.99985   768
1122.00  0.04176  0.04183  0.01662  0.80968  -221.21626  -223.14760  4.99985   768
1123.00  0.04176  0.04183  0.01730  0.80968  -220.18019  -222.14204  4.99985   768
1124.00  0.04176  0.04183  0.01766  0.80968  -219.59578  -221.51643  4.99985   768
1125.00  0.04176  0.04183  0.01791  0.80968  -219.19752  -221.10902  4.99985   768
1126.00  0.04176  0.04183  0.01778  0.80968  -219.36690  -221.22804  4.99985   768
1127.00  0.04176  0.04183  0.01727  0.80968  -220.05354  -221.89332  4.99985   768
1128.00  0.04178  0.04183  0.01674  0.80968  -220.98891  -222.83479  4.99985   768
1129.00  0.04176  0.04183  0.01629  0.80968  -221.61299  -223.45888  4.99985   768
1130.00  0.04176  0.04183  0.01612  0.80968  -221.88307  -223.75337  4.99985   768
1131.00  0.04175  0.04183  0.01634  0.80968  -221.61146  -223.51533  4.99985   768
1132.00  0.04175  0.04183  0.01684  0.80968  -220.86836  -222.79054  4.99985   768
1133.00  0.04175  0.04183  0.01741  0.80968  -219.98945  -221.91774  4.99985   768
1134.00  0.04176  0.04183  0.01778  0.80968  -219.39131  -221.28908  4.99985   768
1135.00  0.04175  0.04183  0.01784  0.80968  -219.25398  -221.12428  4.99985   768
1136.00  0.04174  0.04183  0.01746  0.80968  -219.78499  -221.62019  4.99985   768
1137.00  0.04175  0.04183  0.01687  0.80968  -220.67457  -222.53114  4.99985   768
1138.00  0.04176  0.04183  0.01627  0.80968  -221.60689  -223.43904  4.99985   768
1139.00  0.04176  0.04183  0.01597  0.80968  -222.11500  -223.98378  4.99985   768
1140.00  0.04177  0.04183  0.01604  0.80968  -222.10737  -224.01887  4.99985   768
1141.00  0.04175  0.04183  0.01648  0.80968  -221.42378  -223.36580  4.99985   768
1142.00  0.04175  0.04183  0.01714  0.80968  -220.41975  -222.36635  4.99985   768
1143.00  0.04176  0.04183  0.01768  0.80968  -219.56526  -221.51948  4.99985   768
1144.00  0.04176  0.04183  0.01786  0.80968  -219.26771  -221.15327  4.99985   768
1145.00  0.04177  0.04183  0.01774  0.80968  -219.40352  -221.26924  4.99985   768
1146.00  0.04173  0.04183  0.01730  0.80968  -220.07033  -221.91316  4.99985   768
1147.00  0.04175  0.04183  0.01674  0.80968  -220.92024  -222.73103  4.99985   768
1148.00  0.04175  0.04183  0.01626  0.80968  -221.63130  -223.46956  4.99985   768
1149.00  0.04175  0.04183  0.01607  0.80968  -222.00514  -223.87849  4.99985   768
1150.00  0.04176  0.04183  0.01627  0.80968  -221.73811  -223.63588  4.99985   768
1151.00  0.04176  0.04183  0.01690  0.80968  -220.77528  -222.70814  4.99985   768
1152.00  0.04176  0.04183  0.01746  0.80968  -219.90095  -221.81703  4.99985   768
1153.00  0.04176  0.04183  0.01785  0.80968  -219.27382  -221.18684  4.99985   768
1154.00  0.04176  0.04183  0.01786  0.80968  -219.24940  -221.10902  4.99985   768
1155.00  0.04175  0.04183  0.01739  0.80968  -219.88417  -221.72853  4.99985   768
1156.00  0.04175  0.04183  0.01670  0.80968  -220.95381  -222.77986  4.99985   768
1157.00  0.04175  0.04183  0.01620  0.80968  -221.76100  -223.60994  4.99985   768
1158.00  0.04177  0.04183  0.01596  0.80968  -222.16841  -224.06312  4.99985   768
1159.00  0.04176  0.04183  0.01610  0.80968  -221.96394  -223.87239  4.99985   768
1160.00  0.04176  0.04183  0.01653  0.80968  -221.35817  -223.30934  4.99985   768
1161.00  0.04174  0.04183  0.01716  0.80968  -220.40907  -222.33125  4.99985   768
1162.00  0.04176  0.04183  0.01760  0.80968  -219.67207  -221.57594  4.99985   768
1163.00  0.04174  0.04183  0.01779  0.80968  -219.39741  -221.30891  4.99985   768
1164.00  0.04176  0.04183  0.01767  0.80968  -219.47371  -221.32112  4.99985   768
1165.00  0.04176  0.04183  0.01709  0.80968  -220.33735  -222.14509  4.99985   768
1166.00  0.04176  0.04183  0.01647  0.80968  -221.30171  -223.12013  4.99985   768
1167.00  0.04175  0.04183  0.01599  0.80968  -222.08906  -223.94105  4.99985   768
1168.00  0.04175  0.04183  0.01584  0.80968  -222.38203  -224.24013  4.99985   768
1169.00  0.04176  0.04183  0.01618  0.80968  -221.87086  -223.79915  4.99985   768
1170.00  0.04175  0.04183  0.01676  0.80968  -221.00264  -222.92634  4.99985   768
1171.00  0.04175  0.04183  0.01737  0.80968  -220.04133  -221.97877  4.99985   768
1172.00  0.04176  0.04183  0.01762  0.80968  -219.63240  -221.51948  4.99985   768
1173.00  0.04176  0.04183  0.01760  0.80968  -219.60951  -221.50117  4.99985   768
1174.00  0.04175  0.04183  0.01726  0.80968  -220.12373  -221.95894  4.99985   768
1175.00  0.04175  0.04183  0.01669  0.80968  -220.99196  -222.83784  4.99985   768
1176.00  0.04175  0.04183  0.01618  0.80968  -221.77321  -223.61604  4.99985   768
1177.00  0.04176  0.04183  0.01589  0.80968  -222.27064  -224.13789  4.99985   768
1178.00  0.04176  0.04183  0.01605  0.80968  -222.06618  -223.98225  4.99985   768
1179.00  0.04175  0.04183  0.01647  0.80968  -221.45277  -223.38411  4.99985   768
1180.00  0.04175  0.04183  0.01700  0.80968  -220.60286  -222.53114  4.99985   768
1181.00  0.04176  0.04183  0.01745  0.80968  -219.93605  -221.84602  4.99985   768
1182.00  0.04175  0.04183  0.01771  0.80968  -219.44624  -221.33333  4.99985   768
1183.00  0.04176  0.04183  0.01756  0.80968  -219.62324  -221.46608  4.99985   768
1184.00  0.04175  0.04183  0.01706  0.80968  -220.42128  -222.24580  4.99985   768
1185.00  0.04175  0.04183  0.01668  0.80968  -221.01485  -222.85768  4.99985   768
1186.00  0.04176  0.04183  0.01492  0.80968  -223.42726  -225.03511  4.99985   768
1187.00  0.04176  0.04183  0.01206  0.80968  -228.05830  -229.80501  4.99985   768
1188.00  0.04177  0.04183  0.01310  0.80968  -226.57667  -228.51106  4.99985   768
1189.00  0.04176  0.04183  0.01181  0.80968  -228.38789  -230.13612  4.99985   768
1190.00  0.04177  0.04183  0.01198  0.80968  -228.46571  -230.50539  4.99985   768
1191.00  0.04174  0.04183  0.01238  0.80968  -227.52882  -229.30604  4.99985   768
1192.00  0.04177  0.04183  0.01143  0.80968  -229.03029  -230.87617  4.99985   768
1193.00  0.04175  0.04183  0.01153  0.80968  -229.01045  -230.94179  4.99985   768
1194.00  0.04176  0.04183  0.01092  0.80968  -229.81612  -231.61623  4.99985   768
1195.00  0.04176  0.04183  0.01004  0.80968  -231.17262  -233.00020  4.99985   768
1196.00  0.04175  0.04183  0.01055  0.80968  -230.49818  -232.45241  4.99985   768
1197.00  0.04175  0.04183  0.01011  0.80968  -231.09022  -232.90864  4.99985   768
1198.00  0.04175  0.04183  0.01060  0.80968  -230.51802  -232.50581  4.99985   768
1199.00  0.04177  0.04183  0.01177  0.80968  -228.60304  -230.51607  4.99985   768
1200.00  0.04175  0.04183  0.01157  0.80968  -228.92653  -230.78615  4.99985   768
1201.00  0.04176  0.04183  0.01212  0.80968  -228.12544  -230.07814  4.99985   768
1202.00  0.04176  0.04183  0.01179  0.80968  -228.43672  -230.19563  4.99985   768
1203.00  0.04177  0.04183  0.01079  0.80968  -230.04652  -231.88325  4.99985   768
1204.00  0.04175  0.04183  0.01079  0.80968  -230.07399  -231.93208  4.99985   768
1205.00  0.04176  0.04183  0.00974  0.80968  -231.63954  -233.43355  4.99985   768
1206.00  0.04176  0.04183  0.01010  0.80968  -231.26570  -233.25502  4.99985   768
1207.00  0.04176  0.04183  0.01054  0.80968  -230.47530  -232.36696  4.99985   768
1208.00  0.04176  0.04183  0.01079  0.80968  -230.18843  -232.15944  4.99985   768
1209.00  0.04176  0.04183  0.01196  0.80968  -228.40468  -230.38026  4.99985   768
1210.00  0.04176  0.04183  0.01180  0.80968  -228.49318  -230.34975  4.99985   768
1211.00  0.04176  0.04183  0.01187  0.80968  -228.51607  -230.43367  4.99985   768
1212.00  0.04177  0.04183  0.01164  0.80968  -228.69917  -230.51912  4.99985   768
1213.00  0.04176  0.04183  0.01063  0.80968  -230.27693  -232.06483  4.99985   768
1214.00  0.04176  0.04183  0.01044  0.80968  -230.64009  -232.52107  4.99985   768
1215.00  0.04176  0.04183  0.00998  0.80968  -231.25960  -233.06581  4.99985   768
1216.00  0.04175  0.04183  0.01005  0.80968  -231.30537  -233.22145  4.99985   768
1217.00  0.04177  0.04183  0.01078  0.80968  -230.11061  -232.02516  4.99985   768
1218.00  0.04178  0.04183  0.01106  0.80968  -229.72761  -231.64064  4.99985   768
1219.00  0.04177  0.04183  0.01178  0.80968  -228.62746  -230.57558  4.99985   768
1220.00  0.04175  0.04183  0.01174  0.80968  -228.58321  -230.42909  4.99985   768
1221.00  0.04178  0.04183  0.01142  0.80968  -229.10811  -230.98604  4.99985   768
1222.00  0.04175  0.04183  0.01098  0.80968  -229.72761  -231.55214  4.99985   768
1223.00  0.04176  0.04183  0.01015  0.80968  -230.98341  -232.80641  4.99985   768
1224.00  0.04175  0.04183  0.00993  0.80968  -231.42287  -233.30842  4.99985   768
1225.00  0.04175  0.04183  0.00982  0.80968  -231.59376  -233.47780  4.99985   768
1226.00  0.04176  0.04183  0.01019  0.80968  -231.06886  -233.01393  4.99985   768
1227.00  0.04177  0.04183  0.01102  0.80968  -229.83595  -231.82374  4.99985   768
1228.00  0.04176  0.04183  0.01169  0.80968  -228.79072  -230.70985  4.99985   768
1229.00  0.04176  0.04183  0.01205  0.80968  -228.24751  -230.17732  4.99985   768
1230.00  0.04176  0.04183  0.01228  0.80968  -227.76381  -229.64174  4.99985   768
1231.00  0.04176  0.04183  0.01171  0.80968  -228.62593  -230.45351  4.99985   768
1232.00  0.04175  0.04183  0.01151  0.80968  -228.95857  -230.81361  4.99985   768
1233.00  0.04175  0.04183  0.01094  0.80968  -229.79323  -231.60707  4.99985   768
1234.00  0.04176  0.04183  0.01062  0.80968  -230.35322  -232.23726  4.99985   768
1235.00  0.04176  0.04183  0.01113  0.80968  -229.60707  -231.53383  4.99985   768
1236.00  0.04175  0.04183  0.01161  0.80968  -228.90974  -230.83955  4.99985   768
1237.00  0.04177  0.04183  0.01238  0.80968  -227.73176  -229.67073  4.99985   768
1238.00  0.04175  0.04183  0.01272  0.80968  -227.16109  -229.07716  4.99985   768
1239.00  0.04176  0.04183  0.01278  0.80968  -227.05427  -228.95662  4.99985   768
1240.00  0.04176  0.04183  0.01253  0.80968  -227.38844  -229.24654  4.99985   768
1241.00  0.04175  0.04183  0.01189  0.80968  -228.38179  -230.22920  4.99985   768
1242.00  0.04176  0.04183  0.01149  0.80968  -228.97536  -230.83955  4.99985   768
1243.00  0.04176  0.04183  0.01113  0.80968  -229.57655  -231.43617  4.99985   768
1244.00  0.04176  0.04183  0.01098  0.80968  -229.82374  -231.71846  4.99985   768
1245.00  0.04174  0.04183  0.01181  0.80968  -228.63966  -230.61830  4.99985   768
1246.00  0.04176  0.04183  0.01237  0.80968  -227.72566  -229.64937  4.99985   768
1247.00  0.04176  0.04183  0.01306  0.80968  -226.63771  -228.56904  4.99985   768
1248.00  0.04176  0.04183  0.01350  0.80968  -225.97548  -227.86409  4.99985   768
1249.00  0.04176  0.04183  0.01338  0.80968  -226.09297  -227.95259  4.99985   768
1250.00  0.04175  0.04183  0.01316  0.80968  -226.41646  -228.25319  4.99985   768
1251.00  0.04176  0.04183  0.01268  0.80968  -227.13972  -228.96272  4.99985   768
1252.00  0.04175  0.04183  0.01228  0.80968  -227.75160  -229.60817  4.99985   768
1253.00  0.04174  0.04183  0.01227  0.80968  -227.82332  -229.71651  4.99985   768
1254.00  0.04174  0.04183  0.01256  0.80968  -227.44795  -229.37013  4.99985   768
1255.00  0.04176  0.04183  0.01325  0.80968  -226.38289  -228.34474  4.99985   768
1256.00  0.04176  0.04183  0.01391  0.80968  -225.37886  -227.31325  4.99985   768
1257.00  0.04176  0.04183  0.01455  0.80968  -224.37483  -226.33668  4.99985   768
1258.00  0.04175  0.04183  0.01461  0.80968  -224.22835  -226.10017  4.99985   768
1259.00  0.04176  0.04183  0.01436  0.80968  -224.63270  -226.50911  4.99985   768
1260.00  0.04175  0.04183  0.01388  0.80968  -225.32088  -227.16676  4.99985   768
1261.00  0.04175  0.04183  0.01328  0.80968  -226.21504  -228.06245  4.99985   768
1262.00  0.04175  0.04183  0.01305  0.80968  -226.63313  -228.52174  4.99985   768
1263.00  0.04175  0.04183  0.01328  0.80968  -226.34779  -228.24098  4.99985   768
1264.00  0.04176  0.04183  0.01367  0.80968  -225.72676  -227.64436  4.99985   768
1265.00  0.04175  0.04183  0.01422  0.80968  -224.87990  -226.80665  4.99985   768
1266.00  0.04176  0.04183  0.01475  0.80968  -224.06050  -225.99336  4.99985   768
1267.00  0.04175  0.04183  0.01509  0.80968  -223.49440  -225.39216  4.99985   768
1268.00  0.04175  0.04183  0.01478  0.80968  -223.94606  -225.77058  4.99985   768
1269.00  0.04175  0.04183  0.01445  0.80968  -224.42824  -226.28328  4.99985   768
1270.00  0.04175  0.04183  0.01368  0.80968  -225.54060  -227.31782  4.99985   768
1271.00  0.04176  0.04183  0.01312  0.80968  -226.50496  -228.36305  4.99985   768
1272.00  0.04176  0.04183  0.01303  0.80968  -226.67280  -228.58125  4.99985   768
1273.00  0.04175  0.04183  0.01322  0.80968  -226.40883  -228.34474  4.99985   768
1274.00  0.04176  0.04183  0.01398  0.80968  -225.29799  -227.26442  4.99985   768
1275.00  0.04175  0.04183  0.01461  0.80968  -224.27412  -226.21767  4.99985   768
1276.00  0.04176  0.04183  0.01502  0.80968  -223.65156  -225.59511  4.99985   768
1277.00  0.04177  0.04183  0.01525  0.80968  -223.22279  -225.10988  4.99985   768
1278.00  0.04174  0.04183  0.01483  0.80968  -223.89265  -225.74159  4.99985   768
1279.00  0.04175  0.04183  0.01436  0.80968  -224.53200  -226.37025  4.99985   768
1280.00  0.04175  0.04183  0.01378  0.80968  -225.41853  -227.22780  4.99985   768
1281.00  0.04174  0.04183  0.01343  0.80968  -226.02888  -227.89613  4.99985   768
1282.00  0.04173  0.04183  0.01361  0.80968  -225.77254  -227.68098  4.99985   768
1283.00  0.04175  0.04183  0.01394  0.80968  -225.34834  -227.26594  4.99985   768
1284.00  0.04174  0.04183  0.01475  0.80968  -224.10628  -226.05897  4.99985   768
1285.00  0.04175  0.04183  0.01555  0.80968  -222.85963  -224.79555  4.99985   768
1286.00  0.04175  0.04183  0.01559  0.80968  -222.68721  -224.54378  4.99985   768
1287.00  0.04175  0.04183  0.01560  0.80968  -222.73604  -224.61702  4.99985   768
1288.00  0.04174  0.04183  0.01512  0.80968  -223.39674  -225.21364  4.99985   768
1289.00  0.04176  0.04183  0.01451  0.80968  -224.35957  -226.23903  4.99985   768
1290.00  0.04175  0.04183  0.01420  0.80968  -224.82802  -226.64796  4.99985   768
1291.00  0.04174  0.04183  0.01400  0.80968  -225.20949  -227.12556  4.99985   768
1292.00  0.04175  0.04183  0.01429  0.80968  -224.78224  -226.70900  4.99985   768
1293.00  0.04174  0.04183  0.01492  0.80968  -223.86061  -225.83009  4.99985   768
1294.00  0.04176  0.04183  0.01555  0.80968  -222.81843  -224.78029  4.99985   768
1295.00  0.04174  0.04183  0.01592  0.80968  -222.21419  -224.10585  4.99985   768
1296.00  0.04175  0.04183  0.01591  0.80968  -222.31032  -224.17299  4.99985   768
1297.00  0.04174  0.04183  0.01560  0.80968  -222.66127  -224.49037  4.99985   768
1298.00  0.04175  0.04183  0.01491  0.80968  -223.71565  -225.53102  4.99985   768
1299.00  0.04175  0.04183  0.01434  0.80968  -224.58998  -226.40993  4.99985   768
1300.00  0.04176  0.04183  0.01392  0.80968  -225.25069  -227.10725  4.99985   768
1301.00  0.04175  0.04183  0.01408  0.80968  -225.06911  -226.97755  4.99985   768
1302.00  0.04174  0.04183  0.01452  0.80968  -224.44807  -226.38856  4.99985   768
1303.00  0.04175  0.04183  0.01512  0.80968  -223.46236  -225.37385  4.99985   768
1304.00  0.04174  0.04183  0.01555  0.80968  -222.85506  -224.75892  4.99985   768
1305.00  0.04175  0.04183  0.01574  0.80968  -222.50868  -224.41102  4.99985   768
1306.00  0.04176  0.04183  0.01552  0.80968  -222.81386  -224.66585  4.99985   768
1307.00  0.04176  0.04183  0.01491  0.80968  -223.73244  -225.57680  4.99985   768
1308.00  0.04175  0.04183  0.01444  0.80968  -224.45570  -226.31837  4.99985   768
1309.00  0.04175  0.04183  0.01396  0.80968  -225.20186  -227.05842  4.99985   768
1310.00  0.04174  0.04183  0.01398  0.80968  -225.24153  -227.15150  4.99985   768
1311.00  0.04175  0.04183  0.01430  0.80968  -224.76088  -226.71052  4.99985   768
1312.00  0.04174  0.04183  0.01502  0.80968  -223.68056  -225.63325  4.99985   768
1313.00  0.04175  0.04183  0.01579  0.80968  -222.45528  -224.40950  4.99985   768
1314.00  0.04174  0.04183  0.01608  0.80968  -221.99141  -223.88917  4.99985   768
1315.00  0.04173  0.04183  0.01619  0.80968  -221.82661  -223.70302  4.99985   768
1316.00  0.04175  0.04183  0.01589  0.80968  -222.23555  -224.07533  4.99985   768
1317.00  0.04174  0.04183  0.01529  0.80968  -223.13277  -224.94508  4.99985   768
1318.00  0.04174  0.04183  0.01474  0.80968  -223.95979  -225.79042  4.99985   768
1319.00  0.04176  0.04183  0.01443  0.80968  -224.50300  -226.36415  4.99985   768
1320.00  0.04175  0.04183  0.01458  0.80968  -224.33211  -226.25429  4.99985   768
1321.00  0.04175  0.04183  0.01512  0.80968  -223.51271  -225.46083  4.99985   768
1322.00  0.04175  0.04183  0.01573  0.80968  -222.58955  -224.54378  4.99985   768
1323.00  0.04174  0.04183  0.01626  0.80968  -221.72133  -223.64656  4.99985   768
1324.00  0.04174  0.04183  0.01636  0.80968  -221.55043  -223.44514  4.99985   768
1325.00  0.04175  0.04183  0.01611  0.80968  -221.90748  -223.75032  4.99985   768
1326.00  0.04174  0.04183  0.01553  0.80968  -222.76045  -224.59260  4.99985   768
1327.00  0.04174  0.04183  0.01478  0.80968  -223.91707  -225.74617  4.99985   768
1328.00  0.04174  0.04183  0.01430  0.80968  -224.69984  -226.55946  4.99985   768
1329.00  0.04175  0.04183  0.01414  0.80968  -224.97450  -226.85701  4.99985   768
1330.00  0.04174  0.04183  0.01441  0.80968  -224.57472  -226.48469  4.99985   768
1331.00  0.04174  0.04183  0.01505  0.80968  -223.60884  -225.56611  4.99985   768
1332.00  0.04175  0.04183  0.01560  0.80968  -222.75130  -224.68111  4.99985   768
1333.00  0.04175  0.04183  0.01599  0.80968  -222.12721  -224.00667  4.99985   768
1334.00  0.04174  0.04183  0.01595  0.80968  -222.15468  -224.03413  4.99985   768
1335.00  0.04174  0.04183  0.01559  0.80968  -222.63685  -224.46290  4.99985   768
1336.00  0.04175  0.04183  0.01500  0.80968  -223.57832  -225.40742  4.99985   768
1337.00  0.04175  0.04183  0.01444  0.80968  -224.43892  -226.25734  4.99985   768
1338.00  0.04173  0.04183  0.01414  0.80968  -224.95314  -226.83259  4.99985   768
1339.00  0.04174  0.04183  0.01429  0.80968  -224.76088  -226.68764  4.99985   768
1340.00  0.04175  0.04183  0.01478  0.80968  -224.03303  -225.98421  4.99985   768
1341.00  0.04175  0.04183  0.01531  0.80968  -223.25026  -225.19990  4.99985   768
1342.00  0.04176  0.04183  0.01587  0.80968  -222.35914  -224.27827  4.99985   768
1343.00  0.04174  0.04183  0.01613  0.80968  -221.93495  -223.86018  4.99985   768
1344.00  0.04175  0.04183  0.01595  0.80968  -222.15468  -224.00514  4.99985   768
1345.00  0.04173  0.04183  0.01558  0.80968  -222.72078  -224.57887  4.99985   768
1346.00  0.04174  0.04183  0.01498  0.80968  -223.63325  -225.46998  4.99985   768
1347.00  0.04174  0.04183  0.01458  0.80968  -224.25276  -226.10170  4.99985   768
1348.00  0.04173  0.04183  0.01458  0.80968  -224.30311  -226.18715  4.99985   768
1349.00  0.04175  0.04183  0.01504  0.80968  -223.65156  -225.56611  4.99985   768
1350.00  0.04175  0.04183  0.01568  0.80968  -222.63380  -224.57582  4.99985   768
1351.00  0.04175  0.04183  0.01621  0.80968  -221.80067  -223.71217  4.99985   768
1352.00  0.04174  0.04183  0.01648  0.80968  -221.37495  -223.24830  4.99985   768
1353.00  0.04175  0.04183  0.01633  0.80968  -221.57942  -223.44819  4.99985   768
1354.00  0.04174  0.04183  0.01590  0.80968  -222.19588  -224.02498  4.99985   768
1355.00  0.04175  0.04183  0.01520  0.80968  -223.21669  -225.05037  4.99985   768
1356.00  0.04174  0.04183  0.01453  0.80968  -224.29243  -226.11391  4.99985   768
1357.00  0.04175  0.04183  0.01418  0.80968  -224.92262  -226.79445  4.99985   768
1358.00  0.04174  0.04183  0.01433  0.80968  -224.74562  -226.67543  4.99985   768
1359.00  0.04174  0.04183  0.01482  0.80968  -223.95369  -225.89265  4.99985   768
1360.00  0.04174  0.04183  0.01543  0.80968  -223.01222  -224.95729  4.99985   768
1361.00  0.04174  0.04183  0.01575  0.80968  -222.53309  -224.42018  4.99985   768
1362.00  0.04174  0.04183  0.01578  0.80968  -222.44307  -224.33931  4.99985   768
1363.00  0.04175  0.04183  0.01550  0.80968  -222.79860  -224.64601  4.99985   768
1364.00  0.04174  0.04183  0.01504  0.80968  -223.51881  -225.34181  4.99985   768
1365.00  0.04174  0.04183  0.01447  0.80968  -224.40687  -226.23292  4.99985   768
1366.00  0.04175  0.04183  0.01401  0.80968  -225.13472  -226.98060  4.99985   768
1367.00  0.04174  0.04183  0.01404  0.80968  -225.11030  -227.02486  4.99985   768
1368.00  0.04175  0.04183  0.01443  0.80968  -224.55641  -226.45112  4.99985   768
1369.00  0.04175  0.04183  0.01515  0.80968  -223.48067  -225.43947  4.99985   768
1370.00  0.04176  0.04183  0.01578  0.80968  -222.47664  -224.41102  4.99985   768
1371.00  0.04174  0.04183  0.01611  0.80968  -221.98073  -223.89223  4.99985   768
1372.00  0.04175  0.04183  0.01604  0.80968  -222.02193  -223.89528  4.99985   768
1373.00  0.04174  0.04183  0.01556  0.80968  -222.68111  -224.51936  4.99985   768
1374.00  0.04173  0.04183  0.01501  0.80968  -223.58748  -225.43031  4.99985   768
1375.00  0.04175  0.04183  0.01454  0.80968  -224.33516  -226.20088  4.99985   768
1376.00  0.04175  0.04183  0.01429  0.80968  -224.73952  -226.60829  4.99985   768
1377.00  0.04174  0.04183  0.01446  0.80968  -224.49080  -226.41603  4.99985   768
1378.00  0.04173  0.04183  0.01509  0.80968  -223.59205  -225.52797  4.99985   768
1379.00  0.04173  0.04183  0.01571  0.80968  -222.62465  -224.56361  4.99985   768
1380.00  0.04175  0.04183  0.01623  0.80968  -221.73811  -223.67097  4.99985   768
1381.00  0.04175  0.04183  0.01637  0.80968  -221.47566  -223.36732  4.99985   768
1382.00  0.04174  0.04183  0.01600  0.80968  -222.04634  -223.85255  4.99985   768
1383.00  0.04173  0.04183  0.01535  0.80968  -223.00764  -224.82149  4.99985   768
1384.00  0.04175  0.04183  0.01475  0.80968  -223.95216  -225.78432  4.99985   768
1385.00  0.04174  0.04183  0.01429  0.80968  -224.69221  -226.53810  4.99985   768
1386.00  0.04175  0.04183  0.01424  0.80968  -224.80818  -226.69984  4.99985   768
1387.00  0.04173  0.04183  0.01451  0.80968  -224.42671  -226.33974  4.99985   768
1388.00  0.04173  0.04183  0.01506  0.80968  -223.59511  -225.54323  4.99985   768
1389.00  0.04174  0.04183  0.01554  0.80968  -222.84590  -224.77724  4.99985   768
1390.00  0.04173  0.04183  0.01570  0.80968  -222.55446  -224.44765  4.99985   768
1391.00  0.04173  0.04183  0.01566  0.80968  -222.62770  -224.51478  4.99985   768
1392.00  0.04174  0.04183  0.01512  0.80968  -223.38759  -225.21974  4.99985   768
1393.00  0.04172  0.04183  0.01442  0.80968  -224.45112  -226.26649  4.99985   768
1394.00  0.04173  0.04183  0.01397  0.80968  -225.16981  -227.04469  4.99985   768
1395.00  0.04174  0.04183  0.01374  0.80968  -225.56959  -227.44447  4.99985   768
1396.00  0.04173  0.04183  0.01404  0.80968  -225.14845  -227.06148  4.99985   768
1397.00  0.04173  0.04183  0.01456  0.80968  -224.39009  -226.32600  4.99985   768
1398.00  0.04174  0.04183  0.01522  0.80968  -223.35097  -225.27315  4.99985   768
1399.00  0.04173  0.04183  0.01570  0.80968  -222.56819  -224.48274  4.99985   768
1400.00  0.04173  0.04183  0.01583  0.80968  -222.36983  -224.25538  4.99985   768
1401.00  0.04175  0.04183  0.01559  0.80968  -222.65822  -224.50410  4.99985   768
1402.00  0.04175  0.04183  0.01516  0.80968  -223.35860  -225.19227  4.99985   768
1403.00  0.04174  0.04183  0.01456  0.80968  -224.23903  -226.06508  4.99985   768
1404.00  0.04172  0.04183  0.01423  0.80968  -224.83107  -226.68458  4.99985   768
1405.00  0.04174  0.04183  0.01424  0.80968  -224.82497  -226.72731  4.99985   768
1406.00  0.04174  0.04183  0.01469  0.80968  -224.18257  -226.10475  4.99985   768
1407.00  0.04175  0.04183  0.01526  0.80968  -223.34639  -225.30214  4.99985   768
1408.00  0.04174  0.04183  0.01584  0.80968  -222.38661  -224.33320  4.99985   768
1409.00  0.04173  0.04183  0.01619  0.80968  -221.80983  -223.72896  4.99985   768
1410.00  0.04174  0.04183  0.01600  0.80968  -222.08601  -223.94258  4.99985   768
1411.00  0.04174  0.04183  0.01549  0.80968  -222.80318  -224.63685  4.99985   768
1412.00  0.04173  0.04183  0.01496  0.80968  -223.65919  -225.49440  4.99985   768
1413.00  0.04175  0.04183  0.01435  0.80968  -224.53963  -226.38093  4.99985   768
1414.00  0.04175  0.04183  0.01405  0.80968  -225.09199  -226.94551  4.99985   768
1415.00  0.04172  0.04183  0.01431  0.80968  -224.74257  -226.65864  4.99985   768
1416.00  0.04174  0.04183  0.01482  0.80968  -223.95827  -225.85908  4.99985   768
1417.00  0.04173  0.04183  0.01539  0.80968  -223.10683  -225.03358  4.99985   768
1418.00  0.04174  0.04183  0.01584  0.80968  -222.40034  -224.31489  4.99985   768
1419.00  0.04174  0.04183  0.01585  0.80968  -222.30726  -224.16231  4.99985   768
1420.00  0.04173  0.04183  0.01551  0.80968  -222.79707  -224.63685  4.99985   768
1421.00  0.04174  0.04183  0.01488  0.80968  -223.72481  -225.53407  4.99985   768
1422.00  0.04173  0.04183  0.01428  0.80968  -224.68611  -226.52437  4.99985   768
1423.00  0.04174  0.04183  0.01388  0.80968  -225.34834  -227.21101  4.99985   768
1424.00  0.04174  0.04183  0.01392  0.80968  -225.31782  -227.23085  4.99985   768
1425.00  0.04173  0.04183  0.01430  0.80968  -224.76546  -226.71663  4.99985   768
1426.00  0.04174  0.04183  0.01489  0.80968  -223.85756  -225.80568  4.99985   768
1427.00  0.04174  0.04183  0.01538  0.80968  -223.10988  -225.03358  4.99985   768
1428.00  0.04174  0.04183  0.01570  0.80968  -222.57124  -224.47053  4.99985   768
1429.00  0.04174  0.04183  0.01555  0.80968  -222.76045  -224.59413  4.99985   768
1430.00  0.04174  0.04183  0.01516  0.80968  -223.35097  -225.17244  4.99985   768
1431.00  0.04174  0.04183  0.01457  0.80968  -224.24361  -226.06355  4.99985   768
1432.00  0.04174  0.04183  0.01427  0.80968  -224.68611  -226.54726  4.99985   768
1433.00  0.04173  0.04183  0.01419  0.80968  -224.84633  -226.70289  4.99985   768
1434.00  0.04175  0.04183  0.01443  0.80968  -224.56099  -226.46791  4.99985   768
1435.00  0.04173  0.04183  0.01503  0.80968  -223.62257  -225.54780  4.99985   768
1436.00  0.04174  0.04183  0.01576  0.80968  -222.56972  -224.51631  4.99985   768
1437.00  0.04175  0.04183  0.01606  0.80968  -221.98530  -223.91206  4.99985   768
1438.00  0.04174  0.04183  0.01606  0.80968  -221.93800  -223.81746  4.99985   768
1439.00  0.04173  0.04183  0.01571  0.80968  -222.52394  -224.35609  4.99985   768
1440.00  0.04174  0.04183  0.01509  0.80968  -223.39827  -225.24568  4.99985   768
1441.00  0.04173  0.04183  0.01456  0.80968  -224.26344  -226.09865  4.99985   768
1442.00  0.04174  0.04183  0.01431  0.80968  -224.69069  -226.57930  4.99985   768
1443.00  0.04175  0.04183  0.01440  0.80968  -224.57472  -226.50606  4.99985   768
1444.00  0.04173  0.04183  0.01486  0.80968  -223.90028  -225.83620  4.99985   768
1445.00  0.04175  0.04183  0.01537  0.80968  -223.13887  -225.08241  4.99985   768
1446.00  0.04174  0.04183  0.01577  0.80968  -222.46443  -224.37746  4.99985   768
1447.00  0.04172  0.04183  0.01602  0.80968  -222.04787  -223.94868  4.99985   768
1448.00  0.04173  0.04183  0.01567  0.80968  -222.54835  -224.38966  4.99985   768
1449.00  0.04174  0.04183  0.01517  0.80968  -223.29603  -225.11445  4.99985   768
1450.00  0.04174  0.04183  0.01457  0.80968  -224.21156  -226.02846  4.99985   768
1451.00  0.04175  0.04183  0.01410  0.80968  -224.95772  -226.81123  4.99985   768
1452.00  0.04172  0.04183  0.01404  0.80968  -225.12099  -227.00044  4.99985   768
1453.00  0.04174  0.04183  0.01437  0.80968  -224.67390  -226.60066  4.99985   768
1454.00  0.04175  0.04183  0.01498  0.80968  -223.75532  -225.70192  4.99985   768
1455.00  0.04174  0.04183  0.01561  0.80968  -222.76350  -224.71010  4.99985   768
1456.00  0.04173  0.04183  0.01584  0.80968  -222.37288  -224.27522  4.99985   768
1457.00  0.04174  0.04183  0.01571  0.80968  -222.53767  -224.41560  4.99985   768
1458.00  0.04174  0.04183  0.01524  0.80968  -223.24415  -225.08089  4.99985   768
1459.00  0.04173  0.04183  0.01473  0.80968  -223.94453  -225.78126  4.99985   768
1460.00  0.04175  0.04183  0.01421  0.80968  -224.84785  -226.69832  4.99985   768
1461.00  0.04175  0.04183  0.01405  0.80968  -225.05690  -226.95772  4.99985   768
1462.00  0.04173  0.04183  0.01422  0.80968  -224.89058  -226.80513  4.99985   768
1463.00  0.04173  0.04183  0.01477  0.80968  -224.06203  -226.00099  4.99985   768
1464.00  0.04174  0.04183  0.01547  0.80968  -222.99391  -224.93288  4.99985   768
1465.00  0.04174  0.04183  0.01599  0.80968  -222.14400  -224.05549  4.99985   768
1466.00  0.04174  0.04183  0.01618  0.80968  -221.79610  -223.67402  4.99985   768
1467.00  0.04174  0.04183  0.01584  0.80968  -222.28132  -224.11806  4.99985   768
1468.00  0.04174  0.04183  0.01534  0.80968  -223.02748  -224.85658  4.99985   768
1469.00  0.04175  0.04183  0.01473  0.80968  -223.99031  -225.79805  4.99985   768
1470.00  0.04173  0.04183  0.01426  0.80968  -224.74562  -226.59303  4.99985   768
1471.00  0.04175  0.04183  0.01421  0.80968  -224.86311  -226.75935  4.99985   768
1472.00  0.04173  0.04183  0.01455  0.80968  -224.35499  -226.28786  4.99985   768
1473.00  0.04174  0.04183  0.01518  0.80968  -223.45015  -225.41658  4.99985   768
1474.00  0.04173  0.04183  0.01570  0.80968  -222.61549  -224.55598  4.99985   768
1475.00  0.04173  0.04183  0.01594  0.80968  -222.20350  -224.08754  4.99985   768
1476.00  0.04173  0.04183  0.01589  0.80968  -222.26912  -224.14247  4.99985   768
1477.00  0.04173  0.04183  0.01550  0.80968  -222.84285  -224.69331  4.99985   768
1478.00  0.04174  0.04183  0.01480  0.80968  -223.85756  -225.67750  4.99985   768
1479.00  0.04174  0.04183  0.01426  0.80968  -224.66475  -226.51979  4.99985   768
1480.00  0.04173  0.04183  0.01404  0.80968  -225.11793  -226.98366  4.99985   768
1481.00  0.04173  0.04183  0.01417  0.80968  -224.95161  -226.84633  4.99985   768
1482.00  0.04174  0.04183  0.01467  0.80968  -224.20241  -226.13222  4.99985   768
1483.00  0.04174  0.04183  0.01549  0.80968  -222.93898  -224.87489  4.99985   768
1484.00  0.04173  0.04183  0.01584  0.80968  -222.36220  -224.27064  4.99985   768
1485.00  0.04173  0.04183  0.01591  0.80968  -222.23402  -224.08601  4.99985   768
1486.00  0.04174  0.04183  0.01568  0.80968  -222.55751  -224.40645  4.99985   768
1487.00  0.04173  0.04183  0.01526  0.80968  -223.16328  -225.02138  4.99985   768
1488.00  0.04174  0.04183  0.01466  0.80968  -224.10780  -225.94148  4.99985   768
1489.00  0.04173  0.04183  0.01414  0.80968  -224.93941  -226.78987  4.99985   768
1490.00  0.04174  0.04183  0.01416  0.80968  -224.92872  -226.84938  4.99985   768
1491.00  0.04173  0.04183  0.01453  0.80968  -224.39467  -226.34279  4.99985   768
1492.00  0.04173  0.04183  0.01524  0.80968  -223.37538  -225.36470  4.99985   768
1493.00  0.04173  0.04183  0.01582  0.80968  -222.39577  -224.33626  4.99985   768
1494.00  0.04174  0.04183  0.01609  0.80968  -221.96394  -223.87239  4.99985   768
1495.00  0.04173  0.04183  0.01598  0.80968  -222.11500  -223.97310  4.99985   768
1496.00  0.04174  0.04183  0.01571  0.80968  -222.51631  -224.35914  4.99985   768
1497.00  0.04174  0.04183  0.01512  0.80968  -223.38759  -225.20753  4.99985   768
1498.00  0.04172  0.04183  0.01456  0.80968  -224.25429  -226.08797  4.99985   768
1499.00  0.04175  0.04183  0.01440  0.80968  -224.56557  -226.44350  4.99985   768
1500.00  0.04173  0.04183  0.01460  0.80968  -224.28023  -226.16884  4.99985   768
1501.00  0.04174  0.04183  0.01506  0.80968  -223.61799  -225.54780  4.99985   768
1502.00  0.04173  0.04183  0.01576  0.80968  -222.51784  -224.47053  4.99985   768
1503.00  0.04172  0.04183  0.01621  0.80968  -221.80220  -223.69539  4.99985   768
1504.00  0.04174  0.04183  0.01618  0.80968  -221.83272  -223.69844  4.99985   768
1505.00  0.04173  0.04183  0.01590  0.80968  -222.20503  -224.06618  4.99985   768
1506.00  0.04173  0.04183  0.01530  0.80968  -223.11293  -224.94661  4.99985   768
1507.00  0.04174  0.04183  0.01457  0.80968  -224.22377  -226.04677  4.99985   768
1508.00  0.04173  0.04183  0.01415  0.80968  -224.90889  -226.79445  4.99985   768
1509.00  0.04174  0.04183  0.01417  0.80968  -224.94704  -226.86311  4.99985   768
1510.00  0.04175  0.04183  0.01448  0.80968  -224.47096  -226.39314  4.99985   768
1511.00  0.04174  0.04183  0.01516  0.80968  -223.48524  -225.44404  4.99985   768
1512.00  0.04173  0.04183  0.01573  0.80968  -222.53004  -224.45985  4.99985   768
1513.00  0.04173  0.04183  0.01598  0.80968  -222.15315  -224.03261  4.99985   768
1514.00  0.04173  0.04183  0.01589  0.80968  -222.22487  -224.07075  4.99985   768
1515.00  0.04173  0.04183  0.01541  0.80968  -222.97255  -224.78181  4.99985   768
1516.00  0.04174  0.04183  0.01472  0.80968  -223.97200  -225.77974  4.99985   768
1517.00  0.04174  0.04183  0.01420  0.80968  -224.82191  -226.65101  4.99985   768
1518.00  0.04175  0.04183  0.01398  0.80968  -225.17897  -227.04469  4.99985   768
1519.00  0.04172  0.04183  0.01435  0.80968  -224.68916  -226.62660  4.99985   768
1520.00  0.04174  0.04183  0.01498  0.80968  -223.72633  -225.67445  4.99985   768
1521.00  0.04174  0.04183  0.01561  0.80968  -222.72993  -224.67195  4.99985   768
1522.00  0.04173  0.04183  0.01604  0.80968  -222.07075  -224.00514  4.99985   768
1523.00  0.04174  0.04183  0.01613  0.80968  -221.93800  -223.82661  4.99985   768
1524.00  0.04175  0.04183  0.01584  0.80968  -222.30116  -224.17299  4.99985   768
1525.00  0.04173  0.04183  0.01527  0.80968  -223.12361  -224.95271  4.99985   768
1526.00  0.04173  0.04183  0.01468  0.80968  -224.05134  -225.90028  4.99985   768
1527.00  0.04172  0.04183  0.01417  0.80968  -224.89821  -226.74104  4.99985   768
1528.00  0.04173  0.04183  0.01432  0.80968  -224.72883  -226.65254  4.99985   768
1529.00  0.04172  0.04183  0.01479  0.80968  -224.03609  -225.97658  4.99985   768
1530.00  0.04174  0.04183  0.01539  0.80968  -223.10072  -225.02138  4.99985   768
1531.00  0.04174  0.04183  0.01596  0.80968  -222.23707  -224.17451  4.99985   768
1532.00  0.04175  0.04183  0.01630  0.80968  -221.62062  -223.50923  4.99985   768
1533.00  0.04174  0.04183  0.01617  0.80968  -221.80678  -223.65877  4.99985   768
1534.00  0.04174  0.04183  0.01565  0.80968  -222.55903  -224.38051  4.99985   768
1535.00  0.04174  0.04183  0.01495  0.80968  -223.65462  -225.44862  4.99985   768
1536.00  0.04173  0.04183  0.01448  0.80968  -224.38551  -226.22987  4.99985   768
1537.00  0.04173  0.04183  0.01423  0.80968  -224.81734  -226.68764  4.99985   768
1538.00  0.04173  0.04183  0.01446  0.80968  -224.51826  -226.45112  4.99985   768
1539.00  0.04173  0.04183  0.01502  0.80968  -223.68361  -225.63173  4.99985   768
1540.00  0.04174  0.04183  0.01559  0.80968  -222.77876  -224.71620  4.99985   768
1541.00  0.04173  0.04183  0.01595  0.80968  -222.21419  -224.15620  4.99985   768
1542.00  0.04173  0.04183  0.01610  0.80968  -221.96089  -223.86018  4.99985   768
1543.00  0.04172  0.04183  0.01569  0.80968  -222.52852  -224.36525  4.99985   768
1544.00  0.04174  0.04183  0.01510  0.80968  -223.42116  -225.25484  4.99985   768
1545.00  0.04173  0.04183  0.01449  0.80968  -224.37636  -226.20393  4.99985   768
1546.00  0.04175  0.04183  0.01411  0.80968  -224.97908  -226.83870  4.99985   768
1547.00  0.04174  0.04183  0.01422  0.80968  -224.86464  -226.76393  4.99985   768
1548.00  0.04174  0.04183  0.01466  0.80968  -224.18562  -226.12153  4.99985   768
1549.00  0.04175  0.04183  0.01530  0.80968  -223.22127  -225.15260  4.99985   768
1550.00  0.04173  0.04183  0.01583  0.80968  -222.38814  -224.30116  4.99985   768
1551.00  0.04173  0.04183  0.01601  0.80968  -222.07228  -223.95326  4.99985   768
1552.00  0.04174  0.04183  0.01596  0.80968  -222.14247  -224.01430  4.99985   768
1553.00  0.04173  0.04183  0.01552  0.80968  -222.78792  -224.59871  4.99985   768
1554.00  0.04173  0.04183  0.01497  0.80968  -223.62257  -225.46236  4.99985   768
1555.00  0.04173  0.04183  0.01439  0.80968  -224.51063  -226.35194  4.99985   768
1556.00  0.04175  0.04183  0.01436  0.80968  -224.63576  -226.54115  4.99985   768
1557.00  0.04174  0.04183  0.01462  0.80968  -224.25276  -226.19630  4.99985   768
1558.00  0.04174  0.04183  0.01508  0.80968  -223.59205  -225.54323  4.99985   768
1559.00  0.04174  0.04183  0.01574  0.80968  -222.58192  -224.54530  4.99985   768
1560.00  0.04172  0.04183  0.01611  0.80968  -221.97462  -223.88612  4.99985   768
1561.00  0.04172  0.04183  0.01611  0.80968  -221.93342  -223.80372  4.99985   768
1562.00  0.04173  0.04183  0.01580  0.80968  -222.38814  -224.24165  4.99985   768
1563.00  0.04173  0.04183  0.01515  0.80968  -223.36012  -225.18770  4.99985   768
1564.00  0.04173  0.04183  0.01453  0.80968  -224.30464  -226.13069  4.99985   768
1565.00  0.04174  0.04183  0.01423  0.80968  -224.78987  -226.64186  4.99985   768
1566.00  0.04173  0.04183  0.01432  0.80968  -224.72426  -226.61134  4.99985   768
1567.00  0.04172  0.04183  0.01473  0.80968  -224.05287  -225.97505  4.99985   768
1568.00  0.04173  0.04183  0.01530  0.80968  -223.25941  -225.18922  4.99985   768
1569.00  0.04172  0.04183  0.01584  0.80968  -222.35609  -224.28285  4.99985   768
1570.00  0.04172  0.04183  0.01608  0.80968  -221.96089  -223.87086  4.99985   768
1571.00  0.04173  0.04183  0.01581  0.80968  -222.35914  -224.21113  4.99985   768
1572.00  0.04173  0.04183  0.01541  0.80968  -222.96797  -224.80165  4.99985   768
1573.00  0.04173  0.04183  0.01474  0.80968  -224.00252  -225.83620  4.99985   768
1574.00  0.04173  0.04183  0.01416  0.80968  -224.88600  -226.72273  4.99985   768
1575.00  0.04172  0.04183  0.01402  0.80968  -225.14387  -227.04317  4.99985   768
1576.00  0.04172  0.04183  0.01430  0.80968  -224.75935  -226.68306  4.99985   768
1577.00  0.04174  0.04183  0.01496  0.80968  -223.75532  -225.70497  4.99985   768
1578.00  0.04174  0.04183  0.01556  0.80968  -222.82759  -224.77418  4.99985   768
1579.00  0.04172  0.04183  0.01592  0.80968  -222.26759  -224.16536  4.99985   768
1580.00  0.04173  0.04183  0.01602  0.80968  -222.00209  -223.89833  4.99985   768
1581.00  0.04172  0.04183  0.01575  0.80968  -222.45070  -224.28132  4.99985   768
1582.00  0.04173  0.04183  0.01509  0.80968  -223.45015  -225.24873  4.99985   768
1583.00  0.04175  0.04183  0.01454  0.80968  -224.31074  -226.14442  4.99985   768
1584.00  0.04173  0.04183  0.01425  0.80968  -224.74104  -226.60371  4.99985   768
1585.00  0.04173  0.04183  0.01430  0.80968  -224.70137  -226.60676  4.99985   768
1586.00  0.04172  0.04183  0.01480  0.80968  -223.96590  -225.91249  4.99985   768
1587.00  0.04174  0.04183  0.01557  0.80968  -222.87337  -224.82759  4.99985   768
1588.00  0.04172  0.04183  0.01599  0.80968  -222.15163  -224.06007  4.99985   768
1589.00  0.04173  0.04183  0.01620  0.80968  -221.80830  -223.70454  4.99985   768
1590.00  0.04172  0.04183  0.01595  0.80968  -222.15925  -224.01887  4.99985   768
1591.00  0.04174  0.04183  0.01538  0.80968  -222.99849  -224.82301  4.99985   768
1592.00  0.04172  0.04183  0.01477  0.80968  -223.93385  -225.75990  4.99985   768
1593.00  0.04174  0.04183  0.01432  0.80968  -224.66933  -226.52437  4.99985   768
1594.00  0.04172  0.04183  0.01411  0.80968  -225.00349  -226.86159  4.99985   768
1595.00  0.04172  0.04183  0.01440  0.80968  -224.61134  -226.55641  4.99985   768
1596.00  0.04172  0.04183  0.01499  0.80968  -223.75990  -225.69429  4.99985   768
1597.00  0.04173  0.04183  0.01554  0.80968  -222.84895  -224.76198  4.99985   768
1598.00  0.04173  0.04183  0.01579  0.80968  -222.39729  -224.27980  4.99985   768
1599.00  0.04174  0.04183  0.01586  0.80968  -222.33320  -224.19435  4.99985   768
1600.00  0.04173  0.04183  0.01551  0.80968  -222.79555  -224.63075  4.99985   768
1601.00  0.04173  0.04183  0.01483  0.80968  -223.79347  -225.59205  4.99985   768
1602.00  0.04172  0.04183  0.01434  0.80968  -224.62050  -226.46944  4.99985   768
1603.00  0.04173  0.04183  0.01408  0.80968  -225.00502  -226.88447  4.99985   768
1604.00  0.04173  0.04183  0.01419  0.80968  -224.88295  -226.81123  4.99985   768
1605.00  0.04173  0.04183  0.01474  0.80968  -224.08339  -226.02083  4.99985   768
1606.00  0.04173  0.04183  0.01534  0.80968  -223.15871  -225.09920  4.99985   768
1607.00  0.04173  0.04183  0.01576  0.80968  -222.51173  -224.43391  4.99985   768
1608.00  0.04172  0.04183  0.01591  0.80968  -222.25691  -224.15773  4.99985   768
1609.00  0.04173  0.04183  0.01582  0.80968  -222.37746  -224.24470  4.99985   768
1610.00  0.04173  0.04183  0.01530  0.80968  -223.14039  -224.97407  4.99985   768
1611.00  0.04172  0.04183  0.01475  0.80968  -223.91554  -225.74769  4.99985   768
1612.00  0.04174  0.04183  0.01429  0.80968  -224.71968  -226.57930  4.99985   768
1613.00  0.04172  0.04183  0.01422  0.80968  -224.79140  -226.67543  4.99985   768
1614.00  0.04173  0.04183  0.01457  0.80968  -224.35499  -226.28480  4.99985   768
1615.00  0.04172  0.04183  0.01518  0.80968  -223.40437  -225.32045  4.99985   768
1616.00  0.04174  0.04183  0.01572  0.80968  -222.58497  -224.49647  4.99985   768
1617.00  0.04174  0.04183  0.01601  0.80968  -222.09517  -223.98225  4.99985   768
1618.00  0.04173  0.04183  0.01589  0.80968  -222.23707  -224.08906  4.99985   768
1619.00  0.04173  0.04183  0.01562  0.80968  -222.63533  -224.48579  4.99985   768
1620.00  0.04174  0.04183  0.01498  0.80968  -223.59816  -225.42268  4.99985   768
1621.00  0.04172  0.04183  0.01450  0.80968  -224.39467  -226.24818  4.99985   768
1622.00  0.04174  0.04183  0.01426  0.80968  -224.77003  -226.65559  4.99985   768
1623.00  0.04174  0.04183  0.01435  0.80968  -224.66170  -226.57320  4.99985   768
1624.00  0.04173  0.04183  0.01481  0.80968  -224.01778  -225.96437  4.99985   768
1625.00  0.04173  0.04183  0.01536  0.80968  -223.15413  -225.09920  4.99985   768
1626.00  0.04172  0.04183  0.01582  0.80968  -222.39119  -224.31489  4.99985   768
1627.00  0.04174  0.04183  0.01584  0.80968  -222.33168  -224.20808  4.99985   768
1628.00  0.04174  0.04183  0.01552  0.80968  -222.76350  -224.61397  4.99985   768
1629.00  0.04175  0.04183  0.01501  0.80968  -223.52339  -225.35097  4.99985   768
1630.00  0.04172  0.04183  0.01446  0.80968  -224.40993  -226.25276  4.99985   768
1631.00  0.04172  0.04183  0.01404  0.80968  -225.07368  -226.91652  4.99985   768
1632.00  0.04173  0.04183  0.01406  0.80968  -225.13014  -227.01875  4.99985   768
1633.00  0.04173  0.04183  0.01450  0.80968  -224.44655  -226.37025  4.99985   768
1634.00  0.04172  0.04183  0.01507  0.80968  -223.55849  -225.50203  4.99985   768
1635.00  0.04172  0.04183  0.01559  0.80968  -222.76808  -224.69026  4.99985   768
1636.00  0.04173  0.04183  0.01594  0.80968  -222.17757  -224.08906  4.99985   768
1637.00  0.04173  0.04183  0.01581  0.80968  -222.36525  -224.19893  4.99985   768
1638.00  0.04172  0.04183  0.01535  0.80968  -223.04884  -224.88862  4.99985   768
1639.00  0.04174  0.04183  0.01483  0.80968  -223.84840  -225.70344  4.99985   768
1640.00  0.04173  0.04183  0.01430  0.80968  -224.68153  -226.52132  4.99985   768
1641.00  0.04173  0.04183  0.01422  0.80968  -224.86159  -226.75325  4.99985   768
1642.00  0.04174  0.04183  0.01448  0.80968  -224.49843  -226.43281  4.99985   768
1643.00  0.04172  0.04183  0.01504  0.80968  -223.63783  -225.58137  4.99985   768
1644.00  0.04174  0.04183  0.01560  0.80968  -222.77876  -224.70247  4.99985   768
1645.00  0.04173  0.04183  0.01600  0.80968  -222.11348  -224.02650  4.99985   768
1646.00  0.04173  0.04183  0.01606  0.80968  -222.04176  -223.91511  4.99985   768
1647.00  0.04173  0.04183  0.01587  0.80968  -222.22334  -224.07228  4.99985   768
1648.00  0.04173  0.04183  0.01529  0.80968  -223.10225  -224.91609  4.99985   768
1649.00  0.04172  0.04183  0.01469  0.80968  -224.08644  -225.91249  4.99985   768
1650.00  0.04173  0.04183  0.01433  0.80968  -224.62965  -226.47706  4.99985   768
1651.00  0.04173  0.04183  0.01439  0.80968  -224.57472  -226.47706  4.99985   768
1652.00  0.04172  0.04183  0.01486  0.80968  -223.89570  -225.84382  4.99985   768
1653.00  0.04172  0.04183  0.01538  0.80968  -223.09614  -225.03358  4.99985   768
1654.00  0.04172  0.04183  0.01592  0.80968  -222.23402  -224.15468  4.99985   768
1655.00  0.04172  0.04183  0.01603  0.80968  -222.05549  -223.95936  4.99985   768
1656.00  0.04173  0.04183  0.01600  0.80968  -222.06923  -223.94563  4.99985   768
1657.00  0.04172  0.04183  0.01549  0.80968  -222.81233  -224.64296  4.99985   768
1658.00  0.04171  0.04183  0.01486  0.80968  -223.79957  -225.64241  4.99985   768
1659.00  0.04171  0.04183  0.01435  0.80968  -224.60676  -226.47401  4.99985   768
1660.00  0.04173  0.04183  0.01416  0.80968  -224.92720  -226.79903  4.99985   768
1661.00  0.04172  0.04183  0.01436  0.80968  -224.68458  -226.61287  4.99985   768
1662.00  0.04172  0.04183  0.01491  0.80968  -223.85451  -225.79195  4.99985   768
1663.00  0.04172  0.04183  0.01551  0.80968  -222.89015  -224.83827  4.99985   768
1664.00  0.04173  0.04183  0.01592  0.80968  -222.24013  -224.13942  4.99985   768
1665.00  0.04173  0.04183  0.01593  0.80968  -222.18825  -224.04329  4.99985   768
1666.00  0.04171  0.04183  0.01559  0.80968  -222.66737  -224.48121  4.99985   768
1667.00  0.04172  0.04183  0.01501  0.80968  -223.57069  -225.37385  4.99985   768
1668.00  0.04173  0.04183  0.01440  0.80968  -224.52437  -226.34889  4.99985   768
1669.00  0.04172  0.04183  0.01424  0.80968  -224.75783  -226.63881  4.99985   768
1670.00  0.04172  0.04183  0.01419  0.80968  -224.89058  -226.76240  4.99985   768
1671.00  0.04172  0.04183  0.01468  0.80968  -224.20698  -226.14747  4.99985   768
1672.00  0.04172  0.04183  0.01540  0.80968  -223.10988  -225.08089  4.99985   768
1673.00  0.04171  0.04183  0.01599  0.80968  -222.17299  -224.10585  4.99985   768
1674.00  0.04172  0.04183  0.01615  0.80968  -221.86476  -223.76558  4.99985   768
1675.00  0.04172  0.04183  0.01602  0.80968  -222.04481  -223.91969  4.99985   768
1676.00  0.04173  0.04183  0.01552  0.80968  -222.74519  -224.58040  4.99985   768
1677.00  0.04173  0.04183  0.01482  0.80968  -223.84382  -225.67598  4.99985   768
1678.00  0.04172  0.04183  0.01438  0.80968  -224.54268  -226.39314  4.99985   768
1679.00  0.04173  0.04183  0.01429  0.80968  -224.71358  -226.60219  4.99985   768
1680.00  0.04172  0.04183  0.01453  0.80968  -224.38399  -226.29549  4.99985   768
1681.00  0.04172  0.04183  0.01506  0.80968  -223.61189  -225.54628  4.99985   768
1682.00  0.04173  0.04183  0.01574  0.80968  -222.54225  -224.45680  4.99985   768
1683.00  0.04172  0.04183  0.01611  0.80968  -221.96242  -223.86323  4.99985   768
1684.00  0.04173  0.04183  0.01613  0.80968  -221.86934  -223.73659  4.99985   768
1685.00  0.04173  0.04183  0.01568  0.80968  -222.51326  -224.34236  4.99985   768
1686.00  0.04172  0.04183  0.01512  0.80968  -223.39979  -225.21516  4.99985   768
1687.00  0.04172  0.04183  0.01440  0.80968  -224.48927  -226.31227  4.99985   768
1688.00  0.04172  0.04183  0.01413  0.80968  -224.94093  -226.80665  4.99985   768
1689.00  0.04173  0.04183  0.01414  0.80968  -224.98060  -226.88905  4.99985   768
1690.00  0.04173  0.04183  0.01458  0.80968  -224.37178  -226.31837  4.99985   768
1691.00  0.04172  0.04183  0.01523  0.80968  -223.37385  -225.32350  4.99985   768
1692.00  0.04172  0.04183  0.01578  0.80968  -222.49495  -224.42323  4.99985   768
1693.00  0.04172  0.04183  0.01601  0.80968  -222.11653  -224.01277  4.99985   768
1694.00  0.04174  0.04183  0.01585  0.80968  -222.33931  -224.20503  4.99985   768
1695.00  0.04171  0.04183  0.01525  0.80968  -223.19075  -225.00307  4.99985   768
1696.00  0.04171  0.04183  0.01457  0.80968  -224.19935  -226.00862  4.99985   768
1697.00  0.04172  0.04183  0.01415  0.80968  -224.93941  -226.80818  4.99985   768
1698.00  0.04172  0.04183  0.01413  0.80968  -224.99281  -226.86922  4.99985   768
1699.00  0.04173  0.04183  0.01418  0.80968  -224.93178  -226.80665  4.99985   768
1700.00  0.04172  0.04183  0.01485  0.80968  -223.92164  -225.86824  4.99985   768
1701.00  0.04173  0.04183  0.01564  0.80968  -222.71925  -224.68111  4.99985   768
1702.00  0.04172  0.04183  0.01600  0.80968  -222.11653  -224.02040  4.99985   768
1703.00  0.04171  0.04183  0.01596  0.80968  -222.16536  -224.02345  4.99985   768
1704.00  0.04172  0.04183  0.01539  0.80968  -222.96797  -224.78486  4.99985   768
1705.00  0.04173  0.04183  0.01488  0.80968  -223.77974  -225.62410  4.99985   768
1706.00  0.04173  0.04183  0.01444  0.80968  -224.44502  -226.30311  4.99985   768
1707.00  0.04172  0.04183  0.01395  0.80968  -225.18507  -227.03706  4.99985   768
1708.00  0.04172  0.04183  0.01401  0.80968  -225.18660  -227.11183  4.99985   768
1709.00  0.04172  0.04183  0.01442  0.80968  -224.57930  -226.50300  4.99985   768
1710.00  0.04172  0.04183  0.01517  0.80968  -223.47609  -225.44557  4.99985   768
1711.00  0.04170  0.04183  0.01576  0.80968  -222.53309  -224.47359  4.99985   768
1712.00  0.04172  0.04183  0.01599  0.80968  -222.08449  -223.97462  4.99985   768
1713.00  0.04173  0.04183  0.01565  0.80968  -222.54530  -224.36677  4.99985   768
1714.00  0.04173  0.04183  0.01488  0.80968  -223.74464  -225.56764  4.99985   768
1715.00  0.04172  0.04183  0.01454  0.80968  -224.27412  -226.13374  4.99985   768
1716.00  0.04172  0.04183  0.01423  0.80968  -224.77919  -226.60829  4.99985   768
1717.00  0.04172  0.04183  0.01400  0.80968  -225.14235  -227.02180  4.99985   768
1718.00  0.04172  0.04183  0.01412  0.80968  -224.98213  -226.89668  4.99985   768
1719.00  0.04172  0.04183  0.01474  0.80968  -224.13679  -226.07271  4.99985   768
1720.00  0.04171  0.04183  0.01554  0.80968  -222.86116  -224.82759  4.99985   768
1721.00  0.04173  0.04183  0.01599  0.80968  -222.14247  -224.04329  4.99985   768
1722.00  0.04172  0.04183  0.01594  0.80968  -222.18672  -224.05855  4.99985   768
1723.00  0.04172  0.04183  0.01551  0.80968  -222.78486  -224.62160  4.99985   768
1724.00  0.04171  0.04183  0.01480  0.80968  -223.84688  -225.67750  4.99985   768
1725.00  0.04171  0.04183  0.01433  0.80968  -224.62965  -226.49080  4.99985   768
1726.00  0.04172  0.04183  0.01410  0.80968  -225.00960  -226.88600  4.99985   768
1727.00  0.04172  0.04183  0.01412  0.80968  -225.02486  -226.93788  4.99985   768
1728.00  0.04172  0.04183  0.01457  0.80968  -224.35957  -226.29396  4.99985   768
1729.00  0.04172  0.04183  0.01518  0.80968  -223.41353  -225.35402  4.99985   768
1730.00  0.04172  0.04183  0.01576  0.80968  -222.51326  -224.43544  4.99985   768
1731.00  0.04173  0.04183  0.01600  0.80968  -222.09822  -223.98836  4.99985   768
1732.00  0.04172  0.04183  0.01573  0.80968  -222.44002  -224.27370  4.99985   768
1733.00  0.04171  0.04183  0.01512  0.80968  -223.38148  -225.18770  4.99985   768
1734.00  0.04172  0.04183  0.01457  0.80968  -224.22377  -226.04524  4.99985   768
1735.00  0.04172  0.04183  0.01420  0.80968  -224.82344  -226.66933  4.99985   768
1736.00  0.04173  0.04183  0.01414  0.80968  -224.95009  -226.84480  4.99985   768
1737.00  0.04171  0.04183  0.01448  0.80968  -224.47706  -226.40687  4.99985   768
1738.00  0.04171  0.04183  0.01500  0.80968  -223.66377  -225.61189  4.99985   768
1739.00  0.04172  0.04183  0.01559  0.80968  -222.76961  -224.70094  4.99985   768
1740.00  0.04173  0.04183  0.01592  0.80968  -222.26454  -224.16994  4.99985   768
1741.00  0.04172  0.04183  0.01585  0.80968  -222.31642  -224.18977  4.99985   768
1742.00  0.04172  0.04183  0.01551  0.80968  -222.80775  -224.65211  4.99985   768
1743.00  0.04172  0.04183  0.01488  0.80968  -223.74922  -225.58900  4.99985   768
1744.00  0.04172  0.04183  0.01429  0.80968  -224.68153  -226.50911  4.99985   768
1745.00  0.04172  0.04183  0.01397  0.80968  -225.19423  -227.05537  4.99985   768
1746.00  0.04171  0.04183  0.01418  0.80968  -224.91194  -226.84938  4.99985   768
1747.00  0.04171  0.04183  0.01472  0.80968  -224.11238  -226.03303  4.99985   768
1748.00  0.04172  0.04183  0.01521  0.80968  -223.36775  -225.29451  4.99985   768
1749.00  0.04172  0.04183  0.01571  0.80968  -222.54530  -224.45680  4.99985   768
1750.00  0.04172  0.04183  0.01573  0.80968  -222.50715  -224.38814  4.99985   768
1751.00  0.04173  0.04183  0.01552  0.80968  -222.81538  -224.65822  4.99985   768
1752.00  0.04172  0.04183  0.01513  0.80968  -223.40590  -225.24721  4.99985   768
1753.00  0.04171  0.04183  0.01450  0.80968  -224.31685  -226.14595  4.99985   768
1754.00  0.04174  0.04183  0.01406  0.80968  -225.04164  -226.88753  4.99985   768
1755.00  0.04172  0.04183  0.01392  0.80968  -225.31782  -227.20643  4.99985   768
1756.00  0.04172  0.04183  0.01431  0.80968  -224.76088  -226.71052  4.99985   768
1757.00  0.04171  0.04183  0.01504  0.80968  -223.62715  -225.59205  4.99985   768
1758.00  0.04172  0.04183  0.01571  0.80968  -222.61854  -224.57429  4.99985   768
1759.00  0.04172  0.04183  0.01600  0.80968  -222.09669  -224.00514  4.99985   768
1760.00  0.04171  0.04183  0.01586  0.80968  -222.26301  -224.13179  4.99985   768
1761.00  0.04173  0.04183  0.01541  0.80968  -222.99696  -224.84590  4.99985   768
1762.00  0.04170  0.04183  0.01487  0.80968  -223.76601  -225.61342  4.99985   768
1763.00  0.04173  0.04183  0.01442  0.80968  -224.45418  -226.29701  4.99985   768
1764.00  0.04172  0.04183  0.01426  0.80968  -224.76240  -226.63118  4.99985   768
1765.00  0.04172  0.04183  0.01443  0.80968  -224.52437  -226.43281  4.99985   768
1766.00  0.04172  0.04183  0.01489  0.80968  -223.84535  -225.79042  4.99985   768
1767.00  0.04172  0.04183  0.01557  0.80968  -222.78181  -224.70705  4.99985   768
1768.00  0.04173  0.04183  0.01607  0.80968  -222.01430  -223.92885  4.99985   768
1769.00  0.04172  0.04183  0.01611  0.80968  -221.88917  -223.75490  4.99985   768
1770.00  0.04171  0.04183  0.01580  0.80968  -222.36525  -224.21419  4.99985   768
1771.00  0.04171  0.04183  0.01521  0.80968  -223.23042  -225.05952  4.99985   768
1772.00  0.04172  0.04183  0.01461  0.80968  -224.17952  -226.00404  4.99985   768
1773.00  0.04172  0.04183  0.01417  0.80968  -224.88600  -226.76546  4.99985   768
1774.00  0.04171  0.04183  0.01412  0.80968  -224.98213  -226.89363  4.99985   768
1775.00  0.04172  0.04183  0.01451  0.80968  -224.44807  -226.37178  4.99985   768
1776.00  0.04172  0.04183  0.01509  0.80968  -223.58137  -225.54628  4.99985   768
1777.00  0.04172  0.04183  0.01561  0.80968  -222.75740  -224.68568  4.99985   768
1778.00  0.04172  0.04183  0.01593  0.80968  -222.21113  -224.13331  4.99985   768
1779.00  0.04172  0.04183  0.01583  0.80968  -222.33778  -224.18977  4.99985   768
1780.00  0.04172  0.04183  0.01537  0.80968  -223.01375  -224.83217  4.99985   768
1781.00  0.04172  0.04183  0.01467  0.80968  -224.05745  -225.86519  4.99985   768
1782.00  0.04173  0.04183  0.01408  0.80968  -225.00654  -226.84022  4.99985   768
1783.00  0.04172  0.04183  0.01394  0.80968  -225.25221  -227.11488  4.99985   768
1784.00  0.04173  0.04183  0.01417  0.80968  -224.96229  -226.88142  4.99985   768
1785.00  0.04171  0.04183  0.01485  0.80968  -223.92775  -225.87739  4.99985   768
1786.00  0.04171  0.04183  0.01549  0.80968  -222.98323  -224.91456  4.99985   768
1787.00  0.04172  0.04183  0.01595  0.80968  -222.19588  -224.10585  4.99985   768
1788.00  0.04174  0.04183  0.01597  0.80968  -222.13789  -224.02193  4.99985   768
1789.00  0.04172  0.04183  0.01566  0.80968  -222.57277  -224.42934  4.99985   768
1790.00  0.04173  0.04183  0.01511  0.80968  -223.43336  -225.26857  4.99985   768
1791.00  0.04172  0.04183  0.01444  0.80968  -224.42061  -226.24818  4.99985   768
1792.00  0.04172  0.04183  0.01409  0.80968  -225.01875  -226.90584  4.99985   768
1793.00  0.04171  0.04183  0.01408  0.80968  -225.06605  -226.96840  4.99985   768
1794.00  0.04170  0.04183  0.01450  0.80968  -224.50758  -226.43281  4.99985   768
1795.00  0.04171  0.04183  0.01522  0.80968  -223.38606  -225.34791  4.99985   768
1796.00  0.04172  0.04183  0.01579  0.80968  -222.45833  -224.39424  4.99985   768
1797.00  0.04172  0.04183  0.01602  0.80968  -222.05702  -223.94868  4.99985   768
1798.00  0.04172  0.04183  0.01583  0.80968  -222.34999  -224.18825  4.99985   768
1799.00  0.04172  0.04183  0.01543  0.80968  -222.91456  -224.75282  4.99985   768
1800.00  0.04171  0.04183  0.01479  0.80968  -223.90181  -225.71565  4.99985   768
1801.00  0.04172  0.04183  0.01423  0.80968  -224.78377  -226.62355  4.99985   768
1802.00  0.04171  0.04183  0.01403  0.80968  -225.10420  -226.97755  4.99985   768
1803.00  0.04171  0.04183  0.01425  0.80968  -224.83565  -226.74562  4.99985   768
1804.00  0.04170  0.04183  0.01480  0.80968  -223.99794  -225.94301  4.99985   768
1805.00  0.04172  0.04183  0.01542  0.80968  -223.05342  -225.00001  4.99985   768
1806.00  0.04170  0.04183  0.01586  0.80968  -222.37593  -224.29658  4.99985   768
1807.00  0.04173  0.04183  0.01597  0.80968  -222.13331  -224.02040  4.99985   768
1808.00  0.04172  0.04183  0.01558  0.80968  -222.70857  -224.56514  4.99985   768
1809.00  0.04171  0.04183  0.01507  0.80968  -223.45930  -225.30061  4.99985   768
1810.00  0.04172  0.04183  0.01435  0.80968  -224.62813  -226.45570  4.99985   768
1811.00  0.04172  0.04183  0.01401  0.80968  -225.14540  -227.02333  4.99985   768
1812.00  0.04172  0.04183  0.01399  0.80968  -225.19423  -227.09199  4.99985   768
1813.00  0.04172  0.04183  0.01440  0.80968  -224.63576  -226.56404  4.99985   768
1814.00  0.04172  0.04183  0.01503  0.80968  -223.63020  -225.55696  4.99985   768
1815.00  0.04171  0.04183  0.01552  0.80968  -222.87337  -224.77571  4.99985   768
1816.00  0.04173  0.04183  0.01582  0.80968  -222.37898  -224.27522  4.99985   768
1817.00  0.04171  0.04183  0.01565  0.80968  -222.59260  -224.44459  4.99985   768
1818.00  0.04172  0.04183  0.01518  0.80968  -223.27925  -225.09614  4.99985   768
1819.00  0.04172  0.04183  0.01459  0.80968  -224.23292  -226.05897  4.99985   768
1820.00  0.04171  0.04183  0.01413  0.80968  -224.91652  -226.76851  4.99985   768
1821.00  0.04173  0.04183  0.01394  0.80968  -225.25526  -227.15150  4.99985   768
1822.00  0.04172  0.04183  0.01416  0.80968  -224.97298  -226.89210  4.99985   768
1823.00  0.04171  0.04183  0.01474  0.80968  -224.09559  -226.04982  4.99985   768
1824.00  0.04171  0.04183  0.01534  0.80968  -223.15260  -225.09309  4.99985   768
1825.00  0.04173  0.04183  0.01575  0.80968  -222.55293  -224.47206  4.99985   768
1826.00  0.04173  0.04183  0.01590  0.80968  -222.27064  -224.15010  4.99985   768
1827.00  0.04172  0.04183  0.01556  0.80968  -222.70857  -224.56666  4.99985   768
1828.00  0.04172  0.04183  0.01497  0.80968  -223.61189  -225.42879  4.99985   768
1829.00  0.04171  0.04183  0.01435  0.80968  -224.59608  -226.41908  4.99985   768
1830.00  0.04171  0.04183  0.01403  0.80968  -225.14082  -227.00502  4.99985   768
1831.00  0.04172  0.04183  0.01406  0.80968  -225.06453  -226.95314  4.99985   768
1832.00  0.04172  0.04183  0.01446  0.80968  -224.53047  -226.45875  4.99985   768
1833.00  0.04173  0.04183  0.01513  0.80968  -223.48982  -225.41810  4.99985   768
1834.00  0.04172  0.04183  0.01565  0.80968  -222.66432  -224.58650  4.99985   768
1835.00  0.04173  0.04183  0.01589  0.80968  -222.27370  -224.15925  4.99985   768
1836.00  0.04172  0.04183  0.01579  0.80968  -222.37440  -224.23250  4.99985   768
1837.00  0.04171  0.04183  0.01535  0.80968  -223.04426  -224.87794  4.99985   768
1838.00  0.04172  0.04183  0.01474  0.80968  -224.01015  -225.83925  4.99985   768
1839.00  0.04172  0.04183  0.01425  0.80968  -224.74257  -226.60219  4.99985   768
1840.00  0.04172  0.04183  0.01413  0.80968  -225.00044  -226.89973  4.99985   768
1841.00  0.04172  0.04183  0.01434  0.80968  -224.71052  -226.63881  4.99985   768
1842.00  0.04171  0.04183  0.01493  0.80968  -223.79805  -225.75685  4.99985   768
1843.00  0.04171  0.04183  0.01557  0.80968  -222.82454  -224.77876  4.99985   768
1844.00  0.04170  0.04183  0.01597  0.80968  -222.17604  -224.06007  4.99985   768
1845.00  0.04171  0.04183  0.01598  0.80968  -222.12569  -224.00667  4.99985   768
1846.00  0.04170  0.04183  0.01576  0.80968  -222.37593  -224.22792  4.99985   768
1847.00  0.04170  0.04183  0.01524  0.80968  -223.19990  -225.03206  4.99985   768
1848.00  0.04170  0.04183  0.01470  0.80968  -224.06660  -225.88960  4.99985   768
1849.00  0.04173  0.04183  0.01449  0.80968  -224.44502  -226.30159  4.99985   768
1850.00  0.04172  0.04183  0.01450  0.80968  -224.42213  -226.31837  4.99985   768
1851.00  0.04173  0.04183  0.01496  0.80968  -223.73854  -225.66835  4.99985   768
1852.00  0.04171  0.04183  0.01554  0.80968  -222.88100  -224.81386  4.99985   768
1853.00  0.04172  0.04183  0.01613  0.80968  -221.94258  -223.84798  4.99985   768
1854.00  0.04170  0.04183  0.01640  0.80968  -221.48176  -223.39937  4.99985   768
1855.00  0.04172  0.04183  0.01624  0.80968  -221.64961  -223.52601  4.99985   768
1856.00  0.04171  0.04183  0.01583  0.80968  -222.30116  -224.16078  4.99985   768
1857.00  0.04171  0.04183  0.01519  0.80968  -223.33571  -225.18007  4.99985   768
1858.00  0.04171  0.04183  0.01478  0.80968  -223.94758  -225.80873  4.99985   768
1859.00  0.04170  0.04183  0.01474  0.80968  -224.06966  -225.96590  4.99985   768
1860.00  0.04171  0.04183  0.01506  0.80968  -223.62562  -225.56001  4.99985   768
1861.00  0.04170  0.04183  0.01567  0.80968  -222.60786  -224.57582  4.99985   768
1862.00  0.04170  0.04183  0.01625  0.80968  -221.79915  -223.72743  4.99985   768
1863.00  0.04171  0.04183  0.01670  0.80968  -221.07435  -222.99043  4.99985   768
1864.00  0.04171  0.04183  0.01672  0.80968  -220.96297  -222.81496  4.99985   768
1865.00  0.04170  0.04183  0.01641  0.80968  -221.39631  -223.21168  4.99985   768
1866.00  0.04172  0.04183  0.01586  0.80968  -222.25996  -224.09975  4.99985   768
1867.00  0.04170  0.04183  0.01526  0.80968  -223.18159  -224.99849  4.99985   768
1868.00  0.04171  0.04183  0.01500  0.80968  -223.63478  -225.50661  4.99985   768
1869.00  0.04171  0.04183  0.01523  0.80968  -223.30061  -225.22127  4.99985   768
1870.00  0.04171  0.04183  0.01577  0.80968  -222.50868  -224.43544  4.99985   768
1871.00  0.04170  0.04183  0.01636  0.80968  -221.58095  -223.53059  4.99985   768
1872.00  0.04171  0.04183  0.01684  0.80968  -220.83327  -222.75545  4.99985   768
1873.00  0.04170  0.04183  0.01707  0.80968  -220.46705  -222.37855  4.99985   768
1874.00  0.04170  0.04183  0.01700  0.80968  -220.55250  -222.42280  4.99985   768
1875.00  0.04170  0.04183  0.01665  0.80968  -221.06367  -222.92177  4.99985   768
1876.00  0.04170  0.04183  0.01609  0.80968  -221.90138  -223.72438  4.99985   768
1877.00  0.04171  0.04183  0.01557  0.80968  -222.73756  -224.58040  4.99985   768
1878.00  0.04169  0.04183  0.01548  0.80968  -222.87184  -224.76503  4.99985   768
1879.00  0.04170  0.04183  0.01588  0.80968  -222.35762  -224.29201  4.99985   768
1880.00  0.04171  0.04183  0.01658  0.80968  -221.24983  -223.17964  4.99985   768
1881.00  0.04171  0.04183  0.01726  0.80968  -220.21528  -222.15120  4.99985   768
1882.00  0.04170  0.04183  0.01775  0.80968  -219.42946  -221.33638  4.99985   768
1883.00  0.04170  0.04183  0.01773  0.80968  -219.42335  -221.28145  4.99985   768
1884.00  0.04171  0.04183  0.01747  0.80968  -219.80635  -221.67665  4.99985   768
1885.00  0.04170  0.04183  0.01701  0.80968  -220.49299  -222.32362  4.99985   768
1886.00  0.04171  0.04183  0.01658  0.80968  -221.14149  -223.00264  4.99985   768
1887.00  0.04172  0.04183  0.01632  0.80968  -221.60078  -223.47108  4.99985   768
1888.00  0.04172  0.04183  0.01650  0.80968  -221.37190  -223.29103  4.99985   768
1889.00  0.04171  0.04183  0.01696  0.80968  -220.71577  -222.66237  4.99985   768
1890.00  0.04171  0.04183  0.01764  0.80968  -219.66444  -221.62477  4.99985   768
1891.00  0.04171  0.04183  0.01821  0.80968  -218.77485  -220.72145  4.99985   768
1892.00  0.04172  0.04183  0.01850  0.80968  -218.27437  -220.19349  4.99985   768
1893.00  0.04172  0.04183  0.01842  0.80968  -218.38270  -220.23927  4.99985   768
1894.00  0.04171  0.04183  0.01791  0.80968  -219.11207  -220.94423  4.99985   768
1895.00  0.04169  0.04183  0.01734  0.80968  -220.03523  -221.88264  4.99985   768
1896.00  0.04171  0.04183  0.01699  0.80968  -220.48994  -222.34498  4.99985   768
1897.00  0.04172  0.04183  0.01688  0.80968  -220.76918  -222.63643  4.99985   768
1898.00  0.04171  0.04183  0.01715  0.80968  -220.34193  -222.22749  4.99985   768
1899.00  0.04172  0.04183  0.01775  0.80968  -219.50728  -221.44166  4.99985   768
1900.00  0.04172  0.04183  0.01835  0.80968  -218.53377  -220.45747  4.99985   768
1901.00  0.04171  0.04183  0.01865  0.80968  -217.99818  -219.88985  4.99985   768
1902.00  0.04171  0.04183  0.01873  0.80968  -217.89595  -219.79219  4.99985   768
1903.00  0.04171  0.04183  0.01836  0.80968  -218.39644  -220.22859  4.99985   768
1904.00  0.04170  0.04183  0.01780  0.80968  -219.26771  -221.08003  4.99985   768
1905.00  0.04170  0.04183  0.01725  0.80968  -220.13899  -221.99556  4.99985   768
1906.00  0.04170  0.04183  0.01709  0.80968  -220.44569  -222.34956  4.99985   768
1907.00  0.04172  0.04183  0.01722  0.80968  -220.27327  -222.18172  4.99985   768
1908.00  0.04172  0.04183  0.01772  0.80968  -219.53627  -221.48744  4.99985   768
1909.00  0.04171  0.04183  0.01842  0.80968  -218.48646  -220.43764  4.99985   768
1910.00  0.04171  0.04183  0.01888  0.80968  -217.72200  -219.64570  4.99985   768
1911.00  0.04171  0.04183  0.01899  0.80968  -217.50380  -219.38325  4.99985   768
1912.00  0.04170  0.04183  0.01891  0.80968  -217.61061  -219.48396  4.99985   768
1913.00  0.04170  0.04183  0.01850  0.80968  -218.20570  -220.02870  4.99985   768
1914.00  0.04170  0.04183  0.01805  0.80968  -218.90761  -220.72145  4.99985   768
1915.00  0.04171  0.04183  0.01764  0.80968  -219.51948  -221.35316  4.99985   768
1916.00  0.04170  0.04183  0.01735  0.80968  -219.98793  -221.84602  4.99985   768
1917.00  0.04171  0.04183  0.01764  0.80968  -219.63698  -221.56831  4.99985   768
1918.00  0.04172  0.04183  0.01820  0.80968  -218.78401  -220.69704  4.99985   768
1919.00  0.04171  0.04183  0.01875  0.80968  -217.92189  -219.85170  4.99985   768
1920.00  0.04170  0.04183  0.01910  0.80968  -217.35121  -219.26729  4.99985   768
1921.00  0.04172  0.04183  0.01885  0.80968  -217.67622  -219.52211  4.99985   768
1922.00  0.04171  0.04183  0.01843  0.80968  -218.32930  -220.18739  4.99985   768
1923.00  0.04172  0.04183  0.01789  0.80968  -219.13801  -220.98085  4.99985   768
1924.00  0.04169  0.04183  0.01750  0.80968  -219.75905  -221.61409  4.99985   768
1925.00  0.04171  0.04183  0.01486  0.80968  -223.47456  -225.00307  4.99985   768
1926.00  0.04172  0.04183  0.01192  0.80968  -228.22005  -229.94386  4.99985   768
1927.00  0.04171  0.04183  0.01301  0.80968  -226.69722  -228.67280  4.99985   768
1928.00  0.04171  0.04183  0.01148  0.80968  -228.91127  -230.65950  4.99985   768
1929.00  0.04171  0.04183  0.01089  0.80968  -229.97481  -231.88631  4.99985   768
1930.00  0.04173  0.04183  0.01120  0.80968  -229.34920  -231.14473  4.99985   768
1931.00  0.04171  0.04183  0.00999  0.80968  -231.26112  -233.09938  4.99985   768
1932.00  0.04172  0.04183  0.00973  0.80968  -231.69600  -233.53426  4.99985   768
1933.00  0.04171  0.04183  0.00900  0.80968  -232.73207  -234.50319  4.99985   768
1934.00  0.04172  0.04183  0.00848  0.80968  -233.60640  -235.46754  4.99985   768
1935.00  0.04172  0.04183  0.00866  0.80968  -233.43245  -235.35463  4.99985   768
1936.00  0.04171  0.04183  0.00911  0.80968  -232.71834  -234.63594  4.99985   768
1937.00  0.04172  0.04183  0.00968  0.80968  -231.86079  -233.80128  4.99985   768
1938.00  0.04172  0.04183  0.01030  0.80968  -230.91475  -232.86439  4.99985   768
1939.00  0.04172  0.04183  0.01033  0.80968  -230.81709  -232.69044  4.99985   768
1940.00  0.04172  0.04183  0.01029  0.80968  -230.85219  -232.76216  4.99985   768
1941.00  0.04171  0.04183  0.01013  0.80968  -231.08412  -232.93153  4.99985   768
1942.00  0.04172  0.04183  0.00933  0.80968  -232.26973  -234.09425  4.99985   768
1943.00  0.04172  0.04183  0.00915  0.80968  -232.62678  -234.51540  4.99985   768
1944.00  0.04172  0.04183  0.00890  0.80968  -232.95027  -234.77327  4.99985   768
1945.00  0.04171  0.04183  0.00869  0.80968  -233.40956  -235.34700  4.99985   768
1946.00  0.04172  0.04183  0.00956  0.80968  -232.08815  -234.04542  4.99985   768
1947.00  0.04172  0.04183  0.00996  0.80968  -231.38472  -233.29011  4.99985   768
1948.00  0.04172  0.04183  0.01027  0.80968  -230.95137  -232.86897  4.99985   768
1949.00  0.04173  0.04183  0.01038  0.80968  -230.68892  -232.51192  4.99985   768
1950.00  0.04172  0.04183  0.00950  0.80968  -231.97981  -233.78145  4.99985   768
1951.00  0.04171  0.04183  0.00929  0.80968  -232.35976  -234.22853  4.99985   768
1952.00  0.04171  0.04183  0.00881  0.80968  -233.07539  -234.88618  4.99985   768
1953.00  0.04173  0.04183  0.00842  0.80968  -233.74373  -235.62776  4.99985   768
1954.00  0.04173  0.04183  0.00895  0.80968  -233.00978  -234.94569  4.99985   768
1955.00  0.04172  0.04183  0.00931  0.80968  -232.41316  -234.35365  4.99985   768
1956.00  0.04172  0.04183  0.01015  0.80968  -231.20467  -233.20009  4.99985   768
1957.00  0.04173  0.04183  0.01085  0.80968  -230.06483  -231.99312  4.99985   768
1958.00  0.04171  0.04183  0.01093  0.80968  -229.86342  -231.77186  4.99985   768
1959.00  0.04171  0.04183  0.01091  0.80968  -229.91377  -231.77797  4.99985   768
1960.00  0.04172  0.04183  0.01018  0.80968  -230.95137  -232.75148  4.99985   768
1961.00  0.04172  0.04183  0.00942  0.80968  -232.17207  -234.00423  4.99985   768
1962.00  0.04171  0.04183  0.00888  0.80968  -232.97163  -234.80531  4.99985   768
1963.00  0.04173  0.04183  0.00850  0.80968  -233.58961  -235.45228  4.99985   768
1964.00  0.04173  0.04183  0.00876  0.80968  -233.27071  -235.19594  4.99985   768
1965.00  0.04173  0.04183  0.00924  0.80968  -232.51082  -234.42384  4.99985   768
1966.00  0.04172  0.04183  0.00969  0.80968  -231.84096  -233.74635  4.99985   768
1967.00  0.04172  0.04183  0.01020  0.80968  -231.02309  -232.93153  4.99985   768
1968.00  0.04172  0.04183  0.01026  0.80968  -230.91170  -232.79115  4.99985   768
1969.00  0.04172  0.04183  0.01001  0.80968  -231.25960  -233.11616  4.99985   768
1970.00  0.04173  0.04183  0.00959  0.80968  -231.88216  -233.71889  4.99985   768
1971.00  0.04171  0.04183  0.00895  0.80968  -232.84499  -234.68935  4.99985   768
1972.00  0.04172  0.04183  0.00872  0.80968  -233.29054  -235.18220  4.99985   768
1973.00  0.04172  0.04183  0.00855  0.80968  -233.54384  -235.40803  4.99985   768
1974.00  0.04171  0.04183  0.00893  0.80968  -233.03572  -234.98842  4.99985   768
1975.00  0.04172  0.04183  0.00964  0.80968  -231.93404  -233.90352  4.99985   768
1976.00  0.04172  0.04183  0.01010  0.80968  -231.19856  -233.12837  4.99985   768
1977.00  0.04171  0.04183  0.01034  0.80968  -230.80641  -232.72401  4.99985   768
1978.00  0.04172  0.04183  0.01016  0.80968  -231.07191  -232.93306  4.99985   768
1979.00  0.04171  0.04183  0.00962  0.80968  -231.80891  -233.63344  4.99985   768
1980.00  0.04172  0.04183  0.00904  0.80968  -232.74275  -234.57948  4.99985   768
1981.00  0.04171  0.04183  0.00844  0.80968  -233.64149  -235.45839  4.99985   768
1982.00  0.04172  0.04183  0.00829  0.80968  -233.89632  -235.77882  4.99985   768
1983.00  0.04172  0.04183  0.00856  0.80968  -233.55757  -235.48280  4.99985   768
1984.00  0.04172  0.04183  0.00921  0.80968  -232.58864  -234.53218  4.99985   768
1985.00  0.04172  0.04183  0.01005  0.80968  -231.34352  -233.30232  4.99985   768
1986.00  0.04170  0.04183  0.01055  0.80968  -230.47530  -232.40510  4.99985   768
1987.00  0.04172  0.04183  0.01070  0.80968  -230.28609  -232.17622  4.99985   768
1988.00  0.04172  0.04183  0.01046  0.80968  -230.55159  -232.41121  4.99985   768
1989.00  0.04172  0.04183  0.00985  0.80968  -231.45644  -233.28249  4.99985   768
1990.00  0.04173  0.04183  0.00923  0.80968  -232.43147  -234.29109  4.99985   768
1991.00  0.04171  0.04183  0.00879  0.80968  -233.13490  -234.98994  4.99985   768
1992.00  0.04172  0.04183  0.00871  0.80968  -233.31038  -235.22493  4.99985   768
1993.00  0.04172  0.04183  0.00902  0.80968  -232.87093  -234.81294  4.99985   768
1994.00  0.04173  0.04183  0.00948  0.80968  -232.18428  -234.09578  4.99985   768
1995.00  0.04172  0.04183  0.00993  0.80968  -231.47932  -233.42592  4.99985   768
1996.00  0.04172  0.04183  0.01018  0.80968  -231.06276  -232.94069  4.99985   768
1997.00  0.04172  0.04183  0.00997  0.80968  -231.33436  -233.18330  4.99985   768
1998.00  0.04173  0.04183  0.00959  0.80968  -231.88063  -233.72499  4.99985   768
1999.00  0.04173  0.04183  0.00904  0.80968  -232.70308  -234.51997  4.99985   768
2000.00  0.04803  0.06440  0.00850  0.80968  -233.49043  -235.26308  4.99985   768
2001.00  0.06221  0.06440  0.01133  0.80968  -230.03126  -232.55159  4.99985   768
2002.00  0.06278  0.06440  0.01713  0.80968  -220.63338  -222.79359  4.99985   768
2003.00  0.06289  0.06440  0.01621  0.80968  -221.44667  -223.04231  4.99985   768
2004.00  0.06297  0.06440  0.01854  0.80968  -218.61311  -220.95338  4.99985   768
