ASI 600A Data File
Created: Wed May  8 14:16:03 2024
A/D Sampling Rate: 1000 Hz
Comment: Mouse CP512 Cell 3
Width 0.0692
Thick 0.0346
After Activation
Width 0.0
Thick 0.0
*** Setup Parameters ***
Length Controller: 315C
Force Transducer: 406A
Initial Length: 0.0644 mm
Minimum Length: -5 Lo
Maximum Length: 5 Lo
Fiber Length: 0.0644 mm
Initial Sarcomere Length: 0 um
Diameter: 1.91919 mm
Maximum Tetanic Tension: 3 mN
Calibrate FC step size:  -20 um
Calibrate FC ramp time:  100 ms
Calibrate FC hold time:  200 ms
Force Gain-Factor:       0.6
Force Integral-Constant: 0.26 ms
Force Filter-Constant:   0.2 ms
Constant Stiffness Range: 100
dF/dL measured at Force:  34522 adu
Fiber Stiffness (adu):    0
Fiber Stiffness (mN/mm):  0
SL Gain-Factor:           0.25
SL Integral-Constant:     0.1 ms
SL Filter-Constant:       0 ms
SL Stiffness (adu):       0.3
SL Stiffness (um/mm):     1
ADC0 Offset: -28.840 mv
ADC1 Offset: -28.840 mv
DAC0 Offset: 3.336 mv
DAC1 Offset: -3.588 mv
Panel 1 size: 2
Panel 2 size: 4
Panel 3 size: 2
Panel 4 size: 5
Panel 1 signal: 0
Panel 2 signal: 1
Panel 3 signal: 2
Panel 4 signal: 6
Background (0/1): 0
Length In color:  16395263
Force  In color:  16717330
SL     In color:  16771867
Aux1   In color:  1769257
Length Out color:  255
Force  Out color:  255
Stim   Out color:  16777215
Aux2   In  color:  16747283
Length Units: um
Force Units: mN
Time Units: ms
Sarcomere Length Units: um
Scope Display1: 0
Scope Display2: 2
AUX Channels Scope Display: 0
Scope Timebase: 1
Scope Vscale:   0
Scope Lunit:    1
Scope Lmin:     0.026370
Scope Lmax:     0.026470
Scope Funit:    0
Scope Fmin:     0.157780
Scope Fmax:     0.157960
Scope AUX1_min:     10.000000
Scope AUX1_max:     16.000000
Scope AUX2_min:     8.000000
Scope AUX2_max:     14.000000
Scope L Data Scale:     1.651868
Scope F Data Scale:     0.225000
Scope AUX1 Data Scale:     1.000000
Scope AUX2 Data Scale:     1.000000
Scope SL Data Scale:     1.000000
Scope Sunit:    0
Analysis Lunit: 4
Analysis Funit: 0
Analysis Tunit: 0
Analysis Channels: 101000000010000
Analysis Readout: 1
Analysis Gaussian Filter Kernel Size (Lin):     201
Analysis Gaussian Filter Kernel Size (Fin):     50
Analysis Gaussian Filter Kernel Size (Aux1):    201
Analysis Gaussian Filter Kernel Size (Aux2):    201
Analysis Gaussian Filter Standard Deviation (Lin):     1.0
Analysis Gaussian Filter Standard Deviation (Fin):     1.0
Analysis Gaussian Filter Standard Deviation (Aux1):    1.0
Analysis Gaussian Filter Standard Deviation (Aux2):    1.0
Aux1 Name: Aux1
Aux1 Units: C
Aux1 Scale (units/volt): 100.000000
Aux1 Offset (units): 2.000000
Aux2 Name: Aux2
Aux2 Units: mv
Aux2 Scale (units/volt): 100
Aux2 Offset (units): 0
 *** Cantilever Properties ***
Cantilever Stiffness Calculation Method: 2
Cantilever Stiffness (N/m): -1.000
Cantilever Length (um): 450.000
Cantilever Thickness (um): 2.000
Cantilever Width 1 (um): 50.000
Cantilever Width 2 (um): 50.000
Cantilever Elasticity (GPa): 160.000
 *** ASI804A Test Window Properties ***
ASI804A Vscale: 0
ASI804A Timebase: 0
ASI804A Sampling Rate: 0
ASI804A Scope L_min:     999.800000
ASI804A Scope L_max:     1000.200000
ASI804A Scope F_min:     -0.040000
ASI804A Scope F_max:     0.020000
ASI804A Scope log10Rario_min:     -0.063875
ASI804A Scope log10Ratio_max:     -0.063650
ASI804A Scope L Scale Units:    4
ASI804A Scope F Scale Units:    0
ASI804A Scope L Scale:     1.000000
ASI804A Scope F Scale:     1.000000
ASI804A Scope log10Ratio Scale:     0.500000
ASI804A Data Files Directory: /home/asi/data
ASI804A Data Files Name: atp_datafile
ASI804A Font: Liberation Sans
ASI804A Font Size: 24
ASI804A pCa Combo Size: 0
ASI804A pCa Combo Active: -1
 *** Additional devices ***
ASI802D Bath Controller: 0
ASI804A ATPase Controller: 1
*** Calibration Parameters ***
Model  LOoffset  LOscale  LIoffset  LIscale  FOoffset  FOscale  FIoffset  FIscale
Number 	mm        mm/v	   mm        mm/v     mN        mN/v     mN        mN/v
308B	 0	 0.2	 0	 0.2	 0	 1	 0	 1
312C	 0	 0.15	 0	 0.15	 0	 1	 0	 1
315C	 0	 0.15	 0	 0.15	 0	 1	 0	 1
318B	 0	 0.3	 0	 0.3	 0	 1	 0	 1
322C	 0	 0.3	 0	 0.3	 0	 1	 0	 1
340A	 0	 0.005	 0	 0.005	 0	 1	 0	 1
300C	 0	 0.5	 0	 0.5	 0	 50	 0	 50
300C-LR	 0	 0.5	 0	 0.5	 0	 100	 0	 100
305C	 0	 1	 0	 1	 0	 500	 0	 500
305C-LR	 0	 1	 0	 1	 0	 1000	 0	 1000
309C	 0	 1.25	 0	 1.25	 0	 2000	 0	 2000
310C	 0	 2	 0	 2	 0	 5000	 0	 5000
310C-LR	 0	 2	 0	 2	 0	 10000	 0	 10000
???	 0	 1	 0	 1	 0	 1	 0	 1
400A	 0	 1	 0	 1	 0	 5	 0	 5
402A	 0	 1	 0	 1	 0	 50	 0	 50
403A-CF	 0	 1	 0	 1	 0	 0.2	 0	 0.2
403A	 0	 1	 0	 1	 0	 0.5	 0	 0.5
404A	 0	 1	 0	 1	 0	 10	 0	 10
405A	 0	 1	 0	 1	 0	 1	 0	 1
406A	 0	 1	 0	 1	 0.16	 0.06497	 0.16	 0.06497
407A	 0	 1	 0	 1	 0	 100	 0	 100
470A	 0	 1	 0	 1	 0	 1	 0	 1
other	 0	 1	 0	 1	 0	 1	 0	 1
none	 0	 1	 0	 1	 0	 1	 0	 1
*** Test Protocol Parameters ***
A/D Sampling Rate: 1000 Hz
Comment: Length Discrete Sine protocol for stiffness testing
Minimum Length: -5.000 (Lo)
Maximum Length: 5.000 (Lo)
PD Deadband:    0.000000 mN
Stimulus 01: 0.3 ms 100.000 Hz 10.0 ms 50.000 Hz 0.100 s
Stimulus 02: 1.2 ms 100.000 Hz 20.0 ms 2.000 Hz 100.000 s
Stimulus 03: 1.3 ms 100.000 Hz 20.0 ms 2.000 Hz 100.000 s
Stimulus 04: 1.4 ms 100.000 Hz 20.0 ms 2.000 Hz 100.000 s
Stimulus 05: 1.5 ms 100.000 Hz 20.0 ms 2.000 Hz 100.000 s
Stimulus 06: 1.6 ms 100.000 Hz 20.0 ms 2.000 Hz 100.000 s
Stimulus 07: 1.7 ms 100.000 Hz 20.0 ms 2.000 Hz 100.000 s
Stimulus 08: 1.8 ms 100.000 Hz 20.0 ms 2.000 Hz 100.000 s
Stimulus 09: 1.9 ms 100.000 Hz 20.0 ms 2.000 Hz 100.000 s
Stimulus 10: 2.2 ms 100.000 Hz 20.0 ms 2.000 Hz 100.000 s
Time (ms)	Control Function	Options
      0.0	Data-Enable		
    200.0	Length-Step		 0.65 Lo
   2000.0	Length-Step		 1 Lo
   2005.0	Data-Disable		
      0.0	Stop		
*** Force and Length Signals vs Time ***
Time (ms)  Lin (mm)  Lout (mm)  Fin (mN)  Fout (mN)  Aux1 C  Aux2 mv  SL (um)   Stimulus/Triggers
0.00  0.06394  0.06440  0.02441  0.80968  -209.12977  -210.99550  4.99985   768
1.00  0.06395  0.06440  0.02436  0.80968  -209.16334  -211.03822  4.99985   768
2.00  0.06394  0.06440  0.02410  0.80968  -209.59059  -211.44410  4.99985   768
3.00  0.06395  0.06440  0.02358  0.80968  -210.38862  -212.22230  4.99985   768
4.00  0.06398  0.06440  0.02303  0.80968  -211.27974  -213.11036  4.99985   768
5.00  0.06395  0.06440  0.02282  0.80968  -211.63832  -213.52693  4.99985   768
6.00  0.06397  0.06440  0.02304  0.80968  -211.32399  -213.24769  4.99985   768
7.00  0.06396  0.06440  0.02350  0.80968  -210.62514  -212.54579  4.99985   768
8.00  0.06396  0.06440  0.02408  0.80968  -209.74318  -211.69130  4.99985   768
9.00  0.06394  0.06440  0.02456  0.80968  -209.00618  -210.90394  4.99985   768
10.00  0.06396  0.06440  0.02463  0.80968  -208.82612  -210.68269  4.99985   768
11.00  0.06395  0.06440  0.02434  0.80968  -209.27626  -211.11299  4.99985   768
12.00  0.06396  0.06440  0.02382  0.80968  -210.03615  -211.84389  4.99985   768
13.00  0.06395  0.06440  0.02317  0.80968  -211.06001  -212.87843  4.99985   768
14.00  0.06395  0.06440  0.02280  0.80968  -211.64290  -213.48268  4.99985   768
15.00  0.06396  0.06440  0.02276  0.80968  -211.73903  -213.61238  4.99985   768
16.00  0.06395  0.06440  0.02306  0.80968  -211.28126  -213.20497  4.99985   768
17.00  0.06396  0.06440  0.02367  0.80968  -210.34743  -212.27418  4.99985   768
18.00  0.06395  0.06440  0.02419  0.80968  -209.51735  -211.43800  4.99985   768
19.00  0.06394  0.06440  0.02448  0.80968  -209.08095  -210.98939  4.99985   768
20.00  0.06396  0.06440  0.02437  0.80968  -209.20912  -211.07637  4.99985   768
21.00  0.06395  0.06440  0.02400  0.80968  -209.76149  -211.59669  4.99985   768
22.00  0.06396  0.06440  0.02346  0.80968  -210.57326  -212.42067  4.99985   768
23.00  0.06395  0.06440  0.02301  0.80968  -211.29347  -213.13783  4.99985   768
24.00  0.06396  0.06440  0.02280  0.80968  -211.60475  -213.50252  4.99985   768
25.00  0.06394  0.06440  0.02298  0.80968  -211.37892  -213.28584  4.99985   768
26.00  0.06394  0.06440  0.02340  0.80968  -210.77467  -212.70906  4.99985   768
27.00  0.06396  0.06440  0.02395  0.80968  -209.91255  -211.82405  4.99985   768
28.00  0.06396  0.06440  0.02432  0.80968  -209.33577  -211.23659  4.99985   768
29.00  0.06395  0.06440  0.02453  0.80968  -209.00465  -210.90089  4.99985   768
30.00  0.06396  0.06440  0.02430  0.80968  -209.24879  -211.06111  4.99985   768
31.00  0.06395  0.06440  0.02381  0.80968  -209.98732  -211.82252  4.99985   768
32.00  0.06395  0.06440  0.02326  0.80968  -210.88759  -212.71211  4.99985   768
33.00  0.06396  0.06440  0.02298  0.80968  -211.38045  -213.23091  4.99985   768
34.00  0.06395  0.06440  0.02297  0.80968  -211.41249  -213.30720  4.99985   768
35.00  0.06396  0.06440  0.02334  0.80968  -210.87996  -212.80671  4.99985   768
36.00  0.06396  0.06440  0.02389  0.80968  -210.10481  -212.06666  4.99985   768
37.00  0.06397  0.06440  0.02437  0.80968  -209.24421  -211.14961  4.99985   768
38.00  0.06394  0.06440  0.02455  0.80968  -208.95582  -210.86732  4.99985   768
39.00  0.06397  0.06440  0.02446  0.80968  -209.04127  -210.91005  4.99985   768
40.00  0.06396  0.06440  0.02410  0.80968  -209.62721  -211.45173  4.99985   768
41.00  0.06395  0.06440  0.02355  0.80968  -210.42067  -212.24061  4.99985   768
42.00  0.06395  0.06440  0.02315  0.80968  -211.07985  -212.93641  4.99985   768
43.00  0.06396  0.06440  0.02294  0.80968  -211.47505  -213.32857  4.99985   768
44.00  0.06395  0.06440  0.02311  0.80968  -211.16377  -213.07680  4.99985   768
45.00  0.06396  0.06440  0.02371  0.80968  -210.30165  -212.23451  4.99985   768
46.00  0.06395  0.06440  0.02420  0.80968  -209.50819  -211.42427  4.99985   768
47.00  0.06395  0.06440  0.02456  0.80968  -208.96956  -210.86274  4.99985   768
48.00  0.06395  0.06440  0.02458  0.80968  -208.88716  -210.71931  4.99985   768
49.00  0.06395  0.06440  0.02431  0.80968  -209.29609  -211.13283  4.99985   768
50.00  0.06395  0.06440  0.02380  0.80968  -210.04225  -211.86677  4.99985   768
51.00  0.06396  0.06440  0.02326  0.80968  -210.90285  -212.72889  4.99985   768
52.00  0.06394  0.06440  0.02293  0.80968  -211.46589  -213.33314  4.99985   768
53.00  0.06396  0.06440  0.02286  0.80968  -211.62306  -213.52693  4.99985   768
54.00  0.06395  0.06440  0.02325  0.80968  -211.00203  -212.93641  4.99985   768
55.00  0.06396  0.06440  0.02383  0.80968  -210.11854  -212.06514  4.99985   768
56.00  0.06397  0.06440  0.02442  0.80968  -209.20607  -211.13740  4.99985   768
57.00  0.06395  0.06440  0.02461  0.80968  -208.89631  -210.77730  4.99985   768
58.00  0.06395  0.06440  0.02434  0.80968  -209.22438  -211.07179  4.99985   768
59.00  0.06396  0.06440  0.02403  0.80968  -209.78743  -211.62568  4.99985   768
60.00  0.06397  0.06440  0.02353  0.80968  -210.50459  -212.33217  4.99985   768
61.00  0.06396  0.06440  0.02307  0.80968  -211.14546  -212.97609  4.99985   768
62.00  0.06395  0.06440  0.02291  0.80968  -211.49336  -213.35145  4.99985   768
63.00  0.06395  0.06440  0.02306  0.80968  -211.26906  -213.16987  4.99985   768
64.00  0.06396  0.06440  0.02359  0.80968  -210.50001  -212.43898  4.99985   768
65.00  0.06396  0.06440  0.02419  0.80968  -209.54329  -211.44258  4.99985   768
66.00  0.06396  0.06440  0.02447  0.80968  -209.11451  -211.01991  4.99985   768
67.00  0.06396  0.06440  0.02454  0.80968  -209.01076  -210.88106  4.99985   768
68.00  0.06396  0.06440  0.02419  0.80968  -209.49598  -211.35713  4.99985   768
69.00  0.06394  0.06440  0.02368  0.80968  -210.22383  -212.05598  4.99985   768
70.00  0.06395  0.06440  0.02316  0.80968  -211.05086  -212.89979  4.99985   768
71.00  0.06395  0.06440  0.02291  0.80968  -211.44911  -213.31025  4.99985   768
72.00  0.06396  0.06440  0.02296  0.80968  -211.41859  -213.35145  4.99985   768
73.00  0.06396  0.06440  0.02338  0.80968  -210.80061  -212.72889  4.99985   768
74.00  0.06396  0.06440  0.02403  0.80968  -209.84694  -211.79963  4.99985   768
75.00  0.06395  0.06440  0.02453  0.80968  -208.95582  -210.88106  4.99985   768
76.00  0.06395  0.06440  0.02464  0.80968  -208.84596  -210.71626  4.99985   768
77.00  0.06395  0.06440  0.02452  0.80968  -209.00160  -210.87953  4.99985   768
78.00  0.06396  0.06440  0.02397  0.80968  -209.75386  -211.55855  4.99985   768
79.00  0.06397  0.06440  0.02336  0.80968  -210.70601  -212.51375  4.99985   768
80.00  0.06396  0.06440  0.02296  0.80968  -211.38960  -213.24159  4.99985   768
81.00  0.06395  0.06440  0.02282  0.80968  -211.60780  -213.47810  4.99985   768
82.00  0.06396  0.06440  0.02319  0.80968  -211.13325  -213.04780  4.99985   768
83.00  0.06397  0.06440  0.02378  0.80968  -210.20094  -212.13533  4.99985   768
84.00  0.06395  0.06440  0.02428  0.80968  -209.36476  -211.28999  4.99985   768
85.00  0.06395  0.06440  0.02455  0.80968  -208.96956  -210.85512  4.99985   768
86.00  0.06396  0.06440  0.02457  0.80968  -208.87800  -210.78035  4.99985   768
87.00  0.06396  0.06440  0.02418  0.80968  -209.45173  -211.28236  4.99985   768
88.00  0.06396  0.06440  0.02361  0.80968  -210.30928  -212.12770  4.99985   768
89.00  0.06395  0.06440  0.02309  0.80968  -211.12105  -212.96083  4.99985   768
90.00  0.06397  0.06440  0.02281  0.80968  -211.62001  -213.50709  4.99985   768
91.00  0.06396  0.06440  0.02286  0.80968  -211.54524  -213.46437  4.99985   768
92.00  0.06396  0.06440  0.02335  0.80968  -210.82045  -212.74873  4.99985   768
93.00  0.06396  0.06440  0.02392  0.80968  -209.98732  -211.93086  4.99985   768
94.00  0.06395  0.06440  0.02450  0.80968  -209.11909  -211.01838  4.99985   768
95.00  0.06395  0.06440  0.02461  0.80968  -208.92836  -210.80018  4.99985   768
96.00  0.06396  0.06440  0.02446  0.80968  -209.08095  -210.92531  4.99985   768
97.00  0.06396  0.06440  0.02394  0.80968  -209.82557  -211.63331  4.99985   768
98.00  0.06395  0.06440  0.02335  0.80968  -210.73805  -212.55494  4.99985   768
99.00  0.06396  0.06440  0.02297  0.80968  -211.32246  -213.16530  4.99985   768
100.00  0.06395  0.06440  0.02277  0.80968  -211.62916  -213.52388  4.99985   768
101.00  0.06396  0.06440  0.02317  0.80968  -211.10731  -213.03560  4.99985   768
102.00  0.06395  0.06440  0.02364  0.80968  -210.40846  -212.33217  4.99985   768
103.00  0.06395  0.06440  0.02414  0.80968  -209.63637  -211.57838  4.99985   768
104.00  0.06396  0.06440  0.02453  0.80968  -208.97566  -210.88258  4.99985   768
105.00  0.06395  0.06440  0.02449  0.80968  -208.99855  -210.88563  4.99985   768
106.00  0.06397  0.06440  0.02426  0.80968  -209.34035  -211.20607  4.99985   768
107.00  0.06395  0.06440  0.02371  0.80968  -210.19636  -212.01631  4.99985   768
108.00  0.06397  0.06440  0.02323  0.80968  -210.97761  -212.83265  4.99985   768
109.00  0.06395  0.06440  0.02303  0.80968  -211.29652  -213.16072  4.99985   768
110.00  0.06396  0.06440  0.02311  0.80968  -211.21260  -213.10731  4.99985   768
111.00  0.06395  0.06440  0.02340  0.80968  -210.73958  -212.62819  4.99985   768
112.00  0.06395  0.06440  0.02405  0.80968  -209.84846  -211.79353  4.99985   768
113.00  0.06397  0.06440  0.02445  0.80968  -209.15724  -211.05348  4.99985   768
114.00  0.06396  0.06440  0.02454  0.80968  -208.92225  -210.78798  4.99985   768
115.00  0.06397  0.06440  0.02437  0.80968  -209.20912  -211.05043  4.99985   768
116.00  0.06396  0.06440  0.02392  0.80968  -209.83778  -211.65620  4.99985   768
117.00  0.06395  0.06440  0.02330  0.80968  -210.85249  -212.66786  4.99985   768
118.00  0.06397  0.06440  0.02282  0.80968  -211.59559  -213.44301  4.99985   768
119.00  0.06394  0.06440  0.02273  0.80968  -211.77870  -213.66426  4.99985   768
120.00  0.06395  0.06440  0.02304  0.80968  -211.36824  -213.28431  4.99985   768
121.00  0.06395  0.06440  0.02367  0.80968  -210.44813  -212.41151  4.99985   768
122.00  0.06396  0.06440  0.02422  0.80968  -209.49904  -211.44716  4.99985   768
123.00  0.06397  0.06440  0.02452  0.80968  -209.00923  -210.91157  4.99985   768
124.00  0.06397  0.06440  0.02453  0.80968  -208.97871  -210.86427  4.99985   768
125.00  0.06396  0.06440  0.02420  0.80968  -209.46699  -211.31441  4.99985   768
126.00  0.06397  0.06440  0.02373  0.80968  -210.17958  -212.02394  4.99985   768
127.00  0.06396  0.06440  0.02319  0.80968  -210.96083  -212.79298  4.99985   768
128.00  0.06395  0.06440  0.02290  0.80968  -211.43538  -213.28279  4.99985   768
129.00  0.06396  0.06440  0.02297  0.80968  -211.41249  -213.30263  4.99985   768
130.00  0.06394  0.06440  0.02345  0.80968  -210.68312  -212.60682  4.99985   768
131.00  0.06396  0.06440  0.02395  0.80968  -209.90950  -211.83015  4.99985   768
132.00  0.06396  0.06440  0.02438  0.80968  -209.26100  -211.16945  4.99985   768
133.00  0.06397  0.06440  0.02457  0.80968  -208.89479  -210.77882  4.99985   768
134.00  0.06396  0.06440  0.02430  0.80968  -209.28999  -211.12825  4.99985   768
135.00  0.06395  0.06440  0.02386  0.80968  -209.99800  -211.84236  4.99985   768
136.00  0.06395  0.06440  0.02341  0.80968  -210.66939  -212.51680  4.99985   768
137.00  0.06395  0.06440  0.02301  0.80968  -211.31788  -213.16224  4.99985   768
138.00  0.06395  0.06440  0.02298  0.80968  -211.35451  -213.27211  4.99985   768
139.00  0.06397  0.06440  0.02336  0.80968  -210.82045  -212.75331  4.99985   768
140.00  0.06397  0.06440  0.02390  0.80968  -210.03004  -211.97053  4.99985   768
141.00  0.06395  0.06440  0.02437  0.80968  -209.30983  -211.24421  4.99985   768
142.00  0.06397  0.06440  0.02464  0.80968  -208.86885  -210.75288  4.99985   768
143.00  0.06396  0.06440  0.02450  0.80968  -209.03822  -210.87800  4.99985   768
144.00  0.06397  0.06440  0.02405  0.80968  -209.60127  -211.43342  4.99985   768
145.00  0.06397  0.06440  0.02350  0.80968  -210.45729  -212.28181  4.99985   768
146.00  0.06395  0.06440  0.02313  0.80968  -211.08442  -212.91505  4.99985   768
147.00  0.06396  0.06440  0.02290  0.80968  -211.47810  -213.31788  4.99985   768
148.00  0.06397  0.06440  0.02318  0.80968  -211.11036  -213.01118  4.99985   768
149.00  0.06397  0.06440  0.02355  0.80968  -210.50459  -212.42524  4.99985   768
150.00  0.06395  0.06440  0.02422  0.80968  -209.59822  -211.53871  4.99985   768
151.00  0.06397  0.06440  0.02457  0.80968  -208.92531  -210.83680  4.99985   768
152.00  0.06397  0.06440  0.02463  0.80968  -208.81544  -210.67811  4.99985   768
153.00  0.06397  0.06440  0.02429  0.80968  -209.31593  -211.15419  4.99985   768
154.00  0.06395  0.06440  0.02380  0.80968  -210.07429  -211.91560  4.99985   768
155.00  0.06397  0.06440  0.02326  0.80968  -210.94252  -212.79603  4.99985   768
156.00  0.06395  0.06440  0.02295  0.80968  -211.40486  -213.24922  4.99985   768
157.00  0.06395  0.06440  0.02301  0.80968  -211.31178  -213.21260  4.99985   768
158.00  0.06396  0.06440  0.02345  0.80968  -210.74873  -212.69075  4.99985   768
159.00  0.06395  0.06440  0.02400  0.80968  -209.86220  -211.79658  4.99985   768
160.00  0.06396  0.06440  0.02447  0.80968  -209.09163  -211.00770  4.99985   768
161.00  0.06395  0.06440  0.02471  0.80968  -208.78187  -210.62929  4.99985   768
162.00  0.06396  0.06440  0.02455  0.80968  -208.94514  -210.79866  4.99985   768
163.00  0.06395  0.06440  0.02411  0.80968  -209.54786  -211.38002  4.99985   768
164.00  0.06396  0.06440  0.02353  0.80968  -210.45424  -212.25435  4.99985   768
165.00  0.06396  0.06440  0.02309  0.80968  -211.15462  -212.98829  4.99985   768
166.00  0.06396  0.06440  0.02296  0.80968  -211.42927  -213.29957  4.99985   768
167.00  0.06395  0.06440  0.02333  0.80968  -210.88301  -212.80977  4.99985   768
168.00  0.06395  0.06440  0.02379  0.80968  -210.17042  -212.08345  4.99985   768
169.00  0.06397  0.06440  0.02430  0.80968  -209.38154  -211.30678  4.99985   768
170.00  0.06396  0.06440  0.02465  0.80968  -208.83070  -210.75441  4.99985   768
171.00  0.06395  0.06440  0.02461  0.80968  -208.83986  -210.72389  4.99985   768
172.00  0.06395  0.06440  0.02433  0.80968  -209.27321  -211.14656  4.99985   768
173.00  0.06397  0.06440  0.02378  0.80968  -210.07124  -211.91102  4.99985   768
174.00  0.06394  0.06440  0.02330  0.80968  -210.86012  -212.68922  4.99985   768
175.00  0.06395  0.06440  0.02291  0.80968  -211.49489  -213.34993  4.99985   768
176.00  0.06397  0.06440  0.02306  0.80968  -211.29652  -213.22938  4.99985   768
177.00  0.06396  0.06440  0.02351  0.80968  -210.59462  -212.48933  4.99985   768
178.00  0.06397  0.06440  0.02407  0.80968  -209.70656  -211.63637  4.99985   768
179.00  0.06395  0.06440  0.02463  0.80968  -208.83070  -210.77119  4.99985   768
180.00  0.06397  0.06440  0.02477  0.80968  -208.53773  -210.39430  4.99985   768
181.00  0.06396  0.06440  0.02451  0.80968  -208.93141  -210.76814  4.99985   768
182.00  0.06395  0.06440  0.02391  0.80968  -209.82100  -211.62263  4.99985   768
183.00  0.06396  0.06440  0.02333  0.80968  -210.77009  -212.58088  4.99985   768
184.00  0.06396  0.06440  0.02288  0.80968  -211.50404  -213.35298  4.99985   768
185.00  0.06396  0.06440  0.02272  0.80968  -211.74666  -213.64442  4.99985   768
186.00  0.06395  0.06440  0.02297  0.80968  -211.41249  -213.35145  4.99985   768
187.00  0.06397  0.06440  0.02357  0.80968  -210.54732  -212.50306  4.99985   768
188.00  0.06396  0.06440  0.02418  0.80968  -209.58143  -211.52650  4.99985   768
189.00  0.06396  0.06440  0.02463  0.80968  -208.85664  -210.76204  4.99985   768
190.00  0.06396  0.06440  0.02472  0.80968  -208.69642  -210.58503  4.99985   768
191.00  0.06397  0.06440  0.02431  0.80968  -209.26863  -211.10078  4.99985   768
192.00  0.06394  0.06440  0.02380  0.80968  -210.01936  -211.84846  4.99985   768
193.00  0.06395  0.06440  0.02317  0.80968  -210.99898  -212.78535  4.99985   768
194.00  0.06396  0.06440  0.02280  0.80968  -211.58491  -213.44453  4.99985   768
195.00  0.06395  0.06440  0.02289  0.80968  -211.47047  -213.36213  4.99985   768
196.00  0.06396  0.06440  0.02333  0.80968  -210.85554  -212.78840  4.99985   768
197.00  0.06395  0.06440  0.02394  0.80968  -209.96290  -211.87288  4.99985   768
198.00  0.06396  0.06440  0.02448  0.80968  -209.10536  -211.01533  4.99985   768
199.00  0.06396  0.06440  0.02470  0.80968  -208.72999  -210.59266  4.99985   768
200.00  0.05796  0.04183  0.02498  0.80968  -208.42940  -210.41108  4.99985   768
201.00  0.04412  0.04183  0.01917  0.80968  -216.22664  -217.15547  4.99985   768
202.00  0.04326  0.04183  0.01148  0.80968  -228.44282  -229.73939  4.99985   768
203.00  0.04301  0.04183  0.01255  0.80968  -227.72108  -229.92860  4.99985   768
204.00  0.04285  0.04183  0.00870  0.80968  -232.82820  -234.26973  4.99985   768
205.00  0.04273  0.04183  0.00673  0.80968  -236.33314  -238.18208  4.99985   768
206.00  0.04262  0.04183  0.00964  0.80968  -231.95082  -233.99049  4.99985   768
207.00  0.04253  0.04183  0.00746  0.80968  -235.08498  -236.82405  4.99985   768
208.00  0.04245  0.04183  0.00787  0.80968  -234.87135  -236.94765  4.99985   768
209.00  0.04239  0.04183  0.00923  0.80968  -232.35213  -234.09120  4.99985   768
210.00  0.04232  0.04183  0.00681  0.80968  -236.04781  -237.83571  4.99985   768
211.00  0.04227  0.04183  0.00749  0.80968  -235.34743  -237.38405  4.99985   768
212.00  0.04223  0.04183  0.00646  0.80968  -236.38808  -237.95930  4.99985   768
213.00  0.04219  0.04183  0.00522  0.80968  -238.73488  -240.64638  4.99985   768
214.00  0.04218  0.04183  0.00680  0.80968  -236.36519  -238.40181  4.99985   768
215.00  0.04215  0.04183  0.00585  0.80968  -237.52791  -239.25478  4.99985   768
216.00  0.04213  0.04183  0.00697  0.80968  -236.17293  -238.25685  4.99985   768
217.00  0.04211  0.04183  0.00830  0.80968  -233.93141  -235.83833  4.99985   768
218.00  0.04210  0.04183  0.00708  0.80968  -235.77315  -237.60835  4.99985   768
219.00  0.04208  0.04183  0.00817  0.80968  -234.24727  -236.24422  4.99985   768
220.00  0.04209  0.04183  0.00736  0.80968  -235.21773  -236.93697  4.99985   768
221.00  0.04205  0.04183  0.00630  0.80968  -236.99232  -238.92061  4.99985   768
222.00  0.04205  0.04183  0.00681  0.80968  -236.17293  -238.05238  4.99985   768
223.00  0.04205  0.04183  0.00570  0.80968  -237.84071  -239.63625  4.99985   768
224.00  0.04203  0.04183  0.00648  0.80968  -236.88399  -238.92061  4.99985   768
225.00  0.04204  0.04183  0.00722  0.80968  -235.58394  -237.48476  4.99985   768
226.00  0.04202  0.04183  0.00722  0.80968  -235.71059  -237.64802  4.99985   768
227.00  0.04202  0.04183  0.00841  0.80968  -233.86580  -235.83070  4.99985   768
228.00  0.04200  0.04183  0.00797  0.80968  -234.34492  -236.14656  4.99985   768
229.00  0.04201  0.04183  0.00764  0.80968  -234.87135  -236.76759  4.99985   768
230.00  0.04201  0.04183  0.00755  0.80968  -234.96596  -236.75386  4.99985   768
231.00  0.04200  0.04183  0.00642  0.80968  -236.71309  -238.52388  4.99985   768
232.00  0.04200  0.04183  0.00654  0.80968  -236.68410  -238.62001  4.99985   768
233.00  0.04199  0.04183  0.00661  0.80968  -236.47047  -238.33314  4.99985   768
234.00  0.04200  0.04183  0.00674  0.80968  -236.43385  -238.37740  4.99985   768
235.00  0.04199  0.04183  0.00789  0.80968  -234.70045  -236.68672  4.99985   768
236.00  0.04198  0.04183  0.00802  0.80968  -234.35713  -236.25185  4.99985   768
237.00  0.04198  0.04183  0.00834  0.80968  -233.89174  -235.84291  4.99985   768
238.00  0.04197  0.04183  0.00836  0.80968  -233.73915  -235.58198  4.99985   768
239.00  0.04198  0.04183  0.00758  0.80968  -234.96138  -236.81032  4.99985   768
240.00  0.04197  0.04183  0.00738  0.80968  -235.33064  -237.20094  4.99985   768
241.00  0.04197  0.04183  0.00685  0.80968  -236.09053  -237.89674  4.99985   768
242.00  0.04197  0.04183  0.00661  0.80968  -236.57881  -238.49794  4.99985   768
243.00  0.04197  0.04183  0.00719  0.80968  -235.69228  -237.63124  4.99985   768
244.00  0.04198  0.04183  0.00758  0.80968  -235.07735  -236.96596  4.99985   768
245.00  0.04197  0.04183  0.00829  0.80968  -234.02754  -235.99245  4.99985   768
246.00  0.04196  0.04183  0.00862  0.80968  -233.45228  -235.33327  4.99985   768
247.00  0.04196  0.04183  0.00846  0.80968  -233.67201  -235.52705  4.99985   768
248.00  0.04196  0.04183  0.00819  0.80968  -233.99245  -235.83223  4.99985   768
249.00  0.04196  0.04183  0.00751  0.80968  -235.01479  -236.81489  4.99985   768
250.00  0.04195  0.04183  0.00696  0.80968  -235.90742  -237.73958  4.99985   768
251.00  0.04195  0.04183  0.00682  0.80968  -236.16988  -238.03865  4.99985   768
252.00  0.04195  0.04183  0.00681  0.80968  -236.25532  -238.17140  4.99985   768
253.00  0.04196  0.04183  0.00738  0.80968  -235.41609  -237.37794  4.99985   768
254.00  0.04195  0.04183  0.00791  0.80968  -234.56618  -236.50819  4.99985   768
255.00  0.04196  0.04183  0.00829  0.80968  -234.03212  -235.96193  4.99985   768
256.00  0.04195  0.04183  0.00855  0.80968  -233.55910  -235.46907  4.99985   768
257.00  0.04195  0.04183  0.00829  0.80968  -233.88106  -235.72999  4.99985   768
258.00  0.04196  0.04183  0.00779  0.80968  -234.62111  -236.44716  4.99985   768
259.00  0.04194  0.04183  0.00718  0.80968  -235.60988  -237.42525  4.99985   768
260.00  0.04194  0.04183  0.00672  0.80968  -236.34077  -238.19734  4.99985   768
261.00  0.04194  0.04183  0.00674  0.80968  -236.37434  -238.27364  4.99985   768
262.00  0.04194  0.04183  0.00701  0.80968  -235.89522  -237.80214  4.99985   768
263.00  0.04194  0.04183  0.00762  0.80968  -235.00105  -236.93391  4.99985   768
264.00  0.04193  0.04183  0.00824  0.80968  -234.05043  -235.97566  4.99985   768
265.00  0.04193  0.04183  0.00849  0.80968  -233.65218  -235.52248  4.99985   768
266.00  0.04193  0.04183  0.00852  0.80968  -233.57436  -235.45534  4.99985   768
267.00  0.04193  0.04183  0.00813  0.80968  -234.13283  -235.95583  4.99985   768
268.00  0.04193  0.04183  0.00753  0.80968  -235.05904  -236.89271  4.99985   768
269.00  0.04193  0.04183  0.00701  0.80968  -235.88606  -237.73500  4.99985   768
270.00  0.04194  0.04183  0.00675  0.80968  -236.32857  -238.21718  4.99985   768
271.00  0.04193  0.04183  0.00690  0.80968  -236.09663  -238.02797  4.99985   768
272.00  0.04193  0.04183  0.00748  0.80968  -235.19636  -237.15364  4.99985   768
273.00  0.04194  0.04183  0.00820  0.80968  -234.14351  -236.10078  4.99985   768
274.00  0.04193  0.04183  0.00874  0.80968  -233.28444  -235.21730  4.99985   768
275.00  0.04193  0.04183  0.00892  0.80968  -232.99452  -234.89381  4.99985   768
276.00  0.04194  0.04183  0.00861  0.80968  -233.39278  -235.25087  4.99985   768
277.00  0.04192  0.04183  0.00805  0.80968  -234.23354  -236.04738  4.99985   768
278.00  0.04193  0.04183  0.00749  0.80968  -235.15059  -236.97511  4.99985   768
279.00  0.04192  0.04183  0.00691  0.80968  -236.03407  -237.87843  4.99985   768
280.00  0.04193  0.04183  0.00698  0.80968  -235.95320  -237.84181  4.99985   768
281.00  0.04192  0.04183  0.00729  0.80968  -235.52748  -237.46492  4.99985   768
282.00  0.04192  0.04183  0.00790  0.80968  -234.58296  -236.52956  4.99985   768
283.00  0.04192  0.04183  0.00856  0.80968  -233.57436  -235.49959  4.99985   768
284.00  0.04191  0.04183  0.00887  0.80968  -233.06319  -234.97621  4.99985   768
285.00  0.04191  0.04183  0.00879  0.80968  -233.09981  -234.95637  4.99985   768
286.00  0.04191  0.04183  0.00833  0.80968  -233.83223  -235.68117  4.99985   768
287.00  0.04191  0.04183  0.00768  0.80968  -234.81184  -236.64705  4.99985   768
288.00  0.04191  0.04183  0.00703  0.80968  -235.80672  -237.65565  4.99985   768
289.00  0.04191  0.04183  0.00683  0.80968  -236.18513  -238.06612  4.99985   768
290.00  0.04192  0.04183  0.00701  0.80968  -235.97456  -237.90437  4.99985   768
291.00  0.04191  0.04183  0.00746  0.80968  -235.33980  -237.28487  4.99985   768
292.00  0.04191  0.04183  0.00817  0.80968  -234.14503  -236.10384  4.99985   768
293.00  0.04192  0.04183  0.00863  0.80968  -233.39735  -235.32411  4.99985   768
294.00  0.04192  0.04183  0.00874  0.80968  -233.22035  -235.07082  4.99985   768
295.00  0.04191  0.04183  0.00849  0.80968  -233.60792  -235.44618  4.99985   768
296.00  0.04191  0.04183  0.00799  0.80968  -234.32509  -236.13588  4.99985   768
297.00  0.04190  0.04183  0.00731  0.80968  -235.38100  -237.20094  4.99985   768
298.00  0.04191  0.04183  0.00686  0.80968  -236.11952  -237.95473  4.99985   768
299.00  0.04190  0.04183  0.00681  0.80968  -236.23396  -238.11494  4.99985   768
300.00  0.04191  0.04183  0.00728  0.80968  -235.54732  -237.49086  4.99985   768
301.00  0.04189  0.04183  0.00794  0.80968  -234.52956  -236.49293  4.99985   768
302.00  0.04190  0.04183  0.00851  0.80968  -233.65980  -235.59114  4.99985   768
303.00  0.04191  0.04183  0.00883  0.80968  -233.13795  -235.04793  4.99985   768
304.00  0.04191  0.04183  0.00876  0.80968  -233.19594  -235.06929  4.99985   768
305.00  0.04191  0.04183  0.00843  0.80968  -233.72084  -235.58961  4.99985   768
306.00  0.04189  0.04183  0.00784  0.80968  -234.56160  -236.38002  4.99985   768
307.00  0.04189  0.04183  0.00724  0.80968  -235.52443  -237.36269  4.99985   768
308.00  0.04191  0.04183  0.00697  0.80968  -235.98524  -237.88759  4.99985   768
309.00  0.04190  0.04183  0.00714  0.80968  -235.73653  -237.65565  4.99985   768
310.00  0.04190  0.04183  0.00768  0.80968  -234.89882  -236.83931  4.99985   768
311.00  0.04191  0.04183  0.00833  0.80968  -233.91310  -235.83833  4.99985   768
312.00  0.04189  0.04183  0.00887  0.80968  -233.08913  -235.02046  4.99985   768
313.00  0.04190  0.04183  0.00890  0.80968  -232.98842  -234.87093  4.99985   768
314.00  0.04189  0.04183  0.00865  0.80968  -233.32259  -235.15474  4.99985   768
315.00  0.04189  0.04183  0.00813  0.80968  -234.10841  -235.93904  4.99985   768
316.00  0.04190  0.04183  0.00752  0.80968  -235.08192  -236.90492  4.99985   768
317.00  0.04189  0.04183  0.00711  0.80968  -235.70906  -237.53969  4.99985   768
318.00  0.04189  0.04183  0.00699  0.80968  -235.94252  -237.85554  4.99985   768
319.00  0.04188  0.04183  0.00736  0.80968  -235.41609  -237.33827  4.99985   768
320.00  0.04189  0.04183  0.00800  0.80968  -234.52345  -236.47462  4.99985   768
321.00  0.04189  0.04183  0.00859  0.80968  -233.54689  -235.49196  4.99985   768
322.00  0.04188  0.04183  0.00890  0.80968  -233.07234  -234.97621  4.99985   768
323.00  0.04189  0.04183  0.00884  0.80968  -233.09523  -234.95180  4.99985   768
324.00  0.04189  0.04183  0.00850  0.80968  -233.61098  -235.48128  4.99985   768
325.00  0.04188  0.04183  0.00788  0.80968  -234.51125  -236.33729  4.99985   768
326.00  0.04189  0.04183  0.00728  0.80968  -235.38710  -237.21773  4.99985   768
327.00  0.04189  0.04183  0.00700  0.80968  -235.88911  -237.75636  4.99985   768
328.00  0.04189  0.04183  0.00711  0.80968  -235.78230  -237.69838  4.99985   768
329.00  0.04189  0.04183  0.00761  0.80968  -235.06514  -236.97664  4.99985   768
330.00  0.04188  0.04183  0.00832  0.80968  -233.96040  -235.89632  4.99985   768
331.00  0.04188  0.04183  0.00876  0.80968  -233.26308  -235.16542  4.99985   768
332.00  0.04188  0.04183  0.00899  0.80968  -232.88313  -234.79921  4.99985   768
333.00  0.04189  0.04183  0.00870  0.80968  -233.19441  -235.04182  4.99985   768
334.00  0.04188  0.04183  0.00824  0.80968  -233.99092  -235.82155  4.99985   768
335.00  0.04188  0.04183  0.00757  0.80968  -235.03310  -236.88051  4.99985   768
336.00  0.04189  0.04183  0.00711  0.80968  -235.74568  -237.60835  4.99985   768
337.00  0.04189  0.04183  0.00705  0.80968  -235.92116  -237.84181  4.99985   768
338.00  0.04188  0.04183  0.00748  0.80968  -235.25740  -237.21010  4.99985   768
339.00  0.04189  0.04183  0.00806  0.80968  -234.35713  -236.31288  4.99985   768
340.00  0.04188  0.04183  0.00864  0.80968  -233.41719  -235.36684  4.99985   768
341.00  0.04188  0.04183  0.00898  0.80968  -232.90602  -234.80684  4.99985   768
342.00  0.04189  0.04183  0.00893  0.80968  -232.93043  -234.79616  4.99985   768
343.00  0.04188  0.04183  0.00858  0.80968  -233.42024  -235.29512  4.99985   768
344.00  0.04187  0.04183  0.00803  0.80968  -234.27626  -236.07027  4.99985   768
345.00  0.04187  0.04183  0.00741  0.80968  -235.27113  -237.08345  4.99985   768
346.00  0.04189  0.04183  0.00718  0.80968  -235.61446  -237.48323  4.99985   768
347.00  0.04188  0.04183  0.00740  0.80968  -235.31386  -237.19942  4.99985   768
348.00  0.04188  0.04183  0.00786  0.80968  -234.66078  -236.58754  4.99985   768
349.00  0.04189  0.04183  0.00847  0.80968  -233.73762  -235.67812  4.99985   768
350.00  0.04189  0.04183  0.00883  0.80968  -233.14558  -235.04640  4.99985   768
351.00  0.04188  0.04183  0.00895  0.80968  -232.86635  -234.76259  4.99985   768
352.00  0.04187  0.04183  0.00867  0.80968  -233.31801  -235.18373  4.99985   768
353.00  0.04188  0.04183  0.00821  0.80968  -233.97566  -235.82155  4.99985   768
354.00  0.04188  0.04183  0.00759  0.80968  -234.99190  -236.81642  4.99985   768
355.00  0.04186  0.04183  0.00729  0.80968  -235.50764  -237.38557  4.99985   768
356.00  0.04187  0.04183  0.00726  0.80968  -235.53206  -237.43745  4.99985   768
357.00  0.04188  0.04183  0.00768  0.80968  -234.92628  -236.85762  4.99985   768
358.00  0.04187  0.04183  0.00828  0.80968  -234.04127  -235.98482  4.99985   768
359.00  0.04187  0.04183  0.00880  0.80968  -233.21730  -235.14406  4.99985   768
360.00  0.04187  0.04183  0.00906  0.80968  -232.77937  -234.68172  4.99985   768
361.00  0.04187  0.04183  0.00887  0.80968  -233.01131  -234.86330  4.99985   768
362.00  0.04186  0.04183  0.00838  0.80968  -233.71474  -235.51790  4.99985   768
363.00  0.04187  0.04183  0.00782  0.80968  -234.55855  -236.37086  4.99985   768
364.00  0.04188  0.04183  0.00736  0.80968  -235.31843  -237.16585  4.99985   768
365.00  0.04188  0.04183  0.00725  0.80968  -235.54579  -237.42525  4.99985   768
366.00  0.04187  0.04183  0.00751  0.80968  -235.19331  -237.11549  4.99985   768
367.00  0.04187  0.04183  0.00807  0.80968  -234.36171  -236.30525  4.99985   768
368.00  0.04188  0.04183  0.00868  0.80968  -233.44008  -235.37904  4.99985   768
369.00  0.04185  0.04183  0.00907  0.80968  -232.78242  -234.70918  4.99985   768
370.00  0.04187  0.04183  0.00906  0.80968  -232.70613  -234.57948  4.99985   768
371.00  0.04186  0.04183  0.00869  0.80968  -233.24171  -235.09676  4.99985   768
372.00  0.04185  0.04183  0.00812  0.80968  -234.14198  -235.97261  4.99985   768
373.00  0.04185  0.04183  0.00754  0.80968  -235.05446  -236.89424  4.99985   768
374.00  0.04186  0.04183  0.00725  0.80968  -235.52901  -237.41151  4.99985   768
375.00  0.04188  0.04183  0.00733  0.80968  -235.45729  -237.37337  4.99985   768
376.00  0.04186  0.04183  0.00776  0.80968  -234.82405  -236.76149  4.99985   768
377.00  0.04186  0.04183  0.00841  0.80968  -233.74678  -235.66743  4.99985   768
378.00  0.04186  0.04183  0.00895  0.80968  -232.99300  -234.91365  4.99985   768
379.00  0.04187  0.04183  0.00914  0.80968  -232.62831  -234.48946  4.99985   768
380.00  0.04186  0.04183  0.00899  0.80968  -232.82057  -234.66341  4.99985   768
381.00  0.04186  0.04183  0.00849  0.80968  -233.59877  -235.43397  4.99985   768
382.00  0.04186  0.04183  0.00780  0.80968  -234.63637  -236.44411  4.99985   768
383.00  0.04187  0.04183  0.00729  0.80968  -235.47102  -237.31386  4.99985   768
384.00  0.04187  0.04183  0.00713  0.80968  -235.70448  -237.60072  4.99985   768
385.00  0.04186  0.04183  0.00746  0.80968  -235.24824  -237.18721  4.99985   768
386.00  0.04186  0.04183  0.00805  0.80968  -234.39375  -236.33577  4.99985   768
387.00  0.04187  0.04183  0.00872  0.80968  -233.35921  -235.31496  4.99985   768
388.00  0.04186  0.04183  0.00914  0.80968  -232.66188  -234.59169  4.99985   768
389.00  0.04186  0.04183  0.00919  0.80968  -232.58101  -234.46352  4.99985   768
390.00  0.04186  0.04183  0.00884  0.80968  -233.10133  -234.95943  4.99985   768
391.00  0.04184  0.04183  0.00815  0.80968  -234.10689  -235.92073  4.99985   768
392.00  0.04187  0.04183  0.00761  0.80968  -234.91560  -236.76607  4.99985   768
393.00  0.04186  0.04183  0.00729  0.80968  -235.48323  -237.33980  4.99985   768
394.00  0.04186  0.04183  0.00738  0.80968  -235.34743  -237.24824  4.99985   768
395.00  0.04185  0.04183  0.00780  0.80968  -234.77217  -236.70961  4.99985   768
396.00  0.04185  0.04183  0.00842  0.80968  -233.81087  -235.73152  4.99985   768
397.00  0.04186  0.04183  0.00904  0.80968  -232.81294  -234.75038  4.99985   768
398.00  0.04187  0.04183  0.00925  0.80968  -232.40553  -234.29262  4.99985   768
399.00  0.04187  0.04183  0.00907  0.80968  -232.69697  -234.54286  4.99985   768
400.00  0.04187  0.04183  0.00862  0.80968  -233.38820  -235.21120  4.99985   768
401.00  0.04186  0.04183  0.00789  0.80968  -234.43648  -236.23506  4.99985   768
402.00  0.04186  0.04183  0.00737  0.80968  -235.33217  -237.18416  4.99985   768
403.00  0.04187  0.04183  0.00722  0.80968  -235.55952  -237.47102  4.99985   768
404.00  0.04185  0.04183  0.00752  0.80968  -235.20705  -237.13686  4.99985   768
405.00  0.04184  0.04183  0.00807  0.80968  -234.39528  -236.36781  4.99985   768
406.00  0.04186  0.04183  0.00872  0.80968  -233.33021  -235.27986  4.99985   768
407.00  0.04185  0.04183  0.00922  0.80968  -232.51540  -234.43147  4.99985   768
408.00  0.04186  0.04183  0.00918  0.80968  -232.56880  -234.43758  4.99985   768
409.00  0.04185  0.04183  0.00887  0.80968  -233.01741  -234.86482  4.99985   768
410.00  0.04185  0.04183  0.00830  0.80968  -233.83681  -235.66286  4.99985   768
411.00  0.04186  0.04183  0.00774  0.80968  -234.72487  -236.55244  4.99985   768
412.00  0.04184  0.04183  0.00737  0.80968  -235.31386  -237.14906  4.99985   768
413.00  0.04185  0.04183  0.00743  0.80968  -235.30928  -237.21925  4.99985   768
414.00  0.04185  0.04183  0.00784  0.80968  -234.68367  -236.61043  4.99985   768
415.00  0.04186  0.04183  0.00848  0.80968  -233.69185  -235.62776  4.99985   768
416.00  0.04186  0.04183  0.00897  0.80968  -232.93806  -234.85414  4.99985   768
417.00  0.04186  0.04183  0.00923  0.80968  -232.51540  -234.42689  4.99985   768
418.00  0.04184  0.04183  0.00904  0.80968  -232.80379  -234.63747  4.99985   768
419.00  0.04185  0.04183  0.00848  0.80968  -233.61403  -235.46754  4.99985   768
420.00  0.04185  0.04183  0.00785  0.80968  -234.51125  -236.34492  4.99985   768
421.00  0.04183  0.04183  0.00731  0.80968  -235.37031  -237.22230  4.99985   768
422.00  0.04183  0.04183  0.00715  0.80968  -235.73805  -237.62819  4.99985   768
423.00  0.04185  0.04183  0.00743  0.80968  -235.29097  -237.21925  4.99985   768
424.00  0.04185  0.04183  0.00803  0.80968  -234.43190  -236.38765  4.99985   768
425.00  0.04184  0.04183  0.00873  0.80968  -233.37599  -235.34547  4.99985   768
426.00  0.04184  0.04183  0.00910  0.80968  -232.69392  -234.58253  4.99985   768
427.00  0.04184  0.04183  0.00919  0.80968  -232.55507  -234.42842  4.99985   768
428.00  0.04186  0.04183  0.00877  0.80968  -233.20357  -235.03877  4.99985   768
429.00  0.04184  0.04183  0.00815  0.80968  -234.03059  -235.82460  4.99985   768
430.00  0.04184  0.04183  0.00755  0.80968  -235.02547  -236.84694  4.99985   768
431.00  0.04185  0.04183  0.00723  0.80968  -235.56563  -237.43288  4.99985   768
432.00  0.04184  0.04183  0.00733  0.80968  -235.42677  -237.33217  4.99985   768
433.00  0.04185  0.04183  0.00772  0.80968  -234.84694  -236.77064  4.99985   768
434.00  0.04185  0.04183  0.00841  0.80968  -233.81392  -235.76509  4.99985   768
435.00  0.04184  0.04183  0.00901  0.80968  -232.88466  -234.82210  4.99985   768
436.00  0.04184  0.04183  0.00918  0.80968  -232.62526  -234.51387  4.99985   768
437.00  0.04184  0.04183  0.00896  0.80968  -232.86482  -234.73817  4.99985   768
438.00  0.04185  0.04183  0.00855  0.80968  -233.47670  -235.31801  4.99985   768
439.00  0.04184  0.04183  0.00791  0.80968  -234.48073  -236.31135  4.99985   768
440.00  0.04183  0.04183  0.00742  0.80968  -235.27418  -237.13075  4.99985   768
441.00  0.04183  0.04183  0.00722  0.80968  -235.60530  -237.50612  4.99985   768
442.00  0.04184  0.04183  0.00756  0.80968  -235.10634  -237.01479  4.99985   768
443.00  0.04183  0.04183  0.00814  0.80968  -234.27016  -236.20760  4.99985   768
444.00  0.04185  0.04183  0.00876  0.80968  -233.27681  -235.20814  4.99985   768
445.00  0.04184  0.04183  0.00915  0.80968  -232.66341  -234.56880  4.99985   768
446.00  0.04184  0.04183  0.00912  0.80968  -232.58864  -234.44673  4.99985   768
447.00  0.04184  0.04183  0.00875  0.80968  -233.17763  -234.99147  4.99985   768
448.00  0.04184  0.04183  0.00821  0.80968  -234.00313  -235.82155  4.99985   768
449.00  0.04184  0.04183  0.00768  0.80968  -234.81032  -236.64705  4.99985   768
450.00  0.04184  0.04183  0.00729  0.80968  -235.46339  -237.31538  4.99985   768
451.00  0.04184  0.04183  0.00741  0.80968  -235.33827  -237.26503  4.99985   768
452.00  0.04183  0.04183  0.00777  0.80968  -234.77217  -236.70198  4.99985   768
453.00  0.04183  0.04183  0.00834  0.80968  -233.93599  -235.86122  4.99985   768
454.00  0.04183  0.04183  0.00889  0.80968  -233.07539  -235.03114  4.99985   768
455.00  0.04184  0.04183  0.00903  0.80968  -232.82820  -234.72139  4.99985   768
456.00  0.04181  0.04183  0.00887  0.80968  -233.02962  -234.88924  4.99985   768
457.00  0.04184  0.04183  0.00838  0.80968  -233.70711  -235.55910  4.99985   768
458.00  0.04183  0.04183  0.00783  0.80968  -234.56465  -236.39528  4.99985   768
459.00  0.04184  0.04183  0.00742  0.80968  -235.28334  -237.14906  4.99985   768
460.00  0.04183  0.04183  0.00732  0.80968  -235.44051  -237.32454  4.99985   768
461.00  0.04184  0.04183  0.00760  0.80968  -235.00563  -236.92171  4.99985   768
462.00  0.04183  0.04183  0.00822  0.80968  -234.10689  -236.04433  4.99985   768
463.00  0.04185  0.04183  0.00883  0.80968  -233.16542  -235.07997  4.99985   768
464.00  0.04184  0.04183  0.00914  0.80968  -232.66035  -234.55507  4.99985   768
465.00  0.04183  0.04183  0.00911  0.80968  -232.63441  -234.49098  4.99985   768
466.00  0.04186  0.04183  0.00879  0.80968  -233.11201  -234.94569  4.99985   768
467.00  0.04184  0.04183  0.00817  0.80968  -234.05501  -235.88411  4.99985   768
468.00  0.04183  0.04183  0.00767  0.80968  -234.90645  -236.73860  4.99985   768
469.00  0.04183  0.04183  0.00740  0.80968  -235.30165  -237.20094  4.99985   768
470.00  0.04184  0.04183  0.00747  0.80968  -235.21162  -237.13533  4.99985   768
471.00  0.04183  0.04183  0.00807  0.80968  -234.32967  -236.28694  4.99985   768
472.00  0.04184  0.04183  0.00868  0.80968  -233.39735  -235.36073  4.99985   768
473.00  0.04183  0.04183  0.00911  0.80968  -232.70766  -234.62984  4.99985   768
474.00  0.04183  0.04183  0.00927  0.80968  -232.39943  -234.30330  4.99985   768
475.00  0.04184  0.04183  0.00903  0.80968  -232.76564  -234.61458  4.99985   768
476.00  0.04182  0.04183  0.00856  0.80968  -233.49348  -235.33021  4.99985   768
477.00  0.04183  0.04183  0.00797  0.80968  -234.36476  -236.19844  4.99985   768
478.00  0.04183  0.04183  0.00759  0.80968  -235.01631  -236.86830  4.99985   768
479.00  0.04182  0.04183  0.00747  0.80968  -235.21162  -237.08040  4.99985   768
480.00  0.04182  0.04183  0.00782  0.80968  -234.74776  -236.66078  4.99985   768
481.00  0.04183  0.04183  0.00845  0.80968  -233.76814  -235.70711  4.99985   768
482.00  0.04183  0.04183  0.00902  0.80968  -232.83888  -234.77174  4.99985   768
483.00  0.04183  0.04183  0.00935  0.80968  -232.36281  -234.28346  4.99985   768
484.00  0.04182  0.04183  0.00920  0.80968  -232.48335  -234.33687  4.99985   768
485.00  0.04182  0.04183  0.00884  0.80968  -233.06471  -234.91212  4.99985   768
486.00  0.04183  0.04183  0.00817  0.80968  -234.01686  -235.83528  4.99985   768
487.00  0.04184  0.04183  0.00759  0.80968  -234.94612  -236.81032  4.99985   768
488.00  0.04183  0.04183  0.00743  0.80968  -235.24824  -237.13991  4.99985   768
489.00  0.04183  0.04183  0.00764  0.80968  -235.01021  -236.95222  4.99985   768
490.00  0.04183  0.04183  0.00817  0.80968  -234.21217  -236.16487  4.99985   768
491.00  0.04182  0.04183  0.00878  0.80968  -233.24019  -235.18983  4.99985   768
492.00  0.04184  0.04183  0.00916  0.80968  -232.61916  -234.53676  4.99985   768
493.00  0.04183  0.04183  0.00930  0.80968  -232.37807  -234.26973  4.99985   768
494.00  0.04183  0.04183  0.00904  0.80968  -232.72749  -234.57948  4.99985   768
495.00  0.04182  0.04183  0.00841  0.80968  -233.68269  -235.49654  4.99985   768
496.00  0.04182  0.04183  0.00793  0.80968  -234.39223  -236.22133  4.99985   768
497.00  0.04183  0.04183  0.00743  0.80968  -235.19789  -237.03920  4.99985   768
498.00  0.04184  0.04183  0.00737  0.80968  -235.41457  -237.31081  4.99985   768
499.00  0.04183  0.04183  0.00787  0.80968  -234.65468  -236.60127  4.99985   768
500.00  0.04182  0.04183  0.00849  0.80968  -233.70100  -235.64912  4.99985   768
501.00  0.04182  0.04183  0.00899  0.80968  -232.92891  -234.84956  4.99985   768
502.00  0.04182  0.04183  0.00925  0.80968  -232.47572  -234.38570  4.99985   768
503.00  0.04183  0.04183  0.00915  0.80968  -232.59016  -234.45894  4.99985   768
504.00  0.04183  0.04183  0.00864  0.80968  -233.35615  -235.18526  4.99985   768
505.00  0.04183  0.04183  0.00803  0.80968  -234.25185  -236.09773  4.99985   768
506.00  0.04182  0.04183  0.00754  0.80968  -235.03157  -236.87898  4.99985   768
507.00  0.04182  0.04183  0.00732  0.80968  -235.48476  -237.36726  4.99985   768
508.00  0.04181  0.04183  0.00752  0.80968  -235.18721  -237.10939  4.99985   768
509.00  0.04182  0.04183  0.00806  0.80968  -234.35713  -236.28847  4.99985   768
510.00  0.04183  0.04183  0.00874  0.80968  -233.32259  -235.26308  4.99985   768
511.00  0.04182  0.04183  0.00920  0.80968  -232.55202  -234.46352  4.99985   768
512.00  0.04182  0.04183  0.00931  0.80968  -232.37196  -234.25447  4.99985   768
513.00  0.04183  0.04183  0.00899  0.80968  -232.81599  -234.65883  4.99985   768
514.00  0.04183  0.04183  0.00840  0.80968  -233.69490  -235.50416  4.99985   768
515.00  0.04182  0.04183  0.00786  0.80968  -234.54634  -236.36934  4.99985   768
516.00  0.04183  0.04183  0.00739  0.80968  -235.25282  -237.10329  4.99985   768
517.00  0.04182  0.04183  0.00744  0.80968  -235.28792  -237.18874  4.99985   768
518.00  0.04183  0.04183  0.00792  0.80968  -234.56923  -236.50972  4.99985   768
519.00  0.04183  0.04183  0.00856  0.80968  -233.60792  -235.56825  4.99985   768
520.00  0.04182  0.04183  0.00906  0.80968  -232.79311  -234.73665  4.99985   768
521.00  0.04182  0.04183  0.00926  0.80968  -232.46352  -234.36433  4.99985   768
522.00  0.04182  0.04183  0.00920  0.80968  -232.55202  -234.42689  4.99985   768
523.00  0.04182  0.04183  0.00882  0.80968  -233.09218  -234.93501  4.99985   768
524.00  0.04182  0.04183  0.00812  0.80968  -234.13283  -235.95430  4.99985   768
525.00  0.04182  0.04183  0.00762  0.80968  -234.90950  -236.75844  4.99985   768
526.00  0.04183  0.04183  0.00736  0.80968  -235.36116  -237.24977  4.99985   768
527.00  0.04182  0.04183  0.00760  0.80968  -234.99800  -236.90492  4.99985   768
528.00  0.04182  0.04183  0.00813  0.80968  -234.31593  -236.25947  4.99985   768
529.00  0.04182  0.04183  0.00881  0.80968  -233.18220  -235.12575  4.99985   768
530.00  0.04180  0.04183  0.00915  0.80968  -232.63441  -234.52150  4.99985   768
531.00  0.04183  0.04183  0.00922  0.80968  -232.48488  -234.36281  4.99985   768
532.00  0.04182  0.04183  0.00890  0.80968  -232.94417  -234.79463  4.99985   768
533.00  0.04182  0.04183  0.00839  0.80968  -233.73610  -235.56825  4.99985   768
534.00  0.04182  0.04183  0.00782  0.80968  -234.58906  -236.42885  4.99985   768
535.00  0.04183  0.04183  0.00745  0.80968  -235.21010  -237.07735  4.99985   768
536.00  0.04182  0.04183  0.00737  0.80968  -235.40694  -237.30470  4.99985   768
537.00  0.04182  0.04183  0.00774  0.80968  -234.82558  -236.78895  4.99985   768
538.00  0.04181  0.04183  0.00841  0.80968  -233.83833  -235.80171  4.99985   768
539.00  0.04182  0.04183  0.00896  0.80968  -232.97011  -234.89992  4.99985   768
540.00  0.04182  0.04183  0.00922  0.80968  -232.49098  -234.40706  4.99985   768
541.00  0.04182  0.04183  0.00912  0.80968  -232.57948  -234.45589  4.99985   768
542.00  0.04180  0.04183  0.00868  0.80968  -233.26613  -235.09370  4.99985   768
543.00  0.04183  0.04183  0.00813  0.80968  -234.08247  -235.88869  4.99985   768
544.00  0.04181  0.04183  0.00752  0.80968  -235.04225  -236.87898  4.99985   768
545.00  0.04181  0.04183  0.00748  0.80968  -235.16280  -237.04835  4.99985   768
546.00  0.04181  0.04183  0.00773  0.80968  -234.83015  -236.74776  4.99985   768
547.00  0.04181  0.04183  0.00824  0.80968  -234.04280  -235.97566  4.99985   768
548.00  0.04182  0.04183  0.00886  0.80968  -233.09523  -235.01741  4.99985   768
549.00  0.04182  0.04183  0.00923  0.80968  -232.46352  -234.37959  4.99985   768
550.00  0.04181  0.04183  0.00928  0.80968  -232.39027  -234.28194  4.99985   768
551.00  0.04181  0.04183  0.00899  0.80968  -232.84193  -234.67409  4.99985   768
552.00  0.04182  0.04183  0.00853  0.80968  -233.54231  -235.39278  4.99985   768
553.00  0.04181  0.04183  0.00793  0.80968  -234.46089  -236.29915  4.99985   768
554.00  0.04182  0.04183  0.00759  0.80968  -235.01936  -236.90034  4.99985   768
555.00  0.04181  0.04183  0.00773  0.80968  -234.87135  -236.81032  4.99985   768
556.00  0.04181  0.04183  0.00818  0.80968  -234.23201  -236.15572  4.99985   768
557.00  0.04181  0.04183  0.00874  0.80968  -233.34700  -235.30275  4.99985   768
558.00  0.04180  0.04183  0.00925  0.80968  -232.53065  -234.47572  4.99985   768
559.00  0.04182  0.04183  0.00932  0.80968  -232.35823  -234.24684  4.99985   768
560.00  0.04182  0.04183  0.00914  0.80968  -232.61305  -234.48030  4.99985   768
561.00  0.04180  0.04183  0.00861  0.80968  -233.42635  -235.25392  4.99985   768
562.00  0.04181  0.04183  0.00801  0.80968  -234.37086  -236.19844  4.99985   768
563.00  0.04181  0.04183  0.00756  0.80968  -235.02547  -236.84541  4.99985   768
564.00  0.04180  0.04183  0.00746  0.80968  -235.24367  -237.13228  4.99985   768
565.00  0.04182  0.04183  0.00779  0.80968  -234.72334  -236.63179  4.99985   768
566.00  0.04181  0.04183  0.00840  0.80968  -233.82765  -235.77730  4.99985   768
567.00  0.04180  0.04183  0.00906  0.80968  -232.76717  -234.70308  4.99985   768
568.00  0.04180  0.04183  0.00935  0.80968  -232.30025  -234.19649  4.99985   768
569.00  0.04181  0.04183  0.00921  0.80968  -232.53371  -234.40706  4.99985   768
570.00  0.04181  0.04183  0.00880  0.80968  -233.15779  -234.99910  4.99985   768
571.00  0.04180  0.04183  0.00823  0.80968  -233.99855  -235.83528  4.99985   768
572.00  0.04181  0.04183  0.00768  0.80968  -234.86372  -236.73402  4.99985   768
573.00  0.04181  0.04183  0.00743  0.80968  -235.27418  -237.16127  4.99985   768
574.00  0.04181  0.04183  0.00756  0.80968  -235.06666  -236.97816  4.99985   768
575.00  0.04180  0.04183  0.00818  0.80968  -234.11146  -236.06416  4.99985   768
576.00  0.04181  0.04183  0.00882  0.80968  -233.17152  -235.10744  4.99985   768
577.00  0.04181  0.04183  0.00926  0.80968  -232.48183  -234.37807  4.99985   768
578.00  0.04180  0.04183  0.00942  0.80968  -232.19801  -234.09578  4.99985   768
579.00  0.04182  0.04183  0.00915  0.80968  -232.56575  -234.40095  4.99985   768
580.00  0.04180  0.04183  0.00869  0.80968  -233.26613  -235.09065  4.99985   768
581.00  0.04181  0.04183  0.00799  0.80968  -234.31135  -236.13588  4.99985   768
582.00  0.04182  0.04183  0.00758  0.80968  -234.96748  -236.81184  4.99985   768
583.00  0.04181  0.04183  0.00749  0.80968  -235.15974  -237.03920  4.99985   768
584.00  0.04181  0.04183  0.00786  0.80968  -234.68367  -236.60890  4.99985   768
585.00  0.04181  0.04183  0.00852  0.80968  -233.67506  -235.64760  4.99985   768
586.00  0.04180  0.04183  0.00905  0.80968  -232.80836  -234.72749  4.99985   768
587.00  0.04181  0.04183  0.00935  0.80968  -232.34907  -234.26515  4.99985   768
588.00  0.04180  0.04183  0.00934  0.80968  -232.30940  -234.20106  4.99985   768
589.00  0.04181  0.04183  0.00899  0.80968  -232.79311  -234.64967  4.99985   768
590.00  0.04182  0.04183  0.00839  0.80968  -233.71779  -235.53773  4.99985   768
591.00  0.04179  0.04183  0.00771  0.80968  -234.79658  -236.64552  4.99985   768
592.00  0.04182  0.04183  0.00749  0.80968  -235.17500  -237.05293  4.99985   768
593.00  0.04180  0.04183  0.00763  0.80968  -234.96596  -236.88203  4.99985   768
594.00  0.04180  0.04183  0.00817  0.80968  -234.16792  -236.10536  4.99985   768
595.00  0.04180  0.04183  0.00884  0.80968  -233.14711  -235.09370  4.99985   768
596.00  0.04180  0.04183  0.00934  0.80968  -232.40095  -234.31093  4.99985   768
597.00  0.04180  0.04183  0.00943  0.80968  -232.22548  -234.11409  4.99985   768
598.00  0.04181  0.04183  0.00914  0.80968  -232.57033  -234.41774  4.99985   768
599.00  0.04180  0.04183  0.00860  0.80968  -233.38209  -235.21272  4.99985   768
600.00  0.04181  0.04183  0.00804  0.80968  -234.27931  -236.11452  4.99985   768
601.00  0.04180  0.04183  0.00755  0.80968  -235.01479  -236.88661  4.99985   768
602.00  0.04179  0.04183  0.00746  0.80968  -235.21773  -237.10481  4.99985   768
603.00  0.04181  0.04183  0.00786  0.80968  -234.64094  -236.57838  4.99985   768
604.00  0.04180  0.04183  0.00849  0.80968  -233.74525  -235.70558  4.99985   768
605.00  0.04180  0.04183  0.00909  0.80968  -232.81294  -234.76259  4.99985   768
606.00  0.04180  0.04183  0.00942  0.80968  -232.21785  -234.11714  4.99985   768
607.00  0.04181  0.04183  0.00941  0.80968  -232.19496  -234.07594  4.99985   768
608.00  0.04180  0.04183  0.00892  0.80968  -232.87398  -234.70918  4.99985   768
609.00  0.04181  0.04183  0.00830  0.80968  -233.87953  -235.70711  4.99985   768
610.00  0.04181  0.04183  0.00768  0.80968  -234.82710  -236.64247  4.99985   768
611.00  0.04180  0.04183  0.00732  0.80968  -235.44661  -237.31843  4.99985   768
612.00  0.04179  0.04183  0.00758  0.80968  -235.10634  -237.02089  4.99985   768
613.00  0.04180  0.04183  0.00813  0.80968  -234.24727  -236.19691  4.99985   768
614.00  0.04180  0.04183  0.00882  0.80968  -233.24629  -235.18220  4.99985   768
615.00  0.04180  0.04183  0.00940  0.80968  -232.29567  -234.22090  4.99985   768
616.00  0.04179  0.04183  0.00962  0.80968  -231.96303  -233.84706  4.99985   768
617.00  0.04181  0.04183  0.00937  0.80968  -232.28346  -234.14613  4.99985   768
618.00  0.04181  0.04183  0.00880  0.80968  -233.13032  -234.96706  4.99985   768
619.00  0.04180  0.04183  0.00812  0.80968  -234.17860  -236.00923  4.99985   768
620.00  0.04180  0.04183  0.00767  0.80968  -234.86983  -236.73555  4.99985   768
621.00  0.04179  0.04183  0.00754  0.80968  -235.12312  -237.02241  4.99985   768
622.00  0.04180  0.04183  0.00795  0.80968  -234.52498  -236.48225  4.99985   768
623.00  0.04180  0.04183  0.00859  0.80968  -233.57741  -235.53468  4.99985   768
624.00  0.04180  0.04183  0.00920  0.80968  -232.61458  -234.55659  4.99985   768
625.00  0.04180  0.04183  0.00952  0.80968  -232.03780  -233.94166  4.99985   768
626.00  0.04180  0.04183  0.00952  0.80968  -232.00880  -233.88063  4.99985   768
627.00  0.04178  0.04183  0.00906  0.80968  -232.73054  -234.55659  4.99985   768
628.00  0.04180  0.04183  0.00866  0.80968  -233.28902  -235.13795  4.99985   768
629.00  0.04180  0.04183  0.00820  0.80968  -234.06111  -235.88411  4.99985   768
630.00  0.04179  0.04183  0.00808  0.80968  -234.26863  -236.13588  4.99985   768
631.00  0.04180  0.04183  0.00828  0.80968  -233.97566  -235.88411  4.99985   768
632.00  0.04179  0.04183  0.00892  0.80968  -233.00215  -234.94417  4.99985   768
633.00  0.04179  0.04183  0.00958  0.80968  -231.98134  -233.91725  4.99985   768
634.00  0.04178  0.04183  0.01020  0.80968  -231.06428  -233.00020  4.99985   768
635.00  0.04180  0.04183  0.01044  0.80968  -230.65535  -232.56837  4.99985   768
636.00  0.04179  0.04183  0.01014  0.80968  -231.05208  -232.88423  4.99985   768
637.00  0.04179  0.04183  0.00948  0.80968  -232.01033  -233.81959  4.99985   768
638.00  0.04179  0.04183  0.00886  0.80968  -232.99757  -234.85261  4.99985   768
639.00  0.04180  0.04183  0.00836  0.80968  -233.77882  -235.65065  4.99985   768
640.00  0.04180  0.04183  0.00840  0.80968  -233.76051  -235.69185  4.99985   768
641.00  0.04179  0.04183  0.00879  0.80968  -233.19289  -235.13338  4.99985   768
642.00  0.04179  0.04183  0.00934  0.80968  -232.37196  -234.30025  4.99985   768
643.00  0.04180  0.04183  0.00980  0.80968  -231.61970  -233.53883  4.99985   768
644.00  0.04179  0.04183  0.01009  0.80968  -231.15584  -233.05971  4.99985   768
645.00  0.04178  0.04183  0.01013  0.80968  -231.13142  -233.00478  4.99985   768
646.00  0.04179  0.04183  0.00980  0.80968  -231.60445  -233.43660  4.99985   768
647.00  0.04180  0.04183  0.00913  0.80968  -232.54286  -234.33382  4.99985   768
648.00  0.04180  0.04183  0.00852  0.80968  -233.56673  -235.39430  4.99985   768
649.00  0.04179  0.04183  0.00835  0.80968  -233.83833  -235.73152  4.99985   768
650.00  0.04180  0.04183  0.00871  0.80968  -233.36531  -235.30275  4.99985   768
651.00  0.04178  0.04183  0.00944  0.80968  -232.19801  -234.15834  4.99985   768
652.00  0.04180  0.04183  0.01028  0.80968  -230.95595  -232.92543  4.99985   768
653.00  0.04180  0.04183  0.01088  0.80968  -230.01906  -231.96870  4.99985   768
654.00  0.04179  0.04183  0.01111  0.80968  -229.64827  -231.55977  4.99985   768
655.00  0.04180  0.04183  0.01114  0.80968  -229.61775  -231.50026  4.99985   768
656.00  0.04180  0.04183  0.01084  0.80968  -230.03126  -231.90614  4.99985   768
657.00  0.04179  0.04183  0.01062  0.80968  -230.34560  -232.21742  4.99985   768
658.00  0.04178  0.04183  0.01053  0.80968  -230.48598  -232.36391  4.99985   768
659.00  0.04181  0.04183  0.01079  0.80968  -230.11214  -232.05263  4.99985   768
660.00  0.04180  0.04183  0.01149  0.80968  -229.10811  -231.06691  4.99985   768
661.00  0.04179  0.04183  0.01245  0.80968  -227.63258  -229.60969  4.99985   768
662.00  0.04178  0.04183  0.01332  0.80968  -226.29896  -228.23793  4.99985   768
663.00  0.04180  0.04183  0.01388  0.80968  -225.36207  -227.28578  4.99985   768
664.00  0.04179  0.04183  0.01395  0.80968  -225.22322  -227.08436  4.99985   768
665.00  0.04180  0.04183  0.01372  0.80968  -225.57722  -227.42464  4.99985   768
666.00  0.04179  0.04183  0.01327  0.80968  -226.28371  -228.12654  4.99985   768
667.00  0.04179  0.04183  0.01293  0.80968  -226.80861  -228.66518  4.99985   768
668.00  0.04180  0.04183  0.01273  0.80968  -227.11989  -229.02223  4.99985   768
669.00  0.04179  0.04183  0.01305  0.80968  -226.69112  -228.62550  4.99985   768
670.00  0.04180  0.04183  0.01366  0.80968  -225.74354  -227.70692  4.99985   768
671.00  0.04178  0.04183  0.01436  0.80968  -224.65254  -226.59456  4.99985   768
672.00  0.04180  0.04183  0.01475  0.80968  -224.03303  -225.94301  4.99985   768
673.00  0.04178  0.04183  0.01506  0.80968  -223.57222  -225.48830  4.99985   768
674.00  0.04178  0.04183  0.01485  0.80968  -223.78889  -225.64699  4.99985   768
675.00  0.04180  0.04183  0.01438  0.80968  -224.52589  -226.36110  4.99985   768
676.00  0.04179  0.04183  0.01398  0.80968  -225.13472  -226.97450  4.99985   768
677.00  0.04179  0.04183  0.01371  0.80968  -225.63216  -227.50856  4.99985   768
678.00  0.04178  0.04183  0.01397  0.80968  -225.22627  -227.15761  4.99985   768
679.00  0.04180  0.04183  0.01467  0.80968  -224.19783  -226.13679  4.99985   768
680.00  0.04178  0.04183  0.01575  0.80968  -222.59566  -224.57429  4.99985   768
681.00  0.04179  0.04183  0.01665  0.80968  -221.17201  -223.12776  4.99985   768
682.00  0.04179  0.04183  0.01738  0.80968  -220.03218  -221.96504  4.99985   768
683.00  0.04179  0.04183  0.01774  0.80968  -219.47066  -221.38368  4.99985   768
684.00  0.04178  0.04183  0.01755  0.80968  -219.66749  -221.52254  4.99985   768
685.00  0.04180  0.04183  0.01751  0.80968  -219.79414  -221.68886  4.99985   768
686.00  0.04180  0.04183  0.01757  0.80968  -219.67207  -221.56984  4.99985   768
687.00  0.04180  0.04183  0.01784  0.80968  -219.32417  -221.25703  4.99985   768
688.00  0.04179  0.04183  0.01867  0.80968  -218.12330  -220.12636  4.99985   768
689.00  0.04180  0.04183  0.01984  0.80968  -216.35786  -218.35328  4.99985   768
690.00  0.04178  0.04183  0.02104  0.80968  -214.47340  -216.48561  4.99985   768
691.00  0.04179  0.04183  0.02186  0.80968  -213.13368  -215.08180  4.99985   768
692.00  0.04177  0.04183  0.02237  0.80968  -212.33107  -214.25783  4.99985   768
693.00  0.04179  0.04183  0.02249  0.80968  -212.14338  -214.00453  4.99985   768
694.00  0.04179  0.04183  0.02233  0.80968  -212.33870  -214.18001  4.99985   768
695.00  0.04179  0.04183  0.02212  0.80968  -212.66524  -214.51875  4.99985   768
696.00  0.04179  0.04183  0.02209  0.80968  -212.74458  -214.63930  4.99985   768
697.00  0.04179  0.04183  0.02242  0.80968  -212.25172  -214.16780  4.99985   768
698.00  0.04178  0.04183  0.02308  0.80968  -211.30110  -213.24464  4.99985   768
699.00  0.04179  0.04183  0.02400  0.80968  -209.87898  -211.84846  4.99985   768
700.00  0.04180  0.04183  0.02468  0.80968  -208.84596  -210.75136  4.99985   768
701.00  0.04179  0.04183  0.02503  0.80968  -208.23866  -210.15321  4.99985   768
702.00  0.04178  0.04183  0.02507  0.80968  -208.14100  -210.01893  4.99985   768
703.00  0.04180  0.04183  0.02488  0.80968  -208.46144  -210.33021  4.99985   768
704.00  0.04178  0.04183  0.02455  0.80968  -208.93294  -210.80018  4.99985   768
705.00  0.04179  0.04183  0.02428  0.80968  -209.39070  -211.27015  4.99985   768
706.00  0.04178  0.04183  0.02432  0.80968  -209.34492  -211.24727  4.99985   768
707.00  0.04178  0.04183  0.02485  0.80968  -208.57741  -210.52705  4.99985   768
708.00  0.04179  0.04183  0.02569  0.80968  -207.22700  -209.21022  4.99985   768
709.00  0.04178  0.04183  0.02654  0.80968  -205.98951  -207.94374  4.99985   768
710.00  0.04177  0.04183  0.02710  0.80968  -205.10450  -207.00380  4.99985   768
711.00  0.04179  0.04183  0.02729  0.80968  -204.77797  -206.64827  4.99985   768
712.00  0.04177  0.04183  0.02713  0.80968  -204.98091  -206.82832  4.99985   768
713.00  0.04178  0.04183  0.02696  0.80968  -205.28303  -207.14570  4.99985   768
714.00  0.04179  0.04183  0.02664  0.80968  -205.70723  -207.54701  4.99985   768
715.00  0.04178  0.04183  0.02664  0.80968  -205.77284  -207.63704  4.99985   768
716.00  0.04177  0.04183  0.02694  0.80968  -205.34712  -207.28456  4.99985   768
717.00  0.04180  0.04183  0.02775  0.80968  -204.15541  -206.10658  4.99985   768
718.00  0.04179  0.04183  0.02871  0.80968  -202.71193  -204.67988  4.99985   768
719.00  0.04178  0.04183  0.02890  0.80968  -202.33351  -204.24348  4.99985   768
720.00  0.04178  0.04183  0.02937  0.80968  -201.58125  -203.51869  4.99985   768
721.00  0.04177  0.04183  0.02924  0.80968  -201.72468  -203.59346  4.99985   768
722.00  0.04178  0.04183  0.02910  0.80968  -201.93678  -203.82081  4.99985   768
723.00  0.04179  0.04183  0.02898  0.80968  -202.17024  -204.04512  4.99985   768
724.00  0.04178  0.04183  0.02896  0.80968  -202.20076  -204.12141  4.99985   768
725.00  0.04179  0.04183  0.02898  0.80968  -202.11531  -203.95662  4.99985   768
726.00  0.04178  0.04183  0.02916  0.80968  -201.93068  -203.87422  4.99985   768
727.00  0.04178  0.04183  0.03008  0.80968  -200.57417  -202.53907  4.99985   768
728.00  0.04179  0.04183  0.03087  0.80968  -199.32142  -201.27107  4.99985   768
729.00  0.04178  0.04183  0.03134  0.80968  -198.56459  -200.46388  4.99985   768
730.00  0.04178  0.04183  0.03138  0.80968  -198.42573  -200.27772  4.99985   768
731.00  0.04179  0.04183  0.03101  0.80968  -199.01930  -200.85145  4.99985   768
732.00  0.04178  0.04183  0.03082  0.80968  -199.32753  -201.20240  4.99985   768
733.00  0.04179  0.04183  0.03052  0.80968  -199.76545  -201.62050  4.99985   768
734.00  0.04179  0.04183  0.03062  0.80968  -199.67238  -201.58082  4.99985   768
735.00  0.04180  0.04183  0.03106  0.80968  -199.03761  -200.97810  4.99985   768
736.00  0.04178  0.04183  0.03200  0.80968  -197.64143  -199.64143  4.99985   768
737.00  0.04179  0.04183  0.03315  0.80968  -195.89583  -197.88820  4.99985   768
738.00  0.04179  0.04183  0.03418  0.80968  -194.29060  -196.26771  4.99985   768
739.00  0.04178  0.04183  0.03479  0.80968  -193.29878  -195.21180  4.99985   768
740.00  0.04178  0.04183  0.03491  0.80968  -193.02717  -194.92646  4.99985   768
741.00  0.04179  0.04183  0.03490  0.80968  -193.04396  -194.94325  4.99985   768
742.00  0.04179  0.04183  0.03507  0.80968  -192.81355  -194.72657  4.99985   768
743.00  0.04178  0.04183  0.03537  0.80968  -192.38783  -194.29017  4.99985   768
744.00  0.04179  0.04183  0.03594  0.80968  -191.53334  -193.47230  4.99985   768
745.00  0.04178  0.04183  0.03716  0.80968  -189.73890  -191.75264  4.99985   768
746.00  0.04178  0.04183  0.03814  0.80968  -188.23591  -190.21455  4.99985   768
747.00  0.04178  0.04183  0.03993  0.80968  -185.54426  -187.59309  4.99985   768
748.00  0.04178  0.04183  0.04119  0.80968  -183.47364  -185.43245  4.99985   768
749.00  0.04179  0.04183  0.04189  0.80968  -182.37654  -184.33229  4.99985   768
750.00  0.04178  0.04183  0.04219  0.80968  -181.81044  -183.68989  4.99985   768
751.00  0.04180  0.04183  0.04246  0.80968  -181.48085  -183.37861  4.99985   768
752.00  0.04179  0.04183  0.04270  0.80968  -181.17109  -183.12989  4.99985   768
753.00  0.04179  0.04183  0.04309  0.80968  -180.52870  -182.43104  4.99985   768
754.00  0.04178  0.04183  0.04377  0.80968  -179.53840  -181.50178  4.99985   768
755.00  0.04179  0.04183  0.04468  0.80968  -178.15596  -180.16511  4.99985   768
756.00  0.04178  0.04183  0.04515  0.80968  -177.36097  -179.27095  4.99985   768
757.00  0.04180  0.04183  0.03377  0.80968  -193.15992  -193.52113  4.99985   768
758.00  0.04178  0.04183  0.03108  0.80968  -199.29548  -201.54268  4.99985   768
759.00  0.04179  0.04183  0.02984  0.80968  -200.05842  -201.30464  4.99985   768
760.00  0.04178  0.04183  0.02391  0.80968  -209.89271  -211.59669  4.99985   768
761.00  0.04178  0.04183  0.02598  0.80968  -206.75093  -208.65327  4.99985   768
762.00  0.04179  0.04183  0.02064  0.80968  -214.47645  -215.83558  4.99985   768
763.00  0.04179  0.04183  0.02137  0.80968  -214.12550  -216.27809  4.99985   768
764.00  0.04178  0.04183  0.02111  0.80968  -213.98359  -215.60823  4.99985   768
765.00  0.04178  0.04183  0.02008  0.80968  -216.01607  -218.01912  4.99985   768
766.00  0.04178  0.04183  0.02230  0.80968  -212.45924  -214.39973  4.99985   768
767.00  0.04178  0.04183  0.02019  0.80968  -215.47590  -217.16463  4.99985   768
768.00  0.04178  0.04183  0.02080  0.80968  -214.81520  -216.82741  4.99985   768
769.00  0.04177  0.04183  0.01963  0.80968  -216.28767  -217.94130  4.99985   768
770.00  0.04177  0.04183  0.01844  0.80968  -218.43153  -220.33235  4.99985   768
771.00  0.04178  0.04183  0.01885  0.80968  -217.64418  -219.50532  4.99985   768
772.00  0.04178  0.04183  0.01720  0.80968  -220.14052  -221.89638  4.99985   768
773.00  0.04177  0.04183  0.01773  0.80968  -219.57136  -221.57899  4.99985   768
774.00  0.04177  0.04183  0.01773  0.80968  -219.33485  -221.18074  4.99985   768
775.00  0.04179  0.04183  0.01785  0.80968  -219.40199  -221.35164  4.99985   768
776.00  0.04177  0.04183  0.01898  0.80968  -217.58162  -219.53126  4.99985   768
777.00  0.04178  0.04183  0.01848  0.80968  -218.21028  -219.98750  4.99985   768
778.00  0.04176  0.04183  0.01808  0.80968  -218.86488  -220.72755  4.99985   768
779.00  0.04178  0.04183  0.01731  0.80968  -219.97572  -221.74226  4.99985   768
780.00  0.04177  0.04183  0.01639  0.80968  -221.42836  -223.23305  4.99985   768
781.00  0.04178  0.04183  0.01630  0.80968  -221.64503  -223.50465  4.99985   768
782.00  0.04178  0.04183  0.01597  0.80968  -222.11348  -223.96699  4.99985   768
783.00  0.04177  0.04183  0.01635  0.80968  -221.58858  -223.54280  4.99985   768
784.00  0.04177  0.04183  0.01694  0.80968  -220.67915  -222.60133  4.99985   768
785.00  0.04179  0.04183  0.01718  0.80968  -220.28242  -222.20460  4.99985   768
786.00  0.04177  0.04183  0.01758  0.80968  -219.70412  -221.62935  4.99985   768
787.00  0.04179  0.04183  0.01755  0.80968  -219.73311  -221.60188  4.99985   768
788.00  0.04178  0.04183  0.01685  0.80968  -220.71120  -222.52962  1.60985   768
789.00  0.04178  0.04183  0.01648  0.80968  -221.33833  -223.21474  1.43143   768
790.00  0.04178  0.04183  0.01600  0.80968  -222.07838  -223.91969  1.43143   768
791.00  0.04177  0.04183  0.01564  0.80968  -222.64754  -224.54072  1.43143   768
792.00  0.04179  0.04183  0.01562  0.80968  -222.71467  -224.57582  1.43143   768
793.00  0.04178  0.04183  0.01609  0.80968  -222.04481  -223.97767  1.43143   768
794.00  0.04178  0.04183  0.01682  0.80968  -220.93092  -222.88209  1.43143   768
795.00  0.04178  0.04183  0.01721  0.80968  -220.20308  -222.10542  1.43143   768
796.00  0.04179  0.04183  0.01719  0.80968  -220.24885  -222.11152  1.43143   768
797.00  0.04178  0.04183  0.01685  0.80968  -220.71425  -222.52504  1.43143   768
798.00  0.04179  0.04183  0.01624  0.80968  -221.66029  -223.48939  1.43143   768
799.00  0.04179  0.04183  0.01576  0.80968  -222.45375  -224.28590  1.34228   768
800.00  0.04178  0.04183  0.01547  0.80968  -222.79249  -224.65822  1.33759   768
801.00  0.04179  0.04183  0.01526  0.80968  -223.25636  -225.12666  1.33759   768
802.00  0.04179  0.04183  0.01565  0.80968  -222.68873  -224.62617  1.33759   768
803.00  0.04178  0.04183  0.01610  0.80968  -221.99904  -223.92580  1.33759   768
804.00  0.04178  0.04183  0.01649  0.80968  -221.40089  -223.35512  1.33759   768
805.00  0.04177  0.04183  0.01696  0.80968  -220.64100  -222.57844  1.33759   768
806.00  0.04178  0.04183  0.01699  0.80968  -220.55556  -222.43501  1.33759   768
807.00  0.04178  0.04183  0.01659  0.80968  -221.13539  -222.97670  1.33759   768
808.00  0.04177  0.04183  0.01590  0.80968  -222.16383  -223.96852  1.33759   768
809.00  0.04179  0.04183  0.01535  0.80968  -223.03511  -224.87184  1.33759   768
810.00  0.04177  0.04183  0.01508  0.80968  -223.55238  -225.43489  1.42902   768
811.00  0.04178  0.04183  0.01526  0.80968  -223.28078  -225.19227  1.46820   768
812.00  0.04177  0.04183  0.01589  0.80968  -222.31947  -224.26454  1.46820   768
813.00  0.04177  0.04183  0.01639  0.80968  -221.57332  -223.48939  1.46820   768
814.00  0.04178  0.04183  0.01679  0.80968  -220.95228  -222.84700  1.46820   768
815.00  0.04178  0.04183  0.01680  0.80968  -220.81953  -222.67610  1.46820   768
816.00  0.04179  0.04183  0.01655  0.80968  -221.17048  -223.01027  1.46820   768
817.00  0.04177  0.04183  0.01617  0.80968  -221.80678  -223.64961  1.46820   768
818.00  0.04178  0.04183  0.01559  0.80968  -222.65974  -224.50105  1.46820   768
819.00  0.04177  0.04183  0.01509  0.80968  -223.44557  -225.28535  1.46820   768
820.00  0.04178  0.04183  0.01488  0.80968  -223.86976  -225.76295  1.46820   768
821.00  0.04180  0.04183  0.01534  0.80968  -223.19990  -225.17244  1.37271   768
822.00  0.04177  0.04183  0.01594  0.80968  -222.21571  -224.15925  1.33179   768
823.00  0.04178  0.04183  0.01641  0.80968  -221.53364  -223.45735  1.33179   768
824.00  0.04177  0.04183  0.01649  0.80968  -221.36885  -223.24525  1.33179   768
825.00  0.04179  0.04183  0.01644  0.80968  -221.37038  -223.23610  1.33179   768
826.00  0.04178  0.04183  0.01605  0.80968  -221.99751  -223.85255  1.33179   768
827.00  0.04177  0.04183  0.01573  0.80968  -222.46596  -224.27064  1.33179   768
828.00  0.04178  0.04183  0.01510  0.80968  -223.42116  -225.23653  1.33179   768
829.00  0.04179  0.04183  0.01468  0.80968  -224.08491  -225.94301  1.33179   768
830.00  0.04177  0.04183  0.01488  0.80968  -223.86366  -225.78279  1.33179   768
831.00  0.04178  0.04183  0.01552  0.80968  -222.87337  -224.81691  1.33179   768
832.00  0.04177  0.04183  0.01629  0.80968  -221.71217  -223.65419  1.33624   768
833.00  0.04177  0.04183  0.01667  0.80968  -221.09419  -222.99501  1.33987   768
834.00  0.04176  0.04183  0.01659  0.80968  -221.12318  -222.99501  1.33987   768
835.00  0.04178  0.04183  0.01611  0.80968  -221.83577  -223.68165  1.33987   768
836.00  0.04178  0.04183  0.01570  0.80968  -222.51478  -224.38051  1.33987   768
837.00  0.04178  0.04183  0.01527  0.80968  -223.18007  -225.03358  1.33987   768
838.00  0.04177  0.04183  0.01480  0.80968  -223.92012  -225.78432  1.33987   768
839.00  0.04178  0.04183  0.01475  0.80968  -224.00709  -225.90486  1.33987   768
840.00  0.04178  0.04183  0.01498  0.80968  -223.67903  -225.60274  1.33987   768
841.00  0.04178  0.04183  0.01553  0.80968  -222.89931  -224.84132  1.33987   768
842.00  0.04178  0.04183  0.01612  0.80968  -221.98225  -223.92427  1.33987   768
843.00  0.04175  0.04183  0.01645  0.80968  -221.44972  -223.34749  1.39107   768
844.00  0.04178  0.04183  0.01630  0.80968  -221.57942  -223.43294  1.43295   768
845.00  0.04177  0.04183  0.01577  0.80968  -222.34389  -224.17146  1.43295   768
846.00  0.04178  0.04183  0.01509  0.80968  -223.48677  -225.29146  1.43295   768
847.00  0.04177  0.04183  0.01457  0.80968  -224.21919  -226.04524  1.43295   768
848.00  0.04177  0.04183  0.01439  0.80968  -224.60829  -226.48622  1.43295   768
849.00  0.04177  0.04183  0.01461  0.80968  -224.29854  -226.20851  1.43295   768
850.00  0.04177  0.04183  0.01490  0.80968  -223.80263  -225.72938  1.43295   768
851.00  0.04178  0.04183  0.01550  0.80968  -222.92830  -224.85200  1.43295   768
852.00  0.04177  0.04183  0.01595  0.80968  -222.24165  -224.17451  1.43295   768
853.00  0.04178  0.04183  0.01603  0.80968  -222.00514  -223.89833  1.43295   768
854.00  0.04177  0.04183  0.01575  0.80968  -222.47664  -224.33931  1.40425   768
855.00  0.04177  0.04183  0.01515  0.80968  -223.36470  -225.17396  1.33728   768
856.00  0.04177  0.04183  0.01451  0.80968  -224.32600  -226.17799  1.33728   768
857.00  0.04177  0.04183  0.01421  0.80968  -224.83870  -226.69679  1.33728   768
858.00  0.04178  0.04183  0.01444  0.80968  -224.55488  -226.48775  1.33728   768
859.00  0.04178  0.04183  0.01482  0.80968  -223.94453  -225.85603  1.33728   768
860.00  0.04177  0.04183  0.01538  0.80968  -223.14497  -225.09767  1.33728   768
861.00  0.04177  0.04183  0.01579  0.80968  -222.44002  -224.34236  1.33728   768
862.00  0.04178  0.04183  0.01597  0.80968  -222.11806  -223.99904  1.33728   768
863.00  0.04177  0.04183  0.01592  0.80968  -222.20045  -224.05244  1.33728   768
864.00  0.04176  0.04183  0.01556  0.80968  -222.74214  -224.58803  1.33728   768
865.00  0.04177  0.04183  0.01498  0.80968  -223.59511  -225.39522  1.36877   768
866.00  0.04178  0.04183  0.01440  0.80968  -224.55488  -226.40840  1.44226   768
867.00  0.04178  0.04183  0.01423  0.80968  -224.76546  -226.63881  1.44226   768
868.00  0.04179  0.04183  0.01443  0.80968  -224.50911  -226.41298  1.44226   768
869.00  0.04176  0.04183  0.01492  0.80968  -223.79042  -225.74617  1.44226   768
870.00  0.04175  0.04183  0.01550  0.80968  -222.90999  -224.84132  1.44226   768
871.00  0.04177  0.04183  0.01573  0.80968  -222.52699  -224.43849  1.44226   768
872.00  0.04178  0.04183  0.01578  0.80968  -222.39424  -224.28895  1.44226   768
873.00  0.04177  0.04183  0.01556  0.80968  -222.78334  -224.65059  1.44226   768
874.00  0.04177  0.04183  0.01497  0.80968  -223.63478  -225.44710  1.44226   768
875.00  0.04176  0.04183  0.01434  0.80968  -224.57625  -226.40993  1.44226   768
876.00  0.04178  0.04183  0.01396  0.80968  -225.22322  -227.08589  1.43723   768
877.00  0.04177  0.04183  0.01399  0.80968  -225.18355  -227.07368  1.34171   768
878.00  0.04177  0.04183  0.01428  0.80968  -224.81428  -226.72883  1.34171   768
879.00  0.04177  0.04183  0.01486  0.80968  -223.91249  -225.84230  1.34171   768
880.00  0.04177  0.04183  0.01536  0.80968  -223.10225  -225.01222  1.34171   768
881.00  0.04177  0.04183  0.01564  0.80968  -222.66585  -224.56972  1.34171   768
882.00  0.04177  0.04183  0.01548  0.80968  -222.84743  -224.69789  1.34171   768
883.00  0.04176  0.04183  0.01498  0.80968  -223.60579  -225.42268  1.34171   768
884.00  0.04178  0.04183  0.01437  0.80968  -224.52284  -226.36262  1.34171   768
885.00  0.04178  0.04183  0.01387  0.80968  -225.31782  -227.16676  1.34171   768
886.00  0.04176  0.04183  0.01372  0.80968  -225.63368  -227.52840  1.34171   768
887.00  0.04177  0.04183  0.01397  0.80968  -225.27663  -227.18507  1.35677   768
888.00  0.04177  0.04183  0.01460  0.80968  -224.33668  -226.31685  1.44211   768
889.00  0.04176  0.04183  0.01523  0.80968  -223.34639  -225.26704  1.44211   768
890.00  0.04177  0.04183  0.01554  0.80968  -222.79555  -224.72536  1.44211   768
891.00  0.04179  0.04183  0.01557  0.80968  -222.72688  -224.60481  1.44211   768
892.00  0.04178  0.04183  0.01533  0.80968  -223.08394  -224.93440  1.44211   768
893.00  0.04178  0.04183  0.01484  0.80968  -223.77821  -225.59663  1.44211   768
894.00  0.04178  0.04183  0.01430  0.80968  -224.68458  -226.52894  1.44211   768
895.00  0.04177  0.04183  0.01393  0.80968  -225.18660  -227.03706  1.44211   768
896.00  0.04177  0.04183  0.01396  0.80968  -225.26900  -227.14693  1.44211   768
897.00  0.04178  0.04183  0.01440  0.80968  -224.59608  -226.52132  1.44211   768
898.00  0.04177  0.04183  0.01502  0.80968  -223.66377  -225.59816  1.44211   768
899.00  0.04178  0.04183  0.01553  0.80968  -222.87184  -224.79555  1.46504   768
900.00  0.04176  0.04183  0.01580  0.80968  -222.38356  -224.27370  1.46759   768
901.00  0.04177  0.04183  0.01555  0.80968  -222.73146  -224.56819  1.46759   768
902.00  0.04178  0.04183  0.01507  0.80968  -223.45778  -225.29146  1.46759   768
903.00  0.04176  0.04183  0.01443  0.80968  -224.43129  -226.29396  1.46759   768
904.00  0.04177  0.04183  0.01392  0.80968  -225.25679  -227.08894  1.46759   768
905.00  0.04176  0.04183  0.01378  0.80968  -225.54671  -227.44295  1.46759   768
906.00  0.04175  0.04183  0.01407  0.80968  -225.13624  -227.06300  1.46759   768
907.00  0.04177  0.04183  0.01453  0.80968  -224.36568  -226.30006  1.46759   768
908.00  0.04176  0.04183  0.01516  0.80968  -223.45473  -225.39674  1.46759   768
909.00  0.04178  0.04183  0.01546  0.80968  -222.96034  -224.87184  1.46759   768
910.00  0.04178  0.04183  0.01539  0.80968  -223.02595  -224.87184  1.35423   768
911.00  0.04178  0.04183  0.01507  0.80968  -223.49440  -225.32655  1.33423   768
912.00  0.04177  0.04183  0.01449  0.80968  -224.33363  -226.14900  1.33423   768
913.00  0.04178  0.04183  0.01383  0.80968  -225.35292  -227.18660  1.33423   768
914.00  0.04179  0.04183  0.01343  0.80968  -225.95412  -227.80916  1.33423   768
915.00  0.04178  0.04183  0.01356  0.80968  -225.91292  -227.82136  1.33423   768
916.00  0.04176  0.04183  0.01394  0.80968  -225.28731  -227.18965  1.33423   768
917.00  0.04178  0.04183  0.01456  0.80968  -224.36415  -226.30311  1.33423   768
918.00  0.04178  0.04183  0.01513  0.80968  -223.50813  -225.44404  1.33423   768
919.00  0.04177  0.04183  0.01538  0.80968  -223.04579  -224.96492  1.33423   768
920.00  0.04177  0.04183  0.01510  0.80968  -223.42116  -225.28383  1.33423   768
921.00  0.04176  0.04183  0.01466  0.80968  -224.07423  -225.89265  1.73695   768
922.00  0.04176  0.04183  0.01411  0.80968  -224.96687  -226.81581  1.87119   768
923.00  0.04177  0.04183  0.01372  0.80968  -225.61232  -227.47194  1.87119   768
924.00  0.04176  0.04183  0.01356  0.80968  -225.89003  -227.76948  1.87119   768
925.00  0.04178  0.04183  0.01385  0.80968  -225.40633  -227.35292  1.87119   768
926.00  0.04177  0.04183  0.01445  0.80968  -224.52894  -226.46638  1.87119   768
927.00  0.04178  0.04183  0.01498  0.80968  -223.67598  -225.58290  1.87119   768
928.00  0.04177  0.04183  0.01533  0.80968  -223.18770  -225.08394  1.87119   768
929.00  0.04177  0.04183  0.01543  0.80968  -222.96187  -224.83674  1.87119   768
930.00  0.04177  0.04183  0.01506  0.80968  -223.48067  -225.30672  1.87119   768
931.00  0.04176  0.04183  0.01445  0.80968  -224.41450  -226.22224  1.87119   768
932.00  0.04177  0.04183  0.01395  0.80968  -225.18355  -227.02333  1.57593   768
933.00  0.04177  0.04183  0.01370  0.80968  -225.59553  -227.46583  1.47751   768
934.00  0.04175  0.04183  0.01383  0.80968  -225.47957  -227.40327  1.47751   768
935.00  0.04177  0.04183  0.01421  0.80968  -224.91804  -226.84938  1.47751   768
936.00  0.04178  0.04183  0.01486  0.80968  -223.91707  -225.85756  1.47751   768
937.00  0.04177  0.04183  0.01524  0.80968  -223.32808  -225.24873  1.47751   768
938.00  0.04176  0.04183  0.01545  0.80968  -222.93593  -224.84590  1.47751   768
939.00  0.04178  0.04183  0.01529  0.80968  -223.12819  -224.99238  1.47751   768
940.00  0.04177  0.04183  0.01478  0.80968  -223.93996  -225.77821  1.47751   768
941.00  0.04177  0.04183  0.01407  0.80968  -224.98976  -226.80971  1.47751   768
942.00  0.04175  0.04183  0.01374  0.80968  -225.51771  -227.38954  1.47751   768
943.00  0.04176  0.04183  0.01359  0.80968  -225.78474  -227.65047  1.40846   768
944.00  0.04177  0.04183  0.01389  0.80968  -225.38649  -227.29188  1.33942   768
945.00  0.04175  0.04183  0.01444  0.80968  -224.53810  -226.47706  1.33942   768
946.00  0.04177  0.04183  0.01490  0.80968  -223.78584  -225.70039  1.33942   768
947.00  0.04177  0.04183  0.01513  0.80968  -223.45625  -225.34028  1.33942   768
948.00  0.04176  0.04183  0.01515  0.80968  -223.39369  -225.26399  1.33942   768
949.00  0.04177  0.04183  0.01492  0.80968  -223.75532  -225.61037  1.33942   768
950.00  0.04177  0.04183  0.01444  0.80968  -224.42671  -226.26955  1.33942   768
951.00  0.04177  0.04183  0.01395  0.80968  -225.16829  -226.99586  1.33942   768
952.00  0.04176  0.04183  0.01368  0.80968  -225.67183  -227.55434  1.33942   768
953.00  0.04177  0.04183  0.01374  0.80968  -225.58333  -227.49177  1.33942   768
954.00  0.04175  0.04183  0.01412  0.80968  -225.02486  -226.97603  1.33715   768
955.00  0.04176  0.04183  0.01470  0.80968  -224.19325  -226.15053  1.33438   768
956.00  0.04176  0.04183  0.01512  0.80968  -223.51271  -225.43947  1.33438   768
957.00  0.04176  0.04183  0.01526  0.80968  -223.21516  -225.10835  1.33438   768
958.00  0.04177  0.04183  0.01508  0.80968  -223.46236  -225.31434  1.33438   768
959.00  0.04176  0.04183  0.01467  0.80968  -224.08186  -225.90639  1.33438   768
960.00  0.04178  0.04183  0.01403  0.80968  -225.06911  -226.87684  1.33438   768
961.00  0.04176  0.04183  0.01365  0.80968  -225.65352  -227.49635  1.33438   768
962.00  0.04176  0.04183  0.01358  0.80968  -225.77406  -227.67488  1.33438   768
963.00  0.04177  0.04183  0.01389  0.80968  -225.36360  -227.27357  1.33438   768
964.00  0.04177  0.04183  0.01443  0.80968  -224.61287  -226.55336  1.33438   768
965.00  0.04176  0.04183  0.01496  0.80968  -223.75075  -225.67293  1.44365   768
966.00  0.04177  0.04183  0.01525  0.80968  -223.24415  -225.13734  1.64658   768
967.00  0.04176  0.04183  0.01505  0.80968  -223.47914  -225.35707  1.64658   768
968.00  0.04178  0.04183  0.01473  0.80968  -223.99184  -225.83620  1.64658   768
969.00  0.04176  0.04183  0.01422  0.80968  -224.75020  -226.58540  1.64658   768
970.00  0.04177  0.04183  0.01366  0.80968  -225.63978  -227.47041  1.64658   768
971.00  0.04176  0.04183  0.01341  0.80968  -226.01668  -227.89613  1.64658   768
972.00  0.04177  0.04183  0.01358  0.80968  -225.82594  -227.73591  1.64658   768
973.00  0.04177  0.04183  0.01403  0.80968  -225.14998  -227.10573  1.64658   768
974.00  0.04177  0.04183  0.01459  0.80968  -224.28633  -226.24208  1.64658   768
975.00  0.04177  0.04183  0.01508  0.80968  -223.48677  -225.39979  1.64658   768
976.00  0.04176  0.04183  0.01509  0.80968  -223.42573  -225.28993  1.55470   768
977.00  0.04177  0.04183  0.01479  0.80968  -223.94301  -225.76143  1.34033   768
978.00  0.04176  0.04183  0.01422  0.80968  -224.78682  -226.60829  1.34033   768
979.00  0.04177  0.04183  0.01360  0.80968  -225.68098  -227.49940  1.34033   768
980.00  0.04176  0.04183  0.01332  0.80968  -226.17995  -228.04414  1.34033   768
981.00  0.04178  0.04183  0.01335  0.80968  -226.17079  -228.06398  1.34033   768
982.00  0.04176  0.04183  0.01362  0.80968  -225.84120  -227.76643  1.34033   768
983.00  0.04178  0.04183  0.01413  0.80968  -225.02638  -226.96687  1.34033   768
984.00  0.04176  0.04183  0.01466  0.80968  -224.18104  -226.12459  1.34033   768
985.00  0.04177  0.04183  0.01494  0.80968  -223.73091  -225.64851  1.34033   768
986.00  0.04176  0.04183  0.01487  0.80968  -223.84077  -225.70039  1.34033   768
987.00  0.04177  0.04183  0.01446  0.80968  -224.45570  -226.31380  1.35983   768
988.00  0.04177  0.04183  0.01375  0.80968  -225.48414  -227.29951  1.47034   768
989.00  0.04177  0.04183  0.01318  0.80968  -226.38136  -228.21809  1.47034   768
990.00  0.04177  0.04183  0.01299  0.80968  -226.73384  -228.64229  1.47034   768
991.00  0.04176  0.04183  0.01335  0.80968  -226.22877  -228.16469  1.47034   768
992.00  0.04178  0.04183  0.01389  0.80968  -225.38344  -227.32393  1.47034   768
993.00  0.04176  0.04183  0.01444  0.80968  -224.53200  -226.45875  1.47034   768
994.00  0.04176  0.04183  0.01470  0.80968  -224.12459  -226.02693  1.47034   768
995.00  0.04175  0.04183  0.01479  0.80968  -223.97200  -225.85451  1.47034   768
996.00  0.04176  0.04183  0.01459  0.80968  -224.24513  -226.09407  1.47034   768
997.00  0.04177  0.04183  0.01407  0.80968  -225.02791  -226.84175  1.47034   768
998.00  0.04177  0.04183  0.01343  0.80968  -225.98921  -227.79848  1.82329   768
999.00  0.04176  0.04183  0.01303  0.80968  -226.65449  -228.51564  4.99985   768
1000.00  0.04175  0.04183  0.01303  0.80968  -226.69569  -228.58583  4.99985   768
1001.00  0.04176  0.04183  0.01361  0.80968  -225.85799  -227.81068  4.99985   768
1002.00  0.04176  0.04183  0.01437  0.80968  -224.69374  -226.66017  4.99985   768
1003.00  0.04178  0.04183  0.01483  0.80968  -223.95369  -225.87587  4.99985   768
1004.00  0.04177  0.04183  0.01498  0.80968  -223.69276  -225.58748  4.99985   768
1005.00  0.04177  0.04183  0.01495  0.80968  -223.72328  -225.62410  4.99985   768
1006.00  0.04176  0.04183  0.01458  0.80968  -224.26955  -226.11848  4.99985   768
1007.00  0.04177  0.04183  0.01395  0.80968  -225.18202  -227.00960  4.99985   768
1008.00  0.04176  0.04183  0.01336  0.80968  -226.09602  -227.94038  4.99985   768
1009.00  0.04176  0.04183  0.01313  0.80968  -226.53395  -228.41493  4.99985   768
1010.00  0.04175  0.04183  0.01329  0.80968  -226.30202  -228.19063  4.99985   768
1011.00  0.04178  0.04183  0.01394  0.80968  -225.37123  -227.32851  4.99985   768
1012.00  0.04177  0.04183  0.01472  0.80968  -224.13069  -226.07576  4.99985   768
1013.00  0.04177  0.04183  0.01510  0.80968  -223.52797  -225.43336  4.99985   768
1014.00  0.04176  0.04183  0.01517  0.80968  -223.35402  -225.22584  4.99985   768
1015.00  0.04175  0.04183  0.01480  0.80968  -223.88502  -225.70344  4.99985   768
1016.00  0.04176  0.04183  0.01424  0.80968  -224.75477  -226.57320  4.99985   768
1017.00  0.04177  0.04183  0.01352  0.80968  -225.79390  -227.61537  4.99985   768
1018.00  0.04178  0.04183  0.01296  0.80968  -226.71858  -228.57667  4.99985   768
1019.00  0.04175  0.04183  0.01282  0.80968  -226.96577  -228.86049  4.99985   768
1020.00  0.04177  0.04183  0.01319  0.80968  -226.42256  -228.34779  4.99985   768
1021.00  0.04176  0.04183  0.01390  0.80968  -225.43074  -227.40633  4.99985   768
1022.00  0.04176  0.04183  0.01452  0.80968  -224.39924  -226.32753  4.99985   768
1023.00  0.04176  0.04183  0.01485  0.80968  -223.91554  -225.81331  4.99985   768
1024.00  0.04175  0.04183  0.01472  0.80968  -224.01472  -225.89113  4.99985   768
1025.00  0.04177  0.04183  0.01436  0.80968  -224.63881  -226.47401  4.99985   768
1026.00  0.04176  0.04183  0.01382  0.80968  -225.40633  -227.22322  4.99985   768
1027.00  0.04176  0.04183  0.01317  0.80968  -226.39815  -228.22420  4.99985   768
1028.00  0.04176  0.04183  0.01279  0.80968  -227.00392  -228.86354  4.99985   768
1029.00  0.04176  0.04183  0.01305  0.80968  -226.61024  -228.52479  4.99985   768
1030.00  0.04176  0.04183  0.01373  0.80968  -225.62453  -227.56044  4.99985   768
1031.00  0.04176  0.04183  0.01436  0.80968  -224.68916  -226.62660  4.99985   768
1032.00  0.04176  0.04183  0.01482  0.80968  -223.89723  -225.80568  4.99985   768
1033.00  0.04175  0.04183  0.01494  0.80968  -223.73549  -225.60274  4.99985   768
1034.00  0.04175  0.04183  0.01467  0.80968  -224.10170  -225.96590  4.99985   768
1035.00  0.04175  0.04183  0.01419  0.80968  -224.83717  -226.67085  4.99985   768
1036.00  0.04175  0.04183  0.01365  0.80968  -225.64131  -227.47652  4.99985   768
1037.00  0.04177  0.04183  0.01323  0.80968  -226.36458  -228.24098  4.99985   768
1038.00  0.04176  0.04183  0.01305  0.80968  -226.61940  -228.52022  4.99985   768
1039.00  0.04176  0.04183  0.01345  0.80968  -226.08229  -228.03499  4.99985   768
1040.00  0.04176  0.04183  0.01419  0.80968  -224.96992  -226.93635  4.99985   768
1041.00  0.04175  0.04183  0.01478  0.80968  -224.03761  -225.97047  4.99985   768
1042.00  0.04178  0.04183  0.01495  0.80968  -223.68819  -225.59358  4.99985   768
1043.00  0.04177  0.04183  0.01468  0.80968  -224.09254  -225.90639  4.99985   768
1044.00  0.04177  0.04183  0.01419  0.80968  -224.79292  -226.60982  4.99985   768
1045.00  0.04175  0.04183  0.01360  0.80968  -225.78474  -227.60469  4.99985   768
1046.00  0.04176  0.04183  0.01317  0.80968  -226.39662  -228.23335  4.99985   768
1047.00  0.04177  0.04183  0.01300  0.80968  -226.69722  -228.57210  4.99985   768
1048.00  0.04176  0.04183  0.01318  0.80968  -226.48665  -228.39967  4.99985   768
1049.00  0.04175  0.04183  0.01365  0.80968  -225.80916  -227.74354  4.99985   768
1050.00  0.04176  0.04183  0.01421  0.80968  -224.90736  -226.83717  4.99985   768
1051.00  0.04176  0.04183  0.01459  0.80968  -224.23445  -226.14900  4.99985   768
1052.00  0.04176  0.04183  0.01460  0.80968  -224.18562  -226.06355  4.99985   768
1053.00  0.04176  0.04183  0.01435  0.80968  -224.61134  -226.46944  4.99985   768
1054.00  0.04176  0.04183  0.01388  0.80968  -225.33308  -227.17134  4.99985   768
1055.00  0.04176  0.04183  0.01334  0.80968  -226.18300  -228.03804  4.99985   768
1056.00  0.04176  0.04183  0.01301  0.80968  -226.67738  -228.53853  4.99985   768
1057.00  0.04176  0.04183  0.01289  0.80968  -226.86354  -228.75368  4.99985   768
1058.00  0.04176  0.04183  0.01336  0.80968  -226.21351  -228.15248  4.99985   768
1059.00  0.04176  0.04183  0.01441  0.80968  -224.75783  -226.81734  4.99985   768
1060.00  0.04175  0.04183  0.01096  0.80968  -228.99824  -230.13460  4.99985   768
1061.00  0.04176  0.04183  0.00655  0.80968  -236.55135  -238.29347  4.99985   768
1062.00  0.04175  0.04183  0.00811  0.80968  -234.22285  -236.20760  4.99985   768
1063.00  0.04177  0.04183  0.00436  0.80968  -239.65346  -241.20180  4.99985   768
1064.00  0.04176  0.04183  0.00369  0.80968  -241.04658  -242.91689  4.99985   768
1065.00  0.04176  0.04183  0.00380  0.80968  -240.69716  -242.47438  4.99985   768
1066.00  0.04176  0.04183  0.00275  0.80968  -242.50533  -244.39699  4.99985   768
1067.00  0.04177  0.04183  0.00329  0.80968  -241.74239  -243.71950  4.99985   768
1068.00  0.04177  0.04183  0.00400  0.80968  -240.47591  -242.35841  4.99985   768
1069.00  0.04177  0.04183  0.00435  0.80968  -240.02425  -241.98000  4.99985   768
1070.00  0.04177  0.04183  0.00505  0.80968  -239.01259  -241.01717  4.99985   768
1071.00  0.04177  0.04183  0.00498  0.80968  -238.91951  -240.71657  4.99985   768
1072.00  0.04177  0.04183  0.00425  0.80968  -240.12648  -241.98152  4.99985   768
1073.00  0.04176  0.04183  0.00415  0.80968  -240.29738  -242.18446  4.99985   768
1074.00  0.04176  0.04183  0.00298  0.80968  -242.01247  -243.78053  4.99985   768
1075.00  0.04177  0.04183  0.00285  0.80968  -242.34663  -244.28865  4.99985   768
1076.00  0.04175  0.04183  0.00332  0.80968  -241.53792  -243.41737  4.99985   768
1077.00  0.04176  0.04183  0.00337  0.80968  -241.58217  -243.52113  4.99985   768
1078.00  0.04176  0.04183  0.00477  0.80968  -239.46272  -241.47951  4.99985   768
1079.00  0.04178  0.04183  0.00542  0.80968  -238.34425  -240.22676  4.99985   768
1080.00  0.04176  0.04183  0.00591  0.80968  -237.71254  -239.66066  4.99985   768
1081.00  0.04176  0.04183  0.00644  0.80968  -236.82906  -238.73598  4.99985   768
1082.00  0.04176  0.04183  0.00593  0.80968  -237.42262  -239.22426  4.99985   768
1083.00  0.04176  0.04183  0.00571  0.80968  -237.90175  -239.80562  4.99985   768
1084.00  0.04176  0.04183  0.00565  0.80968  -237.93837  -239.80104  4.99985   768
1085.00  0.04175  0.04183  0.00567  0.80968  -238.01314  -239.94905  4.99985   768
1086.00  0.04176  0.04183  0.00719  0.80968  -235.80214  -237.85249  4.99985   768
1087.00  0.04177  0.04183  0.00813  0.80968  -234.25947  -236.21980  4.99985   768
1088.00  0.04176  0.04183  0.00894  0.80968  -233.09676  -235.09218  4.99985   768
1089.00  0.04176  0.04183  0.00963  0.80968  -231.86842  -233.76161  4.99985   768
1090.00  0.04177  0.04183  0.00932  0.80968  -232.44520  -234.35518  4.99985   768
1091.00  0.04176  0.04183  0.01009  0.80968  -231.25044  -233.20314  4.99985   768
1092.00  0.04176  0.04183  0.00936  0.80968  -232.26057  -234.04237  4.99985   768
1093.00  0.04176  0.04183  0.00903  0.80968  -232.82973  -234.72749  4.99985   768
1094.00  0.04176  0.04183  0.00918  0.80968  -232.50777  -234.38570  4.99985   768
1095.00  0.04175  0.04183  0.00904  0.80968  -232.85109  -234.73512  4.99985   768
1096.00  0.04176  0.04183  0.00997  0.80968  -231.49763  -233.48238  4.99985   768
1097.00  0.04176  0.04183  0.01092  0.80968  -229.93361  -231.87715  4.99985   768
1098.00  0.04176  0.04183  0.01149  0.80968  -229.11574  -231.06386  4.99985   768
1099.00  0.04175  0.04183  0.01228  0.80968  -227.85231  -229.78975  4.99985   768
1100.00  0.04176  0.04183  0.01229  0.80968  -227.76228  -229.63411  4.99985   768
1101.00  0.04176  0.04183  0.01212  0.80968  -228.07967  -229.95149  4.99985   768
1102.00  0.04177  0.04183  0.01181  0.80968  -228.46419  -230.32838  4.99985   768
1103.00  0.04176  0.04183  0.01089  0.80968  -229.80849  -231.59944  4.99985   768
1104.00  0.04176  0.04183  0.01052  0.80968  -230.54243  -232.44630  4.99985   768
1105.00  0.04177  0.04183  0.01102  0.80968  -229.77797  -231.73677  4.99985   768
1106.00  0.04176  0.04183  0.01134  0.80968  -229.25917  -231.20119  4.99985   768
1107.00  0.04176  0.04183  0.01214  0.80968  -228.07356  -230.02779  4.99985   768
1108.00  0.04175  0.04183  0.01262  0.80968  -227.30452  -229.20686  4.99985   768
1109.00  0.04175  0.04183  0.01267  0.80968  -227.24348  -229.13515  4.99985   768
1110.00  0.04175  0.04183  0.01268  0.80968  -227.16261  -229.01308  4.99985   768
1111.00  0.04175  0.04183  0.01233  0.80968  -227.70125  -229.55476  4.99985   768
1112.00  0.04175  0.04183  0.01217  0.80968  -227.98353  -229.84926  4.99985   768
1113.00  0.04177  0.04183  0.01247  0.80968  -227.56850  -229.46779  4.99985   768
1114.00  0.04177  0.04183  0.01283  0.80968  -227.01613  -228.94594  4.99985   768
1115.00  0.04176  0.04183  0.01400  0.80968  -225.32240  -227.34376  4.99985   768
1116.00  0.04177  0.04183  0.01531  0.80968  -223.25484  -225.24263  4.99985   768
1117.00  0.04176  0.04183  0.01610  0.80968  -221.98530  -223.91817  4.99985   768
1118.00  0.04175  0.04183  0.01684  0.80968  -220.87294  -222.83632  4.99985   768
1119.00  0.04176  0.04183  0.01610  0.80968  -221.78084  -223.50923  4.99985   768
1120.00  0.04176  0.04183  0.01390  0.80968  -225.12404  -226.84328  4.99985   768
1121.00  0.04175  0.04183  0.01248  0.80968  -227.44032  -229.19923  4.99985   768
1122.00  0.04176  0.04183  0.01054  0.80968  -230.34407  -232.05568  4.99985   768
1123.00  0.04177  0.04183  0.01020  0.80968  -231.09175  -233.02919  4.99985   768
1124.00  0.04176  0.04183  0.01045  0.80968  -230.58516  -232.44936  4.99985   768
1125.00  0.04175  0.04183  0.01021  0.80968  -231.04292  -232.95137  4.99985   768
1126.00  0.04177  0.04183  0.01094  0.80968  -229.92598  -231.87257  4.99985   768
1127.00  0.04176  0.04183  0.01089  0.80968  -229.93819  -231.79018  4.99985   768
1128.00  0.04175  0.04183  0.01077  0.80968  -230.08314  -231.93971  4.99985   768
1129.00  0.04177  0.04183  0.01064  0.80968  -230.27693  -232.11671  4.99985   768
1130.00  0.04177  0.04183  0.01013  0.80968  -231.00783  -232.82167  4.99985   768
1131.00  0.04176  0.04183  0.00945  0.80968  -232.12782  -233.94929  4.99985   768
1132.00  0.04177  0.04183  0.00913  0.80968  -232.65120  -234.50014  4.99985   768
1133.00  0.04174  0.04183  0.00896  0.80968  -232.91212  -234.79616  4.99985   768
1134.00  0.04176  0.04183  0.00944  0.80968  -232.32313  -234.30940  4.99985   768
1135.00  0.04176  0.04183  0.01010  0.80968  -231.17415  -233.08259  4.99985   768
1136.00  0.04177  0.04183  0.00986  0.80968  -231.53578  -233.42134  4.99985   768
1137.00  0.04176  0.04183  0.01017  0.80968  -231.11922  -233.04750  4.99985   768
1138.00  0.04176  0.04183  0.00950  0.80968  -232.01643  -233.82265  4.99985   768
1139.00  0.04175  0.04183  0.00876  0.80968  -233.18068  -235.04793  4.99985   768
1140.00  0.04175  0.04183  0.00854  0.80968  -233.47517  -235.30122  4.99985   768
1141.00  0.04175  0.04183  0.00747  0.80968  -235.05446  -236.85609  4.99985   768
1142.00  0.04176  0.04183  0.00769  0.80968  -234.94002  -236.86983  4.99985   768
1143.00  0.04177  0.04183  0.00798  0.80968  -234.38460  -236.26405  4.99985   768
1144.00  0.04178  0.04183  0.00840  0.80968  -233.86580  -235.81697  4.99985   768
1145.00  0.04176  0.04183  0.00973  0.80968  -231.91267  -233.92335  4.99985   768
1146.00  0.04175  0.04183  0.01009  0.80968  -231.12990  -232.99257  4.99985   768
1147.00  0.04175  0.04183  0.01014  0.80968  -231.14973  -233.05055  4.99985   768
1148.00  0.04175  0.04183  0.00999  0.80968  -231.32979  -233.15279  4.99985   768
1149.00  0.04176  0.04183  0.00895  0.80968  -232.79921  -234.56880  4.99985   768
1150.00  0.04178  0.04183  0.00833  0.80968  -233.83833  -235.69643  4.99985   768
1151.00  0.04178  0.04183  0.00805  0.80968  -234.24116  -236.09163  4.99985   768
1152.00  0.04175  0.04183  0.00797  0.80968  -234.48531  -236.39986  4.99985   768
1153.00  0.04175  0.04183  0.00872  0.80968  -233.39888  -235.37294  4.99985   768
1154.00  0.04175  0.04183  0.00927  0.80968  -232.51387  -234.42079  4.99985   768
1155.00  0.04177  0.04183  0.00971  0.80968  -231.83180  -233.78755  4.99985   768
1156.00  0.04176  0.04183  0.01026  0.80968  -230.90254  -232.83540  4.99985   768
1157.00  0.04175  0.04183  0.00971  0.80968  -231.70058  -233.50069  4.99985   768
1158.00  0.04175  0.04183  0.00934  0.80968  -232.26210  -234.14766  4.99985   768
1159.00  0.04175  0.04183  0.00886  0.80968  -232.98537  -234.80531  4.99985   768
1160.00  0.04176  0.04183  0.00826  0.80968  -233.93904  -235.78187  4.99985   768
1161.00  0.04176  0.04183  0.00849  0.80968  -233.68727  -235.62166  4.99985   768
1162.00  0.04175  0.04183  0.00879  0.80968  -233.17000  -235.06624  4.99985   768
1163.00  0.04175  0.04183  0.00927  0.80968  -232.53371  -234.45436  4.99985   768
1164.00  0.04175  0.04183  0.01000  0.80968  -231.37862  -233.30385  4.99985   768
1165.00  0.04177  0.04183  0.01023  0.80968  -230.95442  -232.85524  4.99985   768
1166.00  0.04176  0.04183  0.01022  0.80968  -230.98799  -232.85371  4.99985   768
1167.00  0.04176  0.04183  0.00991  0.80968  -231.38167  -233.21687  4.99985   768
1168.00  0.04174  0.04183  0.00904  0.80968  -232.67256  -234.47267  4.99985   768
1169.00  0.04174  0.04183  0.00851  0.80968  -233.56367  -235.43092  4.99985   768
1170.00  0.04176  0.04183  0.00809  0.80968  -234.17860  -236.03364  4.99985   768
1171.00  0.04176  0.04183  0.00809  0.80968  -234.32356  -236.25337  4.99985   768
1172.00  0.04177  0.04183  0.00887  0.80968  -233.13948  -235.11049  4.99985   768
1173.00  0.04175  0.04183  0.00966  0.80968  -231.89436  -233.86384  4.99985   768
1174.00  0.04176  0.04183  0.01034  0.80968  -230.79878  -232.75301  4.99985   768
1175.00  0.04175  0.04183  0.01067  0.80968  -230.28761  -232.18996  4.99985   768
1176.00  0.04175  0.04183  0.01034  0.80968  -230.75758  -232.57753  4.99985   768
1177.00  0.04176  0.04183  0.00991  0.80968  -231.41524  -233.27638  4.99985   768
1178.00  0.04176  0.04183  0.00939  0.80968  -232.15071  -233.96150  4.99985   768
1179.00  0.04175  0.04183  0.00854  0.80968  -233.47212  -235.28139  4.99985   768
1180.00  0.04175  0.04183  0.00837  0.80968  -233.83833  -235.73457  4.99985   768
1181.00  0.04176  0.04183  0.00859  0.80968  -233.46907  -235.36989  4.99985   768
1182.00  0.04177  0.04183  0.00904  0.80968  -232.80684  -234.72749  4.99985   768
1183.00  0.04175  0.04183  0.00988  0.80968  -231.56935  -233.54799  4.99985   768
1184.00  0.04176  0.04183  0.01012  0.80968  -231.11159  -232.97731  4.99985   768
1185.00  0.04176  0.04183  0.00999  0.80968  -231.25349  -233.13142  4.99985   768
1186.00  0.04176  0.04183  0.00963  0.80968  -231.77382  -233.62733  4.99985   768
1187.00  0.04176  0.04183  0.00873  0.80968  -233.09065  -234.89076  4.99985   768
1188.00  0.04176  0.04183  0.00826  0.80968  -233.93904  -235.80476  4.99985   768
1189.00  0.04176  0.04183  0.00800  0.80968  -234.33424  -236.19234  4.99985   768
1190.00  0.04175  0.04183  0.00798  0.80968  -234.48225  -236.40596  4.99985   768
1191.00  0.04176  0.04183  0.00880  0.80968  -233.22798  -235.21577  4.99985   768
1192.00  0.04175  0.04183  0.00936  0.80968  -232.31856  -234.23921  4.99985   768
1193.00  0.04175  0.04183  0.00984  0.80968  -231.59529  -233.53426  4.99985   768
1194.00  0.04176  0.04183  0.01006  0.80968  -231.23518  -233.11464  4.99985   768
1195.00  0.04176  0.04183  0.00960  0.80968  -231.91725  -233.72804  4.99985   768
1196.00  0.04175  0.04183  0.00911  0.80968  -232.64052  -234.48183  4.99985   768
1197.00  0.04174  0.04183  0.00852  0.80968  -233.47365  -235.28596  4.99985   768
1198.00  0.04176  0.04183  0.00791  0.80968  -234.47157  -236.30830  4.99985   768
1199.00  0.04175  0.04183  0.00786  0.80968  -234.59822  -236.50209  4.99985   768
1200.00  0.04176  0.04183  0.00819  0.80968  -234.15724  -236.08552  4.99985   768
1201.00  0.04174  0.04183  0.00884  0.80968  -233.23256  -235.19289  4.99985   768
1202.00  0.04175  0.04183  0.00964  0.80968  -231.93861  -233.89284  4.99985   768
1203.00  0.04177  0.04183  0.00988  0.80968  -231.51442  -233.40761  4.99985   768
1204.00  0.04175  0.04183  0.00991  0.80968  -231.42744  -233.33284  4.99985   768
1205.00  0.04176  0.04183  0.00955  0.80968  -231.90810  -233.73720  4.99985   768
1206.00  0.04174  0.04183  0.00890  0.80968  -232.92128  -234.74275  4.99985   768
1207.00  0.04176  0.04183  0.00849  0.80968  -233.62471  -235.48738  4.99985   768
1208.00  0.04176  0.04183  0.00809  0.80968  -234.18166  -236.05196  4.99985   768
1209.00  0.04176  0.04183  0.00830  0.80968  -233.97566  -235.89021  4.99985   768
1210.00  0.04176  0.04183  0.00893  0.80968  -233.02351  -234.96553  4.99985   768
1211.00  0.04176  0.04183  0.00953  0.80968  -232.09120  -234.01186  4.99985   768
1212.00  0.04175  0.04183  0.00995  0.80968  -231.42439  -233.33589  4.99985   768
1213.00  0.04175  0.04183  0.01002  0.80968  -231.27333  -233.15126  4.99985   768
1214.00  0.04176  0.04183  0.00973  0.80968  -231.67311  -233.52205  4.99985   768
1215.00  0.04176  0.04183  0.00928  0.80968  -232.33382  -234.15376  4.99985   768
1216.00  0.04175  0.04183  0.00867  0.80968  -233.26613  -235.09523  4.99985   768
1217.00  0.04175  0.04183  0.00819  0.80968  -234.03517  -235.87648  4.99985   768
1218.00  0.04175  0.04183  0.00807  0.80968  -234.27931  -236.16182  4.99985   768
1219.00  0.04175  0.04183  0.00838  0.80968  -233.87801  -235.80019  4.99985   768
1220.00  0.04176  0.04183  0.00896  0.80968  -233.00368  -234.96400  4.99985   768
1221.00  0.04175  0.04183  0.00943  0.80968  -232.24989  -234.17665  4.99985   768
1222.00  0.04176  0.04183  0.00971  0.80968  -231.79671  -233.72652  4.99985   768
1223.00  0.04176  0.04183  0.00961  0.80968  -231.84553  -233.72804  4.99985   768
1224.00  0.04175  0.04183  0.00921  0.80968  -232.46199  -234.30482  4.99985   768
1225.00  0.04176  0.04183  0.00849  0.80968  -233.54384  -235.35921  4.99985   768
1226.00  0.04175  0.04183  0.00809  0.80968  -234.19691  -236.02602  4.99985   768
1227.00  0.04176  0.04183  0.00785  0.80968  -234.57075  -236.42580  4.99985   768
1228.00  0.04176  0.04183  0.00804  0.80968  -234.32051  -236.23659  4.99985   768
1229.00  0.04175  0.04183  0.00856  0.80968  -233.54079  -235.45686  4.99985   768
1230.00  0.04176  0.04183  0.00908  0.80968  -232.74275  -234.66188  4.99985   768
1231.00  0.04176  0.04183  0.00956  0.80968  -232.00270  -233.91115  4.99985   768
1232.00  0.04176  0.04183  0.00965  0.80968  -231.80434  -233.69600  4.99985   768
1233.00  0.04174  0.04183  0.00946  0.80968  -232.09730  -233.94624  4.99985   768
1234.00  0.04176  0.04183  0.00888  0.80968  -232.93196  -234.75343  4.99985   768
1235.00  0.04176  0.04183  0.00830  0.80968  -233.86427  -235.69795  4.99985   768
1236.00  0.04176  0.04183  0.00797  0.80968  -234.38460  -236.26558  4.99985   768
1237.00  0.04175  0.04183  0.00804  0.80968  -234.30373  -236.23201  4.99985   768
1238.00  0.04176  0.04183  0.00854  0.80968  -233.60945  -235.54994  4.99985   768
1239.00  0.04176  0.04183  0.00932  0.80968  -232.45131  -234.41164  4.99985   768
1240.00  0.04175  0.04183  0.00985  0.80968  -231.58919  -233.53731  4.99985   768
1241.00  0.04175  0.04183  0.01022  0.80968  -231.00783  -232.92390  4.99985   768
1242.00  0.04175  0.04183  0.01016  0.80968  -231.03682  -232.87965  4.99985   768
1243.00  0.04177  0.04183  0.00971  0.80968  -231.68989  -233.52357  4.99985   768
1244.00  0.04176  0.04183  0.00917  0.80968  -232.52608  -234.34755  4.99985   768
1245.00  0.04175  0.04183  0.00872  0.80968  -233.28749  -235.13185  4.99985   768
1246.00  0.04176  0.04183  0.00863  0.80968  -233.43245  -235.32259  4.99985   768
1247.00  0.04176  0.04183  0.00891  0.80968  -233.02809  -234.93806  4.99985   768
1248.00  0.04175  0.04183  0.00952  0.80968  -232.09120  -234.01796  4.99985   768
1249.00  0.04174  0.04183  0.01013  0.80968  -231.17873  -233.10396  4.99985   768
1250.00  0.04175  0.04183  0.01047  0.80968  -230.61415  -232.51955  4.99985   768
1251.00  0.04174  0.04183  0.01053  0.80968  -230.47377  -232.35933  4.99985   768
1252.00  0.04173  0.04183  0.01014  0.80968  -231.08565  -232.92085  4.99985   768
1253.00  0.04175  0.04183  0.00942  0.80968  -232.11867  -233.93861  4.99985   768
1254.00  0.04174  0.04183  0.00883  0.80968  -233.04335  -234.89076  4.99985   768
1255.00  0.04174  0.04183  0.00846  0.80968  -233.65370  -235.52553  4.99985   768
1256.00  0.04174  0.04183  0.00856  0.80968  -233.58809  -235.51637  4.99985   768
1257.00  0.04174  0.04183  0.00901  0.80968  -232.88618  -234.82362  4.99985   768
1258.00  0.04175  0.04183  0.00970  0.80968  -231.88368  -233.82722  4.99985   768
1259.00  0.04175  0.04183  0.01029  0.80968  -230.91475  -232.83540  4.99985   768
1260.00  0.04175  0.04183  0.01045  0.80968  -230.65382  -232.53480  4.99985   768
1261.00  0.04175  0.04183  0.01028  0.80968  -230.85524  -232.69807  4.99985   768
1262.00  0.04175  0.04183  0.00973  0.80968  -231.68532  -233.50984  4.99985   768
1263.00  0.04175  0.04183  0.00905  0.80968  -232.63899  -234.44520  4.99985   768
1264.00  0.04175  0.04183  0.00862  0.80968  -233.34700  -235.18983  4.99985   768
1265.00  0.04175  0.04183  0.00842  0.80968  -233.74983  -235.62166  4.99985   768
1266.00  0.04175  0.04183  0.00883  0.80968  -233.15932  -235.08302  4.99985   768
1267.00  0.04173  0.04183  0.00962  0.80968  -231.98286  -233.94777  4.99985   768
1268.00  0.04175  0.04183  0.01036  0.80968  -230.83693  -232.77589  4.99985   768
1269.00  0.04175  0.04183  0.01074  0.80968  -230.25557  -232.17622  4.99985   768
1270.00  0.04175  0.04183  0.01080  0.80968  -230.13502  -232.02669  4.99985   768
1271.00  0.04175  0.04183  0.01069  0.80968  -230.22353  -232.11824  4.99985   768
1272.00  0.04175  0.04183  0.01013  0.80968  -231.07039  -232.90864  4.99985   768
1273.00  0.04176  0.04183  0.00970  0.80968  -231.78145  -233.64564  4.99985   768
1274.00  0.04175  0.04183  0.00949  0.80968  -232.12477  -233.99202  4.99985   768
1275.00  0.04175  0.04183  0.00980  0.80968  -231.63191  -233.57393  4.99985   768
1276.00  0.04176  0.04183  0.01035  0.80968  -230.83998  -232.77132  4.99985   768
1277.00  0.04175  0.04183  0.01112  0.80968  -229.68489  -231.61928  4.99985   768
1278.00  0.04176  0.04183  0.01172  0.80968  -228.73732  -230.66560  4.99985   768
1279.00  0.04175  0.04183  0.01192  0.80968  -228.33601  -230.21547  4.99985   768
1280.00  0.04175  0.04183  0.01180  0.80968  -228.53743  -230.38789  4.99985   768
1281.00  0.04176  0.04183  0.01128  0.80968  -229.30495  -231.11116  4.99985   768
1282.00  0.04175  0.04183  0.01069  0.80968  -230.17012  -231.99769  4.99985   768
1283.00  0.04174  0.04183  0.01015  0.80968  -230.99104  -232.82625  4.99985   768
1284.00  0.04176  0.04183  0.01004  0.80968  -231.24586  -233.14210  4.99985   768
1285.00  0.04174  0.04183  0.01028  0.80968  -230.99562  -232.92085  4.99985   768
1286.00  0.04174  0.04183  0.01084  0.80968  -230.11214  -232.06789  4.99985   768
1287.00  0.04175  0.04183  0.01146  0.80968  -229.10200  -231.05165  4.99985   768
1288.00  0.04175  0.04183  0.01193  0.80968  -228.39247  -230.33144  4.99985   768
1289.00  0.04174  0.04183  0.01193  0.80968  -228.33601  -230.20174  4.99985   768
1290.00  0.04174  0.04183  0.01151  0.80968  -228.92348  -230.77089  4.99985   768
1291.00  0.04174  0.04183  0.01089  0.80968  -229.91988  -231.76118  4.99985   768
1292.00  0.04175  0.04183  0.01032  0.80968  -230.70113  -232.51955  4.99985   768
1293.00  0.04177  0.04183  0.01000  0.80968  -231.29164  -233.15431  4.99985   768
1294.00  0.04175  0.04183  0.01007  0.80968  -231.23976  -233.15431  4.99985   768
1295.00  0.04176  0.04183  0.01066  0.80968  -230.40968  -232.33644  4.99985   768
1296.00  0.04175  0.04183  0.01137  0.80968  -229.25459  -231.20729  4.99985   768
1297.00  0.04174  0.04183  0.01203  0.80968  -228.22615  -230.14528  4.99985   768
1298.00  0.04175  0.04183  0.01237  0.80968  -227.68599  -229.58070  4.99985   768
1299.00  0.04175  0.04183  0.01229  0.80968  -227.76228  -229.62495  4.99985   768
1300.00  0.04175  0.04183  0.01193  0.80968  -228.33296  -230.16817  4.99985   768
1301.00  0.04174  0.04183  0.01151  0.80968  -228.95552  -230.80904  4.99985   768
1302.00  0.04175  0.04183  0.01127  0.80968  -229.33394  -231.22102  4.99985   768
1303.00  0.04174  0.04183  0.01131  0.80968  -229.32326  -231.23018  4.99985   768
1304.00  0.04174  0.04183  0.01183  0.80968  -228.58778  -230.56337  4.99985   768
1305.00  0.04175  0.04183  0.01277  0.80968  -227.19313  -229.18397  4.99985   768
1306.00  0.04174  0.04183  0.01362  0.80968  -225.87935  -227.82899  4.99985   768
1307.00  0.04175  0.04183  0.01415  0.80968  -225.02486  -226.93635  4.99985   768
1308.00  0.04175  0.04183  0.01428  0.80968  -224.78071  -226.67543  4.99985   768
1309.00  0.04175  0.04183  0.01399  0.80968  -225.13319  -226.97603  4.99985   768
1310.00  0.04174  0.04183  0.01351  0.80968  -225.86409  -227.68709  4.99985   768
1311.00  0.04175  0.04183  0.01297  0.80968  -226.73079  -228.55836  4.99985   768
1312.00  0.04175  0.04183  0.01259  0.80968  -227.32893  -229.15956  4.99985   768
1313.00  0.04175  0.04183  0.01266  0.80968  -227.19923  -229.10615  4.99985   768
1314.00  0.04175  0.04183  0.01313  0.80968  -226.55531  -228.47291  4.99985   768
1315.00  0.04175  0.04183  0.01381  0.80968  -225.52534  -227.45363  4.99985   768
1316.00  0.04175  0.04183  0.01428  0.80968  -224.73952  -226.64949  4.99985   768
1317.00  0.04174  0.04183  0.01451  0.80968  -224.42824  -226.35042  4.99985   768
1318.00  0.04175  0.04183  0.01428  0.80968  -224.69374  -226.53200  4.99985   768
1319.00  0.04175  0.04183  0.01371  0.80968  -225.60469  -227.43989  4.99985   768
1320.00  0.04175  0.04183  0.01306  0.80968  -226.60261  -228.42714  4.99985   768
1321.00  0.04175  0.04183  0.01269  0.80968  -227.12752  -229.01918  4.99985   768
1322.00  0.04175  0.04183  0.01263  0.80968  -227.25874  -229.15498  4.99985   768
1323.00  0.04176  0.04183  0.01298  0.80968  -226.77962  -228.70485  4.99985   768
1324.00  0.04175  0.04183  0.01374  0.80968  -225.68403  -227.64894  4.99985   768
1325.00  0.04174  0.04183  0.01441  0.80968  -224.58540  -226.53352  4.99985   768
1326.00  0.04175  0.04183  0.01488  0.80968  -223.83009  -225.74007  4.99985   768
1327.00  0.04174  0.04183  0.01492  0.80968  -223.69124  -225.55543  4.99985   768
1328.00  0.04174  0.04183  0.01480  0.80968  -223.92012  -225.78279  4.99985   768
1329.00  0.04175  0.04183  0.01436  0.80968  -224.58540  -226.40687  4.99985   768
1330.00  0.04176  0.04183  0.01400  0.80968  -225.11488  -226.95466  4.99985   768
1331.00  0.04175  0.04183  0.01400  0.80968  -225.21864  -227.12251  4.99985   768
1332.00  0.04175  0.04183  0.01444  0.80968  -224.53047  -226.45723  4.99985   768
1333.00  0.04175  0.04183  0.01532  0.80968  -223.21821  -225.18465  4.99985   768
1334.00  0.04172  0.04183  0.01619  0.80968  -221.90138  -223.86781  4.99985   768
1335.00  0.04175  0.04183  0.01684  0.80968  -220.87294  -222.80733  4.99985   768
1336.00  0.04175  0.04183  0.01718  0.80968  -220.30684  -222.21986  4.99985   768
1337.00  0.04175  0.04183  0.01700  0.80968  -220.49147  -222.36024  4.99985   768
1338.00  0.04175  0.04183  0.01668  0.80968  -221.04994  -222.92177  4.99985   768
1339.00  0.04175  0.04183  0.01620  0.80968  -221.74422  -223.59010  4.99985   768
1340.00  0.04175  0.04183  0.01577  0.80968  -222.44154  -224.30269  4.99985   768
1341.00  0.04175  0.04183  0.01564  0.80968  -222.71315  -224.60329  4.99985   768
1342.00  0.04175  0.04183  0.01598  0.80968  -222.13484  -224.04481  4.99985   768
1343.00  0.04175  0.04183  0.01646  0.80968  -221.45125  -223.37495  4.99985   768
1344.00  0.04175  0.04183  0.01686  0.80968  -220.78291  -222.69136  4.99985   768
1345.00  0.04174  0.04183  0.01712  0.80968  -220.41517  -222.29616  4.99985   768
1346.00  0.04176  0.04183  0.01693  0.80968  -220.60286  -222.45027  4.99985   768
1347.00  0.04175  0.04183  0.01636  0.80968  -221.46651  -223.29408  4.99985   768
1348.00  0.04174  0.04183  0.01585  0.80968  -222.29658  -224.11806  4.99985   768
1349.00  0.04175  0.04183  0.01529  0.80968  -223.17244  -225.00459  4.99985   768
1350.00  0.04176  0.04183  0.01503  0.80968  -223.57985  -225.46693  4.99985   768
1351.00  0.04174  0.04183  0.01522  0.80968  -223.34639  -225.25484  4.99985   768
1352.00  0.04175  0.04183  0.01582  0.80968  -222.43086  -224.38356  4.99985   768
1353.00  0.04175  0.04183  0.01652  0.80968  -221.39326  -223.34291  4.99985   768
1354.00  0.04176  0.04183  0.01701  0.80968  -220.63490  -222.57844  4.99985   768
1355.00  0.04175  0.04183  0.01733  0.80968  -220.04439  -221.93605  4.99985   768
1356.00  0.04175  0.04183  0.01714  0.80968  -220.34041  -222.21376  4.99985   768
1357.00  0.04175  0.04183  0.01667  0.80968  -221.03163  -222.86836  4.99985   768
1358.00  0.04175  0.04183  0.01621  0.80968  -221.73964  -223.57789  4.99985   768
1359.00  0.04175  0.04183  0.01591  0.80968  -222.22182  -224.09364  4.99985   768
1360.00  0.04175  0.04183  0.01611  0.80968  -221.98378  -223.89375  4.99985   768
1361.00  0.04175  0.04183  0.01668  0.80968  -221.12929  -223.06673  4.99985   768
1362.00  0.04175  0.04183  0.01758  0.80968  -219.76210  -221.72853  4.99985   768
1363.00  0.04175  0.04183  0.01827  0.80968  -218.64363  -220.56428  4.99985   768
1364.00  0.04175  0.04183  0.01863  0.80968  -218.10347  -220.00276  4.99985   768
1365.00  0.04176  0.04183  0.01862  0.80968  -218.05006  -219.90205  4.99985   768
1366.00  0.04175  0.04183  0.01815  0.80968  -218.76265  -220.59022  4.99985   768
1367.00  0.04173  0.04183  0.01751  0.80968  -219.71174  -221.54237  4.99985   768
1368.00  0.04176  0.04183  0.01707  0.80968  -220.42738  -222.27937  4.99985   768
1369.00  0.04174  0.04183  0.01681  0.80968  -220.87294  -222.75545  4.99985   768
1370.00  0.04175  0.04183  0.01710  0.80968  -220.45943  -222.39229  4.99985   768
1371.00  0.04174  0.04183  0.01758  0.80968  -219.70869  -221.65986  4.99985   768
1372.00  0.04175  0.04183  0.01825  0.80968  -218.67872  -220.63447  4.99985   768
1373.00  0.04175  0.04183  0.01863  0.80968  -218.07295  -219.97224  4.99985   768
1374.00  0.04176  0.04183  0.01857  0.80968  -218.10805  -219.99666  4.99985   768
1375.00  0.04174  0.04183  0.01816  0.80968  -218.71687  -220.55818  4.99985   768
1376.00  0.04174  0.04183  0.01742  0.80968  -219.83381  -221.64308  4.99985   768
1377.00  0.04174  0.04183  0.01665  0.80968  -220.99196  -222.79512  4.99985   768
1378.00  0.04175  0.04183  0.01617  0.80968  -221.76253  -223.60841  4.99985   768
1379.00  0.04175  0.04183  0.01615  0.80968  -221.89680  -223.76253  4.99985   768
1380.00  0.04174  0.04183  0.01649  0.80968  -221.37648  -223.29561  4.99985   768
1381.00  0.04175  0.04183  0.01723  0.80968  -220.31294  -222.26259  4.99985   768
1382.00  0.04174  0.04183  0.01803  0.80968  -219.01747  -220.95491  4.99985   768
1383.00  0.04174  0.04183  0.01840  0.80968  -218.44527  -220.36439  4.99985   768
1384.00  0.04174  0.04183  0.01842  0.80968  -218.36592  -220.23469  4.99985   768
1385.00  0.04174  0.04183  0.01813  0.80968  -218.80690  -220.66347  4.99985   768
1386.00  0.04175  0.04183  0.01757  0.80968  -219.65681  -221.49660  4.99985   768
1387.00  0.04175  0.04183  0.01720  0.80968  -220.19392  -222.06575  4.99985   768
1388.00  0.04175  0.04183  0.01720  0.80968  -220.27022  -222.17714  4.99985   768
1389.00  0.04175  0.04183  0.01758  0.80968  -219.72395  -221.64766  4.99985   768
1390.00  0.04175  0.04183  0.01832  0.80968  -218.64668  -220.61006  4.99985   768
1391.00  0.04175  0.04183  0.01909  0.80968  -217.44429  -219.39699  4.99985   768
1392.00  0.04175  0.04183  0.01968  0.80968  -216.51045  -218.44179  4.99985   768
1393.00  0.04173  0.04183  0.01976  0.80968  -216.29530  -218.17628  4.99985   768
1394.00  0.04176  0.04183  0.01947  0.80968  -216.73323  -218.56233  4.99985   768
1395.00  0.04175  0.04183  0.01896  0.80968  -217.45802  -219.27797  4.99985   768
1396.00  0.04175  0.04183  0.01836  0.80968  -218.43306  -220.26063  4.99985   768
1397.00  0.04175  0.04183  0.01790  0.80968  -219.15327  -220.98695  4.99985   768
1398.00  0.04174  0.04183  0.01788  0.80968  -219.25551  -221.15022  4.99985   768
1399.00  0.04175  0.04183  0.01832  0.80968  -218.61464  -220.55513  4.99985   768
1400.00  0.04174  0.04183  0.01894  0.80968  -217.63197  -219.56941  4.99985   768
1401.00  0.04174  0.04183  0.01945  0.80968  -216.84614  -218.75764  4.99985   768
1402.00  0.04175  0.04183  0.01970  0.80968  -216.42958  -218.33345  4.99985   768
1403.00  0.04175  0.04183  0.01959  0.80968  -216.55928  -218.44026  4.99985   768
1404.00  0.04174  0.04183  0.01898  0.80968  -217.44581  -219.25813  4.99985   768
1405.00  0.04174  0.04183  0.01829  0.80968  -218.52461  -220.35066  4.99985   768
1406.00  0.04175  0.04183  0.01777  0.80968  -219.29518  -221.15022  4.99985   768
1407.00  0.04175  0.04183  0.01755  0.80968  -219.69649  -221.55610  4.99985   768
1408.00  0.04175  0.04183  0.01787  0.80968  -219.27077  -221.20363  4.99985   768
1409.00  0.04175  0.04183  0.01846  0.80968  -218.33388  -220.27742  4.99985   768
1410.00  0.04175  0.04183  0.01907  0.80968  -217.36799  -219.29933  4.99985   768
1411.00  0.04175  0.04183  0.01950  0.80968  -216.73628  -218.63710  4.99985   768
1412.00  0.04174  0.04183  0.01971  0.80968  -216.40059  -218.26936  4.99985   768
1413.00  0.04175  0.04183  0.01943  0.80968  -216.78816  -218.61879  4.99985   768
1414.00  0.04175  0.04183  0.01888  0.80968  -217.65944  -219.48091  4.99985   768
1415.00  0.04174  0.04183  0.01838  0.80968  -218.39949  -220.24385  4.99985   768
1416.00  0.04175  0.04183  0.01816  0.80968  -218.70772  -220.56734  4.99985   768
1417.00  0.04174  0.04183  0.01828  0.80968  -218.61311  -220.53224  4.99985   768
1418.00  0.04175  0.04183  0.01885  0.80968  -217.77846  -219.73878  4.99985   768
1419.00  0.04174  0.04183  0.01955  0.80968  -216.71187  -218.67067  4.99985   768
1420.00  0.04174  0.04183  0.02008  0.80968  -215.89857  -217.83754  4.99985   768
1421.00  0.04174  0.04183  0.02029  0.80968  -215.49574  -217.37977  4.99985   768
1422.00  0.04175  0.04183  0.02020  0.80968  -215.64070  -217.52473  4.99985   768
1423.00  0.04175  0.04183  0.01973  0.80968  -216.30903  -218.15034  4.99985   768
1424.00  0.04173  0.04183  0.01906  0.80968  -217.36037  -219.17421  4.99985   768
1425.00  0.04175  0.04183  0.01851  0.80968  -218.16756  -220.00886  4.99985   768
1426.00  0.04174  0.04183  0.01832  0.80968  -218.53834  -220.41017  4.99985   768
1427.00  0.04174  0.04183  0.01858  0.80968  -218.17061  -220.09126  4.99985   768
1428.00  0.04175  0.04183  0.01915  0.80968  -217.36037  -219.26729  4.99985   768
1429.00  0.04174  0.04183  0.01976  0.80968  -216.38991  -218.30903  4.99985   768
1430.00  0.04174  0.04183  0.02013  0.80968  -215.73225  -217.63612  4.99985   768
1431.00  0.04175  0.04183  0.02005  0.80968  -215.83754  -217.67885  4.99985   768
1432.00  0.04175  0.04183  0.01974  0.80968  -216.27852  -218.11830  4.99985   768
1433.00  0.04175  0.04183  0.01911  0.80968  -217.24745  -219.06892  4.99985   768
1434.00  0.04173  0.04183  0.01851  0.80968  -218.19197  -220.03023  4.99985   768
1435.00  0.04174  0.04183  0.01820  0.80968  -218.73671  -220.62684  4.99985   768
1436.00  0.04174  0.04183  0.01833  0.80968  -218.52919  -220.43916  4.99985   768
1437.00  0.04173  0.04183  0.01874  0.80968  -217.94478  -219.87764  4.99985   768
1438.00  0.04173  0.04183  0.01943  0.80968  -216.91633  -218.87666  4.99985   768
1439.00  0.04174  0.04183  0.02013  0.80968  -215.83906  -217.78108  4.99985   768
1440.00  0.04174  0.04183  0.02027  0.80968  -215.54762  -217.45302  4.99985   768
1441.00  0.04175  0.04183  0.02008  0.80968  -215.77955  -217.64223  4.99985   768
1442.00  0.04174  0.04183  0.01966  0.80968  -216.41737  -218.24800  4.99985   768
1443.00  0.04174  0.04183  0.01910  0.80968  -217.25508  -219.07808  4.99985   768
1444.00  0.04174  0.04183  0.01865  0.80968  -217.97835  -219.81660  4.99985   768
1445.00  0.04173  0.04183  0.01851  0.80968  -218.24537  -220.12941  4.99985   768
1446.00  0.04175  0.04183  0.01886  0.80968  -217.76930  -219.66859  4.99985   768
1447.00  0.04174  0.04183  0.01950  0.80968  -216.77443  -218.73018  4.99985   768
1448.00  0.04175  0.04183  0.02022  0.80968  -215.71089  -217.63612  4.99985   768
1449.00  0.04174  0.04183  0.02057  0.80968  -215.12037  -217.02272  4.99985   768
1450.00  0.04174  0.04183  0.02064  0.80968  -214.94337  -216.80299  4.99985   768
1451.00  0.04174  0.04183  0.02036  0.80968  -215.35841  -217.20430  4.99985   768
1452.00  0.04175  0.04183  0.01980  0.80968  -216.27547  -218.10457  4.99985   768
1453.00  0.04174  0.04183  0.01922  0.80968  -217.07350  -218.92396  4.99985   768
1454.00  0.04175  0.04183  0.01891  0.80968  -217.57094  -219.43208  4.99985   768
1455.00  0.04174  0.04183  0.01908  0.80968  -217.39088  -219.31611  4.99985   768
1456.00  0.04174  0.04183  0.01963  0.80968  -216.59895  -218.55012  4.99985   768
1457.00  0.04174  0.04183  0.02026  0.80968  -215.61018  -217.55067  4.99985   768
1458.00  0.04174  0.04183  0.02074  0.80968  -214.84419  -216.75722  4.99985   768
1459.00  0.04174  0.04183  0.02097  0.80968  -214.51918  -216.41847  4.99985   768
1460.00  0.04175  0.04183  0.02076  0.80968  -214.74653  -216.58479  4.99985   768
1461.00  0.04173  0.04183  0.02020  0.80968  -215.59035  -217.39808  4.99985   768
1462.00  0.04174  0.04183  0.01958  0.80968  -216.53792  -218.34718  4.99985   768
1463.00  0.04174  0.04183  0.01915  0.80968  -217.28865  -219.12691  4.99985   768
1464.00  0.04175  0.04183  0.01898  0.80968  -217.55415  -219.43666  4.99985   768
1465.00  0.04175  0.04183  0.01931  0.80968  -217.04298  -218.96058  4.99985   768
1466.00  0.04173  0.04183  0.01989  0.80968  -216.15339  -218.08015  4.99985   768
1467.00  0.04175  0.04183  0.02049  0.80968  -215.29127  -217.22261  4.99985   768
1468.00  0.04173  0.04183  0.02085  0.80968  -214.69465  -216.60310  4.99985   768
1469.00  0.04174  0.04183  0.02094  0.80968  -214.57258  -216.45051  4.99985   768
1470.00  0.04175  0.04183  0.02057  0.80968  -215.03187  -216.89302  4.99985   768
1471.00  0.04172  0.04183  0.02002  0.80968  -215.82991  -217.66359  4.99985   768
1472.00  0.04174  0.04183  0.01957  0.80968  -216.55165  -218.40059  4.99985   768
1473.00  0.04175  0.04183  0.01920  0.80968  -217.19099  -219.05824  4.99985   768
1474.00  0.04173  0.04183  0.01940  0.80968  -216.90260  -218.84309  4.99985   768
1475.00  0.04173  0.04183  0.01991  0.80968  -216.21290  -218.15797  4.99985   768
1476.00  0.04173  0.04183  0.02058  0.80968  -215.15394  -217.07765  4.99985   768
1477.00  0.04175  0.04183  0.02101  0.80968  -214.38643  -216.29335  4.99985   768
1478.00  0.04175  0.04183  0.02120  0.80968  -214.15602  -216.03853  4.99985   768
1479.00  0.04175  0.04183  0.02095  0.80968  -214.44899  -216.27199  4.99985   768
1480.00  0.04175  0.04183  0.02044  0.80968  -215.20735  -217.02119  4.99985   768
1481.00  0.04175  0.04183  0.01988  0.80968  -216.11830  -217.96419  4.99985   768
1482.00  0.04175  0.04183  0.01949  0.80968  -216.70271  -218.54707  4.99985   768
1483.00  0.04174  0.04183  0.01940  0.80968  -216.87666  -218.76375  4.99985   768
1484.00  0.04174  0.04183  0.01979  0.80968  -216.35023  -218.29683  4.99985   768
1485.00  0.04174  0.04183  0.02028  0.80968  -215.62391  -217.56441  4.99985   768
1486.00  0.04174  0.04183  0.02102  0.80968  -214.43373  -216.37117  4.99985   768
1487.00  0.04174  0.04183  0.02124  0.80968  -214.08125  -215.99122  4.99985   768
1488.00  0.04174  0.04183  0.02118  0.80968  -214.09498  -215.96681  4.99985   768
1489.00  0.04174  0.04183  0.02074  0.80968  -214.78468  -216.62904  4.99985   768
1490.00  0.04174  0.04183  0.02014  0.80968  -215.61934  -217.44844  4.99985   768
1491.00  0.04175  0.04183  0.01959  0.80968  -216.55165  -218.39906  4.99985   768
1492.00  0.04173  0.04183  0.01925  0.80968  -217.12080  -218.98042  4.99985   768
1493.00  0.04175  0.04183  0.01952  0.80968  -216.67067  -218.57454  4.99985   768
1494.00  0.04173  0.04183  0.02001  0.80968  -215.99928  -217.92299  4.99985   768
1495.00  0.04175  0.04183  0.02062  0.80968  -215.06849  -216.99983  4.99985   768
1496.00  0.04174  0.04183  0.02106  0.80968  -214.37117  -216.27809  4.99985   768
1497.00  0.04175  0.04183  0.02118  0.80968  -214.12398  -216.00191  4.99985   768
1498.00  0.04174  0.04183  0.02094  0.80968  -214.43220  -216.27504  4.99985   768
1499.00  0.04175  0.04183  0.02045  0.80968  -215.20125  -217.03950  4.99985   768
1500.00  0.04175  0.04183  0.01981  0.80968  -216.17781  -217.99318  4.99985   768
1501.00  0.04174  0.04183  0.01939  0.80968  -216.86140  -218.71187  4.99985   768
1502.00  0.04173  0.04183  0.01931  0.80968  -217.08418  -218.98958  4.99985   768
1503.00  0.04175  0.04183  0.01966  0.80968  -216.53792  -218.46467  4.99985   768
1504.00  0.04174  0.04183  0.02025  0.80968  -215.60713  -217.55983  4.99985   768
1505.00  0.04175  0.04183  0.02082  0.80968  -214.73738  -216.69313  4.99985   768
1506.00  0.04175  0.04183  0.02113  0.80968  -214.23384  -216.14381  4.99985   768
1507.00  0.04174  0.04183  0.02103  0.80968  -214.34370  -216.20790  4.99985   768
1508.00  0.04173  0.04183  0.02062  0.80968  -214.98305  -216.83961  4.99985   768
1509.00  0.04175  0.04183  0.01999  0.80968  -215.95503  -217.76735  4.99985   768
1510.00  0.04175  0.04183  0.01943  0.80968  -216.76375  -218.60505  4.99985   768
1511.00  0.04173  0.04183  0.01912  0.80968  -217.25813  -219.12843  4.99985   768
1512.00  0.04177  0.04183  0.01927  0.80968  -217.08723  -218.98195  4.99985   768
1513.00  0.04175  0.04183  0.01977  0.80968  -216.34260  -218.27852  4.99985   768
1514.00  0.04175  0.04183  0.02049  0.80968  -215.26991  -217.20277  4.99985   768
1515.00  0.04173  0.04183  0.02088  0.80968  -214.64430  -216.54512  4.99985   768
1516.00  0.04175  0.04183  0.02089  0.80968  -214.49476  -216.37269  4.99985   768
1517.00  0.04172  0.04183  0.02062  0.80968  -214.98762  -216.83046  4.99985   768
1518.00  0.04174  0.04183  0.02003  0.80968  -215.82380  -217.64985  4.99985   768
1519.00  0.04174  0.04183  0.01942  0.80968  -216.82326  -218.65693  4.99985   768
1520.00  0.04175  0.04183  0.01904  0.80968  -217.40919  -219.30086  4.99985   768
1521.00  0.04174  0.04183  0.01903  0.80968  -217.44276  -219.34205  4.99985   768
1522.00  0.04174  0.04183  0.01946  0.80968  -216.87056  -218.80647  4.99985   768
1523.00  0.04173  0.04183  0.02022  0.80968  -215.74904  -217.71699  4.99985   768
1524.00  0.04175  0.04183  0.02077  0.80968  -214.81978  -216.72822  4.99985   768
1525.00  0.04174  0.04183  0.02106  0.80968  -214.36354  -216.27046  4.99985   768
1526.00  0.04174  0.04183  0.02095  0.80968  -214.45509  -216.31166  4.99985   768
1527.00  0.04173  0.04183  0.02055  0.80968  -215.06849  -216.87166  4.99985   768
1528.00  0.04173  0.04183  0.01977  0.80968  -216.20527  -218.00996  4.99985   768
1529.00  0.04175  0.04183  0.01934  0.80968  -216.93770  -218.78511  4.99985   768
1530.00  0.04175  0.04183  0.01916  0.80968  -217.22914  -219.07350  4.99985   768
1531.00  0.04174  0.04183  0.01923  0.80968  -217.18947  -219.10554  4.99985   768
1532.00  0.04173  0.04183  0.01982  0.80968  -216.26631  -218.19917  4.99985   768
1533.00  0.04174  0.04183  0.02047  0.80968  -215.27449  -217.20430  4.99985   768
1534.00  0.04174  0.04183  0.02085  0.80968  -214.66109  -216.56648  4.99985   768
1535.00  0.04173  0.04183  0.02096  0.80968  -214.52070  -216.39863  4.99985   768
1536.00  0.04175  0.04183  0.02057  0.80968  -215.03645  -216.88844  4.99985   768
1537.00  0.04174  0.04183  0.02001  0.80968  -215.89552  -217.72615  4.99985   768
1538.00  0.04173  0.04183  0.01935  0.80968  -216.89497  -218.74238  4.99985   768
1539.00  0.04174  0.04183  0.01895  0.80968  -217.55720  -219.43056  4.99985   768
1540.00  0.04175  0.04183  0.01892  0.80968  -217.66707  -219.54042  4.99985   768
1541.00  0.04174  0.04183  0.01919  0.80968  -217.16505  -219.09334  4.99985   768
1542.00  0.04172  0.04183  0.01992  0.80968  -216.14729  -218.10151  4.99985   768
1543.00  0.04174  0.04183  0.02044  0.80968  -215.34315  -217.27449  4.99985   768
1544.00  0.04174  0.04183  0.02072  0.80968  -214.85335  -216.73890  4.99985   768
1545.00  0.04174  0.04183  0.02052  0.80968  -215.13106  -216.97542  4.99985   768
1546.00  0.04174  0.04183  0.02010  0.80968  -215.70326  -217.52168  4.99985   768
1547.00  0.04175  0.04183  0.01950  0.80968  -216.66762  -218.48604  4.99985   768
1548.00  0.04174  0.04183  0.01898  0.80968  -217.48396  -219.29628  4.99985   768
1549.00  0.04174  0.04183  0.01885  0.80968  -217.74183  -219.62739  4.99985   768
1550.00  0.04174  0.04183  0.01912  0.80968  -217.36189  -219.29780  4.99985   768
1551.00  0.04173  0.04183  0.01972  0.80968  -216.46620  -218.40516  4.99985   768
1552.00  0.04174  0.04183  0.02023  0.80968  -215.65291  -217.59492  4.99985   768
1553.00  0.04174  0.04183  0.02077  0.80968  -214.87166  -216.80299  4.99985   768
1554.00  0.04173  0.04183  0.02093  0.80968  -214.52681  -216.41237  4.99985   768
1555.00  0.04175  0.04183  0.02060  0.80968  -214.99220  -216.84266  4.99985   768
1556.00  0.04174  0.04183  0.02015  0.80968  -215.68648  -217.51710  4.99985   768
1557.00  0.04173  0.04183  0.01957  0.80968  -216.57759  -218.41890  4.99985   768
1558.00  0.04172  0.04183  0.01921  0.80968  -217.12691  -218.99568  4.99985   768
1559.00  0.04174  0.04183  0.01916  0.80968  -217.27492  -219.17116  4.99985   768
1560.00  0.04174  0.04183  0.01966  0.80968  -216.56538  -218.50740  4.99985   768
1561.00  0.04173  0.04183  0.02023  0.80968  -215.64528  -217.56898  4.99985   768
1562.00  0.04174  0.04183  0.02072  0.80968  -214.89454  -216.81367  4.99985   768
1563.00  0.04175  0.04183  0.02096  0.80968  -214.50087  -216.38032  4.99985   768
1564.00  0.04174  0.04183  0.02070  0.80968  -214.78163  -216.61226  4.99985   768
1565.00  0.04174  0.04183  0.02018  0.80968  -215.57966  -217.39808  4.99985   768
1566.00  0.04175  0.04183  0.01964  0.80968  -216.45552  -218.27241  4.99985   768
1567.00  0.04174  0.04183  0.01898  0.80968  -217.47175  -219.30849  4.99985   768
1568.00  0.04174  0.04183  0.01883  0.80968  -217.79677  -219.67012  4.99985   768
1569.00  0.04173  0.04183  0.01901  0.80968  -217.52821  -219.45955  4.99985   768
1570.00  0.04175  0.04183  0.01951  0.80968  -216.76680  -218.72255  4.99985   768
1571.00  0.04175  0.04183  0.02011  0.80968  -215.79024  -217.71852  4.99985   768
1572.00  0.04175  0.04183  0.02054  0.80968  -215.17378  -217.08986  4.99985   768
1573.00  0.04173  0.04183  0.02053  0.80968  -215.12800  -217.02272  4.99985   768
1574.00  0.04173  0.04183  0.02021  0.80968  -215.58577  -217.42402  4.99985   768
1575.00  0.04173  0.04183  0.01957  0.80968  -216.62337  -218.44331  4.99985   768
1576.00  0.04173  0.04183  0.01893  0.80968  -217.53432  -219.36494  4.99985   768
1577.00  0.04173  0.04183  0.01862  0.80968  -218.02107  -219.88679  4.99985   768
1578.00  0.04174  0.04183  0.01891  0.80968  -217.64570  -219.53889  4.99985   768
1579.00  0.04174  0.04183  0.01928  0.80968  -217.11928  -219.04451  4.99985   768
1580.00  0.04175  0.04183  0.02001  0.80968  -216.02370  -217.95656  4.99985   768
1581.00  0.04174  0.04183  0.02058  0.80968  -215.14631  -217.06392  4.99985   768
1582.00  0.04174  0.04183  0.02076  0.80968  -214.81367  -216.70228  4.99985   768
1583.00  0.04174  0.04183  0.02069  0.80968  -214.82588  -216.70991  4.99985   768
1584.00  0.04175  0.04183  0.02025  0.80968  -215.49727  -217.32484  4.99985   768
1585.00  0.04173  0.04183  0.01954  0.80968  -216.60658  -218.42805  4.99985   768
1586.00  0.04173  0.04183  0.01900  0.80968  -217.47023  -219.32069  4.99985   768
1587.00  0.04173  0.04183  0.01904  0.80968  -217.48854  -219.38478  4.99985   768
1588.00  0.04175  0.04183  0.01936  0.80968  -216.99873  -218.95906  4.99985   768
1589.00  0.04173  0.04183  0.02006  0.80968  -215.96419  -217.90010  4.99985   768
1590.00  0.04173  0.04183  0.02073  0.80968  -214.87929  -216.82283  4.99985   768
1591.00  0.04174  0.04183  0.02098  0.80968  -214.44746  -216.33912  4.99985   768
1592.00  0.04173  0.04183  0.02089  0.80968  -214.55427  -216.40779  4.99985   768
1593.00  0.04172  0.04183  0.02051  0.80968  -215.12800  -216.96016  4.99985   768
1594.00  0.04174  0.04183  0.01982  0.80968  -216.12593  -217.92299  4.99985   768
1595.00  0.04173  0.04183  0.01911  0.80968  -217.31306  -219.12233  4.99985   768
1596.00  0.04175  0.04183  0.01877  0.80968  -217.77540  -219.63197  4.99985   768
1597.00  0.04174  0.04183  0.01884  0.80968  -217.77388  -219.66707  4.99985   768
1598.00  0.04175  0.04183  0.01935  0.80968  -217.02467  -218.94380  4.99985   768
1599.00  0.04173  0.04183  0.02004  0.80968  -215.94893  -217.91078  4.99985   768
1600.00  0.04173  0.04183  0.02060  0.80968  -215.03798  -216.94185  4.99985   768
1601.00  0.04173  0.04183  0.02067  0.80968  -214.87318  -216.76790  4.99985   768
1602.00  0.04173  0.04183  0.02038  0.80968  -215.31569  -217.16310  4.99985   768
1603.00  0.04174  0.04183  0.01983  0.80968  -216.18239  -218.01301  4.99985   768
1604.00  0.04173  0.04183  0.01917  0.80968  -217.18641  -219.03078  4.99985   768
1605.00  0.04175  0.04183  0.01870  0.80968  -217.94935  -219.80897  4.99985   768
1606.00  0.04173  0.04183  0.01862  0.80968  -218.08058  -219.97987  4.99985   768
1607.00  0.04173  0.04183  0.01902  0.80968  -217.56026  -219.50380  4.99985   768
1608.00  0.04175  0.04183  0.01973  0.80968  -216.44331  -218.39601  4.99985   768
1609.00  0.04173  0.04183  0.02036  0.80968  -215.43165  -217.37977  4.99985   768
1610.00  0.04174  0.04183  0.02082  0.80968  -214.72365  -216.63362  4.99985   768
1611.00  0.04173  0.04183  0.02082  0.80968  -214.68245  -216.53749  4.99985   768
1612.00  0.04174  0.04183  0.02039  0.80968  -215.33400  -217.14631  4.99985   768
1613.00  0.04174  0.04183  0.01968  0.80968  -216.33955  -218.14424  4.99985   768
1614.00  0.04173  0.04183  0.01911  0.80968  -217.28712  -219.11775  4.99985   768
1615.00  0.04172  0.04183  0.01885  0.80968  -217.72200  -219.59230  4.99985   768
1616.00  0.04174  0.04183  0.01901  0.80968  -217.47328  -219.37562  4.99985   768
1617.00  0.04174  0.04183  0.01955  0.80968  -216.68593  -218.63405  4.99985   768
1618.00  0.04172  0.04183  0.02031  0.80968  -215.54304  -217.49422  4.99985   768
1619.00  0.04173  0.04183  0.02074  0.80968  -214.87929  -216.78926  4.99985   768
1620.00  0.04174  0.04183  0.02093  0.80968  -214.50392  -216.39253  4.99985   768
1621.00  0.04173  0.04183  0.02069  0.80968  -214.88692  -216.73585  4.99985   768
1622.00  0.04172  0.04183  0.02003  0.80968  -215.83601  -217.66817  4.99985   768
1623.00  0.04173  0.04183  0.01932  0.80968  -216.91328  -218.72713  4.99985   768
1624.00  0.04173  0.04183  0.01878  0.80968  -217.77846  -219.63655  4.99985   768
1625.00  0.04173  0.04183  0.01856  0.80968  -218.14619  -220.02260  4.99985   768
1626.00  0.04172  0.04183  0.01891  0.80968  -217.70369  -219.63350  4.99985   768
1627.00  0.04174  0.04183  0.01948  0.80968  -216.81105  -218.73475  4.99985   768
1628.00  0.04172  0.04183  0.02014  0.80968  -215.83449  -217.76582  4.99985   768
1629.00  0.04174  0.04183  0.02044  0.80968  -215.25618  -217.14784  4.99985   768
1630.00  0.04174  0.04183  0.02037  0.80968  -215.37214  -217.23024  4.99985   768
1631.00  0.04173  0.04183  0.01995  0.80968  -215.99318  -217.81007  4.99985   768
1632.00  0.04173  0.04183  0.01925  0.80968  -217.02620  -218.82936  4.99985   768
1633.00  0.04175  0.04183  0.01865  0.80968  -217.96919  -219.80287  4.99985   768
1634.00  0.04173  0.04183  0.01833  0.80968  -218.53682  -220.39186  4.99985   768
1635.00  0.04175  0.04183  0.01846  0.80968  -218.35066  -220.27284  4.99985   768
1636.00  0.04173  0.04183  0.01902  0.80968  -217.50532  -219.47023  4.99985   768
1637.00  0.04172  0.04183  0.01980  0.80968  -216.35176  -218.30751  4.99985   768
1638.00  0.04174  0.04183  0.02037  0.80968  -215.45149  -217.39961  4.99985   768
1639.00  0.04173  0.04183  0.02064  0.80968  -215.03950  -216.95405  4.99985   768
1640.00  0.04174  0.04183  0.02039  0.80968  -215.29280  -217.14479  4.99985   768
1641.00  0.04173  0.04183  0.01988  0.80968  -216.07557  -217.90925  4.99985   768
1642.00  0.04174  0.04183  0.01923  0.80968  -217.07960  -218.89497  4.99985   768
1643.00  0.04173  0.04183  0.01873  0.80968  -217.87153  -219.70827  4.99985   768
1644.00  0.04173  0.04183  0.01859  0.80968  -218.10042  -219.95546  4.99985   768
1645.00  0.04173  0.04183  0.01898  0.80968  -217.60908  -219.53737  4.99985   768
1646.00  0.04174  0.04183  0.01962  0.80968  -216.64473  -218.58522  4.99985   768
1647.00  0.04174  0.04183  0.02026  0.80968  -215.55372  -217.48048  4.99985   768
1648.00  0.04173  0.04183  0.02062  0.80968  -214.97999  -216.87318  4.99985   768
1649.00  0.04173  0.04183  0.02048  0.80968  -215.18751  -217.03645  4.99985   768
1650.00  0.04172  0.04183  0.02002  0.80968  -215.86500  -217.68190  4.99985   768
1651.00  0.04175  0.04183  0.01943  0.80968  -216.79732  -218.63710  4.99985   768
1652.00  0.04174  0.04183  0.01879  0.80968  -217.72658  -219.56636  4.99985   768
1653.00  0.04173  0.04183  0.01844  0.80968  -218.33998  -220.21486  4.99985   768
1654.00  0.04172  0.04183  0.01845  0.80968  -218.39339  -220.30794  4.99985   768
1655.00  0.04173  0.04183  0.01893  0.80968  -217.65181  -219.59688  4.99985   768
1656.00  0.04172  0.04183  0.01961  0.80968  -216.62489  -218.58827  4.99985   768
1657.00  0.04175  0.04183  0.02006  0.80968  -215.91841  -217.83601  4.99985   768
1658.00  0.04172  0.04183  0.02020  0.80968  -215.64985  -217.55067  4.99985   768
1659.00  0.04174  0.04183  0.01983  0.80968  -216.15034  -217.97487  4.99985   768
1660.00  0.04174  0.04183  0.01932  0.80968  -216.93617  -218.74696  4.99985   768
1661.00  0.04173  0.04183  0.01877  0.80968  -217.78914  -219.62129  4.99985   768
1662.00  0.04173  0.04183  0.01838  0.80968  -218.39186  -220.23927  4.99985   768
1663.00  0.04173  0.04183  0.01826  0.80968  -218.62684  -220.48189  4.99985   768
1664.00  0.04175  0.04183  0.01854  0.80968  -218.19502  -220.10042  4.99985   768
1665.00  0.04174  0.04183  0.01921  0.80968  -217.23829  -219.19404  4.99985   768
1666.00  0.04174  0.04183  0.01979  0.80968  -216.31972  -218.25868  4.99985   768
1667.00  0.04174  0.04183  0.02019  0.80968  -215.67732  -217.59797  4.99985   768
1668.00  0.04173  0.04183  0.02011  0.80968  -215.76277  -217.62697  4.99985   768
1669.00  0.04173  0.04183  0.01973  0.80968  -216.35328  -218.20375  4.99985   768
1670.00  0.04173  0.04183  0.01915  0.80968  -217.15437  -218.98652  4.99985   768
1671.00  0.04173  0.04183  0.01860  0.80968  -218.08211  -219.92952  4.99985   768
1672.00  0.04172  0.04183  0.01848  0.80968  -218.29878  -220.19960  4.99985   768
1673.00  0.04173  0.04183  0.01860  0.80968  -218.14924  -220.03938  4.99985   768
1674.00  0.04173  0.04183  0.01916  0.80968  -217.35274  -219.31764  4.99985   768
1675.00  0.04172  0.04183  0.01969  0.80968  -216.44942  -218.35176  4.99985   768
1676.00  0.04172  0.04183  0.02010  0.80968  -215.82075  -217.74904  4.99985   768
1677.00  0.04173  0.04183  0.02018  0.80968  -215.66664  -217.53541  4.99985   768
1678.00  0.04172  0.04183  0.01991  0.80968  -216.01301  -217.85737  4.99985   768
1679.00  0.04173  0.04183  0.01942  0.80968  -216.74086  -218.55470  4.99985   768
1680.00  0.04173  0.04183  0.01881  0.80968  -217.72658  -219.53584  4.99985   768
1681.00  0.04174  0.04183  0.01840  0.80968  -218.40712  -220.26216  4.99985   768
1682.00  0.04175  0.04183  0.01835  0.80968  -218.47120  -220.34761  4.99985   768
1683.00  0.04173  0.04183  0.01868  0.80968  -218.05159  -219.98445  4.99985   768
1684.00  0.04173  0.04183  0.01927  0.80968  -217.16505  -219.08876  4.99985   768
1685.00  0.04173  0.04183  0.01985  0.80968  -216.27699  -218.22053  4.99985   768
1686.00  0.04174  0.04183  0.01994  0.80968  -216.02827  -217.90773  4.99985   768
1687.00  0.04174  0.04183  0.01982  0.80968  -216.20680  -218.06489  4.99985   768
1688.00  0.04173  0.04183  0.01943  0.80968  -216.82783  -218.68593  4.99985   768
1689.00  0.04173  0.04183  0.01884  0.80968  -217.65944  -219.49312  4.99985   768
1690.00  0.04172  0.04183  0.01840  0.80968  -218.38118  -220.22859  4.99985   768
1691.00  0.04174  0.04183  0.01822  0.80968  -218.72450  -220.60396  4.99985   768
1692.00  0.04173  0.04183  0.01842  0.80968  -218.40101  -220.33388  4.99985   768
1693.00  0.04173  0.04183  0.01899  0.80968  -217.59688  -219.52669  4.99985   768
1694.00  0.04173  0.04183  0.01962  0.80968  -216.61116  -218.54555  4.99985   768
1695.00  0.04173  0.04183  0.02000  0.80968  -215.95808  -217.85737  4.99985   768
1696.00  0.04173  0.04183  0.02003  0.80968  -215.88942  -217.75514  4.99985   768
1697.00  0.04173  0.04183  0.01973  0.80968  -216.36091  -218.20680  4.99985   768
1698.00  0.04174  0.04183  0.01919  0.80968  -217.07655  -218.88582  4.99985   768
1699.00  0.04173  0.04183  0.01866  0.80968  -217.96919  -219.80287  4.99985   768
1700.00  0.04173  0.04183  0.01838  0.80968  -218.42085  -220.26826  4.99985   768
1701.00  0.04173  0.04183  0.01837  0.80968  -218.42848  -220.33082  4.99985   768
1702.00  0.04173  0.04183  0.01886  0.80968  -217.78609  -219.74794  4.99985   768
1703.00  0.04173  0.04183  0.01952  0.80968  -216.77443  -218.72255  4.99985   768
1704.00  0.04173  0.04183  0.02004  0.80968  -215.97639  -217.91231  4.99985   768
1705.00  0.04173  0.04183  0.02021  0.80968  -215.59035  -217.48048  4.99985   768
1706.00  0.04174  0.04183  0.02006  0.80968  -215.87111  -217.74141  4.99985   768
1707.00  0.04174  0.04183  0.01955  0.80968  -216.59285  -218.41585  4.99985   768
1708.00  0.04172  0.04183  0.01890  0.80968  -217.50685  -219.33290  4.99985   768
1709.00  0.04173  0.04183  0.01837  0.80968  -218.38423  -220.22401  4.99985   768
1710.00  0.04173  0.04183  0.01814  0.80968  -218.80232  -220.66194  4.99985   768
1711.00  0.04172  0.04183  0.01842  0.80968  -218.45137  -220.35829  4.99985   768
1712.00  0.04174  0.04183  0.01903  0.80968  -217.47023  -219.40309  4.99985   768
1713.00  0.04174  0.04183  0.01962  0.80968  -216.55928  -218.46925  4.99985   768
1714.00  0.04174  0.04183  0.01994  0.80968  -216.07405  -217.97182  4.99985   768
1715.00  0.04175  0.04183  0.02002  0.80968  -215.88789  -217.75972  4.99985   768
1716.00  0.04174  0.04183  0.01964  0.80968  -216.47841  -218.31514  4.99985   768
1717.00  0.04174  0.04183  0.01904  0.80968  -217.36952  -219.20015  4.99985   768
1718.00  0.04174  0.04183  0.01847  0.80968  -218.28047  -220.12025  4.99985   768
1719.00  0.04173  0.04183  0.01806  0.80968  -218.91218  -220.76875  4.99985   768
1720.00  0.04174  0.04183  0.01807  0.80968  -218.92744  -220.84047  4.99985   768
1721.00  0.04173  0.04183  0.01852  0.80968  -218.28963  -220.25606  4.99985   768
1722.00  0.04174  0.04183  0.01927  0.80968  -217.14522  -219.10097  4.99985   768
1723.00  0.04174  0.04183  0.01982  0.80968  -216.31056  -218.25715  4.99985   768
1724.00  0.04172  0.04183  0.02004  0.80968  -215.90620  -217.80549  4.99985   768
1725.00  0.04173  0.04183  0.01996  0.80968  -216.05269  -217.91383  4.99985   768
1726.00  0.04172  0.04183  0.01946  0.80968  -216.72102  -218.53334  4.99985   768
1727.00  0.04173  0.04183  0.01880  0.80968  -217.75099  -219.57246  4.99985   768
1728.00  0.04173  0.04183  0.01830  0.80968  -218.48341  -220.31862  4.99985   768
1729.00  0.04174  0.04183  0.01810  0.80968  -218.86030  -220.73213  4.99985   768
1730.00  0.04174  0.04183  0.01835  0.80968  -218.49562  -220.41017  4.99985   768
1731.00  0.04173  0.04183  0.01895  0.80968  -217.61824  -219.56178  4.99985   768
1732.00  0.04172  0.04183  0.01966  0.80968  -216.56386  -218.49519  4.99985   768
1733.00  0.04172  0.04183  0.02000  0.80968  -215.91231  -217.82533  4.99985   768
1734.00  0.04173  0.04183  0.02001  0.80968  -215.92909  -217.79176  4.99985   768
1735.00  0.04173  0.04183  0.01968  0.80968  -216.38533  -218.22511  4.99985   768
1736.00  0.04173  0.04183  0.01906  0.80968  -217.34816  -219.18336  4.99985   768
1737.00  0.04173  0.04183  0.01840  0.80968  -218.32777  -220.16450  4.99985   768
1738.00  0.04172  0.04183  0.01801  0.80968  -218.99763  -220.86946  4.99985   768
1739.00  0.04172  0.04183  0.01804  0.80968  -218.98237  -220.89845  4.99985   768
1740.00  0.04172  0.04183  0.01843  0.80968  -218.43306  -220.36287  4.99985   768
1741.00  0.04173  0.04183  0.01912  0.80968  -217.39088  -219.36342  4.99985   768
1742.00  0.04174  0.04183  0.01955  0.80968  -216.61421  -218.52724  4.99985   768
1743.00  0.04172  0.04183  0.01974  0.80968  -216.38533  -218.25715  4.99985   768
1744.00  0.04174  0.04183  0.01957  0.80968  -216.58217  -218.41585  4.99985   768
1745.00  0.04172  0.04183  0.01911  0.80968  -217.28255  -219.11775  4.99985   768
1746.00  0.04173  0.04183  0.01848  0.80968  -218.17061  -219.98445  4.99985   768
1747.00  0.04174  0.04183  0.01791  0.80968  -219.11513  -220.95491  4.99985   768
1748.00  0.04173  0.04183  0.01783  0.80968  -219.28297  -221.15327  4.99985   768
1749.00  0.04173  0.04183  0.01803  0.80968  -219.03120  -220.94118  4.99985   768
1750.00  0.04173  0.04183  0.01866  0.80968  -218.03480  -219.97835  4.99985   768
1751.00  0.04172  0.04183  0.01928  0.80968  -217.13301  -219.06892  4.99985   768
1752.00  0.04173  0.04183  0.01970  0.80968  -216.50587  -218.42653  4.99985   768
1753.00  0.04174  0.04183  0.01963  0.80968  -216.50282  -218.37465  4.99985   768
1754.00  0.04172  0.04183  0.01928  0.80968  -216.99415  -218.84920  4.99985   768
1755.00  0.04173  0.04183  0.01859  0.80968  -218.04548  -219.88069  4.99985   768
1756.00  0.04173  0.04183  0.01807  0.80968  -218.87099  -220.72145  4.99985   768
1757.00  0.04174  0.04183  0.01786  0.80968  -219.23567  -221.10902  4.99985   768
1758.00  0.04173  0.04183  0.01797  0.80968  -219.12276  -221.01900  4.99985   768
1759.00  0.04172  0.04183  0.01837  0.80968  -218.51698  -220.45747  4.99985   768
1760.00  0.04173  0.04183  0.01891  0.80968  -217.68690  -219.60451  4.99985   768
1761.00  0.04172  0.04183  0.01935  0.80968  -216.98347  -218.89345  4.99985   768
1762.00  0.04173  0.04183  0.01957  0.80968  -216.63405  -218.49061  4.99985   768
1763.00  0.04172  0.04183  0.01933  0.80968  -216.93312  -218.76527  4.99985   768
1764.00  0.04172  0.04183  0.01869  0.80968  -217.89747  -219.68690  4.99985   768
1765.00  0.04173  0.04183  0.01803  0.80968  -218.89387  -220.72603  4.99985   768
1766.00  0.04173  0.04183  0.01752  0.80968  -219.74074  -221.58510  4.99985   768
1767.00  0.04173  0.04183  0.01740  0.80968  -219.98030  -221.87501  4.99985   768
1768.00  0.04172  0.04183  0.01776  0.80968  -219.48591  -221.42335  4.99985   768
1769.00  0.04174  0.04183  0.01824  0.80968  -218.70161  -220.63753  4.99985   768
1770.00  0.04173  0.04183  0.01874  0.80968  -217.91273  -219.84254  4.99985   768
1771.00  0.04172  0.04183  0.01901  0.80968  -217.49922  -219.41072  4.99985   768
1772.00  0.04173  0.04183  0.01900  0.80968  -217.45650  -219.34663  4.99985   768
1773.00  0.04172  0.04183  0.01852  0.80968  -218.20570  -220.04396  4.99985   768
1774.00  0.04173  0.04183  0.01786  0.80968  -219.14412  -220.97475  4.99985   768
1775.00  0.04172  0.04183  0.01728  0.80968  -220.10847  -221.94063  4.99985   768
1776.00  0.04174  0.04183  0.01693  0.80968  -220.61964  -222.47011  4.99985   768
1777.00  0.04174  0.04183  0.01699  0.80968  -220.65474  -222.53725  4.99985   768
1778.00  0.04172  0.04183  0.01752  0.80968  -219.81398  -221.75447  4.99985   768
1779.00  0.04173  0.04183  0.01815  0.80968  -218.84810  -220.77943  4.99985   768
1780.00  0.04173  0.04183  0.01859  0.80968  -218.17213  -220.06685  4.99985   768
1781.00  0.04173  0.04183  0.01870  0.80968  -217.90205  -219.77846  4.99985   768
1782.00  0.04173  0.04183  0.01847  0.80968  -218.26216  -220.10347  4.99985   768
1783.00  0.04173  0.04183  0.01785  0.80968  -219.17006  -220.98237  4.99985   768
1784.00  0.04173  0.04183  0.01727  0.80968  -220.07948  -221.90706  4.99985   768
1785.00  0.04173  0.04183  0.01674  0.80968  -220.93245  -222.79207  4.99985   768
1786.00  0.04172  0.04183  0.01669  0.80968  -221.03773  -222.94160  4.99985   768
1787.00  0.04172  0.04183  0.01701  0.80968  -220.63338  -222.56776  4.99985   768
1788.00  0.04174  0.04183  0.01757  0.80968  -219.74837  -221.71022  4.99985   768
1789.00  0.04173  0.04183  0.01812  0.80968  -218.87404  -220.81605  4.99985   768
1790.00  0.04172  0.04183  0.01840  0.80968  -218.41627  -220.30946  4.99985   768
1791.00  0.04173  0.04183  0.01830  0.80968  -218.51088  -220.38118  4.99985   768
1792.00  0.04173  0.04183  0.01782  0.80968  -219.27839  -221.10444  4.99985   768
1793.00  0.04173  0.04183  0.01721  0.80968  -220.18629  -222.02302  4.99985   768
1794.00  0.04173  0.04183  0.01656  0.80968  -221.15828  -222.96907  4.99985   768
1795.00  0.04175  0.04183  0.01622  0.80968  -221.72133  -223.56721  4.99985   768
1796.00  0.04174  0.04183  0.01637  0.80968  -221.54127  -223.42836  4.99985   768
1797.00  0.04173  0.04183  0.01685  0.80968  -220.85615  -222.77223  4.99985   768
1798.00  0.04173  0.04183  0.01747  0.80968  -219.90248  -221.82466  4.99985   768
1799.00  0.04173  0.04183  0.01791  0.80968  -219.21431  -221.14107  4.99985   768
1800.00  0.04173  0.04183  0.01799  0.80968  -218.99916  -220.87709  4.99985   768
1801.00  0.04174  0.04183  0.01770  0.80968  -219.45387  -221.30128  4.99985   768
1802.00  0.04173  0.04183  0.01710  0.80968  -220.33583  -222.15883  4.99985   768
1803.00  0.04173  0.04183  0.01645  0.80968  -221.38563  -223.21168  4.99985   768
1804.00  0.04174  0.04183  0.01593  0.80968  -222.22182  -224.08449  4.99985   768
1805.00  0.04173  0.04183  0.01580  0.80968  -222.40187  -224.31337  4.99985   768
1806.00  0.04174  0.04183  0.01615  0.80968  -221.89528  -223.85103  4.99985   768
1807.00  0.04174  0.04183  0.01684  0.80968  -220.86531  -222.82258  4.99985   768
1808.00  0.04173  0.04183  0.01746  0.80968  -219.89027  -221.83076  4.99985   768
1809.00  0.04170  0.04183  0.01765  0.80968  -219.57594  -221.47829  4.99985   768
1810.00  0.04174  0.04183  0.01756  0.80968  -219.69191  -221.52864  4.99985   768
1811.00  0.04172  0.04183  0.01706  0.80968  -220.38313  -222.20155  4.99985   768
1812.00  0.04174  0.04183  0.01641  0.80968  -221.45125  -223.25136  4.99985   768
1813.00  0.04174  0.04183  0.01570  0.80968  -222.51326  -224.33320  4.99985   768
1814.00  0.04173  0.04183  0.01541  0.80968  -222.96339  -224.82454  4.99985   768
1815.00  0.04174  0.04183  0.01557  0.80968  -222.77724  -224.66737  4.99985   768
1816.00  0.04173  0.04183  0.01609  0.80968  -222.03413  -223.96699  4.99985   768
1817.00  0.04172  0.04183  0.01676  0.80968  -220.97822  -222.92177  4.99985   768
1818.00  0.04173  0.04183  0.01716  0.80968  -220.35567  -222.28853  4.99985   768
1819.00  0.04173  0.04183  0.01718  0.80968  -220.30836  -222.18934  4.99985   768
1820.00  0.04173  0.04183  0.01689  0.80968  -220.65474  -222.49605  4.99985   768
1821.00  0.04173  0.04183  0.01617  0.80968  -221.79610  -223.62977  4.99985   768
1822.00  0.04173  0.04183  0.01556  0.80968  -222.74824  -224.56819  4.99985   768
1823.00  0.04173  0.04183  0.01502  0.80968  -223.59968  -225.46388  4.99985   768
1824.00  0.04173  0.04183  0.01498  0.80968  -223.66987  -225.57069  4.99985   768
1825.00  0.04174  0.04183  0.01532  0.80968  -223.14802  -225.07783  4.99985   768
1826.00  0.04172  0.04183  0.01593  0.80968  -222.33778  -224.27370  4.99985   768
1827.00  0.04172  0.04183  0.01644  0.80968  -221.50160  -223.40700  4.99985   768
1828.00  0.04172  0.04183  0.01676  0.80968  -220.95228  -222.85158  4.99985   768
1829.00  0.04173  0.04183  0.01664  0.80968  -221.06825  -222.91109  4.99985   768
1830.00  0.04173  0.04183  0.01615  0.80968  -221.80830  -223.62215  4.99985   768
1831.00  0.04173  0.04183  0.01554  0.80968  -222.76961  -224.58803  4.99985   768
1832.00  0.04173  0.04183  0.01496  0.80968  -223.60884  -225.44710  4.99985   768
1833.00  0.04172  0.04183  0.01472  0.80968  -224.03303  -225.90333  4.99985   768
1834.00  0.04172  0.04183  0.01491  0.80968  -223.82094  -225.72481  4.99985   768
1835.00  0.04174  0.04183  0.01544  0.80968  -223.05647  -225.01069  4.99985   768
1836.00  0.04173  0.04183  0.01605  0.80968  -222.08754  -224.03413  4.99985   768
1837.00  0.04172  0.04183  0.01642  0.80968  -221.47566  -223.38716  4.99985   768
1838.00  0.04174  0.04183  0.01643  0.80968  -221.44667  -223.33986  4.99985   768
1839.00  0.04173  0.04183  0.01611  0.80968  -221.93495  -223.79457  4.99985   768
1840.00  0.04173  0.04183  0.01545  0.80968  -222.83064  -224.64601  4.99985   768
1841.00  0.04172  0.04183  0.01480  0.80968  -223.86519  -225.70039  4.99985   768
1842.00  0.04172  0.04183  0.01428  0.80968  -224.75172  -226.59151  4.99985   768
1843.00  0.04172  0.04183  0.01414  0.80968  -224.94093  -226.83107  4.99985   768
1844.00  0.04173  0.04183  0.01454  0.80968  -224.37788  -226.30006  4.99985   768
1845.00  0.04173  0.04183  0.01508  0.80968  -223.53712  -225.45167  4.99985   768
1846.00  0.04173  0.04183  0.01548  0.80968  -222.89778  -224.80012  4.99985   768
1847.00  0.04172  0.04183  0.01564  0.80968  -222.66127  -224.54378  4.99985   768
1848.00  0.04173  0.04183  0.01538  0.80968  -223.02595  -224.85811  4.99985   768
1849.00  0.04174  0.04183  0.01490  0.80968  -223.69887  -225.53102  4.99985   768
1850.00  0.04173  0.04183  0.01423  0.80968  -224.74104  -226.53810  4.99985   768
1851.00  0.04172  0.04183  0.01359  0.80968  -225.75880  -227.59706  4.99985   768
1852.00  0.04174  0.04183  0.01336  0.80968  -226.15553  -228.05482  4.99985   768
1853.00  0.04175  0.04183  0.01346  0.80968  -226.03346  -227.93886  4.99985   768
1854.00  0.04175  0.04183  0.01394  0.80968  -225.36818  -227.32851  4.99985   768
1855.00  0.04174  0.04183  0.01461  0.80968  -224.30006  -226.24971  4.99985   768
1856.00  0.04174  0.04183  0.01500  0.80968  -223.66987  -225.60121  4.99985   768
1857.00  0.04173  0.04183  0.01501  0.80968  -223.61342  -225.50050  4.99985   768
1858.00  0.04174  0.04183  0.01457  0.80968  -224.20088  -226.04219  4.99985   768
1859.00  0.04172  0.04183  0.01395  0.80968  -225.19423  -227.00807  4.99985   768
1860.00  0.04173  0.04183  0.01333  0.80968  -226.15858  -227.96632  4.99985   768
1861.00  0.04174  0.04183  0.01288  0.80968  -226.88032  -228.72621  4.99985   768
1862.00  0.04174  0.04183  0.01279  0.80968  -227.06801  -228.93220  4.99985   768
1863.00  0.04173  0.04183  0.01317  0.80968  -226.50191  -228.42561  4.99985   768
1864.00  0.04172  0.04183  0.01389  0.80968  -225.43532  -227.38801  4.99985   768
1865.00  0.04172  0.04183  0.01440  0.80968  -224.57930  -226.49690  4.99985   768
1866.00  0.04172  0.04183  0.01460  0.80968  -224.21614  -226.11085  4.99985   768
1867.00  0.04172  0.04183  0.01435  0.80968  -224.57777  -226.40382  4.99985   768
1868.00  0.04173  0.04183  0.01376  0.80968  -225.48109  -227.31935  4.99985   768
1869.00  0.04172  0.04183  0.01307  0.80968  -226.51259  -228.34474  4.99985   768
1870.00  0.04173  0.04183  0.01253  0.80968  -227.41896  -229.26332  4.99985   768
1871.00  0.04172  0.04183  0.01222  0.80968  -227.96675  -229.83400  4.99985   768
1872.00  0.04173  0.04183  0.01243  0.80968  -227.63106  -229.54408  4.99985   768
1873.00  0.04173  0.04183  0.01291  0.80968  -226.92457  -228.88643  4.99985   768
1874.00  0.04172  0.04183  0.01351  0.80968  -225.98158  -227.92360  4.99985   768
1875.00  0.04173  0.04183  0.01380  0.80968  -225.50703  -227.38801  4.99985   768
1876.00  0.04173  0.04183  0.01381  0.80968  -225.46431  -227.33461  4.99985   768
1877.00  0.04173  0.04183  0.01336  0.80968  -226.06245  -227.87324  4.99985   768
1878.00  0.04172  0.04183  0.01272  0.80968  -227.06801  -228.86964  4.99985   768
1879.00  0.04172  0.04183  0.01196  0.80968  -228.20784  -229.99727  4.99985   768
1880.00  0.04174  0.04183  0.01159  0.80968  -228.87160  -230.73122  4.99985   768
1881.00  0.04173  0.04183  0.01167  0.80968  -228.79835  -230.69002  4.99985   768
1882.00  0.04172  0.04183  0.01207  0.80968  -228.15443  -230.06441  4.99985   768
1883.00  0.04173  0.04183  0.01267  0.80968  -227.28316  -229.22517  4.99985   768
1884.00  0.04173  0.04183  0.01308  0.80968  -226.56447  -228.49580  4.99985   768
1885.00  0.04173  0.04183  0.01322  0.80968  -226.38594  -228.26234  4.99985   768
1886.00  0.04172  0.04183  0.01302  0.80968  -226.66975  -228.54463  4.99985   768
1887.00  0.04172  0.04183  0.01241  0.80968  -227.55324  -229.35945  4.99985   768
1888.00  0.04173  0.04183  0.01165  0.80968  -228.73579  -230.56795  4.99985   768
1889.00  0.04173  0.04183  0.01112  0.80968  -229.54603  -231.40871  4.99985   768
1890.00  0.04174  0.04183  0.01093  0.80968  -229.86647  -231.76424  4.99985   768
1891.00  0.04173  0.04183  0.01120  0.80968  -229.50178  -231.43617  4.99985   768
1892.00  0.04172  0.04183  0.01183  0.80968  -228.57863  -230.54811  4.99985   768
1893.00  0.04174  0.04183  0.01240  0.80968  -227.66463  -229.57155  4.99985   768
1894.00  0.04173  0.04183  0.01269  0.80968  -227.15956  -229.05122  4.99985   768
1895.00  0.04173  0.04183  0.01260  0.80968  -227.25416  -229.11073  4.99985   768
1896.00  0.04172  0.04183  0.01215  0.80968  -227.98506  -229.81111  4.99985   768
1897.00  0.04173  0.04183  0.01150  0.80968  -228.92500  -230.73884  4.99985   768
1898.00  0.04173  0.04183  0.01079  0.80968  -230.00990  -231.81917  4.99985   768
1899.00  0.04174  0.04183  0.01043  0.80968  -230.63399  -232.48750  4.99985   768
1900.00  0.04172  0.04183  0.01052  0.80968  -230.49513  -232.38985  4.99985   768
1901.00  0.04172  0.04183  0.01092  0.80968  -229.95497  -231.90614  4.99985   768
1902.00  0.04173  0.04183  0.01157  0.80968  -228.94026  -230.89754  4.99985   768
1903.00  0.04173  0.04183  0.01209  0.80968  -228.11781  -230.04915  4.99985   768
1904.00  0.04173  0.04183  0.01223  0.80968  -227.93013  -229.82637  4.99985   768
1905.00  0.04173  0.04183  0.01196  0.80968  -228.27803  -230.12697  4.99985   768
1906.00  0.04173  0.04183  0.01129  0.80968  -229.27748  -231.08675  4.99985   768
1907.00  0.04172  0.04183  0.01061  0.80968  -230.31660  -232.14876  4.99985   768
1908.00  0.04174  0.04183  0.01010  0.80968  -231.09175  -232.92238  4.99985   768
1909.00  0.04173  0.04183  0.00999  0.80968  -231.29927  -233.20619  4.99985   768
1910.00  0.04174  0.04183  0.01029  0.80968  -230.91017  -232.81709  4.99985   768
1911.00  0.04174  0.04183  0.01094  0.80968  -229.96718  -231.89851  4.99985   768
1912.00  0.04172  0.04183  0.01152  0.80968  -229.00587  -230.93721  4.99985   768
1913.00  0.04173  0.04183  0.01194  0.80968  -228.37721  -230.27345  4.99985   768
1914.00  0.04173  0.04183  0.01192  0.80968  -228.37111  -230.23988  4.99985   768
1915.00  0.04174  0.04183  0.01149  0.80968  -228.90211  -230.72511  4.99985   768
1916.00  0.04172  0.04183  0.01087  0.80968  -229.88478  -231.70778  4.99985   768
1917.00  0.04174  0.04183  0.01018  0.80968  -230.99104  -232.81099  4.99985   768
1918.00  0.04173  0.04183  0.00984  0.80968  -231.55714  -233.41829  4.99985   768
1919.00  0.04173  0.04183  0.00995  0.80968  -231.40913  -233.33894  4.99985   768
1920.00  0.04174  0.04183  0.01046  0.80968  -230.67671  -232.61873  4.99985   768
1921.00  0.04172  0.04183  0.01108  0.80968  -229.72914  -231.66811  4.99985   768
1922.00  0.04171  0.04183  0.01160  0.80968  -228.92042  -230.86702  4.99985   768
1923.00  0.04172  0.04183  0.01176  0.80968  -228.63814  -230.54353  4.99985   768
1924.00  0.04172  0.04183  0.01150  0.80968  -228.87312  -230.72969  4.99985   768
1925.00  0.04171  0.04183  0.01087  0.80968  -229.92445  -231.72914  4.99985   768
1926.00  0.04173  0.04183  0.01015  0.80968  -230.99715  -232.80336  4.99985   768
1927.00  0.04173  0.04183  0.00957  0.80968  -231.93709  -233.76771  4.99985   768
1928.00  0.04173  0.04183  0.00935  0.80968  -232.30788  -234.18428  4.99985   768
1929.00  0.04172  0.04183  0.00974  0.80968  -231.79518  -233.72804  4.99985   768
1930.00  0.04171  0.04183  0.01032  0.80968  -230.90102  -232.83082  4.99985   768
1931.00  0.04173  0.04183  0.01099  0.80968  -229.81459  -231.74745  4.99985   768
1932.00  0.04173  0.04183  0.01133  0.80968  -229.28053  -231.18898  4.99985   768
1933.00  0.04172  0.04183  0.01126  0.80968  -229.39497  -231.27748  4.99985   768
1934.00  0.04173  0.04183  0.01085  0.80968  -229.93056  -231.76881  4.99985   768
1935.00  0.04173  0.04183  0.01025  0.80968  -230.88270  -232.70418  4.99985   768
1936.00  0.04173  0.04183  0.00966  0.80968  -231.76161  -233.60292  4.99985   768
1937.00  0.04172  0.04183  0.00932  0.80968  -232.37349  -234.26515  4.99985   768
1938.00  0.04172  0.04183  0.00944  0.80968  -232.18428  -234.12019  4.99985   768
1939.00  0.04172  0.04183  0.00992  0.80968  -231.47627  -233.42592  4.99985   768
1940.00  0.04173  0.04183  0.01062  0.80968  -230.46614  -232.42036  4.99985   768
1941.00  0.04172  0.04183  0.01123  0.80968  -229.50941  -231.44227  4.99985   768
1942.00  0.04172  0.04183  0.01142  0.80968  -229.13252  -231.01808  4.99985   768
1943.00  0.04172  0.04183  0.01125  0.80968  -229.35377  -231.21950  4.99985   768
1944.00  0.04174  0.04183  0.01070  0.80968  -230.14876  -231.97023  4.99985   768
1945.00  0.04173  0.04183  0.01006  0.80968  -231.14210  -232.95900  4.99985   768
1946.00  0.04173  0.04183  0.00950  0.80968  -232.03322  -233.85927  4.99985   768
1947.00  0.04172  0.04183  0.00935  0.80968  -232.28651  -234.16444  4.99985   768
1948.00  0.04173  0.04183  0.00967  0.80968  -231.83028  -233.74788  4.99985   768
1949.00  0.04173  0.04183  0.01029  0.80968  -230.93306  -232.88576  4.99985   768
1950.00  0.04171  0.04183  0.01091  0.80968  -229.97633  -231.90767  4.99985   768
1951.00  0.04172  0.04183  0.01121  0.80968  -229.48042  -231.39040  4.99985   768
1952.00  0.04173  0.04183  0.01116  0.80968  -229.53078  -231.40260  4.99985   768
1953.00  0.04173  0.04183  0.01075  0.80968  -230.07704  -231.89851  4.99985   768
1954.00  0.04172  0.04183  0.01017  0.80968  -230.97121  -232.81862  4.99985   768
1955.00  0.04172  0.04183  0.00952  0.80968  -232.00117  -233.83333  4.99985   768
1956.00  0.04173  0.04183  0.00925  0.80968  -232.44673  -234.32771  4.99985   768
1957.00  0.04172  0.04183  0.00933  0.80968  -232.35670  -234.25905  4.99985   768
1958.00  0.04173  0.04183  0.00979  0.80968  -231.67311  -233.61360  4.99985   768
1959.00  0.04173  0.04183  0.01035  0.80968  -230.82320  -232.73622  4.99985   768
1960.00  0.04172  0.04183  0.01091  0.80968  -229.93666  -231.85731  4.99985   768
1961.00  0.04172  0.04183  0.01104  0.80968  -229.75661  -231.64979  4.99985   768
1962.00  0.04173  0.04183  0.01082  0.80968  -229.97633  -231.82374  4.99985   768
1963.00  0.04172  0.04183  0.01035  0.80968  -230.71028  -232.51039  4.99985   768
1964.00  0.04173  0.04183  0.00974  0.80968  -231.64107  -233.46254  4.99985   768
1965.00  0.04172  0.04183  0.00933  0.80968  -232.34602  -234.20869  4.99985   768
1966.00  0.04173  0.04183  0.00928  0.80968  -232.41316  -234.30788  4.99985   768
1967.00  0.04172  0.04183  0.00964  0.80968  -231.90810  -233.82570  4.99985   768
1968.00  0.04170  0.04183  0.01029  0.80968  -230.97121  -232.93764  4.99985   768
1969.00  0.04173  0.04183  0.01082  0.80968  -230.12587  -232.04957  4.99985   768
1970.00  0.04173  0.04183  0.01112  0.80968  -229.56892  -231.47737  4.99985   768
1971.00  0.04172  0.04183  0.01115  0.80968  -229.58113  -231.46364  4.99985   768
1972.00  0.04173  0.04183  0.01080  0.80968  -230.02974  -231.87105  4.99985   768
1973.00  0.04173  0.04183  0.01026  0.80968  -230.84456  -232.68587  4.99985   768
1974.00  0.04173  0.04183  0.00969  0.80968  -231.75551  -233.60292  4.99985   768
1975.00  0.04172  0.04183  0.00942  0.80968  -232.19954  -234.07442  4.99985   768
1976.00  0.04171  0.04183  0.00952  0.80968  -232.08662  -233.99660  4.99985   768
1977.00  0.04173  0.04183  0.01004  0.80968  -231.30690  -233.22450  4.99985   768
1978.00  0.04173  0.04183  0.01059  0.80968  -230.48445  -232.40663  4.99985   768
1979.00  0.04173  0.04183  0.01105  0.80968  -229.73830  -231.64674  4.99985   768
1980.00  0.04172  0.04183  0.01102  0.80968  -229.71236  -231.56282  4.99985   768
1981.00  0.04174  0.04183  0.01082  0.80968  -229.99159  -231.84358  4.99985   768
1982.00  0.04172  0.04183  0.01042  0.80968  -230.63246  -232.46309  4.99985   768
1983.00  0.04172  0.04183  0.00980  0.80968  -231.60445  -233.44728  4.99985   768
1984.00  0.04173  0.04183  0.00940  0.80968  -232.17512  -234.02864  4.99985   768
1985.00  0.04172  0.04183  0.00927  0.80968  -232.42079  -234.29262  4.99985   768
1986.00  0.04173  0.04183  0.00960  0.80968  -232.00270  -233.94166  4.99985   768
1987.00  0.04173  0.04183  0.01020  0.80968  -231.04903  -233.00020  4.99985   768
1988.00  0.04172  0.04183  0.01077  0.80968  -230.20827  -232.16249  4.99985   768
1989.00  0.04171  0.04183  0.01108  0.80968  -229.67573  -231.57197  4.99985   768
1990.00  0.04171  0.04183  0.01083  0.80968  -230.04195  -231.91377  4.99985   768
1991.00  0.04171  0.04183  0.01045  0.80968  -230.56227  -232.42494  4.99985   768
1992.00  0.04173  0.04183  0.00986  0.80968  -231.46712  -233.27486  4.99985   768
1993.00  0.04171  0.04183  0.00937  0.80968  -232.25600  -234.09120  4.99985   768
1994.00  0.04171  0.04183  0.00915  0.80968  -232.64052  -234.49708  4.99985   768
1995.00  0.04172  0.04183  0.00942  0.80968  -232.28041  -234.19496  4.99985   768
1996.00  0.04171  0.04183  0.00987  0.80968  -231.54494  -233.46559  4.99985   768
1997.00  0.04171  0.04183  0.01050  0.80968  -230.57753  -232.50886  4.99985   768
1998.00  0.04171  0.04183  0.01096  0.80968  -229.83137  -231.72151  4.99985   768
1999.00  0.04172  0.04183  0.01099  0.80968  -229.79170  -231.66048  4.99985   768
2000.00  0.04802  0.06440  0.01048  0.80968  -230.49513  -232.31355  4.99985   768
2001.00  0.06202  0.06440  0.01186  0.80968  -228.93568  -231.20576  4.99985   768
2002.00  0.06261  0.06440  0.01539  0.80968  -223.17091  -225.22584  4.99985   768
2003.00  0.06276  0.06440  0.01411  0.80968  -224.66017  -226.26497  4.99985   768
2004.00  0.06284  0.06440  0.01537  0.80968  -223.36775  -225.58748  4.99985   768
