ASI 600A Data File
Created: Wed May  8 14:24:36 2024
A/D Sampling Rate: 1000 Hz
Comment: Mouse CP512 Cell 3
Width 0.0692
Thick 0.0346
After Activation
Width 0.0
Thick 0.0
*** Setup Parameters ***
Length Controller: 315C
Force Transducer: 406A
Initial Length: 0.0644 mm
Minimum Length: -5 Lo
Maximum Length: 5 Lo
Fiber Length: 0.0644 mm
Initial Sarcomere Length: 0 um
Diameter: 1.91919 mm
Maximum Tetanic Tension: 3 mN
Calibrate FC step size:  -20 um
Calibrate FC ramp time:  100 ms
Calibrate FC hold time:  200 ms
Force Gain-Factor:       0.6
Force Integral-Constant: 0.26 ms
Force Filter-Constant:   0.2 ms
Constant Stiffness Range: 100
dF/dL measured at Force:  34522 adu
Fiber Stiffness (adu):    0
Fiber Stiffness (mN/mm):  0
SL Gain-Factor:           0.25
SL Integral-Constant:     0.1 ms
SL Filter-Constant:       0 ms
SL Stiffness (adu):       0.3
SL Stiffness (um/mm):     1
ADC0 Offset: -28.840 mv
ADC1 Offset: -28.840 mv
DAC0 Offset: 3.336 mv
DAC1 Offset: -3.588 mv
Panel 1 size: 2
Panel 2 size: 4
Panel 3 size: 2
Panel 4 size: 5
Panel 1 signal: 0
Panel 2 signal: 1
Panel 3 signal: 2
Panel 4 signal: 6
Background (0/1): 0
Length In color:  16395263
Force  In color:  16717330
SL     In color:  16771867
Aux1   In color:  1769257
Length Out color:  255
Force  Out color:  255
Stim   Out color:  16777215
Aux2   In  color:  16747283
Length Units: um
Force Units: mN
Time Units: ms
Sarcomere Length Units: um
Scope Display1: 0
Scope Display2: 2
AUX Channels Scope Display: 0
Scope Timebase: 1
Scope Vscale:   0
Scope Lunit:    1
Scope Lmin:     0.026370
Scope Lmax:     0.026470
Scope Funit:    0
Scope Fmin:     0.157780
Scope Fmax:     0.157960
Scope AUX1_min:     10.000000
Scope AUX1_max:     16.000000
Scope AUX2_min:     8.000000
Scope AUX2_max:     14.000000
Scope L Data Scale:     1.651868
Scope F Data Scale:     0.225000
Scope AUX1 Data Scale:     1.000000
Scope AUX2 Data Scale:     1.000000
Scope SL Data Scale:     1.000000
Scope Sunit:    0
Analysis Lunit: 4
Analysis Funit: 0
Analysis Tunit: 0
Analysis Channels: 101000000010000
Analysis Readout: 1
Analysis Gaussian Filter Kernel Size (Lin):     201
Analysis Gaussian Filter Kernel Size (Fin):     50
Analysis Gaussian Filter Kernel Size (Aux1):    201
Analysis Gaussian Filter Kernel Size (Aux2):    201
Analysis Gaussian Filter Standard Deviation (Lin):     1.0
Analysis Gaussian Filter Standard Deviation (Fin):     1.0
Analysis Gaussian Filter Standard Deviation (Aux1):    1.0
Analysis Gaussian Filter Standard Deviation (Aux2):    1.0
Aux1 Name: Aux1
Aux1 Units: C
Aux1 Scale (units/volt): 100.000000
Aux1 Offset (units): 2.000000
Aux2 Name: Aux2
Aux2 Units: mv
Aux2 Scale (units/volt): 100
Aux2 Offset (units): 0
 *** Cantilever Properties ***
Cantilever Stiffness Calculation Method: 2
Cantilever Stiffness (N/m): -1.000
Cantilever Length (um): 450.000
Cantilever Thickness (um): 2.000
Cantilever Width 1 (um): 50.000
Cantilever Width 2 (um): 50.000
Cantilever Elasticity (GPa): 160.000
 *** ASI804A Test Window Properties ***
ASI804A Vscale: 0
ASI804A Timebase: 0
ASI804A Sampling Rate: 0
ASI804A Scope L_min:     999.800000
ASI804A Scope L_max:     1000.200000
ASI804A Scope F_min:     -0.040000
ASI804A Scope F_max:     0.020000
ASI804A Scope log10Rario_min:     -0.063875
ASI804A Scope log10Ratio_max:     -0.063650
ASI804A Scope L Scale Units:    4
ASI804A Scope F Scale Units:    0
ASI804A Scope L Scale:     1.000000
ASI804A Scope F Scale:     1.000000
ASI804A Scope log10Ratio Scale:     0.500000
ASI804A Data Files Directory: /home/asi/data
ASI804A Data Files Name: atp_datafile
ASI804A Font: Liberation Sans
ASI804A Font Size: 24
ASI804A pCa Combo Size: 0
ASI804A pCa Combo Active: -1
 *** Additional devices ***
ASI802D Bath Controller: 0
ASI804A ATPase Controller: 1
*** Calibration Parameters ***
Model  LOoffset  LOscale  LIoffset  LIscale  FOoffset  FOscale  FIoffset  FIscale
Number 	mm        mm/v	   mm        mm/v     mN        mN/v     mN        mN/v
308B	 0	 0.2	 0	 0.2	 0	 1	 0	 1
312C	 0	 0.15	 0	 0.15	 0	 1	 0	 1
315C	 0	 0.15	 0	 0.15	 0	 1	 0	 1
318B	 0	 0.3	 0	 0.3	 0	 1	 0	 1
322C	 0	 0.3	 0	 0.3	 0	 1	 0	 1
340A	 0	 0.005	 0	 0.005	 0	 1	 0	 1
300C	 0	 0.5	 0	 0.5	 0	 50	 0	 50
300C-LR	 0	 0.5	 0	 0.5	 0	 100	 0	 100
305C	 0	 1	 0	 1	 0	 500	 0	 500
305C-LR	 0	 1	 0	 1	 0	 1000	 0	 1000
309C	 0	 1.25	 0	 1.25	 0	 2000	 0	 2000
310C	 0	 2	 0	 2	 0	 5000	 0	 5000
310C-LR	 0	 2	 0	 2	 0	 10000	 0	 10000
???	 0	 1	 0	 1	 0	 1	 0	 1
400A	 0	 1	 0	 1	 0	 5	 0	 5
402A	 0	 1	 0	 1	 0	 50	 0	 50
403A-CF	 0	 1	 0	 1	 0	 0.2	 0	 0.2
403A	 0	 1	 0	 1	 0	 0.5	 0	 0.5
404A	 0	 1	 0	 1	 0	 10	 0	 10
405A	 0	 1	 0	 1	 0	 1	 0	 1
406A	 0	 1	 0	 1	 0.16	 0.06497	 0.16	 0.06497
407A	 0	 1	 0	 1	 0	 100	 0	 100
470A	 0	 1	 0	 1	 0	 1	 0	 1
other	 0	 1	 0	 1	 0	 1	 0	 1
none	 0	 1	 0	 1	 0	 1	 0	 1
*** Test Protocol Parameters ***
A/D Sampling Rate: 1000 Hz
Comment: Length Discrete Sine protocol for stiffness testing
Minimum Length: -5.000 (Lo)
Maximum Length: 5.000 (Lo)
PD Deadband:    0.000000 mN
Stimulus 01: 0.3 ms 100.000 Hz 10.0 ms 50.000 Hz 0.100 s
Stimulus 02: 1.2 ms 100.000 Hz 20.0 ms 2.000 Hz 100.000 s
Stimulus 03: 1.3 ms 100.000 Hz 20.0 ms 2.000 Hz 100.000 s
Stimulus 04: 1.4 ms 100.000 Hz 20.0 ms 2.000 Hz 100.000 s
Stimulus 05: 1.5 ms 100.000 Hz 20.0 ms 2.000 Hz 100.000 s
Stimulus 06: 1.6 ms 100.000 Hz 20.0 ms 2.000 Hz 100.000 s
Stimulus 07: 1.7 ms 100.000 Hz 20.0 ms 2.000 Hz 100.000 s
Stimulus 08: 1.8 ms 100.000 Hz 20.0 ms 2.000 Hz 100.000 s
Stimulus 09: 1.9 ms 100.000 Hz 20.0 ms 2.000 Hz 100.000 s
Stimulus 10: 2.2 ms 100.000 Hz 20.0 ms 2.000 Hz 100.000 s
Time (ms)	Control Function	Options
      0.0	Data-Enable		
    200.0	Length-Step		 0.65 Lo
   2000.0	Length-Step		 1 Lo
   2005.0	Data-Disable		
      0.0	Stop		
*** Force and Length Signals vs Time ***
Time (ms)  Lin (mm)  Lout (mm)  Fin (mN)  Fout (mN)  Aux1 C  Aux2 mv  SL (um)   Stimulus/Triggers
0.00  0.06403  0.06440  0.02975  0.80968  -200.87629  -202.69777  4.99985   768
1.00  0.06405  0.06440  0.02922  0.80968  -201.70942  -203.53547  4.99985   768
2.00  0.06402  0.06440  0.02878  0.80968  -202.47236  -204.32130  4.99985   768
3.00  0.06403  0.06440  0.02874  0.80968  -202.57765  -204.47542  4.99985   768
4.00  0.06403  0.06440  0.02888  0.80968  -202.27400  -204.15345  4.99985   768
5.00  0.06403  0.06440  0.02939  0.80968  -201.55989  -203.47902  4.99985   768
6.00  0.06403  0.06440  0.03001  0.80968  -200.63978  -202.54365  4.99985   768
7.00  0.06404  0.06440  0.03035  0.80968  -200.08131  -201.97908  4.99985   768
8.00  0.06402  0.06440  0.03042  0.80968  -199.88752  -201.75172  4.99985   768
9.00  0.06403  0.06440  0.03009  0.80968  -200.38344  -202.22169  4.99985   768
10.00  0.06405  0.06440  0.02965  0.80968  -201.06703  -202.91444  4.99985   768
11.00  0.06403  0.06440  0.02914  0.80968  -201.88032  -203.71400  4.99985   768
12.00  0.06403  0.06440  0.02893  0.80968  -202.27095  -204.16566  4.99985   768
13.00  0.06405  0.06440  0.02888  0.80968  -202.27553  -204.16566  4.99985   768
14.00  0.06403  0.06440  0.02928  0.80968  -201.74452  -203.68959  4.99985   768
15.00  0.06404  0.06440  0.02984  0.80968  -200.88545  -202.82136  4.99985   768
16.00  0.06403  0.06440  0.03040  0.80968  -200.05690  -201.97145  4.99985   768
17.00  0.06404  0.06440  0.03051  0.80968  -199.82954  -201.71205  4.99985   768
18.00  0.06404  0.06440  0.03029  0.80968  -200.07826  -201.92872  4.99985   768
19.00  0.06403  0.06440  0.02991  0.80968  -200.67183  -202.48872  4.99985   768
20.00  0.06404  0.06440  0.02939  0.80968  -201.45002  -203.27913  4.99985   768
21.00  0.06403  0.06440  0.02900  0.80968  -202.08784  -203.93220  4.99985   768
22.00  0.06402  0.06440  0.02896  0.80968  -202.15803  -204.02223  4.99985   768
23.00  0.06401  0.06440  0.02904  0.80968  -202.11378  -203.99934  4.99985   768
24.00  0.06404  0.06440  0.02965  0.80968  -201.22267  -203.16011  4.99985   768
25.00  0.06402  0.06440  0.03021  0.80968  -200.33766  -202.25221  4.99985   768
26.00  0.06403  0.06440  0.03044  0.80968  -199.94246  -201.82954  4.99985   768
27.00  0.06403  0.06440  0.03041  0.80968  -199.93178  -201.80970  4.99985   768
28.00  0.06405  0.06440  0.02996  0.80968  -200.59401  -202.43226  4.99985   768
29.00  0.06405  0.06440  0.02949  0.80968  -201.33253  -203.17994  4.99985   768
30.00  0.06404  0.06440  0.02885  0.80968  -202.31520  -204.15193  4.99985   768
31.00  0.06403  0.06440  0.02878  0.80968  -202.46779  -204.36250  4.99985   768
32.00  0.06403  0.06440  0.02882  0.80968  -202.46779  -204.38081  4.99985   768
33.00  0.06404  0.06440  0.02913  0.80968  -201.90321  -203.80403  4.99985   768
34.00  0.06404  0.06440  0.02973  0.80968  -201.06398  -203.02278  4.99985   768
35.00  0.06402  0.06440  0.03025  0.80968  -200.24305  -202.16523  4.99985   768
36.00  0.06403  0.06440  0.03045  0.80968  -199.89668  -201.75935  4.99985   768
37.00  0.06403  0.06440  0.03033  0.80968  -200.08894  -201.92567  4.99985   768
38.00  0.06404  0.06440  0.02987  0.80968  -200.69319  -202.49940  4.99985   768
39.00  0.06402  0.06440  0.02931  0.80968  -201.59956  -203.41035  4.99985   768
40.00  0.06404  0.06440  0.02889  0.80968  -202.22975  -204.08632  4.99985   768
41.00  0.06404  0.06440  0.02887  0.80968  -202.35487  -204.23280  4.99985   768
42.00  0.06404  0.06440  0.02909  0.80968  -201.99324  -203.92000  4.99985   768
43.00  0.06404  0.06440  0.02963  0.80968  -201.21962  -203.16163  4.99985   768
44.00  0.06404  0.06440  0.03014  0.80968  -200.39564  -202.32087  4.99985   768
45.00  0.06404  0.06440  0.03038  0.80968  -200.05385  -201.94551  4.99985   768
46.00  0.06404  0.06440  0.03039  0.80968  -200.02028  -201.90278  4.99985   768
47.00  0.06405  0.06440  0.03007  0.80968  -200.42463  -202.27205  4.99985   768
48.00  0.06404  0.06440  0.02958  0.80968  -201.19673  -203.03499  4.99985   768
49.00  0.06402  0.06440  0.02909  0.80968  -201.95356  -203.79945  4.99985   768
50.00  0.06404  0.06440  0.02879  0.80968  -202.46931  -204.35029  4.99985   768
51.00  0.06404  0.06440  0.02894  0.80968  -202.22517  -204.11989  4.99985   768
52.00  0.06405  0.06440  0.02939  0.80968  -201.58278  -203.50648  4.99985   768
53.00  0.06404  0.06440  0.02999  0.80968  -200.67030  -202.59858  4.99985   768
54.00  0.06404  0.06440  0.03039  0.80968  -200.00502  -201.89058  4.99985   768
55.00  0.06403  0.06440  0.03045  0.80968  -199.87227  -201.72578  4.99985   768
56.00  0.06405  0.06440  0.03024  0.80968  -200.19575  -202.03553  4.99985   768
57.00  0.06404  0.06440  0.02968  0.80968  -201.01820  -202.82899  4.99985   768
58.00  0.06404  0.06440  0.02914  0.80968  -201.82997  -203.66060  4.99985   768
59.00  0.06403  0.06440  0.02877  0.80968  -202.41438  -204.26790  4.99985   768
60.00  0.06404  0.06440  0.02885  0.80968  -202.37929  -204.29689  4.99985   768
61.00  0.06404  0.06440  0.02900  0.80968  -202.17634  -204.08479  4.99985   768
62.00  0.06405  0.06440  0.02957  0.80968  -201.30812  -203.26692  4.99985   768
63.00  0.06405  0.06440  0.03013  0.80968  -200.46583  -202.40175  4.99985   768
64.00  0.06405  0.06440  0.03044  0.80968  -199.93483  -201.84175  4.99985   768
65.00  0.06403  0.06440  0.03039  0.80968  -199.95466  -201.80208  4.99985   768
66.00  0.06403  0.06440  0.03009  0.80968  -200.39717  -202.25068  4.99985   768
67.00  0.06404  0.06440  0.02948  0.80968  -201.32795  -203.13722  4.99985   768
68.00  0.06403  0.06440  0.02898  0.80968  -202.09242  -203.92305  4.99985   768
69.00  0.06403  0.06440  0.02893  0.80968  -202.22517  -204.10005  4.99985   768
70.00  0.06403  0.06440  0.02892  0.80968  -202.22212  -204.09852  4.99985   768
71.00  0.06404  0.06440  0.02934  0.80968  -201.61329  -203.51716  4.99985   768
72.00  0.06403  0.06440  0.02984  0.80968  -200.89003  -202.81678  4.99985   768
73.00  0.06404  0.06440  0.03034  0.80968  -200.08894  -202.01570  4.99985   768
74.00  0.06404  0.06440  0.03044  0.80968  -199.88295  -201.75782  4.99985   768
75.00  0.06404  0.06440  0.03025  0.80968  -200.20643  -202.05690  4.99985   768
76.00  0.06404  0.06440  0.02971  0.80968  -200.96937  -202.79237  4.99985   768
77.00  0.06403  0.06440  0.02911  0.80968  -201.88490  -203.70637  4.99985   768
78.00  0.06404  0.06440  0.02880  0.80968  -202.42354  -204.30604  4.99985   768
79.00  0.06404  0.06440  0.02877  0.80968  -202.48457  -204.36403  4.99985   768
80.00  0.06405  0.06440  0.02915  0.80968  -201.97645  -203.93678  4.99985   768
81.00  0.06404  0.06440  0.02973  0.80968  -201.03651  -202.98921  4.99985   768
82.00  0.06404  0.06440  0.03023  0.80968  -200.25526  -202.17134  4.99985   768
83.00  0.06403  0.06440  0.03047  0.80968  -199.90584  -201.78224  4.99985   768
84.00  0.06404  0.06440  0.03038  0.80968  -199.95772  -201.81733  4.99985   768
85.00  0.06405  0.06440  0.02997  0.80968  -200.57264  -202.39717  4.99985   768
86.00  0.06404  0.06440  0.02942  0.80968  -201.39509  -203.20894  4.99985   768
87.00  0.06404  0.06440  0.02893  0.80968  -202.20686  -204.03291  4.99985   768
88.00  0.06404  0.06440  0.02887  0.80968  -202.33656  -204.21449  4.99985   768
89.00  0.06405  0.06440  0.02892  0.80968  -202.25416  -204.15193  4.99985   768
90.00  0.06405  0.06440  0.02948  0.80968  -201.43477  -203.37220  4.99985   768
91.00  0.06405  0.06440  0.03005  0.80968  -200.56044  -202.47804  4.99985   768
92.00  0.06405  0.06440  0.03048  0.80968  -199.89668  -201.80208  4.99985   768
93.00  0.06403  0.06440  0.03052  0.80968  -199.77461  -201.65864  4.99985   768
94.00  0.06404  0.06440  0.03033  0.80968  -200.04927  -201.91194  4.99985   768
95.00  0.06405  0.06440  0.02977  0.80968  -200.85951  -202.68098  4.99985   768
96.00  0.06403  0.06440  0.02917  0.80968  -201.82539  -203.65907  4.99985   768
97.00  0.06405  0.06440  0.02884  0.80968  -202.36708  -204.24501  4.99985   768
98.00  0.06404  0.06440  0.02885  0.80968  -202.37623  -204.27095  4.99985   768
99.00  0.06403  0.06440  0.02914  0.80968  -201.97645  -203.91237  4.99985   768
100.00  0.06404  0.06440  0.02969  0.80968  -201.17689  -203.11738  4.99985   768
101.00  0.06404  0.06440  0.03023  0.80968  -200.30256  -202.21254  4.99985   768
102.00  0.06404  0.06440  0.03044  0.80968  -199.91194  -201.78224  4.99985   768
103.00  0.06403  0.06440  0.03036  0.80968  -200.01417  -201.86006  4.99985   768
104.00  0.06405  0.06440  0.02993  0.80968  -200.66725  -202.47957  4.99985   768
105.00  0.06403  0.06440  0.02934  0.80968  -201.54158  -203.35847  4.99985   768
106.00  0.06405  0.06440  0.02896  0.80968  -202.16871  -204.00392  4.99985   768
107.00  0.06405  0.06440  0.02877  0.80968  -202.43727  -204.29689  4.99985   768
108.00  0.06405  0.06440  0.02900  0.80968  -202.15956  -204.07716  4.99985   768
109.00  0.06404  0.06440  0.02952  0.80968  -201.38136  -203.32185  4.99985   768
110.00  0.06404  0.06440  0.03010  0.80968  -200.51771  -202.45820  4.99985   768
111.00  0.06404  0.06440  0.03048  0.80968  -199.86616  -201.77919  4.99985   768
112.00  0.06404  0.06440  0.03049  0.80968  -199.80513  -201.68611  4.99985   768
113.00  0.06404  0.06440  0.03023  0.80968  -200.22474  -202.06910  4.99985   768
114.00  0.06404  0.06440  0.02977  0.80968  -200.92817  -202.77406  4.99985   768
115.00  0.06404  0.06440  0.02920  0.80968  -201.73384  -203.56752  4.99985   768
116.00  0.06404  0.06440  0.02890  0.80968  -202.30909  -204.17634  4.99985   768
117.00  0.06405  0.06440  0.02887  0.80968  -202.32435  -204.22059  4.99985   768
118.00  0.06405  0.06440  0.02928  0.80968  -201.76741  -203.68959  4.99985   768
119.00  0.06405  0.06440  0.02988  0.80968  -200.81678  -202.72828  4.99985   768
120.00  0.06403  0.06440  0.03034  0.80968  -200.10725  -202.02791  4.99985   768
121.00  0.06405  0.06440  0.03063  0.80968  -199.60981  -201.48927  4.99985   768
122.00  0.06404  0.06440  0.03052  0.80968  -199.80055  -201.63728  4.99985   768
123.00  0.06404  0.06440  0.03009  0.80968  -200.35750  -202.18202  4.99985   768
124.00  0.06405  0.06440  0.02949  0.80968  -201.28828  -203.12501  4.99985   768
125.00  0.06405  0.06440  0.02906  0.80968  -202.03749  -203.86049  4.99985   768
126.00  0.06403  0.06440  0.02890  0.80968  -202.25416  -204.12446  4.99985   768
127.00  0.06404  0.06440  0.02901  0.80968  -202.11226  -204.04054  4.99985   768
128.00  0.06404  0.06440  0.02956  0.80968  -201.31422  -203.24403  4.99985   768
129.00  0.06404  0.06440  0.03009  0.80968  -200.50093  -202.44447  4.99985   768
130.00  0.06404  0.06440  0.03038  0.80968  -200.05995  -201.97450  4.99985   768
131.00  0.06404  0.06440  0.03047  0.80968  -199.86006  -201.72731  4.99985   768
132.00  0.06403  0.06440  0.03018  0.80968  -200.28425  -202.10878  4.99985   768
133.00  0.06405  0.06440  0.02972  0.80968  -200.95717  -202.78322  4.99985   768
134.00  0.06405  0.06440  0.02921  0.80968  -201.76741  -203.61177  4.99985   768
135.00  0.06405  0.06440  0.02889  0.80968  -202.26942  -204.12294  4.99985   768
136.00  0.06404  0.06440  0.02888  0.80968  -202.31978  -204.19313  4.99985   768
137.00  0.06404  0.06440  0.02926  0.80968  -201.77809  -203.70942  4.99985   768
138.00  0.06403  0.06440  0.02989  0.80968  -200.81526  -202.73897  4.99985   768
139.00  0.06405  0.06440  0.03044  0.80968  -199.96534  -201.87227  4.99985   768
140.00  0.06404  0.06440  0.03054  0.80968  -199.73951  -201.60371  4.99985   768
141.00  0.06404  0.06440  0.03034  0.80968  -200.06147  -201.92415  4.99985   768
142.00  0.06404  0.06440  0.02988  0.80968  -200.67640  -202.49940  4.99985   768
143.00  0.06404  0.06440  0.02934  0.80968  -201.52174  -203.36915  4.99985   768
144.00  0.06405  0.06440  0.02883  0.80968  -202.35640  -204.19923  4.99985   768
145.00  0.06404  0.06440  0.02887  0.80968  -202.33809  -204.24806  4.99985   768
146.00  0.06403  0.06440  0.02897  0.80968  -202.19160  -204.10005  4.99985   768
147.00  0.06404  0.06440  0.02948  0.80968  -201.44850  -203.41035  4.99985   768
148.00  0.06404  0.06440  0.03014  0.80968  -200.42921  -202.37581  4.99985   768
149.00  0.06403  0.06440  0.03046  0.80968  -199.90278  -201.80970  4.99985   768
150.00  0.06405  0.06440  0.03036  0.80968  -200.03706  -201.90278  4.99985   768
151.00  0.06405  0.06440  0.03005  0.80968  -200.46583  -202.31782  4.99985   768
152.00  0.06403  0.06440  0.02949  0.80968  -201.31575  -203.12654  4.99985   768
153.00  0.06404  0.06440  0.02897  0.80968  -202.10310  -203.94136  4.99985   768
154.00  0.06405  0.06440  0.02888  0.80968  -202.28926  -204.14735  4.99985   768
155.00  0.06403  0.06440  0.02887  0.80968  -202.31520  -204.18702  4.99985   768
156.00  0.06404  0.06440  0.02922  0.80968  -201.86506  -203.77504  4.99985   768
157.00  0.06403  0.06440  0.02982  0.80968  -200.92054  -202.85646  4.99985   768
158.00  0.06404  0.06440  0.03039  0.80968  -200.03553  -201.95009  4.99985   768
159.00  0.06404  0.06440  0.03054  0.80968  -199.75020  -201.63118  4.99985   768
160.00  0.06403  0.06440  0.03036  0.80968  -200.02333  -201.86006  4.99985   768
161.00  0.06405  0.06440  0.02997  0.80968  -200.60164  -202.43379  4.99985   768
162.00  0.06402  0.06440  0.02936  0.80968  -201.53395  -203.36610  4.99985   768
163.00  0.06404  0.06440  0.02902  0.80968  -202.06953  -203.93373  4.99985   768
164.00  0.06404  0.06440  0.02894  0.80968  -202.22365  -204.11378  4.99985   768
165.00  0.06405  0.06440  0.02925  0.80968  -201.80250  -203.75367  4.99985   768
166.00  0.06403  0.06440  0.02975  0.80968  -201.02888  -202.95106  4.99985   768
167.00  0.06404  0.06440  0.03031  0.80968  -200.12556  -202.06147  4.99985   768
168.00  0.06405  0.06440  0.03048  0.80968  -199.82191  -201.70595  4.99985   768
169.00  0.06403  0.06440  0.03042  0.80968  -199.93635  -201.78987  4.99985   768
170.00  0.06405  0.06440  0.03015  0.80968  -200.32850  -202.16676  4.99985   768
171.00  0.06404  0.06440  0.02961  0.80968  -201.09144  -202.90071  4.99985   768
172.00  0.06402  0.06440  0.02909  0.80968  -201.91389  -203.73994  4.99985   768
173.00  0.06403  0.06440  0.02892  0.80968  -202.21602  -204.09089  4.99985   768
174.00  0.06404  0.06440  0.02895  0.80968  -202.22517  -204.12294  4.99985   768
175.00  0.06403  0.06440  0.02945  0.80968  -201.49122  -203.41340  4.99985   768
176.00  0.06405  0.06440  0.03002  0.80968  -200.61232  -202.53145  4.99985   768
177.00  0.06404  0.06440  0.03041  0.80968  -199.96382  -201.86769  4.99985   768
178.00  0.06403  0.06440  0.03051  0.80968  -199.80513  -201.70747  4.99985   768
179.00  0.06402  0.06440  0.03014  0.80968  -200.28730  -202.13777  4.99985   768
180.00  0.06404  0.06440  0.02968  0.80968  -201.03499  -202.86409  4.99985   768
181.00  0.06404  0.06440  0.02921  0.80968  -201.78267  -203.62703  4.99985   768
182.00  0.06403  0.06440  0.02887  0.80968  -202.33046  -204.19160  4.99985   768
183.00  0.06403  0.06440  0.02890  0.80968  -202.22822  -204.13209  4.99985   768
184.00  0.06404  0.06440  0.02915  0.80968  -201.94136  -203.86354  4.99985   768
185.00  0.06404  0.06440  0.02976  0.80968  -201.02278  -202.95259  4.99985   768
186.00  0.06405  0.06440  0.03029  0.80968  -200.20643  -202.11946  4.99985   768
187.00  0.06404  0.06440  0.03056  0.80968  -199.71663  -201.59303  4.99985   768
188.00  0.06403  0.06440  0.03064  0.80968  -199.58693  -201.44960  4.99985   768
189.00  0.06403  0.06440  0.03027  0.80968  -200.11946  -201.94551  4.99985   768
190.00  0.06403  0.06440  0.02967  0.80968  -201.04719  -202.87477  4.99985   768
191.00  0.06405  0.06440  0.02914  0.80968  -201.80555  -203.63771  4.99985   768
192.00  0.06404  0.06440  0.02894  0.80968  -202.19923  -204.08174  4.99985   768
193.00  0.06404  0.06440  0.02905  0.80968  -202.10005  -203.99782  4.99985   768
194.00  0.06403  0.06440  0.02941  0.80968  -201.54463  -203.47749  4.99985   768
195.00  0.06404  0.06440  0.02999  0.80968  -200.67335  -202.62605  4.99985   768
196.00  0.06404  0.06440  0.03042  0.80968  -199.97145  -201.89363  4.99985   768
197.00  0.06403  0.06440  0.03059  0.80968  -199.70747  -201.59761  4.99985   768
198.00  0.06403  0.06440  0.03040  0.80968  -199.93025  -201.77156  4.99985   768
199.00  0.06403  0.06440  0.02995  0.80968  -200.61537  -202.46888  4.99985   768
200.00  0.05798  0.04183  0.02989  0.80968  -200.85493  -202.82594  4.99985   768
201.00  0.04397  0.04183  0.02291  0.80968  -210.20857  -210.90242  4.99985   768
202.00  0.04308  0.04183  0.01349  0.80968  -225.25069  -226.41908  4.99985   768
203.00  0.04286  0.04183  0.01581  0.80968  -222.81538  -225.20906  4.99985   768
204.00  0.04271  0.04183  0.01166  0.80968  -228.23683  -229.57765  4.99985   768
205.00  0.04260  0.04183  0.00953  0.80968  -232.07594  -233.90352  4.99985   768
206.00  0.04251  0.04183  0.01250  0.80968  -227.39760  -229.33656  4.99985   768
207.00  0.04243  0.04183  0.00882  0.80968  -232.86482  -234.48488  4.99985   768
208.00  0.04232  0.04183  0.00865  0.80968  -233.59419  -235.62929  4.99985   768
209.00  0.04228  0.04183  0.00908  0.80968  -232.37959  -233.98286  4.99985   768
210.00  0.04223  0.04183  0.00630  0.80968  -236.89467  -238.72682  4.99985   768
211.00  0.04220  0.04183  0.00768  0.80968  -235.11854  -237.24062  4.99985   768
212.00  0.04217  0.04183  0.00697  0.80968  -235.72432  -237.35048  4.99985   768
213.00  0.04214  0.04183  0.00696  0.80968  -236.17903  -238.25075  4.99985   768
214.00  0.04212  0.04183  0.00930  0.80968  -232.55507  -234.60695  4.99985   768
215.00  0.04210  0.04183  0.00793  0.80968  -234.35103  -236.11299  4.99985   768
216.00  0.04208  0.04183  0.00912  0.80968  -232.89839  -234.94874  4.99985   768
217.00  0.04207  0.04183  0.00930  0.80968  -232.19191  -233.94624  4.99985   768
218.00  0.04206  0.04183  0.00747  0.80968  -235.16432  -236.99342  4.99985   768
219.00  0.04204  0.04183  0.00840  0.80968  -233.82613  -235.74220  4.99985   768
220.00  0.04203  0.04183  0.00709  0.80968  -235.56563  -237.25435  4.99985   768
221.00  0.04203  0.04183  0.00712  0.80968  -235.91048  -237.93031  4.99985   768
222.00  0.04202  0.04183  0.00824  0.80968  -234.00618  -235.91920  4.99985   768
223.00  0.04201  0.04183  0.00787  0.80968  -234.57533  -236.44868  4.99985   768
224.00  0.04200  0.04183  0.00947  0.80968  -232.31093  -234.35060  4.99985   768
225.00  0.04200  0.04183  0.00936  0.80968  -232.18581  -233.98897  4.99985   768
226.00  0.04199  0.04183  0.00895  0.80968  -232.97163  -234.88466  4.99985   768
227.00  0.04200  0.04183  0.00935  0.80968  -232.26057  -234.13393  4.99985   768
228.00  0.04200  0.04183  0.00807  0.80968  -234.15877  -235.93904  4.99985   768
229.00  0.04198  0.04183  0.00799  0.80968  -234.43190  -236.36323  4.99985   768
230.00  0.04199  0.04183  0.00775  0.80968  -234.67604  -236.50972  4.99985   768
231.00  0.04197  0.04183  0.00763  0.80968  -235.02394  -236.94917  4.99985   768
232.00  0.04198  0.04183  0.00863  0.80968  -233.48738  -235.48433  4.99985   768
233.00  0.04197  0.04183  0.00891  0.80968  -233.00825  -234.88618  4.99985   768
234.00  0.04196  0.04183  0.00949  0.80968  -232.17818  -234.14461  4.99985   768
235.00  0.04197  0.04183  0.00979  0.80968  -231.56935  -233.41981  4.99985   768
236.00  0.04196  0.04183  0.00912  0.80968  -232.61916  -234.43452  4.99985   768
237.00  0.04197  0.04183  0.00897  0.80968  -232.87093  -234.71834  4.99985   768
238.00  0.04195  0.04183  0.00824  0.80968  -233.89174  -235.67354  4.99985   768
239.00  0.04196  0.04183  0.00783  0.80968  -234.65010  -236.52803  4.99985   768
240.00  0.04196  0.04183  0.00800  0.80968  -234.39223  -236.27626  4.99985   768
241.00  0.04195  0.04183  0.00825  0.80968  -234.07637  -236.00313  4.99985   768
242.00  0.04196  0.04183  0.00911  0.80968  -232.76411  -234.73054  4.99985   768
243.00  0.04195  0.04183  0.00961  0.80968  -231.94929  -233.85774  4.99985   768
244.00  0.04195  0.04183  0.00971  0.80968  -231.80128  -233.70973  4.99985   768
245.00  0.04194  0.04183  0.00977  0.80968  -231.64870  -233.53731  4.99985   768
246.00  0.04195  0.04183  0.00922  0.80968  -232.46352  -234.31093  4.99985   768
247.00  0.04195  0.04183  0.00863  0.80968  -233.36989  -235.21883  4.99985   768
248.00  0.04194  0.04183  0.00820  0.80968  -234.03059  -235.87038  4.99985   768
249.00  0.04194  0.04183  0.00788  0.80968  -234.59212  -236.47615  4.99985   768
250.00  0.04193  0.04183  0.00828  0.80968  -233.97871  -235.93294  4.99985   768
251.00  0.04193  0.04183  0.00885  0.80968  -233.16542  -235.10286  4.99985   768
252.00  0.04193  0.04183  0.00945  0.80968  -232.22700  -234.15681  4.99985   768
253.00  0.04194  0.04183  0.00991  0.80968  -231.47475  -233.38167  4.99985   768
254.00  0.04194  0.04183  0.00998  0.80968  -231.33284  -233.21382  4.99985   768
255.00  0.04194  0.04183  0.00975  0.80968  -231.64259  -233.48695  4.99985   768
256.00  0.04194  0.04183  0.00908  0.80968  -232.65730  -234.45741  4.99985   768
257.00  0.04193  0.04183  0.00850  0.80968  -233.55452  -235.37141  4.99985   768
258.00  0.04193  0.04183  0.00809  0.80968  -234.22285  -236.09010  4.99985   768
259.00  0.04194  0.04183  0.00808  0.80968  -234.24879  -236.16792  4.99985   768
260.00  0.04193  0.04183  0.00861  0.80968  -233.50111  -235.45534  4.99985   768
261.00  0.04192  0.04183  0.00932  0.80968  -232.43758  -234.38264  4.99985   768
262.00  0.04192  0.04183  0.00980  0.80968  -231.69752  -233.63954  4.99985   768
263.00  0.04192  0.04183  0.01016  0.80968  -231.09938  -233.02156  4.99985   768
264.00  0.04192  0.04183  0.01000  0.80968  -231.25960  -233.10396  4.99985   768
265.00  0.04192  0.04183  0.00955  0.80968  -231.97371  -233.82112  4.99985   768
266.00  0.04192  0.04183  0.00895  0.80968  -232.87550  -234.70308  4.99985   768
267.00  0.04190  0.04183  0.00834  0.80968  -233.80781  -235.67201  4.99985   768
268.00  0.04191  0.04183  0.00817  0.80968  -234.13283  -236.00313  4.99985   768
269.00  0.04190  0.04183  0.00840  0.80968  -233.81087  -235.71931  4.99985   768
270.00  0.04191  0.04183  0.00895  0.80968  -233.00673  -234.94569  4.99985   768
271.00  0.04193  0.04183  0.00965  0.80968  -231.94777  -233.88521  4.99985   768
272.00  0.04191  0.04183  0.01007  0.80968  -231.21229  -233.11922  4.99985   768
273.00  0.04191  0.04183  0.01012  0.80968  -231.12685  -232.98036  4.99985   768
274.00  0.04191  0.04183  0.00978  0.80968  -231.60902  -233.45186  4.99985   768
275.00  0.04191  0.04183  0.00917  0.80968  -232.53523  -234.36128  4.99985   768
276.00  0.04191  0.04183  0.00862  0.80968  -233.34547  -235.18220  4.99985   768
277.00  0.04190  0.04183  0.00829  0.80968  -233.93141  -235.81697  4.99985   768
278.00  0.04191  0.04183  0.00836  0.80968  -233.87343  -235.79713  4.99985   768
279.00  0.04190  0.04183  0.00882  0.80968  -233.16695  -235.12270  4.99985   768
280.00  0.04191  0.04183  0.00945  0.80968  -232.22243  -234.19038  4.99985   768
281.00  0.04189  0.04183  0.01001  0.80968  -231.34199  -233.29011  4.99985   768
282.00  0.04190  0.04183  0.01025  0.80968  -230.91170  -232.80946  4.99985   768
283.00  0.04190  0.04183  0.01005  0.80968  -231.25197  -233.11616  4.99985   768
284.00  0.04191  0.04183  0.00963  0.80968  -231.79823  -233.63649  4.99985   768
285.00  0.04191  0.04183  0.00893  0.80968  -232.89839  -234.70613  4.99985   768
286.00  0.04191  0.04183  0.00842  0.80968  -233.70863  -235.55604  4.99985   768
287.00  0.04189  0.04183  0.00833  0.80968  -233.85359  -235.74220  4.99985   768
288.00  0.04191  0.04183  0.00866  0.80968  -233.39888  -235.32106  4.99985   768
289.00  0.04190  0.04183  0.00922  0.80968  -232.54591  -234.47572  4.99985   768
290.00  0.04189  0.04183  0.00993  0.80968  -231.47780  -233.41218  4.99985   768
291.00  0.04190  0.04183  0.01032  0.80968  -230.84303  -232.76216  4.99985   768
292.00  0.04188  0.04183  0.01045  0.80968  -230.62331  -232.51344  4.99985   768
293.00  0.04189  0.04183  0.01006  0.80968  -231.17415  -233.00172  4.99985   768
294.00  0.04189  0.04183  0.00944  0.80968  -232.09883  -233.92488  4.99985   768
295.00  0.04188  0.04183  0.00875  0.80968  -233.15932  -235.01131  4.99985   768
296.00  0.04189  0.04183  0.00849  0.80968  -233.63539  -235.50722  4.99985   768
297.00  0.04190  0.04183  0.00860  0.80968  -233.49959  -235.42024  4.99985   768
298.00  0.04188  0.04183  0.00910  0.80968  -232.82667  -234.77174  4.99985   768
299.00  0.04189  0.04183  0.00977  0.80968  -231.73872  -233.67921  4.99985   768
300.00  0.04188  0.04183  0.01025  0.80968  -230.99104  -232.91780  4.99985   768
301.00  0.04188  0.04183  0.01040  0.80968  -230.66756  -232.55311  4.99985   768
302.00  0.04189  0.04183  0.01017  0.80968  -231.04597  -232.89491  4.99985   768
303.00  0.04188  0.04183  0.00968  0.80968  -231.75246  -233.58308  4.99985   768
304.00  0.04189  0.04183  0.00904  0.80968  -232.70155  -234.51997  4.99985   768
305.00  0.04189  0.04183  0.00853  0.80968  -233.51027  -235.33784  4.99985   768
306.00  0.04188  0.04183  0.00835  0.80968  -233.83986  -235.73152  4.99985   768
307.00  0.04188  0.04183  0.00866  0.80968  -233.42940  -235.32869  4.99985   768
308.00  0.04186  0.04183  0.00931  0.80968  -232.44520  -234.39943  4.99985   768
309.00  0.04188  0.04183  0.00991  0.80968  -231.54799  -233.48085  4.99985   768
310.00  0.04188  0.04183  0.01029  0.80968  -230.91933  -232.85219  4.99985   768
311.00  0.04188  0.04183  0.01025  0.80968  -230.91017  -232.77742  4.99985   768
312.00  0.04189  0.04183  0.00994  0.80968  -231.38777  -233.23976  4.99985   768
313.00  0.04188  0.04183  0.00932  0.80968  -232.30635  -234.14766  4.99985   768
314.00  0.04189  0.04183  0.00876  0.80968  -233.16389  -235.01894  4.99985   768
315.00  0.04188  0.04183  0.00847  0.80968  -233.62013  -235.47975  4.99985   768
316.00  0.04187  0.04183  0.00855  0.80968  -233.62166  -235.53010  4.99985   768
317.00  0.04187  0.04183  0.00911  0.80968  -232.72597  -234.67561  4.99985   768
318.00  0.04188  0.04183  0.00979  0.80968  -231.68379  -233.63649  4.99985   768
319.00  0.04188  0.04183  0.01030  0.80968  -230.88423  -232.80946  4.99985   768
320.00  0.04187  0.04183  0.01061  0.80968  -230.39442  -232.28456  4.99985   768
321.00  0.04188  0.04183  0.01038  0.80968  -230.67976  -232.51192  4.99985   768
322.00  0.04187  0.04183  0.00988  0.80968  -231.43660  -233.25044  4.99985   768
323.00  0.04188  0.04183  0.00923  0.80968  -232.46046  -234.28041  4.99985   768
324.00  0.04187  0.04183  0.00881  0.80968  -233.11812  -234.97316  4.99985   768
325.00  0.04186  0.04183  0.00870  0.80968  -233.30733  -235.18983  4.99985   768
326.00  0.04188  0.04183  0.00908  0.80968  -232.80531  -234.73207  4.99985   768
327.00  0.04186  0.04183  0.00969  0.80968  -231.88978  -233.84248  4.99985   768
328.00  0.04188  0.04183  0.01026  0.80968  -231.01088  -232.94984  4.99985   768
329.00  0.04186  0.04183  0.01061  0.80968  -230.38985  -232.31813  4.99985   768
330.00  0.04188  0.04183  0.01055  0.80968  -230.45546  -232.34560  4.99985   768
331.00  0.04188  0.04183  0.01025  0.80968  -230.92390  -232.77437  4.99985   768
332.00  0.04188  0.04183  0.00966  0.80968  -231.74177  -233.56935  4.99985   768
333.00  0.04189  0.04183  0.00907  0.80968  -232.70613  -234.55965  4.99985   768
334.00  0.04187  0.04183  0.00871  0.80968  -233.27071  -235.13338  4.99985   768
335.00  0.04188  0.04183  0.00886  0.80968  -233.08455  -234.98842  4.99985   768
336.00  0.04188  0.04183  0.00934  0.80968  -232.34602  -234.26210  4.99985   768
337.00  0.04188  0.04183  0.00996  0.80968  -231.44270  -233.39235  4.99985   768
338.00  0.04188  0.04183  0.01042  0.80968  -230.67061  -232.58211  4.99985   768
339.00  0.04188  0.04183  0.01054  0.80968  -230.46461  -232.34102  4.99985   768
340.00  0.04186  0.04183  0.01027  0.80968  -230.80641  -232.64772  4.99985   768
341.00  0.04187  0.04183  0.00982  0.80968  -231.56020  -233.39998  4.99985   768
342.00  0.04187  0.04183  0.00925  0.80968  -232.42537  -234.26057  4.99985   768
343.00  0.04186  0.04183  0.00875  0.80968  -233.20357  -235.05250  4.99985   768
344.00  0.04186  0.04183  0.00869  0.80968  -233.33784  -235.23408  4.99985   768
345.00  0.04186  0.04183  0.00901  0.80968  -232.90449  -234.86177  4.99985   768
346.00  0.04186  0.04183  0.00960  0.80968  -231.96760  -233.92030  4.99985   768
347.00  0.04186  0.04183  0.01031  0.80968  -230.95290  -232.91322  4.99985   768
348.00  0.04186  0.04183  0.01063  0.80968  -230.39290  -232.28303  4.99985   768
349.00  0.04186  0.04183  0.01057  0.80968  -230.39748  -232.28151  4.99985   768
350.00  0.04186  0.04183  0.01012  0.80968  -231.06734  -232.90254  4.99985   768
351.00  0.04186  0.04183  0.00957  0.80968  -231.89589  -233.72041  4.99985   768
352.00  0.04186  0.04183  0.00899  0.80968  -232.79616  -234.63899  4.99985   768
353.00  0.04185  0.04183  0.00871  0.80968  -233.28596  -235.14864  4.99985   768
354.00  0.04187  0.04183  0.00892  0.80968  -233.01131  -234.91823  4.99985   768
355.00  0.04185  0.04183  0.00945  0.80968  -232.23158  -234.15529  4.99985   768
356.00  0.04186  0.04183  0.01006  0.80968  -231.30690  -233.25044  4.99985   768
357.00  0.04186  0.04183  0.01070  0.80968  -230.26472  -232.18843  4.99985   768
358.00  0.04186  0.04183  0.01075  0.80968  -230.17012  -232.04042  4.99985   768
359.00  0.04185  0.04183  0.01054  0.80968  -230.41121  -232.28303  4.99985   768
360.00  0.04186  0.04183  0.01002  0.80968  -231.23366  -233.04445  4.99985   768
361.00  0.04186  0.04183  0.00932  0.80968  -232.30177  -234.14461  4.99985   768
362.00  0.04186  0.04183  0.00894  0.80968  -232.93959  -234.82210  4.99985   768
363.00  0.04185  0.04183  0.00894  0.80968  -232.96858  -234.86787  4.99985   768
364.00  0.04186  0.04183  0.00928  0.80968  -232.50471  -234.44673  4.99985   768
365.00  0.04184  0.04183  0.00989  0.80968  -231.53426  -233.49153  4.99985   768
366.00  0.04186  0.04183  0.01043  0.80968  -230.69502  -232.62483  4.99985   768
367.00  0.04187  0.04183  0.01073  0.80968  -230.16249  -232.07704  4.99985   768
368.00  0.04185  0.04183  0.01065  0.80968  -230.30897  -232.17012  4.99985   768
369.00  0.04187  0.04183  0.01022  0.80968  -230.88881  -232.70418  4.99985   768
370.00  0.04185  0.04183  0.00956  0.80968  -231.86842  -233.67158  4.99985   768
371.00  0.04186  0.04183  0.00901  0.80968  -232.80836  -234.62373  4.99985   768
372.00  0.04186  0.04183  0.00875  0.80968  -233.23561  -235.09065  4.99985   768
373.00  0.04185  0.04183  0.00899  0.80968  -232.91518  -234.84346  4.99985   768
374.00  0.04185  0.04183  0.00950  0.80968  -232.12172  -234.05458  4.99985   768
375.00  0.04186  0.04183  0.01009  0.80968  -231.21687  -233.16194  4.99985   768
376.00  0.04185  0.04183  0.01054  0.80968  -230.53328  -232.45088  4.99985   768
377.00  0.04185  0.04183  0.01059  0.80968  -230.41731  -232.32271  4.99985   768
378.00  0.04186  0.04183  0.01024  0.80968  -230.89796  -232.73164  4.99985   768
379.00  0.04184  0.04183  0.00970  0.80968  -231.72346  -233.56477  4.99985   768
380.00  0.04185  0.04183  0.00907  0.80968  -232.69545  -234.54439  4.99985   768
381.00  0.04184  0.04183  0.00871  0.80968  -233.29970  -235.17305  4.99985   768
382.00  0.04185  0.04183  0.00873  0.80968  -233.28596  -235.19746  4.99985   768
383.00  0.04185  0.04183  0.00925  0.80968  -232.48335  -234.42384  4.99985   768
384.00  0.04187  0.04183  0.00982  0.80968  -231.64107  -233.59529  4.99985   768
385.00  0.04184  0.04183  0.01041  0.80968  -230.73012  -232.65230  4.99985   768
386.00  0.04186  0.04183  0.01070  0.80968  -230.27083  -232.17012  4.99985   768
387.00  0.04185  0.04183  0.01053  0.80968  -230.44020  -232.27540  4.99985   768
388.00  0.04184  0.04183  0.01007  0.80968  -231.13447  -232.93001  4.99985   768
389.00  0.04185  0.04183  0.00940  0.80968  -232.18733  -233.99660  4.99985   768
390.00  0.04184  0.04183  0.00891  0.80968  -232.96553  -234.80989  4.99985   768
391.00  0.04186  0.04183  0.00876  0.80968  -233.18831  -235.05708  4.99985   768
392.00  0.04184  0.04183  0.00896  0.80968  -232.95790  -234.88924  4.99985   768
393.00  0.04183  0.04183  0.00960  0.80968  -231.99202  -233.94472  4.99985   768
394.00  0.04183  0.04183  0.01029  0.80968  -230.92390  -232.87813  4.99985   768
395.00  0.04185  0.04183  0.01069  0.80968  -230.28914  -232.20674  4.99985   768
396.00  0.04183  0.04183  0.01071  0.80968  -230.19301  -232.08314  4.99985   768
397.00  0.04184  0.04183  0.01039  0.80968  -230.65840  -232.52870  4.99985   768
398.00  0.04185  0.04183  0.00984  0.80968  -231.51594  -233.34352  4.99985   768
399.00  0.04185  0.04183  0.00924  0.80968  -232.41316  -234.26820  4.99985   768
400.00  0.04183  0.04183  0.00889  0.80968  -233.01588  -234.88313  4.99985   768
401.00  0.04183  0.04183  0.00888  0.80968  -233.02504  -234.91823  4.99985   768
402.00  0.04184  0.04183  0.00930  0.80968  -232.40401  -234.32771  4.99985   768
403.00  0.04184  0.04183  0.00997  0.80968  -231.42744  -233.38167  4.99985   768
404.00  0.04185  0.04183  0.01060  0.80968  -230.38985  -232.30897  4.99985   768
405.00  0.04183  0.04183  0.01082  0.80968  -230.07094  -231.94276  4.99985   768
406.00  0.04184  0.04183  0.01060  0.80968  -230.31660  -232.15791  4.99985   768
407.00  0.04183  0.04183  0.01018  0.80968  -231.01698  -232.85219  4.99985   768
408.00  0.04184  0.04183  0.00960  0.80968  -231.90199  -233.71278  4.99985   768
409.00  0.04183  0.04183  0.00898  0.80968  -232.83125  -234.66646  4.99985   768
410.00  0.04183  0.04183  0.00882  0.80968  -233.13795  -235.03419  4.99985   768
411.00  0.04184  0.04183  0.00899  0.80968  -232.92738  -234.83278  4.99985   768
412.00  0.04183  0.04183  0.00963  0.80968  -231.97981  -233.94014  4.99985   768
413.00  0.04184  0.04183  0.01026  0.80968  -230.98799  -232.93611  4.99985   768
414.00  0.04183  0.04183  0.01071  0.80968  -230.26930  -232.18996  4.99985   768
415.00  0.04183  0.04183  0.01076  0.80968  -230.13960  -232.03279  4.99985   768
416.00  0.04184  0.04183  0.01034  0.80968  -230.76979  -232.60957  4.99985   768
417.00  0.04183  0.04183  0.00983  0.80968  -231.48543  -233.32368  4.99985   768
418.00  0.04184  0.04183  0.00921  0.80968  -232.50929  -234.32619  4.99985   768
419.00  0.04184  0.04183  0.00881  0.80968  -233.13032  -234.98079  4.99985   768
420.00  0.04184  0.04183  0.00901  0.80968  -232.85567  -234.76717  4.99985   768
421.00  0.04183  0.04183  0.00952  0.80968  -232.12935  -234.06068  4.99985   768
422.00  0.04183  0.04183  0.01008  0.80968  -231.22450  -233.16499  4.99985   768
423.00  0.04185  0.04183  0.01065  0.80968  -230.36238  -232.29982  4.99985   768
424.00  0.04184  0.04183  0.01088  0.80968  -230.00532  -231.88631  4.99985   768
425.00  0.04185  0.04183  0.01073  0.80968  -230.16859  -232.02821  4.99985   768
426.00  0.04183  0.04183  0.01023  0.80968  -230.91017  -232.73927  4.99985   768
427.00  0.04184  0.04183  0.00957  0.80968  -231.89741  -233.72194  4.99985   768
428.00  0.04183  0.04183  0.00903  0.80968  -232.74275  -234.60390  4.99985   768
429.00  0.04182  0.04183  0.00880  0.80968  -233.16389  -235.03572  4.99985   768
430.00  0.04183  0.04183  0.00915  0.80968  -232.67561  -234.62831  4.99985   768
431.00  0.04182  0.04183  0.00978  0.80968  -231.73720  -233.69600  4.99985   768
432.00  0.04183  0.04183  0.01040  0.80968  -230.77894  -232.73469  4.99985   768
433.00  0.04183  0.04183  0.01085  0.80968  -230.01295  -231.92140  4.99985   768
434.00  0.04184  0.04183  0.01081  0.80968  -230.06026  -231.92293  4.99985   768
435.00  0.04185  0.04183  0.01046  0.80968  -230.57143  -232.40816  4.99985   768
436.00  0.04183  0.04183  0.00987  0.80968  -231.44575  -233.26570  4.99985   768
437.00  0.04182  0.04183  0.00923  0.80968  -232.46046  -234.27431  4.99985   768
438.00  0.04183  0.04183  0.00891  0.80968  -232.94112  -234.79005  4.99985   768
439.00  0.04184  0.04183  0.00905  0.80968  -232.77174  -234.68324  4.99985   768
440.00  0.04183  0.04183  0.00950  0.80968  -232.14766  -234.08510  4.99985   768
441.00  0.04184  0.04183  0.01015  0.80968  -231.11769  -233.05665  4.99985   768
442.00  0.04183  0.04183  0.01071  0.80968  -230.28456  -232.20521  4.99985   768
443.00  0.04184  0.04183  0.01092  0.80968  -229.87105  -231.75813  4.99985   768
444.00  0.04182  0.04183  0.01074  0.80968  -230.14418  -232.01753  4.99985   768
445.00  0.04183  0.04183  0.01020  0.80968  -230.96205  -232.79726  4.99985   768
446.00  0.04182  0.04183  0.00950  0.80968  -231.98286  -233.81807  4.99985   768
447.00  0.04183  0.04183  0.00902  0.80968  -232.80989  -234.67409  4.99985   768
448.00  0.04183  0.04183  0.00896  0.80968  -232.90755  -234.80836  4.99985   768
449.00  0.04181  0.04183  0.00925  0.80968  -232.51997  -234.42537  4.99985   768
450.00  0.04183  0.04183  0.00983  0.80968  -231.67616  -233.62581  4.99985   768
451.00  0.04181  0.04183  0.01046  0.80968  -230.67671  -232.60652  4.99985   768
452.00  0.04183  0.04183  0.01086  0.80968  -230.00838  -231.91988  4.99985   768
453.00  0.04182  0.04183  0.01087  0.80968  -229.94276  -231.80543  4.99985   768
454.00  0.04183  0.04183  0.01049  0.80968  -230.48750  -232.31203  4.99985   768
455.00  0.04183  0.04183  0.00992  0.80968  -231.34810  -233.15889  4.99985   768
456.00  0.04185  0.04183  0.00932  0.80968  -232.30635  -234.14613  4.99985   768
457.00  0.04183  0.04183  0.00904  0.80968  -232.75038  -234.61610  4.99985   768
458.00  0.04181  0.04183  0.00919  0.80968  -232.59016  -234.50319  4.99985   768
459.00  0.04183  0.04183  0.00961  0.80968  -231.93861  -233.86842  4.99985   768
460.00  0.04184  0.04183  0.01017  0.80968  -231.12532  -233.06428  4.99985   768
461.00  0.04183  0.04183  0.01064  0.80968  -230.37916  -232.30745  4.99985   768
462.00  0.04183  0.04183  0.01088  0.80968  -229.97786  -231.89394  4.99985   768
463.00  0.04182  0.04183  0.01068  0.80968  -230.24794  -232.13197  4.99985   768
464.00  0.04182  0.04183  0.01017  0.80968  -230.96663  -232.80794  4.99985   768
465.00  0.04181  0.04183  0.00959  0.80968  -231.90657  -233.74025  4.99985   768
466.00  0.04182  0.04183  0.00915  0.80968  -232.56270  -234.42384  4.99985   768
467.00  0.04182  0.04183  0.00910  0.80968  -232.72749  -234.62678  4.99985   768
468.00  0.04183  0.04183  0.00933  0.80968  -232.35060  -234.25905  4.99985   768
469.00  0.04183  0.04183  0.00988  0.80968  -231.54494  -233.48238  4.99985   768
470.00  0.04182  0.04183  0.01055  0.80968  -230.53328  -232.47072  4.99985   768
471.00  0.04183  0.04183  0.01081  0.80968  -230.07551  -231.93666  4.99985   768
472.00  0.04183  0.04183  0.01079  0.80968  -230.04347  -231.89851  4.99985   768
473.00  0.04183  0.04183  0.01043  0.80968  -230.59431  -232.41273  4.99985   768
474.00  0.04182  0.04183  0.00986  0.80968  -231.47627  -233.28706  4.99985   768
475.00  0.04183  0.04183  0.00931  0.80968  -232.33382  -234.19801  4.99985   768
476.00  0.04183  0.04183  0.00914  0.80968  -232.65120  -234.52455  4.99985   768
477.00  0.04182  0.04183  0.00927  0.80968  -232.45436  -234.36891  4.99985   768
478.00  0.04183  0.04183  0.00975  0.80968  -231.75703  -233.71278  4.99985   768
479.00  0.04182  0.04183  0.01035  0.80968  -230.86439  -232.80336  4.99985   768
480.00  0.04182  0.04183  0.01083  0.80968  -230.06941  -232.00838  4.99985   768
481.00  0.04182  0.04183  0.01089  0.80968  -229.92903  -231.80849  4.99985   768
482.00  0.04182  0.04183  0.01069  0.80968  -230.24641  -232.09688  4.99985   768
483.00  0.04181  0.04183  0.01016  0.80968  -230.97121  -232.82777  4.99985   768
484.00  0.04182  0.04183  0.00954  0.80968  -232.00880  -233.81807  4.99985   768
485.00  0.04182  0.04183  0.00916  0.80968  -232.55965  -234.42232  4.99985   768
486.00  0.04180  0.04183  0.00921  0.80968  -232.55507  -234.43910  4.99985   768
487.00  0.04181  0.04183  0.00952  0.80968  -232.10799  -234.02406  4.99985   768
488.00  0.04182  0.04183  0.01023  0.80968  -231.02309  -232.98189  4.99985   768
489.00  0.04182  0.04183  0.01075  0.80968  -230.18843  -232.10603  4.99985   768
490.00  0.04183  0.04183  0.01097  0.80968  -229.82680  -231.70778  4.99985   768
491.00  0.04182  0.04183  0.01095  0.80968  -229.86189  -231.71388  4.99985   768
492.00  0.04182  0.04183  0.01044  0.80968  -230.56837  -232.39748  4.99985   768
493.00  0.04182  0.04183  0.00987  0.80968  -231.43660  -233.27638  4.99985   768
494.00  0.04182  0.04183  0.00932  0.80968  -232.36586  -234.21632  4.99985   768
495.00  0.04181  0.04183  0.00910  0.80968  -232.69545  -234.57338  4.99985   768
496.00  0.04181  0.04183  0.00931  0.80968  -232.42995  -234.37044  4.99985   768
497.00  0.04180  0.04183  0.00984  0.80968  -231.61818  -233.56325  4.99985   768
498.00  0.04182  0.04183  0.01047  0.80968  -230.61873  -232.55311  4.99985   768
499.00  0.04181  0.04183  0.01091  0.80968  -229.95650  -231.88325  4.99985   768
500.00  0.04182  0.04183  0.01100  0.80968  -229.74135  -231.63911  4.99985   768
501.00  0.04182  0.04183  0.01072  0.80968  -230.17317  -232.01448  4.99985   768
502.00  0.04182  0.04183  0.01017  0.80968  -230.95290  -232.77284  4.99985   768
503.00  0.04182  0.04183  0.00954  0.80968  -231.95540  -233.77840  4.99985   768
504.00  0.04181  0.04183  0.00909  0.80968  -232.67866  -234.51234  4.99985   768
505.00  0.04180  0.04183  0.00905  0.80968  -232.74733  -234.63289  4.99985   768
506.00  0.04182  0.04183  0.00947  0.80968  -232.17360  -234.09425  4.99985   768
507.00  0.04180  0.04183  0.01018  0.80968  -231.12837  -233.08565  4.99985   768
508.00  0.04183  0.04183  0.01076  0.80968  -230.13960  -232.04195  4.99985   768
509.00  0.04180  0.04183  0.01108  0.80968  -229.64217  -231.54603  4.99985   768
510.00  0.04182  0.04183  0.01088  0.80968  -229.92140  -231.79170  4.99985   768
511.00  0.04182  0.04183  0.01047  0.80968  -230.56685  -232.41731  4.99985   768
512.00  0.04182  0.04183  0.00979  0.80968  -231.53120  -233.34810  4.99985   768
513.00  0.04182  0.04183  0.00922  0.80968  -232.45436  -234.31398  4.99985   768
514.00  0.04181  0.04183  0.00903  0.80968  -232.85109  -234.74123  4.99985   768
515.00  0.04183  0.04183  0.00919  0.80968  -232.61763  -234.52913  4.99985   768
516.00  0.04180  0.04183  0.00977  0.80968  -231.69600  -233.65022  4.99985   768
517.00  0.04181  0.04183  0.01039  0.80968  -230.78810  -232.73012  4.99985   768
518.00  0.04181  0.04183  0.01091  0.80968  -229.95955  -231.88783  4.99985   768
519.00  0.04179  0.04183  0.01086  0.80968  -229.97481  -231.84053  4.99985   768
520.00  0.04181  0.04183  0.01059  0.80968  -230.35933  -232.18996  4.99985   768
521.00  0.04183  0.04183  0.01013  0.80968  -231.03529  -232.84761  4.99985   768
522.00  0.04180  0.04183  0.00950  0.80968  -232.01948  -233.84401  4.99985   768
523.00  0.04182  0.04183  0.00911  0.80968  -232.64509  -234.48793  4.99985   768
524.00  0.04181  0.04183  0.00916  0.80968  -232.64509  -234.54896  4.99985   768
525.00  0.04181  0.04183  0.00953  0.80968  -232.09273  -234.00880  4.99985   768
526.00  0.04180  0.04183  0.01019  0.80968  -231.07649  -233.03529  4.99985   768
527.00  0.04180  0.04183  0.01077  0.80968  -230.20521  -232.14723  4.99985   768
528.00  0.04182  0.04183  0.01095  0.80968  -229.83443  -231.72761  4.99985   768
529.00  0.04181  0.04183  0.01081  0.80968  -230.04500  -231.91225  4.99985   768
530.00  0.04182  0.04183  0.01043  0.80968  -230.61262  -232.46461  4.99985   768
531.00  0.04181  0.04183  0.00983  0.80968  -231.49916  -233.33742  4.99985   768
532.00  0.04181  0.04183  0.00926  0.80968  -232.37959  -234.23006  4.99985   768
533.00  0.04181  0.04183  0.00902  0.80968  -232.83888  -234.72139  4.99985   768
534.00  0.04181  0.04183  0.00919  0.80968  -232.57033  -234.47725  4.99985   768
535.00  0.04182  0.04183  0.00986  0.80968  -231.61970  -233.57851  4.99985   768
536.00  0.04180  0.04183  0.01054  0.80968  -230.50581  -232.43257  4.99985   768
537.00  0.04181  0.04183  0.01098  0.80968  -229.87715  -231.77644  4.99985   768
538.00  0.04180  0.04183  0.01100  0.80968  -229.76271  -231.61775  4.99985   768
539.00  0.04181  0.04183  0.01063  0.80968  -230.28609  -232.11977  4.99985   768
540.00  0.04180  0.04183  0.01003  0.80968  -231.19704  -233.02766  4.99985   768
541.00  0.04180  0.04183  0.00934  0.80968  -232.29567  -234.10799  4.99985   768
542.00  0.04180  0.04183  0.00906  0.80968  -232.73970  -234.61305  4.99985   768
543.00  0.04180  0.04183  0.00912  0.80968  -232.73207  -234.64815  4.99985   768
544.00  0.04180  0.04183  0.00949  0.80968  -232.17970  -234.12324  4.99985   768
545.00  0.04181  0.04183  0.01029  0.80968  -230.91322  -232.87050  4.99985   768
546.00  0.04180  0.04183  0.01078  0.80968  -230.19606  -232.12739  4.99985   768
547.00  0.04180  0.04183  0.01100  0.80968  -229.77186  -231.68489  4.99985   768
548.00  0.04181  0.04183  0.01093  0.80968  -229.84816  -231.73372  4.99985   768
549.00  0.04181  0.04183  0.01038  0.80968  -230.64772  -232.46919  4.99985   768
550.00  0.04180  0.04183  0.00963  0.80968  -231.84706  -233.64870  4.99985   768
551.00  0.04180  0.04183  0.00919  0.80968  -232.53523  -234.39332  4.99985   768
552.00  0.04180  0.04183  0.00909  0.80968  -232.72597  -234.59016  4.99985   768
553.00  0.04179  0.04183  0.00932  0.80968  -232.40401  -234.32008  4.99985   768
554.00  0.04180  0.04183  0.01001  0.80968  -231.36641  -233.31911  4.99985   768
555.00  0.04181  0.04183  0.01073  0.80968  -230.23726  -232.17012  4.99985   768
556.00  0.04181  0.04183  0.01116  0.80968  -229.52620  -231.43007  4.99985   768
557.00  0.04181  0.04183  0.01118  0.80968  -229.47432  -231.35225  4.99985   768
558.00  0.04181  0.04183  0.01075  0.80968  -230.09230  -231.92140  4.99985   768
559.00  0.04180  0.04183  0.01015  0.80968  -231.02614  -232.84303  4.99985   768
560.00  0.04181  0.04183  0.00952  0.80968  -232.00270  -233.84553  4.99985   768
561.00  0.04180  0.04183  0.00912  0.80968  -232.64509  -234.52150  4.99985   768
562.00  0.04180  0.04183  0.00924  0.80968  -232.49098  -234.41011  4.99985   768
563.00  0.04178  0.04183  0.00973  0.80968  -231.81502  -233.78145  4.99985   768
564.00  0.04180  0.04183  0.01038  0.80968  -230.77284  -232.73469  4.99985   768
565.00  0.04180  0.04183  0.01098  0.80968  -229.89699  -231.82680  4.99985   768
566.00  0.04179  0.04183  0.01127  0.80968  -229.37056  -231.28053  4.99985   768
567.00  0.04180  0.04183  0.01106  0.80968  -229.63301  -231.49415  4.99985   768
568.00  0.04180  0.04183  0.01056  0.80968  -230.40205  -232.21132  4.99985   768
569.00  0.04180  0.04183  0.00987  0.80968  -231.41218  -233.21229  4.99985   768
570.00  0.04179  0.04183  0.00937  0.80968  -232.22853  -234.06984  4.99985   768
571.00  0.04181  0.04183  0.00909  0.80968  -232.73817  -234.60542  4.99985   768
572.00  0.04181  0.04183  0.00945  0.80968  -232.20564  -234.13545  4.99985   768
573.00  0.04180  0.04183  0.00999  0.80968  -231.38777  -233.31758  4.99985   768
574.00  0.04180  0.04183  0.01068  0.80968  -230.31813  -232.24336  4.99985   768
575.00  0.04180  0.04183  0.01115  0.80968  -229.59639  -231.51857  4.99985   768
576.00  0.04179  0.04183  0.01111  0.80968  -229.59181  -231.45906  4.99985   768
577.00  0.04181  0.04183  0.01077  0.80968  -230.10298  -231.96565  4.99985   768
578.00  0.04180  0.04183  0.01009  0.80968  -231.11159  -232.93458  4.99985   768
579.00  0.04179  0.04183  0.00943  0.80968  -232.14918  -233.98439  4.99985   768
580.00  0.04180  0.04183  0.00914  0.80968  -232.62373  -234.49708  4.99985   768
581.00  0.04180  0.04183  0.00923  0.80968  -232.52150  -234.44368  4.99985   768
582.00  0.04180  0.04183  0.00971  0.80968  -231.81807  -233.77687  4.99985   768
583.00  0.04180  0.04183  0.01034  0.80968  -230.89644  -232.81404  4.99985   768
584.00  0.04180  0.04183  0.01088  0.80968  -230.02669  -231.93056  4.99985   768
585.00  0.04180  0.04183  0.01120  0.80968  -229.51704  -231.41939  4.99985   768
586.00  0.04180  0.04183  0.01097  0.80968  -229.76881  -231.62385  4.99985   768
587.00  0.04181  0.04183  0.01054  0.80968  -230.47072  -232.28761  4.99985   768
588.00  0.04180  0.04183  0.00982  0.80968  -231.50221  -233.29927  4.99985   768
589.00  0.04180  0.04183  0.00928  0.80968  -232.37196  -234.21785  4.99985   768
590.00  0.04179  0.04183  0.00930  0.80968  -232.43605  -234.32466  4.99985   768
591.00  0.04181  0.04183  0.00956  0.80968  -232.06068  -233.97676  4.99985   768
592.00  0.04180  0.04183  0.01018  0.80968  -231.09022  -233.03834  4.99985   768
593.00  0.04181  0.04183  0.01082  0.80968  -230.11519  -232.06789  4.99985   768
594.00  0.04178  0.04183  0.01115  0.80968  -229.57808  -231.48195  4.99985   768
595.00  0.04179  0.04183  0.01120  0.80968  -229.46211  -231.36140  4.99985   768
596.00  0.04179  0.04183  0.01086  0.80968  -229.97633  -231.81917  4.99985   768
597.00  0.04179  0.04183  0.01025  0.80968  -230.85982  -232.69960  4.99985   768
598.00  0.04179  0.04183  0.00959  0.80968  -231.91878  -233.74483  4.99985   768
599.00  0.04180  0.04183  0.00921  0.80968  -232.55202  -234.40553  4.99985   768
600.00  0.04179  0.04183  0.00932  0.80968  -232.37501  -234.29109  4.99985   768
601.00  0.04180  0.04183  0.00981  0.80968  -231.64107  -233.58461  4.99985   768
602.00  0.04178  0.04183  0.01048  0.80968  -230.64314  -232.57143  4.99985   768
603.00  0.04179  0.04183  0.01089  0.80968  -229.95344  -231.86342  4.99985   768
604.00  0.04179  0.04183  0.01107  0.80968  -229.65895  -231.53841  4.99985   768
605.00  0.04179  0.04183  0.01087  0.80968  -229.95192  -231.80543  4.99985   768
606.00  0.04179  0.04183  0.01031  0.80968  -230.76674  -232.58821  4.99985   768
607.00  0.04180  0.04183  0.00977  0.80968  -231.57393  -233.39235  4.99985   768
608.00  0.04180  0.04183  0.00933  0.80968  -232.30177  -234.15529  4.99985   768
609.00  0.04179  0.04183  0.00920  0.80968  -232.56728  -234.44826  4.99985   768
610.00  0.04179  0.04183  0.00942  0.80968  -232.22853  -234.16597  4.99985   768
611.00  0.04179  0.04183  0.01002  0.80968  -231.37862  -233.33894  4.99985   768
612.00  0.04179  0.04183  0.01056  0.80968  -230.48292  -232.41579  4.99985   768
613.00  0.04179  0.04183  0.01084  0.80968  -230.05873  -231.95192  4.99985   768
614.00  0.04179  0.04183  0.01090  0.80968  -229.95802  -231.84663  4.99985   768
615.00  0.04179  0.04183  0.01046  0.80968  -230.56074  -232.42036  4.99985   768
616.00  0.04179  0.04183  0.00992  0.80968  -231.37862  -233.20467  4.99985   768
617.00  0.04180  0.04183  0.00942  0.80968  -232.15681  -234.00575  4.99985   768
618.00  0.04180  0.04183  0.00914  0.80968  -232.61458  -234.48183  4.99985   768
619.00  0.04178  0.04183  0.00935  0.80968  -232.33839  -234.24531  4.99985   768
620.00  0.04179  0.04183  0.00978  0.80968  -231.71126  -233.63954  4.99985   768
621.00  0.04180  0.04183  0.01048  0.80968  -230.62025  -232.55769  4.99985   768
622.00  0.04179  0.04183  0.01098  0.80968  -229.84816  -231.74592  4.99985   768
623.00  0.04179  0.04183  0.01110  0.80968  -229.61012  -231.47432  4.99985   768
624.00  0.04179  0.04183  0.01087  0.80968  -229.98854  -231.85274  4.99985   768
625.00  0.04180  0.04183  0.01036  0.80968  -230.69807  -232.51649  4.99985   768
626.00  0.04179  0.04183  0.00975  0.80968  -231.63496  -233.46254  4.99985   768
627.00  0.04179  0.04183  0.00941  0.80968  -232.21480  -234.08205  4.99985   768
628.00  0.04179  0.04183  0.00933  0.80968  -232.35365  -234.26668  4.99985   768
629.00  0.04179  0.04183  0.00965  0.80968  -231.89284  -233.82417  4.99985   768
630.00  0.04178  0.04183  0.01031  0.80968  -230.91780  -232.88576  4.99985   768
631.00  0.04179  0.04183  0.01091  0.80968  -230.00075  -231.94276  4.99985   768
632.00  0.04178  0.04183  0.01112  0.80968  -229.61012  -231.49568  4.99985   768
633.00  0.04180  0.04183  0.01102  0.80968  -229.66963  -231.53230  4.99985   768
634.00  0.04178  0.04183  0.01061  0.80968  -230.33644  -232.16707  4.99985   768
635.00  0.04178  0.04183  0.01000  0.80968  -231.23671  -233.06581  4.99985   768
636.00  0.04178  0.04183  0.00943  0.80968  -232.13240  -233.96150  4.99985   768
637.00  0.04179  0.04183  0.00932  0.80968  -232.36128  -234.23463  4.99985   768
638.00  0.04179  0.04183  0.00955  0.80968  -232.05305  -233.96913  4.99985   768
639.00  0.04180  0.04183  0.01010  0.80968  -231.24739  -233.18025  4.99985   768
640.00  0.04179  0.04183  0.01069  0.80968  -230.29219  -232.23726  4.99985   768
641.00  0.04180  0.04183  0.01108  0.80968  -229.65742  -231.54146  4.99985   768
642.00  0.04177  0.04183  0.01121  0.80968  -229.48805  -231.38734  4.99985   768
643.00  0.04178  0.04183  0.01082  0.80968  -229.99617  -231.84206  4.99985   768
644.00  0.04179  0.04183  0.01024  0.80968  -230.88881  -232.71638  4.99985   768
645.00  0.04179  0.04183  0.00963  0.80968  -231.83180  -233.68074  4.99985   768
646.00  0.04179  0.04183  0.00923  0.80968  -232.48335  -234.35060  4.99985   768
647.00  0.04178  0.04183  0.00927  0.80968  -232.48946  -234.42232  4.99985   768
648.00  0.04178  0.04183  0.00968  0.80968  -231.86690  -233.81654  4.99985   768
649.00  0.04178  0.04183  0.01032  0.80968  -230.93153  -232.86287  4.99985   768
650.00  0.04178  0.04183  0.01088  0.80968  -229.98549  -231.92598  4.99985   768
651.00  0.04179  0.04183  0.01101  0.80968  -229.75050  -231.65132  4.99985   768
652.00  0.04179  0.04183  0.01091  0.80968  -229.86037  -231.71236  4.99985   768
653.00  0.04179  0.04183  0.01040  0.80968  -230.65687  -232.46156  4.99985   768
654.00  0.04179  0.04183  0.00980  0.80968  -231.54951  -233.37404  4.99985   768
655.00  0.04180  0.04183  0.00931  0.80968  -232.35823  -234.18886  4.99985   768
656.00  0.04178  0.04183  0.00925  0.80968  -232.47877  -234.35823  4.99985   768
657.00  0.04179  0.04183  0.00951  0.80968  -232.11561  -234.04085  4.99985   768
658.00  0.04178  0.04183  0.01014  0.80968  -231.17567  -233.11922  4.99985   768
659.00  0.04179  0.04183  0.01077  0.80968  -230.17012  -232.09840  4.99985   768
660.00  0.04178  0.04183  0.01119  0.80968  -229.52162  -231.44380  4.99985   768
661.00  0.04179  0.04183  0.01123  0.80968  -229.42702  -231.29579  4.99985   768
662.00  0.04178  0.04183  0.01089  0.80968  -229.92293  -231.77644  4.99985   768
663.00  0.04178  0.04183  0.01030  0.80968  -230.78047  -232.61873  4.99985   768
664.00  0.04178  0.04183  0.00974  0.80968  -231.68227  -233.53120  4.99985   768
665.00  0.04178  0.04183  0.00934  0.80968  -232.29719  -234.16292  4.99985   768
666.00  0.04178  0.04183  0.00943  0.80968  -232.25447  -234.17512  4.99985   768
667.00  0.04180  0.04183  0.00990  0.80968  -231.52663  -233.48695  4.99985   768
668.00  0.04179  0.04183  0.01058  0.80968  -230.49055  -232.42494  4.99985   768
669.00  0.04178  0.04183  0.01106  0.80968  -229.68947  -231.60249  4.99985   768
670.00  0.04180  0.04183  0.01131  0.80968  -229.29426  -231.17830  4.99985   768
671.00  0.04179  0.04183  0.01116  0.80968  -229.45753  -231.30037  4.99985   768
672.00  0.04178  0.04183  0.01055  0.80968  -230.40663  -232.21437  4.99985   768
673.00  0.04178  0.04183  0.00998  0.80968  -231.27486  -233.09022  4.99985   768
674.00  0.04178  0.04183  0.00944  0.80968  -232.12019  -233.96760  4.99985   768
675.00  0.04179  0.04183  0.00926  0.80968  -232.44673  -234.34145  4.99985   768
676.00  0.04178  0.04183  0.00951  0.80968  -232.09273  -234.02101  4.99985   768
677.00  0.04178  0.04183  0.01015  0.80968  -231.18178  -233.13753  4.99985   768
678.00  0.04178  0.04183  0.01073  0.80968  -230.25709  -232.20521  4.99985   768
679.00  0.04178  0.04183  0.01115  0.80968  -229.56892  -231.49568  4.99985   768
680.00  0.04178  0.04183  0.01123  0.80968  -229.41328  -231.30342  4.99985   768
681.00  0.04178  0.04183  0.01080  0.80968  -230.03432  -231.87257  4.99985   768
682.00  0.04179  0.04183  0.01022  0.80968  -230.97578  -232.82472  4.99985   768
683.00  0.04180  0.04183  0.00955  0.80968  -231.91267  -233.73567  4.99985   768
684.00  0.04178  0.04183  0.00923  0.80968  -232.49098  -234.37044  4.99985   768
685.00  0.04178  0.04183  0.00921  0.80968  -232.57185  -234.44673  4.99985   768
686.00  0.04179  0.04183  0.00966  0.80968  -231.90810  -233.83790  4.99985   768
687.00  0.04178  0.04183  0.01037  0.80968  -230.76979  -232.69350  4.99985   768
688.00  0.04177  0.04183  0.01090  0.80968  -229.94734  -231.87715  4.99985   768
689.00  0.04178  0.04183  0.01111  0.80968  -229.64217  -231.52315  4.99985   768
690.00  0.04178  0.04183  0.01096  0.80968  -229.78560  -231.64217  4.99985   768
691.00  0.04178  0.04183  0.01048  0.80968  -230.53633  -232.37001  4.99985   768
692.00  0.04179  0.04183  0.00989  0.80968  -231.44270  -233.26112  4.99985   768
693.00  0.04178  0.04183  0.00938  0.80968  -232.19038  -234.06374  4.99985   768
694.00  0.04179  0.04183  0.00932  0.80968  -232.35976  -234.26515  4.99985   768
695.00  0.04179  0.04183  0.00953  0.80968  -232.09273  -234.01796  4.99985   768
696.00  0.04179  0.04183  0.01009  0.80968  -231.24586  -233.21229  4.99985   768
697.00  0.04178  0.04183  0.01083  0.80968  -230.10145  -232.06331  4.99985   768
698.00  0.04178  0.04183  0.01120  0.80968  -229.50178  -231.40108  4.99985   768
699.00  0.04178  0.04183  0.01119  0.80968  -229.46059  -231.33546  4.99985   768
700.00  0.04178  0.04183  0.01092  0.80968  -229.86647  -231.71236  4.99985   768
701.00  0.04177  0.04183  0.01025  0.80968  -230.87813  -232.70418  4.99985   768
702.00  0.04178  0.04183  0.00973  0.80968  -231.68379  -233.51137  4.99985   768
703.00  0.04176  0.04183  0.00942  0.80968  -232.17818  -234.03017  4.99985   768
704.00  0.04178  0.04183  0.00951  0.80968  -232.11867  -234.01643  4.99985   768
705.00  0.04179  0.04183  0.00991  0.80968  -231.48238  -233.40150  4.99985   768
706.00  0.04179  0.04183  0.01060  0.80968  -230.46614  -232.40510  4.99985   768
707.00  0.04177  0.04183  0.01113  0.80968  -229.62691  -231.54298  4.99985   768
708.00  0.04179  0.04183  0.01126  0.80968  -229.38277  -231.26527  4.99985   768
709.00  0.04179  0.04183  0.01099  0.80968  -229.74135  -231.59944  4.99985   768
710.00  0.04177  0.04183  0.01048  0.80968  -230.50734  -232.34407  4.99985   768
711.00  0.04178  0.04183  0.00989  0.80968  -231.45186  -233.29927  4.99985   768
712.00  0.04177  0.04183  0.00939  0.80968  -232.22700  -234.09578  4.99985   768
713.00  0.04178  0.04183  0.00931  0.80968  -232.37196  -234.28194  4.99985   768
714.00  0.04179  0.04183  0.00956  0.80968  -232.04390  -233.96913  4.99985   768
715.00  0.04179  0.04183  0.01013  0.80968  -231.18941  -233.14516  4.99985   768
716.00  0.04177  0.04183  0.01081  0.80968  -230.13502  -232.08467  4.99985   768
717.00  0.04178  0.04183  0.01109  0.80968  -229.63759  -231.52620  4.99985   768
718.00  0.04179  0.04183  0.01113  0.80968  -229.56282  -231.44075  4.99985   768
719.00  0.04180  0.04183  0.01067  0.80968  -230.23268  -232.08467  4.99985   768
720.00  0.04178  0.04183  0.00997  0.80968  -231.25655  -233.03987  4.99985   768
721.00  0.04179  0.04183  0.00946  0.80968  -232.05458  -233.90657  4.99985   768
722.00  0.04178  0.04183  0.00916  0.80968  -232.60847  -234.46352  4.99985   768
723.00  0.04176  0.04183  0.00932  0.80968  -232.37349  -234.28651  4.99985   768
724.00  0.04177  0.04183  0.00984  0.80968  -231.56630  -233.50984  4.99985   768
725.00  0.04177  0.04183  0.01053  0.80968  -230.53023  -232.48140  4.99985   768
726.00  0.04178  0.04183  0.01095  0.80968  -229.88020  -231.78407  4.99985   768
727.00  0.04178  0.04183  0.01110  0.80968  -229.64217  -231.54146  4.99985   768
728.00  0.04177  0.04183  0.01090  0.80968  -229.90309  -231.77186  4.99985   768
729.00  0.04177  0.04183  0.01034  0.80968  -230.68587  -232.52717  4.99985   768
730.00  0.04178  0.04183  0.00968  0.80968  -231.75703  -233.60597  4.99985   768
731.00  0.04177  0.04183  0.00932  0.80968  -232.32771  -234.19496  4.99985   768
732.00  0.04178  0.04183  0.00927  0.80968  -232.47572  -234.38570  4.99985   768
733.00  0.04178  0.04183  0.00964  0.80968  -231.88521  -233.80739  4.99985   768
734.00  0.04178  0.04183  0.01026  0.80968  -230.96968  -232.93153  4.99985   768
735.00  0.04178  0.04183  0.01084  0.80968  -230.08467  -232.00227  4.99985   768
736.00  0.04175  0.04183  0.01108  0.80968  -229.69404  -231.58113  4.99985   768
737.00  0.04179  0.04183  0.01098  0.80968  -229.78712  -231.65132  4.99985   768
738.00  0.04177  0.04183  0.01061  0.80968  -230.27998  -232.12892  4.99985   768
739.00  0.04178  0.04183  0.00999  0.80968  -231.24586  -233.05055  4.99985   768
740.00  0.04178  0.04183  0.00945  0.80968  -232.10799  -233.93709  4.99985   768
741.00  0.04179  0.04183  0.00915  0.80968  -232.58559  -234.44978  4.99985   768
742.00  0.04178  0.04183  0.00937  0.80968  -232.37349  -234.31398  4.99985   768
743.00  0.04178  0.04183  0.00987  0.80968  -231.59529  -233.54951  4.99985   768
744.00  0.04178  0.04183  0.01046  0.80968  -230.65382  -232.59737  4.99985   768
745.00  0.04178  0.04183  0.01087  0.80968  -230.00380  -231.92293  4.99985   768
746.00  0.04178  0.04183  0.01107  0.80968  -229.70015  -231.62080  4.99985   768
747.00  0.04177  0.04183  0.01078  0.80968  -230.06636  -231.90309  4.99985   768
748.00  0.04178  0.04183  0.01029  0.80968  -230.79420  -232.64314  4.99985   768
749.00  0.04177  0.04183  0.00964  0.80968  -231.79671  -233.60902  4.99985   768
750.00  0.04178  0.04183  0.00920  0.80968  -232.51997  -234.39790  4.99985   768
751.00  0.04177  0.04183  0.00905  0.80968  -232.79005  -234.67103  4.99985   768
752.00  0.04177  0.04183  0.00946  0.80968  -232.16292  -234.09730  4.99985   768
753.00  0.04178  0.04183  0.00999  0.80968  -231.38777  -233.32521  4.99985   768
754.00  0.04178  0.04183  0.01056  0.80968  -230.49971  -232.41273  4.99985   768
755.00  0.04177  0.04183  0.01083  0.80968  -230.03889  -231.91835  4.99985   768
756.00  0.04178  0.04183  0.01079  0.80968  -230.05873  -231.92293  4.99985   768
757.00  0.04178  0.04183  0.01040  0.80968  -230.63551  -232.47835  4.99985   768
758.00  0.04177  0.04183  0.00981  0.80968  -231.55104  -233.37556  4.99985   768
759.00  0.04179  0.04183  0.00918  0.80968  -232.50929  -234.35670  4.99985   768
760.00  0.04176  0.04183  0.00898  0.80968  -232.89534  -234.78700  4.99985   768
761.00  0.04178  0.04183  0.00914  0.80968  -232.67256  -234.59932  4.99985   768
762.00  0.04177  0.04183  0.00966  0.80968  -231.91878  -233.87758  4.99985   768
763.00  0.04178  0.04183  0.01031  0.80968  -230.90864  -232.85982  4.99985   768
764.00  0.04178  0.04183  0.01067  0.80968  -230.29829  -232.23268  4.99985   768
765.00  0.04178  0.04183  0.01079  0.80968  -230.10298  -231.98701  4.99985   768
766.00  0.04177  0.04183  0.01062  0.80968  -230.30745  -232.15944  4.99985   768
767.00  0.04176  0.04183  0.01008  0.80968  -231.14363  -232.95747  4.99985   768
768.00  0.04178  0.04183  0.00953  0.80968  -231.98286  -233.83028  4.99985   768
769.00  0.04178  0.04183  0.00910  0.80968  -232.68782  -234.53218  4.99985   768
770.00  0.04178  0.04183  0.00918  0.80968  -232.60695  -234.48793  4.99985   768
771.00  0.04178  0.04183  0.00969  0.80968  -231.87453  -233.82112  4.99985   768
772.00  0.04178  0.04183  0.01032  0.80968  -230.86134  -232.79115  4.99985   768
773.00  0.04178  0.04183  0.01086  0.80968  -230.03126  -231.95802  4.99985   768
774.00  0.04177  0.04183  0.01105  0.80968  -229.66658  -231.56129  4.99985   768
775.00  0.04178  0.04183  0.01093  0.80968  -229.84206  -231.69557  4.99985   768
776.00  0.04177  0.04183  0.01053  0.80968  -230.47530  -232.33186  4.99985   768
777.00  0.04177  0.04183  0.00985  0.80968  -231.47322  -233.28706  4.99985   768
778.00  0.04178  0.04183  0.00942  0.80968  -232.17512  -234.05153  4.99985   768
779.00  0.04176  0.04183  0.00932  0.80968  -232.37349  -234.28804  4.99985   768
780.00  0.04178  0.04183  0.00957  0.80968  -231.99049  -233.91572  4.99985   768
781.00  0.04176  0.04183  0.01019  0.80968  -231.10243  -233.04597  4.99985   768
782.00  0.04178  0.04183  0.01075  0.80968  -230.23115  -232.16096  4.99985   768
783.00  0.04176  0.04183  0.01114  0.80968  -229.58876  -231.50789  4.99985   768
784.00  0.04176  0.04183  0.01122  0.80968  -229.45296  -231.33546  4.99985   768
785.00  0.04178  0.04183  0.01089  0.80968  -229.90309  -231.71693  4.99985   768
786.00  0.04176  0.04183  0.01024  0.80968  -230.86134  -232.66603  4.99985   768
787.00  0.04177  0.04183  0.00965  0.80968  -231.79671  -233.63039  4.99985   768
788.00  0.04177  0.04183  0.00924  0.80968  -232.43605  -234.28804  4.99985   768
789.00  0.04177  0.04183  0.00929  0.80968  -232.39638  -234.28346  4.99985   768
790.00  0.04177  0.04183  0.00984  0.80968  -231.64870  -233.59071  4.99985   768
791.00  0.04178  0.04183  0.01051  0.80968  -230.60347  -232.54549  4.99985   768
792.00  0.04178  0.04183  0.01107  0.80968  -229.73067  -231.65132  4.99985   768
793.00  0.04178  0.04183  0.01134  0.80968  -229.25917  -231.16762  4.99985   768
794.00  0.04177  0.04183  0.01127  0.80968  -229.36751  -231.24238  4.99985   768
795.00  0.04178  0.04183  0.01083  0.80968  -229.98701  -231.84511  4.99985   768
796.00  0.04177  0.04183  0.01021  0.80968  -230.94069  -232.78810  4.99985   768
797.00  0.04177  0.04183  0.00976  0.80968  -231.66090  -233.52663  4.99985   768
798.00  0.04177  0.04183  0.00967  0.80968  -231.82417  -233.72041  4.99985   768
799.00  0.04178  0.04183  0.01003  0.80968  -231.33436  -233.26723  4.99985   768
800.00  0.04177  0.04183  0.01068  0.80968  -230.33644  -232.29066  4.99985   768
801.00  0.04178  0.04183  0.01138  0.80968  -229.26680  -231.20576  4.99985   768
802.00  0.04178  0.04183  0.01188  0.80968  -228.47792  -230.38179  4.99985   768
803.00  0.04176  0.04183  0.01198  0.80968  -228.26582  -230.13612  4.99985   768
804.00  0.04177  0.04183  0.01187  0.80968  -228.43367  -230.29176  4.99985   768
805.00  0.04177  0.04183  0.01128  0.80968  -229.27748  -231.09590  4.99985   768
806.00  0.04177  0.04183  0.01068  0.80968  -230.18233  -232.01448  4.99985   768
807.00  0.04177  0.04183  0.01047  0.80968  -230.60499  -232.47224  4.99985   768
808.00  0.04176  0.04183  0.01062  0.80968  -230.40205  -232.30287  4.99985   768
809.00  0.04176  0.04183  0.01100  0.80968  -229.84053  -231.78255  4.99985   768
810.00  0.04177  0.04183  0.01175  0.80968  -228.70070  -230.64271  4.99985   768
811.00  0.04176  0.04183  0.01228  0.80968  -227.85536  -229.81111  4.99985   768
812.00  0.04175  0.04183  0.01244  0.80968  -227.58681  -229.47847  4.99985   768
813.00  0.04177  0.04183  0.01230  0.80968  -227.77144  -229.64937  4.99985   768
814.00  0.04177  0.04183  0.01177  0.80968  -228.52675  -230.35585  4.99985   768
815.00  0.04177  0.04183  0.01110  0.80968  -229.59334  -231.43159  4.99985   768
816.00  0.04176  0.04183  0.01058  0.80968  -230.35170  -232.20674  4.99985   768
817.00  0.04177  0.04183  0.01053  0.80968  -230.55159  -232.44020  4.99985   768
818.00  0.04175  0.04183  0.01082  0.80968  -230.09840  -231.99922  4.99985   768
819.00  0.04177  0.04183  0.01148  0.80968  -229.13100  -231.07301  4.99985   768
820.00  0.04175  0.04183  0.01216  0.80968  -228.06135  -229.98964  4.99985   768
821.00  0.04175  0.04183  0.01252  0.80968  -227.46016  -229.34267  4.99985   768
822.00  0.04176  0.04183  0.01253  0.80968  -227.38997  -229.24806  4.99985   768
823.00  0.04176  0.04183  0.01220  0.80968  -227.91792  -229.76839  4.99985   768
824.00  0.04176  0.04183  0.01162  0.80968  -228.73427  -230.55421  4.99985   768
825.00  0.04177  0.04183  0.01107  0.80968  -229.60707  -231.43770  4.99985   768
826.00  0.04176  0.04183  0.01089  0.80968  -229.93819  -231.82985  4.99985   768
827.00  0.04176  0.04183  0.01104  0.80968  -229.75050  -231.67726  4.99985   768
828.00  0.04176  0.04183  0.01159  0.80968  -228.92195  -230.88380  4.99985   768
829.00  0.04175  0.04183  0.01230  0.80968  -227.86909  -229.83705  4.99985   768
830.00  0.04175  0.04183  0.01297  0.80968  -226.81776  -228.78114  4.99985   768
831.00  0.04175  0.04183  0.01322  0.80968  -226.40883  -228.30202  4.99985   768
832.00  0.04176  0.04183  0.01308  0.80968  -226.56599  -228.42866  4.99985   768
833.00  0.04176  0.04183  0.01262  0.80968  -227.24959  -229.07564  4.99985   768
834.00  0.04175  0.04183  0.01197  0.80968  -228.22615  -230.06593  4.99985   768
835.00  0.04177  0.04183  0.01156  0.80968  -228.90669  -230.74953  4.99985   768
836.00  0.04176  0.04183  0.01144  0.80968  -229.08980  -230.97230  4.99985   768
837.00  0.04177  0.04183  0.01155  0.80968  -228.93263  -230.82277  4.99985   768
838.00  0.04175  0.04183  0.01207  0.80968  -228.19563  -230.11476  4.99985   768
839.00  0.04178  0.04183  0.01263  0.80968  -227.31062  -229.24654  4.99985   768
840.00  0.04176  0.04183  0.01292  0.80968  -226.87269  -228.76893  4.99985   768
841.00  0.04175  0.04183  0.01282  0.80968  -226.96425  -228.83150  4.99985   768
842.00  0.04175  0.04183  0.01237  0.80968  -227.61732  -229.42049  4.99985   768
843.00  0.04177  0.04183  0.01163  0.80968  -228.76784  -230.58626  4.99985   768
844.00  0.04177  0.04183  0.01090  0.80968  -229.90004  -231.73372  4.99985   768
845.00  0.04177  0.04183  0.01062  0.80968  -230.35628  -232.22658  4.99985   768
846.00  0.04178  0.04183  0.01050  0.80968  -230.54549  -232.44020  4.99985   768
847.00  0.04176  0.04183  0.01094  0.80968  -229.91072  -231.85426  4.99985   768
848.00  0.04176  0.04183  0.01145  0.80968  -229.17067  -231.10811  4.99985   768
849.00  0.04175  0.04183  0.01183  0.80968  -228.52675  -230.44435  4.99985   768
850.00  0.04177  0.04183  0.01186  0.80968  -228.44282  -230.31923  4.99985   768
851.00  0.04176  0.04183  0.01164  0.80968  -228.69154  -230.55116  4.99985   768
852.00  0.04177  0.04183  0.01100  0.80968  -229.71846  -231.52467  4.99985   768
853.00  0.04177  0.04183  0.01042  0.80968  -230.62483  -232.45851  4.99985   768
854.00  0.04178  0.04183  0.00986  0.80968  -231.49763  -233.32979  4.99985   768
855.00  0.04176  0.04183  0.00971  0.80968  -231.75551  -233.62123  4.99985   768
856.00  0.04176  0.04183  0.01005  0.80968  -231.28859  -233.19856  4.99985   768
857.00  0.04175  0.04183  0.01051  0.80968  -230.57753  -232.50886  4.99985   768
858.00  0.04177  0.04183  0.01103  0.80968  -229.72914  -231.64674  4.99985   768
859.00  0.04176  0.04183  0.01124  0.80968  -229.41481  -231.30647  4.99985   768
860.00  0.04177  0.04183  0.01103  0.80968  -229.70167  -231.56892  4.99985   768
861.00  0.04176  0.04183  0.01048  0.80968  -230.49971  -232.33644  4.99985   768
862.00  0.04175  0.04183  0.00980  0.80968  -231.56782  -233.39387  4.99985   768
863.00  0.04178  0.04183  0.00911  0.80968  -232.65120  -234.47572  4.99985   768
864.00  0.04176  0.04183  0.00875  0.80968  -233.21883  -235.09523  4.99985   768
865.00  0.04175  0.04183  0.00878  0.80968  -233.22340  -235.13795  4.99985   768
866.00  0.04177  0.04183  0.00907  0.80968  -232.76869  -234.69392  4.99985   768
867.00  0.04177  0.04183  0.00958  0.80968  -231.98134  -233.92335  4.99985   768
868.00  0.04177  0.04183  0.00987  0.80968  -231.52663  -233.41218  4.99985   768
869.00  0.04176  0.04183  0.00974  0.80968  -231.68379  -233.52357  4.99985   768
870.00  0.04176  0.04183  0.00935  0.80968  -232.23311  -234.05305  4.99985   768
871.00  0.04177  0.04183  0.00853  0.80968  -233.49196  -235.29359  4.99985   768
872.00  0.04176  0.04183  0.00780  0.80968  -234.63332  -236.43953  4.99985   768
873.00  0.04178  0.04183  0.00719  0.80968  -235.59309  -237.40694  4.99985   768
874.00  0.04177  0.04183  0.00706  0.80968  -235.82350  -237.71669  4.99985   768
875.00  0.04177  0.04183  0.00741  0.80968  -235.34437  -237.25893  4.99985   768
876.00  0.04175  0.04183  0.00787  0.80968  -234.64705  -236.59669  4.99985   768
877.00  0.04176  0.04183  0.00841  0.80968  -233.81239  -235.74373  4.99985   768
878.00  0.04176  0.04183  0.00872  0.80968  -233.29970  -235.20204  4.99985   768
879.00  0.04175  0.04183  0.00854  0.80968  -233.51637  -235.37599  4.99985   768
880.00  0.04177  0.04183  0.00807  0.80968  -234.26405  -236.10078  4.99985   768
881.00  0.04175  0.04183  0.00760  0.80968  -234.95985  -236.82405  4.99985   768
882.00  0.04176  0.04183  0.00729  0.80968  -235.46645  -237.33217  4.99985   768
883.00  0.04176  0.04183  0.00723  0.80968  -235.60377  -237.50459  4.99985   768
884.00  0.04176  0.04183  0.00791  0.80968  -234.61500  -236.57381  4.99985   768
885.00  0.04177  0.04183  0.00907  0.80968  -232.84804  -234.86330  4.99985   768
886.00  0.04175  0.04183  0.01080  0.80968  -230.29372  -232.34865  4.99985   768
887.00  0.04177  0.04183  0.01217  0.80968  -228.05525  -230.03847  4.99985   768
888.00  0.04176  0.04183  0.01393  0.80968  -225.60164  -227.77101  4.99985   768
889.00  0.04176  0.04183  0.01742  0.80968  -219.92689  -221.87196  4.99985   768
890.00  0.04177  0.04183  0.01513  0.80968  -223.39369  -225.18922  4.99985   768
891.00  0.04176  0.04183  0.01708  0.80968  -220.76308  -222.91719  4.99985   768
892.00  0.04175  0.04183  0.01660  0.80968  -220.82564  -222.37550  4.99985   768
893.00  0.04177  0.04183  0.01631  0.80968  -221.89833  -224.03108  4.99985   768
894.00  0.04176  0.04183  0.01876  0.80968  -217.96766  -220.01802  4.99985   768
895.00  0.04176  0.04183  0.01723  0.80968  -220.09932  -221.82924  4.99985   768
896.00  0.04175  0.04183  0.01955  0.80968  -216.89955  -219.08266  4.99985   768
897.00  0.04177  0.04183  0.01976  0.80968  -216.19307  -217.94740  4.99985   768
898.00  0.04177  0.04183  0.01853  0.80968  -218.33082  -220.27742  4.99985   768
899.00  0.04176  0.04183  0.01973  0.80968  -216.34871  -218.20833  4.99985   768
900.00  0.04177  0.04183  0.01775  0.80968  -219.25093  -220.91524  4.99985   768
901.00  0.04178  0.04183  0.01794  0.80968  -219.24635  -221.27534  4.99985   768
902.00  0.04176  0.04183  0.01780  0.80968  -219.18379  -220.92897  4.99985   768
903.00  0.04177  0.04183  0.01706  0.80968  -220.56929  -222.47468  4.99985   768
904.00  0.04176  0.04183  0.01879  0.80968  -217.90968  -219.92494  4.99985   768
905.00  0.04176  0.04183  0.01839  0.80968  -218.37965  -220.18434  4.99985   768
906.00  0.04176  0.04183  0.01914  0.80968  -217.40309  -219.40919  4.99985   768
907.00  0.04176  0.04183  0.01957  0.80968  -216.53944  -218.36702  4.99985   768
908.00  0.04176  0.04183  0.01850  0.80968  -218.17671  -220.01192  4.99985   768
909.00  0.04176  0.04183  0.01861  0.80968  -218.07905  -219.96004  4.99985   768
910.00  0.04177  0.04183  0.01744  0.80968  -219.72243  -221.46455  4.99985   768
911.00  0.04176  0.04183  0.01720  0.80968  -220.33888  -222.26564  4.99985   768
912.00  0.04177  0.04183  0.01747  0.80968  -219.79872  -221.68886  4.99985   768
913.00  0.04177  0.04183  0.01734  0.80968  -220.10542  -222.01387  4.99985   768
914.00  0.04177  0.04183  0.01830  0.80968  -218.68025  -220.67262  4.99985   768
915.00  0.04176  0.04183  0.01865  0.80968  -218.04396  -219.90816  4.99985   768
916.00  0.04176  0.04183  0.01886  0.80968  -217.76930  -219.70674  4.99985   768
917.00  0.04175  0.04183  0.01903  0.80968  -217.43666  -219.29780  4.99985   768
918.00  0.04176  0.04183  0.01810  0.80968  -218.80537  -220.59938  4.99985   768
919.00  0.04176  0.04183  0.01776  0.80968  -219.34706  -221.20668  4.99985   768
920.00  0.04176  0.04183  0.01728  0.80968  -220.04439  -221.85975  4.99985   768
921.00  0.04177  0.04183  0.01692  0.80968  -220.71120  -222.56929  4.99985   768
922.00  0.04176  0.04183  0.01737  0.80968  -220.03218  -221.93757  4.99985   768
923.00  0.04175  0.04183  0.01766  0.80968  -219.60188  -221.50880  4.99985   768
924.00  0.04176  0.04183  0.01834  0.80968  -218.56276  -220.52614  4.99985   768
925.00  0.04176  0.04183  0.01884  0.80968  -217.76320  -219.66707  4.99985   768
926.00  0.04176  0.04183  0.01873  0.80968  -217.91731  -219.80134  4.99985   768
927.00  0.04176  0.04183  0.01860  0.80968  -218.07295  -219.93257  4.99985   768
928.00  0.04176  0.04183  0.01785  0.80968  -219.18532  -221.00831  4.99985   768
929.00  0.04176  0.04183  0.01724  0.80968  -220.16188  -222.01539  4.99985   768
930.00  0.04176  0.04183  0.01701  0.80968  -220.55861  -222.42891  4.99985   768
931.00  0.04176  0.04183  0.01696  0.80968  -220.65626  -222.56319  2.62276   768
932.00  0.04176  0.04183  0.01754  0.80968  -219.83534  -221.79109  1.60400   768
933.00  0.04177  0.04183  0.01806  0.80968  -218.96559  -220.89235  1.60400   768
934.00  0.04177  0.04183  0.01854  0.80968  -218.23317  -220.17213  1.60400   768
935.00  0.04176  0.04183  0.01886  0.80968  -217.72658  -219.61366  1.60400   768
936.00  0.04176  0.04183  0.01861  0.80968  -218.03175  -219.87306  1.60400   768
937.00  0.04176  0.04183  0.01816  0.80968  -218.73366  -220.54750  1.60400   768
938.00  0.04174  0.04183  0.01743  0.80968  -219.74074  -221.53169  1.60400   768
939.00  0.04175  0.04183  0.01682  0.80968  -220.81190  -222.65169  1.60400   768
940.00  0.04177  0.04183  0.01683  0.80968  -220.81953  -222.69441  1.60400   768
941.00  0.04176  0.04183  0.01707  0.80968  -220.56624  -222.48384  1.60400   768
942.00  0.04176  0.04183  0.01762  0.80968  -219.64918  -221.59730  1.44214   768
943.00  0.04175  0.04183  0.01816  0.80968  -218.84047  -220.76570  1.33423   768
944.00  0.04175  0.04183  0.01852  0.80968  -218.24995  -220.18281  1.33423   768
945.00  0.04175  0.04183  0.01857  0.80968  -218.14162  -220.00276  1.33423   768
946.00  0.04177  0.04183  0.01830  0.80968  -218.49257  -220.37202  1.33423   768
947.00  0.04175  0.04183  0.01774  0.80968  -219.39436  -221.20973  1.33423   768
948.00  0.04175  0.04183  0.01704  0.80968  -220.42738  -222.25801  1.33423   768
949.00  0.04175  0.04183  0.01667  0.80968  -221.06520  -222.93855  1.33423   768
950.00  0.04174  0.04183  0.01684  0.80968  -220.85158  -222.76613  1.33423   768
951.00  0.04177  0.04183  0.01727  0.80968  -220.17561  -222.10542  1.33423   768
952.00  0.04175  0.04183  0.01774  0.80968  -219.48134  -221.42335  1.33423   768
953.00  0.04176  0.04183  0.01823  0.80968  -218.72603  -220.62990  1.38885   768
954.00  0.04177  0.04183  0.01841  0.80968  -218.37813  -220.26369  1.44348   768
955.00  0.04175  0.04183  0.01841  0.80968  -218.35371  -220.22859  1.44348   768
956.00  0.04175  0.04183  0.01796  0.80968  -219.02510  -220.85420  1.44348   768
957.00  0.04176  0.04183  0.01732  0.80968  -219.98640  -221.78346  1.44348   768
958.00  0.04176  0.04183  0.01678  0.80968  -220.85921  -222.70357  1.44348   768
959.00  0.04175  0.04183  0.01661  0.80968  -221.18269  -223.07283  1.44348   768
960.00  0.04176  0.04183  0.01703  0.80968  -220.54487  -222.47774  1.44348   768
961.00  0.04176  0.04183  0.01742  0.80968  -219.95589  -221.87044  1.44348   768
962.00  0.04176  0.04183  0.01790  0.80968  -219.24940  -221.19142  1.44348   768
963.00  0.04175  0.04183  0.01814  0.80968  -218.86336  -220.79011  1.44348   768
964.00  0.04175  0.04183  0.01819  0.80968  -218.72297  -220.59633  1.44328   768
965.00  0.04177  0.04183  0.01807  0.80968  -218.90608  -220.78401  1.44302   768
966.00  0.04176  0.04183  0.01766  0.80968  -219.48591  -221.31654  1.44302   768
967.00  0.04177  0.04183  0.01702  0.80968  -220.50368  -222.31752  1.44302   768
968.00  0.04175  0.04183  0.01657  0.80968  -221.22542  -223.06367  1.44302   768
969.00  0.04177  0.04183  0.01667  0.80968  -221.08809  -222.97975  1.44302   768
970.00  0.04176  0.04183  0.01726  0.80968  -220.20766  -222.14967  1.44302   768
971.00  0.04176  0.04183  0.01790  0.80968  -219.24940  -221.17464  1.44302   768
972.00  0.04175  0.04183  0.01832  0.80968  -218.54750  -220.44679  1.44302   768
973.00  0.04175  0.04183  0.01827  0.80968  -218.58870  -220.43306  1.44302   768
974.00  0.04176  0.04183  0.01805  0.80968  -218.88777  -220.74281  1.44302   768
975.00  0.04175  0.04183  0.01763  0.80968  -219.53474  -221.37300  1.40772   768
976.00  0.04176  0.04183  0.01717  0.80968  -220.31752  -222.16646  1.34216   768
977.00  0.04175  0.04183  0.01674  0.80968  -220.92329  -222.76460  1.34216   768
978.00  0.04175  0.04183  0.01648  0.80968  -221.36275  -223.23915  1.34216   768
979.00  0.04176  0.04183  0.01683  0.80968  -220.88667  -222.83632  1.34216   768
980.00  0.04175  0.04183  0.01735  0.80968  -220.11305  -222.06422  1.34216   768
981.00  0.04176  0.04183  0.01802  0.80968  -219.06019  -221.00831  1.34216   768
982.00  0.04176  0.04183  0.01833  0.80968  -218.52461  -220.41780  1.34216   768
983.00  0.04176  0.04183  0.01834  0.80968  -218.47578  -220.35676  1.34216   768
984.00  0.04175  0.04183  0.01795  0.80968  -219.05256  -220.88777  1.34216   768
985.00  0.04176  0.04183  0.01731  0.80968  -220.00777  -221.81398  1.34216   768
986.00  0.04177  0.04183  0.01675  0.80968  -220.86683  -222.70509  1.36288   768
987.00  0.04177  0.04183  0.01649  0.80968  -221.36427  -223.21321  1.44577   768
988.00  0.04176  0.04183  0.01660  0.80968  -221.15675  -223.04994  1.44577   768
989.00  0.04176  0.04183  0.01709  0.80968  -220.47774  -222.41670  1.44577   768
990.00  0.04175  0.04183  0.01769  0.80968  -219.54085  -221.46760  1.44577   768
991.00  0.04175  0.04183  0.01811  0.80968  -218.87556  -220.79011  1.44577   768
992.00  0.04176  0.04183  0.01826  0.80968  -218.64363  -220.52461  1.44577   768
993.00  0.04175  0.04183  0.01795  0.80968  -219.06477  -220.91524  1.44577   768
994.00  0.04174  0.04183  0.01744  0.80968  -219.84144  -221.69801  1.44577   768
995.00  0.04176  0.04183  0.01678  0.80968  -220.85921  -222.68526  1.44577   768
996.00  0.04175  0.04183  0.01645  0.80968  -221.37800  -223.25746  1.44577   768
997.00  0.04176  0.04183  0.01650  0.80968  -221.37190  -223.27730  1.45525   768
998.00  0.04176  0.04183  0.01673  0.80968  -220.98891  -222.90651  1.63528   768
999.00  0.04175  0.04183  0.01729  0.80968  -220.23054  -222.17866  1.63528   768
1000.00  0.04175  0.04183  0.01786  0.80968  -219.29060  -221.21583  1.63528   768
1001.00  0.04174  0.04183  0.01821  0.80968  -218.75502  -220.65278  1.63528   768
1002.00  0.04177  0.04183  0.01825  0.80968  -218.61311  -220.46968  1.63528   768
1003.00  0.04176  0.04183  0.01776  0.80968  -219.34096  -221.15938  1.63528   768
1004.00  0.04176  0.04183  0.01714  0.80968  -220.28700  -222.10084  1.63528   768
1005.00  0.04173  0.04183  0.01644  0.80968  -221.34596  -223.15828  1.63528   768
1006.00  0.04176  0.04183  0.01623  0.80968  -221.76253  -223.62977  1.63528   768
1007.00  0.04176  0.04183  0.01652  0.80968  -221.36122  -223.28645  1.63528   768
1008.00  0.04175  0.04183  0.01706  0.80968  -220.50978  -222.45332  1.62051   768
1009.00  0.04176  0.04183  0.01766  0.80968  -219.63850  -221.57594  1.33987   768
1010.00  0.04176  0.04183  0.01802  0.80968  -219.01137  -220.91676  1.33987   768
1011.00  0.04175  0.04183  0.01804  0.80968  -218.96712  -220.85878  1.33987   768
1012.00  0.04175  0.04183  0.01784  0.80968  -219.21889  -221.08461  1.33987   768
1013.00  0.04176  0.04183  0.01738  0.80968  -219.90858  -221.76515  1.33987   768
1014.00  0.04175  0.04183  0.01683  0.80968  -220.77376  -222.62727  1.33987   768
1015.00  0.04175  0.04183  0.01651  0.80968  -221.30324  -223.15217  1.33987   768
1016.00  0.04177  0.04183  0.01646  0.80968  -221.40089  -223.31087  1.33987   768
1017.00  0.04176  0.04183  0.01688  0.80968  -220.77528  -222.71730  1.33987   768
1018.00  0.04174  0.04183  0.01747  0.80968  -219.88569  -221.80482  1.33987   768
1019.00  0.04176  0.04183  0.01794  0.80968  -219.13801  -221.05104  1.33987   768
1020.00  0.04175  0.04183  0.01821  0.80968  -218.70314  -220.60090  1.34234   768
1021.00  0.04176  0.04183  0.01818  0.80968  -218.74281  -220.57649  1.34247   768
1022.00  0.04174  0.04183  0.01780  0.80968  -219.26314  -221.10902  1.34247   768
1023.00  0.04177  0.04183  0.01717  0.80968  -220.21986  -222.01845  1.34247   768
1024.00  0.04176  0.04183  0.01650  0.80968  -221.27272  -223.09419  1.34247   768
1025.00  0.04174  0.04183  0.01622  0.80968  -221.73811  -223.61909  1.34247   768
1026.00  0.04176  0.04183  0.01633  0.80968  -221.64351  -223.53364  1.34247   768
1027.00  0.04175  0.04183  0.01703  0.80968  -220.58455  -222.56166  1.34247   768
1028.00  0.04175  0.04183  0.01774  0.80968  -219.48134  -221.44319  1.34247   768
1029.00  0.04175  0.04183  0.01816  0.80968  -218.84505  -220.76417  1.34247   768
1030.00  0.04175  0.04183  0.01809  0.80968  -218.81300  -220.71229  1.34247   768
1031.00  0.04176  0.04183  0.01773  0.80968  -219.41420  -221.26619  1.54694   768
1032.00  0.04174  0.04183  0.01725  0.80968  -220.15272  -221.98030  1.59805   768
1033.00  0.04175  0.04183  0.01672  0.80968  -220.93855  -222.76460  1.59805   768
1034.00  0.04176  0.04183  0.01638  0.80968  -221.49397  -223.35969  1.59805   768
1035.00  0.04175  0.04183  0.01640  0.80968  -221.49245  -223.37648  1.59805   768
1036.00  0.04175  0.04183  0.01666  0.80968  -221.15370  -223.06367  1.59805   768
1037.00  0.04175  0.04183  0.01738  0.80968  -220.05659  -222.00471  1.59805   768
1038.00  0.04175  0.04183  0.01797  0.80968  -219.10597  -221.01594  1.59805   768
1039.00  0.04175  0.04183  0.01829  0.80968  -218.56581  -220.45137  1.59805   768
1040.00  0.04174  0.04183  0.01821  0.80968  -218.67872  -220.52919  1.59805   768
1041.00  0.04175  0.04183  0.01770  0.80968  -219.42793  -221.25093  1.59805   768
1042.00  0.04175  0.04183  0.01706  0.80968  -220.38008  -222.18782  1.51702   768
1043.00  0.04174  0.04183  0.01647  0.80968  -221.32765  -223.17506  1.47339   768
1044.00  0.04175  0.04183  0.01638  0.80968  -221.54127  -223.44362  1.47339   768
1045.00  0.04176  0.04183  0.01649  0.80968  -221.37800  -223.30476  1.47339   768
1046.00  0.04175  0.04183  0.01705  0.80968  -220.55098  -222.52504  1.47339   768
1047.00  0.04176  0.04183  0.01759  0.80968  -219.69343  -221.64308  1.47339   768
1048.00  0.04175  0.04183  0.01807  0.80968  -218.95491  -220.88319  1.47339   768
1049.00  0.04175  0.04183  0.01820  0.80968  -218.72145  -220.61769  1.47339   768
1050.00  0.04175  0.04183  0.01789  0.80968  -219.13954  -220.99306  1.47339   768
1051.00  0.04174  0.04183  0.01737  0.80968  -219.93757  -221.75752  1.47339   768
1052.00  0.04175  0.04183  0.01673  0.80968  -220.92329  -222.73561  1.47339   768
1053.00  0.04175  0.04183  0.01633  0.80968  -221.55653  -223.41615  1.44919   768
1054.00  0.04175  0.04183  0.01629  0.80968  -221.65114  -223.53059  1.43616   768
1055.00  0.04174  0.04183  0.01668  0.80968  -221.08656  -223.00874  1.43616   768
1056.00  0.04177  0.04183  0.01727  0.80968  -220.22749  -222.14357  1.43616   768
1057.00  0.04175  0.04183  0.01778  0.80968  -219.39741  -221.31807  1.43616   768
1058.00  0.04176  0.04183  0.01800  0.80968  -219.04036  -220.93965  1.43616   768
1059.00  0.04175  0.04183  0.01793  0.80968  -219.11360  -220.97780  1.43616   768
1060.00  0.04175  0.04183  0.01748  0.80968  -219.78651  -221.61714  1.43616   768
1061.00  0.04174  0.04183  0.01682  0.80968  -220.80733  -222.65169  1.43616   768
1062.00  0.04175  0.04183  0.01632  0.80968  -221.57027  -223.40700  1.43616   768
1063.00  0.04175  0.04183  0.01616  0.80968  -221.86476  -223.76863  1.43616   768
1064.00  0.04175  0.04183  0.01642  0.80968  -221.51533  -223.43446  1.54937   768
1065.00  0.04175  0.04183  0.01693  0.80968  -220.72951  -222.65626  1.64200   768
1066.00  0.04175  0.04183  0.01747  0.80968  -219.92232  -221.89027  1.64200   768
1067.00  0.04174  0.04183  0.01791  0.80968  -219.17921  -221.08766  1.64200   768
1068.00  0.04175  0.04183  0.01798  0.80968  -219.07240  -220.94270  1.64200   768
1069.00  0.04175  0.04183  0.01783  0.80968  -219.25703  -221.09071  1.64200   768
1070.00  0.04174  0.04183  0.01721  0.80968  -220.14204  -221.95436  1.64200   768
1071.00  0.04175  0.04183  0.01665  0.80968  -221.05757  -222.87904  1.64200   768
1072.00  0.04176  0.04183  0.01617  0.80968  -221.78236  -223.61452  1.64200   768
1073.00  0.04176  0.04183  0.01621  0.80968  -221.78236  -223.68013  1.64200   768
1074.00  0.04175  0.04183  0.01669  0.80968  -221.07588  -223.03316  1.64200   768
1075.00  0.04175  0.04183  0.01726  0.80968  -220.25191  -222.16340  1.52151   768
1076.00  0.04175  0.04183  0.01775  0.80968  -219.46303  -221.39284  1.34079   768
1077.00  0.04174  0.04183  0.01797  0.80968  -219.07088  -220.98085  1.34079   768
1078.00  0.04175  0.04183  0.01782  0.80968  -219.25551  -221.10902  1.34079   768
1079.00  0.04175  0.04183  0.01744  0.80968  -219.88264  -221.73921  1.34079   768
1080.00  0.04176  0.04183  0.01691  0.80968  -220.62727  -222.47316  1.34079   768
1081.00  0.04173  0.04183  0.01644  0.80968  -221.41157  -223.26356  1.34079   768
1082.00  0.04176  0.04183  0.01632  0.80968  -221.59621  -223.48634  1.34079   768
1083.00  0.04176  0.04183  0.01651  0.80968  -221.35817  -223.26204  1.34079   768
1084.00  0.04175  0.04183  0.01697  0.80968  -220.66694  -222.59675  1.34079   768
1085.00  0.04175  0.04183  0.01761  0.80968  -219.67970  -221.62019  1.34079   768
1086.00  0.04174  0.04183  0.01790  0.80968  -219.17769  -221.07240  1.38080   768
1087.00  0.04175  0.04183  0.01799  0.80968  -219.01442  -220.88472  1.47415   768
1088.00  0.04176  0.04183  0.01770  0.80968  -219.44624  -221.27229  1.47415   768
1089.00  0.04175  0.04183  0.01712  0.80968  -220.33125  -222.14662  1.47415   768
1090.00  0.04174  0.04183  0.01662  0.80968  -221.12166  -222.96449  1.47415   768
1091.00  0.04176  0.04183  0.01629  0.80968  -221.61452  -223.47261  1.47415   768
1092.00  0.04175  0.04183  0.01628  0.80968  -221.68318  -223.57942  1.47415   768
1093.00  0.04174  0.04183  0.01667  0.80968  -221.12318  -223.07283  1.47415   768
1094.00  0.04174  0.04183  0.01727  0.80968  -220.18629  -222.12831  1.47415   768
1095.00  0.04175  0.04183  0.01765  0.80968  -219.62630  -221.54695  1.47415   768
1096.00  0.04174  0.04183  0.01793  0.80968  -219.16243  -221.06019  1.47415   768
1097.00  0.04175  0.04183  0.01771  0.80968  -219.39741  -221.26466  1.47518   768
1098.00  0.04175  0.04183  0.01728  0.80968  -220.09474  -221.95894  1.47827   768
1099.00  0.04175  0.04183  0.01672  0.80968  -220.94618  -222.78749  1.47827   768
1100.00  0.04175  0.04183  0.01635  0.80968  -221.53975  -223.39631  1.47827   768
1101.00  0.04175  0.04183  0.01622  0.80968  -221.76710  -223.64656  1.47827   768
1102.00  0.04175  0.04183  0.01648  0.80968  -221.39021  -223.31239  1.47827   768
1103.00  0.04174  0.04183  0.01708  0.80968  -220.50520  -222.43806  1.47827   768
1104.00  0.04175  0.04183  0.01766  0.80968  -219.56221  -221.48744  1.47827   768
1105.00  0.04175  0.04183  0.01804  0.80968  -218.98390  -220.87861  1.47827   768
1106.00  0.04174  0.04183  0.01800  0.80968  -219.00526  -220.86183  1.47827   768
1107.00  0.04173  0.04183  0.01769  0.80968  -219.46760  -221.28297  1.47827   768
1108.00  0.04175  0.04183  0.01704  0.80968  -220.43196  -222.25801  1.47655   768
1109.00  0.04175  0.04183  0.01646  0.80968  -221.28950  -223.12013  1.46683   768
1110.00  0.04174  0.04183  0.01613  0.80968  -221.89223  -223.76405  1.46683   768
1111.00  0.04175  0.04183  0.01622  0.80968  -221.79304  -223.69844  1.46683   768
1112.00  0.04174  0.04183  0.01671  0.80968  -221.07130  -223.04231  1.46683   768
1113.00  0.04174  0.04183  0.01734  0.80968  -220.10237  -222.05507  1.46683   768
1114.00  0.04174  0.04183  0.01776  0.80968  -219.44166  -221.36842  1.46683   768
1115.00  0.04175  0.04183  0.01800  0.80968  -219.06477  -220.97017  1.46683   768
1116.00  0.04175  0.04183  0.01784  0.80968  -219.23414  -221.08613  1.46683   768
1117.00  0.04172  0.04183  0.01739  0.80968  -219.92537  -221.77278  1.46683   768
1118.00  0.04175  0.04183  0.01683  0.80968  -220.77833  -222.60744  1.46683   768
1119.00  0.04175  0.04183  0.01630  0.80968  -221.62672  -223.43751  1.46683   768
1120.00  0.04176  0.04183  0.01611  0.80968  -221.91511  -223.79304  1.43967   768
1121.00  0.04175  0.04183  0.01648  0.80968  -221.39784  -223.30781  1.43967   768
1122.00  0.04175  0.04183  0.01706  0.80968  -220.54182  -222.46248  1.43967   768
1123.00  0.04175  0.04183  0.01765  0.80968  -219.62630  -221.54390  1.43967   768
1124.00  0.04175  0.04183  0.01799  0.80968  -219.06325  -220.97322  1.43967   768
1125.00  0.04176  0.04183  0.01791  0.80968  -219.16701  -221.01747  1.43967   768
1126.00  0.04175  0.04183  0.01755  0.80968  -219.65376  -221.49812  1.43967   768
1127.00  0.04174  0.04183  0.01703  0.80968  -220.48689  -222.32362  1.43967   768
1128.00  0.04174  0.04183  0.01652  0.80968  -221.22999  -223.08656  1.43967   768
1129.00  0.04175  0.04183  0.01612  0.80968  -221.91359  -223.77626  1.43967   768
1130.00  0.04175  0.04183  0.01629  0.80968  -221.69234  -223.62520  1.43967   768
1131.00  0.04174  0.04183  0.01665  0.80968  -221.15828  -223.11861  1.43198   768
1132.00  0.04175  0.04183  0.01735  0.80968  -220.10084  -222.04286  1.43112   768
1133.00  0.04174  0.04183  0.01782  0.80968  -219.36690  -221.26924  1.43112   768
1134.00  0.04174  0.04183  0.01797  0.80968  -219.08461  -220.96864  1.43112   768
1135.00  0.04174  0.04183  0.01787  0.80968  -219.23414  -221.07850  1.43112   768
1136.00  0.04174  0.04183  0.01739  0.80968  -219.87196  -221.68580  1.43112   768
1137.00  0.04175  0.04183  0.01678  0.80968  -220.83021  -222.65169  1.43112   768
1138.00  0.04173  0.04183  0.01623  0.80968  -221.71065  -223.53364  1.43112   768
1139.00  0.04174  0.04183  0.01609  0.80968  -221.96547  -223.84340  1.43112   768
1140.00  0.04175  0.04183  0.01644  0.80968  -221.48634  -223.42531  1.43112   768
1141.00  0.04174  0.04183  0.01707  0.80968  -220.50825  -222.44111  1.43112   768
1142.00  0.04174  0.04183  0.01764  0.80968  -219.64613  -221.56373  1.43246   768
1143.00  0.04175  0.04183  0.01786  0.80968  -219.26314  -221.15175  1.43280   768
1144.00  0.04173  0.04183  0.01777  0.80968  -219.37453  -221.26161  1.43280   768
1145.00  0.04174  0.04183  0.01743  0.80968  -219.85213  -221.69801  1.43280   768
1146.00  0.04174  0.04183  0.01692  0.80968  -220.66542  -222.50673  1.43280   768
1147.00  0.04176  0.04183  0.01646  0.80968  -221.38258  -223.24983  1.43280   768
1148.00  0.04174  0.04183  0.01616  0.80968  -221.82661  -223.71217  1.43280   768
1149.00  0.04174  0.04183  0.01623  0.80968  -221.78541  -223.69234  1.43280   768
1150.00  0.04174  0.04183  0.01667  0.80968  -221.12471  -223.08351  1.43280   768
1151.00  0.04176  0.04183  0.01726  0.80968  -220.16340  -222.09779  1.43280   768
1152.00  0.04174  0.04183  0.01777  0.80968  -219.41572  -221.33333  1.43280   768
1153.00  0.04175  0.04183  0.01793  0.80968  -219.12428  -221.00068  1.45580   768
1154.00  0.04174  0.04183  0.01777  0.80968  -219.35011  -221.17921  1.46347   768
1155.00  0.04174  0.04183  0.01729  0.80968  -220.04896  -221.86281  1.46347   768
1156.00  0.04174  0.04183  0.01663  0.80968  -221.06978  -222.89125  1.46347   768
1157.00  0.04175  0.04183  0.01624  0.80968  -221.67555  -223.52754  1.46347   768
1158.00  0.04174  0.04183  0.01623  0.80968  -221.77778  -223.65114  1.46347   768
1159.00  0.04174  0.04183  0.01652  0.80968  -221.30171  -223.24220  1.46347   768
1160.00  0.04176  0.04183  0.01705  0.80968  -220.54945  -222.47621  1.46347   768
1161.00  0.04174  0.04183  0.01760  0.80968  -219.68428  -221.62019  1.46347   768
1162.00  0.04174  0.04183  0.01783  0.80968  -219.31807  -221.22804  1.46347   768
1163.00  0.04174  0.04183  0.01789  0.80968  -219.19752  -221.09529  1.46347   768
1164.00  0.04175  0.04183  0.01754  0.80968  -219.69191  -221.53932  1.46498   768
1165.00  0.04174  0.04183  0.01691  0.80968  -220.67915  -222.49452  1.46622   768
1166.00  0.04174  0.04183  0.01645  0.80968  -221.34749  -223.18422  1.46622   768
1167.00  0.04174  0.04183  0.01618  0.80968  -221.82966  -223.69081  1.46622   768
1168.00  0.04175  0.04183  0.01627  0.80968  -221.75337  -223.64503  1.46622   768
1169.00  0.04173  0.04183  0.01670  0.80968  -221.02858  -222.96297  1.46622   768
1170.00  0.04176  0.04183  0.01730  0.80968  -220.18934  -222.12831  1.46622   768
1171.00  0.04173  0.04183  0.01778  0.80968  -219.35164  -221.25093  1.46622   768
1172.00  0.04174  0.04183  0.01787  0.80968  -219.22499  -221.07850  1.46622   768
1173.00  0.04174  0.04183  0.01761  0.80968  -219.58204  -221.42183  1.46622   768
1174.00  0.04175  0.04183  0.01711  0.80968  -220.36024  -222.18477  1.46622   768
1175.00  0.04175  0.04183  0.01644  0.80968  -221.39021  -223.22084  1.40820   768
1176.00  0.04174  0.04183  0.01608  0.80968  -221.97310  -223.83882  1.33728   768
1177.00  0.04174  0.04183  0.01613  0.80968  -221.91664  -223.82356  1.33728   768
1178.00  0.04176  0.04183  0.01634  0.80968  -221.63130  -223.55043  1.33728   768
1179.00  0.04175  0.04183  0.01687  0.80968  -220.83784  -222.78749  1.33728   768
1180.00  0.04174  0.04183  0.01744  0.80968  -219.97725  -221.91469  1.33728   768
1181.00  0.04174  0.04183  0.01772  0.80968  -219.47371  -221.37758  1.33728   768
1182.00  0.04172  0.04183  0.01770  0.80968  -219.44777  -221.32112  1.33728   768
1183.00  0.04174  0.04183  0.01741  0.80968  -219.91469  -221.74837  1.33728   768
1184.00  0.04173  0.04183  0.01688  0.80968  -220.72035  -222.55250  1.33728   768
1185.00  0.04174  0.04183  0.01630  0.80968  -221.54127  -223.36275  1.33728   768
1186.00  0.04175  0.04183  0.01608  0.80968  -221.97310  -223.85103  2.67624   768
1187.00  0.04175  0.04183  0.01629  0.80968  -221.67250  -223.57179  4.31274   768
1188.00  0.04175  0.04183  0.01675  0.80968  -221.03926  -222.97670  4.31274   768
1189.00  0.04176  0.04183  0.01734  0.80968  -220.10237  -222.03218  4.31274   768
1190.00  0.04175  0.04183  0.01778  0.80968  -219.36384  -221.27382  4.31274   768
1191.00  0.04175  0.04183  0.01785  0.80968  -219.26008  -221.12428  4.31274   768
1192.00  0.04175  0.04183  0.01762  0.80968  -219.57136  -221.43556  4.31274   768
1193.00  0.04174  0.04183  0.01712  0.80968  -220.29463  -222.12984  4.31274   768
1194.00  0.04175  0.04183  0.01653  0.80968  -221.25136  -223.09724  4.31274   768
1195.00  0.04175  0.04183  0.01612  0.80968  -221.89986  -223.77168  4.31274   768
1196.00  0.04174  0.04183  0.01608  0.80968  -222.00514  -223.91359  4.31274   768
1197.00  0.04174  0.04183  0.01643  0.80968  -221.48329  -223.40852  4.55323   768
1198.00  0.04173  0.04183  0.01709  0.80968  -220.51893  -222.48384  4.99985   768
1199.00  0.04174  0.04183  0.01758  0.80968  -219.74226  -221.67512  4.99985   768
1200.00  0.04175  0.04183  0.01784  0.80968  -219.26314  -221.15632  4.99985   768
1201.00  0.04173  0.04183  0.01768  0.80968  -219.50728  -221.35621  4.99985   768
1202.00  0.04174  0.04183  0.01732  0.80968  -220.03828  -221.87044  4.99985   768
1203.00  0.04174  0.04183  0.01659  0.80968  -221.11861  -222.93855  4.99985   768
1204.00  0.04175  0.04183  0.01615  0.80968  -221.83272  -223.67860  4.99985   768
1205.00  0.04175  0.04183  0.01590  0.80968  -222.25233  -224.10280  4.99985   768
1206.00  0.04176  0.04183  0.01616  0.80968  -221.86323  -223.77778  4.99985   768
1207.00  0.04175  0.04183  0.01667  0.80968  -221.13234  -223.07283  4.99985   768
1208.00  0.04175  0.04183  0.01728  0.80968  -220.16798  -222.09474  4.85654   768
1209.00  0.04176  0.04183  0.01769  0.80968  -219.53932  -221.46150  4.28329   768
1210.00  0.04174  0.04183  0.01772  0.80968  -219.44624  -221.32112  4.28329   768
1211.00  0.04176  0.04183  0.01739  0.80968  -219.90401  -221.75905  4.28329   768
1212.00  0.04174  0.04183  0.01684  0.80968  -220.77528  -222.62117  4.28329   768
1213.00  0.04175  0.04183  0.01625  0.80968  -221.64046  -223.49550  4.28329   768
1214.00  0.04174  0.04183  0.01593  0.80968  -222.18367  -224.05092  4.28329   768
1215.00  0.04175  0.04183  0.01590  0.80968  -222.26912  -224.14552  4.28329   768
1216.00  0.04174  0.04183  0.01630  0.80968  -221.71675  -223.66029  4.28329   768
1217.00  0.04173  0.04183  0.01701  0.80968  -220.63185  -222.58913  4.28329   768
1218.00  0.04175  0.04183  0.01750  0.80968  -219.82771  -221.73463  4.28329   768
1219.00  0.04174  0.04183  0.01778  0.80968  -219.35011  -221.24483  4.27400   768
1220.00  0.04175  0.04183  0.01762  0.80968  -219.57747  -221.41725  4.19037   768
1221.00  0.04176  0.04183  0.01719  0.80968  -220.17714  -222.00777  4.19037   768
1222.00  0.04174  0.04183  0.01672  0.80968  -220.95991  -222.77681  4.19037   768
1223.00  0.04174  0.04183  0.01628  0.80968  -221.63283  -223.47719  4.19037   768
1224.00  0.04176  0.04183  0.01608  0.80968  -221.94411  -223.82051  4.19037   768
1225.00  0.04174  0.04183  0.01634  0.80968  -221.63588  -223.54585  4.19037   768
1226.00  0.04174  0.04183  0.01676  0.80968  -220.96144  -222.87904  4.19037   768
1227.00  0.04175  0.04183  0.01734  0.80968  -220.11458  -222.07185  4.19037   768
1228.00  0.04174  0.04183  0.01770  0.80968  -219.53474  -221.44624  4.19037   768
1229.00  0.04175  0.04183  0.01768  0.80968  -219.48134  -221.35774  4.19037   768
1230.00  0.04174  0.04183  0.01742  0.80968  -219.88417  -221.75752  4.19037   768
1231.00  0.04173  0.04183  0.01688  0.80968  -220.68373  -222.53114  4.75700   768
1232.00  0.04175  0.04183  0.01634  0.80968  -221.53517  -223.38106  4.99985   768
1233.00  0.04175  0.04183  0.01615  0.80968  -221.89375  -223.77016  4.99985   768
1234.00  0.04173  0.04183  0.01617  0.80968  -221.87544  -223.75490  4.99985   768
1235.00  0.04175  0.04183  0.01653  0.80968  -221.31392  -223.26204  4.99985   768
1236.00  0.04175  0.04183  0.01711  0.80968  -220.43043  -222.34804  4.99985   768
1237.00  0.04175  0.04183  0.01760  0.80968  -219.68275  -221.58662  4.99985   768
1238.00  0.04174  0.04183  0.01771  0.80968  -219.45387  -221.33027  4.99985   768
1239.00  0.04174  0.04183  0.01756  0.80968  -219.63698  -221.49354  4.99985   768
1240.00  0.04175  0.04183  0.01711  0.80968  -220.35109  -222.16951  4.99985   768
1241.00  0.04175  0.04183  0.01654  0.80968  -221.21168  -223.03163  4.99985   768
1242.00  0.04175  0.04183  0.01612  0.80968  -221.91511  -223.77778  4.99985   768
1243.00  0.04175  0.04183  0.01602  0.80968  -222.10890  -224.00514  4.99985   768
1244.00  0.04174  0.04183  0.01638  0.80968  -221.55348  -223.50007  4.99985   768
1245.00  0.04175  0.04183  0.01687  0.80968  -220.82716  -222.77223  4.99985   768
1246.00  0.04173  0.04183  0.01756  0.80968  -219.76820  -221.71022  4.99985   768
1247.00  0.04174  0.04183  0.01784  0.80968  -219.29823  -221.20363  4.99985   768
1248.00  0.04174  0.04183  0.01777  0.80968  -219.35927  -221.25245  4.99985   768
1249.00  0.04174  0.04183  0.01736  0.80968  -219.93757  -221.77278  4.99985   768
1250.00  0.04173  0.04183  0.01688  0.80968  -220.68068  -222.53725  4.99985   768
1251.00  0.04174  0.04183  0.01629  0.80968  -221.62520  -223.46040  4.99985   768
1252.00  0.04175  0.04183  0.01600  0.80968  -222.06770  -223.92885  4.99985   768
1253.00  0.04175  0.04183  0.01611  0.80968  -221.97615  -223.86934  4.99985   768
1254.00  0.04174  0.04183  0.01660  0.80968  -221.25593  -223.17048  4.99985   768
1255.00  0.04174  0.04183  0.01732  0.80968  -220.13441  -222.07490  4.99985   768
1256.00  0.04174  0.04183  0.01780  0.80968  -219.35927  -221.27534  4.99985   768
1257.00  0.04174  0.04183  0.01798  0.80968  -219.07240  -220.94118  4.99985   768
1258.00  0.04174  0.04183  0.01775  0.80968  -219.38063  -221.21889  4.99985   768
1259.00  0.04173  0.04183  0.01715  0.80968  -220.23512  -222.07185  4.99985   768
1260.00  0.04174  0.04183  0.01659  0.80968  -221.16286  -223.01179  4.99985   768
1261.00  0.04174  0.04183  0.01617  0.80968  -221.82509  -223.67708  4.99985   768
1262.00  0.04173  0.04183  0.01600  0.80968  -222.09517  -223.98683  4.99985   768
1263.00  0.04174  0.04183  0.01623  0.80968  -221.80983  -223.75642  4.99985   768
1264.00  0.04174  0.04183  0.01695  0.80968  -220.71120  -222.67610  4.99985   768
1265.00  0.04174  0.04183  0.01760  0.80968  -219.67360  -221.60951  4.99985   768
1266.00  0.04175  0.04183  0.01798  0.80968  -219.04951  -220.96559  4.99985   768
1267.00  0.04173  0.04183  0.01800  0.80968  -219.02205  -220.89693  4.99985   768
1268.00  0.04174  0.04183  0.01762  0.80968  -219.53932  -221.36537  4.99985   768
1269.00  0.04174  0.04183  0.01695  0.80968  -220.56624  -222.36940  4.99985   768
1270.00  0.04174  0.04183  0.01644  0.80968  -221.37190  -223.20711  4.99985   768
1271.00  0.04175  0.04183  0.01605  0.80968  -221.96089  -223.80220  4.99985   768
1272.00  0.04175  0.04183  0.01607  0.80968  -222.01277  -223.89986  4.99985   768
1273.00  0.04173  0.04183  0.01668  0.80968  -221.11098  -223.06673  4.99985   768
1274.00  0.04172  0.04183  0.01724  0.80968  -220.22749  -222.16035  4.99985   768
1275.00  0.04173  0.04183  0.01769  0.80968  -219.52864  -221.45692  4.99985   768
1276.00  0.04175  0.04183  0.01790  0.80968  -219.17921  -221.05867  4.99985   768
1277.00  0.04174  0.04183  0.01765  0.80968  -219.51491  -221.36232  4.99985   768
1278.00  0.04175  0.04183  0.01710  0.80968  -220.38313  -222.22139  4.99985   768
1279.00  0.04174  0.04183  0.01646  0.80968  -221.32002  -223.15828  4.99985   768
1280.00  0.04174  0.04183  0.01601  0.80968  -222.01430  -223.87239  4.99985   768
1281.00  0.04174  0.04183  0.01588  0.80968  -222.31032  -224.20656  4.99985   768
1282.00  0.04175  0.04183  0.01617  0.80968  -221.86171  -223.80067  4.99985   768
1283.00  0.04174  0.04183  0.01687  0.80968  -220.86989  -222.81648  4.99985   768
1284.00  0.04173  0.04183  0.01746  0.80968  -219.86281  -221.78956  4.99985   768
1285.00  0.04174  0.04183  0.01782  0.80968  -219.31807  -221.22041  4.99985   768
1286.00  0.04174  0.04183  0.01782  0.80968  -219.28297  -221.16395  4.99985   768
1287.00  0.04174  0.04183  0.01742  0.80968  -219.85518  -221.67207  4.99985   768
1288.00  0.04174  0.04183  0.01686  0.80968  -220.72645  -222.55708  4.99985   768
1289.00  0.04175  0.04183  0.01621  0.80968  -221.66640  -223.48482  4.99985   768
1290.00  0.04174  0.04183  0.01596  0.80968  -222.15620  -224.03718  4.99985   768
1291.00  0.04175  0.04183  0.01612  0.80968  -221.88612  -223.79152  4.99985   768
1292.00  0.04173  0.04183  0.01659  0.80968  -221.29713  -223.24220  4.99985   768
1293.00  0.04173  0.04183  0.01723  0.80968  -220.26106  -222.21071  4.99985   768
1294.00  0.04174  0.04183  0.01775  0.80968  -219.43709  -221.36537  4.99985   768
1295.00  0.04174  0.04183  0.01795  0.80968  -219.12581  -221.01747  4.99985   768
1296.00  0.04175  0.04183  0.01775  0.80968  -219.38978  -221.27077  4.99985   768
1297.00  0.04172  0.04183  0.01722  0.80968  -220.14204  -221.96962  4.99985   768
1298.00  0.04174  0.04183  0.01663  0.80968  -221.06215  -222.89888  4.99985   768
1299.00  0.04173  0.04183  0.01616  0.80968  -221.84035  -223.68165  4.99985   768
1300.00  0.04174  0.04183  0.01602  0.80968  -222.06465  -223.96852  4.99985   768
1301.00  0.04174  0.04183  0.01631  0.80968  -221.66640  -223.56416  4.99985   768
1302.00  0.04175  0.04183  0.01684  0.80968  -220.86531  -222.78902  4.99985   768
1303.00  0.04172  0.04183  0.01745  0.80968  -219.89638  -221.83229  4.99985   768
1304.00  0.04175  0.04183  0.01777  0.80968  -219.40199  -221.28908  4.99985   768
1305.00  0.04175  0.04183  0.01774  0.80968  -219.40657  -221.25856  4.99985   768
1306.00  0.04175  0.04183  0.01749  0.80968  -219.75600  -221.59578  4.99985   768
1307.00  0.04172  0.04183  0.01685  0.80968  -220.74476  -222.55250  4.99985   768
1308.00  0.04175  0.04183  0.01615  0.80968  -221.80830  -223.63588  4.99985   768
1309.00  0.04174  0.04183  0.01589  0.80968  -222.24928  -224.11653  4.99985   768
1310.00  0.04174  0.04183  0.01604  0.80968  -222.05549  -223.98073  4.99985   768
1311.00  0.04175  0.04183  0.01641  0.80968  -221.55806  -223.48329  4.99985   768
1312.00  0.04173  0.04183  0.01698  0.80968  -220.64558  -222.60286  4.99985   768
1313.00  0.04174  0.04183  0.01747  0.80968  -219.91163  -221.84602  4.99985   768
1314.00  0.04175  0.04183  0.01763  0.80968  -219.57136  -221.45082  4.99985   768
1315.00  0.04174  0.04183  0.01742  0.80968  -219.89638  -221.76362  4.99985   768
1316.00  0.04174  0.04183  0.01698  0.80968  -220.50368  -222.35261  4.99985   768
1317.00  0.04174  0.04183  0.01637  0.80968  -221.46803  -223.28798  4.99985   768
1318.00  0.04173  0.04183  0.01588  0.80968  -222.25386  -224.08296  4.99985   768
1319.00  0.04174  0.04183  0.01584  0.80968  -222.35304  -224.25233  4.99985   768
1320.00  0.04175  0.04183  0.01618  0.80968  -221.88917  -223.81593  4.99985   768
1321.00  0.04173  0.04183  0.01680  0.80968  -220.90651  -222.82869  4.99985   768
1322.00  0.04173  0.04183  0.01733  0.80968  -220.06880  -221.99861  4.99985   768
1323.00  0.04174  0.04183  0.01765  0.80968  -219.58204  -221.47829  4.99985   768
1324.00  0.04173  0.04183  0.01762  0.80968  -219.57442  -221.42488  4.99985   768
1325.00  0.04172  0.04183  0.01722  0.80968  -220.18782  -222.02760  4.99985   768
1326.00  0.04175  0.04183  0.01673  0.80968  -220.93855  -222.77986  4.99985   768
1327.00  0.04174  0.04183  0.01626  0.80968  -221.66945  -223.51076  4.99985   768
1328.00  0.04173  0.04183  0.01599  0.80968  -222.06770  -223.94716  4.99985   768
1329.00  0.04175  0.04183  0.01603  0.80968  -222.07991  -223.99446  4.99985   768
1330.00  0.04174  0.04183  0.01658  0.80968  -221.26814  -223.24220  4.99985   768
1331.00  0.04173  0.04183  0.01720  0.80968  -220.33583  -222.27022  4.99985   768
1332.00  0.04175  0.04183  0.01769  0.80968  -219.54848  -221.49660  4.99985   768
1333.00  0.04174  0.04183  0.01781  0.80968  -219.30128  -221.18074  4.99985   768
1334.00  0.04175  0.04183  0.01755  0.80968  -219.68733  -221.51948  4.99985   768
1335.00  0.04174  0.04183  0.01709  0.80968  -220.39381  -222.19697  4.99985   768
1336.00  0.04173  0.04183  0.01657  0.80968  -221.17048  -222.98738  4.99985   768
1337.00  0.04175  0.04183  0.01614  0.80968  -221.84340  -223.70149  4.99985   768
1338.00  0.04174  0.04183  0.01605  0.80968  -222.00361  -223.89070  4.99985   768
1339.00  0.04175  0.04183  0.01635  0.80968  -221.59926  -223.51076  4.99985   768
1340.00  0.04173  0.04183  0.01692  0.80968  -220.72798  -222.67152  4.99985   768
1341.00  0.04175  0.04183  0.01755  0.80968  -219.78804  -221.69954  4.99985   768
1342.00  0.04174  0.04183  0.01778  0.80968  -219.37147  -221.27687  4.99985   768
1343.00  0.04174  0.04183  0.01781  0.80968  -219.33180  -221.24940  4.99985   768
1344.00  0.04174  0.04183  0.01747  0.80968  -219.84144  -221.70869  4.99985   768
1345.00  0.04175  0.04183  0.01672  0.80968  -220.78444  -222.49452  4.99985   768
1346.00  0.04174  0.04183  0.01609  0.80968  -222.06923  -224.02955  4.99985   768
1347.00  0.04174  0.04183  0.01642  0.80968  -221.47261  -223.37953  4.99985   768
1348.00  0.04174  0.04183  0.01648  0.80968  -221.37038  -223.25593  4.99985   768
1349.00  0.04175  0.04183  0.01766  0.80968  -219.63240  -221.65376  4.99985   768
1350.00  0.04174  0.04183  0.01810  0.80968  -218.93049  -220.82673  4.99985   768
1351.00  0.04172  0.04183  0.01826  0.80968  -218.68941  -220.62684  4.99985   768
1352.00  0.04175  0.04183  0.01897  0.80968  -217.50532  -219.38936  4.99985   768
1353.00  0.04174  0.04183  0.01812  0.80968  -218.71840  -220.49867  4.99985   768
1354.00  0.04175  0.04183  0.01790  0.80968  -219.20363  -221.09682  4.99985   768
1355.00  0.04175  0.04183  0.01727  0.80968  -220.03065  -221.79414  4.99985   768
1356.00  0.04174  0.04183  0.01658  0.80968  -221.20253  -223.06367  4.99985   768
1357.00  0.04177  0.04183  0.01707  0.80968  -220.53572  -222.46248  4.99985   768
1358.00  0.04173  0.04183  0.01707  0.80968  -220.48384  -222.37703  4.99985   768
1359.00  0.04175  0.04183  0.01782  0.80968  -219.38826  -221.36842  4.99985   768
1360.00  0.04174  0.04183  0.01840  0.80968  -218.44221  -220.35982  4.99985   768
1361.00  0.04175  0.04183  0.01857  0.80968  -218.19502  -220.09279  4.99985   768
1362.00  0.04175  0.04183  0.01866  0.80968  -217.99055  -219.88374  4.99985   768
1363.00  0.04175  0.04183  0.01783  0.80968  -219.20820  -220.99916  4.99985   768
1364.00  0.04174  0.04183  0.01716  0.80968  -220.30684  -222.18172  4.99985   768
1365.00  0.04175  0.04183  0.01701  0.80968  -220.51588  -222.40144  4.99985   768
1366.00  0.04176  0.04183  0.01677  0.80968  -220.94771  -222.80427  4.99985   768
1367.00  0.04174  0.04183  0.01701  0.80968  -220.59828  -222.52809  4.99985   768
1368.00  0.04175  0.04183  0.01747  0.80968  -219.86128  -221.78346  4.99985   768
1369.00  0.04173  0.04183  0.01784  0.80968  -219.31959  -221.23567  4.99985   768
1370.00  0.04174  0.04183  0.01846  0.80968  -218.38270  -220.30946  4.99985   768
1371.00  0.04175  0.04183  0.01882  0.80968  -217.79524  -219.67012  4.99985   768
1372.00  0.04176  0.04183  0.01855  0.80968  -218.17976  -220.02260  4.99985   768
1373.00  0.04175  0.04183  0.01821  0.80968  -218.63753  -220.47578  4.99985   768
1374.00  0.04175  0.04183  0.01760  0.80968  -219.56373  -221.39131  4.99985   768
1375.00  0.04174  0.04183  0.01731  0.80968  -220.06422  -221.92689  4.99985   768
1376.00  0.04175  0.04183  0.01701  0.80968  -220.48842  -222.35872  4.99985   768
1377.00  0.04175  0.04183  0.01709  0.80968  -220.45637  -222.36787  4.99985   768
1378.00  0.04174  0.04183  0.01743  0.80968  -219.92995  -221.85060  4.99985   768
1379.00  0.04175  0.04183  0.01765  0.80968  -219.56831  -221.47676  4.99985   768
1380.00  0.04175  0.04183  0.01765  0.80968  -219.55305  -221.42335  4.99985   768
1381.00  0.04173  0.04183  0.01710  0.80968  -220.36024  -222.17256  4.99985   768
1382.00  0.04173  0.04183  0.01644  0.80968  -221.36275  -223.18574  4.99985   768
1383.00  0.04175  0.04183  0.01551  0.80968  -222.74977  -224.53157  4.99985   768
1384.00  0.04176  0.04183  0.01474  0.80968  -223.96895  -225.80415  4.99985   768
1385.00  0.04175  0.04183  0.01458  0.80968  -224.30464  -226.17494  4.99985   768
1386.00  0.04175  0.04183  0.01493  0.80968  -223.80568  -225.74464  4.99985   768
1387.00  0.04175  0.04183  0.01582  0.80968  -222.47053  -224.43849  4.99985   768
1388.00  0.04174  0.04183  0.01665  0.80968  -221.13997  -223.07435  4.99985   768
1389.00  0.04175  0.04183  0.01728  0.80968  -220.19545  -222.11763  4.99985   768
1390.00  0.04175  0.04183  0.01756  0.80968  -219.74074  -221.63392  4.99985   768
1391.00  0.04174  0.04183  0.01734  0.80968  -220.01234  -221.84602  4.99985   768
1392.00  0.04175  0.04183  0.01692  0.80968  -220.62727  -222.46248  4.99985   768
1393.00  0.04175  0.04183  0.01627  0.80968  -221.62367  -223.45582  4.99985   768
1394.00  0.04176  0.04183  0.01590  0.80968  -222.24165  -224.10737  4.99985   768
1395.00  0.04173  0.04183  0.01589  0.80968  -222.29353  -224.19893  4.99985   768
1396.00  0.04173  0.04183  0.01614  0.80968  -221.93648  -223.86171  4.99985   768
1397.00  0.04174  0.04183  0.01656  0.80968  -221.26967  -223.18880  4.99985   768
1398.00  0.04174  0.04183  0.01680  0.80968  -220.89277  -222.79207  4.99985   768
1399.00  0.04172  0.04183  0.01688  0.80968  -220.81953  -222.71272  4.99985   768
1400.00  0.04175  0.04183  0.01655  0.80968  -221.18117  -223.01179  4.99985   768
1401.00  0.04175  0.04183  0.01598  0.80968  -222.07838  -223.90291  4.99985   768
1402.00  0.04174  0.04183  0.01535  0.80968  -223.02748  -224.85506  4.99985   768
1403.00  0.04173  0.04183  0.01476  0.80968  -223.93080  -225.75380  4.99985   768
1404.00  0.04174  0.04183  0.01457  0.80968  -224.27565  -226.13985  4.99985   768
1405.00  0.04173  0.04183  0.01467  0.80968  -224.19173  -226.07576  4.99985   768
1406.00  0.04174  0.04183  0.01507  0.80968  -223.57985  -225.48372  4.99985   768
1407.00  0.04174  0.04183  0.01566  0.80968  -222.67805  -224.62160  4.99985   768
1408.00  0.04173  0.04183  0.01587  0.80968  -222.31489  -224.18214  4.99985   768
1409.00  0.04174  0.04183  0.01580  0.80968  -222.38661  -224.25996  4.99985   768
1410.00  0.04174  0.04183  0.01526  0.80968  -223.15871  -224.99086  4.99985   768
1411.00  0.04175  0.04183  0.01443  0.80968  -224.41298  -226.20851  4.99985   768
1412.00  0.04174  0.04183  0.01355  0.80968  -225.82136  -227.64894  4.99985   768
1413.00  0.04174  0.04183  0.01302  0.80968  -226.67280  -228.51716  4.99985   768
1414.00  0.04174  0.04183  0.01289  0.80968  -226.87117  -228.78419  4.99985   768
1415.00  0.04174  0.04183  0.01318  0.80968  -226.51411  -228.44850  4.99985   768
1416.00  0.04174  0.04183  0.01384  0.80968  -225.46278  -227.42158  4.99985   768
1417.00  0.04176  0.04183  0.01449  0.80968  -224.49080  -226.42213  4.99985   768
1418.00  0.04175  0.04183  0.01492  0.80968  -223.75990  -225.65614  4.99985   768
1419.00  0.04174  0.04183  0.01492  0.80968  -223.74159  -225.60121  4.99985   768
1420.00  0.04175  0.04183  0.01467  0.80968  -224.10017  -225.94301  4.99985   768
1421.00  0.04175  0.04183  0.01422  0.80968  -224.76088  -226.58693  4.99985   768
1422.00  0.04173  0.04183  0.01377  0.80968  -225.53297  -227.37276  4.99985   768
1423.00  0.04174  0.04183  0.01369  0.80968  -225.61232  -227.49330  4.99985   768
1424.00  0.04174  0.04183  0.01397  0.80968  -225.21712  -227.13319  4.99985   768
1425.00  0.04172  0.04183  0.01431  0.80968  -224.74715  -226.67085  4.99985   768
1426.00  0.04175  0.04183  0.01470  0.80968  -224.13069  -226.04372  4.99985   768
1427.00  0.04174  0.04183  0.01479  0.80968  -223.95216  -225.83620  4.99985   768
1428.00  0.04174  0.04183  0.01445  0.80968  -224.41145  -226.26344  4.99985   768
1429.00  0.04173  0.04183  0.01388  0.80968  -225.31325  -227.15608  4.99985   768
1430.00  0.04174  0.04183  0.01311  0.80968  -226.43782  -228.25471  4.99985   768
1431.00  0.04174  0.04183  0.01229  0.80968  -227.72261  -229.53493  4.99985   768
1432.00  0.04173  0.04183  0.01183  0.80968  -228.45045  -230.30397  4.99985   768
1433.00  0.04172  0.04183  0.01168  0.80968  -228.75868  -230.63203  4.99985   768
1434.00  0.04172  0.04183  0.01205  0.80968  -228.25514  -230.18800  4.99985   768
1435.00  0.04174  0.04183  0.01263  0.80968  -227.32130  -229.24501  4.99985   768
1436.00  0.04173  0.04183  0.01322  0.80968  -226.38441  -228.31270  4.99985   768
1437.00  0.04175  0.04183  0.01346  0.80968  -226.01515  -227.89155  4.99985   768
1438.00  0.04173  0.04183  0.01331  0.80968  -226.16011  -227.99684  4.99985   768
1439.00  0.04175  0.04183  0.01279  0.80968  -226.96730  -228.79335  4.99985   768
1440.00  0.04174  0.04183  0.01220  0.80968  -227.86909  -229.69972  4.99985   768
1441.00  0.04174  0.04183  0.01166  0.80968  -228.74342  -230.55574  4.99985   768
1442.00  0.04175  0.04183  0.01136  0.80968  -229.20424  -231.06996  4.99985   768
1443.00  0.04173  0.04183  0.01152  0.80968  -229.02113  -230.95094  4.99985   768
1444.00  0.04174  0.04183  0.01183  0.80968  -228.58321  -230.51759  4.99985   768
1445.00  0.04174  0.04183  0.01247  0.80968  -227.59596  -229.55324  4.99985   768
1446.00  0.04173  0.04183  0.01281  0.80968  -227.01308  -228.94136  4.99985   768
1447.00  0.04173  0.04183  0.01298  0.80968  -226.73842  -228.63771  4.99985   768
1448.00  0.04174  0.04183  0.01275  0.80968  -227.04664  -228.90474  4.99985   768
1449.00  0.04175  0.04183  0.01227  0.80968  -227.77449  -229.63411  4.99985   768
1450.00  0.04175  0.04183  0.01171  0.80968  -228.61220  -230.43825  4.99985   768
1451.00  0.04172  0.04183  0.01142  0.80968  -229.13557  -230.99214  4.99985   768
1452.00  0.04175  0.04183  0.01142  0.80968  -229.15388  -231.05470  4.99985   768
1453.00  0.04174  0.04183  0.01184  0.80968  -228.51301  -230.42909  4.99985   768
1454.00  0.04174  0.04183  0.01237  0.80968  -227.70888  -229.63411  4.99985   768
1455.00  0.04173  0.04183  0.01286  0.80968  -226.93678  -228.83913  4.99985   768
1456.00  0.04174  0.04183  0.01298  0.80968  -226.73231  -228.60109  4.99985   768
1457.00  0.04173  0.04183  0.01269  0.80968  -227.12752  -228.94441  4.99985   768
1458.00  0.04173  0.04183  0.01205  0.80968  -228.09035  -229.92708  4.99985   768
1459.00  0.04173  0.04183  0.01121  0.80968  -229.35835  -231.15694  4.99985   768
1460.00  0.04173  0.04183  0.01048  0.80968  -230.50429  -232.34254  4.99985   768
1461.00  0.04175  0.04183  0.01010  0.80968  -231.12990  -232.99104  4.99985   768
1462.00  0.04174  0.04183  0.01018  0.80968  -231.08107  -233.00478  4.99985   768
1463.00  0.04175  0.04183  0.01065  0.80968  -230.41579  -232.37154  4.99985   768
1464.00  0.04174  0.04183  0.01139  0.80968  -229.26070  -231.19508  4.99985   768
1465.00  0.04173  0.04183  0.01177  0.80968  -228.65034  -230.57863  4.99985   768
1466.00  0.04174  0.04183  0.01176  0.80968  -228.58931  -230.46724  4.99985   768
1467.00  0.04172  0.04183  0.01148  0.80968  -228.99977  -230.83498  4.99985   768
1468.00  0.04174  0.04183  0.01098  0.80968  -229.75966  -231.57655  4.99985   768
1469.00  0.04173  0.04183  0.01048  0.80968  -230.51955  -232.35170  4.99985   768
1470.00  0.04173  0.04183  0.01019  0.80968  -231.01393  -232.86592  4.99985   768
1471.00  0.04174  0.04183  0.01029  0.80968  -230.93001  -232.82625  4.99985   768
1472.00  0.04173  0.04183  0.01077  0.80968  -230.17927  -232.11061  4.99985   768
1473.00  0.04174  0.04183  0.01140  0.80968  -229.24238  -231.17219  4.99985   768
1474.00  0.04173  0.04183  0.01189  0.80968  -228.46113  -230.36043  4.99985   768
1475.00  0.04173  0.04183  0.01206  0.80968  -228.17732  -230.08424  4.99985   768
1476.00  0.04174  0.04183  0.01184  0.80968  -228.46571  -230.32838  4.99985   768
1477.00  0.04173  0.04183  0.01132  0.80968  -229.24391  -231.08064  4.99985   768
1478.00  0.04175  0.04183  0.01071  0.80968  -230.15333  -231.99922  4.99985   768
1479.00  0.04174  0.04183  0.01025  0.80968  -230.89339  -232.74690  4.99985   768
1480.00  0.04174  0.04183  0.01010  0.80968  -231.15431  -233.04140  4.99985   768
1481.00  0.04173  0.04183  0.01037  0.80968  -230.77437  -232.69655  4.99985   768
1482.00  0.04174  0.04183  0.01084  0.80968  -230.12282  -232.07857  4.99985   768
1483.00  0.04172  0.04183  0.01137  0.80968  -229.27290  -231.20729  4.99985   768
1484.00  0.04171  0.04183  0.01170  0.80968  -228.76021  -230.66255  4.99985   768
1485.00  0.04173  0.04183  0.01161  0.80968  -228.82277  -230.67781  4.99985   768
1486.00  0.04173  0.04183  0.01112  0.80968  -229.48805  -231.32936  4.99985   768
1487.00  0.04172  0.04183  0.01035  0.80968  -230.67213  -232.43867  4.99985   768
1488.00  0.04173  0.04183  0.00974  0.80968  -231.63954  -233.46712  4.99985   768
1489.00  0.04172  0.04183  0.00934  0.80968  -232.32466  -234.17665  4.99985   768
1490.00  0.04173  0.04183  0.00943  0.80968  -232.19343  -234.09730  4.99985   768
1491.00  0.04173  0.04183  0.00988  0.80968  -231.53578  -233.47627  4.99985   768
1492.00  0.04173  0.04183  0.01055  0.80968  -230.54091  -232.49666  4.99985   768
1493.00  0.04173  0.04183  0.01101  0.80968  -229.77644  -231.70473  4.99985   768
1494.00  0.04174  0.04183  0.01119  0.80968  -229.49263  -231.38429  4.99985   768
1495.00  0.04173  0.04183  0.01101  0.80968  -229.73524  -231.59944  4.99985   768
1496.00  0.04172  0.04183  0.01050  0.80968  -230.44936  -232.28609  4.99985   768
1497.00  0.04173  0.04183  0.00990  0.80968  -231.39693  -233.23061  4.99985   768
1498.00  0.04173  0.04183  0.00943  0.80968  -232.20259  -234.07442  4.99985   768
1499.00  0.04173  0.04183  0.00950  0.80968  -232.11104  -233.99202  4.99985   768
1500.00  0.04173  0.04183  0.00992  0.80968  -231.47932  -233.41676  4.99985   768
1501.00  0.04173  0.04183  0.01066  0.80968  -230.36848  -232.32881  4.99985   768
1502.00  0.04174  0.04183  0.01120  0.80968  -229.51704  -231.45143  4.99985   768
1503.00  0.04172  0.04183  0.01149  0.80968  -229.07759  -230.95552  4.99985   768
1504.00  0.04173  0.04183  0.01151  0.80968  -228.93721  -230.80598  4.99985   768
1505.00  0.04174  0.04183  0.01117  0.80968  -229.43922  -231.27443  4.99985   768
1506.00  0.04174  0.04183  0.01063  0.80968  -230.29524  -232.13502  4.99985   768
1507.00  0.04173  0.04183  0.01014  0.80968  -231.05665  -232.87202  4.99985   768
1508.00  0.04173  0.04183  0.00992  0.80968  -231.43050  -233.31148  4.99985   768
1509.00  0.04172  0.04183  0.01009  0.80968  -231.24586  -233.17720  4.99985   768
1510.00  0.04173  0.04183  0.01053  0.80968  -230.56380  -232.51039  4.99985   768
1511.00  0.04174  0.04183  0.01109  0.80968  -229.65895  -231.60707  4.99985   768
1512.00  0.04173  0.04183  0.01141  0.80968  -229.16151  -231.06996  4.99985   768
1513.00  0.04173  0.04183  0.01141  0.80968  -229.17372  -231.07759  4.99985   768
1514.00  0.04173  0.04183  0.01104  0.80968  -229.64064  -231.48500  4.99985   768
1515.00  0.04173  0.04183  0.01041  0.80968  -230.61262  -232.45393  4.99985   768
1516.00  0.04172  0.04183  0.00977  0.80968  -231.61970  -233.44881  4.99985   768
1517.00  0.04173  0.04183  0.00934  0.80968  -232.25447  -234.09730  4.99985   768
1518.00  0.04172  0.04183  0.00941  0.80968  -232.23616  -234.14003  4.99985   768
1519.00  0.04173  0.04183  0.00974  0.80968  -231.74330  -233.67006  4.99985   768
1520.00  0.04173  0.04183  0.01045  0.80968  -230.68434  -232.62178  4.99985   768
1521.00  0.04173  0.04183  0.01108  0.80968  -229.69252  -231.60860  4.99985   768
1522.00  0.04174  0.04183  0.01140  0.80968  -229.16304  -231.08217  4.99985   768
1523.00  0.04172  0.04183  0.01133  0.80968  -229.22865  -231.07301  4.99985   768
1524.00  0.04173  0.04183  0.01090  0.80968  -229.90004  -231.73524  4.99985   768
1525.00  0.04173  0.04183  0.01034  0.80968  -230.71791  -232.53480  4.99985   768
1526.00  0.04172  0.04183  0.00979  0.80968  -231.58461  -233.43507  4.99985   768
1527.00  0.04175  0.04183  0.00963  0.80968  -231.89589  -233.79213  4.99985   768
1528.00  0.04174  0.04183  0.00996  0.80968  -231.46254  -233.38472  4.99985   768
1529.00  0.04172  0.04183  0.01056  0.80968  -230.54091  -232.49971  4.99985   768
1530.00  0.04175  0.04183  0.01123  0.80968  -229.51399  -231.47737  4.99985   768
1531.00  0.04173  0.04183  0.01178  0.80968  -228.58321  -230.51454  4.99985   768
1532.00  0.04173  0.04183  0.01174  0.80968  -228.62288  -230.48555  4.99985   768
1533.00  0.04172  0.04183  0.01128  0.80968  -229.31868  -231.14778  4.99985   768
1534.00  0.04173  0.04183  0.01066  0.80968  -230.20674  -232.02821  4.99985   768
1535.00  0.04173  0.04183  0.01000  0.80968  -231.23671  -233.04292  4.99985   768
1536.00  0.04173  0.04183  0.00969  0.80968  -231.81197  -233.68684  4.99985   768
1537.00  0.04172  0.04183  0.00979  0.80968  -231.64870  -233.53273  4.99985   768
1538.00  0.04173  0.04183  0.01037  0.80968  -230.82930  -232.78352  4.99985   768
1539.00  0.04173  0.04183  0.01102  0.80968  -229.75203  -231.68031  4.99985   768
1540.00  0.04174  0.04183  0.01153  0.80968  -228.99519  -230.91585  4.99985   768
1541.00  0.04172  0.04183  0.01175  0.80968  -228.63356  -230.52522  4.99985   768
1542.00  0.04173  0.04183  0.01152  0.80968  -228.94331  -230.80446  4.99985   768
1543.00  0.04173  0.04183  0.01085  0.80968  -229.95650  -231.76118  4.99985   768
1544.00  0.04173  0.04183  0.01011  0.80968  -231.04292  -232.86897  4.99985   768
1545.00  0.04174  0.04183  0.00941  0.80968  -232.20412  -234.05153  4.99985   768
1546.00  0.04174  0.04183  0.00914  0.80968  -232.61610  -234.50624  4.99985   768
1547.00  0.04173  0.04183  0.00946  0.80968  -232.16902  -234.11104  4.99985   768
1548.00  0.04173  0.04183  0.01014  0.80968  -231.19704  -233.17720  4.99985   768
1549.00  0.04173  0.04183  0.01074  0.80968  -230.23726  -232.18080  4.99985   768
1550.00  0.04173  0.04183  0.01110  0.80968  -229.65895  -231.57350  4.99985   768
1551.00  0.04172  0.04183  0.01113  0.80968  -229.58266  -231.46364  4.99985   768
1552.00  0.04174  0.04183  0.01086  0.80968  -229.94429  -231.76729  4.99985   768
1553.00  0.04172  0.04183  0.01026  0.80968  -230.87660  -232.69044  4.99985   768
1554.00  0.04175  0.04183  0.00972  0.80968  -231.68532  -233.53426  4.99985   768
1555.00  0.04174  0.04183  0.00944  0.80968  -232.13850  -234.00423  4.99985   768
1556.00  0.04173  0.04183  0.00962  0.80968  -231.93709  -233.84096  4.99985   768
1557.00  0.04174  0.04183  0.01012  0.80968  -231.19093  -233.12837  4.99985   768
1558.00  0.04173  0.04183  0.01084  0.80968  -230.09077  -232.03889  4.99985   768
1559.00  0.04172  0.04183  0.01141  0.80968  -229.19661  -231.13405  4.99985   768
1560.00  0.04173  0.04183  0.01157  0.80968  -228.88380  -230.78615  4.99985   768
1561.00  0.04174  0.04183  0.01133  0.80968  -229.20882  -231.05775  4.99985   768
1562.00  0.04172  0.04183  0.01072  0.80968  -230.14265  -231.99464  4.99985   768
1563.00  0.04172  0.04183  0.01004  0.80968  -231.20772  -233.03682  4.99985   768
1564.00  0.04172  0.04183  0.00948  0.80968  -232.06374  -233.91420  4.99985   768
1565.00  0.04172  0.04183  0.00932  0.80968  -232.34602  -234.24226  4.99985   768
1566.00  0.04173  0.04183  0.00965  0.80968  -231.91725  -233.83790  4.99985   768
1567.00  0.04173  0.04183  0.01021  0.80968  -231.07191  -233.02003  4.99985   768
1568.00  0.04172  0.04183  0.01090  0.80968  -229.96413  -231.90156  4.99985   768
1569.00  0.04174  0.04183  0.01130  0.80968  -229.33089  -231.22865  4.99985   768
1570.00  0.04173  0.04183  0.01133  0.80968  -229.25917  -231.13100  4.99985   768
1571.00  0.04173  0.04183  0.01101  0.80968  -229.71236  -231.53688  4.99985   768
1572.00  0.04174  0.04183  0.01035  0.80968  -230.67976  -232.50276  4.99985   768
1573.00  0.04173  0.04183  0.00976  0.80968  -231.62123  -233.43050  4.99985   768
1574.00  0.04172  0.04183  0.00934  0.80968  -232.30330  -234.14461  4.99985   768
1575.00  0.04172  0.04183  0.00936  0.80968  -232.31856  -234.22700  4.99985   768
1576.00  0.04173  0.04183  0.00972  0.80968  -231.78450  -233.71126  4.99985   768
1577.00  0.04172  0.04183  0.01030  0.80968  -230.90407  -232.86287  4.99985   768
1578.00  0.04173  0.04183  0.01081  0.80968  -230.13045  -232.06789  4.99985   768
1579.00  0.04172  0.04183  0.01127  0.80968  -229.41328  -231.35530  4.99985   768
1580.00  0.04172  0.04183  0.01121  0.80968  -229.45601  -231.32783  4.99985   768
1581.00  0.04172  0.04183  0.01080  0.80968  -230.05568  -231.90614  4.99985   768
1582.00  0.04173  0.04183  0.01052  0.80968  -230.47377  -232.34560  4.99985   768
1583.00  0.04172  0.04183  0.01013  0.80968  -231.11311  -232.97731  4.99985   768
1584.00  0.04172  0.04183  0.01033  0.80968  -230.80641  -232.72249  4.99985   768
1585.00  0.04174  0.04183  0.01063  0.80968  -230.38832  -232.29677  4.99985   768
1586.00  0.04173  0.04183  0.01140  0.80968  -229.27443  -231.25459  4.99985   768
1587.00  0.04172  0.04183  0.01220  0.80968  -227.97743  -229.91029  4.99985   768
1588.00  0.04172  0.04183  0.01240  0.80968  -227.63258  -229.51051  4.99985   768
1589.00  0.04173  0.04183  0.01253  0.80968  -227.41591  -229.28468  4.99985   768
1590.00  0.04173  0.04183  0.01210  0.80968  -228.04152  -229.87062  4.99985   768
1591.00  0.04173  0.04183  0.01161  0.80968  -228.74495  -230.58015  4.99985   768
1592.00  0.04173  0.04183  0.01106  0.80968  -229.66200  -231.48805  4.99985   768
1593.00  0.04171  0.04183  0.01072  0.80968  -230.20064  -232.06789  4.99985   768
1594.00  0.04173  0.04183  0.01090  0.80968  -229.96565  -231.89546  4.99985   768
1595.00  0.04172  0.04183  0.01131  0.80968  -229.34614  -231.28206  4.99985   768
1596.00  0.04172  0.04183  0.01196  0.80968  -228.38026  -230.34669  4.99985   768
1597.00  0.04173  0.04183  0.01240  0.80968  -227.66463  -229.58070  4.99985   768
1598.00  0.04174  0.04183  0.01247  0.80968  -227.50441  -229.37776  4.99985   768
1599.00  0.04172  0.04183  0.01222  0.80968  -227.94386  -229.79890  4.99985   768
1600.00  0.04173  0.04183  0.01161  0.80968  -228.76784  -230.57863  4.99985   768
1601.00  0.04170  0.04183  0.01104  0.80968  -229.66811  -231.51247  4.99985   768
1602.00  0.04173  0.04183  0.01068  0.80968  -230.24946  -232.09840  4.99985   768
1603.00  0.04172  0.04183  0.01063  0.80968  -230.35933  -232.24489  4.99985   768
1604.00  0.04172  0.04183  0.01099  0.80968  -229.83900  -231.75966  4.99985   768
1605.00  0.04173  0.04183  0.01145  0.80968  -229.11726  -231.05012  4.99985   768
1606.00  0.04173  0.04183  0.01211  0.80968  -228.13765  -230.07967  4.99985   768
1607.00  0.04172  0.04183  0.01237  0.80968  -227.68751  -229.58528  4.99985   768
1608.00  0.04173  0.04183  0.01224  0.80968  -227.88130  -229.72566  4.99985   768
1609.00  0.04172  0.04183  0.01172  0.80968  -228.60609  -230.45503  4.99985   768
1610.00  0.04173  0.04183  0.01096  0.80968  -229.76118  -231.57350  4.99985   768
1611.00  0.04174  0.04183  0.01039  0.80968  -230.69044  -232.55922  4.99985   768
1612.00  0.04173  0.04183  0.01023  0.80968  -230.95290  -232.83540  4.99985   768
1613.00  0.04173  0.04183  0.01040  0.80968  -230.73469  -232.66603  4.99985   768
1614.00  0.04174  0.04183  0.01094  0.80968  -229.95192  -231.90919  4.99985   768
1615.00  0.04173  0.04183  0.01154  0.80968  -228.97230  -230.91279  4.99985   768
1616.00  0.04173  0.04183  0.01200  0.80968  -228.29939  -230.23530  4.99985   768
1617.00  0.04172  0.04183  0.01214  0.80968  -228.06288  -229.93928  4.99985   768
1618.00  0.04172  0.04183  0.01186  0.80968  -228.41383  -230.26124  4.99985   768
1619.00  0.04173  0.04183  0.01138  0.80968  -229.08369  -230.90669  4.99985   768
1620.00  0.04172  0.04183  0.01058  0.80968  -230.31660  -232.12739  4.99985   768
1621.00  0.04172  0.04183  0.01019  0.80968  -231.01393  -232.85219  4.99985   768
1622.00  0.04173  0.04183  0.01009  0.80968  -231.17262  -233.05971  4.99985   768
1623.00  0.04172  0.04183  0.01055  0.80968  -230.54396  -232.47682  4.99985   768
1624.00  0.04172  0.04183  0.01145  0.80968  -229.17830  -231.14168  4.99985   768
1625.00  0.04173  0.04183  0.01215  0.80968  -228.07814  -230.02779  4.99985   768
1626.00  0.04173  0.04183  0.01249  0.80968  -227.49678  -229.38386  4.99985   768
1627.00  0.04171  0.04183  0.01246  0.80968  -227.55171  -229.41896  4.99985   768
1628.00  0.04173  0.04183  0.01212  0.80968  -228.02016  -229.87062  4.99985   768
1629.00  0.04171  0.04183  0.01153  0.80968  -228.88533  -230.72359  4.99985   768
1630.00  0.04173  0.04183  0.01096  0.80968  -229.83443  -231.69710  4.99985   768
1631.00  0.04173  0.04183  0.01077  0.80968  -230.12434  -232.00685  4.99985   768
1632.00  0.04172  0.04183  0.01085  0.80968  -230.03584  -231.95802  4.99985   768
1633.00  0.04173  0.04183  0.01146  0.80968  -229.12031  -231.09743  4.99985   768
1634.00  0.04171  0.04183  0.01210  0.80968  -228.17427  -230.10408  4.99985   768
1635.00  0.04173  0.04183  0.01255  0.80968  -227.40675  -229.31673  4.99985   768
1636.00  0.04172  0.04183  0.01269  0.80968  -227.17787  -229.06343  4.99985   768
1637.00  0.04173  0.04183  0.01231  0.80968  -227.67836  -229.52577  4.99985   768
1638.00  0.04172  0.04183  0.01179  0.80968  -228.51149  -230.31618  4.99985   768
1639.00  0.04175  0.04183  0.01117  0.80968  -229.46669  -231.29121  4.99985   768
1640.00  0.04172  0.04183  0.01080  0.80968  -230.04347  -231.90004  4.99985   768
1641.00  0.04170  0.04183  0.01078  0.80968  -230.17012  -232.05873  4.99985   768
1642.00  0.04170  0.04183  0.01114  0.80968  -229.61928  -231.55061  4.99985   768
1643.00  0.04173  0.04183  0.01180  0.80968  -228.62746  -230.58931  4.99985   768
1644.00  0.04173  0.04183  0.01239  0.80968  -227.68904  -229.63563  4.99985   768
1645.00  0.04172  0.04183  0.01265  0.80968  -227.24959  -229.16414  4.99985   768
1646.00  0.04172  0.04183  0.01254  0.80968  -227.41133  -229.28163  4.99985   768
1647.00  0.04172  0.04183  0.01199  0.80968  -228.23530  -230.06898  4.99985   768
1648.00  0.04172  0.04183  0.01143  0.80968  -229.08522  -230.93111  4.99985   768
1649.00  0.04172  0.04183  0.01086  0.80968  -229.93361  -231.78712  4.99985   768
1650.00  0.04173  0.04183  0.01060  0.80968  -230.36238  -232.24031  4.99985   768
1651.00  0.04171  0.04183  0.01082  0.80968  -230.14265  -232.05568  4.99985   768
1652.00  0.04172  0.04183  0.01138  0.80968  -229.21492  -231.14778  4.99985   768
1653.00  0.04172  0.04183  0.01206  0.80968  -228.21699  -230.15138  4.99985   768
1654.00  0.04172  0.04183  0.01255  0.80968  -227.42811  -229.33198  4.99985   768
1655.00  0.04172  0.04183  0.01261  0.80968  -227.26332  -229.14278  4.99985   768
1656.00  0.04172  0.04183  0.01247  0.80968  -227.50593  -229.34572  4.99985   768
1657.00  0.04173  0.04183  0.01190  0.80968  -228.33754  -230.14680  4.99985   768
1658.00  0.04172  0.04183  0.01136  0.80968  -229.20271  -231.05775  4.99985   768
1659.00  0.04171  0.04183  0.01100  0.80968  -229.77186  -231.63454  4.99985   768
1660.00  0.04172  0.04183  0.01105  0.80968  -229.71541  -231.64064  4.99985   768
1661.00  0.04173  0.04183  0.01155  0.80968  -229.02876  -230.98451  4.99985   768
1662.00  0.04173  0.04183  0.01218  0.80968  -228.04152  -229.98811  4.99985   768
1663.00  0.04171  0.04183  0.01279  0.80968  -227.05427  -228.99324  4.99985   768
1664.00  0.04172  0.04183  0.01296  0.80968  -226.78725  -228.67128  4.99985   768
1665.00  0.04172  0.04183  0.01274  0.80968  -227.08784  -228.95662  4.99985   768
1666.00  0.04172  0.04183  0.01227  0.80968  -227.84010  -229.67988  4.99985   768
1667.00  0.04173  0.04183  0.01165  0.80968  -228.71596  -230.52370  4.99985   768
1668.00  0.04172  0.04183  0.01113  0.80968  -229.50331  -231.36446  4.99985   768
1669.00  0.04172  0.04183  0.01101  0.80968  -229.74898  -231.61775  4.99985   768
1670.00  0.04173  0.04183  0.01125  0.80968  -229.43159  -231.35530  4.99985   768
1671.00  0.04172  0.04183  0.01187  0.80968  -228.48250  -230.41536  4.99985   768
1672.00  0.04173  0.04183  0.01260  0.80968  -227.39912  -229.33046  4.99985   768
1673.00  0.04172  0.04183  0.01297  0.80968  -226.79335  -228.69264  4.99985   768
1674.00  0.04172  0.04183  0.01306  0.80968  -226.53853  -228.42103  4.99985   768
1675.00  0.04171  0.04183  0.01266  0.80968  -227.17787  -229.01613  4.99985   768
1676.00  0.04171  0.04183  0.01220  0.80968  -227.87672  -229.70277  4.99985   768
1677.00  0.04172  0.04183  0.01156  0.80968  -228.88228  -230.72359  4.99985   768
1678.00  0.04173  0.04183  0.01120  0.80968  -229.45296  -231.32936  4.99985   768
1679.00  0.04173  0.04183  0.01125  0.80968  -229.40718  -231.32783  4.99985   768
1680.00  0.04172  0.04183  0.01167  0.80968  -228.81056  -230.76021  4.99985   768
1681.00  0.04173  0.04183  0.01230  0.80968  -227.85994  -229.80348  4.99985   768
1682.00  0.04172  0.04183  0.01288  0.80968  -226.94136  -228.86659  4.99985   768
1683.00  0.04171  0.04183  0.01303  0.80968  -226.72316  -228.61787  4.99985   768
1684.00  0.04172  0.04183  0.01287  0.80968  -226.84523  -228.69112  4.99985   768
1685.00  0.04172  0.04183  0.01233  0.80968  -227.68751  -229.51204  4.99985   768
1686.00  0.04171  0.04183  0.01172  0.80968  -228.60457  -230.43062  4.99985   768
1687.00  0.04173  0.04183  0.01122  0.80968  -229.39650  -231.22713  4.99985   768
1688.00  0.04172  0.04183  0.01109  0.80968  -229.65742  -231.52162  4.99985   768
1689.00  0.04173  0.04183  0.01148  0.80968  -229.10353  -231.02266  4.99985   768
1690.00  0.04172  0.04183  0.01200  0.80968  -228.33449  -230.26582  4.99985   768
1691.00  0.04172  0.04183  0.01268  0.80968  -227.22517  -229.16109  4.99985   768
1692.00  0.04173  0.04183  0.01305  0.80968  -226.63466  -228.54616  4.99985   768
1693.00  0.04172  0.04183  0.01306  0.80968  -226.59804  -228.47444  4.99985   768
1694.00  0.04172  0.04183  0.01266  0.80968  -227.19466  -229.04054  4.99985   768
1695.00  0.04172  0.04183  0.01204  0.80968  -228.13307  -229.95454  4.99985   768
1696.00  0.04172  0.04183  0.01139  0.80968  -229.13252  -230.98146  4.99985   768
1697.00  0.04172  0.04183  0.01109  0.80968  -229.65132  -231.52162  4.99985   768
1698.00  0.04171  0.04183  0.01119  0.80968  -229.50178  -231.42091  4.99985   768
1699.00  0.04172  0.04183  0.01160  0.80968  -228.91432  -230.85786  4.99985   768
1700.00  0.04171  0.04183  0.01224  0.80968  -227.94081  -229.86299  4.99985   768
1701.00  0.04173  0.04183  0.01274  0.80968  -227.12294  -229.03749  4.99985   768
1702.00  0.04173  0.04183  0.01287  0.80968  -226.88948  -228.75978  4.99985   768
1703.00  0.04172  0.04183  0.01279  0.80968  -227.00392  -228.85286  4.99985   768
1704.00  0.04172  0.04183  0.01229  0.80968  -227.73329  -229.55171  4.99985   768
1705.00  0.04172  0.04183  0.01169  0.80968  -228.65187  -230.46876  4.99985   768
1706.00  0.04172  0.04183  0.01126  0.80968  -229.36751  -231.21492  4.99985   768
1707.00  0.04172  0.04183  0.01120  0.80968  -229.48653  -231.36598  4.99985   768
1708.00  0.04173  0.04183  0.01153  0.80968  -229.04097  -230.97383  4.99985   768
1709.00  0.04172  0.04183  0.01213  0.80968  -228.13917  -230.08882  4.99985   768
1710.00  0.04173  0.04183  0.01269  0.80968  -227.23433  -229.17634  4.99985   768
1711.00  0.04172  0.04183  0.01297  0.80968  -226.76741  -228.67586  4.99985   768
1712.00  0.04172  0.04183  0.01290  0.80968  -226.85744  -228.73689  4.99985   768
1713.00  0.04172  0.04183  0.01248  0.80968  -227.43269  -229.29841  4.99985   768
1714.00  0.04172  0.04183  0.01189  0.80968  -228.37111  -230.20936  4.99985   768
1715.00  0.04172  0.04183  0.01135  0.80968  -229.17525  -231.03487  4.99985   768
1716.00  0.04172  0.04183  0.01113  0.80968  -229.59791  -231.48347  4.99985   768
1717.00  0.04173  0.04183  0.01127  0.80968  -229.44227  -231.34462  4.99985   768
1718.00  0.04172  0.04183  0.01173  0.80968  -228.73274  -230.66408  4.99985   768
1719.00  0.04174  0.04183  0.01231  0.80968  -227.83400  -229.74702  4.99985   768
1720.00  0.04172  0.04183  0.01277  0.80968  -227.10921  -229.02528  4.99985   768
1721.00  0.04171  0.04183  0.01286  0.80968  -226.89558  -228.76131  4.99985   768
1722.00  0.04172  0.04183  0.01263  0.80968  -227.21754  -229.06953  4.99985   768
1723.00  0.04172  0.04183  0.01201  0.80968  -228.13765  -229.94691  4.99985   768
1724.00  0.04171  0.04183  0.01146  0.80968  -229.01198  -230.85634  4.99985   768
1725.00  0.04172  0.04183  0.01107  0.80968  -229.63911  -231.48653  4.99985   768
1726.00  0.04172  0.04183  0.01104  0.80968  -229.71693  -231.62233  4.99985   768
1727.00  0.04172  0.04183  0.01137  0.80968  -229.26070  -231.19966  4.99985   768
1728.00  0.04172  0.04183  0.01200  0.80968  -228.31312  -230.25362  4.99985   768
1729.00  0.04171  0.04183  0.01249  0.80968  -227.53645  -229.47542  4.99985   768
1730.00  0.04172  0.04183  0.01286  0.80968  -226.97340  -228.90321  4.99985   768
1731.00  0.04172  0.04183  0.01275  0.80968  -227.05580  -228.92305  4.99985   768
1732.00  0.04171  0.04183  0.01230  0.80968  -227.72414  -229.55781  4.99985   768
1733.00  0.04171  0.04183  0.01173  0.80968  -228.58168  -230.39552  4.99985   768
1734.00  0.04172  0.04183  0.01121  0.80968  -229.40260  -231.25307  4.99985   768
1735.00  0.04173  0.04183  0.01097  0.80968  -229.81459  -231.68489  4.99985   768
1736.00  0.04172  0.04183  0.01129  0.80968  -229.35530  -231.26527  4.99985   768
1737.00  0.04173  0.04183  0.01175  0.80968  -228.70528  -230.64424  4.99985   768
1738.00  0.04171  0.04183  0.01237  0.80968  -227.76381  -229.68904  4.99985   768
1739.00  0.04172  0.04183  0.01288  0.80968  -226.92152  -228.82387  4.99985   768
1740.00  0.04172  0.04183  0.01304  0.80968  -226.65755  -228.53700  4.99985   768
1741.00  0.04171  0.04183  0.01284  0.80968  -226.95051  -228.79487  4.99985   768
1742.00  0.04172  0.04183  0.01223  0.80968  -227.83247  -229.65242  4.99985   768
1743.00  0.04172  0.04183  0.01155  0.80968  -228.84413  -230.68086  4.99985   768
1744.00  0.04172  0.04183  0.01110  0.80968  -229.60707  -231.46821  4.99985   768
1745.00  0.04172  0.04183  0.01114  0.80968  -229.60554  -231.52925  4.99985   768
1746.00  0.04171  0.04183  0.01152  0.80968  -229.05928  -231.00282  4.99985   768
1747.00  0.04172  0.04183  0.01209  0.80968  -228.16969  -230.11018  4.99985   768
1748.00  0.04172  0.04183  0.01254  0.80968  -227.44948  -229.37166  4.99985   768
1749.00  0.04171  0.04183  0.01280  0.80968  -227.04054  -228.96730  4.99985   768
1750.00  0.04173  0.04183  0.01268  0.80968  -227.19466  -229.05580  4.99985   768
1751.00  0.04171  0.04183  0.01220  0.80968  -227.85689  -229.68141  4.99985   768
1752.00  0.04172  0.04183  0.01153  0.80968  -228.85786  -230.66713  4.99985   768
1753.00  0.04173  0.04183  0.01092  0.80968  -229.85274  -231.67573  4.99985   768
1754.00  0.04172  0.04183  0.01075  0.80968  -230.16859  -232.03126  4.99985   768
1755.00  0.04172  0.04183  0.01101  0.80968  -229.79170  -231.70473  4.99985   768
1756.00  0.04172  0.04183  0.01165  0.80968  -228.82124  -230.76326  4.99985   768
1757.00  0.04172  0.04183  0.01239  0.80968  -227.68294  -229.62038  4.99985   768
1758.00  0.04172  0.04183  0.01269  0.80968  -227.20839  -229.09090  4.99985   768
1759.00  0.04172  0.04183  0.01274  0.80968  -227.08937  -228.97493  4.99985   768
1760.00  0.04172  0.04183  0.01245  0.80968  -227.50441  -229.35792  4.99985   768
1761.00  0.04171  0.04183  0.01182  0.80968  -228.43825  -230.27345  4.99985   768
1762.00  0.04171  0.04183  0.01117  0.80968  -229.44380  -231.28664  4.99985   768
1763.00  0.04171  0.04183  0.01079  0.80968  -230.06636  -231.92598  4.99985   768
1764.00  0.04171  0.04183  0.01081  0.80968  -230.09383  -232.01601  4.99985   768
1765.00  0.04172  0.04183  0.01126  0.80968  -229.47584  -231.41481  4.99985   768
1766.00  0.04170  0.04183  0.01192  0.80968  -228.43214  -230.38942  4.99985   768
1767.00  0.04171  0.04183  0.01252  0.80968  -227.52119  -229.46321  4.99985   768
1768.00  0.04172  0.04183  0.01290  0.80968  -226.86354  -228.74605  4.99985   768
1769.00  0.04172  0.04183  0.01275  0.80968  -227.05427  -228.91237  4.99985   768
1770.00  0.04172  0.04183  0.01237  0.80968  -227.62953  -229.43422  4.99985   768
1771.00  0.04173  0.04183  0.01163  0.80968  -228.71138  -230.52980  4.99985   768
1772.00  0.04172  0.04183  0.01108  0.80968  -229.55672  -231.41176  4.99985   768
1773.00  0.04172  0.04183  0.01093  0.80968  -229.88631  -231.75355  4.99985   768
1774.00  0.04173  0.04183  0.01121  0.80968  -229.53535  -231.45906  4.99985   768
1775.00  0.04174  0.04183  0.01174  0.80968  -228.71901  -230.65797  4.99985   768
1776.00  0.04171  0.04183  0.01238  0.80968  -227.70735  -229.66615  4.99985   768
1777.00  0.04172  0.04183  0.01285  0.80968  -226.96730  -228.87575  4.99985   768
1778.00  0.04172  0.04183  0.01288  0.80968  -226.88032  -228.76436  4.99985   768
1779.00  0.04172  0.04183  0.01253  0.80968  -227.37013  -229.22975  4.99985   768
1780.00  0.04173  0.04183  0.01194  0.80968  -228.26124  -230.10560  4.99985   768
1781.00  0.04172  0.04183  0.01125  0.80968  -229.34614  -231.17525  4.99985   768
1782.00  0.04172  0.04183  0.01077  0.80968  -230.11519  -231.97328  4.99985   768
1783.00  0.04172  0.04183  0.01082  0.80968  -230.08620  -231.96565  4.99985   768
1784.00  0.04172  0.04183  0.01125  0.80968  -229.43159  -231.36293  4.99985   768
1785.00  0.04171  0.04183  0.01192  0.80968  -228.43214  -230.37111  4.99985   768
1786.00  0.04172  0.04183  0.01244  0.80968  -227.60969  -229.51662  4.99985   768
1787.00  0.04172  0.04183  0.01270  0.80968  -227.18397  -229.08174  4.99985   768
1788.00  0.04173  0.04183  0.01257  0.80968  -227.31673  -229.15651  4.99985   768
1789.00  0.04172  0.04183  0.01208  0.80968  -228.03694  -229.87520  4.99985   768
1790.00  0.04171  0.04183  0.01141  0.80968  -229.04860  -230.86092  4.99985   768
1791.00  0.04171  0.04183  0.01098  0.80968  -229.74135  -231.59944  4.99985   768
1792.00  0.04172  0.04183  0.01072  0.80968  -230.20369  -232.07399  4.99985   768
1793.00  0.04171  0.04183  0.01104  0.80968  -229.78560  -231.71846  4.99985   768
1794.00  0.04171  0.04183  0.01162  0.80968  -228.91279  -230.86397  4.99985   768
1795.00  0.04170  0.04183  0.01224  0.80968  -227.94386  -229.88588  4.99985   768
1796.00  0.04171  0.04183  0.01267  0.80968  -227.26942  -229.20991  4.99985   768
1797.00  0.04171  0.04183  0.01276  0.80968  -227.09547  -229.00087  4.99985   768
1798.00  0.04171  0.04183  0.01239  0.80968  -227.59444  -229.42964  4.99985   768
1799.00  0.04171  0.04183  0.01183  0.80968  -228.44282  -230.29176  4.99985   768
1800.00  0.04171  0.04183  0.01129  0.80968  -229.30800  -231.13252  4.99985   768
1801.00  0.04172  0.04183  0.01087  0.80968  -229.96107  -231.81306  4.99985   768
1802.00  0.04171  0.04183  0.01092  0.80968  -229.90004  -231.81612  4.99985   768
1803.00  0.04171  0.04183  0.01138  0.80968  -229.25307  -231.18440  4.99985   768
1804.00  0.04172  0.04183  0.01203  0.80968  -228.28413  -230.22768  4.99985   768
1805.00  0.04172  0.04183  0.01249  0.80968  -227.53798  -229.44337  4.99985   768
1806.00  0.04171  0.04183  0.01272  0.80968  -227.13972  -229.02681  4.99985   768
1807.00  0.04172  0.04183  0.01264  0.80968  -227.19160  -229.06038  4.99985   768
1808.00  0.04171  0.04183  0.01210  0.80968  -228.00185  -229.81721  4.99985   768
1809.00  0.04171  0.04183  0.01150  0.80968  -228.94484  -230.78615  4.99985   768
1810.00  0.04171  0.04183  0.01110  0.80968  -229.61623  -231.47584  4.99985   768
1811.00  0.04173  0.04183  0.01095  0.80968  -229.85426  -231.74898  4.99985   768
1812.00  0.04171  0.04183  0.01110  0.80968  -229.65895  -231.57655  4.99985   768
1813.00  0.04172  0.04183  0.01163  0.80968  -228.87465  -230.84871  4.99985   768
1814.00  0.04170  0.04183  0.01224  0.80968  -227.94234  -229.89046  4.99985   768
1815.00  0.04171  0.04183  0.01259  0.80968  -227.37776  -229.28468  4.99985   768
1816.00  0.04170  0.04183  0.01257  0.80968  -227.36708  -229.22822  4.99985   768
1817.00  0.04171  0.04183  0.01219  0.80968  -227.89656  -229.72414  4.99985   768
1818.00  0.04172  0.04183  0.01170  0.80968  -228.63661  -230.45656  4.99985   768
1819.00  0.04172  0.04183  0.01115  0.80968  -229.48653  -231.31410  4.99985   768
1820.00  0.04172  0.04183  0.01084  0.80968  -230.00227  -231.85121  4.99985   768
1821.00  0.04172  0.04183  0.01089  0.80968  -229.96565  -231.86800  4.99985   768
1822.00  0.04171  0.04183  0.01135  0.80968  -229.24391  -231.17830  4.99985   768
1823.00  0.04171  0.04183  0.01202  0.80968  -228.26124  -230.21242  4.99985   768
1824.00  0.04172  0.04183  0.01245  0.80968  -227.58375  -229.49068  4.99985   768
1825.00  0.04171  0.04183  0.01268  0.80968  -227.20534  -229.10463  4.99985   768
1826.00  0.04171  0.04183  0.01249  0.80968  -227.46168  -229.31825  4.99985   768
1827.00  0.04172  0.04183  0.01198  0.80968  -228.19563  -230.03541  4.99985   768
1828.00  0.04172  0.04183  0.01139  0.80968  -229.13710  -230.97536  4.99985   768
1829.00  0.04173  0.04183  0.01096  0.80968  -229.80391  -231.66505  4.99985   768
1830.00  0.04172  0.04183  0.01082  0.80968  -230.08314  -231.97786  4.99985   768
1831.00  0.04172  0.04183  0.01119  0.80968  -229.53078  -231.48500  4.99985   768
1832.00  0.04172  0.04183  0.01176  0.80968  -228.64729  -230.59236  4.99985   768
1833.00  0.04170  0.04183  0.01232  0.80968  -227.80196  -229.74855  4.99985   768
1834.00  0.04170  0.04183  0.01263  0.80968  -227.26790  -229.16719  4.99985   768
1835.00  0.04171  0.04183  0.01249  0.80968  -227.44032  -229.29841  4.99985   768
1836.00  0.04172  0.04183  0.01206  0.80968  -228.11781  -229.94997  4.99985   768
1837.00  0.04172  0.04183  0.01149  0.80968  -228.95247  -230.75563  4.99985   768
1838.00  0.04172  0.04183  0.01105  0.80968  -229.66353  -231.49873  4.99985   768
1839.00  0.04172  0.04183  0.01085  0.80968  -229.97481  -231.83595  4.99985   768
1840.00  0.04172  0.04183  0.01099  0.80968  -229.83137  -231.73219  4.99985   768
1841.00  0.04172  0.04183  0.01147  0.80968  -229.14320  -231.10048  4.99985   768
1842.00  0.04172  0.04183  0.01209  0.80968  -228.16054  -230.11018  4.99985   768
1843.00  0.04171  0.04183  0.01252  0.80968  -227.45711  -229.38081  4.99985   768
1844.00  0.04172  0.04183  0.01262  0.80968  -227.26637  -229.16872  4.99985   768
1845.00  0.04170  0.04183  0.01232  0.80968  -227.68904  -229.52882  4.99985   768
1846.00  0.04172  0.04183  0.01170  0.80968  -228.65950  -230.50233  4.99985   768
1847.00  0.04171  0.04183  0.01117  0.80968  -229.49873  -231.35530  4.99985   768
1848.00  0.04171  0.04183  0.01077  0.80968  -230.09840  -231.96260  4.99985   768
1849.00  0.04171  0.04183  0.01077  0.80968  -230.15333  -232.06483  4.99985   768
1850.00  0.04171  0.04183  0.01108  0.80968  -229.69710  -231.62233  4.99985   768
1851.00  0.04171  0.04183  0.01165  0.80968  -228.82429  -230.76936  4.99985   768
1852.00  0.04172  0.04183  0.01223  0.80968  -227.94691  -229.86452  4.99985   768
1853.00  0.04172  0.04183  0.01249  0.80968  -227.49983  -229.37929  4.99985   768
1854.00  0.04172  0.04183  0.01231  0.80968  -227.71040  -229.54713  4.99985   768
1855.00  0.04172  0.04183  0.01188  0.80968  -228.40010  -230.23836  4.99985   768
1856.00  0.04172  0.04183  0.01124  0.80968  -229.32173  -231.14015  4.99985   768
1857.00  0.04170  0.04183  0.01080  0.80968  -230.05873  -231.89241  4.99985   768
1858.00  0.04172  0.04183  0.01057  0.80968  -230.45546  -232.33339  4.99985   768
1859.00  0.04170  0.04183  0.01091  0.80968  -229.94887  -231.89699  4.99985   768
1860.00  0.04171  0.04183  0.01143  0.80968  -229.18898  -231.14015  4.99985   768
1861.00  0.04171  0.04183  0.01208  0.80968  -228.17885  -230.13612  4.99985   768
1862.00  0.04171  0.04183  0.01249  0.80968  -227.51662  -229.44490  4.99985   768
1863.00  0.04172  0.04183  0.01258  0.80968  -227.37623  -229.26485  4.99985   768
1864.00  0.04170  0.04183  0.01238  0.80968  -227.60817  -229.47389  4.99985   768
1865.00  0.04171  0.04183  0.01171  0.80968  -228.61983  -230.43977  4.99985   768
1866.00  0.04170  0.04183  0.01110  0.80968  -229.60402  -231.45601  4.99985   768
1867.00  0.04171  0.04183  0.01069  0.80968  -230.24184  -232.08620  4.99985   768
1868.00  0.04173  0.04183  0.01069  0.80968  -230.30592  -232.19453  4.99985   768
1869.00  0.04171  0.04183  0.01116  0.80968  -229.59944  -231.54146  4.99985   768
1870.00  0.04172  0.04183  0.01179  0.80968  -228.59999  -230.52675  4.99985   768
1871.00  0.04172  0.04183  0.01237  0.80968  -227.71193  -229.64479  4.99985   768
1872.00  0.04171  0.04183  0.01255  0.80968  -227.38234  -229.25569  4.99985   768
1873.00  0.04171  0.04183  0.01251  0.80968  -227.43269  -229.30299  4.99985   768
1874.00  0.04171  0.04183  0.01206  0.80968  -228.09187  -229.89961  4.99985   768
1875.00  0.04171  0.04183  0.01142  0.80968  -229.05318  -230.86092  4.99985   768
1876.00  0.04171  0.04183  0.01090  0.80968  -229.90004  -231.77186  4.99985   768
1877.00  0.04172  0.04183  0.01069  0.80968  -230.28914  -232.17775  4.99985   768
1878.00  0.04172  0.04183  0.01090  0.80968  -229.97328  -231.89088  4.99985   768
1879.00  0.04171  0.04183  0.01151  0.80968  -229.08369  -231.05623  4.99985   768
1880.00  0.04172  0.04183  0.01221  0.80968  -228.00337  -229.95607  4.99985   768
1881.00  0.04170  0.04183  0.01254  0.80968  -227.42506  -229.35487  4.99985   768
1882.00  0.04171  0.04183  0.01259  0.80968  -227.34267  -229.20381  4.99985   768
1883.00  0.04171  0.04183  0.01233  0.80968  -227.68904  -229.53187  4.99985   768
1884.00  0.04172  0.04183  0.01169  0.80968  -228.65034  -230.46571  4.99985   768
1885.00  0.04172  0.04183  0.01095  0.80968  -229.77492  -231.59639  4.99985   768
1886.00  0.04171  0.04183  0.01068  0.80968  -230.27083  -232.13502  4.99985   768
1887.00  0.04172  0.04183  0.01067  0.80968  -230.30745  -232.20064  4.99985   768
1888.00  0.04171  0.04183  0.01107  0.80968  -229.70778  -231.62843  4.99985   768
1889.00  0.04171  0.04183  0.01179  0.80968  -228.65340  -230.58931  4.99985   768
1890.00  0.04172  0.04183  0.01236  0.80968  -227.73939  -229.67226  4.99985   768
1891.00  0.04171  0.04183  0.01265  0.80968  -227.25569  -229.15651  4.99985   768
1892.00  0.04170  0.04183  0.01244  0.80968  -227.56087  -229.42659  4.99985   768
1893.00  0.04170  0.04183  0.01207  0.80968  -228.10103  -229.93471  4.99985   768
1894.00  0.04172  0.04183  0.01143  0.80968  -229.05928  -230.87923  4.99985   768
1895.00  0.04170  0.04183  0.01086  0.80968  -229.95497  -231.80543  4.99985   768
1896.00  0.04171  0.04183  0.01063  0.80968  -230.37154  -232.25862  4.99985   768
1897.00  0.04172  0.04183  0.01097  0.80968  -229.86647  -231.83443  4.99985   768
1898.00  0.04171  0.04183  0.01154  0.80968  -229.03792  -230.99214  4.99985   768
1899.00  0.04172  0.04183  0.01215  0.80968  -228.04152  -229.96675  4.99985   768
1900.00  0.04170  0.04183  0.01261  0.80968  -227.34877  -229.28773  4.99985   768
1901.00  0.04172  0.04183  0.01256  0.80968  -227.37623  -229.23128  4.99985   768
1902.00  0.04170  0.04183  0.01221  0.80968  -227.86604  -229.69972  4.99985   768
1903.00  0.04171  0.04183  0.01171  0.80968  -228.62135  -230.43825  4.99985   768
1904.00  0.04172  0.04183  0.01121  0.80968  -229.38429  -231.23323  4.99985   768
1905.00  0.04171  0.04183  0.01078  0.80968  -230.12739  -231.95650  4.99985   768
1906.00  0.04173  0.04183  0.01084  0.80968  -230.04042  -231.91072  4.99985   768
1907.00  0.04172  0.04183  0.01133  0.80968  -229.34462  -231.28664  4.99985   768
1908.00  0.04170  0.04183  0.01190  0.80968  -228.42909  -230.38179  4.99985   768
1909.00  0.04170  0.04183  0.01245  0.80968  -227.58223  -229.51204  4.99985   768
1910.00  0.04172  0.04183  0.01273  0.80968  -227.13515  -229.04664  4.99985   768
1911.00  0.04171  0.04183  0.01250  0.80968  -227.46168  -229.32741  4.99985   768
1912.00  0.04170  0.04183  0.01204  0.80968  -228.12239  -229.96065  4.99985   768
1913.00  0.04170  0.04183  0.01134  0.80968  -229.21492  -231.04249  4.99985   768
1914.00  0.04172  0.04183  0.01084  0.80968  -229.98091  -231.83595  4.99985   768
1915.00  0.04170  0.04183  0.01077  0.80968  -230.15639  -232.06026  4.99985   768
1916.00  0.04172  0.04183  0.01100  0.80968  -229.81612  -231.74287  4.99985   768
1917.00  0.04171  0.04183  0.01160  0.80968  -228.92653  -230.86092  4.99985   768
1918.00  0.04173  0.04183  0.01221  0.80968  -227.96217  -229.88893  4.99985   768
1919.00  0.04170  0.04183  0.01253  0.80968  -227.42659  -229.33504  4.99985   768
1920.00  0.04171  0.04183  0.01247  0.80968  -227.44948  -229.31367  4.99985   768
1921.00  0.04171  0.04183  0.01214  0.80968  -227.99727  -229.82789  4.99985   768
1922.00  0.04171  0.04183  0.01151  0.80968  -228.93263  -230.74037  4.99985   768
1923.00  0.04171  0.04183  0.01092  0.80968  -229.84511  -231.67268  4.99985   768
1924.00  0.04169  0.04183  0.01073  0.80968  -230.16402  -232.04195  4.99985   768
1925.00  0.04170  0.04183  0.01077  0.80968  -230.15791  -232.06178  4.99985   768
1926.00  0.04171  0.04183  0.01129  0.80968  -229.38887  -231.34004  4.99985   768
1927.00  0.04172  0.04183  0.01188  0.80968  -228.47487  -230.41536  4.99985   768
1928.00  0.04170  0.04183  0.01240  0.80968  -227.67683  -229.61885  4.99985   768
1929.00  0.04170  0.04183  0.01256  0.80968  -227.40980  -229.29231  4.99985   768
1930.00  0.04171  0.04183  0.01235  0.80968  -227.68141  -229.54256  4.99985   768
1931.00  0.04170  0.04183  0.01195  0.80968  -228.28261  -230.13002  4.99985   768
1932.00  0.04172  0.04183  0.01129  0.80968  -229.27290  -231.11726  4.99985   768
1933.00  0.04170  0.04183  0.01094  0.80968  -229.86037  -231.71846  4.99985   768
1934.00  0.04172  0.04183  0.01078  0.80968  -230.14723  -232.03279  4.99985   768
1935.00  0.04171  0.04183  0.01106  0.80968  -229.72914  -231.61012  4.99985   768
1936.00  0.04172  0.04183  0.01164  0.80968  -228.88380  -230.83498  4.99985   768
1937.00  0.04172  0.04183  0.01222  0.80968  -227.98506  -229.93165  4.99985   768
1938.00  0.04171  0.04183  0.01260  0.80968  -227.31215  -229.19923  4.99985   768
1939.00  0.04172  0.04183  0.01255  0.80968  -227.37776  -229.23128  4.99985   768
1940.00  0.04171  0.04183  0.01220  0.80968  -227.91487  -229.74702  4.99985   768
1941.00  0.04171  0.04183  0.01154  0.80968  -228.90974  -230.73732  4.99985   768
1942.00  0.04173  0.04183  0.01106  0.80968  -229.63454  -231.48042  4.99985   768
1943.00  0.04172  0.04183  0.01080  0.80968  -230.09230  -231.97175  4.99985   768
1944.00  0.04172  0.04183  0.01096  0.80968  -229.88325  -231.79628  4.99985   768
1945.00  0.04172  0.04183  0.01143  0.80968  -229.16914  -231.12184  4.99985   768
1946.00  0.04171  0.04183  0.01203  0.80968  -228.27956  -230.23530  4.99985   768
1947.00  0.04170  0.04183  0.01253  0.80968  -227.46779  -229.36098  4.99985   768
1948.00  0.04171  0.04183  0.01261  0.80968  -227.28773  -229.18245  4.99985   768
1949.00  0.04171  0.04183  0.01242  0.80968  -227.58833  -229.44032  4.99985   768
1950.00  0.04171  0.04183  0.01186  0.80968  -228.41383  -230.23988  4.99985   768
1951.00  0.04170  0.04183  0.01122  0.80968  -229.37971  -231.19661  4.99985   768
1952.00  0.04172  0.04183  0.01079  0.80968  -230.03889  -231.88173  4.99985   768
1953.00  0.04171  0.04183  0.01077  0.80968  -230.10298  -231.99159  4.99985   768
1954.00  0.04172  0.04183  0.01115  0.80968  -229.57045  -231.48958  4.99985   768
1955.00  0.04172  0.04183  0.01170  0.80968  -228.78920  -230.72816  4.99985   768
1956.00  0.04171  0.04183  0.01229  0.80968  -227.85689  -229.77296  4.99985   768
1957.00  0.04171  0.04183  0.01264  0.80968  -227.26332  -229.17024  4.99985   768
1958.00  0.04171  0.04183  0.01254  0.80968  -227.40675  -229.25416  4.99985   768
1959.00  0.04171  0.04183  0.01214  0.80968  -227.96980  -229.81416  4.99985   768
1960.00  0.04170  0.04183  0.01158  0.80968  -228.83192  -230.67018  4.99985   768
1961.00  0.04171  0.04183  0.01097  0.80968  -229.77797  -231.61470  4.99985   768
1962.00  0.04172  0.04183  0.01067  0.80968  -230.27388  -232.16707  4.99985   768
1963.00  0.04172  0.04183  0.01082  0.80968  -230.10298  -232.02363  4.99985   768
1964.00  0.04171  0.04183  0.01141  0.80968  -229.26527  -231.22407  4.99985   768
1965.00  0.04171  0.04183  0.01204  0.80968  -228.23530  -230.16817  4.99985   768
1966.00  0.04172  0.04183  0.01249  0.80968  -227.54866  -229.48457  4.99985   768
1967.00  0.04170  0.04183  0.01252  0.80968  -227.40675  -229.26790  4.99985   768
1968.00  0.04171  0.04183  0.01232  0.80968  -227.72261  -229.55629  4.99985   768
1969.00  0.04170  0.04183  0.01179  0.80968  -228.48402  -230.30092  4.99985   768
1970.00  0.04172  0.04183  0.01125  0.80968  -229.36446  -231.20424  4.99985   768
1971.00  0.04171  0.04183  0.01083  0.80968  -229.99312  -231.83290  4.99985   768
1972.00  0.04170  0.04183  0.01067  0.80968  -230.29829  -232.18233  4.99985   768
1973.00  0.04171  0.04183  0.01113  0.80968  -229.62538  -231.56587  4.99985   768
1974.00  0.04171  0.04183  0.01180  0.80968  -228.57710  -230.54811  4.99985   768
1975.00  0.04171  0.04183  0.01238  0.80968  -227.70582  -229.63106  4.99985   768
1976.00  0.04172  0.04183  0.01262  0.80968  -227.28926  -229.18245  4.99985   768
1977.00  0.04171  0.04183  0.01257  0.80968  -227.35487  -229.23433  4.99985   768
1978.00  0.04170  0.04183  0.01217  0.80968  -227.90877  -229.76381  4.99985   768
1979.00  0.04171  0.04183  0.01157  0.80968  -228.87770  -230.71138  4.99985   768
1980.00  0.04170  0.04183  0.01093  0.80968  -229.81459  -231.66353  4.99985   768
1981.00  0.04171  0.04183  0.01070  0.80968  -230.23268  -232.11977  4.99985   768
1982.00  0.04171  0.04183  0.01085  0.80968  -230.08467  -231.99769  4.99985   768
1983.00  0.04170  0.04183  0.01139  0.80968  -229.23933  -231.17982  4.99985   768
1984.00  0.04172  0.04183  0.01202  0.80968  -228.25972  -230.20479  4.99985   768
1985.00  0.04171  0.04183  0.01253  0.80968  -227.44948  -229.35182  4.99985   768
1986.00  0.04170  0.04183  0.01257  0.80968  -227.33961  -229.21602  4.99985   768
1987.00  0.04172  0.04183  0.01234  0.80968  -227.67988  -229.51967  4.99985   768
1988.00  0.04170  0.04183  0.01179  0.80968  -228.47945  -230.29176  4.99985   768
1989.00  0.04171  0.04183  0.01115  0.80968  -229.49110  -231.29121  4.99985   768
1990.00  0.04172  0.04183  0.01072  0.80968  -230.16859  -232.02211  4.99985   768
1991.00  0.04172  0.04183  0.01068  0.80968  -230.28914  -232.17165  4.99985   768
1992.00  0.04170  0.04183  0.01110  0.80968  -229.70625  -231.64674  4.99985   768
1993.00  0.04172  0.04183  0.01168  0.80968  -228.79683  -230.75563  4.99985   768
1994.00  0.04171  0.04183  0.01226  0.80968  -227.87062  -229.80653  4.99985   768
1995.00  0.04171  0.04183  0.01255  0.80968  -227.45253  -229.35335  4.99985   768
1996.00  0.04170  0.04183  0.01250  0.80968  -227.43880  -229.31520  4.99985   768
1997.00  0.04170  0.04183  0.01216  0.80968  -227.94386  -229.81111  4.99985   768
1998.00  0.04171  0.04183  0.01148  0.80968  -228.99672  -230.81514  4.99985   768
1999.00  0.04169  0.04183  0.01101  0.80968  -229.73219  -231.57960  4.99985   768
2000.00  0.04802  0.06440  0.01040  0.80968  -230.60957  -232.39900  4.99985   768
2001.00  0.06207  0.06440  0.01406  0.80968  -225.97548  -228.64839  4.99985   768
2002.00  0.06268  0.06440  0.02099  0.80968  -214.80299  -217.05324  4.99985   768
2003.00  0.06279  0.06440  0.02001  0.80968  -215.43776  -216.90675  4.99985   768
2004.00  0.06289  0.06440  0.02228  0.80968  -212.95057  -215.30458  4.99985   768
