ASI 600A Data File
Created: Wed May  8 14:26:57 2024
A/D Sampling Rate: 1000 Hz
Comment: Mouse CP512 Cell 3
Width 0.0692
Thick 0.0346
After Activation
Width 0.0
Thick 0.0
*** Setup Parameters ***
Length Controller: 315C
Force Transducer: 406A
Initial Length: 0.0644 mm
Minimum Length: -5 Lo
Maximum Length: 5 Lo
Fiber Length: 0.0644 mm
Initial Sarcomere Length: 0 um
Diameter: 1.91919 mm
Maximum Tetanic Tension: 3 mN
Calibrate FC step size:  -20 um
Calibrate FC ramp time:  100 ms
Calibrate FC hold time:  200 ms
Force Gain-Factor:       0.6
Force Integral-Constant: 0.26 ms
Force Filter-Constant:   0.2 ms
Constant Stiffness Range: 100
dF/dL measured at Force:  34522 adu
Fiber Stiffness (adu):    0
Fiber Stiffness (mN/mm):  0
SL Gain-Factor:           0.25
SL Integral-Constant:     0.1 ms
SL Filter-Constant:       0 ms
SL Stiffness (adu):       0.3
SL Stiffness (um/mm):     1
ADC0 Offset: -28.840 mv
ADC1 Offset: -28.840 mv
DAC0 Offset: 3.336 mv
DAC1 Offset: -3.588 mv
Panel 1 size: 2
Panel 2 size: 4
Panel 3 size: 2
Panel 4 size: 5
Panel 1 signal: 0
Panel 2 signal: 1
Panel 3 signal: 2
Panel 4 signal: 6
Background (0/1): 0
Length In color:  16395263
Force  In color:  16717330
SL     In color:  16771867
Aux1   In color:  1769257
Length Out color:  255
Force  Out color:  255
Stim   Out color:  16777215
Aux2   In  color:  16747283
Length Units: um
Force Units: mN
Time Units: ms
Sarcomere Length Units: um
Scope Display1: 0
Scope Display2: 2
AUX Channels Scope Display: 0
Scope Timebase: 1
Scope Vscale:   0
Scope Lunit:    1
Scope Lmin:     0.026370
Scope Lmax:     0.026470
Scope Funit:    0
Scope Fmin:     0.157780
Scope Fmax:     0.157960
Scope AUX1_min:     10.000000
Scope AUX1_max:     16.000000
Scope AUX2_min:     8.000000
Scope AUX2_max:     14.000000
Scope L Data Scale:     1.651868
Scope F Data Scale:     0.225000
Scope AUX1 Data Scale:     1.000000
Scope AUX2 Data Scale:     1.000000
Scope SL Data Scale:     1.000000
Scope Sunit:    0
Analysis Lunit: 4
Analysis Funit: 0
Analysis Tunit: 0
Analysis Channels: 101000000010000
Analysis Readout: 1
Analysis Gaussian Filter Kernel Size (Lin):     201
Analysis Gaussian Filter Kernel Size (Fin):     50
Analysis Gaussian Filter Kernel Size (Aux1):    201
Analysis Gaussian Filter Kernel Size (Aux2):    201
Analysis Gaussian Filter Standard Deviation (Lin):     1.0
Analysis Gaussian Filter Standard Deviation (Fin):     1.0
Analysis Gaussian Filter Standard Deviation (Aux1):    1.0
Analysis Gaussian Filter Standard Deviation (Aux2):    1.0
Aux1 Name: Aux1
Aux1 Units: C
Aux1 Scale (units/volt): 100.000000
Aux1 Offset (units): 2.000000
Aux2 Name: Aux2
Aux2 Units: mv
Aux2 Scale (units/volt): 100
Aux2 Offset (units): 0
 *** Cantilever Properties ***
Cantilever Stiffness Calculation Method: 2
Cantilever Stiffness (N/m): -1.000
Cantilever Length (um): 450.000
Cantilever Thickness (um): 2.000
Cantilever Width 1 (um): 50.000
Cantilever Width 2 (um): 50.000
Cantilever Elasticity (GPa): 160.000
 *** ASI804A Test Window Properties ***
ASI804A Vscale: 0
ASI804A Timebase: 0
ASI804A Sampling Rate: 0
ASI804A Scope L_min:     999.800000
ASI804A Scope L_max:     1000.200000
ASI804A Scope F_min:     -0.040000
ASI804A Scope F_max:     0.020000
ASI804A Scope log10Rario_min:     -0.063875
ASI804A Scope log10Ratio_max:     -0.063650
ASI804A Scope L Scale Units:    4
ASI804A Scope F Scale Units:    0
ASI804A Scope L Scale:     1.000000
ASI804A Scope F Scale:     1.000000
ASI804A Scope log10Ratio Scale:     0.500000
ASI804A Data Files Directory: /home/asi/data
ASI804A Data Files Name: atp_datafile
ASI804A Font: Liberation Sans
ASI804A Font Size: 24
ASI804A pCa Combo Size: 0
ASI804A pCa Combo Active: -1
 *** Additional devices ***
ASI802D Bath Controller: 0
ASI804A ATPase Controller: 1
*** Calibration Parameters ***
Model  LOoffset  LOscale  LIoffset  LIscale  FOoffset  FOscale  FIoffset  FIscale
Number 	mm        mm/v	   mm        mm/v     mN        mN/v     mN        mN/v
308B	 0	 0.2	 0	 0.2	 0	 1	 0	 1
312C	 0	 0.15	 0	 0.15	 0	 1	 0	 1
315C	 0	 0.15	 0	 0.15	 0	 1	 0	 1
318B	 0	 0.3	 0	 0.3	 0	 1	 0	 1
322C	 0	 0.3	 0	 0.3	 0	 1	 0	 1
340A	 0	 0.005	 0	 0.005	 0	 1	 0	 1
300C	 0	 0.5	 0	 0.5	 0	 50	 0	 50
300C-LR	 0	 0.5	 0	 0.5	 0	 100	 0	 100
305C	 0	 1	 0	 1	 0	 500	 0	 500
305C-LR	 0	 1	 0	 1	 0	 1000	 0	 1000
309C	 0	 1.25	 0	 1.25	 0	 2000	 0	 2000
310C	 0	 2	 0	 2	 0	 5000	 0	 5000
310C-LR	 0	 2	 0	 2	 0	 10000	 0	 10000
???	 0	 1	 0	 1	 0	 1	 0	 1
400A	 0	 1	 0	 1	 0	 5	 0	 5
402A	 0	 1	 0	 1	 0	 50	 0	 50
403A-CF	 0	 1	 0	 1	 0	 0.2	 0	 0.2
403A	 0	 1	 0	 1	 0	 0.5	 0	 0.5
404A	 0	 1	 0	 1	 0	 10	 0	 10
405A	 0	 1	 0	 1	 0	 1	 0	 1
406A	 0	 1	 0	 1	 0.16	 0.06497	 0.16	 0.06497
407A	 0	 1	 0	 1	 0	 100	 0	 100
470A	 0	 1	 0	 1	 0	 1	 0	 1
other	 0	 1	 0	 1	 0	 1	 0	 1
none	 0	 1	 0	 1	 0	 1	 0	 1
*** Test Protocol Parameters ***
A/D Sampling Rate: 1000 Hz
Comment: Length Discrete Sine protocol for stiffness testing
Minimum Length: -5.000 (Lo)
Maximum Length: 5.000 (Lo)
PD Deadband:    0.000000 mN
Stimulus 01: 0.3 ms 100.000 Hz 10.0 ms 50.000 Hz 0.100 s
Stimulus 02: 1.2 ms 100.000 Hz 20.0 ms 2.000 Hz 100.000 s
Stimulus 03: 1.3 ms 100.000 Hz 20.0 ms 2.000 Hz 100.000 s
Stimulus 04: 1.4 ms 100.000 Hz 20.0 ms 2.000 Hz 100.000 s
Stimulus 05: 1.5 ms 100.000 Hz 20.0 ms 2.000 Hz 100.000 s
Stimulus 06: 1.6 ms 100.000 Hz 20.0 ms 2.000 Hz 100.000 s
Stimulus 07: 1.7 ms 100.000 Hz 20.0 ms 2.000 Hz 100.000 s
Stimulus 08: 1.8 ms 100.000 Hz 20.0 ms 2.000 Hz 100.000 s
Stimulus 09: 1.9 ms 100.000 Hz 20.0 ms 2.000 Hz 100.000 s
Stimulus 10: 2.2 ms 100.000 Hz 20.0 ms 2.000 Hz 100.000 s
Time (ms)	Control Function	Options
      0.0	Data-Enable		
    200.0	Length-Step		 0.65 Lo
   2000.0	Length-Step		 1 Lo
   2005.0	Data-Disable		
      0.0	Stop		
*** Force and Length Signals vs Time ***
Time (ms)  Lin (mm)  Lout (mm)  Fin (mN)  Fout (mN)  Aux1 C  Aux2 mv  SL (um)   Stimulus/Triggers
0.00  0.06407  0.06440  0.04053  0.80968  -184.48072  -186.42579  4.99985   768
1.00  0.06406  0.06440  0.04099  0.80968  -183.77882  -185.71321  4.99985   768
2.00  0.06406  0.06440  0.04124  0.80968  -183.33326  -185.22035  4.99985   768
3.00  0.06406  0.06440  0.04122  0.80968  -183.33479  -185.20204  4.99985   768
4.00  0.06405  0.06440  0.04095  0.80968  -183.74525  -185.59724  4.99985   768
5.00  0.06406  0.06440  0.04047  0.80968  -184.42274  -186.25337  4.99985   768
6.00  0.06406  0.06440  0.03988  0.80968  -185.30470  -187.13533  4.99985   768
7.00  0.06406  0.06440  0.03959  0.80968  -185.84791  -187.68769  4.99985   768
8.00  0.06406  0.06440  0.03967  0.80968  -185.76094  -187.66175  4.99985   768
9.00  0.06406  0.06440  0.04006  0.80968  -185.16279  -187.07887  4.99985   768
10.00  0.06405  0.06440  0.04055  0.80968  -184.40596  -186.30830  4.99985   768
11.00  0.06405  0.06440  0.04116  0.80968  -183.50416  -185.42787  4.99985   768
12.00  0.06405  0.06440  0.04131  0.80968  -183.18830  -185.05250  4.99985   768
13.00  0.06405  0.06440  0.04113  0.80968  -183.46907  -185.31648  4.99985   768
14.00  0.06404  0.06440  0.04064  0.80968  -184.19081  -186.01381  4.99985   768
15.00  0.06405  0.06440  0.04010  0.80968  -185.02089  -186.85609  4.99985   768
16.00  0.06405  0.06440  0.03962  0.80968  -185.81129  -187.66175  4.99985   768
17.00  0.06406  0.06440  0.03955  0.80968  -185.91963  -187.79298  4.99985   768
18.00  0.06405  0.06440  0.03983  0.80968  -185.51069  -187.45271  4.99985   768
19.00  0.06405  0.06440  0.04030  0.80968  -184.83168  -186.76606  4.99985   768
20.00  0.06405  0.06440  0.04092  0.80968  -183.83223  -185.78645  4.99985   768
21.00  0.06404  0.06440  0.04133  0.80968  -183.17457  -185.08760  4.99985   768
22.00  0.06406  0.06440  0.04139  0.80968  -183.09217  -184.97468  4.99985   768
23.00  0.06405  0.06440  0.04118  0.80968  -183.42787  -185.28291  4.99985   768
24.00  0.06405  0.06440  0.04066  0.80968  -184.12825  -185.94056  4.99985   768
25.00  0.06405  0.06440  0.04009  0.80968  -185.02699  -186.85151  4.99985   768
26.00  0.06406  0.06440  0.03987  0.80968  -185.43287  -187.27723  4.99985   768
27.00  0.06406  0.06440  0.03992  0.80968  -185.38252  -187.27266  4.99985   768
28.00  0.06406  0.06440  0.04022  0.80968  -184.90339  -186.80421  4.99985   768
29.00  0.06405  0.06440  0.04071  0.80968  -184.16182  -186.08247  4.99985   768
30.00  0.06405  0.06440  0.04110  0.80968  -183.54536  -185.44770  4.99985   768
31.00  0.06405  0.06440  0.04124  0.80968  -183.35768  -185.23561  4.99985   768
32.00  0.06406  0.06440  0.04111  0.80968  -183.52247  -185.39888  4.99985   768
33.00  0.06406  0.06440  0.04067  0.80968  -184.11146  -185.93751  4.99985   768
34.00  0.06406  0.06440  0.04017  0.80968  -184.91407  -186.75996  4.99985   768
35.00  0.06406  0.06440  0.03972  0.80968  -185.61598  -187.46797  4.99985   768
36.00  0.06405  0.06440  0.03965  0.80968  -185.73195  -187.63429  4.99985   768
37.00  0.06405  0.06440  0.03991  0.80968  -185.39625  -187.31233  4.99985   768
38.00  0.06406  0.06440  0.04028  0.80968  -184.85304  -186.77369  4.99985   768
39.00  0.06407  0.06440  0.04078  0.80968  -184.07179  -185.98176  4.99985   768
40.00  0.06407  0.06440  0.04097  0.80968  -183.71931  -185.60334  4.99985   768
41.00  0.06405  0.06440  0.04096  0.80968  -183.75593  -185.62165  4.99985   768
42.00  0.06406  0.06440  0.04062  0.80968  -184.21980  -186.04127  4.99985   768
43.00  0.06405  0.06440  0.04019  0.80968  -184.84846  -186.66383  4.99985   768
44.00  0.06407  0.06440  0.03968  0.80968  -185.68464  -187.50612  4.99985   768
45.00  0.06405  0.06440  0.03951  0.80968  -185.96998  -187.82655  4.99985   768
46.00  0.06405  0.06440  0.03979  0.80968  -185.59462  -187.50001  4.99985   768
47.00  0.06407  0.06440  0.04031  0.80968  -184.79658  -186.73555  4.99985   768
48.00  0.06405  0.06440  0.04099  0.80968  -183.76204  -185.71168  4.99985   768
49.00  0.06405  0.06440  0.04142  0.80968  -183.07692  -185.00978  4.99985   768
50.00  0.06406  0.06440  0.04157  0.80968  -182.82057  -184.69239  4.99985   768
51.00  0.06405  0.06440  0.04129  0.80968  -183.22035  -185.07081  4.99985   768
52.00  0.06406  0.06440  0.04090  0.80968  -183.82460  -185.66285  4.99985   768
53.00  0.06406  0.06440  0.04028  0.80968  -184.70655  -186.53260  4.99985   768
54.00  0.06405  0.06440  0.03983  0.80968  -185.46949  -187.32454  4.99985   768
55.00  0.06407  0.06440  0.03965  0.80968  -185.74415  -187.61903  4.99985   768
56.00  0.06405  0.06440  0.03984  0.80968  -185.54579  -187.46492  4.99985   768
57.00  0.06406  0.06440  0.04040  0.80968  -184.67146  -186.59669  4.99985   768
58.00  0.06405  0.06440  0.04091  0.80968  -183.89479  -185.79866  4.99985   768
59.00  0.06406  0.06440  0.04121  0.80968  -183.37446  -185.25544  4.99985   768
60.00  0.06406  0.06440  0.04123  0.80968  -183.32411  -185.18373  4.99985   768
61.00  0.06407  0.06440  0.04079  0.80968  -183.93599  -185.74830  4.99985   768
62.00  0.06405  0.06440  0.04036  0.80968  -184.65010  -186.46089  4.99985   768
63.00  0.06406  0.06440  0.03983  0.80968  -185.39320  -187.22841  4.99985   768
64.00  0.06406  0.06440  0.03954  0.80968  -185.91200  -187.78383  4.99985   768
65.00  0.06405  0.06440  0.03958  0.80968  -185.89674  -187.76857  4.99985   768
66.00  0.06406  0.06440  0.03990  0.80968  -185.42067  -187.35048  4.99985   768
67.00  0.06405  0.06440  0.04038  0.80968  -184.71876  -186.64705  4.99985   768
68.00  0.06406  0.06440  0.04077  0.80968  -184.05958  -185.97718  4.99985   768
69.00  0.06406  0.06440  0.04101  0.80968  -183.71016  -185.60945  4.99985   768
70.00  0.06406  0.06440  0.04087  0.80968  -183.81086  -185.66743  4.99985   768
71.00  0.06406  0.06440  0.04041  0.80968  -184.52192  -186.37544  4.99985   768
72.00  0.06405  0.06440  0.03999  0.80968  -185.23451  -187.08497  4.99985   768
73.00  0.06407  0.06440  0.03977  0.80968  -185.53816  -187.39625  4.99985   768
74.00  0.06406  0.06440  0.03977  0.80968  -185.60530  -187.48780  4.99985   768
75.00  0.06405  0.06440  0.04020  0.80968  -184.95070  -186.86219  4.99985   768
76.00  0.06407  0.06440  0.04075  0.80968  -184.12062  -186.03822  4.99985   768
77.00  0.06405  0.06440  0.04114  0.80968  -183.52858  -185.42939  4.99985   768
78.00  0.06406  0.06440  0.04143  0.80968  -183.00673  -184.90754  4.99985   768
79.00  0.06405  0.06440  0.04134  0.80968  -183.13185  -184.99299  4.99985   768
80.00  0.06406  0.06440  0.04089  0.80968  -183.79560  -185.61403  4.99985   768
81.00  0.06406  0.06440  0.04034  0.80968  -184.66078  -186.49751  4.99985   768
82.00  0.06405  0.06440  0.03980  0.80968  -185.50154  -187.35505  4.99985   768
83.00  0.06406  0.06440  0.03958  0.80968  -185.87385  -187.75026  4.99985   768
84.00  0.06405  0.06440  0.03969  0.80968  -185.73195  -187.64344  4.99985   768
85.00  0.06406  0.06440  0.04011  0.80968  -185.11549  -187.06514  4.99985   768
86.00  0.06406  0.06440  0.04071  0.80968  -184.20912  -186.16639  4.99985   768
87.00  0.06407  0.06440  0.04111  0.80968  -183.52705  -185.43855  4.99985   768
88.00  0.06405  0.06440  0.04116  0.80968  -183.43702  -185.32106  4.99985   768
89.00  0.06406  0.06440  0.04093  0.80968  -183.74830  -185.59114  4.99985   768
90.00  0.06405  0.06440  0.04047  0.80968  -184.44563  -186.25489  4.99985   768
91.00  0.06406  0.06440  0.03997  0.80968  -185.22078  -187.05140  4.99985   768
92.00  0.06406  0.06440  0.03958  0.80968  -185.82655  -187.67396  4.99985   768
93.00  0.06406  0.06440  0.03948  0.80968  -186.01118  -187.87385  4.99985   768
94.00  0.06407  0.06440  0.03984  0.80968  -185.49696  -187.39930  4.99985   768
95.00  0.06406  0.06440  0.04040  0.80968  -184.70198  -186.63942  4.99985   768
96.00  0.06405  0.06440  0.04090  0.80968  -183.86122  -185.78798  4.99985   768
97.00  0.06405  0.06440  0.04110  0.80968  -183.53621  -185.41261  4.99985   768
98.00  0.06405  0.06440  0.04108  0.80968  -183.55146  -185.41871  4.99985   768
99.00  0.06406  0.06440  0.04072  0.80968  -184.07789  -185.92683  4.99985   768
100.00  0.06405  0.06440  0.04035  0.80968  -184.66841  -186.51277  4.99985   768
101.00  0.06405  0.06440  0.03986  0.80968  -185.43898  -187.29860  4.99985   768
102.00  0.06405  0.06440  0.03978  0.80968  -185.57020  -187.47560  4.99985   768
103.00  0.06405  0.06440  0.03992  0.80968  -185.42830  -187.34132  4.99985   768
104.00  0.06407  0.06440  0.04033  0.80968  -184.77980  -186.72029  4.99985   768
105.00  0.06405  0.06440  0.04091  0.80968  -183.89479  -185.82154  4.99985   768
106.00  0.06405  0.06440  0.04117  0.80968  -183.43397  -185.32106  4.99985   768
107.00  0.06406  0.06440  0.04112  0.80968  -183.49043  -185.33784  4.99985   768
108.00  0.06405  0.06440  0.04090  0.80968  -183.80781  -185.64912  4.99985   768
109.00  0.06406  0.06440  0.04044  0.80968  -184.51429  -186.34187  4.99985   768
110.00  0.06406  0.06440  0.03992  0.80968  -185.28486  -187.10328  4.99985   768
111.00  0.06405  0.06440  0.03965  0.80968  -185.77314  -187.63581  4.99985   768
112.00  0.06405  0.06440  0.03961  0.80968  -185.84181  -187.70143  4.99985   768
113.00  0.06405  0.06440  0.04009  0.80968  -185.15821  -187.09565  4.99985   768
114.00  0.06405  0.06440  0.04064  0.80968  -184.27931  -186.21217  4.99985   768
115.00  0.06406  0.06440  0.04112  0.80968  -183.57740  -185.52400  4.99985   768
116.00  0.06405  0.06440  0.04127  0.80968  -183.26918  -185.13490  4.99985   768
117.00  0.06405  0.06440  0.04105  0.80968  -183.58351  -185.43702  4.99985   768
118.00  0.06405  0.06440  0.04066  0.80968  -184.19386  -186.05653  4.99985   768
119.00  0.06405  0.06440  0.04008  0.80968  -185.02241  -186.86067  4.99985   768
120.00  0.06405  0.06440  0.03969  0.80968  -185.68159  -187.52748  4.99985   768
121.00  0.06406  0.06440  0.03950  0.80968  -185.98066  -187.86012  4.99985   768
122.00  0.06407  0.06440  0.03970  0.80968  -185.76094  -187.67244  4.99985   768
123.00  0.06406  0.06440  0.04023  0.80968  -184.91560  -186.86525  4.99985   768
124.00  0.06406  0.06440  0.04087  0.80968  -183.94209  -185.85054  4.99985   768
125.00  0.06407  0.06440  0.04127  0.80968  -183.29664  -185.17762  4.99985   768
126.00  0.06405  0.06440  0.04130  0.80968  -183.20814  -185.07844  4.99985   768
127.00  0.06406  0.06440  0.04109  0.80968  -183.51332  -185.36073  4.99985   768
128.00  0.06406  0.06440  0.04065  0.80968  -184.16029  -185.96955  4.99985   768
129.00  0.06405  0.06440  0.04009  0.80968  -185.00105  -186.83473  4.99985   768
130.00  0.06406  0.06440  0.03975  0.80968  -185.57020  -187.41304  4.99985   768
131.00  0.06406  0.06440  0.03972  0.80968  -185.69838  -187.59462  4.99985   768
132.00  0.06406  0.06440  0.03997  0.80968  -185.29554  -187.22078  4.99985   768
133.00  0.06405  0.06440  0.04048  0.80968  -184.55702  -186.49141  4.99985   768
134.00  0.06405  0.06440  0.04097  0.80968  -183.77272  -185.69337  4.99985   768
135.00  0.06405  0.06440  0.04113  0.80968  -183.51027  -185.40040  4.99985   768
136.00  0.06405  0.06440  0.04092  0.80968  -183.82917  -185.68116  4.99985   768
137.00  0.06406  0.06440  0.04053  0.80968  -184.35408  -186.18928  4.99985   768
138.00  0.06407  0.06440  0.04006  0.80968  -185.06056  -186.90034  4.99985   768
139.00  0.06405  0.06440  0.03973  0.80968  -185.60377  -187.45881  4.99985   768
140.00  0.06406  0.06440  0.03970  0.80968  -185.69685  -187.57173  4.99985   768
141.00  0.06406  0.06440  0.03998  0.80968  -185.29860  -187.20552  4.99985   768
142.00  0.06407  0.06440  0.04040  0.80968  -184.65162  -186.54939  4.99985   768
143.00  0.06407  0.06440  0.04088  0.80968  -183.91767  -185.82612  4.99985   768
144.00  0.06405  0.06440  0.04121  0.80968  -183.34700  -185.22798  4.99985   768
145.00  0.06406  0.06440  0.04120  0.80968  -183.38667  -185.25392  4.99985   768
146.00  0.06406  0.06440  0.04088  0.80968  -183.81849  -185.65217  4.99985   768
147.00  0.06405  0.06440  0.04034  0.80968  -184.62721  -186.46089  4.99985   768
148.00  0.06406  0.06440  0.03985  0.80968  -185.40236  -187.25129  4.99985   768
149.00  0.06406  0.06440  0.03951  0.80968  -185.95320  -187.82655  4.99985   768
150.00  0.06405  0.06440  0.03958  0.80968  -185.88301  -187.78383  4.99985   768
151.00  0.06406  0.06440  0.04005  0.80968  -185.22230  -187.19026  4.99985   768
152.00  0.06405  0.06440  0.04060  0.80968  -184.30983  -186.23353  4.99985   768
153.00  0.06405  0.06440  0.04107  0.80968  -183.64912  -185.57740  4.99985   768
154.00  0.06407  0.06440  0.04128  0.80968  -183.28596  -185.18220  4.99985   768
155.00  0.06405  0.06440  0.04111  0.80968  -183.46907  -185.31953  4.99985   768
156.00  0.06406  0.06440  0.04066  0.80968  -184.14961  -185.95735  4.99985   768
157.00  0.06407  0.06440  0.04004  0.80968  -185.10939  -186.92781  4.99985   768
158.00  0.06406  0.06440  0.03961  0.80968  -185.78383  -187.62361  4.99985   768
159.00  0.06406  0.06440  0.03954  0.80968  -185.93336  -187.78230  4.99985   768
160.00  0.06407  0.06440  0.03975  0.80968  -185.64955  -187.55494  4.99985   768
161.00  0.06406  0.06440  0.04030  0.80968  -184.84388  -186.75538  4.99985   768
162.00  0.06405  0.06440  0.04081  0.80968  -184.07026  -185.97871  4.99985   768
163.00  0.06405  0.06440  0.04110  0.80968  -183.55757  -185.45533  4.99985   768
164.00  0.06406  0.06440  0.04124  0.80968  -183.34242  -185.21882  4.99985   768
165.00  0.06406  0.06440  0.04089  0.80968  -183.83528  -185.68269  4.99985   768
166.00  0.06406  0.06440  0.04045  0.80968  -184.46394  -186.32966  4.99985   768
167.00  0.06406  0.06440  0.03991  0.80968  -185.31538  -187.14143  4.99985   768
168.00  0.06407  0.06440  0.03959  0.80968  -185.88148  -187.76246  4.99985   768
169.00  0.06406  0.06440  0.03969  0.80968  -185.72126  -187.64192  4.99985   768
170.00  0.06405  0.06440  0.04012  0.80968  -185.13533  -187.04683  4.99985   768
171.00  0.06406  0.06440  0.04065  0.80968  -184.27473  -186.19081  4.99985   768
172.00  0.06407  0.06440  0.04091  0.80968  -183.86427  -185.75593  4.99985   768
173.00  0.06406  0.06440  0.04103  0.80968  -183.58656  -185.47364  4.99985   768
174.00  0.06405  0.06440  0.04092  0.80968  -183.77577  -185.62165  4.99985   768
175.00  0.06406  0.06440  0.04051  0.80968  -184.40138  -186.23048  4.99985   768
176.00  0.06407  0.06440  0.04006  0.80968  -185.05903  -186.86219  4.99985   768
177.00  0.06406  0.06440  0.03965  0.80968  -185.75941  -187.60225  4.99985   768
178.00  0.06405  0.06440  0.03961  0.80968  -185.81434  -187.69075  4.99985   768
179.00  0.06407  0.06440  0.03999  0.80968  -185.31233  -187.22535  4.99985   768
180.00  0.06405  0.06440  0.04048  0.80968  -184.55549  -186.46394  4.99985   768
181.00  0.06405  0.06440  0.04102  0.80968  -183.70710  -185.64149  4.99985   768
182.00  0.06406  0.06440  0.04128  0.80968  -183.27070  -185.16694  4.99985   768
183.00  0.06406  0.06440  0.04116  0.80968  -183.41719  -185.27223  4.99985   768
184.00  0.06406  0.06440  0.04072  0.80968  -184.05195  -185.87648  4.99985   768
185.00  0.06406  0.06440  0.04022  0.80968  -184.86372  -186.70961  4.99985   768
186.00  0.06405  0.06440  0.03974  0.80968  -185.58241  -187.42982  4.99985   768
187.00  0.06406  0.06440  0.03949  0.80968  -185.98677  -187.86317  4.99985   768
188.00  0.06407  0.06440  0.03962  0.80968  -185.85249  -187.75789  4.99985   768
189.00  0.06405  0.06440  0.04005  0.80968  -185.22841  -187.15059  4.99985   768
190.00  0.06407  0.06440  0.04064  0.80968  -184.30525  -186.23964  4.99985   768
191.00  0.06406  0.06440  0.04117  0.80968  -183.45686  -185.36683  4.99985   768
192.00  0.06406  0.06440  0.04127  0.80968  -183.24629  -185.11354  4.99985   768
193.00  0.06406  0.06440  0.04112  0.80968  -183.49501  -185.31190  4.99985   768
194.00  0.06407  0.06440  0.04068  0.80968  -184.12672  -185.96803  4.99985   768
195.00  0.06406  0.06440  0.04015  0.80968  -184.94154  -186.76149  4.99985   768
196.00  0.06406  0.06440  0.03967  0.80968  -185.71363  -187.55494  4.99985   768
197.00  0.06406  0.06440  0.03960  0.80968  -185.83113  -187.71821  4.99985   768
198.00  0.06405  0.06440  0.03980  0.80968  -185.56105  -187.47865  4.99985   768
199.00  0.06405  0.06440  0.04020  0.80968  -184.97511  -186.91560  4.99985   768
200.00  0.05798  0.04183  0.04151  0.80968  -183.19136  -185.35157  4.99985   768
201.00  0.04388  0.04183  0.03089  0.80968  -197.33015  -197.44416  4.99985   768
202.00  0.04303  0.04183  0.01708  0.80968  -219.24330  -220.00276  4.99985   768
203.00  0.04285  0.04183  0.01915  0.80968  -217.76472  -220.23012  4.99985   768
204.00  0.04270  0.04183  0.01122  0.80968  -228.54506  -229.55629  4.99985   768
205.00  0.04260  0.04183  0.00705  0.80968  -235.77925  -237.49239  4.99985   768
206.00  0.04251  0.04183  0.00994  0.80968  -231.18483  -233.00935  4.99985   768
207.00  0.04245  0.04183  0.00509  0.80968  -238.62501  -240.24660  4.99985   768
208.00  0.04233  0.04183  0.00633  0.80968  -237.39058  -239.64845  4.99985   768
209.00  0.04227  0.04183  0.00729  0.80968  -235.07887  -236.63026  4.99985   768
210.00  0.04224  0.04183  0.00560  0.80968  -238.14131  -240.08791  4.99985   768
211.00  0.04221  0.04183  0.00786  0.80968  -234.84999  -236.98122  4.99985   768
212.00  0.04218  0.04183  0.00585  0.80968  -237.34785  -238.86262  4.99985   768
213.00  0.04214  0.04183  0.00575  0.80968  -237.98415  -239.97957  4.99985   768
214.00  0.04212  0.04183  0.00635  0.80968  -236.82143  -238.63374  4.99985   768
215.00  0.04211  0.04183  0.00412  0.80968  -240.32637  -242.13411  4.99985   768
216.00  0.04210  0.04183  0.00567  0.80968  -238.14131  -240.18556  4.99985   768
217.00  0.04207  0.04183  0.00542  0.80968  -238.19929  -239.95515  4.99985   768
218.00  0.04205  0.04183  0.00585  0.80968  -237.93379  -240.02992  4.99985   768
219.00  0.04204  0.04183  0.00741  0.80968  -235.31081  -237.26198  4.99985   768
220.00  0.04203  0.04183  0.00661  0.80968  -236.47047  -238.29500  4.99985   768
221.00  0.04203  0.04183  0.00759  0.80968  -235.12160  -237.11854  4.99985   768
222.00  0.04204  0.04183  0.00683  0.80968  -236.00050  -237.75026  4.99985   768
223.00  0.04202  0.04183  0.00601  0.80968  -237.46229  -239.32649  4.99985   768
224.00  0.04201  0.04183  0.00622  0.80968  -237.05183  -238.91603  4.99985   768
225.00  0.04200  0.04183  0.00532  0.80968  -238.43733  -240.25117  4.99985   768
226.00  0.04201  0.04183  0.00601  0.80968  -237.54164  -239.52333  4.99985   768
227.00  0.04201  0.04183  0.00647  0.80968  -236.72224  -238.60780  4.99985   768
228.00  0.04199  0.04183  0.00707  0.80968  -235.91658  -237.89674  4.99985   768
229.00  0.04199  0.04183  0.00805  0.80968  -234.38917  -236.31746  4.99985   768
230.00  0.04200  0.04183  0.00769  0.80968  -234.81337  -236.65926  4.99985   768
231.00  0.04198  0.04183  0.00782  0.80968  -234.66688  -236.56618  4.99985   768
232.00  0.04198  0.04183  0.00720  0.80968  -235.51070  -237.32912  4.99985   768
233.00  0.04198  0.04183  0.00649  0.80968  -236.69325  -238.53456  4.99985   768
234.00  0.04198  0.04183  0.00642  0.80968  -236.78938  -238.66579  4.99985   768
235.00  0.04198  0.04183  0.00624  0.80968  -237.08845  -238.99080  4.99985   768
236.00  0.04198  0.04183  0.00686  0.80968  -236.22786  -238.20039  4.99985   768
237.00  0.04198  0.04183  0.00740  0.80968  -235.35658  -237.27571  4.99985   768
238.00  0.04196  0.04183  0.00801  0.80968  -234.45631  -236.41664  4.99985   768
239.00  0.04198  0.04183  0.00842  0.80968  -233.67964  -235.58809  4.99985   768
240.00  0.04196  0.04183  0.00823  0.80968  -233.98329  -235.81697  4.99985   768
241.00  0.04197  0.04183  0.00782  0.80968  -234.62874  -236.45021  4.99985   768
242.00  0.04196  0.04183  0.00722  0.80968  -235.50001  -237.32149  4.99985   768
243.00  0.04195  0.04183  0.00676  0.80968  -236.24007  -238.08595  4.99985   768
244.00  0.04196  0.04183  0.00666  0.80968  -236.44301  -238.33162  4.99985   768
245.00  0.04195  0.04183  0.00682  0.80968  -236.18361  -238.08137  4.99985   768
246.00  0.04196  0.04183  0.00743  0.80968  -235.38863  -237.34285  4.99985   768
247.00  0.04197  0.04183  0.00803  0.80968  -234.37086  -236.29915  4.99985   768
248.00  0.04195  0.04183  0.00845  0.80968  -233.72847  -235.64760  4.99985   768
249.00  0.04196  0.04183  0.00864  0.80968  -233.41719  -235.32716  4.99985   768
250.00  0.04195  0.04183  0.00837  0.80968  -233.79866  -235.65523  4.99985   768
251.00  0.04195  0.04183  0.00776  0.80968  -234.66536  -236.50667  4.99985   768
252.00  0.04195  0.04183  0.00727  0.80968  -235.48018  -237.32759  4.99985   768
253.00  0.04195  0.04183  0.00688  0.80968  -236.04781  -237.93031  4.99985   768
254.00  0.04195  0.04183  0.00698  0.80968  -235.96846  -237.89522  4.99985   768
255.00  0.04194  0.04183  0.00743  0.80968  -235.28639  -237.22230  4.99985   768
256.00  0.04194  0.04183  0.00804  0.80968  -234.38765  -236.32356  4.99985   768
257.00  0.04194  0.04183  0.00858  0.80968  -233.54231  -235.45839  4.99985   768
258.00  0.04195  0.04183  0.00879  0.80968  -233.21272  -235.11201  4.99985   768
259.00  0.04195  0.04183  0.00878  0.80968  -233.17915  -235.02962  4.99985   768
260.00  0.04194  0.04183  0.00832  0.80968  -233.80629  -235.63997  4.99985   768
261.00  0.04194  0.04183  0.00774  0.80968  -234.73555  -236.55855  4.99985   768
262.00  0.04193  0.04183  0.00723  0.80968  -235.51985  -237.37337  4.99985   768
263.00  0.04194  0.04183  0.00715  0.80968  -235.69228  -237.56868  4.99985   768
264.00  0.04193  0.04183  0.00736  0.80968  -235.39931  -237.31081  4.99985   768
265.00  0.04194  0.04183  0.00793  0.80968  -234.55702  -236.52650  4.99985   768
266.00  0.04194  0.04183  0.00861  0.80968  -233.53468  -235.49348  4.99985   768
267.00  0.04193  0.04183  0.00894  0.80968  -232.97011  -234.88924  4.99985   768
268.00  0.04193  0.04183  0.00902  0.80968  -232.82362  -234.71071  4.99985   768
269.00  0.04194  0.04183  0.00874  0.80968  -233.21883  -235.07692  4.99985   768
270.00  0.04193  0.04183  0.00817  0.80968  -234.09010  -235.91768  4.99985   768
271.00  0.04193  0.04183  0.00763  0.80968  -234.89729  -236.73708  4.99985   768
272.00  0.04194  0.04183  0.00740  0.80968  -235.30012  -237.16737  4.99985   768
273.00  0.04193  0.04183  0.00741  0.80968  -235.27418  -237.17500  4.99985   768
274.00  0.04193  0.04183  0.00780  0.80968  -234.77217  -236.69130  4.99985   768
275.00  0.04192  0.04183  0.00838  0.80968  -233.85969  -235.80171  4.99985   768
276.00  0.04192  0.04183  0.00886  0.80968  -233.11049  -235.00520  4.99985   768
277.00  0.04192  0.04183  0.00913  0.80968  -232.63441  -234.53218  4.99985   768
278.00  0.04194  0.04183  0.00901  0.80968  -232.82362  -234.67714  4.99985   768
279.00  0.04193  0.04183  0.00854  0.80968  -233.49959  -235.34090  4.99985   768
280.00  0.04193  0.04183  0.00796  0.80968  -234.34187  -236.16945  4.99985   768
281.00  0.04194  0.04183  0.00753  0.80968  -235.06666  -236.92781  4.99985   768
282.00  0.04193  0.04183  0.00742  0.80968  -235.29402  -237.18111  4.99985   768
283.00  0.04192  0.04183  0.00775  0.80968  -234.81032  -236.75691  4.99985   768
284.00  0.04192  0.04183  0.00833  0.80968  -233.94667  -235.90395  4.99985   768
285.00  0.04191  0.04183  0.00891  0.80968  -233.00215  -234.95180  4.99985   768
286.00  0.04192  0.04183  0.00934  0.80968  -232.37959  -234.30482  4.99985   768
287.00  0.04190  0.04183  0.00927  0.80968  -232.41011  -234.26057  4.99985   768
288.00  0.04191  0.04183  0.00896  0.80968  -232.90297  -234.75343  4.99985   768
289.00  0.04192  0.04183  0.00843  0.80968  -233.70711  -235.52400  4.99985   768
290.00  0.04191  0.04183  0.00789  0.80968  -234.51430  -236.34950  4.99985   768
291.00  0.04191  0.04183  0.00756  0.80968  -235.03004  -236.88203  4.99985   768
292.00  0.04191  0.04183  0.00767  0.80968  -234.93697  -236.84389  4.99985   768
293.00  0.04191  0.04183  0.00817  0.80968  -234.15877  -236.09163  4.99985   768
294.00  0.04191  0.04183  0.00878  0.80968  -233.23103  -235.14711  4.99985   768
295.00  0.04191  0.04183  0.00921  0.80968  -232.51540  -234.43147  4.99985   768
296.00  0.04190  0.04183  0.00941  0.80968  -232.24531  -234.12935  4.99985   768
297.00  0.04190  0.04183  0.00917  0.80968  -232.57643  -234.44368  4.99985   768
298.00  0.04191  0.04183  0.00875  0.80968  -233.15626  -235.00520  4.99985   768
299.00  0.04191  0.04183  0.00815  0.80968  -234.09468  -235.92683  4.99985   768
300.00  0.04190  0.04183  0.00769  0.80968  -234.86067  -236.70656  4.99985   768
301.00  0.04190  0.04183  0.00758  0.80968  -235.05751  -236.96138  4.99985   768
302.00  0.04189  0.04183  0.00794  0.80968  -234.53413  -236.47005  4.99985   768
303.00  0.04189  0.04183  0.00855  0.80968  -233.59419  -235.56062  4.99985   768
304.00  0.04190  0.04183  0.00917  0.80968  -232.60847  -234.55507  4.99985   768
305.00  0.04191  0.04183  0.00942  0.80968  -232.19954  -234.09425  4.99985   768
306.00  0.04188  0.04183  0.00930  0.80968  -232.33992  -234.19954  4.99985   768
307.00  0.04191  0.04183  0.00895  0.80968  -232.87245  -234.69850  4.99985   768
308.00  0.04189  0.04183  0.00838  0.80968  -233.75899  -235.57436  4.99985   768
309.00  0.04190  0.04183  0.00794  0.80968  -234.40901  -236.23659  4.99985   768
310.00  0.04190  0.04183  0.00771  0.80968  -234.77522  -236.64247  4.99985   768
311.00  0.04190  0.04183  0.00780  0.80968  -234.70656  -236.60585  4.99985   768
312.00  0.04190  0.04183  0.00833  0.80968  -233.92989  -235.87953  4.99985   768
313.00  0.04189  0.04183  0.00909  0.80968  -232.77785  -234.73207  4.99985   768
314.00  0.04189  0.04183  0.00950  0.80968  -232.10493  -234.00728  4.99985   768
315.00  0.04190  0.04183  0.00954  0.80968  -232.01643  -233.89741  4.99985   768
316.00  0.04189  0.04183  0.00930  0.80968  -232.34907  -234.19954  4.99985   768
317.00  0.04189  0.04183  0.00873  0.80968  -233.20967  -235.04640  4.99985   768
318.00  0.04189  0.04183  0.00821  0.80968  -234.03059  -235.87953  4.99985   768
319.00  0.04191  0.04183  0.00793  0.80968  -234.48683  -236.36171  4.99985   768
320.00  0.04190  0.04183  0.00798  0.80968  -234.46852  -236.38765  4.99985   768
321.00  0.04188  0.04183  0.00836  0.80968  -233.90700  -235.83986  4.99985   768
322.00  0.04191  0.04183  0.00904  0.80968  -232.85109  -234.79463  4.99985   768
323.00  0.04188  0.04183  0.00955  0.80968  -232.04542  -233.95845  4.99985   768
324.00  0.04189  0.04183  0.00992  0.80968  -231.46101  -233.34810  4.99985   768
325.00  0.04189  0.04183  0.00982  0.80968  -231.56782  -233.43812  4.99985   768
326.00  0.04190  0.04183  0.00936  0.80968  -232.23616  -234.04390  4.99985   768
327.00  0.04190  0.04183  0.00865  0.80968  -233.32716  -235.13490  4.99985   768
328.00  0.04189  0.04183  0.00817  0.80968  -234.11909  -235.96498  4.99985   768
329.00  0.04189  0.04183  0.00796  0.80968  -234.42732  -236.30983  4.99985   768
330.00  0.04189  0.04183  0.00823  0.80968  -234.05958  -235.98634  4.99985   768
331.00  0.04189  0.04183  0.00872  0.80968  -233.35921  -235.28749  4.99985   768
332.00  0.04189  0.04183  0.00930  0.80968  -232.46352  -234.41926  4.99985   768
333.00  0.04189  0.04183  0.00979  0.80968  -231.65633  -233.57698  4.99985   768
334.00  0.04188  0.04183  0.00987  0.80968  -231.49763  -233.38014  4.99985   768
335.00  0.04189  0.04183  0.00963  0.80968  -231.82417  -233.68989  4.99985   768
336.00  0.04189  0.04183  0.00904  0.80968  -232.73512  -234.55507  4.99985   768
337.00  0.04187  0.04183  0.00844  0.80968  -233.67354  -235.52553  4.99985   768
338.00  0.04189  0.04183  0.00801  0.80968  -234.32356  -236.17860  4.99985   768
339.00  0.04189  0.04183  0.00797  0.80968  -234.42580  -236.32356  4.99985   768
340.00  0.04188  0.04183  0.00837  0.80968  -233.87038  -235.79561  4.99985   768
341.00  0.04186  0.04183  0.00900  0.80968  -232.90755  -234.83583  4.99985   768
342.00  0.04189  0.04183  0.00958  0.80968  -232.03932  -233.97218  4.99985   768
343.00  0.04188  0.04183  0.00986  0.80968  -231.50984  -233.40150  4.99985   768
344.00  0.04188  0.04183  0.00983  0.80968  -231.53273  -233.38624  4.99985   768
345.00  0.04188  0.04183  0.00944  0.80968  -232.10951  -233.94777  4.99985   768
346.00  0.04188  0.04183  0.00890  0.80968  -232.93501  -234.76411  4.99985   768
347.00  0.04188  0.04183  0.00828  0.80968  -233.89784  -235.71779  4.99985   768
348.00  0.04188  0.04183  0.00806  0.80968  -234.30678  -236.18776  4.99985   768
349.00  0.04189  0.04183  0.00830  0.80968  -233.96956  -235.91310  4.99985   768
350.00  0.04188  0.04183  0.00883  0.80968  -233.19899  -235.15169  4.99985   768
351.00  0.04188  0.04183  0.00949  0.80968  -232.19496  -234.15376  4.99985   768
352.00  0.04188  0.04183  0.01008  0.80968  -231.27486  -233.19704  4.99985   768
353.00  0.04188  0.04183  0.01015  0.80968  -231.05665  -232.95442  4.99985   768
354.00  0.04188  0.04183  0.00993  0.80968  -231.32979  -233.16652  4.99985   768
355.00  0.04188  0.04183  0.00941  0.80968  -232.16292  -233.99507  4.99985   768
356.00  0.04187  0.04183  0.00881  0.80968  -233.08150  -234.92433  4.99985   768
357.00  0.04187  0.04183  0.00840  0.80968  -233.73457  -235.58198  4.99985   768
358.00  0.04187  0.04183  0.00846  0.80968  -233.71168  -235.59877  4.99985   768
359.00  0.04187  0.04183  0.00879  0.80968  -233.20662  -235.12117  4.99985   768
360.00  0.04189  0.04183  0.00937  0.80968  -232.35518  -234.28651  4.99985   768
361.00  0.04188  0.04183  0.00992  0.80968  -231.44881  -233.37556  4.99985   768
362.00  0.04188  0.04183  0.01025  0.80968  -230.93611  -232.84608  4.99985   768
363.00  0.04187  0.04183  0.01021  0.80968  -230.94832  -232.80641  4.99985   768
364.00  0.04188  0.04183  0.00977  0.80968  -231.59376  -233.43507  4.99985   768
365.00  0.04186  0.04183  0.00913  0.80968  -232.58559  -234.41926  4.99985   768
366.00  0.04188  0.04183  0.00853  0.80968  -233.53010  -235.38362  4.99985   768
367.00  0.04186  0.04183  0.00830  0.80968  -233.92836  -235.81544  4.99985   768
368.00  0.04188  0.04183  0.00854  0.80968  -233.58809  -235.51027  4.99985   768
369.00  0.04188  0.04183  0.00906  0.80968  -232.85109  -234.80684  4.99985   768
370.00  0.04186  0.04183  0.00962  0.80968  -231.95998  -233.91878  4.99985   768
371.00  0.04188  0.04183  0.01005  0.80968  -231.18788  -233.10243  4.99985   768
372.00  0.04186  0.04183  0.01017  0.80968  -231.00630  -232.89339  4.99985   768
373.00  0.04186  0.04183  0.00998  0.80968  -231.30842  -233.15736  4.99985   768
374.00  0.04187  0.04183  0.00947  0.80968  -232.08205  -233.89894  4.99985   768
375.00  0.04187  0.04183  0.00875  0.80968  -233.17763  -234.98689  4.99985   768
376.00  0.04187  0.04183  0.00844  0.80968  -233.68422  -235.54384  4.99985   768
377.00  0.04187  0.04183  0.00839  0.80968  -233.78340  -235.65828  4.99985   768
378.00  0.04188  0.04183  0.00887  0.80968  -233.14253  -235.06776  4.99985   768
379.00  0.04187  0.04183  0.00952  0.80968  -232.13393  -234.06679  4.99985   768
380.00  0.04188  0.04183  0.01000  0.80968  -231.35115  -233.28096  4.99985   768
381.00  0.04187  0.04183  0.01022  0.80968  -231.01088  -232.90864  4.99985   768
382.00  0.04186  0.04183  0.01013  0.80968  -231.10548  -232.98646  4.99985   768
383.00  0.04187  0.04183  0.00977  0.80968  -231.63496  -233.49306  4.99985   768
384.00  0.04186  0.04183  0.00921  0.80968  -232.47420  -234.32161  4.99985   768
385.00  0.04186  0.04183  0.00879  0.80968  -233.18068  -235.04945  4.99985   768
386.00  0.04186  0.04183  0.00857  0.80968  -233.51790  -235.41109  4.99985   768
387.00  0.04187  0.04183  0.00875  0.80968  -233.29970  -235.21425  4.99985   768
388.00  0.04186  0.04183  0.00939  0.80968  -232.33382  -234.29414  4.99985   768
389.00  0.04187  0.04183  0.00994  0.80968  -231.42592  -233.35115  4.99985   768
390.00  0.04187  0.04183  0.01040  0.80968  -230.71638  -232.62636  4.99985   768
391.00  0.04185  0.04183  0.01041  0.80968  -230.67519  -232.53175  4.99985   768
392.00  0.04186  0.04183  0.01014  0.80968  -231.04903  -232.87355  4.99985   768
393.00  0.04186  0.04183  0.00963  0.80968  -231.83485  -233.65785  4.99985   768
394.00  0.04187  0.04183  0.00915  0.80968  -232.58253  -234.41621  4.99985   768
395.00  0.04186  0.04183  0.00882  0.80968  -233.08302  -234.93806  4.99985   768
396.00  0.04185  0.04183  0.00889  0.80968  -233.03114  -234.92280  4.99985   768
397.00  0.04186  0.04183  0.00928  0.80968  -232.49403  -234.43147  4.99985   768
398.00  0.04187  0.04183  0.00980  0.80968  -231.70515  -233.65785  4.99985   768
399.00  0.04186  0.04183  0.01018  0.80968  -231.04903  -232.95900  4.99985   768
400.00  0.04186  0.04183  0.01031  0.80968  -230.84608  -232.75453  4.99985   768
401.00  0.04186  0.04183  0.01025  0.80968  -230.93916  -232.82777  4.99985   768
402.00  0.04186  0.04183  0.00981  0.80968  -231.56020  -233.39235  4.99985   768
403.00  0.04186  0.04183  0.00935  0.80968  -232.30635  -234.16139  4.99985   768
404.00  0.04186  0.04183  0.00889  0.80968  -232.93959  -234.78853  4.99985   768
405.00  0.04186  0.04183  0.00883  0.80968  -233.13948  -235.02046  4.99985   768
406.00  0.04186  0.04183  0.00910  0.80968  -232.71223  -234.63136  4.99985   768
407.00  0.04186  0.04183  0.00948  0.80968  -232.19191  -234.10036  4.99985   768
408.00  0.04185  0.04183  0.01003  0.80968  -231.30842  -233.23061  4.99985   768
409.00  0.04187  0.04183  0.01037  0.80968  -230.77132  -232.65687  4.99985   768
410.00  0.04186  0.04183  0.01032  0.80968  -230.80183  -232.68434  4.99985   768
411.00  0.04185  0.04183  0.00996  0.80968  -231.31148  -233.15279  4.99985   768
412.00  0.04186  0.04183  0.00951  0.80968  -232.02254  -233.85774  4.99985   768
413.00  0.04186  0.04183  0.00900  0.80968  -232.80989  -234.67866  4.99985   768
414.00  0.04185  0.04183  0.00876  0.80968  -233.22645  -235.07692  4.99985   768
415.00  0.04186  0.04183  0.00891  0.80968  -233.03419  -234.94722  4.99985   768
416.00  0.04185  0.04183  0.00939  0.80968  -232.31093  -234.26363  4.99985   768
417.00  0.04184  0.04183  0.00990  0.80968  -231.52815  -233.46712  4.99985   768
418.00  0.04186  0.04183  0.01034  0.80968  -230.81709  -232.75301  4.99985   768
419.00  0.04186  0.04183  0.01053  0.80968  -230.49361  -232.36696  4.99985   768
420.00  0.04184  0.04183  0.01031  0.80968  -230.85371  -232.71333  4.99985   768
421.00  0.04185  0.04183  0.00986  0.80968  -231.45949  -233.30537  4.99985   768
422.00  0.04186  0.04183  0.00925  0.80968  -232.37654  -234.21937  4.99985   768
423.00  0.04186  0.04183  0.00884  0.80968  -233.05098  -234.89534  4.99985   768
424.00  0.04184  0.04183  0.00888  0.80968  -233.06013  -234.94417  4.99985   768
425.00  0.04186  0.04183  0.00918  0.80968  -232.59016  -234.50319  4.99985   768
426.00  0.04186  0.04183  0.00983  0.80968  -231.63649  -233.58003  4.99985   768
427.00  0.04185  0.04183  0.01038  0.80968  -230.76216  -232.69502  4.99985   768
428.00  0.04185  0.04183  0.01070  0.80968  -230.24031  -232.15791  4.99985   768
429.00  0.04186  0.04183  0.01072  0.80968  -230.22200  -232.09688  4.99985   768
430.00  0.04184  0.04183  0.01035  0.80968  -230.74232  -232.58058  4.99985   768
431.00  0.04185  0.04183  0.00972  0.80968  -231.69295  -233.53273  4.99985   768
432.00  0.04185  0.04183  0.00918  0.80968  -232.52455  -234.37959  4.99985   768
433.00  0.04184  0.04183  0.00892  0.80968  -232.97468  -234.85414  4.99985   768
434.00  0.04185  0.04183  0.00907  0.80968  -232.77632  -234.71223  4.99985   768
435.00  0.04184  0.04183  0.00959  0.80968  -232.02101  -233.97523  4.99985   768
436.00  0.04184  0.04183  0.01032  0.80968  -230.90407  -232.87508  4.99985   768
437.00  0.04185  0.04183  0.01074  0.80968  -230.20064  -232.12282  4.99985   768
438.00  0.04185  0.04183  0.01085  0.80968  -229.95192  -231.84358  4.99985   768
439.00  0.04186  0.04183  0.01060  0.80968  -230.33644  -232.17775  4.99985   768
440.00  0.04184  0.04183  0.01004  0.80968  -231.21077  -233.02156  4.99985   768
441.00  0.04183  0.04183  0.00940  0.80968  -232.16749  -233.98439  4.99985   768
442.00  0.04184  0.04183  0.00902  0.80968  -232.79616  -234.66188  4.99985   768
443.00  0.04185  0.04183  0.00905  0.80968  -232.76869  -234.64204  4.99985   768
444.00  0.04183  0.04183  0.00935  0.80968  -232.34602  -234.24989  4.99985   768
445.00  0.04185  0.04183  0.00997  0.80968  -231.43812  -233.37556  4.99985   768
446.00  0.04183  0.04183  0.01056  0.80968  -230.51955  -232.46004  4.99985   768
447.00  0.04186  0.04183  0.01089  0.80968  -229.95039  -231.84358  4.99985   768
448.00  0.04184  0.04183  0.01080  0.80968  -230.08314  -231.94887  4.99985   768
449.00  0.04185  0.04183  0.01045  0.80968  -230.57600  -232.42342  4.99985   768
450.00  0.04184  0.04183  0.00983  0.80968  -231.50679  -233.33131  4.99985   768
451.00  0.04183  0.04183  0.00920  0.80968  -232.49556  -234.34755  4.99985   768
452.00  0.04184  0.04183  0.00897  0.80968  -232.86024  -234.74885  4.99985   768
453.00  0.04185  0.04183  0.00920  0.80968  -232.60542  -234.53218  4.99985   768
454.00  0.04184  0.04183  0.00976  0.80968  -231.77077  -233.71736  4.99985   768
455.00  0.04184  0.04183  0.01042  0.80968  -230.71791  -232.66450  4.99985   768
456.00  0.04184  0.04183  0.01093  0.80968  -229.97328  -231.86800  4.99985   768
457.00  0.04185  0.04183  0.01105  0.80968  -229.69862  -231.57655  4.99985   768
458.00  0.04184  0.04183  0.01079  0.80968  -230.05568  -231.88478  4.99985   768
459.00  0.04185  0.04183  0.01025  0.80968  -230.88270  -232.70875  4.99985   768
460.00  0.04184  0.04183  0.00967  0.80968  -231.76009  -233.57698  4.99985   768
461.00  0.04184  0.04183  0.00940  0.80968  -232.20869  -234.08052  4.99985   768
462.00  0.04183  0.04183  0.00928  0.80968  -232.41011  -234.31245  4.99985   768
463.00  0.04183  0.04183  0.00967  0.80968  -231.88216  -233.81502  4.99985   768
464.00  0.04184  0.04183  0.01020  0.80968  -231.07497  -233.01698  4.99985   768
465.00  0.04184  0.04183  0.01073  0.80968  -230.21895  -232.13655  4.99985   768
466.00  0.04184  0.04183  0.01105  0.80968  -229.73982  -231.66353  4.99985   768
467.00  0.04184  0.04183  0.01103  0.80968  -229.69557  -231.58723  4.99985   768
468.00  0.04184  0.04183  0.01059  0.80968  -230.37306  -232.21742  4.99985   768
469.00  0.04183  0.04183  0.01002  0.80968  -231.22450  -233.06276  4.99985   768
470.00  0.04183  0.04183  0.00957  0.80968  -231.95692  -233.82112  4.99985   768
471.00  0.04182  0.04183  0.00937  0.80968  -232.26820  -234.15071  4.99985   768
472.00  0.04184  0.04183  0.00958  0.80968  -231.97829  -233.90352  4.99985   768
473.00  0.04184  0.04183  0.01018  0.80968  -231.07954  -233.03529  4.99985   768
474.00  0.04183  0.04183  0.01077  0.80968  -230.15639  -232.08620  4.99985   768
475.00  0.04183  0.04183  0.01115  0.80968  -229.56740  -231.46211  4.99985   768
476.00  0.04184  0.04183  0.01118  0.80968  -229.45601  -231.30647  4.99985   768
477.00  0.04184  0.04183  0.01089  0.80968  -229.90004  -231.75355  4.99985   768
478.00  0.04185  0.04183  0.01030  0.80968  -230.77284  -232.58821  4.99985   768
479.00  0.04183  0.04183  0.00977  0.80968  -231.64717  -233.49000  4.99985   768
480.00  0.04182  0.04183  0.00940  0.80968  -232.23921  -234.08510  4.99985   768
481.00  0.04182  0.04183  0.00942  0.80968  -232.24074  -234.13850  4.99985   768
482.00  0.04183  0.04183  0.00981  0.80968  -231.69905  -233.63649  4.99985   768
483.00  0.04183  0.04183  0.01040  0.80968  -230.73469  -232.68129  4.99985   768
484.00  0.04183  0.04183  0.01099  0.80968  -229.86037  -231.79933  4.99985   768
485.00  0.04184  0.04183  0.01125  0.80968  -229.41939  -231.33699  4.99985   768
486.00  0.04184  0.04183  0.01105  0.80968  -229.68031  -231.54146  4.99985   768
487.00  0.04183  0.04183  0.01067  0.80968  -230.28914  -232.11977  4.99985   768
488.00  0.04183  0.04183  0.01011  0.80968  -231.10701  -232.93001  4.99985   768
489.00  0.04183  0.04183  0.00964  0.80968  -231.85469  -233.72346  4.99985   768
490.00  0.04183  0.04183  0.00938  0.80968  -232.27125  -234.13240  4.99985   768
491.00  0.04183  0.04183  0.00962  0.80968  -231.90047  -233.82265  4.99985   768
492.00  0.04184  0.04183  0.01012  0.80968  -231.16499  -233.08870  4.99985   768
493.00  0.04182  0.04183  0.01077  0.80968  -230.18080  -232.10908  4.99985   768
494.00  0.04185  0.04183  0.01115  0.80968  -229.56129  -231.45753  4.99985   768
495.00  0.04184  0.04183  0.01123  0.80968  -229.44685  -231.34004  4.99985   768
496.00  0.04183  0.04183  0.01094  0.80968  -229.87105  -231.71083  4.99985   768
497.00  0.04182  0.04183  0.01046  0.80968  -230.52870  -232.34712  4.99985   768
498.00  0.04183  0.04183  0.00996  0.80968  -231.33894  -233.19398  4.99985   768
499.00  0.04184  0.04183  0.00960  0.80968  -231.91420  -233.78603  4.99985   768
500.00  0.04183  0.04183  0.00958  0.80968  -231.98897  -233.89741  4.99985   768
501.00  0.04182  0.04183  0.01002  0.80968  -231.31453  -233.27486  4.99985   768
502.00  0.04184  0.04183  0.01066  0.80968  -230.34560  -232.31966  4.99985   768
503.00  0.04182  0.04183  0.01115  0.80968  -229.60402  -231.53535  4.99985   768
504.00  0.04183  0.04183  0.01127  0.80968  -229.43312  -231.31105  4.99985   768
505.00  0.04183  0.04183  0.01117  0.80968  -229.49110  -231.34309  4.99985   768
506.00  0.04182  0.04183  0.01067  0.80968  -230.20216  -232.02821  4.99985   768
507.00  0.04183  0.04183  0.01012  0.80968  -231.05360  -232.87202  4.99985   768
508.00  0.04182  0.04183  0.00965  0.80968  -231.81044  -233.64107  4.99985   768
509.00  0.04183  0.04183  0.00951  0.80968  -232.07136  -233.94319  4.99985   768
510.00  0.04183  0.04183  0.00977  0.80968  -231.65175  -233.55562  4.99985   768
511.00  0.04182  0.04183  0.01036  0.80968  -230.82930  -232.76369  4.99985   768
512.00  0.04181  0.04183  0.01103  0.80968  -229.74898  -231.68947  4.99985   768
513.00  0.04183  0.04183  0.01138  0.80968  -229.23628  -231.13557  4.99985   768
514.00  0.04183  0.04183  0.01136  0.80968  -229.21797  -231.09132  4.99985   768
515.00  0.04183  0.04183  0.01097  0.80968  -229.78712  -231.64369  4.99985   768
516.00  0.04183  0.04183  0.01042  0.80968  -230.60805  -232.44478  4.99985   768
517.00  0.04182  0.04183  0.00989  0.80968  -231.42134  -233.27333  4.99985   768
518.00  0.04182  0.04183  0.00943  0.80968  -232.19191  -234.05458  4.99985   768
519.00  0.04183  0.04183  0.00960  0.80968  -231.99354  -233.93709  4.99985   768
520.00  0.04182  0.04183  0.01003  0.80968  -231.29011  -233.21840  4.99985   768
521.00  0.04183  0.04183  0.01068  0.80968  -230.34560  -232.30287  4.99985   768
522.00  0.04182  0.04183  0.01119  0.80968  -229.52315  -231.42702  4.99985   768
523.00  0.04183  0.04183  0.01139  0.80968  -229.19203  -231.09285  4.99985   768
524.00  0.04182  0.04183  0.01117  0.80968  -229.47737  -231.31715  4.99985   768
525.00  0.04183  0.04183  0.01072  0.80968  -230.12434  -231.95802  4.99985   768
526.00  0.04183  0.04183  0.01020  0.80968  -230.94984  -232.76216  4.99985   768
527.00  0.04183  0.04183  0.00972  0.80968  -231.67921  -233.52510  4.99985   768
528.00  0.04183  0.04183  0.00960  0.80968  -231.92183  -233.81654  4.99985   768
529.00  0.04182  0.04183  0.00984  0.80968  -231.61970  -233.51594  4.99985   768
530.00  0.04181  0.04183  0.01037  0.80968  -230.83998  -232.77132  4.99985   768
531.00  0.04182  0.04183  0.01100  0.80968  -229.82527  -231.77339  4.99985   768
532.00  0.04183  0.04183  0.01141  0.80968  -229.18745  -231.11421  4.99985   768
533.00  0.04181  0.04183  0.01141  0.80968  -229.13252  -231.02113  4.99985   768
534.00  0.04182  0.04183  0.01110  0.80968  -229.59334  -231.45906  4.99985   768
535.00  0.04182  0.04183  0.01057  0.80968  -230.37764  -232.23268  4.99985   768
536.00  0.04181  0.04183  0.01001  0.80968  -231.28859  -233.12990  4.99985   768
537.00  0.04182  0.04183  0.00973  0.80968  -231.76161  -233.62581  4.99985   768
538.00  0.04182  0.04183  0.00987  0.80968  -231.52663  -233.43507  4.99985   768
539.00  0.04183  0.04183  0.01034  0.80968  -230.84303  -232.79268  4.99985   768
540.00  0.04181  0.04183  0.01091  0.80968  -229.97328  -231.89241  4.99985   768
541.00  0.04183  0.04183  0.01141  0.80968  -229.17982  -231.10963  4.99985   768
542.00  0.04183  0.04183  0.01153  0.80968  -228.94179  -230.79378  4.99985   768
543.00  0.04182  0.04183  0.01141  0.80968  -229.11879  -230.97993  4.99985   768
544.00  0.04183  0.04183  0.01093  0.80968  -229.83748  -231.66963  4.99985   768
545.00  0.04182  0.04183  0.01037  0.80968  -230.67824  -232.49208  4.99985   768
546.00  0.04183  0.04183  0.00987  0.80968  -231.50069  -233.34505  4.99985   768
547.00  0.04182  0.04183  0.00982  0.80968  -231.55714  -233.43507  4.99985   768
548.00  0.04182  0.04183  0.01011  0.80968  -231.19246  -233.11769  4.99985   768
549.00  0.04182  0.04183  0.01068  0.80968  -230.34407  -232.29982  4.99985   768
550.00  0.04183  0.04183  0.01116  0.80968  -229.58113  -231.51704  4.99985   768
551.00  0.04181  0.04183  0.01150  0.80968  -229.03487  -230.95247  4.99985   768
552.00  0.04183  0.04183  0.01147  0.80968  -229.05318  -230.94636  4.99985   768
553.00  0.04182  0.04183  0.01115  0.80968  -229.48958  -231.33852  4.99985   768
554.00  0.04183  0.04183  0.01066  0.80968  -230.28303  -232.12587  4.99985   768
555.00  0.04181  0.04183  0.01009  0.80968  -231.09633  -232.94221  4.99985   768
556.00  0.04182  0.04183  0.00991  0.80968  -231.44728  -233.31605  4.99985   768
557.00  0.04182  0.04183  0.01009  0.80968  -231.23976  -233.13600  4.99985   768
558.00  0.04181  0.04183  0.01055  0.80968  -230.53175  -232.45851  4.99985   768
559.00  0.04182  0.04183  0.01115  0.80968  -229.60707  -231.53535  4.99985   768
560.00  0.04183  0.04183  0.01164  0.80968  -228.79225  -230.70985  4.99985   768
561.00  0.04183  0.04183  0.01173  0.80968  -228.63966  -230.50386  4.99985   768
562.00  0.04181  0.04183  0.01154  0.80968  -228.90822  -230.76173  4.99985   768
563.00  0.04181  0.04183  0.01109  0.80968  -229.53383  -231.39650  4.99985   768
564.00  0.04183  0.04183  0.01054  0.80968  -230.44020  -232.26930  4.99985   768
565.00  0.04181  0.04183  0.01014  0.80968  -231.09785  -232.96052  4.99985   768
566.00  0.04182  0.04183  0.01008  0.80968  -231.20772  -233.11159  4.99985   768
567.00  0.04182  0.04183  0.01041  0.80968  -230.75301  -232.69197  4.99985   768
568.00  0.04183  0.04183  0.01093  0.80968  -229.94734  -231.90156  4.99985   768
569.00  0.04182  0.04183  0.01154  0.80968  -229.01655  -230.97078  4.99985   768
570.00  0.04183  0.04183  0.01183  0.80968  -228.50081  -230.40468  4.99985   768
571.00  0.04182  0.04183  0.01178  0.80968  -228.59846  -230.45503  4.99985   768
572.00  0.04182  0.04183  0.01142  0.80968  -229.06538  -230.90211  4.99985   768
573.00  0.04183  0.04183  0.01077  0.80968  -230.06331  -231.87715  4.99985   768
574.00  0.04181  0.04183  0.01037  0.80968  -230.71333  -232.54091  4.99985   768
575.00  0.04182  0.04183  0.01018  0.80968  -231.05665  -232.91780  4.99985   768
576.00  0.04182  0.04183  0.01036  0.80968  -230.77132  -232.66756  4.99985   768
577.00  0.04181  0.04183  0.01083  0.80968  -230.09535  -232.02821  4.99985   768
578.00  0.04182  0.04183  0.01145  0.80968  -229.11879  -231.06081  4.99985   768
579.00  0.04182  0.04183  0.01186  0.80968  -228.41383  -230.32686  4.99985   768
580.00  0.04181  0.04183  0.01197  0.80968  -228.29481  -230.17732  4.99985   768
581.00  0.04181  0.04183  0.01173  0.80968  -228.65034  -230.49928  4.99985   768
582.00  0.04181  0.04183  0.01112  0.80968  -229.49721  -231.32020  4.99985   768
583.00  0.04181  0.04183  0.01057  0.80968  -230.39748  -232.23878  4.99985   768
584.00  0.04180  0.04183  0.01018  0.80968  -231.03682  -232.91475  4.99985   768
585.00  0.04182  0.04183  0.01031  0.80968  -230.87355  -232.78963  4.99985   768
586.00  0.04182  0.04183  0.01060  0.80968  -230.43715  -232.35933  4.99985   768
587.00  0.04181  0.04183  0.01118  0.80968  -229.53993  -231.50789  4.99985   768
588.00  0.04182  0.04183  0.01171  0.80968  -228.74953  -230.66560  4.99985   768
589.00  0.04182  0.04183  0.01195  0.80968  -228.34517  -230.23836  4.99985   768
590.00  0.04182  0.04183  0.01185  0.80968  -228.43062  -230.27956  4.99985   768
591.00  0.04180  0.04183  0.01139  0.80968  -229.11269  -230.93568  4.99985   768
592.00  0.04182  0.04183  0.01087  0.80968  -229.91225  -231.72609  4.99985   768
593.00  0.04182  0.04183  0.01041  0.80968  -230.62178  -232.47682  4.99985   768
594.00  0.04180  0.04183  0.01028  0.80968  -230.86287  -232.75606  4.99985   768
595.00  0.04182  0.04183  0.01054  0.80968  -230.56074  -232.47072  4.99985   768
596.00  0.04183  0.04183  0.01101  0.80968  -229.79475  -231.72609  4.99985   768
597.00  0.04182  0.04183  0.01163  0.80968  -228.87160  -230.81361  4.99985   768
598.00  0.04181  0.04183  0.01200  0.80968  -228.30397  -230.22768  4.99985   768
599.00  0.04181  0.04183  0.01204  0.80968  -228.19563  -230.08729  4.99985   768
600.00  0.04182  0.04183  0.01174  0.80968  -228.60152  -230.46266  4.99985   768
601.00  0.04182  0.04183  0.01125  0.80968  -229.35988  -231.19356  4.99985   768
602.00  0.04182  0.04183  0.01063  0.80968  -230.30287  -232.13808  4.99985   768
603.00  0.04181  0.04183  0.01020  0.80968  -230.98341  -232.84914  4.99985   768
604.00  0.04180  0.04183  0.01031  0.80968  -230.90712  -232.82625  4.99985   768
605.00  0.04180  0.04183  0.01065  0.80968  -230.33797  -232.25557  4.99985   768
606.00  0.04180  0.04183  0.01129  0.80968  -229.38429  -231.31410  4.99985   768
607.00  0.04182  0.04183  0.01182  0.80968  -228.54658  -230.46113  4.99985   768
608.00  0.04182  0.04183  0.01204  0.80968  -228.19411  -230.07661  4.99985   768
609.00  0.04181  0.04183  0.01197  0.80968  -228.24293  -230.11629  4.99985   768
610.00  0.04182  0.04183  0.01147  0.80968  -228.99367  -230.81819  4.99985   768
611.00  0.04181  0.04183  0.01092  0.80968  -229.82374  -231.64217  4.99985   768
612.00  0.04182  0.04183  0.01047  0.80968  -230.56227  -232.42189  4.99985   768
613.00  0.04182  0.04183  0.01025  0.80968  -230.91627  -232.77132  4.99985   768
614.00  0.04181  0.04183  0.01042  0.80968  -230.71333  -232.62483  4.99985   768
615.00  0.04181  0.04183  0.01097  0.80968  -229.90309  -231.85884  4.99985   768
616.00  0.04182  0.04183  0.01164  0.80968  -228.87617  -230.83040  4.99985   768
617.00  0.04181  0.04183  0.01208  0.80968  -228.16664  -230.09798  4.99985   768
618.00  0.04181  0.04183  0.01215  0.80968  -228.01710  -229.90114  4.99985   768
619.00  0.04181  0.04183  0.01183  0.80968  -228.46113  -230.31465  4.99985   768
620.00  0.04182  0.04183  0.01121  0.80968  -229.37666  -231.19356  4.99985   768
621.00  0.04181  0.04183  0.01066  0.80968  -230.23115  -232.04957  4.99985   768
622.00  0.04182  0.04183  0.01038  0.80968  -230.72401  -232.61873  4.99985   768
623.00  0.04182  0.04183  0.01048  0.80968  -230.59889  -232.51039  4.99985   768
624.00  0.04181  0.04183  0.01083  0.80968  -230.07704  -231.99312  4.99985   768
625.00  0.04181  0.04183  0.01154  0.80968  -229.01350  -230.94789  4.99985   768
626.00  0.04181  0.04183  0.01214  0.80968  -228.07204  -229.97743  4.99985   768
627.00  0.04180  0.04183  0.01231  0.80968  -227.80196  -229.67531  4.99985   768
628.00  0.04181  0.04183  0.01218  0.80968  -227.92860  -229.78059  4.99985   768
629.00  0.04180  0.04183  0.01176  0.80968  -228.51454  -230.35585  4.99985   768
630.00  0.04182  0.04183  0.01111  0.80968  -229.56892  -231.38277  4.99985   768
631.00  0.04181  0.04183  0.01062  0.80968  -230.32576  -232.17622  4.99985   768
632.00  0.04181  0.04183  0.01045  0.80968  -230.64467  -232.52717  4.99985   768
633.00  0.04181  0.04183  0.01073  0.80968  -230.22353  -232.15791  4.99985   768
634.00  0.04181  0.04183  0.01123  0.80968  -229.50484  -231.45143  4.99985   768
635.00  0.04181  0.04183  0.01186  0.80968  -228.52675  -230.49165  4.99985   768
636.00  0.04180  0.04183  0.01226  0.80968  -227.86604  -229.80348  4.99985   768
637.00  0.04181  0.04183  0.01233  0.80968  -227.68904  -229.58070  4.99985   768
638.00  0.04180  0.04183  0.01202  0.80968  -228.13002  -229.97133  4.99985   768
639.00  0.04181  0.04183  0.01138  0.80968  -229.13252  -230.95247  4.99985   768
640.00  0.04182  0.04183  0.01079  0.80968  -230.03126  -231.85579  4.99985   768
641.00  0.04180  0.04183  0.01038  0.80968  -230.70418  -232.55617  4.99985   768
642.00  0.04179  0.04183  0.01041  0.80968  -230.71181  -232.60957  4.99985   768
643.00  0.04180  0.04183  0.01084  0.80968  -230.07399  -231.99617  4.99985   768
644.00  0.04180  0.04183  0.01138  0.80968  -229.24696  -231.15846  4.99985   768
645.00  0.04180  0.04183  0.01191  0.80968  -228.43367  -230.35737  4.99985   768
646.00  0.04181  0.04183  0.01212  0.80968  -228.05220  -229.96065  4.99985   768
647.00  0.04180  0.04183  0.01205  0.80968  -228.15443  -230.00947  4.99985   768
648.00  0.04180  0.04183  0.01165  0.80968  -228.71596  -230.55269  4.99985   768
649.00  0.04181  0.04183  0.01109  0.80968  -229.58571  -231.44685  4.99985   768
650.00  0.04181  0.04183  0.01066  0.80968  -230.28151  -232.13350  4.99985   768
651.00  0.04181  0.04183  0.01041  0.80968  -230.70113  -232.58058  4.99985   768
652.00  0.04180  0.04183  0.01064  0.80968  -230.40816  -232.33644  4.99985   768
653.00  0.04181  0.04183  0.01118  0.80968  -229.55214  -231.49415  4.99985   768
654.00  0.04181  0.04183  0.01184  0.80968  -228.58931  -230.52980  4.99985   768
655.00  0.04181  0.04183  0.01215  0.80968  -228.03084  -229.93013  4.99985   768
656.00  0.04181  0.04183  0.01222  0.80968  -227.88740  -229.76076  4.99985   768
657.00  0.04182  0.04183  0.01197  0.80968  -228.24446  -230.08272  4.99985   768
658.00  0.04180  0.04183  0.01147  0.80968  -228.98604  -230.82582  4.99985   768
659.00  0.04180  0.04183  0.01098  0.80968  -229.77034  -231.59029  4.99985   768
660.00  0.04181  0.04183  0.01070  0.80968  -230.22200  -232.08620  4.99985   768
661.00  0.04179  0.04183  0.01071  0.80968  -230.21895  -232.11061  4.99985   768
662.00  0.04180  0.04183  0.01110  0.80968  -229.72456  -231.64064  4.99985   768
663.00  0.04181  0.04183  0.01167  0.80968  -228.78310  -230.72969  4.99985   768
664.00  0.04181  0.04183  0.01210  0.80968  -228.12086  -230.03541  4.99985   768
665.00  0.04180  0.04183  0.01234  0.80968  -227.75313  -229.65242  4.99985   768
666.00  0.04180  0.04183  0.01217  0.80968  -227.95149  -229.82789  4.99985   768
667.00  0.04180  0.04183  0.01178  0.80968  -228.56184  -230.40925  4.99985   768
668.00  0.04180  0.04183  0.01122  0.80968  -229.39497  -231.24238  4.99985   768
669.00  0.04180  0.04183  0.01078  0.80968  -230.08314  -231.93513  4.99985   768
670.00  0.04180  0.04183  0.01065  0.80968  -230.33034  -232.22505  4.99985   768
671.00  0.04180  0.04183  0.01087  0.80968  -230.00075  -231.93513  4.99985   768
672.00  0.04178  0.04183  0.01144  0.80968  -229.15236  -231.08522  4.99985   768
673.00  0.04180  0.04183  0.01207  0.80968  -228.20021  -230.12849  4.99985   768
674.00  0.04179  0.04183  0.01239  0.80968  -227.67988  -229.58070  4.99985   768
675.00  0.04180  0.04183  0.01243  0.80968  -227.56850  -229.42964  4.99985   768
676.00  0.04180  0.04183  0.01210  0.80968  -228.04152  -229.87062  4.99985   768
677.00  0.04180  0.04183  0.01161  0.80968  -228.80598  -230.62593  4.99985   768
678.00  0.04181  0.04183  0.01104  0.80968  -229.63301  -231.45601  4.99985   768
679.00  0.04180  0.04183  0.01077  0.80968  -230.14418  -232.00227  4.99985   768
680.00  0.04181  0.04183  0.01081  0.80968  -230.12892  -232.02669  4.99985   768
681.00  0.04181  0.04183  0.01122  0.80968  -229.47890  -231.43617  4.99985   768
682.00  0.04181  0.04183  0.01178  0.80968  -228.67628  -230.63356  4.99985   768
683.00  0.04180  0.04183  0.01222  0.80968  -227.93623  -229.85383  4.99985   768
684.00  0.04180  0.04183  0.01242  0.80968  -227.61732  -229.51204  4.99985   768
685.00  0.04181  0.04183  0.01222  0.80968  -227.92097  -229.78975  4.99985   768
686.00  0.04179  0.04183  0.01187  0.80968  -228.36043  -230.21852  4.99985   768
687.00  0.04180  0.04183  0.01131  0.80968  -229.25307  -231.09895  4.99985   768
688.00  0.04180  0.04183  0.01096  0.80968  -229.80238  -231.68947  4.99985   768
689.00  0.04180  0.04183  0.01092  0.80968  -229.86494  -231.77186  4.99985   768
690.00  0.04180  0.04183  0.01112  0.80968  -229.61470  -231.52315  4.99985   768
691.00  0.04178  0.04183  0.01165  0.80968  -228.82582  -230.76326  4.99985   768
692.00  0.04180  0.04183  0.01215  0.80968  -228.04762  -229.93623  4.99985   768
693.00  0.04180  0.04183  0.01247  0.80968  -227.51814  -229.40370  4.99985   768
694.00  0.04180  0.04183  0.01245  0.80968  -227.56697  -229.43117  4.99985   768
695.00  0.04180  0.04183  0.01222  0.80968  -227.88283  -229.73024  4.99985   768
696.00  0.04180  0.04183  0.01168  0.80968  -228.67018  -230.50996  4.99985   768
697.00  0.04180  0.04183  0.01120  0.80968  -229.44227  -231.27748  4.99985   768
698.00  0.04179  0.04183  0.01107  0.80968  -229.66811  -231.56435  4.99985   768
699.00  0.04180  0.04183  0.01117  0.80968  -229.55824  -231.45601  4.99985   768
700.00  0.04180  0.04183  0.01169  0.80968  -228.79072  -230.74190  4.99985   768
701.00  0.04179  0.04183  0.01229  0.80968  -227.89351  -229.83552  4.99985   768
702.00  0.04180  0.04183  0.01274  0.80968  -227.12294  -229.06343  4.99985   768
703.00  0.04180  0.04183  0.01287  0.80968  -226.91389  -228.80556  4.99985   768
704.00  0.04180  0.04183  0.01264  0.80968  -227.27400  -229.12141  4.99985   768
705.00  0.04180  0.04183  0.01217  0.80968  -227.93776  -229.77296  4.99985   768
706.00  0.04179  0.04183  0.01159  0.80968  -228.80751  -230.63966  4.99985   768
707.00  0.04180  0.04183  0.01120  0.80968  -229.44990  -231.29121  4.99985   768
708.00  0.04181  0.04183  0.01107  0.80968  -229.67268  -231.53993  4.99985   768
709.00  0.04180  0.04183  0.01143  0.80968  -229.15846  -231.07454  4.99985   768
710.00  0.04180  0.04183  0.01204  0.80968  -228.25819  -230.18953  4.99985   768
711.00  0.04180  0.04183  0.01262  0.80968  -227.34419  -229.27858  4.99985   768
712.00  0.04179  0.04183  0.01298  0.80968  -226.76588  -228.66518  4.99985   768
713.00  0.04181  0.04183  0.01302  0.80968  -226.66060  -228.54768  4.99985   768
714.00  0.04180  0.04183  0.01263  0.80968  -227.22975  -229.07258  4.99985   768
715.00  0.04179  0.04183  0.01203  0.80968  -228.11934  -229.94691  4.99985   768
716.00  0.04181  0.04183  0.01152  0.80968  -228.94942  -230.80598  4.99985   768
717.00  0.04180  0.04183  0.01134  0.80968  -229.26832  -231.15999  4.99985   768
718.00  0.04180  0.04183  0.01147  0.80968  -229.10963  -231.04402  4.99985   768
719.00  0.04179  0.04183  0.01192  0.80968  -228.40468  -230.34975  4.99985   768
720.00  0.04180  0.04183  0.01253  0.80968  -227.46931  -229.41133  4.99985   768
721.00  0.04179  0.04183  0.01295  0.80968  -226.84370  -228.75520  4.99985   768
722.00  0.04180  0.04183  0.01320  0.80968  -226.41951  -228.32338  4.99985   768
723.00  0.04180  0.04183  0.01308  0.80968  -226.53395  -228.38747  4.99985   768
724.00  0.04178  0.04183  0.01261  0.80968  -227.24043  -229.06496  4.99985   768
725.00  0.04180  0.04183  0.01220  0.80968  -227.91487  -229.75160  4.99985   768
726.00  0.04179  0.04183  0.01181  0.80968  -228.50996  -230.35585  4.99985   768
727.00  0.04180  0.04183  0.01174  0.80968  -228.61372  -230.50081  4.99985   768
728.00  0.04178  0.04183  0.01224  0.80968  -227.93471  -229.87825  4.99985   768
729.00  0.04180  0.04183  0.01282  0.80968  -227.03444  -228.95509  4.99985   768
730.00  0.04179  0.04183  0.01344  0.80968  -226.09144  -228.01973  4.99985   768
731.00  0.04179  0.04183  0.01376  0.80968  -225.57265  -227.49635  4.99985   768
732.00  0.04179  0.04183  0.01378  0.80968  -225.49940  -227.37276  4.99985   768
733.00  0.04180  0.04183  0.01341  0.80968  -226.05788  -227.91749  4.99985   768
734.00  0.04179  0.04183  0.01296  0.80968  -226.72011  -228.55684  4.99985   768
735.00  0.04180  0.04183  0.01261  0.80968  -227.27400  -229.13515  4.99985   768
736.00  0.04181  0.04183  0.01244  0.80968  -227.59749  -229.50136  4.99985   768
737.00  0.04180  0.04183  0.01282  0.80968  -227.01918  -228.96883  4.99985   768
738.00  0.04179  0.04183  0.01332  0.80968  -226.32643  -228.26997  4.99985   768
739.00  0.04180  0.04183  0.01408  0.80968  -225.12709  -227.08589  4.99985   768
740.00  0.04180  0.04183  0.01461  0.80968  -224.23750  -226.12916  4.99985   768
741.00  0.04179  0.04183  0.01477  0.80968  -223.99489  -225.87892  4.99985   768
742.00  0.04180  0.04183  0.01459  0.80968  -224.21614  -226.06813  4.99985   768
743.00  0.04178  0.04183  0.01416  0.80968  -224.84480  -226.67543  4.99985   768
744.00  0.04179  0.04183  0.01379  0.80968  -225.43226  -227.29646  4.99985   768
745.00  0.04179  0.04183  0.01356  0.80968  -225.84120  -227.70387  4.99985   768
746.00  0.04180  0.04183  0.01372  0.80968  -225.61384  -227.52077  4.99985   768
747.00  0.04179  0.04183  0.01401  0.80968  -225.21101  -227.13930  4.99985   768
748.00  0.04178  0.04183  0.01472  0.80968  -224.14900  -226.11391  4.99985   768
749.00  0.04180  0.04183  0.01538  0.80968  -223.10988  -225.05037  4.99985   768
750.00  0.04180  0.04183  0.01576  0.80968  -222.48121  -224.39729  4.99985   768
751.00  0.04179  0.04183  0.01568  0.80968  -222.60176  -224.50715  4.99985   768
752.00  0.04179  0.04183  0.01533  0.80968  -223.07936  -224.91609  4.99985   768
753.00  0.04180  0.04183  0.01494  0.80968  -223.65767  -225.51118  4.99985   768
754.00  0.04179  0.04183  0.01459  0.80968  -224.25734  -226.12001  4.99985   768
755.00  0.04180  0.04183  0.01451  0.80968  -224.37330  -226.25276  4.99985   768
756.00  0.04179  0.04183  0.01478  0.80968  -224.04219  -225.94453  4.99985   768
757.00  0.04178  0.04183  0.01526  0.80968  -223.29451  -225.23042  4.99985   768
758.00  0.04180  0.04183  0.01613  0.80968  -222.01430  -223.97310  4.99985   768
759.00  0.04179  0.04183  0.01697  0.80968  -220.67305  -222.61049  4.99985   768
760.00  0.04178  0.04183  0.01718  0.80968  -220.30226  -222.17409  4.99985   768
761.00  0.04180  0.04183  0.01713  0.80968  -220.36024  -222.22291  4.99985   768
762.00  0.04179  0.04183  0.01696  0.80968  -220.61659  -222.46705  4.99985   768
763.00  0.04178  0.04183  0.01668  0.80968  -221.04536  -222.92177  4.99985   768
764.00  0.04178  0.04183  0.01668  0.80968  -221.08351  -222.98128  4.99985   768
765.00  0.04179  0.04183  0.01707  0.80968  -220.54030  -222.49147  4.99985   768
766.00  0.04178  0.04183  0.01760  0.80968  -219.71632  -221.67055  4.99985   768
767.00  0.04178  0.04183  0.01859  0.80968  -218.21943  -220.22249  4.99985   768
768.00  0.04179  0.04183  0.01954  0.80968  -216.74086  -218.72255  4.99985   768
769.00  0.04178  0.04183  0.02020  0.80968  -215.69258  -217.62239  4.99985   768
770.00  0.04179  0.04183  0.02043  0.80968  -215.30653  -217.21040  4.99985   768
771.00  0.04179  0.04183  0.02052  0.80968  -215.15700  -217.03187  4.99985   768
772.00  0.04178  0.04183  0.02040  0.80968  -215.30958  -217.19209  4.99985   768
773.00  0.04179  0.04183  0.02024  0.80968  -215.59492  -217.45149  4.99985   768
774.00  0.04179  0.04183  0.02038  0.80968  -215.38435  -217.28975  4.99985   768
775.00  0.04179  0.04183  0.02091  0.80968  -214.62294  -216.56801  4.99985   768
776.00  0.04179  0.04183  0.02184  0.80968  -213.21455  -215.17640  4.99985   768
777.00  0.04179  0.04183  0.02275  0.80968  -211.80159  -213.74513  4.99985   768
778.00  0.04179  0.04183  0.02352  0.80968  -210.62514  -212.57631  4.99985   768
779.00  0.04178  0.04183  0.02410  0.80968  -209.70045  -211.60890  4.99985   768
780.00  0.04178  0.04183  0.02400  0.80968  -209.83320  -211.69435  4.99985   768
781.00  0.04178  0.04183  0.02386  0.80968  -209.96748  -211.81337  4.99985   768
782.00  0.04178  0.04183  0.02316  0.80968  -211.05543  -212.89827  4.99985   768
783.00  0.04179  0.04183  0.02321  0.80968  -211.03865  -212.95167  4.99985   768
784.00  0.04178  0.04183  0.02318  0.80968  -211.11494  -213.02186  4.99985   768
785.00  0.04178  0.04183  0.02417  0.80968  -209.65162  -211.67451  4.99985   768
786.00  0.04179  0.04183  0.02497  0.80968  -208.40346  -210.36683  4.99985   768
787.00  0.04179  0.04183  0.02551  0.80968  -207.52760  -209.45283  4.99985   768
788.00  0.04179  0.04183  0.02579  0.80968  -207.11104  -208.99049  4.99985   768
789.00  0.04177  0.04183  0.02575  0.80968  -207.11867  -208.98134  4.99985   768
790.00  0.04178  0.04183  0.02531  0.80968  -207.76411  -209.56422  4.99985   768
791.00  0.04177  0.04183  0.02476  0.80968  -208.57893  -210.40346  4.99985   768
792.00  0.04178  0.04183  0.02441  0.80968  -209.13588  -210.99397  4.99985   768
793.00  0.04178  0.04183  0.02428  0.80968  -209.38307  -211.23811  4.99985   768
794.00  0.04179  0.04183  0.02452  0.80968  -209.06569  -210.96498  4.99985   768
795.00  0.04178  0.04183  0.02506  0.80968  -208.22951  -210.19288  4.99985   768
796.00  0.04179  0.04183  0.02565  0.80968  -207.36281  -209.24836  4.99985   768
797.00  0.04179  0.04183  0.02586  0.80968  -206.95540  -208.85927  4.99985   768
798.00  0.04179  0.04183  0.02598  0.80968  -206.79365  -208.69905  4.99985   768
799.00  0.04179  0.04183  0.02591  0.80968  -206.86384  -208.74940  4.99985   768
800.00  0.04178  0.04183  0.02580  0.80968  -207.01491  -208.85621  4.99985   768
801.00  0.04179  0.04183  0.02513  0.80968  -208.05403  -209.92280  4.99985   768
802.00  0.04180  0.04183  0.02444  0.80968  -209.03364  -210.85054  4.99985   768
803.00  0.04178  0.04183  0.02399  0.80968  -209.84236  -211.71113  4.99985   768
804.00  0.04178  0.04183  0.02453  0.80968  -209.00770  -210.94514  4.99985   768
805.00  0.04178  0.04183  0.02523  0.80968  -208.10133  -210.09675  4.99985   768
806.00  0.04178  0.04183  0.02622  0.80968  -206.39387  -208.29774  4.99985   768
807.00  0.04178  0.04183  0.02643  0.80968  -206.08107  -207.98799  4.99985   768
808.00  0.04179  0.04183  0.02627  0.80968  -206.31758  -208.17567  4.99985   768
809.00  0.04179  0.04183  0.02598  0.80968  -206.70210  -208.53578  4.99985   768
810.00  0.04180  0.04183  0.02603  0.80968  -206.71888  -208.61055  4.99985   768
811.00  0.04181  0.04183  0.02665  0.80968  -205.83235  -207.79878  4.99985   768
812.00  0.04180  0.04183  0.02781  0.80968  -204.06233  -206.04554  4.99985   768
813.00  0.04179  0.04183  0.02881  0.80968  -202.50288  -204.43727  4.99985   768
814.00  0.04180  0.04183  0.02935  0.80968  -201.68043  -203.64686  4.99985   768
815.00  0.04181  0.04183  0.03013  0.80968  -200.43837  -202.40327  4.99985   768
816.00  0.04180  0.04183  0.03057  0.80968  -199.76240  -201.70289  4.99985   768
817.00  0.04180  0.04183  0.03138  0.80968  -198.52186  -200.45778  4.99985   768
818.00  0.04180  0.04183  0.03109  0.80968  -198.88197  -200.73701  4.99985   768
819.00  0.04180  0.04183  0.02999  0.80968  -200.39259  -202.11641  4.99985   768
820.00  0.04182  0.04183  0.02817  0.80968  -203.18648  -204.88588  4.99985   768
821.00  0.04181  0.04183  0.02585  0.80968  -206.77534  -208.48695  4.99985   768
822.00  0.04183  0.04183  0.02444  0.80968  -209.01838  -210.76509  4.99985   768
823.00  0.04183  0.04183  0.02372  0.80968  -210.23298  -212.07582  4.99985   768
824.00  0.04181  0.04183  0.02395  0.80968  -209.91713  -211.81642  4.99985   768
825.00  0.04182  0.04183  0.02381  0.80968  -210.04835  -211.86067  4.99985   768
826.00  0.04182  0.04183  0.02349  0.80968  -210.54426  -212.37794  4.99985   768
827.00  0.04184  0.04183  0.02268  0.80968  -211.70393  -213.48421  4.99985   768
828.00  0.04183  0.04183  0.02165  0.80968  -213.35951  -215.13215  4.99985   768
829.00  0.04181  0.04183  0.02101  0.80968  -214.34065  -216.17891  4.99985   768
830.00  0.04183  0.04183  0.02044  0.80968  -215.20430  -217.01356  4.99985   768
831.00  0.04183  0.04183  0.02019  0.80968  -215.65596  -217.53084  4.99985   768
832.00  0.04183  0.04183  0.02036  0.80968  -215.39808  -217.30348  4.99985   768
833.00  0.04184  0.04183  0.02063  0.80968  -215.03340  -216.95863  4.99985   768
834.00  0.04183  0.04183  0.02106  0.80968  -214.36506  -216.29335  4.99985   768
835.00  0.04184  0.04183  0.02127  0.80968  -214.00343  -215.90425  4.99985   768
836.00  0.04185  0.04183  0.02128  0.80968  -214.00648  -215.89509  4.99985   768
837.00  0.04185  0.04183  0.02103  0.80968  -214.31318  -216.15449  4.99985   768
838.00  0.04183  0.04183  0.02062  0.80968  -214.94795  -216.78926  4.99985   768
839.00  0.04185  0.04183  0.01996  0.80968  -215.95045  -217.77040  4.99985   768
840.00  0.04184  0.04183  0.01944  0.80968  -216.79274  -218.62947  4.99985   768
841.00  0.04184  0.04183  0.01944  0.80968  -216.82020  -218.69813  4.99985   768
842.00  0.04183  0.04183  0.01970  0.80968  -216.46162  -218.35786  3.23647   768
843.00  0.04184  0.04183  0.02035  0.80968  -215.46370  -217.39961  1.47308   768
844.00  0.04183  0.04183  0.02078  0.80968  -214.79841  -216.69618  1.47308   768
845.00  0.04183  0.04183  0.02075  0.80968  -214.72670  -216.59089  1.47308   768
846.00  0.04184  0.04183  0.02030  0.80968  -215.43776  -217.26991  1.47308   768
847.00  0.04183  0.04183  0.01992  0.80968  -216.05269  -217.90315  1.47308   768
848.00  0.04182  0.04183  0.01950  0.80968  -216.67830  -218.52113  1.47308   768
849.00  0.04182  0.04183  0.01898  0.80968  -217.46565  -219.29628  1.47308   768
850.00  0.04182  0.04183  0.01878  0.80968  -217.84102  -219.74489  1.47308   768
851.00  0.04182  0.04183  0.01898  0.80968  -217.53279  -219.47023  1.47308   768
852.00  0.04182  0.04183  0.01933  0.80968  -217.02315  -218.94227  1.47308   768
853.00  0.04178  0.04183  0.01992  0.80968  -216.13966  -218.08626  1.46045   768
854.00  0.04180  0.04183  0.02026  0.80968  -215.58882  -217.48353  1.44150   768
855.00  0.04178  0.04183  0.01999  0.80968  -215.91231  -217.75514  1.44150   768
856.00  0.04179  0.04183  0.01932  0.80968  -216.91786  -218.73323  1.44150   768
857.00  0.04179  0.04183  0.01854  0.80968  -218.11720  -219.93257  1.44150   768
858.00  0.04179  0.04183  0.01803  0.80968  -218.95338  -220.77943  1.44150   768
859.00  0.04179  0.04183  0.01794  0.80968  -219.11970  -220.99458  1.44150   768
860.00  0.04178  0.04183  0.01808  0.80968  -218.89693  -220.78401  1.44150   768
861.00  0.04179  0.04183  0.01831  0.80968  -218.58870  -220.48799  1.44150   768
862.00  0.04179  0.04183  0.01863  0.80968  -218.08058  -219.98903  1.44150   768
863.00  0.04179  0.04183  0.01911  0.80968  -217.37105  -219.31306  1.44150   768
864.00  0.04179  0.04183  0.01964  0.80968  -216.54555  -218.47230  1.45394   768
865.00  0.04178  0.04183  0.01967  0.80968  -216.46010  -218.33955  1.47705   768
866.00  0.04178  0.04183  0.01919  0.80968  -217.13148  -218.94075  1.47705   768
867.00  0.04179  0.04183  0.01844  0.80968  -218.29725  -220.13246  1.47705   768
868.00  0.04178  0.04183  0.01788  0.80968  -219.21278  -221.08919  1.47705   768
869.00  0.04179  0.04183  0.01773  0.80968  -219.44929  -221.34096  1.47705   768
870.00  0.04179  0.04183  0.01802  0.80968  -219.07240  -220.99306  1.47705   768
871.00  0.04177  0.04183  0.01854  0.80968  -218.22096  -220.14314  1.47705   768
872.00  0.04179  0.04183  0.01891  0.80968  -217.63808  -219.56788  1.47705   768
873.00  0.04178  0.04183  0.01932  0.80968  -217.03535  -218.95753  1.47705   768
874.00  0.04179  0.04183  0.01945  0.80968  -216.77901  -218.64778  1.47705   768
875.00  0.04179  0.04183  0.01898  0.80968  -217.46565  -219.28255  1.46297   768
876.00  0.04179  0.04183  0.01839  0.80968  -218.36287  -220.17824  1.33621   768
877.00  0.04178  0.04183  0.01802  0.80968  -218.98848  -220.84352  1.33621   768
878.00  0.04179  0.04183  0.01799  0.80968  -219.07088  -220.94728  1.33621   768
879.00  0.04178  0.04183  0.01822  0.80968  -218.73518  -220.62990  1.33621   768
880.00  0.04177  0.04183  0.01863  0.80968  -218.07905  -220.01192  1.33621   768
881.00  0.04178  0.04183  0.01903  0.80968  -217.48854  -219.41987  1.33621   768
882.00  0.04179  0.04183  0.01921  0.80968  -217.18336  -219.07960  1.33621   768
883.00  0.04178  0.04183  0.01929  0.80968  -217.04451  -218.94838  1.33621   768
884.00  0.04179  0.04183  0.01947  0.80968  -216.80952  -218.72102  1.33621   768
885.00  0.04178  0.04183  0.01901  0.80968  -217.39241  -219.21693  1.33621   768
886.00  0.04177  0.04183  0.01811  0.80968  -218.77638  -220.59785  1.33761   768
887.00  0.04178  0.04183  0.01763  0.80968  -219.59120  -221.43709  1.34552   768
888.00  0.04177  0.04183  0.01777  0.80968  -219.40809  -221.32265  1.34552   768
889.00  0.04178  0.04183  0.01836  0.80968  -218.57344  -220.50630  1.34552   768
890.00  0.04178  0.04183  0.01894  0.80968  -217.63502  -219.56483  1.34552   768
891.00  0.04178  0.04183  0.01932  0.80968  -217.00026  -218.90108  1.34552   768
892.00  0.04177  0.04183  0.01933  0.80968  -216.95753  -218.82631  1.34552   768
893.00  0.04177  0.04183  0.01929  0.80968  -217.02009  -218.88276  1.34552   768
894.00  0.04179  0.04183  0.01904  0.80968  -217.39851  -219.22761  1.34552   768
895.00  0.04178  0.04183  0.01851  0.80968  -218.17366  -219.99818  1.34552   768
896.00  0.04179  0.04183  0.01785  0.80968  -219.13954  -220.97169  1.34552   768
897.00  0.04179  0.04183  0.01758  0.80968  -219.65071  -221.51491  1.34552   768
898.00  0.04179  0.04183  0.01777  0.80968  -219.44624  -221.36842  1.33560   768
899.00  0.04178  0.04183  0.01837  0.80968  -218.52614  -220.49409  1.33560   768
900.00  0.04178  0.04183  0.01891  0.80968  -217.68080  -219.61519  1.33560   768
901.00  0.04178  0.04183  0.01938  0.80968  -216.98652  -218.91939  1.33560   768
902.00  0.04178  0.04183  0.01955  0.80968  -216.66456  -218.54402  1.33560   768
903.00  0.04178  0.04183  0.01921  0.80968  -217.09639  -218.94838  1.33560   768
904.00  0.04178  0.04183  0.01851  0.80968  -218.17824  -220.01192  1.33560   768
905.00  0.04178  0.04183  0.01807  0.80968  -218.87099  -220.70466  1.33560   768
906.00  0.04178  0.04183  0.01789  0.80968  -219.18989  -221.05867  1.33560   768
907.00  0.04178  0.04183  0.01795  0.80968  -219.13496  -221.03120  1.33560   768
908.00  0.04179  0.04183  0.01838  0.80968  -218.46663  -220.38423  1.33560   768
909.00  0.04179  0.04183  0.01880  0.80968  -217.83797  -219.73726  1.46157   768
910.00  0.04178  0.04183  0.01913  0.80968  -217.31306  -219.21998  1.46820   768
911.00  0.04179  0.04183  0.01940  0.80968  -216.88429  -218.77595  1.46820   768
912.00  0.04179  0.04183  0.01939  0.80968  -216.85225  -218.71187  1.46820   768
913.00  0.04179  0.04183  0.01903  0.80968  -217.40004  -219.25966  1.46820   768
914.00  0.04177  0.04183  0.01844  0.80968  -218.31404  -220.14162  1.46820   768
915.00  0.04177  0.04183  0.01783  0.80968  -219.24330  -221.08003  1.46820   768
916.00  0.04178  0.04183  0.01761  0.80968  -219.64461  -221.52559  1.46820   768
917.00  0.04178  0.04183  0.01788  0.80968  -219.27992  -221.21431  1.46820   768
918.00  0.04176  0.04183  0.01856  0.80968  -218.24080  -220.22096  1.46820   768
919.00  0.04177  0.04183  0.01915  0.80968  -217.31459  -219.23829  1.46820   768
920.00  0.04178  0.04183  0.01962  0.80968  -216.57606  -218.49061  1.44451   768
921.00  0.04178  0.04183  0.01959  0.80968  -216.54249  -218.40974  1.43661   768
922.00  0.04179  0.04183  0.01921  0.80968  -217.13606  -218.98347  1.43661   768
923.00  0.04179  0.04183  0.01857  0.80968  -218.07905  -219.89747  1.43661   768
924.00  0.04178  0.04183  0.01802  0.80968  -218.91829  -220.73671  1.43661   768
925.00  0.04178  0.04183  0.01776  0.80968  -219.39741  -221.25703  1.43661   768
926.00  0.04178  0.04183  0.01776  0.80968  -219.36232  -221.23262  1.43661   768
927.00  0.04179  0.04183  0.01806  0.80968  -219.00984  -220.92744  1.43661   768
928.00  0.04178  0.04183  0.01857  0.80968  -218.20875  -220.13856  1.43661   768
929.00  0.04178  0.04183  0.01917  0.80968  -217.31154  -219.24745  1.43661   768
930.00  0.04178  0.04183  0.01945  0.80968  -216.81410  -218.71339  1.43661   768
931.00  0.04176  0.04183  0.01957  0.80968  -216.62947  -218.51961  1.59420   768
932.00  0.04178  0.04183  0.01913  0.80968  -217.25508  -219.07503  1.64673   768
933.00  0.04178  0.04183  0.01851  0.80968  -218.18892  -220.03938  1.64673   768
934.00  0.04177  0.04183  0.01780  0.80968  -219.29976  -221.14107  1.64673   768
935.00  0.04178  0.04183  0.01775  0.80968  -219.38978  -221.28755  1.64673   768
936.00  0.04178  0.04183  0.01806  0.80968  -218.97475  -220.91066  1.64673   768
937.00  0.04178  0.04183  0.01845  0.80968  -218.38576  -220.30031  1.64673   768
938.00  0.04177  0.04183  0.01895  0.80968  -217.59993  -219.53432  1.64673   768
939.00  0.04178  0.04183  0.01913  0.80968  -217.34358  -219.23219  1.64673   768
940.00  0.04177  0.04183  0.01918  0.80968  -217.19252  -219.06434  1.64673   768
941.00  0.04177  0.04183  0.01886  0.80968  -217.65333  -219.48396  1.64673   768
942.00  0.04177  0.04183  0.01843  0.80968  -218.32777  -220.15382  1.61853   768
943.00  0.04177  0.04183  0.01796  0.80968  -219.01747  -220.83436  1.59546   768
944.00  0.04178  0.04183  0.01769  0.80968  -219.46760  -221.31654  1.59546   768
945.00  0.04177  0.04183  0.01784  0.80968  -219.31807  -221.23872  1.59546   768
946.00  0.04178  0.04183  0.01826  0.80968  -218.66194  -220.59785  1.59546   768
947.00  0.04177  0.04183  0.01882  0.80968  -217.78456  -219.72810  1.59546   768
948.00  0.04178  0.04183  0.01926  0.80968  -217.14979  -219.06587  1.59546   768
949.00  0.04177  0.04183  0.01929  0.80968  -217.04146  -218.91328  1.59546   768
950.00  0.04177  0.04183  0.01919  0.80968  -217.15895  -219.03840  1.59546   768
951.00  0.04176  0.04183  0.01863  0.80968  -218.02717  -219.84865  1.59546   768
952.00  0.04177  0.04183  0.01800  0.80968  -218.99763  -220.82216  1.59546   768
953.00  0.04178  0.04183  0.01758  0.80968  -219.65681  -221.53474  1.53428   768
954.00  0.04177  0.04183  0.01749  0.80968  -219.81856  -221.70869  1.48422   768
955.00  0.04179  0.04183  0.01786  0.80968  -219.30586  -221.25398  1.48422   768
956.00  0.04178  0.04183  0.01867  0.80968  -218.05617  -220.00886  1.48422   768
957.00  0.04178  0.04183  0.01912  0.80968  -217.34511  -219.26576  1.48422   768
958.00  0.04178  0.04183  0.01931  0.80968  -217.02315  -218.89802  1.48422   768
959.00  0.04177  0.04183  0.01932  0.80968  -217.00636  -218.86598  1.48422   768
960.00  0.04178  0.04183  0.01896  0.80968  -217.53126  -219.35884  1.48422   768
961.00  0.04178  0.04183  0.01837  0.80968  -218.37507  -220.18434  1.48422   768
962.00  0.04178  0.04183  0.01791  0.80968  -219.10444  -220.93202  1.48422   768
963.00  0.04176  0.04183  0.01744  0.80968  -219.85975  -221.71327  1.48422   768
964.00  0.04177  0.04183  0.01747  0.80968  -219.80940  -221.71174  1.52337   768
965.00  0.04178  0.04183  0.01787  0.80968  -219.29823  -221.26466  1.59607   768
966.00  0.04178  0.04183  0.01863  0.80968  -218.12636  -220.07600  1.59607   768
967.00  0.04177  0.04183  0.01923  0.80968  -217.19252  -219.12691  1.59607   768
968.00  0.04177  0.04183  0.01940  0.80968  -216.85072  -218.75612  1.59607   768
969.00  0.04176  0.04183  0.01908  0.80968  -217.28407  -219.12080  1.59607   768
970.00  0.04176  0.04183  0.01858  0.80968  -218.09889  -219.93867  1.59607   768
971.00  0.04178  0.04183  0.01809  0.80968  -218.83894  -220.69704  1.59607   768
972.00  0.04178  0.04183  0.01790  0.80968  -219.22346  -221.08919  1.59607   768
973.00  0.04177  0.04183  0.01789  0.80968  -219.19142  -221.07393  1.59607   768
974.00  0.04176  0.04183  0.01802  0.80968  -219.01900  -220.91218  1.59607   768
975.00  0.04177  0.04183  0.01849  0.80968  -218.32167  -220.24843  1.50523   768
976.00  0.04178  0.04183  0.01896  0.80968  -217.61366  -219.52669  1.33652   768
977.00  0.04178  0.04183  0.01925  0.80968  -217.10554  -218.97737  1.33652   768
978.00  0.04178  0.04183  0.01925  0.80968  -217.11928  -218.98805  1.33652   768
979.00  0.04177  0.04183  0.01905  0.80968  -217.39851  -219.23677  1.33652   768
980.00  0.04178  0.04183  0.01846  0.80968  -218.26826  -220.08668  1.33652   768
981.00  0.04177  0.04183  0.01792  0.80968  -219.10444  -220.94728  1.33652   768
982.00  0.04178  0.04183  0.01763  0.80968  -219.58815  -221.46760  1.33652   768
983.00  0.04177  0.04183  0.01774  0.80968  -219.47676  -221.39284  1.33652   768
984.00  0.04177  0.04183  0.01823  0.80968  -218.71992  -220.67262  1.33652   768
985.00  0.04177  0.04183  0.01882  0.80968  -217.80745  -219.74336  1.33652   768
986.00  0.04176  0.04183  0.01909  0.80968  -217.32832  -219.22456  1.33629   768
987.00  0.04177  0.04183  0.01915  0.80968  -217.31917  -219.20015  1.33499   768
988.00  0.04178  0.04183  0.01895  0.80968  -217.54500  -219.43361  1.33499   768
989.00  0.04177  0.04183  0.01847  0.80968  -218.21181  -220.02717  1.33499   768
990.00  0.04176  0.04183  0.01797  0.80968  -219.01137  -220.84657  1.33499   768
991.00  0.04178  0.04183  0.01766  0.80968  -219.52864  -221.37910  1.33499   768
992.00  0.04177  0.04183  0.01747  0.80968  -219.82466  -221.68428  1.33499   768
993.00  0.04176  0.04183  0.01769  0.80968  -219.51491  -221.39894  1.33499   768
994.00  0.04177  0.04183  0.01831  0.80968  -218.60090  -220.56886  1.33499   768
995.00  0.04178  0.04183  0.01905  0.80968  -217.48091  -219.43361  1.33499   768
996.00  0.04177  0.04183  0.01937  0.80968  -216.93464  -218.81105  1.33499   768
997.00  0.04176  0.04183  0.01936  0.80968  -216.93464  -218.79884  1.37473   768
998.00  0.04178  0.04183  0.01890  0.80968  -217.58009  -219.40767  1.59988   768
999.00  0.04178  0.04183  0.01827  0.80968  -218.57649  -220.40864  1.59988   768
1000.00  0.04176  0.04183  0.01770  0.80968  -219.42793  -221.27839  1.59988   768
1001.00  0.04177  0.04183  0.01752  0.80968  -219.77431  -221.65681  1.59988   768
1002.00  0.04177  0.04183  0.01782  0.80968  -219.32722  -221.24483  1.59988   768
1003.00  0.04177  0.04183  0.01833  0.80968  -218.59328  -220.54140  1.59988   768
1004.00  0.04177  0.04183  0.01890  0.80968  -217.64418  -219.58009  1.59988   768
1005.00  0.04177  0.04183  0.01916  0.80968  -217.27339  -219.18794  1.59988   768
1006.00  0.04178  0.04183  0.01922  0.80968  -217.17726  -219.05061  1.59988   768
1007.00  0.04176  0.04183  0.01913  0.80968  -217.27186  -219.11317  1.59988   768
1008.00  0.04177  0.04183  0.01882  0.80968  -217.70064  -219.54194  1.59988   768
1009.00  0.04177  0.04183  0.01822  0.80968  -218.62684  -220.43153  1.47339   768
1010.00  0.04177  0.04183  0.01758  0.80968  -219.62172  -221.42488  1.47339   768
1011.00  0.04178  0.04183  0.01739  0.80968  -219.98335  -221.86738  1.47339   768
1012.00  0.04177  0.04183  0.01779  0.80968  -219.38826  -221.32265  1.47339   768
1013.00  0.04177  0.04183  0.01856  0.80968  -218.24232  -220.20265  1.47339   768
1014.00  0.04176  0.04183  0.01927  0.80968  -217.11928  -219.06740  1.47339   768
1015.00  0.04177  0.04183  0.01938  0.80968  -216.91023  -218.80342  1.47339   768
1016.00  0.04178  0.04183  0.01919  0.80968  -217.14674  -219.00331  1.47339   768
1017.00  0.04177  0.04183  0.01869  0.80968  -217.90358  -219.74031  1.47339   768
1018.00  0.04177  0.04183  0.01813  0.80968  -218.77943  -220.63447  1.47339   768
1019.00  0.04176  0.04183  0.01775  0.80968  -219.35469  -221.23109  1.47339   768
1020.00  0.04177  0.04183  0.01771  0.80968  -219.46608  -221.34706  1.57192   768
1021.00  0.04176  0.04183  0.01784  0.80968  -219.33333  -221.22499  1.60477   768
1022.00  0.04176  0.04183  0.01824  0.80968  -218.73671  -220.66347  1.60477   768
1023.00  0.04176  0.04183  0.01884  0.80968  -217.80287  -219.73268  1.60477   768
1024.00  0.04178  0.04183  0.01916  0.80968  -217.23372  -219.11928  1.60477   768
1025.00  0.04178  0.04183  0.01922  0.80968  -217.14216  -219.00026  1.60477   768
1026.00  0.04177  0.04183  0.01903  0.80968  -217.39851  -219.24898  1.60477   768
1027.00  0.04176  0.04183  0.01865  0.80968  -217.94935  -219.79066  1.60477   768
1028.00  0.04177  0.04183  0.01801  0.80968  -218.97169  -220.78248  1.60477   768
1029.00  0.04178  0.04183  0.01764  0.80968  -219.57442  -221.41115  1.60477   768
1030.00  0.04176  0.04183  0.01753  0.80968  -219.73006  -221.61867  1.60477   768
1031.00  0.04177  0.04183  0.01789  0.80968  -219.28755  -221.22194  4.15108   768
1032.00  0.04177  0.04183  0.01857  0.80968  -218.22249  -220.18434  4.99985   768
1033.00  0.04177  0.04183  0.01904  0.80968  -217.45955  -219.37410  4.99985   768
1034.00  0.04177  0.04183  0.01921  0.80968  -217.17268  -219.07197  4.99985   768
1035.00  0.04177  0.04183  0.01900  0.80968  -217.48244  -219.34358  4.99985   768
1036.00  0.04178  0.04183  0.01858  0.80968  -218.09736  -219.94783  4.99985   768
1037.00  0.04177  0.04183  0.01813  0.80968  -218.79164  -220.63753  4.99985   768
1038.00  0.04177  0.04183  0.01791  0.80968  -219.18532  -221.03731  4.99985   768
1039.00  0.04177  0.04183  0.01774  0.80968  -219.42641  -221.27534  4.99985   768
1040.00  0.04177  0.04183  0.01779  0.80968  -219.37453  -221.27534  4.99985   768
1041.00  0.04177  0.04183  0.01822  0.80968  -218.74129  -220.66194  4.99985   768
1042.00  0.04177  0.04183  0.01867  0.80968  -218.04701  -219.96004  4.99985   768
1043.00  0.04177  0.04183  0.01914  0.80968  -217.28560  -219.21235  4.99985   768
1044.00  0.04177  0.04183  0.01928  0.80968  -217.05061  -218.92091  4.99985   768
1045.00  0.04176  0.04183  0.01901  0.80968  -217.45344  -219.27492  4.99985   768
1046.00  0.04178  0.04183  0.01836  0.80968  -218.39644  -220.21486  4.99985   768
1047.00  0.04175  0.04183  0.01786  0.80968  -219.19600  -221.02357  4.99985   768
1048.00  0.04177  0.04183  0.01760  0.80968  -219.63240  -221.51338  4.99985   768
1049.00  0.04178  0.04183  0.01778  0.80968  -219.39131  -221.31502  4.99985   768
1050.00  0.04176  0.04183  0.01829  0.80968  -218.65278  -220.59480  4.99985   768
1051.00  0.04177  0.04183  0.01870  0.80968  -217.98140  -219.89747  4.99985   768
1052.00  0.04177  0.04183  0.01912  0.80968  -217.32527  -219.24287  4.99985   768
1053.00  0.04177  0.04183  0.01930  0.80968  -217.03078  -218.94533  4.99985   768
1054.00  0.04176  0.04183  0.01921  0.80968  -217.20473  -219.05977  4.99985   768
1055.00  0.04177  0.04183  0.01879  0.80968  -217.78761  -219.63502  4.99985   768
1056.00  0.04176  0.04183  0.01823  0.80968  -218.57191  -220.38881  4.99985   768
1057.00  0.04176  0.04183  0.01770  0.80968  -219.44472  -221.27382  4.99985   768
1058.00  0.04177  0.04183  0.01746  0.80968  -219.85213  -221.72395  4.99985   768
1059.00  0.04176  0.04183  0.01771  0.80968  -219.51338  -221.42488  4.99985   768
1060.00  0.04177  0.04183  0.01817  0.80968  -218.80842  -220.73366  4.99985   768
1061.00  0.04178  0.04183  0.01881  0.80968  -217.84865  -219.78609  4.99985   768
1062.00  0.04177  0.04183  0.01917  0.80968  -217.22761  -219.12080  4.99985   768
1063.00  0.04175  0.04183  0.01943  0.80968  -216.88734  -218.80189  4.99985   768
1064.00  0.04177  0.04183  0.01972  0.80968  -216.36244  -218.21290  4.99985   768
1065.00  0.04176  0.04183  0.01737  0.80968  -219.78194  -221.45082  4.99985   768
1066.00  0.04176  0.04183  0.01699  0.80968  -220.51436  -222.36940  4.99985   768
1067.00  0.04176  0.04183  0.01529  0.80968  -223.03511  -224.76655  4.99985   768
1068.00  0.04178  0.04183  0.01512  0.80968  -223.53407  -225.47456  4.99985   768
1069.00  0.04177  0.04183  0.01532  0.80968  -223.10988  -224.96644  4.99985   768
1070.00  0.04177  0.04183  0.01524  0.80968  -223.31282  -225.22432  4.99985   768
1071.00  0.04177  0.04183  0.01580  0.80968  -222.40034  -224.32252  4.99985   768
1072.00  0.04177  0.04183  0.01554  0.80968  -222.74214  -224.60329  4.99985   768
1073.00  0.04177  0.04183  0.01537  0.80968  -223.03816  -224.87947  4.99985   768
1074.00  0.04176  0.04183  0.01489  0.80968  -223.70039  -225.51118  4.99985   768
1075.00  0.04178  0.04183  0.01422  0.80968  -224.80513  -226.60982  4.99985   768
1076.00  0.04177  0.04183  0.01367  0.80968  -225.58943  -227.41701  4.99985   768
1077.00  0.04177  0.04183  0.01334  0.80968  -226.18147  -228.04872  4.99985   768
1078.00  0.04177  0.04183  0.01356  0.80968  -225.85493  -227.75728  4.99985   768
1079.00  0.04177  0.04183  0.01401  0.80968  -225.22322  -227.16066  4.99985   768
1080.00  0.04176  0.04183  0.01461  0.80968  -224.28175  -226.21614  4.99985   768
1081.00  0.04175  0.04183  0.01481  0.80968  -223.93538  -225.84688  4.99985   768
1082.00  0.04177  0.04183  0.01464  0.80968  -224.16884  -226.03303  4.99985   768
1083.00  0.04176  0.04183  0.01419  0.80968  -224.83565  -226.69069  4.99985   768
1084.00  0.04176  0.04183  0.01359  0.80968  -225.75575  -227.58333  4.99985   768
1085.00  0.04176  0.04183  0.01313  0.80968  -226.47139  -228.33711  4.99985   768
1086.00  0.04177  0.04183  0.01295  0.80968  -226.77809  -228.66518  4.99985   768
1087.00  0.04175  0.04183  0.01283  0.80968  -227.01613  -228.87727  4.99985   768
1088.00  0.04178  0.04183  0.01318  0.80968  -226.48207  -228.41646  4.99985   768
1089.00  0.04177  0.04183  0.01372  0.80968  -225.64741  -227.58790  4.99985   768
1090.00  0.04176  0.04183  0.01423  0.80968  -224.86769  -226.79597  4.99985   768
1091.00  0.04176  0.04183  0.01456  0.80968  -224.35805  -226.24971  4.99985   768
1092.00  0.04177  0.04183  0.01456  0.80968  -224.29091  -226.14442  4.99985   768
1093.00  0.04177  0.04183  0.01410  0.80968  -224.95009  -226.76393  4.99985   768
1094.00  0.04178  0.04183  0.01383  0.80968  -225.44600  -227.30714  4.99985   768
1095.00  0.04177  0.04183  0.01390  0.80968  -225.29951  -227.18049  4.99985   768
1096.00  0.04177  0.04183  0.01382  0.80968  -225.47804  -227.38801  4.99985   768
1097.00  0.04177  0.04183  0.01447  0.80968  -224.49538  -226.44807  4.99985   768
1098.00  0.04176  0.04183  0.01489  0.80968  -223.85756  -225.80110  4.99985   768
1099.00  0.04179  0.04183  0.01578  0.80968  -222.49800  -224.45528  4.99985   768
1100.00  0.04176  0.04183  0.01617  0.80968  -221.86171  -223.77016  4.99985   768
1101.00  0.04177  0.04183  0.01638  0.80968  -221.54738  -223.47413  4.99985   768
1102.00  0.04177  0.04183  0.01643  0.80968  -221.38563  -223.25136  4.99985   768
1103.00  0.04177  0.04183  0.01596  0.80968  -222.10737  -223.95631  4.99985   768
1104.00  0.04176  0.04183  0.01578  0.80968  -222.42934  -224.28743  4.99985   768
1105.00  0.04178  0.04183  0.01558  0.80968  -222.72841  -224.63075  4.99985   768
1106.00  0.04177  0.04183  0.01568  0.80968  -222.59108  -224.46596  4.99985   768
1107.00  0.04177  0.04183  0.01645  0.80968  -221.53212  -223.48787  4.99985   768
1108.00  0.04177  0.04183  0.01710  0.80968  -220.46858  -222.39229  4.99985   768
1109.00  0.04177  0.04183  0.01779  0.80968  -219.39589  -221.32112  4.99985   768
1110.00  0.04178  0.04183  0.01801  0.80968  -218.97017  -220.84810  4.99985   768
1111.00  0.04177  0.04183  0.01787  0.80968  -219.22346  -221.07240  4.99985   768
1112.00  0.04178  0.04183  0.01775  0.80968  -219.34096  -221.20820  4.99985   768
1113.00  0.04176  0.04183  0.01719  0.80968  -220.20613  -222.03828  4.99985   768
1114.00  0.04177  0.04183  0.01696  0.80968  -220.61354  -222.47774  4.99985   768
1115.00  0.04177  0.04183  0.01687  0.80968  -220.77223  -222.68678  4.99985   768
1116.00  0.04177  0.04183  0.01730  0.80968  -220.15883  -222.10237  4.99985   768
1117.00  0.04176  0.04183  0.01784  0.80968  -219.33943  -221.28908  4.99985   768
1118.00  0.04176  0.04183  0.01853  0.80968  -218.28047  -220.23012  4.99985   768
1119.00  0.04178  0.04183  0.01915  0.80968  -217.35121  -219.29017  4.99985   768
1120.00  0.04176  0.04183  0.01925  0.80968  -217.09028  -218.98195  4.99985   768
1121.00  0.04176  0.04183  0.01919  0.80968  -217.17879  -219.05061  4.99985   768
1122.00  0.04176  0.04183  0.01938  0.80968  -216.90413  -218.81257  4.99985   768
1123.00  0.04177  0.04183  0.01910  0.80968  -217.26881  -219.09944  4.99985   768
1124.00  0.04175  0.04183  0.01967  0.80968  -216.58980  -218.56538  4.99985   768
1125.00  0.04177  0.04183  0.02047  0.80968  -215.26381  -217.19209  4.99985   768
1126.00  0.04177  0.04183  0.02126  0.80968  -214.08888  -216.06141  4.99985   768
1127.00  0.04177  0.04183  0.02262  0.80968  -212.02742  -214.01826  4.99985   768
1128.00  0.04177  0.04183  0.02351  0.80968  -210.63582  -212.59309  4.99985   768
1129.00  0.04177  0.04183  0.02389  0.80968  -209.98884  -211.89729  4.99985   768
1130.00  0.04175  0.04183  0.02397  0.80968  -209.81337  -211.69587  4.99985   768
1131.00  0.04173  0.04183  0.02396  0.80968  -209.86067  -211.74318  4.99985   768
1132.00  0.04177  0.04183  0.02379  0.80968  -210.11549  -211.99800  4.99985   768
1133.00  0.04176  0.04183  0.02304  0.80968  -211.07527  -212.78077  4.99985   768
1134.00  0.04176  0.04183  0.02035  0.80968  -215.03340  -216.59547  4.99985   768
1135.00  0.04177  0.04183  0.01750  0.80968  -219.89638  -221.82161  4.99985   768
1136.00  0.04177  0.04183  0.01797  0.80968  -219.00526  -220.80690  4.99985   768
1137.00  0.04177  0.04183  0.01618  0.80968  -221.56569  -223.22236  4.99985   768
1138.00  0.04177  0.04183  0.01666  0.80968  -221.18422  -223.20253  4.99985   768
1139.00  0.04176  0.04183  0.01563  0.80968  -222.53767  -224.26607  4.99985   768
1140.00  0.04177  0.04183  0.01406  0.80968  -225.05690  -226.85853  4.99985   768
1141.00  0.04176  0.04183  0.01370  0.80968  -225.47499  -227.20949  4.99985   768
1142.00  0.04177  0.04183  0.01221  0.80968  -227.81721  -229.60206  4.99985   768
1143.00  0.04177  0.04183  0.01296  0.80968  -226.92915  -228.93678  4.99985   768
1144.00  0.04176  0.04183  0.01228  0.80968  -227.65700  -229.39607  4.99985   768
1145.00  0.04176  0.04183  0.01191  0.80968  -228.42451  -230.32838  4.99985   768
1146.00  0.04177  0.04183  0.01249  0.80968  -227.52425  -229.46321  4.99985   768
1147.00  0.04177  0.04183  0.01320  0.80968  -226.50954  -228.49428  4.99985   768
1148.00  0.04176  0.04183  0.01360  0.80968  -225.78017  -227.64741  4.99985   768
1149.00  0.04176  0.04183  0.01262  0.80968  -227.15498  -228.91389  4.99985   768
1150.00  0.04176  0.04183  0.01162  0.80968  -228.76478  -230.58015  4.99985   768
1151.00  0.04175  0.04183  0.01076  0.80968  -230.08314  -231.90156  4.99985   768
1152.00  0.04175  0.04183  0.01062  0.80968  -230.43410  -232.36848  4.99985   768
1153.00  0.04176  0.04183  0.01131  0.80968  -229.31868  -231.24544  4.99985   768
1154.00  0.04177  0.04183  0.01052  0.80968  -230.45546  -232.24641  4.99985   768
1155.00  0.04176  0.04183  0.01064  0.80968  -230.38527  -232.38832  4.99985   768
1156.00  0.04176  0.04183  0.01149  0.80968  -229.04097  -230.94179  4.99985   768
1157.00  0.04176  0.04183  0.01140  0.80968  -229.16609  -231.03639  4.99985   768
1158.00  0.04175  0.04183  0.01149  0.80968  -228.96773  -230.84108  4.99985   768
1159.00  0.04176  0.04183  0.01099  0.80968  -229.74135  -231.55366  4.99985   768
1160.00  0.04176  0.04183  0.01035  0.80968  -230.64619  -232.42189  4.99985   768
1161.00  0.04176  0.04183  0.00917  0.80968  -232.48793  -234.26973  4.99985   768
1162.00  0.04176  0.04183  0.00941  0.80968  -232.31856  -234.28499  4.99985   768
1163.00  0.04176  0.04183  0.00986  0.80968  -231.56325  -233.45491  4.99985   768
1164.00  0.04176  0.04183  0.01014  0.80968  -231.15279  -233.09022  4.99985   768
1165.00  0.04177  0.04183  0.01118  0.80968  -229.64217  -231.63911  4.99985   768
1166.00  0.04177  0.04183  0.01157  0.80968  -228.90669  -230.80904  4.99985   768
1167.00  0.04175  0.04183  0.01154  0.80968  -228.95552  -230.83803  4.99985   768
1168.00  0.04176  0.04183  0.01178  0.80968  -228.62898  -230.55116  4.99985   768
1169.00  0.04175  0.04183  0.01129  0.80968  -229.27901  -231.09743  4.99985   768
1170.00  0.04175  0.04183  0.01046  0.80968  -230.53023  -232.36085  4.99985   768
1171.00  0.04176  0.04183  0.01014  0.80968  -231.04445  -232.90712  4.99985   768
1172.00  0.04176  0.04183  0.00996  0.80968  -231.37404  -233.24586  4.99985   768
1173.00  0.04176  0.04183  0.01000  0.80968  -231.30385  -233.18788  4.99985   768
1174.00  0.04176  0.04183  0.01029  0.80968  -230.93153  -232.84303  4.99985   768
1175.00  0.04176  0.04183  0.01055  0.80968  -230.46309  -232.34560  4.99985   768
1176.00  0.04177  0.04183  0.01043  0.80968  -230.62941  -232.48750  4.99985   768
1177.00  0.04175  0.04183  0.01034  0.80968  -230.80794  -232.67519  4.99985   768
1178.00  0.04175  0.04183  0.01002  0.80968  -231.21382  -233.04597  4.99985   768
1179.00  0.04175  0.04183  0.00941  0.80968  -232.16139  -234.00270  4.99985   768
1180.00  0.04175  0.04183  0.00897  0.80968  -232.88771  -234.73970  4.99985   768
1181.00  0.04176  0.04183  0.00877  0.80968  -233.18983  -235.07234  4.99985   768
1182.00  0.04175  0.04183  0.00896  0.80968  -232.96095  -234.88313  4.99985   768
1183.00  0.04176  0.04183  0.00925  0.80968  -232.47267  -234.40248  4.99985   768
1184.00  0.04175  0.04183  0.00974  0.80968  -231.80281  -233.74635  4.99985   768
1185.00  0.04175  0.04183  0.01033  0.80968  -230.85829  -232.78810  4.99985   768
1186.00  0.04176  0.04183  0.01045  0.80968  -230.63246  -232.51955  4.99985   768
1187.00  0.04178  0.04183  0.01022  0.80968  -230.97884  -232.84303  4.99985   768
1188.00  0.04175  0.04183  0.01005  0.80968  -231.17720  -233.04597  4.99985   768
1189.00  0.04178  0.04183  0.00960  0.80968  -231.88368  -233.70363  4.99985   768
1190.00  0.04175  0.04183  0.00932  0.80968  -232.33687  -234.22243  4.99985   768
1191.00  0.04176  0.04183  0.00944  0.80968  -232.18733  -234.08357  4.99985   768
1192.00  0.04175  0.04183  0.00981  0.80968  -231.64717  -233.57393  4.99985   768
1193.00  0.04176  0.04183  0.01060  0.80968  -230.46767  -232.41579  4.99985   768
1194.00  0.04175  0.04183  0.01114  0.80968  -229.57045  -231.48500  4.99985   768
1195.00  0.04177  0.04183  0.01133  0.80968  -229.28969  -231.16304  4.99985   768
1196.00  0.04175  0.04183  0.01117  0.80968  -229.53535  -231.40108  4.99985   768
1197.00  0.04175  0.04183  0.01073  0.80968  -230.11519  -231.95955  4.99985   768
1198.00  0.04176  0.04183  0.01055  0.80968  -230.49208  -232.38679  4.99985   768
1199.00  0.04175  0.04183  0.01064  0.80968  -230.33644  -232.24641  4.99985   768
1200.00  0.04176  0.04183  0.01082  0.80968  -230.08772  -231.98854  4.99985   768
1201.00  0.04176  0.04183  0.01101  0.80968  -229.80543  -231.72761  4.99985   768
1202.00  0.04175  0.04183  0.01152  0.80968  -229.06386  -231.00893  4.99985   768
1203.00  0.04175  0.04183  0.01201  0.80968  -228.26430  -230.18648  4.99985   768
1204.00  0.04175  0.04183  0.01226  0.80968  -227.89809  -229.79890  4.99985   768
1205.00  0.04177  0.04183  0.01216  0.80968  -227.94234  -229.79280  4.99985   768
1206.00  0.04175  0.04183  0.01148  0.80968  -228.94331  -230.74190  4.99985   768
1207.00  0.04175  0.04183  0.01048  0.80968  -230.46919  -232.26320  4.99985   768
1208.00  0.04175  0.04183  0.00964  0.80968  -231.77229  -233.57393  4.99985   768
1209.00  0.04176  0.04183  0.00919  0.80968  -232.54134  -234.37959  4.99985   768
1210.00  0.04177  0.04183  0.00916  0.80968  -232.60695  -234.49098  4.99985   768
1211.00  0.04175  0.04183  0.00954  0.80968  -232.03780  -233.95540  4.99985   768
1212.00  0.04175  0.04183  0.01008  0.80968  -231.26417  -233.17415  4.99985   768
1213.00  0.04177  0.04183  0.01047  0.80968  -230.65687  -232.57905  4.99985   768
1214.00  0.04175  0.04183  0.01076  0.80968  -230.18996  -232.10298  4.99985   768
1215.00  0.04176  0.04183  0.01069  0.80968  -230.24184  -232.11977  4.99985   768
1216.00  0.04177  0.04183  0.01003  0.80968  -231.17720  -232.99562  4.99985   768
1217.00  0.04175  0.04183  0.00937  0.80968  -232.22853  -234.08205  4.99985   768
1218.00  0.04174  0.04183  0.00894  0.80968  -232.95027  -234.80073  4.99985   768
1219.00  0.04176  0.04183  0.00886  0.80968  -233.10438  -235.01588  4.99985   768
1220.00  0.04175  0.04183  0.00936  0.80968  -232.37654  -234.34297  4.99985   768
1221.00  0.04178  0.04183  0.01004  0.80968  -231.35573  -233.31148  4.99985   768
1222.00  0.04175  0.04183  0.01068  0.80968  -230.35017  -232.28151  4.99985   768
1223.00  0.04177  0.04183  0.01110  0.80968  -229.64217  -231.56129  4.99985   768
1224.00  0.04175  0.04183  0.01113  0.80968  -229.58113  -231.44380  4.99985   768
1225.00  0.04178  0.04183  0.01088  0.80968  -229.88020  -231.73219  4.99985   768
1226.00  0.04176  0.04183  0.01031  0.80968  -230.77742  -232.58363  4.99985   768
1227.00  0.04176  0.04183  0.00968  0.80968  -231.72957  -233.55409  4.99985   768
1228.00  0.04176  0.04183  0.00921  0.80968  -232.49251  -234.35976  4.99985   768
1229.00  0.04177  0.04183  0.00935  0.80968  -232.31703  -234.23463  4.99985   768
1230.00  0.04175  0.04183  0.01003  0.80968  -231.34352  -233.28554  4.99985   768
1231.00  0.04176  0.04183  0.01073  0.80968  -230.29524  -232.26015  4.99985   768
1232.00  0.04175  0.04183  0.01135  0.80968  -229.28206  -231.24086  4.99985   768
1233.00  0.04175  0.04183  0.01156  0.80968  -228.94636  -230.85023  4.99985   768
1234.00  0.04175  0.04183  0.01147  0.80968  -229.04860  -230.91585  4.99985   768
1235.00  0.04176  0.04183  0.01116  0.80968  -229.50636  -231.38124  4.99985   768
1236.00  0.04176  0.04183  0.01058  0.80968  -230.35475  -232.17317  4.99985   768
1237.00  0.04175  0.04183  0.00999  0.80968  -231.26723  -233.10243  4.99985   768
1238.00  0.04175  0.04183  0.00969  0.80968  -231.78450  -233.66395  4.99985   768
1239.00  0.04174  0.04183  0.00977  0.80968  -231.72957  -233.61970  4.99985   768
1240.00  0.04175  0.04183  0.01006  0.80968  -231.25960  -233.17567  4.99985   768
1241.00  0.04176  0.04183  0.01052  0.80968  -230.56227  -232.48903  4.99985   768
1242.00  0.04176  0.04183  0.01070  0.80968  -230.25099  -232.13502  4.99985   768
1243.00  0.04176  0.04183  0.01044  0.80968  -230.57753  -232.40968  4.99985   768
1244.00  0.04176  0.04183  0.00986  0.80968  -231.44118  -233.23976  4.99985   768
1245.00  0.04175  0.04183  0.00936  0.80968  -232.23769  -234.07899  4.99985   768
1246.00  0.04178  0.04183  0.00873  0.80968  -233.23866  -235.06013  4.99985   768
1247.00  0.04177  0.04183  0.00840  0.80968  -233.78950  -235.66743  4.99985   768
1248.00  0.04175  0.04183  0.00848  0.80968  -233.69643  -235.60945  4.99985   768
1249.00  0.04176  0.04183  0.00888  0.80968  -233.08150  -235.04030  4.99985   768
1250.00  0.04175  0.04183  0.00976  0.80968  -231.75551  -233.71431  4.99985   768
1251.00  0.04175  0.04183  0.01043  0.80968  -230.75606  -232.70570  4.99985   768
1252.00  0.04176  0.04183  0.01059  0.80968  -230.43410  -232.31966  4.99985   768
1253.00  0.04176  0.04183  0.01058  0.80968  -230.39442  -232.28303  4.99985   768
1254.00  0.04175  0.04183  0.01036  0.80968  -230.76979  -232.63093  4.99985   768
1255.00  0.04176  0.04183  0.01006  0.80968  -231.24434  -233.11464  4.99985   768
1256.00  0.04176  0.04183  0.00989  0.80968  -231.43507  -233.30537  4.99985   768
1257.00  0.04176  0.04183  0.00993  0.80968  -231.43507  -233.32979  4.99985   768
1258.00  0.04176  0.04183  0.01019  0.80968  -231.05513  -232.97578  4.99985   768
1259.00  0.04175  0.04183  0.01076  0.80968  -230.17927  -232.08314  4.99985   768
1260.00  0.04176  0.04183  0.01139  0.80968  -229.24238  -231.17677  4.99985   768
1261.00  0.04177  0.04183  0.01156  0.80968  -228.86702  -230.73427  4.99985   768
1262.00  0.04177  0.04183  0.01139  0.80968  -229.17372  -231.03181  4.99985   768
1263.00  0.04176  0.04183  0.01096  0.80968  -229.82985  -231.65742  4.99985   768
1264.00  0.04175  0.04183  0.01046  0.80968  -230.51955  -232.37611  4.99985   768
1265.00  0.04176  0.04183  0.01003  0.80968  -231.20619  -233.06428  4.99985   768
1266.00  0.04176  0.04183  0.00981  0.80968  -231.61360  -233.48543  4.99985   768
1267.00  0.04176  0.04183  0.00993  0.80968  -231.46559  -233.37709  4.99985   768
1268.00  0.04176  0.04183  0.01024  0.80968  -231.01088  -232.92696  4.99985   768
1269.00  0.04174  0.04183  0.01069  0.80968  -230.31660  -232.24184  4.99985   768
1270.00  0.04177  0.04183  0.01096  0.80968  -229.87257  -231.77949  4.99985   768
1271.00  0.04175  0.04183  0.01109  0.80968  -229.63454  -231.50484  4.99985   768
1272.00  0.04176  0.04183  0.01071  0.80968  -230.17165  -232.02516  4.99985   768
1273.00  0.04175  0.04183  0.01004  0.80968  -231.17110  -232.95290  4.99985   768
1274.00  0.04176  0.04183  0.00934  0.80968  -232.23921  -234.06831  4.99985   768
1275.00  0.04176  0.04183  0.00889  0.80968  -232.99910  -234.84956  4.99985   768
1276.00  0.04177  0.04183  0.00874  0.80968  -233.24171  -235.09828  4.99985   768
1277.00  0.04175  0.04183  0.00897  0.80968  -232.93501  -234.83430  4.99985   768
1278.00  0.04175  0.04183  0.00952  0.80968  -232.11104  -234.05763  4.99985   768
1279.00  0.04174  0.04183  0.01007  0.80968  -231.22145  -233.14363  4.99985   768
1280.00  0.04175  0.04183  0.01009  0.80968  -231.19246  -233.07191  4.99985   768
1281.00  0.04176  0.04183  0.01003  0.80968  -231.22908  -233.11006  4.99985   768
1282.00  0.04176  0.04183  0.00971  0.80968  -231.74025  -233.58919  4.99985   768
1283.00  0.04175  0.04183  0.00908  0.80968  -232.65425  -234.47725  4.99985   768
1284.00  0.04176  0.04183  0.00868  0.80968  -233.32106  -235.19594  4.99985   768
1285.00  0.04175  0.04183  0.00859  0.80968  -233.49959  -235.42024  4.99985   768
1286.00  0.04177  0.04183  0.00896  0.80968  -232.97621  -234.91823  4.99985   768
1287.00  0.04175  0.04183  0.00982  0.80968  -231.65785  -233.65175  4.99985   768
1288.00  0.04176  0.04183  0.01073  0.80968  -230.29066  -232.23878  4.99985   768
1289.00  0.04175  0.04183  0.01136  0.80968  -229.28358  -231.21797  4.99985   768
1290.00  0.04175  0.04183  0.01157  0.80968  -228.86854  -230.75716  4.99985   768
1291.00  0.04175  0.04183  0.01137  0.80968  -229.16762  -231.00282  4.99985   768
1292.00  0.04176  0.04183  0.01091  0.80968  -229.86647  -231.69710  4.99985   768
1293.00  0.04176  0.04183  0.01030  0.80968  -230.75453  -232.55769  4.99985   768
1294.00  0.04176  0.04183  0.00990  0.80968  -231.43355  -233.26875  4.99985   768
1295.00  0.04176  0.04183  0.00981  0.80968  -231.58156  -233.48543  4.99985   768
1296.00  0.04175  0.04183  0.01007  0.80968  -231.27943  -233.19093  4.99985   768
1297.00  0.04175  0.04183  0.01069  0.80968  -230.32728  -232.27235  4.99985   768
1298.00  0.04175  0.04183  0.01116  0.80968  -229.60097  -231.54756  4.99985   768
1299.00  0.04175  0.04183  0.01135  0.80968  -229.22713  -231.11879  4.99985   768
1300.00  0.04175  0.04183  0.01109  0.80968  -229.63759  -231.48042  4.99985   768
1301.00  0.04175  0.04183  0.01043  0.80968  -230.59737  -232.43715  4.99985   768
1302.00  0.04175  0.04183  0.00977  0.80968  -231.61513  -233.44270  4.99985   768
1303.00  0.04177  0.04183  0.00915  0.80968  -232.56880  -234.41316  4.99985   768
1304.00  0.04175  0.04183  0.00882  0.80968  -233.15932  -235.04030  4.99985   768
1305.00  0.04175  0.04183  0.00883  0.80968  -233.13338  -235.02046  4.99985   768
1306.00  0.04176  0.04183  0.00930  0.80968  -232.41621  -234.35518  4.99985   768
1307.00  0.04176  0.04183  0.00980  0.80968  -231.64717  -233.54951  4.99985   768
1308.00  0.04176  0.04183  0.01034  0.80968  -230.83998  -232.76826  4.99985   768
1309.00  0.04175  0.04183  0.01051  0.80968  -230.47987  -232.34407  4.99985   768
1310.00  0.04176  0.04183  0.01022  0.80968  -230.96358  -232.79726  4.99985   768
1311.00  0.04176  0.04183  0.00963  0.80968  -231.82265  -233.64259  4.99985   768
1312.00  0.04176  0.04183  0.00899  0.80968  -232.78548  -234.61000  4.99985   768
1313.00  0.04176  0.04183  0.00855  0.80968  -233.55299  -235.39735  4.99985   768
1314.00  0.04175  0.04183  0.00839  0.80968  -233.79408  -235.68727  4.99985   768
1315.00  0.04176  0.04183  0.00878  0.80968  -233.22951  -235.17457  4.99985   768
1316.00  0.04175  0.04183  0.00932  0.80968  -232.43910  -234.39485  4.99985   768
1317.00  0.04176  0.04183  0.00999  0.80968  -231.40456  -233.35115  4.99985   768
1318.00  0.04176  0.04183  0.01039  0.80968  -230.71486  -232.62788  4.99985   768
1319.00  0.04175  0.04183  0.01039  0.80968  -230.73469  -232.62636  4.99985   768
1320.00  0.04176  0.04183  0.01019  0.80968  -231.02614  -232.88118  4.99985   768
1321.00  0.04175  0.04183  0.00977  0.80968  -231.61360  -233.46101  4.99985   768
1322.00  0.04175  0.04183  0.00940  0.80968  -232.24379  -234.07747  4.99985   768
1323.00  0.04175  0.04183  0.00938  0.80968  -232.27125  -234.17207  4.99985   768
1324.00  0.04175  0.04183  0.00964  0.80968  -231.89131  -233.78908  4.99985   768
1325.00  0.04176  0.04183  0.01030  0.80968  -230.92543  -232.87355  4.99985   768
1326.00  0.04176  0.04183  0.01089  0.80968  -229.98244  -231.91072  4.99985   768
1327.00  0.04176  0.04183  0.01129  0.80968  -229.31410  -231.22560  4.99985   768
1328.00  0.04176  0.04183  0.01137  0.80968  -229.20882  -231.09285  4.99985   768
1329.00  0.04174  0.04183  0.01101  0.80968  -229.70473  -231.56587  4.99985   768
1330.00  0.04176  0.04183  0.01046  0.80968  -230.53480  -232.35780  4.99985   768
1331.00  0.04177  0.04183  0.00968  0.80968  -231.75246  -233.56782  4.99985   768
1332.00  0.04176  0.04183  0.00915  0.80968  -232.57338  -234.42537  4.99985   768
1333.00  0.04176  0.04183  0.00900  0.80968  -232.86482  -234.77632  4.99985   768
1334.00  0.04176  0.04183  0.00917  0.80968  -232.62831  -234.55202  4.99985   768
1335.00  0.04176  0.04183  0.00960  0.80968  -231.97829  -233.90504  4.99985   768
1336.00  0.04176  0.04183  0.01013  0.80968  -231.16041  -233.09633  4.99985   768
1337.00  0.04176  0.04183  0.01012  0.80968  -231.13447  -233.03072  4.99985   768
1338.00  0.04174  0.04183  0.00995  0.80968  -231.34810  -233.21077  4.99985   768
1339.00  0.04174  0.04183  0.00953  0.80968  -232.00728  -233.83028  4.99985   768
1340.00  0.04176  0.04183  0.00890  0.80968  -232.92891  -234.72902  4.99985   768
1341.00  0.04176  0.04183  0.00836  0.80968  -233.82002  -235.67201  4.99985   768
1342.00  0.04175  0.04183  0.00817  0.80968  -234.10231  -235.94820  4.99985   768
1343.00  0.04176  0.04183  0.00838  0.80968  -233.81697  -235.72847  4.99985   768
1344.00  0.04175  0.04183  0.00887  0.80968  -233.12422  -235.04030  4.99985   768
1345.00  0.04175  0.04183  0.00955  0.80968  -232.04542  -233.99507  4.99985   768
1346.00  0.04173  0.04183  0.01000  0.80968  -231.31911  -233.22450  4.99985   768
1347.00  0.04175  0.04183  0.01006  0.80968  -231.19856  -233.08259  4.99985   768
1348.00  0.04174  0.04183  0.00976  0.80968  -231.61818  -233.47780  4.99985   768
1349.00  0.04175  0.04183  0.00922  0.80968  -232.43758  -234.26515  4.99985   768
1350.00  0.04174  0.04183  0.00866  0.80968  -233.34547  -235.18678  4.99985   768
1351.00  0.04176  0.04183  0.00843  0.80968  -233.74373  -235.63844  4.99985   768
1352.00  0.04176  0.04183  0.00851  0.80968  -233.63081  -235.54231  4.99985   768
1353.00  0.04175  0.04183  0.00904  0.80968  -232.88008  -234.83736  4.99985   768
1354.00  0.04176  0.04183  0.00968  0.80968  -231.88521  -233.83638  4.99985   768
1355.00  0.04175  0.04183  0.01022  0.80968  -230.98341  -232.91475  4.99985   768
1356.00  0.04174  0.04183  0.01049  0.80968  -230.55464  -232.43715  4.99985   768
1357.00  0.04176  0.04183  0.01040  0.80968  -230.70113  -232.54854  4.99985   768
1358.00  0.04174  0.04183  0.01010  0.80968  -231.10853  -232.95747  4.99985   768
1359.00  0.04175  0.04183  0.00950  0.80968  -232.02101  -233.81807  4.99985   768
1360.00  0.04175  0.04183  0.00902  0.80968  -232.77327  -234.61763  4.99985   768
1361.00  0.04175  0.04183  0.00889  0.80968  -233.02809  -234.90755  4.99985   768
1362.00  0.04175  0.04183  0.00908  0.80968  -232.76106  -234.66798  4.99985   768
1363.00  0.04174  0.04183  0.00968  0.80968  -231.85927  -233.80891  4.99985   768
1364.00  0.04174  0.04183  0.01006  0.80968  -231.28249  -233.19093  4.99985   768
1365.00  0.04175  0.04183  0.01031  0.80968  -230.85982  -232.78200  4.99985   768
1366.00  0.04175  0.04183  0.01019  0.80968  -230.99867  -232.85829  4.99985   768
1367.00  0.04175  0.04183  0.00976  0.80968  -231.62428  -233.48085  4.99985   768
1368.00  0.04175  0.04183  0.00916  0.80968  -232.54591  -234.38875  4.99985   768
1369.00  0.04175  0.04183  0.00851  0.80968  -233.53621  -235.35921  4.99985   768
1370.00  0.04175  0.04183  0.00800  0.80968  -234.35103  -236.19844  4.99985   768
1371.00  0.04175  0.04183  0.00801  0.80968  -234.40443  -236.32204  4.99985   768
1372.00  0.04175  0.04183  0.00840  0.80968  -233.79866  -235.72389  4.99985   768
1373.00  0.04175  0.04183  0.00891  0.80968  -233.00825  -234.92891  4.99985   768
1374.00  0.04175  0.04183  0.00942  0.80968  -232.24684  -234.16597  4.99985   768
1375.00  0.04175  0.04183  0.00966  0.80968  -231.82570  -233.72194  4.99985   768
1376.00  0.04176  0.04183  0.00955  0.80968  -231.97218  -233.82875  4.99985   768
1377.00  0.04175  0.04183  0.00914  0.80968  -232.55659  -234.39485  4.99985   768
1378.00  0.04175  0.04183  0.00867  0.80968  -233.33021  -235.16542  4.99985   768
1379.00  0.04177  0.04183  0.00824  0.80968  -233.98787  -235.83528  4.99985   768
1380.00  0.04174  0.04183  0.00815  0.80968  -234.13893  -236.03670  4.99985   768
1381.00  0.04175  0.04183  0.00846  0.80968  -233.74678  -235.66743  4.99985   768
1382.00  0.04175  0.04183  0.00899  0.80968  -232.94874  -234.91823  4.99985   768
1383.00  0.04176  0.04183  0.00963  0.80968  -231.96303  -233.90352  4.99985   768
1384.00  0.04175  0.04183  0.00993  0.80968  -231.43507  -233.35725  4.99985   768
1385.00  0.04175  0.04183  0.00991  0.80968  -231.44728  -233.32521  4.99985   768
1386.00  0.04176  0.04183  0.00962  0.80968  -231.87605  -233.74025  4.99985   768
1387.00  0.04175  0.04183  0.00912  0.80968  -232.64052  -234.46199  4.99985   768
1388.00  0.04175  0.04183  0.00861  0.80968  -233.38972  -235.25697  4.99985   768
1389.00  0.04175  0.04183  0.00840  0.80968  -233.76967  -235.63234  4.99985   768
1390.00  0.04175  0.04183  0.00849  0.80968  -233.66438  -235.54994  4.99985   768
1391.00  0.04175  0.04183  0.00893  0.80968  -232.98689  -234.91060  4.99985   768
1392.00  0.04175  0.04183  0.00952  0.80968  -232.09578  -234.02559  4.99985   768
1393.00  0.04175  0.04183  0.01002  0.80968  -231.30537  -233.21229  4.99985   768
1394.00  0.04175  0.04183  0.01019  0.80968  -231.01393  -232.87813  4.99985   768
1395.00  0.04174  0.04183  0.00996  0.80968  -231.34047  -233.19856  4.99985   768
1396.00  0.04174  0.04183  0.00951  0.80968  -232.01186  -233.84553  4.99985   768
1397.00  0.04174  0.04183  0.00890  0.80968  -232.94264  -234.77785  4.99985   768
1398.00  0.04175  0.04183  0.00847  0.80968  -233.64455  -235.51790  4.99985   768
1399.00  0.04175  0.04183  0.00825  0.80968  -233.99702  -235.87495  4.99985   768
1400.00  0.04174  0.04183  0.00846  0.80968  -233.69337  -235.62013  4.99985   768
1401.00  0.04175  0.04183  0.00902  0.80968  -232.88618  -234.83736  4.99985   768
1402.00  0.04175  0.04183  0.00940  0.80968  -232.29567  -234.21022  4.99985   768
1403.00  0.04174  0.04183  0.00967  0.80968  -231.85622  -233.76771  4.99985   768
1404.00  0.04175  0.04183  0.00955  0.80968  -231.94624  -233.80128  4.99985   768
1405.00  0.04175  0.04183  0.00920  0.80968  -232.51540  -234.37807  4.99985   768
1406.00  0.04175  0.04183  0.00861  0.80968  -233.33784  -235.15016  4.99985   768
1407.00  0.04175  0.04183  0.00805  0.80968  -234.23048  -236.07027  4.99985   768
1408.00  0.04175  0.04183  0.00778  0.80968  -234.71114  -236.56160  4.99985   768
1409.00  0.04174  0.04183  0.00788  0.80968  -234.60432  -236.51582  4.99985   768
1410.00  0.04175  0.04183  0.00833  0.80968  -233.93904  -235.85969  4.99985   768
1411.00  0.04175  0.04183  0.00907  0.80968  -232.81752  -234.75343  4.99985   768
1412.00  0.04176  0.04183  0.00947  0.80968  -232.19496  -234.11409  4.99985   768
1413.00  0.04175  0.04183  0.00957  0.80968  -231.95540  -233.83485  4.99985   768
1414.00  0.04175  0.04183  0.00946  0.80968  -232.12019  -234.00575  4.99985   768
1415.00  0.04175  0.04183  0.00898  0.80968  -232.83278  -234.66798  4.99985   768
1416.00  0.04174  0.04183  0.00849  0.80968  -233.58961  -235.45076  4.99985   768
1417.00  0.04174  0.04183  0.00819  0.80968  -234.08552  -235.95735  4.99985   768
1418.00  0.04175  0.04183  0.00811  0.80968  -234.24116  -236.14656  4.99985   768
1419.00  0.04175  0.04183  0.00847  0.80968  -233.73305  -235.67506  4.99985   768
1420.00  0.04175  0.04183  0.00905  0.80968  -232.83278  -234.77022  4.99985   768
1421.00  0.04175  0.04183  0.00965  0.80968  -231.92946  -233.84706  4.99985   768
1422.00  0.04175  0.04183  0.00988  0.80968  -231.48238  -233.39845  4.99985   768
1423.00  0.04175  0.04183  0.00966  0.80968  -231.80281  -233.66548  4.99985   768
1424.00  0.04174  0.04183  0.00922  0.80968  -232.46352  -234.28041  4.99985   768
1425.00  0.04174  0.04183  0.00865  0.80968  -233.31648  -235.13032  4.99985   768
1426.00  0.04175  0.04183  0.00816  0.80968  -234.09315  -235.93141  4.99985   768
1427.00  0.04175  0.04183  0.00795  0.80968  -234.47310  -236.36018  4.99985   768
1428.00  0.04175  0.04183  0.00818  0.80968  -234.13740  -236.04738  4.99985   768
1429.00  0.04172  0.04183  0.00871  0.80968  -233.38667  -235.31496  4.99985   768
1430.00  0.04175  0.04183  0.00933  0.80968  -232.40858  -234.35823  4.99985   768
1431.00  0.04174  0.04183  0.00975  0.80968  -231.74330  -233.67311  4.99985   768
1432.00  0.04175  0.04183  0.00973  0.80968  -231.71126  -233.60445  4.99985   768
1433.00  0.04174  0.04183  0.00944  0.80968  -232.13698  -233.99354  4.99985   768
1434.00  0.04174  0.04183  0.00884  0.80968  -233.06013  -234.89534  4.99985   768
1435.00  0.04175  0.04183  0.00825  0.80968  -233.94362  -235.78950  4.99985   768
1436.00  0.04173  0.04183  0.00774  0.80968  -234.75233  -236.61043  4.99985   768
1437.00  0.04175  0.04183  0.00766  0.80968  -234.90340  -236.80727  4.99985   768
1438.00  0.04174  0.04183  0.00810  0.80968  -234.31135  -236.25947  4.99985   768
1439.00  0.04174  0.04183  0.00855  0.80968  -233.58351  -235.50722  4.99985   768
1440.00  0.04175  0.04183  0.00906  0.80968  -232.82973  -234.75343  4.99985   768
1441.00  0.04173  0.04183  0.00946  0.80968  -232.17207  -234.06831  4.99985   768
1442.00  0.04176  0.04183  0.00936  0.80968  -232.23006  -234.07594  4.99985   768
1443.00  0.04175  0.04183  0.00880  0.80968  -233.11507  -234.93349  4.99985   768
1444.00  0.04174  0.04183  0.00822  0.80968  -233.97261  -235.77577  4.99985   768
1445.00  0.04176  0.04183  0.00780  0.80968  -234.66994  -236.52956  4.99985   768
1446.00  0.04175  0.04183  0.00761  0.80968  -234.95985  -236.83626  4.99985   768
1447.00  0.04175  0.04183  0.00784  0.80968  -234.66383  -236.59059  4.99985   768
1448.00  0.04175  0.04183  0.00833  0.80968  -233.97261  -235.92073  4.99985   768
1449.00  0.04175  0.04183  0.00902  0.80968  -232.89076  -234.82820  4.99985   768
1450.00  0.04175  0.04183  0.00947  0.80968  -232.15376  -234.06221  4.99985   768
1451.00  0.04175  0.04183  0.00962  0.80968  -231.90047  -233.80434  4.99985   768
1452.00  0.04175  0.04183  0.00945  0.80968  -232.15224  -234.01338  4.99985   768
1453.00  0.04175  0.04183  0.00877  0.80968  -233.10896  -234.92433  4.99985   768
1454.00  0.04174  0.04183  0.00810  0.80968  -234.19997  -236.04890  4.99985   768
1455.00  0.04175  0.04183  0.00781  0.80968  -234.67909  -236.55855  4.99985   768
1456.00  0.04174  0.04183  0.00786  0.80968  -234.59975  -236.49141  4.99985   768
1457.00  0.04176  0.04183  0.00808  0.80968  -234.30983  -236.22743  4.99985   768
1458.00  0.04175  0.04183  0.00865  0.80968  -233.42482  -235.33937  4.99985   768
1459.00  0.04174  0.04183  0.00925  0.80968  -232.53218  -234.46809  4.99985   768
1460.00  0.04174  0.04183  0.00949  0.80968  -232.08052  -233.94929  4.99985   768
1461.00  0.04174  0.04183  0.00938  0.80968  -232.24531  -234.08662  4.99985   768
1462.00  0.04176  0.04183  0.00893  0.80968  -232.89839  -234.72139  4.99985   768
1463.00  0.04174  0.04183  0.00832  0.80968  -233.81392  -235.64607  4.99985   768
1464.00  0.04174  0.04183  0.00770  0.80968  -234.80879  -236.62874  4.99985   768
1465.00  0.04173  0.04183  0.00750  0.80968  -235.15517  -237.04073  4.99985   768
1466.00  0.04175  0.04183  0.00780  0.80968  -234.74013  -236.67604  4.99985   768
1467.00  0.04174  0.04183  0.00825  0.80968  -234.07332  -236.01533  4.99985   768
1468.00  0.04175  0.04183  0.00882  0.80968  -233.20051  -235.15169  4.99985   768
1469.00  0.04174  0.04183  0.00930  0.80968  -232.44978  -234.38570  4.99985   768
1470.00  0.04174  0.04183  0.00937  0.80968  -232.27888  -234.18123  4.99985   768
1471.00  0.04175  0.04183  0.00909  0.80968  -232.70918  -234.55965  4.99985   768
1472.00  0.04175  0.04183  0.00832  0.80968  -233.79408  -235.58961  4.99985   768
1473.00  0.04174  0.04183  0.00756  0.80968  -234.99953  -236.81337  4.99985   768
1474.00  0.04175  0.04183  0.00721  0.80968  -235.56105  -237.42525  4.99985   768
1475.00  0.04175  0.04183  0.00731  0.80968  -235.45576  -237.36116  4.99985   768
1476.00  0.04175  0.04183  0.00758  0.80968  -235.04683  -236.95833  4.99985   768
1477.00  0.04175  0.04183  0.00813  0.80968  -234.26100  -236.19234  4.99985   768
1478.00  0.04175  0.04183  0.00868  0.80968  -233.37599  -235.29817  4.99985   768
1479.00  0.04175  0.04183  0.00897  0.80968  -232.91670  -234.80379  4.99985   768
1480.00  0.04174  0.04183  0.00886  0.80968  -233.03419  -234.89534  4.99985   768
1481.00  0.04176  0.04183  0.00840  0.80968  -233.72694  -235.57741  4.99985   768
1482.00  0.04174  0.04183  0.00791  0.80968  -234.47157  -236.31593  4.99985   768
1483.00  0.04175  0.04183  0.00738  0.80968  -235.29097  -237.14906  4.99985   768
1484.00  0.04175  0.04183  0.00725  0.80968  -235.55800  -237.45576  4.99985   768
1485.00  0.04175  0.04183  0.00749  0.80968  -235.21468  -237.15059  4.99985   768
1486.00  0.04175  0.04183  0.00808  0.80968  -234.31593  -236.27168  4.99985   768
1487.00  0.04174  0.04183  0.00862  0.80968  -233.49196  -235.43245  4.99985   768
1488.00  0.04175  0.04183  0.00905  0.80968  -232.82667  -234.74580  4.99985   768
1489.00  0.04176  0.04183  0.00904  0.80968  -232.78090  -234.66188  4.99985   768
1490.00  0.04175  0.04183  0.00878  0.80968  -233.17152  -235.02199  4.99985   768
1491.00  0.04175  0.04183  0.00823  0.80968  -233.98176  -235.80476  4.99985   768
1492.00  0.04176  0.04183  0.00772  0.80968  -234.77522  -236.59822  4.99985   768
1493.00  0.04174  0.04183  0.00727  0.80968  -235.46492  -237.31233  4.99985   768
1494.00  0.04174  0.04183  0.00731  0.80968  -235.45576  -237.34132  4.99985   768
1495.00  0.04175  0.04183  0.00774  0.80968  -234.83015  -236.75691  4.99985   768
1496.00  0.04173  0.04183  0.00825  0.80968  -234.04433  -235.98482  4.99985   768
1497.00  0.04175  0.04183  0.00864  0.80968  -233.42940  -235.34242  4.99985   768
1498.00  0.04175  0.04183  0.00889  0.80968  -233.02656  -234.93501  4.99985   768
1499.00  0.04175  0.04183  0.00866  0.80968  -233.35005  -235.21120  4.99985   768
1500.00  0.04174  0.04183  0.00812  0.80968  -234.12215  -235.96040  4.99985   768
1501.00  0.04173  0.04183  0.00757  0.80968  -235.01173  -236.87440  4.99985   768
1502.00  0.04174  0.04183  0.00714  0.80968  -235.68617  -237.54427  4.99985   768
1503.00  0.04176  0.04183  0.00702  0.80968  -235.88148  -237.79146  4.99985   768
1504.00  0.04175  0.04183  0.00726  0.80968  -235.59157  -237.51833  4.99985   768
1505.00  0.04173  0.04183  0.00783  0.80968  -234.69893  -236.64857  4.99985   768
1506.00  0.04174  0.04183  0.00820  0.80968  -234.07027  -235.98787  4.99985   768
1507.00  0.04174  0.04183  0.00854  0.80968  -233.57436  -235.47212  4.99985   768
1508.00  0.04175  0.04183  0.00856  0.80968  -233.49196  -235.35158  4.99985   768
1509.00  0.04175  0.04183  0.00812  0.80968  -234.14503  -235.96651  4.99985   768
1510.00  0.04175  0.04183  0.00757  0.80968  -235.00105  -236.83321  4.99985   768
1511.00  0.04174  0.04183  0.00705  0.80968  -235.75789  -237.58699  4.99985   768
1512.00  0.04175  0.04183  0.00677  0.80968  -236.26601  -238.12105  4.99985   768
1513.00  0.04175  0.04183  0.00688  0.80968  -236.13325  -238.04323  4.99985   768
1514.00  0.04174  0.04183  0.00741  0.80968  -235.39931  -237.33980  4.99985   768
1515.00  0.04175  0.04183  0.00794  0.80968  -234.53566  -236.49446  4.99985   768
1516.00  0.04175  0.04183  0.00844  0.80968  -233.72694  -235.65218  4.99985   768
1517.00  0.04175  0.04183  0.00867  0.80968  -233.37294  -235.29054  4.99985   768
1518.00  0.04175  0.04183  0.00843  0.80968  -233.72084  -235.58046  4.99985   768
1519.00  0.04175  0.04183  0.00799  0.80968  -234.35561  -236.21675  4.99985   768
1520.00  0.04175  0.04183  0.00739  0.80968  -235.27266  -237.10176  4.99985   768
1521.00  0.04176  0.04183  0.00707  0.80968  -235.84486  -237.71516  4.99985   768
1522.00  0.04175  0.04183  0.00704  0.80968  -235.89522  -237.79451  4.99985   768
1523.00  0.04175  0.04183  0.00738  0.80968  -235.38405  -237.30623  4.99985   768
1524.00  0.04173  0.04183  0.00791  0.80968  -234.56007  -236.48225  4.99985   768
1525.00  0.04175  0.04183  0.00848  0.80968  -233.68727  -235.62013  4.99985   768
1526.00  0.04175  0.04183  0.00883  0.80968  -233.12575  -235.01283  4.99985   768
1527.00  0.04175  0.04183  0.00880  0.80968  -233.11659  -234.96553  4.99985   768
1528.00  0.04174  0.04183  0.00840  0.80968  -233.71626  -235.55604  4.99985   768
1529.00  0.04175  0.04183  0.00784  0.80968  -234.56618  -236.37697  4.99985   768
1530.00  0.04176  0.04183  0.00713  0.80968  -235.69228  -237.51985  4.99985   768
1531.00  0.04173  0.04183  0.00687  0.80968  -236.11647  -238.00966  4.99985   768
1532.00  0.04175  0.04183  0.00705  0.80968  -235.88606  -237.81435  4.99985   768
1533.00  0.04176  0.04183  0.00752  0.80968  -235.17958  -237.11549  4.99985   768
1534.00  0.04174  0.04183  0.00800  0.80968  -234.44258  -236.40443  4.99985   768
1535.00  0.04173  0.04183  0.00852  0.80968  -233.62471  -235.54842  4.99985   768
1536.00  0.04174  0.04183  0.00858  0.80968  -233.47822  -235.36531  4.99985   768
1537.00  0.04174  0.04183  0.00834  0.80968  -233.83528  -235.69948  4.99985   768
1538.00  0.04175  0.04183  0.00778  0.80968  -234.69740  -236.52345  4.99985   768
1539.00  0.04173  0.04183  0.00720  0.80968  -235.57173  -237.39778  4.99985   768
1540.00  0.04175  0.04183  0.00665  0.80968  -236.45369  -238.28584  4.99985   768
1541.00  0.04174  0.04183  0.00664  0.80968  -236.45216  -238.34993  4.99985   768
1542.00  0.04175  0.04183  0.00692  0.80968  -236.08443  -237.98830  4.99985   768
1543.00  0.04175  0.04183  0.00759  0.80968  -235.07582  -237.01326  4.99985   768
1544.00  0.04175  0.04183  0.00812  0.80968  -234.22133  -236.14198  4.99985   768
1545.00  0.04174  0.04183  0.00854  0.80968  -233.57130  -235.49348  4.99985   768
1546.00  0.04174  0.04183  0.00841  0.80968  -233.70100  -235.55299  4.99985   768
1547.00  0.04175  0.04183  0.00805  0.80968  -234.31441  -236.14503  4.99985   768
1548.00  0.04174  0.04183  0.00748  0.80968  -235.12465  -236.95375  4.99985   768
1549.00  0.04174  0.04183  0.00695  0.80968  -235.96693  -237.85097  4.99985   768
1550.00  0.04174  0.04183  0.00679  0.80968  -236.26601  -238.15309  4.99985   768
1551.00  0.04175  0.04183  0.00694  0.80968  -236.09053  -238.01118  4.99985   768
1552.00  0.04173  0.04183  0.00755  0.80968  -235.17805  -237.12465  4.99985   768
1553.00  0.04174  0.04183  0.00819  0.80968  -234.16334  -236.10841  4.99985   768
1554.00  0.04173  0.04183  0.00868  0.80968  -233.36073  -235.29817  4.99985   768
1555.00  0.04174  0.04183  0.00884  0.80968  -233.10286  -234.96858  4.99985   768
1556.00  0.04174  0.04183  0.00862  0.80968  -233.41109  -235.26002  4.99985   768
1557.00  0.04174  0.04183  0.00810  0.80968  -234.16487  -235.98939  4.99985   768
1558.00  0.04174  0.04183  0.00752  0.80968  -235.05446  -236.88509  4.99985   768
1559.00  0.04175  0.04183  0.00706  0.80968  -235.77772  -237.60683  4.99985   768
1560.00  0.04174  0.04183  0.00696  0.80968  -235.98067  -237.86775  4.99985   768
1561.00  0.04174  0.04183  0.00729  0.80968  -235.52901  -237.44966  4.99985   768
1562.00  0.04174  0.04183  0.00782  0.80968  -234.69588  -236.63942  4.99985   768
1563.00  0.04173  0.04183  0.00847  0.80968  -233.71474  -235.65218  4.99985   768
1564.00  0.04174  0.04183  0.00872  0.80968  -233.26613  -235.15932  4.99985   768
1565.00  0.04174  0.04183  0.00857  0.80968  -233.49043  -235.36073  4.99985   768
1566.00  0.04173  0.04183  0.00810  0.80968  -234.17250  -236.00618  4.99985   768
1567.00  0.04174  0.04183  0.00745  0.80968  -235.20705  -237.05446  4.99985   768
1568.00  0.04173  0.04183  0.00694  0.80968  -235.98372  -237.85707  4.99985   768
1569.00  0.04174  0.04183  0.00667  0.80968  -236.40181  -238.26448  4.99985   768
1570.00  0.04174  0.04183  0.00673  0.80968  -236.38960  -238.29652  4.99985   768
1571.00  0.04173  0.04183  0.00725  0.80968  -235.62361  -237.58546  4.99985   768
1572.00  0.04173  0.04183  0.00787  0.80968  -234.63789  -236.55702  4.99985   768
1573.00  0.04174  0.04183  0.00825  0.80968  -234.02296  -235.93141  4.99985   768
1574.00  0.04174  0.04183  0.00835  0.80968  -233.83681  -235.71474  4.99985   768
1575.00  0.04173  0.04183  0.00809  0.80968  -234.19997  -236.03975  4.99985   768
1576.00  0.04174  0.04183  0.00755  0.80968  -234.99953  -236.82252  4.99985   768
1577.00  0.04174  0.04183  0.00696  0.80968  -235.92268  -237.75331  4.99985   768
1578.00  0.04174  0.04183  0.00660  0.80968  -236.50404  -238.35298  4.99985   768
1579.00  0.04174  0.04183  0.00650  0.80968  -236.71461  -238.60170  4.99985   768
1580.00  0.04174  0.04183  0.00688  0.80968  -236.17140  -238.10884  4.99985   768
1581.00  0.04174  0.04183  0.00746  0.80968  -235.25893  -237.20399  4.99985   768
1582.00  0.04173  0.04183  0.00805  0.80968  -234.34950  -236.30067  4.99985   768
1583.00  0.04175  0.04183  0.00831  0.80968  -233.92836  -235.84444  4.99985   768
1584.00  0.04173  0.04183  0.00835  0.80968  -233.84901  -235.76509  4.99985   768
1585.00  0.04175  0.04183  0.00793  0.80968  -234.42580  -236.26405  4.99985   768
1586.00  0.04174  0.04183  0.00750  0.80968  -235.12923  -236.99495  4.99985   768
1587.00  0.04176  0.04183  0.00700  0.80968  -235.88148  -237.72432  4.99985   768
1588.00  0.04174  0.04183  0.00678  0.80968  -236.22328  -238.09206  4.99985   768
1589.00  0.04173  0.04183  0.00699  0.80968  -235.98677  -237.89827  4.99985   768
1590.00  0.04174  0.04183  0.00751  0.80968  -235.15974  -237.09413  4.99985   768
1591.00  0.04174  0.04183  0.00800  0.80968  -234.43343  -236.35713  4.99985   768
1592.00  0.04174  0.04183  0.00849  0.80968  -233.62166  -235.53010  4.99985   768
1593.00  0.04175  0.04183  0.00858  0.80968  -233.49043  -235.36226  4.99985   768
1594.00  0.04175  0.04183  0.00820  0.80968  -234.02754  -235.86885  4.99985   768
1595.00  0.04174  0.04183  0.00777  0.80968  -234.70351  -236.53718  4.99985   768
1596.00  0.04173  0.04183  0.00715  0.80968  -235.66023  -237.50001  4.99985   768
1597.00  0.04174  0.04183  0.00670  0.80968  -236.32246  -238.16988  4.99985   768
1598.00  0.04173  0.04183  0.00662  0.80968  -236.52846  -238.43385  4.99985   768
1599.00  0.04174  0.04183  0.00696  0.80968  -236.04475  -237.97761  4.99985   768
1600.00  0.04174  0.04183  0.00748  0.80968  -235.26045  -237.20247  4.99985   768
1601.00  0.04175  0.04183  0.00793  0.80968  -234.54176  -236.49446  4.99985   768
1602.00  0.04174  0.04183  0.00819  0.80968  -234.10994  -236.01381  4.99985   768
1603.00  0.04175  0.04183  0.00810  0.80968  -234.20149  -236.06416  4.99985   768
1604.00  0.04175  0.04183  0.00768  0.80968  -234.80574  -236.64857  4.99985   768
1605.00  0.04173  0.04183  0.00713  0.80968  -235.66939  -237.50154  4.99985   768
1606.00  0.04174  0.04183  0.00659  0.80968  -236.50709  -238.33772  4.99985   768
1607.00  0.04174  0.04183  0.00639  0.80968  -236.86873  -238.73445  4.99985   768
1608.00  0.04175  0.04183  0.00658  0.80968  -236.57423  -238.48115  4.99985   768
1609.00  0.04174  0.04183  0.00712  0.80968  -235.76857  -237.70906  4.99985   768
1610.00  0.04174  0.04183  0.00767  0.80968  -234.94002  -236.86830  4.99985   768
1611.00  0.04174  0.04183  0.00814  0.80968  -234.24879  -236.16334  4.99985   768
1612.00  0.04175  0.04183  0.00808  0.80968  -234.22285  -236.07790  4.99985   768
1613.00  0.04174  0.04183  0.00794  0.80968  -234.42732  -236.29457  4.99985   768
1614.00  0.04175  0.04183  0.00753  0.80968  -235.03920  -236.88051  4.99985   768
1615.00  0.04174  0.04183  0.00688  0.80968  -236.04933  -237.88454  4.99985   768
1616.00  0.04175  0.04183  0.00655  0.80968  -236.62459  -238.50862  4.99985   768
1617.00  0.04175  0.04183  0.00658  0.80968  -236.58339  -238.50099  4.99985   768
1618.00  0.04174  0.04183  0.00701  0.80968  -235.93489  -237.86775  4.99985   768
1619.00  0.04175  0.04183  0.00768  0.80968  -234.93697  -236.90950  4.99985   768
1620.00  0.04173  0.04183  0.00819  0.80968  -234.15724  -236.09010  4.99985   768
1621.00  0.04174  0.04183  0.00834  0.80968  -233.83681  -235.72237  4.99985   768
1622.00  0.04175  0.04183  0.00824  0.80968  -234.01228  -235.89479  4.99985   768
1623.00  0.04175  0.04183  0.00780  0.80968  -234.63179  -236.46089  4.99985   768
1624.00  0.04174  0.04183  0.00721  0.80968  -235.51680  -237.33980  4.99985   768
1625.00  0.04175  0.04183  0.00667  0.80968  -236.39723  -238.23244  4.99985   768
1626.00  0.04175  0.04183  0.00657  0.80968  -236.58797  -238.47505  4.99985   768
1627.00  0.04173  0.04183  0.00675  0.80968  -236.30110  -238.18971  4.99985   768
1628.00  0.04175  0.04183  0.00733  0.80968  -235.49696  -237.43898  4.99985   768
1629.00  0.04173  0.04183  0.00794  0.80968  -234.52193  -236.45937  4.99985   768
1630.00  0.04173  0.04183  0.00823  0.80968  -234.01381  -235.89479  4.99985   768
1631.00  0.04173  0.04183  0.00812  0.80968  -234.18776  -236.06416  4.99985   768
1632.00  0.04175  0.04183  0.00777  0.80968  -234.73860  -236.57991  4.99985   768
1633.00  0.04175  0.04183  0.00714  0.80968  -235.64345  -237.46950  4.99985   768
1634.00  0.04173  0.04183  0.00654  0.80968  -236.56966  -238.41249  4.99985   768
1635.00  0.04174  0.04183  0.00621  0.80968  -237.14186  -239.01369  4.99985   768
1636.00  0.04175  0.04183  0.00630  0.80968  -237.04115  -238.96638  4.99985   768
1637.00  0.04176  0.04183  0.00668  0.80968  -236.46590  -238.39876  4.99985   768
1638.00  0.04174  0.04183  0.00738  0.80968  -235.40846  -237.37184  4.99985   768
1639.00  0.04174  0.04183  0.00796  0.80968  -234.48378  -236.40138  4.99985   768
1640.00  0.04173  0.04183  0.00808  0.80968  -234.26100  -236.12825  4.99985   768
1641.00  0.04174  0.04183  0.00789  0.80968  -234.51735  -236.37239  4.99985   768
1642.00  0.04175  0.04183  0.00744  0.80968  -235.18111  -236.98885  4.99985   768
1643.00  0.04175  0.04183  0.00681  0.80968  -236.14851  -237.97304  4.99985   768
1644.00  0.04175  0.04183  0.00640  0.80968  -236.82143  -238.66731  4.99985   768
1645.00  0.04174  0.04183  0.00630  0.80968  -237.02742  -238.92366  4.99985   768
1646.00  0.04174  0.04183  0.00665  0.80968  -236.50862  -238.44148  4.99985   768
1647.00  0.04174  0.04183  0.00723  0.80968  -235.62208  -237.55800  4.99985   768
1648.00  0.04173  0.04183  0.00783  0.80968  -234.70351  -236.64400  4.99985   768
1649.00  0.04175  0.04183  0.00816  0.80968  -234.14961  -236.06111  4.99985   768
1650.00  0.04173  0.04183  0.00814  0.80968  -234.14503  -236.03212  4.99985   768
1651.00  0.04174  0.04183  0.00783  0.80968  -234.62874  -236.48683  4.99985   768
1652.00  0.04173  0.04183  0.00720  0.80968  -235.52901  -237.37184  4.99985   768
1653.00  0.04175  0.04183  0.00659  0.80968  -236.49184  -238.33620  4.99985   768
1654.00  0.04173  0.04183  0.00634  0.80968  -236.92213  -238.79701  4.99985   768
1655.00  0.04174  0.04183  0.00647  0.80968  -236.77565  -238.67952  4.99985   768
1656.00  0.04175  0.04183  0.00689  0.80968  -236.16530  -238.08443  4.99985   768
1657.00  0.04174  0.04183  0.00746  0.80968  -235.26198  -237.21010  4.99985   768
1658.00  0.04174  0.04183  0.00795  0.80968  -234.50667  -236.43037  4.99985   768
1659.00  0.04174  0.04183  0.00805  0.80968  -234.30067  -236.16945  4.99985   768
1660.00  0.04175  0.04183  0.00781  0.80968  -234.64705  -236.47920  4.99985   768
1661.00  0.04175  0.04183  0.00733  0.80968  -235.38252  -237.22078  4.99985   768
1662.00  0.04175  0.04183  0.00671  0.80968  -236.29195  -238.12562  4.99985   768
1663.00  0.04174  0.04183  0.00619  0.80968  -237.08693  -238.92366  4.99985   768
1664.00  0.04172  0.04183  0.00611  0.80968  -237.31581  -239.22884  4.99985   768
1665.00  0.04174  0.04183  0.00644  0.80968  -236.82295  -238.75886  4.99985   768
1666.00  0.04175  0.04183  0.00699  0.80968  -236.00050  -237.95167  4.99985   768
1667.00  0.04174  0.04183  0.00758  0.80968  -235.08498  -237.03920  4.99985   768
1668.00  0.04175  0.04183  0.00793  0.80968  -234.51277  -236.43190  4.99985   768
1669.00  0.04177  0.04183  0.00790  0.80968  -234.50972  -236.40291  4.99985   768
1670.00  0.04173  0.04183  0.00756  0.80968  -235.00258  -236.87440  4.99985   768
1671.00  0.04174  0.04183  0.00695  0.80968  -235.94099  -237.75941  4.99985   768
1672.00  0.04172  0.04183  0.00635  0.80968  -236.86262  -238.68410  4.99985   768
1673.00  0.04175  0.04183  0.00614  0.80968  -237.22121  -239.09151  4.99985   768
1674.00  0.04174  0.04183  0.00629  0.80968  -237.04573  -238.96028  4.99985   768
1675.00  0.04175  0.04183  0.00674  0.80968  -236.36824  -238.29805  4.99985   768
1676.00  0.04174  0.04183  0.00750  0.80968  -235.21162  -237.13380  4.99985   768
1677.00  0.04174  0.04183  0.00802  0.80968  -234.38765  -236.31593  4.99985   768
1678.00  0.04174  0.04183  0.00817  0.80968  -234.12825  -236.00008  4.99985   768
1679.00  0.04174  0.04183  0.00796  0.80968  -234.38002  -236.23506  4.99985   768
1680.00  0.04175  0.04183  0.00742  0.80968  -235.20094  -237.01631  4.99985   768
1681.00  0.04176  0.04183  0.00682  0.80968  -236.14241  -237.98830  4.99985   768
1682.00  0.04175  0.04183  0.00628  0.80968  -236.98317  -238.83058  4.99985   768
1683.00  0.04173  0.04183  0.00618  0.80968  -237.22121  -239.11287  4.99985   768
1684.00  0.04175  0.04183  0.00654  0.80968  -236.69325  -238.63374  4.99985   768
1685.00  0.04174  0.04183  0.00714  0.80968  -235.78688  -237.73958  4.99985   768
1686.00  0.04173  0.04183  0.00778  0.80968  -234.79658  -236.75539  4.99985   768
1687.00  0.04175  0.04183  0.00811  0.80968  -234.23354  -236.12978  4.99985   768
1688.00  0.04175  0.04183  0.00806  0.80968  -234.29762  -236.17250  4.99985   768
1689.00  0.04173  0.04183  0.00762  0.80968  -234.92323  -236.73860  4.99985   768
1690.00  0.04174  0.04183  0.00698  0.80968  -235.88911  -237.70906  4.99985   768
1691.00  0.04173  0.04183  0.00632  0.80968  -236.88551  -238.71767  4.99985   768
1692.00  0.04175  0.04183  0.00611  0.80968  -237.24867  -239.10982  4.99985   768
1693.00  0.04175  0.04183  0.00627  0.80968  -237.08693  -238.99995  4.99985   768
1694.00  0.04175  0.04183  0.00676  0.80968  -236.37434  -238.31789  4.99985   768
1695.00  0.04174  0.04183  0.00742  0.80968  -235.33522  -237.26656  4.99985   768
1696.00  0.04174  0.04183  0.00783  0.80968  -234.72029  -236.64857  4.99985   768
1697.00  0.04175  0.04183  0.00794  0.80968  -234.44868  -236.33119  4.99985   768
1698.00  0.04174  0.04183  0.00776  0.80968  -234.74470  -236.61806  4.99985   768
1699.00  0.04174  0.04183  0.00716  0.80968  -235.59157  -237.40083  4.99985   768
1700.00  0.04174  0.04183  0.00650  0.80968  -236.63069  -238.48268  4.99985   768
1701.00  0.04174  0.04183  0.00602  0.80968  -237.38295  -239.23952  4.99985   768
1702.00  0.04174  0.04183  0.00600  0.80968  -237.50502  -239.42110  4.99985   768
1703.00  0.04174  0.04183  0.00642  0.80968  -236.88246  -238.83668  4.99985   768
1704.00  0.04172  0.04183  0.00709  0.80968  -235.86928  -237.81282  4.99985   768
1705.00  0.04175  0.04183  0.00770  0.80968  -234.88966  -236.81489  4.99985   768
1706.00  0.04173  0.04183  0.00802  0.80968  -234.42427  -236.32051  4.99985   768
1707.00  0.04173  0.04183  0.00799  0.80968  -234.38612  -236.25185  4.99985   768
1708.00  0.04174  0.04183  0.00756  0.80968  -234.97664  -236.79201  4.99985   768
1709.00  0.04175  0.04183  0.00700  0.80968  -235.86317  -237.67702  4.99985   768
1710.00  0.04174  0.04183  0.00644  0.80968  -236.73140  -238.55287  4.99985   768
1711.00  0.04175  0.04183  0.00619  0.80968  -237.16933  -239.04115  4.99985   768
1712.00  0.04172  0.04183  0.00643  0.80968  -236.83058  -238.74971  4.99985   768
1713.00  0.04174  0.04183  0.00695  0.80968  -236.05543  -238.00050  4.99985   768
1714.00  0.04175  0.04183  0.00757  0.80968  -235.11092  -237.07582  4.99985   768
1715.00  0.04174  0.04183  0.00799  0.80968  -234.45784  -236.37697  4.99985   768
1716.00  0.04174  0.04183  0.00812  0.80968  -234.19997  -236.08552  4.99985   768
1717.00  0.04175  0.04183  0.00783  0.80968  -234.61653  -236.48531  4.99985   768
1718.00  0.04173  0.04183  0.00724  0.80968  -235.48170  -237.31843  4.99985   768
1719.00  0.04174  0.04183  0.00668  0.80968  -236.37282  -238.22176  4.99985   768
1720.00  0.04171  0.04183  0.00623  0.80968  -237.09151  -238.95265  4.99985   768
1721.00  0.04174  0.04183  0.00620  0.80968  -237.14796  -239.03963  4.99985   768
1722.00  0.04174  0.04183  0.00653  0.80968  -236.67952  -238.61085  4.99985   768
1723.00  0.04171  0.04183  0.00718  0.80968  -235.72890  -237.66939  4.99985   768
1724.00  0.04174  0.04183  0.00774  0.80968  -234.80574  -236.73860  4.99985   768
1725.00  0.04173  0.04183  0.00805  0.80968  -234.32661  -236.21828  4.99985   768
1726.00  0.04173  0.04183  0.00788  0.80968  -234.51124  -236.35866  4.99985   768
1727.00  0.04174  0.04183  0.00752  0.80968  -235.06666  -236.89882  4.99985   768
1728.00  0.04173  0.04183  0.00691  0.80968  -235.99287  -237.80824  4.99985   768
1729.00  0.04174  0.04183  0.00634  0.80968  -236.82600  -238.67799  4.99985   768
1730.00  0.04174  0.04183  0.00614  0.80968  -237.23799  -239.12050  4.99985   768
1731.00  0.04173  0.04183  0.00631  0.80968  -237.00911  -238.93129  4.99985   768
1732.00  0.04175  0.04183  0.00682  0.80968  -236.27211  -238.22481  4.99985   768
1733.00  0.04174  0.04183  0.00746  0.80968  -235.28181  -237.24062  4.99985   768
1734.00  0.04174  0.04183  0.00795  0.80968  -234.49751  -236.44411  4.99985   768
1735.00  0.04175  0.04183  0.00806  0.80968  -234.28541  -236.15724  4.99985   768
1736.00  0.04174  0.04183  0.00770  0.80968  -234.81947  -236.68062  4.99985   768
1737.00  0.04173  0.04183  0.00720  0.80968  -235.51985  -237.36574  4.99985   768
1738.00  0.04176  0.04183  0.00659  0.80968  -236.52846  -238.37129  4.99985   768
1739.00  0.04174  0.04183  0.00618  0.80968  -237.18611  -239.03963  4.99985   768
1740.00  0.04174  0.04183  0.00619  0.80968  -237.16933  -239.05031  4.99985   768
1741.00  0.04173  0.04183  0.00665  0.80968  -236.49184  -238.41402  4.99985   768
1742.00  0.04174  0.04183  0.00730  0.80968  -235.50154  -237.44966  4.99985   768
1743.00  0.04174  0.04183  0.00784  0.80968  -234.66841  -236.57686  4.99985   768
1744.00  0.04175  0.04183  0.00816  0.80968  -234.17403  -236.05806  4.99985   768
1745.00  0.04173  0.04183  0.00809  0.80968  -234.22133  -236.06569  4.99985   768
1746.00  0.04175  0.04183  0.00762  0.80968  -234.97359  -236.80269  4.99985   768
1747.00  0.04175  0.04183  0.00686  0.80968  -236.02949  -237.84029  4.99985   768
1748.00  0.04174  0.04183  0.00636  0.80968  -236.87178  -238.73750  4.99985   768
1749.00  0.04174  0.04183  0.00618  0.80968  -237.18001  -239.07014  4.99985   768
1750.00  0.04173  0.04183  0.00644  0.80968  -236.83363  -238.74818  4.99985   768
1751.00  0.04173  0.04183  0.00694  0.80968  -236.09053  -238.03865  4.99985   768
1752.00  0.04173  0.04183  0.00757  0.80968  -235.11244  -237.05446  4.99985   768
1753.00  0.04174  0.04183  0.00797  0.80968  -234.45174  -236.37086  4.99985   768
1754.00  0.04173  0.04183  0.00808  0.80968  -234.27321  -236.16029  4.99985   768
1755.00  0.04173  0.04183  0.00779  0.80968  -234.68062  -236.54481  4.99985   768
1756.00  0.04174  0.04183  0.00710  0.80968  -235.68465  -237.47255  4.99985   768
1757.00  0.04173  0.04183  0.00655  0.80968  -236.57729  -238.42012  4.99985   768
1758.00  0.04174  0.04183  0.00613  0.80968  -237.23799  -239.08540  4.99985   768
1759.00  0.04173  0.04183  0.00619  0.80968  -237.18001  -239.06404  4.99985   768
1760.00  0.04173  0.04183  0.00659  0.80968  -236.57423  -238.49184  4.99985   768
1761.00  0.04174  0.04183  0.00725  0.80968  -235.60225  -237.55647  4.99985   768
1762.00  0.04174  0.04183  0.00781  0.80968  -234.73250  -236.65620  4.99985   768
1763.00  0.04174  0.04183  0.00802  0.80968  -234.37697  -236.25185  4.99985   768
1764.00  0.04174  0.04183  0.00790  0.80968  -234.54481  -236.43343  4.99985   768
1765.00  0.04174  0.04183  0.00747  0.80968  -235.16432  -236.99342  4.99985   768
1766.00  0.04174  0.04183  0.00687  0.80968  -236.06001  -237.90895  4.99985   768
1767.00  0.04174  0.04183  0.00637  0.80968  -236.86720  -238.72377  4.99985   768
1768.00  0.04173  0.04183  0.00628  0.80968  -237.06099  -238.96486  4.99985   768
1769.00  0.04173  0.04183  0.00646  0.80968  -236.81380  -238.74361  4.99985   768
1770.00  0.04173  0.04183  0.00705  0.80968  -235.92573  -237.86470  4.99985   768
1771.00  0.04173  0.04183  0.00776  0.80968  -234.82558  -236.78895  4.99985   768
1772.00  0.04174  0.04183  0.00809  0.80968  -234.28236  -236.16334  4.99985   768
1773.00  0.04174  0.04183  0.00803  0.80968  -234.32204  -236.17097  4.99985   768
1774.00  0.04173  0.04183  0.00775  0.80968  -234.72182  -236.54939  4.99985   768
1775.00  0.04172  0.04183  0.00722  0.80968  -235.50307  -237.30623  4.99985   768
1776.00  0.04174  0.04183  0.00660  0.80968  -236.47658  -238.31331  4.99985   768
1777.00  0.04173  0.04183  0.00635  0.80968  -236.91908  -238.77718  4.99985   768
1778.00  0.04174  0.04183  0.00644  0.80968  -236.82295  -238.71919  4.99985   768
1779.00  0.04173  0.04183  0.00686  0.80968  -236.17598  -238.10884  4.99985   768
1780.00  0.04174  0.04183  0.00752  0.80968  -235.20247  -237.13075  4.99985   768
1781.00  0.04172  0.04183  0.00801  0.80968  -234.39680  -236.31746  4.99985   768
1782.00  0.04173  0.04183  0.00814  0.80968  -234.15419  -236.04280  4.99985   768
1783.00  0.04174  0.04183  0.00803  0.80968  -234.30220  -236.17097  4.99985   768
1784.00  0.04173  0.04183  0.00746  0.80968  -235.16890  -237.00410  4.99985   768
1785.00  0.04174  0.04183  0.00687  0.80968  -236.07375  -237.91658  4.99985   768
1786.00  0.04172  0.04183  0.00642  0.80968  -236.80006  -238.64748  4.99985   768
1787.00  0.04172  0.04183  0.00628  0.80968  -237.03352  -238.93739  4.99985   768
1788.00  0.04173  0.04183  0.00665  0.80968  -236.56203  -238.45979  4.99985   768
1789.00  0.04174  0.04183  0.00718  0.80968  -235.73653  -237.69380  4.99985   768
1790.00  0.04174  0.04183  0.00782  0.80968  -234.71724  -236.65163  4.99985   768
1791.00  0.04172  0.04183  0.00818  0.80968  -234.13435  -236.03517  4.99985   768
1792.00  0.04174  0.04183  0.00807  0.80968  -234.25642  -236.08858  4.99985   768
1793.00  0.04174  0.04183  0.00772  0.80968  -234.78285  -236.62416  4.99985   768
1794.00  0.04174  0.04183  0.00705  0.80968  -235.76704  -237.55647  4.99985   768
1795.00  0.04174  0.04183  0.00650  0.80968  -236.66121  -238.50252  4.99985   768
1796.00  0.04172  0.04183  0.00617  0.80968  -237.19527  -239.05336  4.99985   768
1797.00  0.04174  0.04183  0.00623  0.80968  -237.15102  -239.07014  4.99985   768
1798.00  0.04174  0.04183  0.00680  0.80968  -236.30110  -238.23854  4.99985   768
1799.00  0.04173  0.04183  0.00743  0.80968  -235.33064  -237.28487  4.99985   768
1800.00  0.04173  0.04183  0.00797  0.80968  -234.48683  -236.44411  4.99985   768
1801.00  0.04175  0.04183  0.00815  0.80968  -234.14351  -236.03822  4.99985   768
1802.00  0.04174  0.04183  0.00798  0.80968  -234.41511  -236.28694  4.99985   768
1803.00  0.04175  0.04183  0.00748  0.80968  -235.12160  -236.96291  4.99985   768
1804.00  0.04173  0.04183  0.00688  0.80968  -236.09206  -237.90590  4.99985   768
1805.00  0.04173  0.04183  0.00643  0.80968  -236.78480  -238.63832  4.99985   768
1806.00  0.04173  0.04183  0.00623  0.80968  -237.10371  -238.98927  4.99985   768
1807.00  0.04174  0.04183  0.00667  0.80968  -236.48878  -238.42165  4.99985   768
1808.00  0.04174  0.04183  0.00719  0.80968  -235.68770  -237.60988  4.99985   768
1809.00  0.04174  0.04183  0.00783  0.80968  -234.66536  -236.60127  4.99985   768
1810.00  0.04174  0.04183  0.00817  0.80968  -234.11909  -236.00923  4.99985   768
1811.00  0.04173  0.04183  0.00816  0.80968  -234.10536  -235.97566  4.99985   768
1812.00  0.04173  0.04183  0.00777  0.80968  -234.69282  -236.51887  4.99985   768
1813.00  0.04172  0.04183  0.00725  0.80968  -235.53358  -237.36421  4.99985   768
1814.00  0.04172  0.04183  0.00668  0.80968  -236.34230  -238.16835  4.99985   768
1815.00  0.04173  0.04183  0.00617  0.80968  -237.18001  -239.04268  4.99985   768
1816.00  0.04174  0.04183  0.00633  0.80968  -236.98622  -238.91603  4.99985   768
1817.00  0.04174  0.04183  0.00688  0.80968  -236.19582  -238.14546  4.99985   768
1818.00  0.04175  0.04183  0.00753  0.80968  -235.19789  -237.14754  4.99985   768
1819.00  0.04174  0.04183  0.00796  0.80968  -234.48378  -236.41664  4.99985   768
1820.00  0.04173  0.04183  0.00798  0.80968  -234.41206  -236.28999  4.99985   768
1821.00  0.04174  0.04183  0.00775  0.80968  -234.73402  -236.58754  4.99985   768
1822.00  0.04174  0.04183  0.00728  0.80968  -235.43135  -237.27418  4.99985   768
1823.00  0.04175  0.04183  0.00668  0.80968  -236.34230  -238.15462  4.99985   768
1824.00  0.04173  0.04183  0.00620  0.80968  -237.15407  -239.01063  4.99985   768
1825.00  0.04174  0.04183  0.00607  0.80968  -237.32191  -239.18153  4.99985   768
1826.00  0.04175  0.04183  0.00637  0.80968  -236.90077  -238.82600  4.99985   768
1827.00  0.04173  0.04183  0.00702  0.80968  -235.98524  -237.94405  4.99985   768
1828.00  0.04174  0.04183  0.00761  0.80968  -235.04225  -236.98427  4.99985   768
1829.00  0.04174  0.04183  0.00795  0.80968  -234.44105  -236.34645  4.99985   768
1830.00  0.04175  0.04183  0.00786  0.80968  -234.59059  -236.44868  4.99985   768
1831.00  0.04174  0.04183  0.00743  0.80968  -235.19942  -237.04988  4.99985   768
1832.00  0.04174  0.04183  0.00684  0.80968  -236.09663  -237.92879  4.99985   768
1833.00  0.04173  0.04183  0.00633  0.80968  -236.91603  -238.77718  4.99985   768
1834.00  0.04174  0.04183  0.00615  0.80968  -237.26088  -239.16322  4.99985   768
1835.00  0.04174  0.04183  0.00628  0.80968  -237.03810  -238.95113  4.99985   768
1836.00  0.04174  0.04183  0.00687  0.80968  -236.20955  -238.16377  4.99985   768
1837.00  0.04174  0.04183  0.00752  0.80968  -235.19484  -237.14601  4.99985   768
1838.00  0.04173  0.04183  0.00803  0.80968  -234.36781  -236.29152  4.99985   768
1839.00  0.04173  0.04183  0.00804  0.80968  -234.30067  -236.15572  4.99985   768
1840.00  0.04173  0.04183  0.00785  0.80968  -234.56312  -236.40749  4.99985   768
1841.00  0.04173  0.04183  0.00722  0.80968  -235.48933  -237.29250  4.99985   768
1842.00  0.04173  0.04183  0.00655  0.80968  -236.52846  -238.34077  4.99985   768
1843.00  0.04175  0.04183  0.00608  0.80968  -237.30818  -239.15102  4.99985   768
1844.00  0.04174  0.04183  0.00607  0.80968  -237.35548  -239.24409  4.99985   768
1845.00  0.04175  0.04183  0.00660  0.80968  -236.58186  -238.54219  4.99985   768
1846.00  0.04173  0.04183  0.00727  0.80968  -235.55037  -237.49696  4.99985   768
1847.00  0.04172  0.04183  0.00790  0.80968  -234.58906  -236.52803  4.99985   768
1848.00  0.04174  0.04183  0.00809  0.80968  -234.24879  -236.15266  4.99985   768
1849.00  0.04175  0.04183  0.00807  0.80968  -234.29610  -236.17555  4.99985   768
1850.00  0.04172  0.04183  0.00747  0.80968  -235.10023  -236.93544  4.99985   768
1851.00  0.04173  0.04183  0.00686  0.80968  -236.10426  -237.92879  4.99985   768
1852.00  0.04174  0.04183  0.00632  0.80968  -236.94350  -238.80922  4.99985   768
1853.00  0.04173  0.04183  0.00609  0.80968  -237.30971  -239.17543  4.99985   768
1854.00  0.04173  0.04183  0.00636  0.80968  -236.92061  -238.84584  4.99985   768
1855.00  0.04172  0.04183  0.00694  0.80968  -236.09206  -238.03560  4.99985   768
1856.00  0.04173  0.04183  0.00768  0.80968  -234.96291  -236.91560  4.99985   768
1857.00  0.04174  0.04183  0.00809  0.80968  -234.25185  -236.15724  4.99985   768
1858.00  0.04175  0.04183  0.00820  0.80968  -234.05043  -235.92531  4.99985   768
1859.00  0.04174  0.04183  0.00792  0.80968  -234.43343  -236.26405  4.99985   768
1860.00  0.04173  0.04183  0.00728  0.80968  -235.38100  -237.18721  4.99985   768
1861.00  0.04173  0.04183  0.00664  0.80968  -236.38502  -238.21718  4.99985   768
1862.00  0.04174  0.04183  0.00621  0.80968  -237.14491  -238.99690  4.99985   768
1863.00  0.04173  0.04183  0.00619  0.80968  -237.18001  -239.08235  4.99985   768
1864.00  0.04172  0.04183  0.00665  0.80968  -236.48726  -238.44148  4.99985   768
1865.00  0.04173  0.04183  0.00728  0.80968  -235.56868  -237.51375  4.99985   768
1866.00  0.04173  0.04183  0.00790  0.80968  -234.60280  -236.54329  4.99985   768
1867.00  0.04173  0.04183  0.00825  0.80968  -234.03517  -235.95125  4.99985   768
1868.00  0.04174  0.04183  0.00821  0.80968  -234.05348  -235.92836  4.99985   768
1869.00  0.04173  0.04183  0.00773  0.80968  -234.71114  -236.55092  4.99985   768
1870.00  0.04172  0.04183  0.00707  0.80968  -235.73042  -237.54884  4.99985   768
1871.00  0.04173  0.04183  0.00657  0.80968  -236.55592  -238.42012  4.99985   768
1872.00  0.04173  0.04183  0.00630  0.80968  -236.98012  -238.84737  4.99985   768
1873.00  0.04174  0.04183  0.00654  0.80968  -236.68104  -238.59407  4.99985   768
1874.00  0.04171  0.04183  0.00716  0.80968  -235.72737  -237.67549  4.99985   768
1875.00  0.04175  0.04183  0.00774  0.80968  -234.82252  -236.75233  4.99985   768
1876.00  0.04174  0.04183  0.00821  0.80968  -234.08400  -235.99245  4.99985   768
1877.00  0.04174  0.04183  0.00833  0.80968  -233.85969  -235.72694  4.99985   768
1878.00  0.04175  0.04183  0.00800  0.80968  -234.34492  -236.19234  4.99985   768
1879.00  0.04175  0.04183  0.00743  0.80968  -235.22230  -237.04225  4.99985   768
1880.00  0.04173  0.04183  0.00682  0.80968  -236.13936  -237.95320  4.99985   768
1881.00  0.04173  0.04183  0.00641  0.80968  -236.78480  -238.66273  4.99985   768
1882.00  0.04175  0.04183  0.00639  0.80968  -236.87941  -238.79854  4.99985   768
1883.00  0.04172  0.04183  0.00683  0.80968  -236.23396  -238.17140  4.99985   768
1884.00  0.04175  0.04183  0.00743  0.80968  -235.36421  -237.33675  4.99985   768
1885.00  0.04174  0.04183  0.00804  0.80968  -234.38460  -236.32967  4.99985   768
1886.00  0.04173  0.04183  0.00824  0.80968  -234.01839  -235.92226  4.99985   768
1887.00  0.04172  0.04183  0.00809  0.80968  -234.22133  -236.08858  4.99985   768
1888.00  0.04171  0.04183  0.00762  0.80968  -234.85304  -236.68825  4.99985   768
1889.00  0.04173  0.04183  0.00703  0.80968  -235.82960  -237.64802  4.99985   768
1890.00  0.04174  0.04183  0.00653  0.80968  -236.58644  -238.44148  4.99985   768
1891.00  0.04173  0.04183  0.00631  0.80968  -236.96028  -238.81380  4.99985   768
1892.00  0.04174  0.04183  0.00646  0.80968  -236.78328  -238.67342  4.99985   768
1893.00  0.04173  0.04183  0.00704  0.80968  -235.92726  -237.87843  4.99985   768
1894.00  0.04173  0.04183  0.00773  0.80968  -234.84846  -236.77675  4.99985   768
1895.00  0.04172  0.04183  0.00818  0.80968  -234.14351  -236.04127  4.99985   768
1896.00  0.04173  0.04183  0.00826  0.80968  -233.94057  -235.82307  4.99985   768
1897.00  0.04173  0.04183  0.00787  0.80968  -234.53413  -236.36781  4.99985   768
1898.00  0.04173  0.04183  0.00731  0.80968  -235.37794  -237.21010  4.99985   768
1899.00  0.04173  0.04183  0.00666  0.80968  -236.40486  -238.25380  4.99985   768
1900.00  0.04173  0.04183  0.00635  0.80968  -236.89314  -238.78480  4.99985   768
1901.00  0.04173  0.04183  0.00635  0.80968  -236.93129  -238.84889  4.99985   768
1902.00  0.04173  0.04183  0.00674  0.80968  -236.39418  -238.33467  4.99985   768
1903.00  0.04173  0.04183  0.00745  0.80968  -235.33980  -237.29707  4.99985   768
1904.00  0.04172  0.04183  0.00808  0.80968  -234.29304  -236.22743  4.99985   768
1905.00  0.04173  0.04183  0.00830  0.80968  -233.91310  -235.82002  4.99985   768
1906.00  0.04172  0.04183  0.00814  0.80968  -234.12367  -235.97108  4.99985   768
1907.00  0.04172  0.04183  0.00764  0.80968  -234.88356  -236.72029  4.99985   768
1908.00  0.04172  0.04183  0.00709  0.80968  -235.69838  -237.53206  4.99985   768
1909.00  0.04174  0.04183  0.00654  0.80968  -236.57881  -238.41249  4.99985   768
1910.00  0.04172  0.04183  0.00632  0.80968  -236.98012  -238.83363  4.99985   768
1911.00  0.04174  0.04183  0.00663  0.80968  -236.53151  -238.44148  4.99985   768
1912.00  0.04173  0.04183  0.00718  0.80968  -235.74416  -237.67091  4.99985   768
1913.00  0.04172  0.04183  0.00787  0.80968  -234.65315  -236.59212  4.99985   768
1914.00  0.04172  0.04183  0.00835  0.80968  -233.87953  -235.80629  4.99985   768
1915.00  0.04173  0.04183  0.00824  0.80968  -233.97566  -235.86275  4.99985   768
1916.00  0.04173  0.04183  0.00786  0.80968  -234.55244  -236.38460  4.99985   768
1917.00  0.04172  0.04183  0.00727  0.80968  -235.46950  -237.31691  4.99985   768
1918.00  0.04173  0.04183  0.00674  0.80968  -236.28737  -238.15614  4.99985   768
1919.00  0.04172  0.04183  0.00644  0.80968  -236.74513  -238.60017  4.99985   768
1920.00  0.04173  0.04183  0.00642  0.80968  -236.84126  -238.74513  4.99985   768
1921.00  0.04173  0.04183  0.00691  0.80968  -236.15614  -238.10121  4.99985   768
1922.00  0.04173  0.04183  0.00754  0.80968  -235.15211  -237.07429  4.99985   768
1923.00  0.04174  0.04183  0.00803  0.80968  -234.39833  -236.30525  4.99985   768
1924.00  0.04173  0.04183  0.00828  0.80968  -233.96803  -235.85207  4.99985   768
1925.00  0.04174  0.04183  0.00800  0.80968  -234.35713  -236.19539  4.99985   768
1926.00  0.04173  0.04183  0.00745  0.80968  -235.15822  -236.97206  4.99985   768
1927.00  0.04173  0.04183  0.00694  0.80968  -235.96999  -237.79298  4.99985   768
1928.00  0.04174  0.04183  0.00643  0.80968  -236.74055  -238.59254  4.99985   768
1929.00  0.04173  0.04183  0.00638  0.80968  -236.89925  -238.77870  4.99985   768
1930.00  0.04172  0.04183  0.00653  0.80968  -236.69630  -238.61238  4.99985   768
1931.00  0.04174  0.04183  0.00709  0.80968  -235.80824  -237.75941  4.99985   768
1932.00  0.04173  0.04183  0.00778  0.80968  -234.80879  -236.76454  4.99985   768
1933.00  0.04174  0.04183  0.00817  0.80968  -234.14656  -236.07637  4.99985   768
1934.00  0.04173  0.04183  0.00816  0.80968  -234.14351  -236.03059  4.99985   768
1935.00  0.04174  0.04183  0.00781  0.80968  -234.62874  -236.46699  4.99985   768
1936.00  0.04174  0.04183  0.00725  0.80968  -235.48323  -237.34285  4.99985   768
1937.00  0.04171  0.04183  0.00664  0.80968  -236.40944  -238.25532  4.99985   768
1938.00  0.04173  0.04183  0.00638  0.80968  -236.85194  -238.70698  4.99985   768
1939.00  0.04174  0.04183  0.00647  0.80968  -236.77260  -238.68715  4.99985   768
1940.00  0.04173  0.04183  0.00701  0.80968  -235.94862  -237.88454  4.99985   768
1941.00  0.04173  0.04183  0.00769  0.80968  -234.92323  -236.86220  4.99985   768
1942.00  0.04174  0.04183  0.00820  0.80968  -234.10231  -236.00923  4.99985   768
1943.00  0.04173  0.04183  0.00832  0.80968  -233.89784  -235.78340  4.99985   768
1944.00  0.04173  0.04183  0.00821  0.80968  -234.01991  -235.86885  4.99985   768
1945.00  0.04174  0.04183  0.00772  0.80968  -234.74318  -236.56160  4.99985   768
1946.00  0.04173  0.04183  0.00712  0.80968  -235.66786  -237.52443  4.99985   768
1947.00  0.04173  0.04183  0.00667  0.80968  -236.36519  -238.22023  4.99985   768
1948.00  0.04174  0.04183  0.00652  0.80968  -236.66731  -238.56050  4.99985   768
1949.00  0.04174  0.04183  0.00684  0.80968  -236.22176  -238.16530  4.99985   768
1950.00  0.04173  0.04183  0.00739  0.80968  -235.40541  -237.36421  4.99985   768
1951.00  0.04173  0.04183  0.00797  0.80968  -234.48225  -236.42122  4.99985   768
1952.00  0.04172  0.04183  0.00837  0.80968  -233.85054  -235.77272  4.99985   768
1953.00  0.04172  0.04183  0.00828  0.80968  -233.94209  -235.81544  4.99985   768
1954.00  0.04174  0.04183  0.00793  0.80968  -234.45937  -236.31135  4.99985   768
1955.00  0.04173  0.04183  0.00734  0.80968  -235.31538  -237.12617  4.99985   768
1956.00  0.04174  0.04183  0.00679  0.80968  -236.18819  -238.02949  4.99985   768
1957.00  0.04173  0.04183  0.00647  0.80968  -236.73140  -238.58034  4.99985   768
1958.00  0.04172  0.04183  0.00655  0.80968  -236.62611  -238.53914  4.99985   768
1959.00  0.04173  0.04183  0.00704  0.80968  -235.90590  -237.82960  4.99985   768
1960.00  0.04172  0.04183  0.00763  0.80968  -235.01479  -236.94459  4.99985   768
1961.00  0.04174  0.04183  0.00812  0.80968  -234.25185  -236.16640  4.99985   768
1962.00  0.04172  0.04183  0.00824  0.80968  -234.01991  -235.90547  4.99985   768
1963.00  0.04172  0.04183  0.00792  0.80968  -234.46699  -236.31441  4.99985   768
1964.00  0.04173  0.04183  0.00753  0.80968  -235.02852  -236.87288  4.99985   768
1965.00  0.04173  0.04183  0.00687  0.80968  -236.09358  -237.94557  4.99985   768
1966.00  0.04174  0.04183  0.00647  0.80968  -236.72377  -238.60017  4.99985   768
1967.00  0.04173  0.04183  0.00633  0.80968  -236.95265  -238.85347  4.99985   768
1968.00  0.04173  0.04183  0.00673  0.80968  -236.40486  -238.35756  4.99985   768
1969.00  0.04173  0.04183  0.00740  0.80968  -235.40694  -237.38405  4.99985   768
1970.00  0.04172  0.04183  0.00799  0.80968  -234.46242  -236.38307  4.99985   768
1971.00  0.04174  0.04183  0.00822  0.80968  -234.09315  -236.00008  4.99985   768
1972.00  0.04173  0.04183  0.00818  0.80968  -234.00313  -235.86732  4.99985   768
1973.00  0.04171  0.04183  0.00780  0.80968  -234.62874  -236.45631  4.99985   768
1974.00  0.04172  0.04183  0.00735  0.80968  -235.31996  -237.15059  4.99985   768
1975.00  0.04173  0.04183  0.00682  0.80968  -236.12410  -237.94710  4.99985   768
1976.00  0.04173  0.04183  0.00662  0.80968  -236.52541  -238.40639  4.99985   768
1977.00  0.04174  0.04183  0.00681  0.80968  -236.22023  -238.14088  4.99985   768
1978.00  0.04174  0.04183  0.00740  0.80968  -235.34437  -237.27418  4.99985   768
1979.00  0.04173  0.04183  0.00784  0.80968  -234.68825  -236.62721  4.99985   768
1980.00  0.04174  0.04183  0.00837  0.80968  -233.83681  -235.76356  4.99985   768
1981.00  0.04174  0.04183  0.00839  0.80968  -233.80476  -235.69948  4.99985   768
1982.00  0.04174  0.04183  0.00804  0.80968  -234.30525  -236.14809  4.99985   768
1983.00  0.04173  0.04183  0.00753  0.80968  -235.03004  -236.87898  4.99985   768
1984.00  0.04174  0.04183  0.00689  0.80968  -236.02949  -237.86775  4.99985   768
1985.00  0.04173  0.04183  0.00652  0.80968  -236.66579  -238.53914  4.99985   768
1986.00  0.04173  0.04183  0.00660  0.80968  -236.56813  -238.48726  4.99985   768
1987.00  0.04173  0.04183  0.00700  0.80968  -235.98982  -237.90895  4.99985   768
1988.00  0.04173  0.04183  0.00748  0.80968  -235.25282  -237.18721  4.99985   768
1989.00  0.04174  0.04183  0.00798  0.80968  -234.43190  -236.34950  4.99985   768
1990.00  0.04173  0.04183  0.00822  0.80968  -234.02602  -235.92226  4.99985   768
1991.00  0.04172  0.04183  0.00806  0.80968  -234.27168  -236.12062  4.99985   768
1992.00  0.04172  0.04183  0.00766  0.80968  -234.83473  -236.64400  4.99985   768
1993.00  0.04173  0.04183  0.00695  0.80968  -235.91353  -237.71059  4.99985   768
1994.00  0.04172  0.04183  0.00645  0.80968  -236.76649  -238.61696  4.99985   768
1995.00  0.04173  0.04183  0.00632  0.80968  -236.95723  -238.83821  4.99985   768
1996.00  0.04172  0.04183  0.00656  0.80968  -236.61696  -238.54829  4.99985   768
1997.00  0.04173  0.04183  0.00715  0.80968  -235.77467  -237.72279  4.99985   768
1998.00  0.04172  0.04183  0.00789  0.80968  -234.63484  -236.58601  4.99985   768
1999.00  0.04174  0.04183  0.00823  0.80968  -234.03822  -235.94362  4.99985   768
2000.00  0.04801  0.06440  0.00783  0.80968  -234.46852  -236.24422  4.99985   768
2001.00  0.06215  0.06440  0.01309  0.80968  -227.91029  -230.95552  4.99985   768
2002.00  0.06274  0.06440  0.02228  0.80968  -212.90327  -215.26185  4.99985   768
2003.00  0.06283  0.06440  0.01919  0.80968  -216.48451  -217.71089  4.99985   768
2004.00  0.06292  0.06440  0.02198  0.80968  -213.35646  -215.78065  4.99985   768
