ASI 600A Data File
Created: Wed May  8 14:13:39 2024
A/D Sampling Rate: 1000 Hz
Comment: Mouse CP512 Cell 3
Width 0.0692
Thick 0.0346
After Activation
Width 0.0
Thick 0.0
*** Setup Parameters ***
Length Controller: 315C
Force Transducer: 406A
Initial Length: 0.0644 mm
Minimum Length: -5 Lo
Maximum Length: 5 Lo
Fiber Length: 0.0644 mm
Initial Sarcomere Length: 0 um
Diameter: 1.91919 mm
Maximum Tetanic Tension: 3 mN
Calibrate FC step size:  -20 um
Calibrate FC ramp time:  100 ms
Calibrate FC hold time:  200 ms
Force Gain-Factor:       0.6
Force Integral-Constant: 0.26 ms
Force Filter-Constant:   0.2 ms
Constant Stiffness Range: 100
dF/dL measured at Force:  34522 adu
Fiber Stiffness (adu):    0
Fiber Stiffness (mN/mm):  0
SL Gain-Factor:           0.25
SL Integral-Constant:     0.1 ms
SL Filter-Constant:       0 ms
SL Stiffness (adu):       0.3
SL Stiffness (um/mm):     1
ADC0 Offset: -28.840 mv
ADC1 Offset: -28.840 mv
DAC0 Offset: 3.336 mv
DAC1 Offset: -3.588 mv
Panel 1 size: 2
Panel 2 size: 4
Panel 3 size: 2
Panel 4 size: 5
Panel 1 signal: 0
Panel 2 signal: 1
Panel 3 signal: 2
Panel 4 signal: 6
Background (0/1): 0
Length In color:  16395263
Force  In color:  16717330
SL     In color:  16771867
Aux1   In color:  1769257
Length Out color:  255
Force  Out color:  255
Stim   Out color:  16777215
Aux2   In  color:  16747283
Length Units: um
Force Units: mN
Time Units: ms
Sarcomere Length Units: um
Scope Display1: 0
Scope Display2: 2
AUX Channels Scope Display: 0
Scope Timebase: 1
Scope Vscale:   0
Scope Lunit:    1
Scope Lmin:     0.026370
Scope Lmax:     0.026470
Scope Funit:    0
Scope Fmin:     0.157780
Scope Fmax:     0.157960
Scope AUX1_min:     10.000000
Scope AUX1_max:     16.000000
Scope AUX2_min:     8.000000
Scope AUX2_max:     14.000000
Scope L Data Scale:     1.651868
Scope F Data Scale:     0.225000
Scope AUX1 Data Scale:     1.000000
Scope AUX2 Data Scale:     1.000000
Scope SL Data Scale:     1.000000
Scope Sunit:    0
Analysis Lunit: 4
Analysis Funit: 0
Analysis Tunit: 0
Analysis Channels: 101000000010000
Analysis Readout: 1
Analysis Gaussian Filter Kernel Size (Lin):     201
Analysis Gaussian Filter Kernel Size (Fin):     50
Analysis Gaussian Filter Kernel Size (Aux1):    201
Analysis Gaussian Filter Kernel Size (Aux2):    201
Analysis Gaussian Filter Standard Deviation (Lin):     1.0
Analysis Gaussian Filter Standard Deviation (Fin):     1.0
Analysis Gaussian Filter Standard Deviation (Aux1):    1.0
Analysis Gaussian Filter Standard Deviation (Aux2):    1.0
Aux1 Name: Aux1
Aux1 Units: C
Aux1 Scale (units/volt): 100.000000
Aux1 Offset (units): 2.000000
Aux2 Name: Aux2
Aux2 Units: mv
Aux2 Scale (units/volt): 100
Aux2 Offset (units): 0
 *** Cantilever Properties ***
Cantilever Stiffness Calculation Method: 2
Cantilever Stiffness (N/m): -1.000
Cantilever Length (um): 450.000
Cantilever Thickness (um): 2.000
Cantilever Width 1 (um): 50.000
Cantilever Width 2 (um): 50.000
Cantilever Elasticity (GPa): 160.000
 *** ASI804A Test Window Properties ***
ASI804A Vscale: 0
ASI804A Timebase: 0
ASI804A Sampling Rate: 0
ASI804A Scope L_min:     999.800000
ASI804A Scope L_max:     1000.200000
ASI804A Scope F_min:     -0.040000
ASI804A Scope F_max:     0.020000
ASI804A Scope log10Rario_min:     -0.063875
ASI804A Scope log10Ratio_max:     -0.063650
ASI804A Scope L Scale Units:    4
ASI804A Scope F Scale Units:    0
ASI804A Scope L Scale:     1.000000
ASI804A Scope F Scale:     1.000000
ASI804A Scope log10Ratio Scale:     0.500000
ASI804A Data Files Directory: /home/asi/data
ASI804A Data Files Name: atp_datafile
ASI804A Font: Liberation Sans
ASI804A Font Size: 24
ASI804A pCa Combo Size: 0
ASI804A pCa Combo Active: -1
 *** Additional devices ***
ASI802D Bath Controller: 0
ASI804A ATPase Controller: 1
*** Calibration Parameters ***
Model  LOoffset  LOscale  LIoffset  LIscale  FOoffset  FOscale  FIoffset  FIscale
Number 	mm        mm/v	   mm        mm/v     mN        mN/v     mN        mN/v
308B	 0	 0.2	 0	 0.2	 0	 1	 0	 1
312C	 0	 0.15	 0	 0.15	 0	 1	 0	 1
315C	 0	 0.15	 0	 0.15	 0	 1	 0	 1
318B	 0	 0.3	 0	 0.3	 0	 1	 0	 1
322C	 0	 0.3	 0	 0.3	 0	 1	 0	 1
340A	 0	 0.005	 0	 0.005	 0	 1	 0	 1
300C	 0	 0.5	 0	 0.5	 0	 50	 0	 50
300C-LR	 0	 0.5	 0	 0.5	 0	 100	 0	 100
305C	 0	 1	 0	 1	 0	 500	 0	 500
305C-LR	 0	 1	 0	 1	 0	 1000	 0	 1000
309C	 0	 1.25	 0	 1.25	 0	 2000	 0	 2000
310C	 0	 2	 0	 2	 0	 5000	 0	 5000
310C-LR	 0	 2	 0	 2	 0	 10000	 0	 10000
???	 0	 1	 0	 1	 0	 1	 0	 1
400A	 0	 1	 0	 1	 0	 5	 0	 5
402A	 0	 1	 0	 1	 0	 50	 0	 50
403A-CF	 0	 1	 0	 1	 0	 0.2	 0	 0.2
403A	 0	 1	 0	 1	 0	 0.5	 0	 0.5
404A	 0	 1	 0	 1	 0	 10	 0	 10
405A	 0	 1	 0	 1	 0	 1	 0	 1
406A	 0	 1	 0	 1	 0.16	 0.06497	 0.16	 0.06497
407A	 0	 1	 0	 1	 0	 100	 0	 100
470A	 0	 1	 0	 1	 0	 1	 0	 1
other	 0	 1	 0	 1	 0	 1	 0	 1
none	 0	 1	 0	 1	 0	 1	 0	 1
*** Test Protocol Parameters ***
A/D Sampling Rate: 1000 Hz
Comment: Length Discrete Sine protocol for stiffness testing
Minimum Length: -5.000 (Lo)
Maximum Length: 5.000 (Lo)
PD Deadband:    0.000000 mN
Stimulus 01: 0.3 ms 100.000 Hz 10.0 ms 50.000 Hz 0.100 s
Stimulus 02: 1.2 ms 100.000 Hz 20.0 ms 2.000 Hz 100.000 s
Stimulus 03: 1.3 ms 100.000 Hz 20.0 ms 2.000 Hz 100.000 s
Stimulus 04: 1.4 ms 100.000 Hz 20.0 ms 2.000 Hz 100.000 s
Stimulus 05: 1.5 ms 100.000 Hz 20.0 ms 2.000 Hz 100.000 s
Stimulus 06: 1.6 ms 100.000 Hz 20.0 ms 2.000 Hz 100.000 s
Stimulus 07: 1.7 ms 100.000 Hz 20.0 ms 2.000 Hz 100.000 s
Stimulus 08: 1.8 ms 100.000 Hz 20.0 ms 2.000 Hz 100.000 s
Stimulus 09: 1.9 ms 100.000 Hz 20.0 ms 2.000 Hz 100.000 s
Stimulus 10: 2.2 ms 100.000 Hz 20.0 ms 2.000 Hz 100.000 s
Time (ms)	Control Function	Options
      0.0	Data-Enable		
    200.0	Length-Step		 0.65 Lo
   2000.0	Length-Step		 1 Lo
   2005.0	Data-Disable		
      0.0	Stop		
*** Force and Length Signals vs Time ***
Time (ms)  Lin (mm)  Lout (mm)  Fin (mN)  Fout (mN)  Aux1 C  Aux2 mv  SL (um)   Stimulus/Triggers
0.00  0.06439  0.06435  0.01010  0.80968  -231.16957  -233.07344  4.99985   768
1.00  0.06440  0.06435  0.01054  0.80968  -230.53633  -232.46461  4.99985   768
2.00  0.06439  0.06435  0.01119  0.80968  -229.49110  -231.42549  4.99985   768
3.00  0.06438  0.06435  0.01166  0.80968  -228.76478  -230.65797  4.99985   768
4.00  0.06440  0.06435  0.01186  0.80968  -228.48250  -230.35280  4.99985   768
5.00  0.06438  0.06435  0.01166  0.80968  -228.68696  -230.52827  4.99985   768
6.00  0.06439  0.06435  0.01118  0.80968  -229.45601  -231.28816  4.99985   768
7.00  0.06440  0.06435  0.01061  0.80968  -230.29372  -232.11977  4.99985   768
8.00  0.06438  0.06435  0.01019  0.80968  -231.00172  -232.85371  4.99985   768
9.00  0.06440  0.06435  0.01000  0.80968  -231.30537  -233.20619  4.99985   768
10.00  0.06439  0.06435  0.01032  0.80968  -230.86592  -232.79726  4.99985   768
11.00  0.06440  0.06435  0.01094  0.80968  -229.93361  -231.88478  4.99985   768
12.00  0.06439  0.06435  0.01156  0.80968  -228.99672  -230.95094  4.99985   768
13.00  0.06438  0.06435  0.01190  0.80968  -228.38637  -230.30244  4.99985   768
14.00  0.06438  0.06435  0.01191  0.80968  -228.35280  -230.21242  4.99985   768
15.00  0.06440  0.06435  0.01155  0.80968  -228.87160  -230.70833  4.99985   768
16.00  0.06439  0.06435  0.01095  0.80968  -229.78102  -231.60249  4.99985   768
17.00  0.06439  0.06435  0.01045  0.80968  -230.55311  -232.38222  4.99985   768
18.00  0.06440  0.06435  0.01012  0.80968  -231.10853  -232.96663  4.99985   768
19.00  0.06440  0.06435  0.01022  0.80968  -230.98341  -232.86439  4.99985   768
20.00  0.06440  0.06435  0.01069  0.80968  -230.31660  -232.23268  4.99985   768
21.00  0.06440  0.06435  0.01138  0.80968  -229.21339  -231.14625  4.99985   768
22.00  0.06439  0.06435  0.01189  0.80968  -228.44740  -230.38026  4.99985   768
23.00  0.06440  0.06435  0.01200  0.80968  -228.23683  -230.11629  4.99985   768
24.00  0.06440  0.06435  0.01176  0.80968  -228.56337  -230.40925  4.99985   768
25.00  0.06440  0.06435  0.01129  0.80968  -229.26375  -231.10200  4.99985   768
26.00  0.06440  0.06435  0.01055  0.80968  -230.39900  -232.22200  4.99985   768
27.00  0.06439  0.06435  0.01007  0.80968  -231.16804  -233.03377  4.99985   768
28.00  0.06440  0.06435  0.00997  0.80968  -231.35573  -233.24892  4.99985   768
29.00  0.06440  0.06435  0.01027  0.80968  -230.93611  -232.87355  4.99985   768
30.00  0.06439  0.06435  0.01096  0.80968  -229.90767  -231.84816  4.99985   768
31.00  0.06438  0.06435  0.01159  0.80968  -228.84718  -230.80293  4.99985   768
32.00  0.06440  0.06435  0.01192  0.80968  -228.40468  -230.29634  4.99985   768
33.00  0.06441  0.06435  0.01193  0.80968  -228.30702  -230.16359  4.99985   768
34.00  0.06439  0.06435  0.01148  0.80968  -228.95094  -230.76326  4.99985   768
35.00  0.06440  0.06435  0.01088  0.80968  -229.87410  -231.69099  4.99985   768
36.00  0.06438  0.06435  0.01025  0.80968  -230.88423  -232.70570  4.99985   768
37.00  0.06440  0.06435  0.01001  0.80968  -231.28401  -233.14516  4.99985   768
38.00  0.06440  0.06435  0.01018  0.80968  -231.03072  -232.95900  4.99985   768
39.00  0.06440  0.06435  0.01066  0.80968  -230.32881  -232.25099  4.99985   768
40.00  0.06439  0.06435  0.01137  0.80968  -229.27290  -231.23170  4.99985   768
41.00  0.06439  0.06435  0.01194  0.80968  -228.36958  -230.31007  4.99985   768
42.00  0.06440  0.06435  0.01213  0.80968  -228.04152  -229.91640  4.99985   768
43.00  0.06440  0.06435  0.01185  0.80968  -228.45045  -230.29939  4.99985   768
44.00  0.06439  0.06435  0.01123  0.80968  -229.40718  -231.22560  4.99985   768
45.00  0.06440  0.06435  0.01055  0.80968  -230.36391  -232.19759  4.99985   768
46.00  0.06439  0.06435  0.01013  0.80968  -231.09022  -232.95900  4.99985   768
47.00  0.06438  0.06435  0.01001  0.80968  -231.31453  -233.20314  4.99985   768
48.00  0.06439  0.06435  0.01035  0.80968  -230.78505  -232.72096  4.99985   768
49.00  0.06439  0.06435  0.01104  0.80968  -229.77797  -231.72151  4.99985   768
50.00  0.06439  0.06435  0.01165  0.80968  -228.87160  -230.80598  4.99985   768
51.00  0.06440  0.06435  0.01210  0.80968  -228.10713  -230.02168  4.99985   768
52.00  0.06440  0.06435  0.01207  0.80968  -228.11629  -229.95912  4.99985   768
53.00  0.06440  0.06435  0.01166  0.80968  -228.69459  -230.50844  4.99985   768
54.00  0.06440  0.06435  0.01097  0.80968  -229.75661  -231.55977  4.99985   768
55.00  0.06440  0.06435  0.01031  0.80968  -230.76826  -232.60805  4.99985   768
56.00  0.06438  0.06435  0.01001  0.80968  -231.30080  -233.16957  4.99985   768
57.00  0.06440  0.06435  0.01005  0.80968  -231.21535  -233.09938  4.99985   768
58.00  0.06438  0.06435  0.01062  0.80968  -230.44630  -232.41121  4.99985   768
59.00  0.06440  0.06435  0.01126  0.80968  -229.41786  -231.36140  4.99985   768
60.00  0.06439  0.06435  0.01184  0.80968  -228.53438  -230.47182  4.99985   768
61.00  0.06439  0.06435  0.01210  0.80968  -228.11781  -230.04152  4.99985   768
62.00  0.06438  0.06435  0.01190  0.80968  -228.37263  -230.22462  4.99985   768
63.00  0.06438  0.06435  0.01140  0.80968  -229.11574  -230.97078  4.99985   768
64.00  0.06440  0.06435  0.01067  0.80968  -230.14113  -231.95802  4.99985   768
65.00  0.06439  0.06435  0.01015  0.80968  -231.07344  -232.92238  4.99985   768
66.00  0.06440  0.06435  0.01004  0.80968  -231.23213  -233.11922  4.99985   768
67.00  0.06439  0.06435  0.01036  0.80968  -230.82320  -232.73775  4.99985   768
68.00  0.06439  0.06435  0.01097  0.80968  -229.88173  -231.81917  4.99985   768
69.00  0.06440  0.06435  0.01162  0.80968  -228.89296  -230.82277  4.99985   768
70.00  0.06440  0.06435  0.01200  0.80968  -228.25819  -230.15291  4.99985   768
71.00  0.06440  0.06435  0.01204  0.80968  -228.14070  -230.02626  4.99985   768
72.00  0.06440  0.06435  0.01169  0.80968  -228.67628  -230.49776  4.99985   768
73.00  0.06439  0.06435  0.01099  0.80968  -229.67573  -231.50178  4.99985   768
74.00  0.06439  0.06435  0.01031  0.80968  -230.75301  -232.59279  4.99985   768
75.00  0.06439  0.06435  0.01007  0.80968  -231.20467  -233.08412  4.99985   768
76.00  0.06438  0.06435  0.01015  0.80968  -231.10548  -233.03224  4.99985   768
77.00  0.06438  0.06435  0.01070  0.80968  -230.33644  -232.27998  4.99985   768
78.00  0.06439  0.06435  0.01130  0.80968  -229.39192  -231.33852  4.99985   768
79.00  0.06438  0.06435  0.01174  0.80968  -228.66255  -230.58931  4.99985   768
80.00  0.06438  0.06435  0.01191  0.80968  -228.37874  -230.25972  4.99985   768
81.00  0.06439  0.06435  0.01177  0.80968  -228.54658  -230.40468  4.99985   768
82.00  0.06438  0.06435  0.01126  0.80968  -229.30800  -231.12642  4.99985   768
83.00  0.06439  0.06435  0.01066  0.80968  -230.20827  -232.03279  4.99985   768
84.00  0.06439  0.06435  0.01019  0.80968  -231.00325  -232.86134  4.99985   768
85.00  0.06440  0.06435  0.01010  0.80968  -231.13600  -233.00478  4.99985   768
86.00  0.06438  0.06435  0.01041  0.80968  -230.70418  -232.60805  4.99985   768
87.00  0.06438  0.06435  0.01100  0.80968  -229.82527  -231.75508  4.99985   768
88.00  0.06440  0.06435  0.01159  0.80968  -228.93568  -230.86397  4.99985   768
89.00  0.06439  0.06435  0.01193  0.80968  -228.35280  -230.25362  4.99985   768
90.00  0.06440  0.06435  0.01195  0.80968  -228.34364  -230.21547  4.99985   768
91.00  0.06439  0.06435  0.01154  0.80968  -228.87923  -230.73122  4.99985   768
92.00  0.06440  0.06435  0.01102  0.80968  -229.66048  -231.48958  4.99985   768
93.00  0.06439  0.06435  0.01045  0.80968  -230.58821  -232.44478  4.99985   768
94.00  0.06440  0.06435  0.01008  0.80968  -231.18635  -233.05513  4.99985   768
95.00  0.06439  0.06435  0.01019  0.80968  -231.08107  -233.00020  4.99985   768
96.00  0.06438  0.06435  0.01070  0.80968  -230.28761  -232.22963  4.99985   768
97.00  0.06439  0.06435  0.01136  0.80968  -229.23628  -231.18135  4.99985   768
98.00  0.06439  0.06435  0.01180  0.80968  -228.58015  -230.49776  4.99985   768
99.00  0.06438  0.06435  0.01190  0.80968  -228.39094  -230.27193  4.99985   768
100.00  0.06439  0.06435  0.01164  0.80968  -228.71596  -230.55269  4.99985   768
101.00  0.06439  0.06435  0.01119  0.80968  -229.46974  -231.29579  4.99985   768
102.00  0.06440  0.06435  0.01065  0.80968  -230.24489  -232.06789  4.99985   768
103.00  0.06440  0.06435  0.01021  0.80968  -230.93611  -232.77742  4.99985   768
104.00  0.06439  0.06435  0.01018  0.80968  -231.05665  -232.93001  4.99985   768
105.00  0.06439  0.06435  0.01044  0.80968  -230.65077  -232.57448  4.99985   768
106.00  0.06439  0.06435  0.01096  0.80968  -229.90462  -231.84816  4.99985   768
107.00  0.06437  0.06435  0.01153  0.80968  -229.03792  -230.97993  4.99985   768
108.00  0.06438  0.06435  0.01187  0.80968  -228.45198  -230.34669  4.99985   768
109.00  0.06439  0.06435  0.01175  0.80968  -228.57100  -230.43977  4.99985   768
110.00  0.06438  0.06435  0.01139  0.80968  -229.14778  -230.99824  4.99985   768
111.00  0.06439  0.06435  0.01078  0.80968  -230.04347  -231.88478  4.99985   768
112.00  0.06440  0.06435  0.01026  0.80968  -230.86592  -232.71028  4.99985   768
113.00  0.06438  0.06435  0.01015  0.80968  -231.13142  -233.00478  4.99985   768
114.00  0.06440  0.06435  0.01032  0.80968  -230.80641  -232.69960  4.99985   768
115.00  0.06438  0.06435  0.01082  0.80968  -230.11824  -232.04347  4.99985   768
116.00  0.06439  0.06435  0.01145  0.80968  -229.14931  -231.06843  4.99985   768
117.00  0.06439  0.06435  0.01187  0.80968  -228.46266  -230.38179  4.99985   768
118.00  0.06439  0.06435  0.01193  0.80968  -228.31160  -230.16969  4.99985   768
119.00  0.06439  0.06435  0.01165  0.80968  -228.71443  -230.55574  4.99985   768
120.00  0.06438  0.06435  0.01114  0.80968  -229.52467  -231.33699  4.99985   768
121.00  0.06437  0.06435  0.01046  0.80968  -230.53786  -232.34865  4.99985   768
122.00  0.06438  0.06435  0.01006  0.80968  -231.18788  -233.04140  4.99985   768
123.00  0.06438  0.06435  0.01020  0.80968  -231.03377  -232.94374  4.99985   768
124.00  0.06439  0.06435  0.01057  0.80968  -230.48292  -232.40816  4.99985   768
125.00  0.06438  0.06435  0.01118  0.80968  -229.61012  -231.58266  4.99985   768
126.00  0.06438  0.06435  0.01172  0.80968  -228.69154  -230.61677  4.99985   768
127.00  0.06439  0.06435  0.01190  0.80968  -228.41841  -230.31618  4.99985   768
128.00  0.06439  0.06435  0.01178  0.80968  -228.54506  -230.40925  4.99985   768
129.00  0.06438  0.06435  0.01126  0.80968  -229.33394  -231.15541  4.99985   768
130.00  0.06439  0.06435  0.01060  0.80968  -230.33949  -232.16554  4.99985   768
131.00  0.06440  0.06435  0.01007  0.80968  -231.13295  -232.97121  4.99985   768
132.00  0.06441  0.06435  0.00996  0.80968  -231.42592  -233.32216  4.99985   768
133.00  0.06438  0.06435  0.01014  0.80968  -231.14973  -233.06276  4.99985   768
134.00  0.06439  0.06435  0.01088  0.80968  -230.01906  -231.95955  4.99985   768
135.00  0.06438  0.06435  0.01144  0.80968  -229.12642  -231.04249  4.99985   768
136.00  0.06438  0.06435  0.01192  0.80968  -228.38331  -230.30244  4.99985   768
137.00  0.06438  0.06435  0.01191  0.80968  -228.29329  -230.15596  4.99985   768
138.00  0.06440  0.06435  0.01164  0.80968  -228.75410  -230.59541  4.99985   768
139.00  0.06438  0.06435  0.01116  0.80968  -229.46516  -231.30037  4.99985   768
140.00  0.06440  0.06435  0.01048  0.80968  -230.49666  -232.32118  4.99985   768
141.00  0.06438  0.06435  0.01004  0.80968  -231.19398  -233.05055  4.99985   768
142.00  0.06438  0.06435  0.01016  0.80968  -231.12837  -233.05513  4.99985   768
143.00  0.06439  0.06435  0.01061  0.80968  -230.43562  -232.38527  4.99985   768
144.00  0.06439  0.06435  0.01129  0.80968  -229.37056  -231.32936  4.99985   768
145.00  0.06439  0.06435  0.01196  0.80968  -228.38331  -230.33754  4.99985   768
146.00  0.06439  0.06435  0.01213  0.80968  -228.03236  -229.94081  4.99985   768
147.00  0.06440  0.06435  0.01195  0.80968  -228.30855  -230.16359  4.99985   768
148.00  0.06440  0.06435  0.01153  0.80968  -228.89296  -230.72053  4.99985   768
149.00  0.06439  0.06435  0.01086  0.80968  -229.91530  -231.70167  4.99985   768
150.00  0.06438  0.06435  0.01027  0.80968  -230.82777  -232.64619  4.99985   768
151.00  0.06440  0.06435  0.01003  0.80968  -231.21840  -233.07649  4.99985   768
152.00  0.06438  0.06435  0.01024  0.80968  -230.97731  -232.89186  4.99985   768
153.00  0.06439  0.06435  0.01087  0.80968  -230.05873  -231.99007  4.99985   768
154.00  0.06439  0.06435  0.01160  0.80968  -228.93568  -230.87770  4.99985   768
155.00  0.06440  0.06435  0.01204  0.80968  -228.20631  -230.11934  4.99985   768
156.00  0.06438  0.06435  0.01210  0.80968  -228.07051  -229.94691  4.99985   768
157.00  0.06439  0.06435  0.01169  0.80968  -228.62593  -230.46419  4.99985   768
158.00  0.06439  0.06435  0.01103  0.80968  -229.68336  -231.50636  4.99985   768
159.00  0.06440  0.06435  0.01041  0.80968  -230.64162  -232.50276  4.99985   768
160.00  0.06437  0.06435  0.01002  0.80968  -231.25502  -233.11616  4.99985   768
161.00  0.06439  0.06435  0.01002  0.80968  -231.30690  -233.22145  4.99985   768
162.00  0.06439  0.06435  0.01054  0.80968  -230.56532  -232.52260  4.99985   768
163.00  0.06438  0.06435  0.01120  0.80968  -229.50636  -231.44990  4.99985   768
164.00  0.06439  0.06435  0.01176  0.80968  -228.60457  -230.54201  4.99985   768
165.00  0.06438  0.06435  0.01203  0.80968  -228.22310  -230.11781  4.99985   768
166.00  0.06439  0.06435  0.01199  0.80968  -228.26277  -230.13612  4.99985   768
167.00  0.06438  0.06435  0.01145  0.80968  -229.00435  -230.80293  4.99985   768
168.00  0.06439  0.06435  0.01081  0.80968  -229.97481  -231.78560  4.99985   768
169.00  0.06441  0.06435  0.01031  0.80968  -230.79726  -232.63704  4.99985   768
170.00  0.06439  0.06435  0.01005  0.80968  -231.22450  -233.08717  4.99985   768
171.00  0.06439  0.06435  0.01031  0.80968  -230.83845  -232.75301  4.99985   768
172.00  0.06439  0.06435  0.01099  0.80968  -229.88020  -231.83137  4.99985   768
173.00  0.06438  0.06435  0.01163  0.80968  -228.91737  -230.85176  4.99985   768
174.00  0.06439  0.06435  0.01203  0.80968  -228.26124  -230.17580  4.99985   768
175.00  0.06437  0.06435  0.01211  0.80968  -228.06135  -229.95149  4.99985   768
176.00  0.06439  0.06435  0.01180  0.80968  -228.51454  -230.37263  4.99985   768
177.00  0.06439  0.06435  0.01120  0.80968  -229.40871  -231.22102  4.99985   768
178.00  0.06440  0.06435  0.01048  0.80968  -230.55006  -232.37764  4.99985   768
179.00  0.06438  0.06435  0.01011  0.80968  -231.08259  -232.94527  4.99985   768
180.00  0.06439  0.06435  0.01008  0.80968  -231.21840  -233.09938  4.99985   768
181.00  0.06439  0.06435  0.01053  0.80968  -230.50429  -232.45546  4.99985   768
182.00  0.06440  0.06435  0.01123  0.80968  -229.50178  -231.43159  4.99985   768
183.00  0.06439  0.06435  0.01174  0.80968  -228.71901  -230.64424  4.99985   768
184.00  0.06439  0.06435  0.01199  0.80968  -228.26735  -230.14833  4.99985   768
185.00  0.06439  0.06435  0.01191  0.80968  -228.37569  -230.22920  4.99985   768
186.00  0.06439  0.06435  0.01142  0.80968  -229.05318  -230.85329  4.99985   768
187.00  0.06440  0.06435  0.01078  0.80968  -230.01295  -231.83137  4.99985   768
188.00  0.06438  0.06435  0.01036  0.80968  -230.70418  -232.53633  4.99985   768
189.00  0.06440  0.06435  0.01013  0.80968  -231.07191  -232.93306  4.99985   768
190.00  0.06438  0.06435  0.01038  0.80968  -230.75606  -232.67519  4.99985   768
191.00  0.06439  0.06435  0.01091  0.80968  -229.98396  -231.92903  4.99985   768
192.00  0.06439  0.06435  0.01159  0.80968  -228.92958  -230.87617  4.99985   768
193.00  0.06439  0.06435  0.01194  0.80968  -228.36653  -230.30397  4.99985   768
194.00  0.06438  0.06435  0.01204  0.80968  -228.10866  -229.98964  4.99985   768
195.00  0.06439  0.06435  0.01180  0.80968  -228.49776  -230.35432  4.99985   768
196.00  0.06439  0.06435  0.01116  0.80968  -229.43617  -231.26070  4.99985   768
197.00  0.06439  0.06435  0.01055  0.80968  -230.41731  -232.24489  4.99985   768
198.00  0.06439  0.06435  0.01015  0.80968  -231.09480  -232.93458  4.99985   768
199.00  0.06440  0.06435  0.01019  0.80968  -231.03529  -232.94679  4.99985   768
200.00  0.05841  0.04183  0.01070  0.80968  -230.31966  -232.28914  4.99985   768
201.00  0.04433  0.04183  0.01022  0.80968  -230.85219  -232.58211  4.99985   768
202.00  0.04328  0.04183  0.00950  0.80968  -231.98744  -233.80739  4.99985   768
203.00  0.04299  0.04183  0.01009  0.80968  -231.29927  -233.27791  4.99985   768
204.00  0.04283  0.04183  0.00930  0.80968  -232.24989  -233.98439  4.99985   768
205.00  0.04271  0.04183  0.00831  0.80968  -233.85664  -235.66133  4.99985   768
206.00  0.04261  0.04183  0.00831  0.80968  -233.85359  -235.71168  4.99985   768
207.00  0.04254  0.04183  0.00722  0.80968  -235.43288  -237.22688  4.99985   768
208.00  0.04246  0.04183  0.00700  0.80968  -235.96999  -237.89827  4.99985   768
209.00  0.04242  0.04183  0.00772  0.80968  -234.89424  -236.82710  4.99985   768
210.00  0.04237  0.04183  0.00768  0.80968  -234.90492  -236.81337  4.99985   768
211.00  0.04232  0.04183  0.00852  0.80968  -233.74373  -235.75899  4.99985   768
212.00  0.04229  0.04183  0.00907  0.80968  -232.67866  -234.55202  4.99985   768
213.00  0.04225  0.04183  0.00865  0.80968  -233.41414  -235.28749  4.99985   768
214.00  0.04224  0.04183  0.00873  0.80968  -233.24629  -235.15779  4.99985   768
215.00  0.04222  0.04183  0.00793  0.80968  -234.35255  -236.12825  4.99985   768
216.00  0.04221  0.04183  0.00736  0.80968  -235.32606  -237.18874  4.99985   768
217.00  0.04219  0.04183  0.00745  0.80968  -235.21773  -237.08955  4.99985   768
218.00  0.04218  0.04183  0.00717  0.80968  -235.65413  -237.50764  4.99985   768
219.00  0.04218  0.04183  0.00790  0.80968  -234.64552  -236.62263  4.99985   768
220.00  0.04217  0.04183  0.00866  0.80968  -233.42940  -235.33021  4.99985   768
221.00  0.04215  0.04183  0.00884  0.80968  -233.12727  -235.03572  4.99985   768
222.00  0.04215  0.04183  0.00939  0.80968  -232.31703  -234.24989  4.99985   768
223.00  0.04214  0.04183  0.00900  0.80968  -232.78090  -234.59932  4.99985   768
224.00  0.04213  0.04183  0.00833  0.80968  -233.84596  -235.68574  4.99985   768
225.00  0.04213  0.04183  0.00789  0.80968  -234.51887  -236.36323  4.99985   768
226.00  0.04212  0.04183  0.00727  0.80968  -235.45119  -237.28944  4.99985   768
227.00  0.04212  0.04183  0.00727  0.80968  -235.58699  -237.52443  4.99985   768
228.00  0.04211  0.04183  0.00772  0.80968  -234.80116  -236.74165  4.99985   768
229.00  0.04211  0.04183  0.00816  0.80968  -234.27931  -236.23201  4.99985   768
230.00  0.04210  0.04183  0.00893  0.80968  -233.02504  -234.98537  4.99985   768
231.00  0.04210  0.04183  0.00911  0.80968  -232.69850  -234.55812  4.99985   768
232.00  0.04211  0.04183  0.00899  0.80968  -232.85567  -234.71681  4.99985   768
233.00  0.04209  0.04183  0.00872  0.80968  -233.22340  -235.05556  4.99985   768
234.00  0.04209  0.04183  0.00790  0.80968  -234.45937  -236.26405  4.99985   768
235.00  0.04210  0.04183  0.00743  0.80968  -235.22230  -237.07429  4.99985   768
236.00  0.04210  0.04183  0.00715  0.80968  -235.64955  -237.48933  4.99985   768
237.00  0.04210  0.04183  0.00714  0.80968  -235.73042  -237.62819  4.99985   768
238.00  0.04207  0.04183  0.00789  0.80968  -234.60890  -236.58906  4.99985   768
239.00  0.04207  0.04183  0.00855  0.80968  -233.64455  -235.57130  4.99985   768
240.00  0.04208  0.04183  0.00892  0.80968  -232.97163  -234.88466  4.99985   768
241.00  0.04208  0.04183  0.00918  0.80968  -232.65272  -234.55812  4.99985   768
242.00  0.04208  0.04183  0.00882  0.80968  -233.07234  -234.91975  4.99985   768
243.00  0.04207  0.04183  0.00829  0.80968  -233.91615  -235.76509  4.99985   768
244.00  0.04207  0.04183  0.00774  0.80968  -234.70045  -236.53413  4.99985   768
245.00  0.04207  0.04183  0.00719  0.80968  -235.57326  -237.42525  4.99985   768
246.00  0.04208  0.04183  0.00716  0.80968  -235.64192  -237.53969  4.99985   768
247.00  0.04206  0.04183  0.00767  0.80968  -235.00258  -236.95375  4.99985   768
248.00  0.04207  0.04183  0.00826  0.80968  -234.08858  -236.04585  4.99985   768
249.00  0.04207  0.04183  0.00900  0.80968  -232.90449  -234.85261  4.99985   768
250.00  0.04207  0.04183  0.00930  0.80968  -232.37959  -234.25905  4.99985   768
251.00  0.04206  0.04183  0.00924  0.80968  -232.45131  -234.31093  4.99985   768
252.00  0.04205  0.04183  0.00882  0.80968  -233.08150  -234.90297  4.99985   768
253.00  0.04206  0.04183  0.00804  0.80968  -234.22896  -236.03670  4.99985   768
254.00  0.04207  0.04183  0.00755  0.80968  -235.03157  -236.88509  4.99985   768
255.00  0.04205  0.04183  0.00732  0.80968  -235.41151  -237.28334  4.99985   768
256.00  0.04207  0.04183  0.00751  0.80968  -235.19789  -237.10329  4.99985   768
257.00  0.04206  0.04183  0.00810  0.80968  -234.30678  -236.25490  4.99985   768
258.00  0.04206  0.04183  0.00874  0.80968  -233.28291  -235.23103  4.99985   768
259.00  0.04206  0.04183  0.00912  0.80968  -232.72139  -234.63136  4.99985   768
260.00  0.04205  0.04183  0.00933  0.80968  -232.36586  -234.27736  4.99985   768
261.00  0.04205  0.04183  0.00905  0.80968  -232.70308  -234.56270  4.99985   768
262.00  0.04205  0.04183  0.00848  0.80968  -233.60792  -235.44313  4.99985   768
263.00  0.04205  0.04183  0.00780  0.80968  -234.64857  -236.50056  4.99985   768
264.00  0.04205  0.04183  0.00731  0.80968  -235.45576  -237.30928  4.99985   768
265.00  0.04205  0.04183  0.00733  0.80968  -235.40846  -237.29707  4.99985   768
266.00  0.04205  0.04183  0.00771  0.80968  -234.86677  -236.79201  4.99985   768
267.00  0.04205  0.04183  0.00838  0.80968  -233.90242  -235.84444  4.99985   768
268.00  0.04204  0.04183  0.00901  0.80968  -232.86177  -234.77327  4.99985   768
269.00  0.04205  0.04183  0.00929  0.80968  -232.40095  -234.27583  4.99985   768
270.00  0.04204  0.04183  0.00918  0.80968  -232.58253  -234.45436  4.99985   768
271.00  0.04204  0.04183  0.00881  0.80968  -233.09676  -234.91365  4.99985   768
272.00  0.04205  0.04183  0.00818  0.80968  -234.02296  -235.82765  4.99985   768
273.00  0.04203  0.04183  0.00754  0.80968  -235.00563  -236.83778  4.99985   768
274.00  0.04203  0.04183  0.00727  0.80968  -235.44813  -237.32301  4.99985   768
275.00  0.04203  0.04183  0.00744  0.80968  -235.30623  -237.22841  4.99985   768
276.00  0.04204  0.04183  0.00801  0.80968  -234.45326  -236.41817  4.99985   768
277.00  0.04203  0.04183  0.00875  0.80968  -233.30275  -235.28139  4.99985   768
278.00  0.04202  0.04183  0.00935  0.80968  -232.39027  -234.33992  4.99985   768
279.00  0.04203  0.04183  0.00937  0.80968  -232.27125  -234.16597  4.99985   768
280.00  0.04204  0.04183  0.00914  0.80968  -232.55202  -234.41469  4.99985   768
281.00  0.04204  0.04183  0.00858  0.80968  -233.42329  -235.24934  4.99985   768
282.00  0.04202  0.04183  0.00794  0.80968  -234.44716  -236.25490  4.99985   768
283.00  0.04203  0.04183  0.00755  0.80968  -235.03004  -236.88814  4.99985   768
284.00  0.04203  0.04183  0.00747  0.80968  -235.22841  -237.10176  4.99985   768
285.00  0.04202  0.04183  0.00785  0.80968  -234.68214  -236.60127  4.99985   768
286.00  0.04203  0.04183  0.00846  0.80968  -233.72237  -235.65370  4.99985   768
287.00  0.04203  0.04183  0.00908  0.80968  -232.79158  -234.73512  4.99985   768
288.00  0.04203  0.04183  0.00949  0.80968  -232.11714  -234.02864  4.99985   768
289.00  0.04202  0.04183  0.00937  0.80968  -232.26515  -234.11561  4.99985   768
290.00  0.04202  0.04183  0.00893  0.80968  -232.93043  -234.75496  4.99985   768
291.00  0.04202  0.04183  0.00826  0.80968  -233.89326  -235.71779  4.99985   768
292.00  0.04202  0.04183  0.00771  0.80968  -234.80879  -236.66688  4.99985   768
293.00  0.04201  0.04183  0.00744  0.80968  -235.22688  -237.09566  4.99985   768
294.00  0.04202  0.04183  0.00761  0.80968  -235.02547  -236.94459  4.99985   768
295.00  0.04202  0.04183  0.00815  0.80968  -234.23659  -236.18471  4.99985   768
296.00  0.04201  0.04183  0.00877  0.80968  -233.29054  -235.25545  4.99985   768
297.00  0.04201  0.04183  0.00928  0.80968  -232.48793  -234.39638  4.99985   768
298.00  0.04201  0.04183  0.00933  0.80968  -232.33534  -234.21175  4.99985   768
299.00  0.04200  0.04183  0.00907  0.80968  -232.68477  -234.54744  4.99985   768
300.00  0.04202  0.04183  0.00857  0.80968  -233.45381  -235.26765  4.99985   768
301.00  0.04201  0.04183  0.00791  0.80968  -234.41817  -236.23659  4.99985   768
302.00  0.04201  0.04183  0.00753  0.80968  -235.06514  -236.92171  4.99985   768
303.00  0.04202  0.04183  0.00753  0.80968  -235.13686  -237.01936  4.99985   768
304.00  0.04202  0.04183  0.00788  0.80968  -234.58449  -236.51582  4.99985   768
305.00  0.04201  0.04183  0.00847  0.80968  -233.71779  -235.66286  4.99985   768
306.00  0.04200  0.04183  0.00904  0.80968  -232.82362  -234.74885  4.99985   768
307.00  0.04202  0.04183  0.00931  0.80968  -232.39943  -234.30330  4.99985   768
308.00  0.04200  0.04183  0.00924  0.80968  -232.48640  -234.35823  4.99985   768
309.00  0.04201  0.04183  0.00876  0.80968  -233.14253  -234.98994  4.99985   768
310.00  0.04201  0.04183  0.00814  0.80968  -234.11452  -235.95430  4.99985   768
311.00  0.04201  0.04183  0.00761  0.80968  -234.92781  -236.80574  4.99985   768
312.00  0.04202  0.04183  0.00740  0.80968  -235.26198  -237.14296  4.99985   768
313.00  0.04200  0.04183  0.00762  0.80968  -234.99647  -236.91103  4.99985   768
314.00  0.04200  0.04183  0.00814  0.80968  -234.18318  -236.14503  4.99985   768
315.00  0.04202  0.04183  0.00879  0.80968  -233.25239  -235.20051  4.99985   768
316.00  0.04201  0.04183  0.00927  0.80968  -232.50471  -234.40706  4.99985   768
317.00  0.04199  0.04183  0.00925  0.80968  -232.43147  -234.30940  4.99985   768
318.00  0.04199  0.04183  0.00898  0.80968  -232.83888  -234.68629  4.99985   768
319.00  0.04201  0.04183  0.00849  0.80968  -233.54689  -235.36684  4.99985   768
320.00  0.04199  0.04183  0.00782  0.80968  -234.61348  -236.43953  4.99985   768
321.00  0.04201  0.04183  0.00745  0.80968  -235.24977  -237.10634  4.99985   768
322.00  0.04201  0.04183  0.00747  0.80968  -235.22383  -237.10176  4.99985   768
323.00  0.04200  0.04183  0.00792  0.80968  -234.56465  -236.50667  4.99985   768
324.00  0.04200  0.04183  0.00862  0.80968  -233.48891  -235.44313  4.99985   768
325.00  0.04200  0.04183  0.00915  0.80968  -232.68782  -234.62526  4.99985   768
326.00  0.04199  0.04183  0.00933  0.80968  -232.35823  -234.26363  4.99985   768
327.00  0.04199  0.04183  0.00919  0.80968  -232.54896  -234.42384  4.99985   768
328.00  0.04199  0.04183  0.00872  0.80968  -233.20204  -235.04640  4.99985   768
329.00  0.04199  0.04183  0.00813  0.80968  -234.15114  -235.98634  4.99985   768
330.00  0.04200  0.04183  0.00756  0.80968  -235.00563  -236.85457  4.99985   768
331.00  0.04200  0.04183  0.00737  0.80968  -235.29707  -237.16432  4.99985   768
332.00  0.04199  0.04183  0.00757  0.80968  -235.09566  -237.02852  4.99985   768
333.00  0.04199  0.04183  0.00817  0.80968  -234.20607  -236.15419  4.99985   768
334.00  0.04199  0.04183  0.00879  0.80968  -233.22188  -235.15779  4.99985   768
335.00  0.04199  0.04183  0.00926  0.80968  -232.45741  -234.34907  4.99985   768
336.00  0.04198  0.04183  0.00934  0.80968  -232.29109  -234.16444  4.99985   768
337.00  0.04200  0.04183  0.00897  0.80968  -232.88313  -234.70918  4.99985   768
338.00  0.04200  0.04183  0.00836  0.80968  -233.76662  -235.57741  4.99985   768
339.00  0.04199  0.04183  0.00781  0.80968  -234.63789  -236.50362  4.99985   768
340.00  0.04200  0.04183  0.00744  0.80968  -235.23756  -237.08955  4.99985   768
341.00  0.04199  0.04183  0.00748  0.80968  -235.19179  -237.08650  4.99985   768
342.00  0.04198  0.04183  0.00789  0.80968  -234.59212  -236.53871  4.99985   768
343.00  0.04199  0.04183  0.00862  0.80968  -233.49806  -235.46144  4.99985   768
344.00  0.04199  0.04183  0.00922  0.80968  -232.62221  -234.57490  4.99985   768
345.00  0.04199  0.04183  0.00944  0.80968  -232.22700  -234.15529  4.99985   768
346.00  0.04198  0.04183  0.00923  0.80968  -232.43910  -234.30177  4.99985   768
347.00  0.04199  0.04183  0.00873  0.80968  -233.13948  -234.96248  4.99985   768
348.00  0.04199  0.04183  0.00803  0.80968  -234.23506  -236.05196  4.99985   768
349.00  0.04198  0.04183  0.00753  0.80968  -235.10329  -236.94459  4.99985   768
350.00  0.04199  0.04183  0.00734  0.80968  -235.38252  -237.24367  4.99985   768
351.00  0.04198  0.04183  0.00768  0.80968  -234.91408  -236.85304  4.99985   768
352.00  0.04199  0.04183  0.00826  0.80968  -234.04890  -235.98329  4.99985   768
353.00  0.04198  0.04183  0.00884  0.80968  -233.11201  -235.03725  4.99985   768
354.00  0.04198  0.04183  0.00929  0.80968  -232.39485  -234.29567  4.99985   768
355.00  0.04199  0.04183  0.00934  0.80968  -232.36891  -234.25142  4.99985   768
356.00  0.04198  0.04183  0.00896  0.80968  -232.85261  -234.69240  4.99985   768
357.00  0.04198  0.04183  0.00835  0.80968  -233.75441  -235.58046  4.99985   768
358.00  0.04198  0.04183  0.00780  0.80968  -234.60890  -236.45174  4.99985   768
359.00  0.04200  0.04183  0.00747  0.80968  -235.16737  -237.02394  4.99985   768
360.00  0.04198  0.04183  0.00747  0.80968  -235.25435  -237.16585  4.99985   768
361.00  0.04198  0.04183  0.00790  0.80968  -234.66994  -236.61348  4.99985   768
362.00  0.04197  0.04183  0.00862  0.80968  -233.48280  -235.45686  4.99985   768
363.00  0.04197  0.04183  0.00922  0.80968  -232.55354  -234.49098  4.99985   768
364.00  0.04197  0.04183  0.00949  0.80968  -232.07289  -233.97371  4.99985   768
365.00  0.04197  0.04183  0.00932  0.80968  -232.36739  -234.21937  4.99985   768
366.00  0.04197  0.04183  0.00883  0.80968  -233.04488  -234.87550  4.99985   768
367.00  0.04197  0.04183  0.00821  0.80968  -233.99702  -235.82460  4.99985   768
368.00  0.04197  0.04183  0.00766  0.80968  -234.83015  -236.65468  4.99985   768
369.00  0.04197  0.04183  0.00747  0.80968  -235.24519  -237.11702  4.99985   768
370.00  0.04197  0.04183  0.00774  0.80968  -234.79658  -236.71419  4.99985   768
371.00  0.04198  0.04183  0.00834  0.80968  -233.95430  -235.88411  4.99985   768
372.00  0.04198  0.04183  0.00900  0.80968  -232.86330  -234.81752  4.99985   768
373.00  0.04196  0.04183  0.00934  0.80968  -232.29567  -234.20259  4.99985   768
374.00  0.04198  0.04183  0.00935  0.80968  -232.32161  -234.19496  4.99985   768
375.00  0.04196  0.04183  0.00894  0.80968  -232.88313  -234.73970  4.99985   768
376.00  0.04196  0.04183  0.00833  0.80968  -233.78035  -235.61250  4.99985   768
377.00  0.04195  0.04183  0.00776  0.80968  -234.71724  -236.56465  4.99985   768
378.00  0.04196  0.04183  0.00748  0.80968  -235.19331  -237.05751  4.99985   768
379.00  0.04197  0.04183  0.00749  0.80968  -235.21010  -237.13686  4.99985   768
380.00  0.04197  0.04183  0.00796  0.80968  -234.51430  -236.46242  4.99985   768
381.00  0.04197  0.04183  0.00859  0.80968  -233.52553  -235.45228  4.99985   768
382.00  0.04196  0.04183  0.00914  0.80968  -232.69850  -234.62678  4.99985   768
383.00  0.04196  0.04183  0.00932  0.80968  -232.38112  -234.27125  4.99985   768
384.00  0.04197  0.04183  0.00916  0.80968  -232.56728  -234.41469  4.99985   768
385.00  0.04197  0.04183  0.00860  0.80968  -233.38667  -235.20051  4.99985   768
386.00  0.04196  0.04183  0.00807  0.80968  -234.18623  -236.01381  4.99985   768
387.00  0.04196  0.04183  0.00758  0.80968  -234.97206  -236.80727  4.99985   768
388.00  0.04197  0.04183  0.00751  0.80968  -235.17805  -237.07277  4.99985   768
389.00  0.04197  0.04183  0.00789  0.80968  -234.61806  -236.56465  4.99985   768
390.00  0.04196  0.04183  0.00851  0.80968  -233.65218  -235.58504  4.99985   768
391.00  0.04196  0.04183  0.00909  0.80968  -232.80073  -234.74885  4.99985   768
392.00  0.04197  0.04183  0.00947  0.80968  -232.15529  -234.07594  4.99985   768
393.00  0.04196  0.04183  0.00948  0.80968  -232.12630  -234.01491  4.99985   768
394.00  0.04195  0.04183  0.00910  0.80968  -232.65578  -234.51082  4.99985   768
395.00  0.04196  0.04183  0.00859  0.80968  -233.46297  -235.30885  4.99985   768
396.00  0.04196  0.04183  0.00793  0.80968  -234.44868  -236.28694  4.99985   768
397.00  0.04195  0.04183  0.00755  0.80968  -235.06666  -236.94002  4.99985   768
398.00  0.04197  0.04183  0.00767  0.80968  -234.90187  -236.82252  4.99985   768
399.00  0.04196  0.04183  0.00823  0.80968  -234.10689  -236.04585  4.99985   768
400.00  0.04197  0.04183  0.00889  0.80968  -233.09370  -235.02809  4.99985   768
401.00  0.04195  0.04183  0.00932  0.80968  -232.34145  -234.25447  4.99985   768
402.00  0.04196  0.04183  0.00951  0.80968  -232.11714  -233.99049  4.99985   768
403.00  0.04196  0.04183  0.00925  0.80968  -232.39943  -234.23006  4.99985   768
404.00  0.04195  0.04183  0.00873  0.80968  -233.20204  -235.02351  4.99985   768
405.00  0.04196  0.04183  0.00812  0.80968  -234.11299  -235.94209  4.99985   768
406.00  0.04195  0.04183  0.00763  0.80968  -234.91560  -236.73860  4.99985   768
407.00  0.04195  0.04183  0.00744  0.80968  -235.22383  -237.10786  4.99985   768
408.00  0.04195  0.04183  0.00775  0.80968  -234.81489  -236.75081  4.99985   768
409.00  0.04197  0.04183  0.00840  0.80968  -233.84138  -235.81392  4.99985   768
410.00  0.04196  0.04183  0.00902  0.80968  -232.88161  -234.84041  4.99985   768
411.00  0.04196  0.04183  0.00944  0.80968  -232.20106  -234.12630  4.99985   768
412.00  0.04195  0.04183  0.00938  0.80968  -232.24684  -234.11409  4.99985   768
413.00  0.04195  0.04183  0.00894  0.80968  -232.87398  -234.69392  4.99985   768
414.00  0.04195  0.04183  0.00831  0.80968  -233.86122  -235.69795  4.99985   768
415.00  0.04194  0.04183  0.00771  0.80968  -234.83473  -236.66078  4.99985   768
416.00  0.04194  0.04183  0.00753  0.80968  -235.12312  -237.00410  4.99985   768
417.00  0.04195  0.04183  0.00767  0.80968  -234.90034  -236.80269  4.99985   768
418.00  0.04196  0.04183  0.00815  0.80968  -234.25795  -236.18623  4.99985   768
419.00  0.04195  0.04183  0.00883  0.80968  -233.12880  -235.06776  4.99985   768
420.00  0.04194  0.04183  0.00938  0.80968  -232.30635  -234.20869  4.99985   768
421.00  0.04195  0.04183  0.00962  0.80968  -231.90199  -233.79976  4.99985   768
422.00  0.04194  0.04183  0.00938  0.80968  -232.26820  -234.11104  4.99985   768
423.00  0.04194  0.04183  0.00884  0.80968  -233.00368  -234.83736  4.99985   768
424.00  0.04195  0.04183  0.00810  0.80968  -234.18623  -236.00618  4.99985   768
425.00  0.04195  0.04183  0.00764  0.80968  -234.90034  -236.75081  4.99985   768
426.00  0.04194  0.04183  0.00762  0.80968  -234.97206  -236.89119  4.99985   768
427.00  0.04194  0.04183  0.00803  0.80968  -234.41359  -236.35255  4.99985   768
428.00  0.04196  0.04183  0.00867  0.80968  -233.40956  -235.37904  4.99985   768
429.00  0.04195  0.04183  0.00921  0.80968  -232.58864  -234.52608  4.99985   768
430.00  0.04194  0.04183  0.00953  0.80968  -232.08205  -233.99812  4.99985   768
431.00  0.04195  0.04183  0.00942  0.80968  -232.20106  -234.07594  4.99985   768
432.00  0.04195  0.04183  0.00903  0.80968  -232.69850  -234.53371  4.99985   768
433.00  0.04195  0.04183  0.00838  0.80968  -233.69490  -235.50569  4.99985   768
434.00  0.04194  0.04183  0.00775  0.80968  -234.74928  -236.57381  4.99985   768
435.00  0.04194  0.04183  0.00745  0.80968  -235.20094  -237.07124  4.99985   768
436.00  0.04195  0.04183  0.00766  0.80968  -234.90034  -236.79201  4.99985   768
437.00  0.04195  0.04183  0.00817  0.80968  -234.19691  -236.13740  4.99985   768
438.00  0.04194  0.04183  0.00876  0.80968  -233.28444  -235.21425  4.99985   768
439.00  0.04194  0.04183  0.00917  0.80968  -232.59169  -234.50624  4.99985   768
440.00  0.04194  0.04183  0.00927  0.80968  -232.44826  -234.34907  4.99985   768
441.00  0.04194  0.04183  0.00913  0.80968  -232.66188  -234.53371  4.99985   768
442.00  0.04194  0.04183  0.00866  0.80968  -233.31190  -235.13643  4.99985   768
443.00  0.04194  0.04183  0.00800  0.80968  -234.30983  -236.14656  4.99985   768
444.00  0.04194  0.04183  0.00758  0.80968  -235.03615  -236.90340  4.99985   768
445.00  0.04194  0.04183  0.00756  0.80968  -235.06972  -236.97206  4.99985   768
446.00  0.04194  0.04183  0.00789  0.80968  -234.61043  -236.56923  4.99985   768
447.00  0.04194  0.04183  0.00860  0.80968  -233.59572  -235.54689  4.99985   768
448.00  0.04194  0.04183  0.00920  0.80968  -232.62373  -234.54896  4.99985   768
449.00  0.04195  0.04183  0.00951  0.80968  -232.07289  -233.97066  4.99985   768
450.00  0.04194  0.04183  0.00939  0.80968  -232.19343  -234.04390  4.99985   768
451.00  0.04194  0.04183  0.00894  0.80968  -232.85719  -234.68782  4.99985   768
452.00  0.04194  0.04183  0.00835  0.80968  -233.81392  -235.62624  4.99985   768
453.00  0.04194  0.04183  0.00781  0.80968  -234.65468  -236.48073  4.99985   768
454.00  0.04193  0.04183  0.00751  0.80968  -235.10329  -236.96596  4.99985   768
455.00  0.04194  0.04183  0.00763  0.80968  -235.00410  -236.91103  4.99985   768
456.00  0.04193  0.04183  0.00815  0.80968  -234.21370  -236.15877  4.99985   768
457.00  0.04194  0.04183  0.00881  0.80968  -233.20204  -235.15779  4.99985   768
458.00  0.04194  0.04183  0.00932  0.80968  -232.39485  -234.32008  4.99985   768
459.00  0.04194  0.04183  0.00942  0.80968  -232.21480  -234.10188  4.99985   768
460.00  0.04194  0.04183  0.00909  0.80968  -232.66951  -234.53218  4.99985   768
461.00  0.04194  0.04183  0.00850  0.80968  -233.51942  -235.34547  4.99985   768
462.00  0.04193  0.04183  0.00789  0.80968  -234.51277  -236.35408  4.99985   768
463.00  0.04194  0.04183  0.00743  0.80968  -235.22841  -237.09108  4.99985   768
464.00  0.04193  0.04183  0.00746  0.80968  -235.26198  -237.14296  4.99985   768
465.00  0.04193  0.04183  0.00787  0.80968  -234.62874  -236.55855  4.99985   768
466.00  0.04193  0.04183  0.00851  0.80968  -233.67049  -235.61555  4.99985   768
467.00  0.04193  0.04183  0.00906  0.80968  -232.81447  -234.72597  4.99985   768
468.00  0.04193  0.04183  0.00934  0.80968  -232.33229  -234.22700  4.99985   768
469.00  0.04193  0.04183  0.00927  0.80968  -232.39027  -234.26057  4.99985   768
470.00  0.04194  0.04183  0.00883  0.80968  -233.04488  -234.86177  4.99985   768
471.00  0.04193  0.04183  0.00821  0.80968  -233.99397  -235.82002  4.99985   768
472.00  0.04193  0.04183  0.00770  0.80968  -234.78743  -236.63026  4.99985   768
473.00  0.04193  0.04183  0.00744  0.80968  -235.21620  -237.08192  4.99985   768
474.00  0.04194  0.04183  0.00767  0.80968  -234.97511  -236.90950  4.99985   768
475.00  0.04194  0.04183  0.00824  0.80968  -234.09926  -236.05806  4.99985   768
476.00  0.04193  0.04183  0.00893  0.80968  -232.98689  -234.93501  4.99985   768
477.00  0.04194  0.04183  0.00936  0.80968  -232.37349  -234.30482  4.99985   768
478.00  0.04193  0.04183  0.00943  0.80968  -232.19649  -234.08815  4.99985   768
479.00  0.04193  0.04183  0.00918  0.80968  -232.53981  -234.39790  4.99985   768
480.00  0.04193  0.04183  0.00861  0.80968  -233.38362  -235.20204  4.99985   768
481.00  0.04193  0.04183  0.00800  0.80968  -234.32356  -236.15266  4.99985   768
482.00  0.04193  0.04183  0.00760  0.80968  -234.93849  -236.80574  4.99985   768
483.00  0.04193  0.04183  0.00759  0.80968  -235.04683  -236.94612  4.99985   768
484.00  0.04192  0.04183  0.00803  0.80968  -234.39528  -236.32509  4.99985   768
485.00  0.04193  0.04183  0.00874  0.80968  -233.32259  -235.25392  4.99985   768
486.00  0.04194  0.04183  0.00929  0.80968  -232.43910  -234.35823  4.99985   768
487.00  0.04193  0.04183  0.00952  0.80968  -232.07899  -233.97371  4.99985   768
488.00  0.04194  0.04183  0.00947  0.80968  -232.10188  -233.94624  4.99985   768
489.00  0.04192  0.04183  0.00888  0.80968  -232.94722  -234.75648  4.99985   768
490.00  0.04194  0.04183  0.00821  0.80968  -233.99702  -235.81544  4.99985   768
491.00  0.04193  0.04183  0.00768  0.80968  -234.80116  -236.66078  4.99985   768
492.00  0.04192  0.04183  0.00744  0.80968  -235.26808  -237.12770  4.99985   768
493.00  0.04192  0.04183  0.00769  0.80968  -234.92781  -236.86372  4.99985   768
494.00  0.04193  0.04183  0.00831  0.80968  -233.96040  -235.92378  4.99985   768
495.00  0.04192  0.04183  0.00901  0.80968  -232.88161  -234.85567  4.99985   768
496.00  0.04194  0.04183  0.00945  0.80968  -232.23769  -234.14308  4.99985   768
497.00  0.04193  0.04183  0.00951  0.80968  -232.03780  -233.94166  4.99985   768
498.00  0.04194  0.04183  0.00919  0.80968  -232.46962  -234.30940  4.99985   768
499.00  0.04192  0.04183  0.00849  0.80968  -233.60335  -235.41109  4.99985   768
500.00  0.04193  0.04183  0.00786  0.80968  -234.50056  -236.31441  4.99985   768
501.00  0.04193  0.04183  0.00748  0.80968  -235.17195  -237.01784  4.99985   768
502.00  0.04193  0.04183  0.00754  0.80968  -235.11244  -237.01784  4.99985   768
503.00  0.04193  0.04183  0.00797  0.80968  -234.47157  -236.38307  4.99985   768
504.00  0.04193  0.04183  0.00870  0.80968  -233.39430  -235.33937  4.99985   768
505.00  0.04192  0.04183  0.00934  0.80968  -232.39180  -234.33687  4.99985   768
506.00  0.04192  0.04183  0.00974  0.80968  -231.75856  -233.65327  4.99985   768
507.00  0.04193  0.04183  0.00954  0.80968  -231.96760  -233.82722  4.99985   768
508.00  0.04192  0.04183  0.00903  0.80968  -232.79768  -234.64204  4.99985   768
509.00  0.04193  0.04183  0.00834  0.80968  -233.79713  -235.62776  4.99985   768
510.00  0.04192  0.04183  0.00767  0.80968  -234.83778  -236.68214  4.99985   768
511.00  0.04194  0.04183  0.00748  0.80968  -235.23146  -237.13228  4.99985   768
512.00  0.04193  0.04183  0.00771  0.80968  -234.82558  -236.75691  4.99985   768
513.00  0.04192  0.04183  0.00835  0.80968  -233.91920  -235.87953  4.99985   768
514.00  0.04191  0.04183  0.00896  0.80968  -232.97163  -234.91670  4.99985   768
515.00  0.04192  0.04183  0.00946  0.80968  -232.18581  -234.08662  4.99985   768
516.00  0.04193  0.04183  0.00959  0.80968  -231.91420  -233.79518  4.99985   768
517.00  0.04193  0.04183  0.00934  0.80968  -232.27431  -234.11409  4.99985   768
518.00  0.04193  0.04183  0.00870  0.80968  -233.26308  -235.07082  4.99985   768
519.00  0.04193  0.04183  0.00801  0.80968  -234.28999  -236.10231  4.99985   768
520.00  0.04193  0.04183  0.00740  0.80968  -235.23146  -237.05446  4.99985   768
521.00  0.04193  0.04183  0.00741  0.80968  -235.31081  -237.20857  4.99985   768
522.00  0.04191  0.04183  0.00788  0.80968  -234.58449  -236.50514  4.99985   768
523.00  0.04191  0.04183  0.00849  0.80968  -233.66896  -235.61403  4.99985   768
524.00  0.04191  0.04183  0.00918  0.80968  -232.65120  -234.59932  4.99985   768
525.00  0.04192  0.04183  0.00943  0.80968  -232.22243  -234.13393  4.99985   768
526.00  0.04192  0.04183  0.00940  0.80968  -232.24226  -234.11867  4.99985   768
527.00  0.04191  0.04183  0.00892  0.80968  -232.93349  -234.77327  4.99985   768
528.00  0.04193  0.04183  0.00838  0.80968  -233.74220  -235.57283  4.99985   768
529.00  0.04193  0.04183  0.00784  0.80968  -234.61958  -236.49141  4.99985   768
530.00  0.04191  0.04183  0.00752  0.80968  -235.10176  -236.97359  4.99985   768
531.00  0.04192  0.04183  0.00773  0.80968  -234.80727  -236.73097  4.99985   768
532.00  0.04192  0.04183  0.00831  0.80968  -233.96956  -235.91768  4.99985   768
533.00  0.04192  0.04183  0.00900  0.80968  -232.93959  -234.87703  4.99985   768
534.00  0.04192  0.04183  0.00941  0.80968  -232.22700  -234.12935  4.99985   768
535.00  0.04192  0.04183  0.00951  0.80968  -232.05000  -233.89894  4.99985   768
536.00  0.04192  0.04183  0.00926  0.80968  -232.43452  -234.28346  4.99985   768
537.00  0.04190  0.04183  0.00870  0.80968  -233.24019  -235.04945  4.99985   768
538.00  0.04191  0.04183  0.00816  0.80968  -234.07637  -235.91463  4.99985   768
539.00  0.04191  0.04183  0.00777  0.80968  -234.70656  -236.56923  4.99985   768
540.00  0.04191  0.04183  0.00769  0.80968  -234.86677  -236.74776  4.99985   768
541.00  0.04191  0.04183  0.00801  0.80968  -234.42732  -236.38155  4.99985   768
542.00  0.04192  0.04183  0.00866  0.80968  -233.43855  -235.41109  4.99985   768
543.00  0.04191  0.04183  0.00915  0.80968  -232.66035  -234.58559  4.99985   768
544.00  0.04191  0.04183  0.00940  0.80968  -232.27583  -234.20259  4.99985   768
545.00  0.04192  0.04183  0.00930  0.80968  -232.36128  -234.23006  4.99985   768
546.00  0.04192  0.04183  0.00880  0.80968  -233.09218  -234.92433  4.99985   768
547.00  0.04189  0.04183  0.00819  0.80968  -234.06264  -235.87495  4.99985   768
548.00  0.04191  0.04183  0.00767  0.80968  -234.87135  -236.70503  4.99985   768
549.00  0.04192  0.04183  0.00742  0.80968  -235.26961  -237.13380  4.99985   768
550.00  0.04192  0.04183  0.00765  0.80968  -234.95070  -236.85152  4.99985   768
551.00  0.04191  0.04183  0.00823  0.80968  -234.10384  -236.03364  4.99985   768
552.00  0.04192  0.04183  0.00890  0.80968  -233.00215  -234.92891  4.99985   768
553.00  0.04191  0.04183  0.00917  0.80968  -232.61458  -234.50471  4.99985   768
554.00  0.04192  0.04183  0.00930  0.80968  -232.43147  -234.31245  4.99985   768
555.00  0.04191  0.04183  0.00896  0.80968  -232.88618  -234.71376  4.99985   768
556.00  0.04191  0.04183  0.00841  0.80968  -233.67659  -235.51027  4.99985   768
557.00  0.04192  0.04183  0.00784  0.80968  -234.56160  -236.40138  4.99985   768
558.00  0.04191  0.04183  0.00751  0.80968  -235.14143  -237.03310  4.99985   768
559.00  0.04191  0.04183  0.00763  0.80968  -234.97664  -236.89271  4.99985   768
560.00  0.04191  0.04183  0.00806  0.80968  -234.36171  -236.29152  4.99985   768
561.00  0.04192  0.04183  0.00863  0.80968  -233.50416  -235.45686  4.99985   768
562.00  0.04191  0.04183  0.00928  0.80968  -232.52302  -234.47877  4.99985   768
563.00  0.04190  0.04183  0.00948  0.80968  -232.11104  -234.00575  4.99985   768
564.00  0.04191  0.04183  0.00930  0.80968  -232.31703  -234.16749  4.99985   768
565.00  0.04190  0.04183  0.00883  0.80968  -233.04182  -234.85109  4.99985   768
566.00  0.04190  0.04183  0.00823  0.80968  -233.96040  -235.79713  4.99985   768
567.00  0.04191  0.04183  0.00784  0.80968  -234.59669  -236.45021  4.99985   768
568.00  0.04191  0.04183  0.00770  0.80968  -234.85609  -236.75386  4.99985   768
569.00  0.04192  0.04183  0.00794  0.80968  -234.49599  -236.39680  4.99985   768
570.00  0.04191  0.04183  0.00852  0.80968  -233.63692  -235.56520  4.99985   768
571.00  0.04191  0.04183  0.00908  0.80968  -232.75038  -234.68324  4.99985   768
572.00  0.04192  0.04183  0.00948  0.80968  -232.15681  -234.06374  4.99985   768
573.00  0.04191  0.04183  0.00948  0.80968  -232.08968  -233.96760  4.99985   768
574.00  0.04191  0.04183  0.00901  0.80968  -232.72749  -234.55812  4.99985   768
575.00  0.04191  0.04183  0.00841  0.80968  -233.70863  -235.55452  4.99985   768
576.00  0.04191  0.04183  0.00783  0.80968  -234.62111  -236.47157  4.99985   768
577.00  0.04191  0.04183  0.00744  0.80968  -235.21620  -237.08192  4.99985   768
578.00  0.04191  0.04183  0.00748  0.80968  -235.19942  -237.11244  4.99985   768
579.00  0.04192  0.04183  0.00800  0.80968  -234.42274  -236.38307  4.99985   768
580.00  0.04191  0.04183  0.00866  0.80968  -233.44771  -235.41566  4.99985   768
581.00  0.04191  0.04183  0.00915  0.80968  -232.67409  -234.58406  4.99985   768
582.00  0.04189  0.04183  0.00931  0.80968  -232.33992  -234.24531  4.99985   768
583.00  0.04190  0.04183  0.00917  0.80968  -232.55659  -234.40858  4.99985   768
584.00  0.04190  0.04183  0.00860  0.80968  -233.39278  -235.21577  4.99985   768
585.00  0.04191  0.04183  0.00793  0.80968  -234.40901  -236.21828  4.99985   768
586.00  0.04190  0.04183  0.00753  0.80968  -235.06209  -236.90034  4.99985   768
587.00  0.04190  0.04183  0.00747  0.80968  -235.16432  -237.04835  4.99985   768
588.00  0.04191  0.04183  0.00782  0.80968  -234.71724  -236.64552  4.99985   768
589.00  0.04191  0.04183  0.00837  0.80968  -233.93141  -235.90089  4.99985   768
590.00  0.04191  0.04183  0.00907  0.80968  -232.82057  -234.74733  4.99985   768
591.00  0.04190  0.04183  0.00940  0.80968  -232.25294  -234.16292  4.99985   768
592.00  0.04191  0.04183  0.00942  0.80968  -232.20259  -234.08815  4.99985   768
593.00  0.04190  0.04183  0.00908  0.80968  -232.63747  -234.49098  4.99985   768
594.00  0.04191  0.04183  0.00844  0.80968  -233.69490  -235.52858  4.99985   768
595.00  0.04189  0.04183  0.00794  0.80968  -234.45326  -236.29762  4.99985   768
596.00  0.04191  0.04183  0.00763  0.80968  -234.93544  -236.82710  4.99985   768
597.00  0.04190  0.04183  0.00774  0.80968  -234.84846  -236.75844  4.99985   768
598.00  0.04189  0.04183  0.00817  0.80968  -234.19386  -236.14198  4.99985   768
599.00  0.04189  0.04183  0.00884  0.80968  -233.17763  -235.10744  4.99985   768
600.00  0.04190  0.04183  0.00937  0.80968  -232.29109  -234.19954  4.99985   768
601.00  0.04191  0.04183  0.00949  0.80968  -232.10341  -233.96303  4.99985   768
602.00  0.04192  0.04183  0.00932  0.80968  -232.33992  -234.21022  4.99985   768
603.00  0.04191  0.04183  0.00878  0.80968  -233.09676  -234.89534  4.99985   768
604.00  0.04189  0.04183  0.00811  0.80968  -234.17555  -235.97414  4.99985   768
605.00  0.04191  0.04183  0.00759  0.80968  -234.94459  -236.79506  4.99985   768
606.00  0.04191  0.04183  0.00750  0.80968  -235.19179  -237.08955  4.99985   768
607.00  0.04191  0.04183  0.00781  0.80968  -234.70961  -236.64552  4.99985   768
608.00  0.04190  0.04183  0.00843  0.80968  -233.78645  -235.74068  4.99985   768
609.00  0.04190  0.04183  0.00908  0.80968  -232.76717  -234.71071  4.99985   768
610.00  0.04189  0.04183  0.00939  0.80968  -232.28804  -234.21480  4.99985   768
611.00  0.04190  0.04183  0.00940  0.80968  -232.26973  -234.15987  4.99985   768
612.00  0.04190  0.04183  0.00902  0.80968  -232.78700  -234.63289  4.99985   768
613.00  0.04190  0.04183  0.00832  0.80968  -233.83986  -235.66286  4.99985   768
614.00  0.04191  0.04183  0.00770  0.80968  -234.81337  -236.66231  4.99985   768
615.00  0.04191  0.04183  0.00738  0.80968  -235.33064  -237.19026  4.99985   768
616.00  0.04189  0.04183  0.00750  0.80968  -235.19331  -237.09108  4.99985   768
617.00  0.04190  0.04183  0.00813  0.80968  -234.25795  -236.19997  4.99985   768
618.00  0.04191  0.04183  0.00884  0.80968  -233.12575  -235.07234  4.99985   768
619.00  0.04191  0.04183  0.00942  0.80968  -232.28194  -234.19801  4.99985   768
620.00  0.04189  0.04183  0.00960  0.80968  -231.92641  -233.80434  4.99985   768
621.00  0.04189  0.04183  0.00935  0.80968  -232.25905  -234.11561  4.99985   768
622.00  0.04189  0.04183  0.00887  0.80968  -232.98689  -234.81447  4.99985   768
623.00  0.04190  0.04183  0.00824  0.80968  -233.98939  -235.81239  4.99985   768
624.00  0.04189  0.04183  0.00767  0.80968  -234.84846  -236.69740  4.99985   768
625.00  0.04189  0.04183  0.00755  0.80968  -235.08345  -236.98122  4.99985   768
626.00  0.04190  0.04183  0.00786  0.80968  -234.68825  -236.63484  4.99985   768
627.00  0.04189  0.04183  0.00858  0.80968  -233.57283  -235.54994  4.99985   768
628.00  0.04190  0.04183  0.00928  0.80968  -232.50929  -234.45589  4.99985   768
629.00  0.04189  0.04183  0.00959  0.80968  -231.95998  -233.86842  4.99985   768
630.00  0.04190  0.04183  0.00947  0.80968  -232.08052  -233.95082  4.99985   768
631.00  0.04190  0.04183  0.00905  0.80968  -232.70308  -234.55202  4.99985   768
632.00  0.04190  0.04183  0.00849  0.80968  -233.59267  -235.40193  4.99985   768
633.00  0.04189  0.04183  0.00782  0.80968  -234.60127  -236.43648  4.99985   768
634.00  0.04190  0.04183  0.00752  0.80968  -235.10329  -236.96291  4.99985   768
635.00  0.04190  0.04183  0.00760  0.80968  -235.02394  -236.91560  4.99985   768
636.00  0.04190  0.04183  0.00812  0.80968  -234.23659  -236.17555  4.99985   768
637.00  0.04189  0.04183  0.00882  0.80968  -233.16542  -235.10438  4.99985   768
638.00  0.04189  0.04183  0.00928  0.80968  -232.45131  -234.36739  4.99985   768
639.00  0.04190  0.04183  0.00942  0.80968  -232.18886  -234.05916  4.99985   768
640.00  0.04190  0.04183  0.00922  0.80968  -232.45131  -234.31093  4.99985   768
641.00  0.04189  0.04183  0.00865  0.80968  -233.36378  -235.19136  4.99985   768
642.00  0.04191  0.04183  0.00809  0.80968  -234.18928  -236.04280  4.99985   768
643.00  0.04190  0.04183  0.00764  0.80968  -234.92323  -236.80269  4.99985   768
644.00  0.04190  0.04183  0.00755  0.80968  -235.07429  -236.97206  4.99985   768
645.00  0.04190  0.04183  0.00789  0.80968  -234.58754  -236.52193  4.99985   768
646.00  0.04189  0.04183  0.00857  0.80968  -233.59877  -235.56367  4.99985   768
647.00  0.04188  0.04183  0.00919  0.80968  -232.63594  -234.56422  4.99985   768
648.00  0.04189  0.04183  0.00955  0.80968  -232.03169  -233.92641  4.99985   768
649.00  0.04191  0.04183  0.00951  0.80968  -232.03932  -233.91115  4.99985   768
650.00  0.04190  0.04183  0.00909  0.80968  -232.65578  -234.48640  4.99985   768
651.00  0.04188  0.04183  0.00852  0.80968  -233.51332  -235.32716  4.99985   768
652.00  0.04190  0.04183  0.00796  0.80968  -234.35255  -236.17708  4.99985   768
653.00  0.04190  0.04183  0.00763  0.80968  -234.92628  -236.77827  4.99985   768
654.00  0.04189  0.04183  0.00784  0.80968  -234.66688  -236.59059  4.99985   768
655.00  0.04191  0.04183  0.00829  0.80968  -234.03059  -235.96345  4.99985   768
656.00  0.04190  0.04183  0.00888  0.80968  -233.06624  -235.01436  4.99985   768
657.00  0.04189  0.04183  0.00934  0.80968  -232.37044  -234.28957  4.99985   768
658.00  0.04190  0.04183  0.00951  0.80968  -232.09578  -233.98134  4.99985   768
659.00  0.04190  0.04183  0.00923  0.80968  -232.43300  -234.27583  4.99985   768
660.00  0.04189  0.04183  0.00866  0.80968  -233.35615  -235.19594  4.99985   768
661.00  0.04190  0.04183  0.00801  0.80968  -234.28694  -236.13130  4.99985   768
662.00  0.04189  0.04183  0.00756  0.80968  -235.06819  -236.92323  4.99985   768
663.00  0.04189  0.04183  0.00752  0.80968  -235.10023  -237.00105  4.99985   768
664.00  0.04189  0.04183  0.00787  0.80968  -234.71266  -236.65468  4.99985   768
665.00  0.04190  0.04183  0.00856  0.80968  -233.62166  -235.58504  4.99985   768
666.00  0.04189  0.04183  0.00916  0.80968  -232.66035  -234.57948  4.99985   768
667.00  0.04189  0.04183  0.00941  0.80968  -232.23463  -234.14308  4.99985   768
668.00  0.04189  0.04183  0.00932  0.80968  -232.28651  -234.14003  4.99985   768
669.00  0.04189  0.04183  0.00894  0.80968  -232.92586  -234.75191  4.99985   768
670.00  0.04189  0.04183  0.00830  0.80968  -233.85359  -235.67812  4.99985   768
671.00  0.04189  0.04183  0.00776  0.80968  -234.70656  -236.53871  4.99985   768
672.00  0.04188  0.04183  0.00757  0.80968  -235.01326  -236.89882  4.99985   768
673.00  0.04189  0.04183  0.00770  0.80968  -234.84236  -236.74013  4.99985   768
674.00  0.04190  0.04183  0.00829  0.80968  -234.02907  -235.98482  4.99985   768
675.00  0.04189  0.04183  0.00897  0.80968  -232.97926  -234.93501  4.99985   768
676.00  0.04189  0.04183  0.00936  0.80968  -232.31093  -234.24074  4.99985   768
677.00  0.04188  0.04183  0.00950  0.80968  -232.08357  -233.96608  4.99985   768
678.00  0.04189  0.04183  0.00921  0.80968  -232.50777  -234.37654  4.99985   768
679.00  0.04188  0.04183  0.00858  0.80968  -233.45228  -235.27986  4.99985   768
680.00  0.04188  0.04183  0.00802  0.80968  -234.29304  -236.12367  4.99985   768
681.00  0.04188  0.04183  0.00758  0.80968  -235.05598  -236.92171  4.99985   768
682.00  0.04188  0.04183  0.00754  0.80968  -235.13991  -237.02394  4.99985   768
683.00  0.04188  0.04183  0.00800  0.80968  -234.45631  -236.36934  4.99985   768
684.00  0.04188  0.04183  0.00863  0.80968  -233.43550  -235.37752  4.99985   768
685.00  0.04190  0.04183  0.00921  0.80968  -232.57643  -234.50014  4.99985   768
686.00  0.04188  0.04183  0.00941  0.80968  -232.19038  -234.05305  4.99985   768
687.00  0.04190  0.04183  0.00925  0.80968  -232.40401  -234.26363  4.99985   768
688.00  0.04188  0.04183  0.00881  0.80968  -233.06319  -234.88618  4.99985   768
689.00  0.04189  0.04183  0.00813  0.80968  -234.13588  -235.95735  4.99985   768
690.00  0.04189  0.04183  0.00764  0.80968  -234.91408  -236.75691  4.99985   768
691.00  0.04188  0.04183  0.00739  0.80968  -235.32301  -237.20552  4.99985   768
692.00  0.04189  0.04183  0.00761  0.80968  -235.05446  -236.99190  4.99985   768
693.00  0.04188  0.04183  0.00818  0.80968  -234.17403  -236.12978  4.99985   768
694.00  0.04189  0.04183  0.00883  0.80968  -233.20662  -235.17610  4.99985   768
695.00  0.04188  0.04183  0.00935  0.80968  -232.36128  -234.28804  4.99985   768
696.00  0.04189  0.04183  0.00937  0.80968  -232.23769  -234.13087  4.99985   768
697.00  0.04187  0.04183  0.00902  0.80968  -232.82667  -234.65883  4.99985   768
698.00  0.04188  0.04183  0.00846  0.80968  -233.65370  -235.47517  4.99985   768
699.00  0.04189  0.04183  0.00788  0.80968  -234.49599  -236.32509  4.99985   768
700.00  0.04188  0.04183  0.00747  0.80968  -235.13075  -236.97664  4.99985   768
701.00  0.04187  0.04183  0.00750  0.80968  -235.17042  -237.05446  4.99985   768
702.00  0.04189  0.04183  0.00804  0.80968  -234.41817  -236.36781  4.99985   768
703.00  0.04188  0.04183  0.00872  0.80968  -233.31953  -235.26308  4.99985   768
704.00  0.04188  0.04183  0.00932  0.80968  -232.41316  -234.32771  4.99985   768
705.00  0.04189  0.04183  0.00950  0.80968  -232.08662  -233.95235  4.99985   768
706.00  0.04187  0.04183  0.00928  0.80968  -232.35365  -234.19954  4.99985   768
707.00  0.04188  0.04183  0.00888  0.80968  -233.02656  -234.86024  4.99985   768
708.00  0.04188  0.04183  0.00816  0.80968  -234.03059  -235.85359  4.99985   768
709.00  0.04188  0.04183  0.00768  0.80968  -234.86372  -236.72182  4.99985   768
710.00  0.04188  0.04183  0.00748  0.80968  -235.21315  -237.09413  4.99985   768
711.00  0.04187  0.04183  0.00769  0.80968  -234.89729  -236.82405  4.99985   768
712.00  0.04188  0.04183  0.00834  0.80968  -233.96651  -235.93751  4.99985   768
713.00  0.04188  0.04183  0.00915  0.80968  -232.73817  -234.71376  4.99985   768
714.00  0.04187  0.04183  0.00954  0.80968  -232.00728  -233.89436  4.99985   768
715.00  0.04187  0.04183  0.00952  0.80968  -232.04542  -233.91572  4.99985   768
716.00  0.04188  0.04183  0.00914  0.80968  -232.60237  -234.43300  4.99985   768
717.00  0.04187  0.04183  0.00852  0.80968  -233.51332  -235.34090  4.99985   768
718.00  0.04189  0.04183  0.00786  0.80968  -234.54176  -236.34950  4.99985   768
719.00  0.04188  0.04183  0.00755  0.80968  -235.06514  -236.91713  4.99985   768
720.00  0.04187  0.04183  0.00756  0.80968  -235.08650  -236.97511  4.99985   768
721.00  0.04188  0.04183  0.00805  0.80968  -234.37392  -236.30067  4.99985   768
722.00  0.04188  0.04183  0.00879  0.80968  -233.26613  -235.21272  4.99985   768
723.00  0.04188  0.04183  0.00945  0.80968  -232.20106  -234.16139  4.99985   768
724.00  0.04189  0.04183  0.00964  0.80968  -231.86384  -233.76161  4.99985   768
725.00  0.04187  0.04183  0.00947  0.80968  -232.10493  -233.97371  4.99985   768
726.00  0.04188  0.04183  0.00900  0.80968  -232.74123  -234.58406  4.99985   768
727.00  0.04187  0.04183  0.00827  0.80968  -233.90089  -235.72999  4.99985   768
728.00  0.04189  0.04183  0.00773  0.80968  -234.78438  -236.63332  4.99985   768
729.00  0.04189  0.04183  0.00754  0.80968  -235.06972  -236.97359  4.99985   768
730.00  0.04188  0.04183  0.00779  0.80968  -234.74470  -236.67909  4.99985   768
731.00  0.04188  0.04183  0.00845  0.80968  -233.80629  -235.74678  4.99985   768
732.00  0.04188  0.04183  0.00907  0.80968  -232.76411  -234.70613  4.99985   768
733.00  0.04188  0.04183  0.00955  0.80968  -232.01491  -233.92641  4.99985   768
734.00  0.04188  0.04183  0.00956  0.80968  -231.95845  -233.81959  4.99985   768
735.00  0.04188  0.04183  0.00922  0.80968  -232.47114  -234.29872  4.99985   768
736.00  0.04187  0.04183  0.00862  0.80968  -233.38972  -235.21120  4.99985   768
737.00  0.04187  0.04183  0.00794  0.80968  -234.41054  -236.22591  4.99985   768
738.00  0.04187  0.04183  0.00764  0.80968  -234.90950  -236.79353  4.99985   768
739.00  0.04188  0.04183  0.00778  0.80968  -234.76149  -236.66994  4.99985   768
740.00  0.04189  0.04183  0.00817  0.80968  -234.13740  -236.04738  4.99985   768
741.00  0.04188  0.04183  0.00882  0.80968  -233.25697  -235.21730  4.99985   768
742.00  0.04187  0.04183  0.00945  0.80968  -232.20869  -234.15529  4.99985   768
743.00  0.04188  0.04183  0.00955  0.80968  -231.99965  -233.89131  4.99985   768
744.00  0.04187  0.04183  0.00945  0.80968  -232.15987  -234.02254  4.99985   768
745.00  0.04188  0.04183  0.00892  0.80968  -232.92433  -234.76717  4.99985   768
746.00  0.04188  0.04183  0.00825  0.80968  -233.94362  -235.78035  4.99985   768
747.00  0.04186  0.04183  0.00780  0.80968  -234.58906  -236.42274  4.99985   768
748.00  0.04188  0.04183  0.00760  0.80968  -235.01784  -236.92323  4.99985   768
749.00  0.04187  0.04183  0.00789  0.80968  -234.64552  -236.56465  4.99985   768
750.00  0.04188  0.04183  0.00845  0.80968  -233.72999  -235.65065  4.99985   768
751.00  0.04188  0.04183  0.00916  0.80968  -232.68629  -234.62068  4.99985   768
752.00  0.04189  0.04183  0.00956  0.80968  -231.99202  -233.89589  4.99985   768
753.00  0.04190  0.04183  0.00950  0.80968  -232.09425  -233.95082  4.99985   768
754.00  0.04188  0.04183  0.00906  0.80968  -232.64052  -234.46657  4.99985   768
755.00  0.04187  0.04183  0.00845  0.80968  -233.62929  -235.44008  4.99985   768
756.00  0.04187  0.04183  0.00785  0.80968  -234.56007  -236.40291  4.99985   768
757.00  0.04187  0.04183  0.00758  0.80968  -234.98274  -236.85762  4.99985   768
758.00  0.04187  0.04183  0.00768  0.80968  -234.95222  -236.87135  4.99985   768
759.00  0.04187  0.04183  0.00817  0.80968  -234.20454  -236.16182  4.99985   768
760.00  0.04187  0.04183  0.00882  0.80968  -233.17457  -235.13795  4.99985   768
761.00  0.04188  0.04183  0.00922  0.80968  -232.53828  -234.45283  4.99985   768
762.00  0.04190  0.04183  0.00952  0.80968  -232.06831  -233.97829  4.99985   768
763.00  0.04187  0.04183  0.00930  0.80968  -232.41621  -234.24837  4.99985   768
764.00  0.04187  0.04183  0.00874  0.80968  -233.11659  -234.95180  4.99985   768
765.00  0.04189  0.04183  0.00813  0.80968  -234.15419  -235.97871  4.99985   768
766.00  0.04188  0.04183  0.00768  0.80968  -234.83778  -236.68367  4.99985   768
767.00  0.04187  0.04183  0.00760  0.80968  -235.03310  -236.92018  4.99985   768
768.00  0.04188  0.04183  0.00796  0.80968  -234.46547  -236.37849  4.99985   768
769.00  0.04188  0.04183  0.00849  0.80968  -233.71016  -235.64149  4.99985   768
770.00  0.04188  0.04183  0.00908  0.80968  -232.76259  -234.70003  4.99985   768
771.00  0.04188  0.04183  0.00943  0.80968  -232.25905  -234.17055  4.99985   768
772.00  0.04187  0.04183  0.00945  0.80968  -232.09425  -233.95540  4.99985   768
773.00  0.04188  0.04183  0.00906  0.80968  -232.70766  -234.54439  4.99985   768
774.00  0.04188  0.04183  0.00848  0.80968  -233.59572  -235.44008  4.99985   768
775.00  0.04187  0.04183  0.00785  0.80968  -234.57686  -236.39986  4.99985   768
776.00  0.04187  0.04183  0.00752  0.80968  -235.12465  -237.00258  4.99985   768
777.00  0.04188  0.04183  0.00768  0.80968  -234.94307  -236.87746  4.99985   768
778.00  0.04188  0.04183  0.00824  0.80968  -234.09468  -236.06721  4.99985   768
779.00  0.04187  0.04183  0.00892  0.80968  -233.04335  -234.99910  4.99985   768
780.00  0.04188  0.04183  0.00931  0.80968  -232.35213  -234.25294  4.99985   768
781.00  0.04187  0.04183  0.00949  0.80968  -232.11714  -234.03169  4.99985   768
782.00  0.04187  0.04183  0.00921  0.80968  -232.49403  -234.34297  4.99985   768
783.00  0.04187  0.04183  0.00865  0.80968  -233.30275  -235.11964  4.99985   768
784.00  0.04186  0.04183  0.00806  0.80968  -234.20149  -236.02907  4.99985   768
785.00  0.04188  0.04183  0.00759  0.80968  -234.98579  -236.82710  4.99985   768
786.00  0.04187  0.04183  0.00749  0.80968  -235.16890  -237.04988  4.99985   768
787.00  0.04188  0.04183  0.00786  0.80968  -234.62874  -236.53566  4.99985   768
788.00  0.04186  0.04183  0.00859  0.80968  -233.55452  -235.50874  4.99985   768
789.00  0.04187  0.04183  0.00917  0.80968  -232.58253  -234.51845  4.99985   768
790.00  0.04186  0.04183  0.00942  0.80968  -232.17665  -234.06221  4.99985   768
791.00  0.04186  0.04183  0.00929  0.80968  -232.38264  -234.25600  4.99985   768
792.00  0.04187  0.04183  0.00889  0.80968  -232.98231  -234.82667  4.99985   768
793.00  0.04187  0.04183  0.00833  0.80968  -233.80324  -235.65370  4.99985   768
794.00  0.04187  0.04183  0.00783  0.80968  -234.64552  -236.49751  4.99985   768
795.00  0.04188  0.04183  0.00760  0.80968  -235.01479  -236.92476  4.99985   768
796.00  0.04188  0.04183  0.00787  0.80968  -234.62416  -236.55550  4.99985   768
797.00  0.04188  0.04183  0.00837  0.80968  -233.81697  -235.76051  4.99985   768
798.00  0.04186  0.04183  0.00904  0.80968  -232.80379  -234.74885  4.99985   768
799.00  0.04187  0.04183  0.00945  0.80968  -232.16444  -234.06374  4.99985   768
800.00  0.04187  0.04183  0.00959  0.80968  -231.96455  -233.83180  4.99985   768
801.00  0.04186  0.04183  0.00921  0.80968  -232.48946  -234.31703  4.99985   768
802.00  0.04188  0.04183  0.00871  0.80968  -233.27071  -235.08760  4.99985   768
803.00  0.04187  0.04183  0.00802  0.80968  -234.29610  -236.11604  4.99985   768
804.00  0.04188  0.04183  0.00768  0.80968  -234.79506  -236.64094  4.99985   768
805.00  0.04188  0.04183  0.00767  0.80968  -234.92018  -236.81795  4.99985   768
806.00  0.04188  0.04183  0.00805  0.80968  -234.37086  -236.30983  4.99985   768
807.00  0.04188  0.04183  0.00869  0.80968  -233.39583  -235.35005  4.99985   768
808.00  0.04187  0.04183  0.00929  0.80968  -232.46657  -234.40858  4.99985   768
809.00  0.04187  0.04183  0.00952  0.80968  -232.06984  -233.96455  4.99985   768
810.00  0.04186  0.04183  0.00935  0.80968  -232.28346  -234.14766  4.99985   768
811.00  0.04188  0.04183  0.00892  0.80968  -232.90755  -234.75191  4.99985   768
812.00  0.04187  0.04183  0.00821  0.80968  -233.94820  -235.77425  4.99985   768
813.00  0.04188  0.04183  0.00771  0.80968  -234.84389  -236.71571  4.99985   768
814.00  0.04187  0.04183  0.00755  0.80968  -235.12312  -237.00105  4.99985   768
815.00  0.04188  0.04183  0.00786  0.80968  -234.65926  -236.58601  4.99985   768
816.00  0.04187  0.04183  0.00844  0.80968  -233.74678  -235.67812  4.99985   768
817.00  0.04187  0.04183  0.00909  0.80968  -232.78242  -234.71376  4.99985   768
818.00  0.04187  0.04183  0.00947  0.80968  -232.12477  -234.02864  4.99985   768
819.00  0.04186  0.04183  0.00954  0.80968  -231.97981  -233.83638  4.99985   768
820.00  0.04187  0.04183  0.00912  0.80968  -232.63747  -234.46504  4.99985   768
821.00  0.04187  0.04183  0.00854  0.80968  -233.48585  -235.29207  4.99985   768
822.00  0.04188  0.04183  0.00784  0.80968  -234.56160  -236.39528  4.99985   768
823.00  0.04187  0.04183  0.00753  0.80968  -235.08955  -236.95222  4.99985   768
824.00  0.04188  0.04183  0.00761  0.80968  -235.01326  -236.92476  4.99985   768
825.00  0.04187  0.04183  0.00807  0.80968  -234.35561  -236.30067  4.99985   768
826.00  0.04187  0.04183  0.00876  0.80968  -233.29665  -235.26002  4.99985   768
827.00  0.04188  0.04183  0.00928  0.80968  -232.46199  -234.40401  4.99985   768
828.00  0.04187  0.04183  0.00959  0.80968  -231.95387  -233.85927  4.99985   768
829.00  0.04187  0.04183  0.00940  0.80968  -232.20564  -234.06526  4.99985   768
830.00  0.04186  0.04183  0.00882  0.80968  -233.09828  -234.93501  4.99985   768
831.00  0.04187  0.04183  0.00824  0.80968  -233.92989  -235.76814  4.99985   768
832.00  0.04187  0.04183  0.00768  0.80968  -234.85457  -236.67909  4.99985   768
833.00  0.04187  0.04183  0.00743  0.80968  -235.21773  -237.08192  4.99985   768
834.00  0.04186  0.04183  0.00770  0.80968  -234.90645  -236.81489  4.99985   768
835.00  0.04186  0.04183  0.00841  0.80968  -233.83833  -235.80781  4.99985   768
836.00  0.04187  0.04183  0.00895  0.80968  -232.96858  -234.87245  4.99985   768
837.00  0.04187  0.04183  0.00941  0.80968  -232.23158  -234.13545  4.99985   768
838.00  0.04187  0.04183  0.00941  0.80968  -232.23616  -234.10799  4.99985   768
839.00  0.04187  0.04183  0.00905  0.80968  -232.72444  -234.56728  4.99985   768
840.00  0.04187  0.04183  0.00840  0.80968  -233.68117  -235.51332  4.99985   768
841.00  0.04186  0.04183  0.00785  0.80968  -234.55702  -236.39680  4.99985   768
842.00  0.04187  0.04183  0.00745  0.80968  -235.21162  -237.07277  4.99985   768
843.00  0.04186  0.04183  0.00755  0.80968  -235.08803  -236.99953  4.99985   768
844.00  0.04187  0.04183  0.00810  0.80968  -234.27779  -236.23659  4.99985   768
845.00  0.04187  0.04183  0.00887  0.80968  -233.16084  -235.11964  4.99985   768
846.00  0.04186  0.04183  0.00943  0.80968  -232.21785  -234.16444  4.99985   768
847.00  0.04185  0.04183  0.00967  0.80968  -231.84859  -233.74025  4.99985   768
848.00  0.04187  0.04183  0.00947  0.80968  -232.03017  -233.89284  4.99985   768
849.00  0.04186  0.04183  0.00894  0.80968  -232.90144  -234.72444  4.99985   768
850.00  0.04186  0.04183  0.00829  0.80968  -233.89784  -235.71168  4.99985   768
851.00  0.04186  0.04183  0.00772  0.80968  -234.78285  -236.61806  4.99985   768
852.00  0.04186  0.04183  0.00760  0.80968  -235.01326  -236.91255  4.99985   768
853.00  0.04186  0.04183  0.00793  0.80968  -234.53413  -236.45174  4.99985   768
854.00  0.04186  0.04183  0.00849  0.80968  -233.64607  -235.58351  4.99985   768
855.00  0.04187  0.04183  0.00904  0.80968  -232.81447  -234.74580  4.99985   768
856.00  0.04185  0.04183  0.00948  0.80968  -232.12782  -234.05458  4.99985   768
857.00  0.04187  0.04183  0.00946  0.80968  -232.14003  -233.99202  4.99985   768
858.00  0.04187  0.04183  0.00913  0.80968  -232.60847  -234.47267  4.99985   768
859.00  0.04186  0.04183  0.00848  0.80968  -233.59724  -235.42177  4.99985   768
860.00  0.04186  0.04183  0.00782  0.80968  -234.63789  -236.47920  4.99985   768
861.00  0.04188  0.04183  0.00750  0.80968  -235.13533  -237.02699  4.99985   768
862.00  0.04186  0.04183  0.00768  0.80968  -234.94307  -236.87288  4.99985   768
863.00  0.04187  0.04183  0.00828  0.80968  -234.05653  -236.00770  4.99985   768
864.00  0.04186  0.04183  0.00891  0.80968  -233.08760  -235.02351  4.99985   768
865.00  0.04186  0.04183  0.00941  0.80968  -232.22090  -234.13240  4.99985   768
866.00  0.04186  0.04183  0.00966  0.80968  -231.82722  -233.71126  4.99985   768
867.00  0.04186  0.04183  0.00943  0.80968  -232.19343  -234.04237  4.99985   768
868.00  0.04186  0.04183  0.00894  0.80968  -232.88466  -234.70308  4.99985   768
869.00  0.04187  0.04183  0.00825  0.80968  -233.89326  -235.70406  4.99985   768
870.00  0.04186  0.04183  0.00771  0.80968  -234.76912  -236.60738  4.99985   768
871.00  0.04186  0.04183  0.00763  0.80968  -234.99342  -236.88509  4.99985   768
872.00  0.04187  0.04183  0.00804  0.80968  -234.40443  -236.34798  4.99985   768
873.00  0.04187  0.04183  0.00863  0.80968  -233.45839  -235.40803  4.99985   768
874.00  0.04187  0.04183  0.00931  0.80968  -232.43910  -234.38112  4.99985   768
875.00  0.04185  0.04183  0.00967  0.80968  -231.84706  -233.77534  4.99985   768
876.00  0.04186  0.04183  0.00965  0.80968  -231.83333  -233.71126  4.99985   768
877.00  0.04185  0.04183  0.00920  0.80968  -232.49098  -234.35060  4.99985   768
878.00  0.04186  0.04183  0.00862  0.80968  -233.35768  -235.19441  4.99985   768
879.00  0.04186  0.04183  0.00795  0.80968  -234.41817  -236.23811  4.99985   768
880.00  0.04186  0.04183  0.00760  0.80968  -235.01021  -236.88966  4.99985   768
881.00  0.04187  0.04183  0.00778  0.80968  -234.79964  -236.70351  4.99985   768
882.00  0.04185  0.04183  0.00826  0.80968  -234.04738  -235.99092  4.99985   768
883.00  0.04186  0.04183  0.00895  0.80968  -232.96553  -234.90297  4.99985   768
884.00  0.04186  0.04183  0.00955  0.80968  -232.07747  -234.00117  4.99985   768
885.00  0.04187  0.04183  0.00972  0.80968  -231.75703  -233.64412  4.99985   768
886.00  0.04186  0.04183  0.00948  0.80968  -232.07594  -233.91420  4.99985   768
887.00  0.04186  0.04183  0.00886  0.80968  -233.01131  -234.80531  4.99985   768
888.00  0.04186  0.04183  0.00821  0.80968  -234.00618  -235.82460  4.99985   768
889.00  0.04186  0.04183  0.00764  0.80968  -234.91103  -236.74928  4.99985   768
890.00  0.04185  0.04183  0.00755  0.80968  -235.10786  -237.00410  4.99985   768
891.00  0.04186  0.04183  0.00796  0.80968  -234.53108  -236.47005  4.99985   768
892.00  0.04186  0.04183  0.00856  0.80968  -233.60335  -235.57283  4.99985   768
893.00  0.04185  0.04183  0.00919  0.80968  -232.58711  -234.53065  4.99985   768
894.00  0.04186  0.04183  0.00961  0.80968  -231.93709  -233.87453  4.99985   768
895.00  0.04186  0.04183  0.00963  0.80968  -231.86842  -233.76619  4.99985   768
896.00  0.04185  0.04183  0.00919  0.80968  -232.51387  -234.34907  4.99985   768
897.00  0.04187  0.04183  0.00852  0.80968  -233.51179  -235.32869  4.99985   768
898.00  0.04186  0.04183  0.00789  0.80968  -234.48378  -236.32204  4.99985   768
899.00  0.04186  0.04183  0.00761  0.80968  -234.93544  -236.79201  4.99985   768
900.00  0.04186  0.04183  0.00782  0.80968  -234.67604  -236.59212  4.99985   768
901.00  0.04186  0.04183  0.00832  0.80968  -233.88869  -235.80629  4.99985   768
902.00  0.04186  0.04183  0.00894  0.80968  -232.97011  -234.91060  4.99985   768
903.00  0.04186  0.04183  0.00932  0.80968  -232.41316  -234.30940  4.99985   768
904.00  0.04186  0.04183  0.00949  0.80968  -232.11256  -234.00575  4.99985   768
905.00  0.04187  0.04183  0.00931  0.80968  -232.35823  -234.20717  4.99985   768
906.00  0.04187  0.04183  0.00865  0.80968  -233.34395  -235.16237  4.99985   768
907.00  0.04186  0.04183  0.00806  0.80968  -234.23659  -236.05043  4.99985   768
908.00  0.04187  0.04183  0.00754  0.80968  -235.07582  -236.94002  4.99985   768
909.00  0.04186  0.04183  0.00741  0.80968  -235.29402  -237.19636  4.99985   768
910.00  0.04187  0.04183  0.00779  0.80968  -234.80116  -236.74623  4.99985   768
911.00  0.04186  0.04183  0.00849  0.80968  -233.72847  -235.69948  4.99985   768
912.00  0.04185  0.04183  0.00906  0.80968  -232.80684  -234.74275  4.99985   768
913.00  0.04187  0.04183  0.00937  0.80968  -232.31093  -234.20869  4.99985   768
914.00  0.04186  0.04183  0.00924  0.80968  -232.42232  -234.27888  4.99985   768
915.00  0.04185  0.04183  0.00885  0.80968  -233.06471  -234.90449  4.99985   768
916.00  0.04186  0.04183  0.00820  0.80968  -234.03059  -235.82613  4.99985   768
917.00  0.04185  0.04183  0.00768  0.80968  -234.81642  -236.66536  4.99985   768
918.00  0.04186  0.04183  0.00748  0.80968  -235.19179  -237.05141  4.99985   768
919.00  0.04185  0.04183  0.00760  0.80968  -235.03157  -236.92628  4.99985   768
920.00  0.04186  0.04183  0.00819  0.80968  -234.16945  -236.09773  4.99985   768
921.00  0.04186  0.04183  0.00893  0.80968  -233.01894  -234.95027  4.99985   768
922.00  0.04187  0.04183  0.00946  0.80968  -232.26973  -234.20259  4.99985   768
923.00  0.04186  0.04183  0.00949  0.80968  -232.06221  -233.95235  4.99985   768
924.00  0.04185  0.04183  0.00915  0.80968  -232.57796  -234.42232  4.99985   768
925.00  0.04186  0.04183  0.00866  0.80968  -233.33784  -235.17152  4.99985   768
926.00  0.04185  0.04183  0.00799  0.80968  -234.32204  -236.13740  4.99985   768
927.00  0.04186  0.04183  0.00768  0.80968  -234.93086  -236.81795  4.99985   768
928.00  0.04186  0.04183  0.00769  0.80968  -234.85915  -236.78743  4.99985   768
929.00  0.04184  0.04183  0.00803  0.80968  -234.41511  -236.34798  4.99985   768
930.00  0.04184  0.04183  0.00882  0.80968  -233.23561  -235.20814  4.99985   768
931.00  0.04186  0.04183  0.00933  0.80968  -232.35670  -234.26363  4.99985   768
932.00  0.04186  0.04183  0.00961  0.80968  -231.97829  -233.88826  4.99985   768
933.00  0.04184  0.04183  0.00938  0.80968  -232.21785  -234.07289  4.99985   768
934.00  0.04186  0.04183  0.00890  0.80968  -232.93196  -234.75648  4.99985   768
935.00  0.04186  0.04183  0.00830  0.80968  -233.83375  -235.64760  4.99985   768
936.00  0.04186  0.04183  0.00767  0.80968  -234.79658  -236.61500  4.99985   768
937.00  0.04185  0.04183  0.00755  0.80968  -235.10329  -236.99190  4.99985   768
938.00  0.04185  0.04183  0.00774  0.80968  -234.84999  -236.77064  4.99985   768
939.00  0.04185  0.04183  0.00828  0.80968  -234.02296  -235.94820  4.99985   768
940.00  0.04186  0.04183  0.00895  0.80968  -232.96095  -234.91670  4.99985   768
941.00  0.04185  0.04183  0.00932  0.80968  -232.39943  -234.32161  4.99985   768
942.00  0.04185  0.04183  0.00942  0.80968  -232.21785  -234.10493  4.99985   768
943.00  0.04185  0.04183  0.00906  0.80968  -232.72291  -234.57948  4.99985   768
944.00  0.04185  0.04183  0.00854  0.80968  -233.49806  -235.32869  4.99985   768
945.00  0.04186  0.04183  0.00785  0.80968  -234.57075  -236.39528  4.99985   768
946.00  0.04185  0.04183  0.00749  0.80968  -235.15669  -237.03462  4.99985   768
947.00  0.04186  0.04183  0.00757  0.80968  -235.10176  -236.99495  4.99985   768
948.00  0.04185  0.04183  0.00805  0.80968  -234.37086  -236.31288  4.99985   768
949.00  0.04184  0.04183  0.00878  0.80968  -233.27681  -235.22493  4.99985   768
950.00  0.04185  0.04183  0.00928  0.80968  -232.41926  -234.32008  4.99985   768
951.00  0.04185  0.04183  0.00959  0.80968  -231.97371  -233.86537  4.99985   768
952.00  0.04185  0.04183  0.00951  0.80968  -231.99812  -233.85316  4.99985   768
953.00  0.04185  0.04183  0.00900  0.80968  -232.79616  -234.60695  4.99985   768
954.00  0.04185  0.04183  0.00833  0.80968  -233.80476  -235.62318  4.99985   768
955.00  0.04184  0.04183  0.00785  0.80968  -234.55702  -236.38002  4.99985   768
956.00  0.04186  0.04183  0.00758  0.80968  -235.02699  -236.91103  4.99985   768
957.00  0.04187  0.04183  0.00788  0.80968  -234.60738  -236.55397  4.99985   768
958.00  0.04185  0.04183  0.00855  0.80968  -233.64455  -235.60792  4.99985   768
959.00  0.04186  0.04183  0.00918  0.80968  -232.64967  -234.59932  4.99985   768
960.00  0.04185  0.04183  0.00955  0.80968  -232.05611  -233.96303  4.99985   768
961.00  0.04186  0.04183  0.00955  0.80968  -232.00880  -233.90657  4.99985   768
962.00  0.04185  0.04183  0.00922  0.80968  -232.43605  -234.28041  4.99985   768
963.00  0.04185  0.04183  0.00859  0.80968  -233.40193  -235.23561  4.99985   768
964.00  0.04185  0.04183  0.00799  0.80968  -234.33882  -236.17708  4.99985   768
965.00  0.04185  0.04183  0.00770  0.80968  -234.86830  -236.73402  4.99985   768
966.00  0.04185  0.04183  0.00771  0.80968  -234.85457  -236.74013  4.99985   768
967.00  0.04186  0.04183  0.00823  0.80968  -234.13435  -236.07637  4.99985   768
968.00  0.04186  0.04183  0.00895  0.80968  -232.97774  -234.93349  4.99985   768
969.00  0.04185  0.04183  0.00943  0.80968  -232.22395  -234.11867  4.99985   768
970.00  0.04186  0.04183  0.00963  0.80968  -231.89894  -233.78603  4.99985   768
971.00  0.04185  0.04183  0.00938  0.80968  -232.18733  -234.03474  4.99985   768
972.00  0.04186  0.04183  0.00888  0.80968  -232.93959  -234.75954  4.99985   768
973.00  0.04185  0.04183  0.00824  0.80968  -233.99855  -235.84138  4.99985   768
974.00  0.04186  0.04183  0.00777  0.80968  -234.69282  -236.54787  4.99985   768
975.00  0.04186  0.04183  0.00763  0.80968  -234.97511  -236.86372  4.99985   768
976.00  0.04186  0.04183  0.00788  0.80968  -234.59822  -236.54176  4.99985   768
977.00  0.04184  0.04183  0.00852  0.80968  -233.65675  -235.63234  4.99985   768
978.00  0.04184  0.04183  0.00917  0.80968  -232.62984  -234.57948  4.99985   768
979.00  0.04185  0.04183  0.00968  0.80968  -231.86537  -233.81044  4.99985   768
980.00  0.04186  0.04183  0.00963  0.80968  -231.86995  -233.73262  4.99985   768
981.00  0.04184  0.04183  0.00921  0.80968  -232.49403  -234.32924  4.99985   768
982.00  0.04186  0.04183  0.00852  0.80968  -233.49654  -235.29665  4.99985   768
983.00  0.04185  0.04183  0.00786  0.80968  -234.54787  -236.35713  4.99985   768
984.00  0.04184  0.04183  0.00759  0.80968  -235.01021  -236.87593  4.99985   768
985.00  0.04186  0.04183  0.00767  0.80968  -234.91865  -236.81947  4.99985   768
986.00  0.04185  0.04183  0.00815  0.80968  -234.18318  -236.11604  4.99985   768
987.00  0.04186  0.04183  0.00885  0.80968  -233.15016  -235.09370  4.99985   768
988.00  0.04185  0.04183  0.00941  0.80968  -232.27888  -234.19496  4.99985   768
989.00  0.04185  0.04183  0.00960  0.80968  -231.93251  -233.83028  4.99985   768
990.00  0.04185  0.04183  0.00939  0.80968  -232.22090  -234.06679  4.99985   768
991.00  0.04184  0.04183  0.00876  0.80968  -233.15932  -234.99605  4.99985   768
992.00  0.04185  0.04183  0.00804  0.80968  -234.24422  -236.07484  4.99985   768
993.00  0.04186  0.04183  0.00748  0.80968  -235.13686  -236.99953  4.99985   768
994.00  0.04185  0.04183  0.00737  0.80968  -235.39015  -237.30470  4.99985   768
995.00  0.04184  0.04183  0.00779  0.80968  -234.78285  -236.71571  4.99985   768
996.00  0.04185  0.04183  0.00842  0.80968  -233.80476  -235.76051  4.99985   768
997.00  0.04184  0.04183  0.00913  0.80968  -232.71986  -234.64815  4.99985   768
998.00  0.04185  0.04183  0.00957  0.80968  -232.06221  -233.99202  4.99985   768
999.00  0.04185  0.04183  0.00959  0.80968  -231.90810  -233.77840  4.99985   768
1000.00  0.04184  0.04183  0.00917  0.80968  -232.52150  -234.33534  4.99985   768
1001.00  0.04186  0.04183  0.00855  0.80968  -233.44771  -235.24629  4.99985   768
1002.00  0.04183  0.04183  0.00790  0.80968  -234.52345  -236.34645  4.99985   768
1003.00  0.04185  0.04183  0.00760  0.80968  -234.99800  -236.83626  4.99985   768
1004.00  0.04184  0.04183  0.00766  0.80968  -234.92781  -236.83626  4.99985   768
1005.00  0.04185  0.04183  0.00820  0.80968  -234.11299  -236.04890  4.99985   768
1006.00  0.04186  0.04183  0.00893  0.80968  -233.06471  -235.00825  4.99985   768
1007.00  0.04186  0.04183  0.00950  0.80968  -232.13240  -234.06526  4.99985   768
1008.00  0.04186  0.04183  0.00967  0.80968  -231.85927  -233.76009  4.99985   768
1009.00  0.04186  0.04183  0.00944  0.80968  -232.07289  -233.93556  4.99985   768
1010.00  0.04185  0.04183  0.00890  0.80968  -232.96400  -234.81294  4.99985   768
1011.00  0.04184  0.04183  0.00825  0.80968  -233.92683  -235.77272  4.99985   768
1012.00  0.04184  0.04183  0.00777  0.80968  -234.75081  -236.61500  4.99985   768
1013.00  0.04185  0.04183  0.00759  0.80968  -234.97206  -236.85457  4.99985   768
1014.00  0.04184  0.04183  0.00796  0.80968  -234.51887  -236.45631  4.99985   768
1015.00  0.04185  0.04183  0.00853  0.80968  -233.64149  -235.58961  4.99985   768
1016.00  0.04185  0.04183  0.00916  0.80968  -232.63136  -234.53981  4.99985   768
1017.00  0.04184  0.04183  0.00951  0.80968  -232.11104  -234.01948  4.99985   768
1018.00  0.04186  0.04183  0.00950  0.80968  -232.06984  -233.92946  4.99985   768
1019.00  0.04185  0.04183  0.00900  0.80968  -232.75038  -234.55812  4.99985   768
1020.00  0.04186  0.04183  0.00846  0.80968  -233.59419  -235.41566  4.99985   768
1021.00  0.04184  0.04183  0.00776  0.80968  -234.69282  -236.53413  4.99985   768
1022.00  0.04185  0.04183  0.00747  0.80968  -235.20247  -237.05293  4.99985   768
1023.00  0.04184  0.04183  0.00753  0.80968  -235.09260  -237.00716  4.99985   768
1024.00  0.04184  0.04183  0.00808  0.80968  -234.37697  -236.34492  4.99985   768
1025.00  0.04185  0.04183  0.00879  0.80968  -233.26918  -235.20662  4.99985   768
1026.00  0.04186  0.04183  0.00923  0.80968  -232.53676  -234.47267  4.99985   768
1027.00  0.04183  0.04183  0.00935  0.80968  -232.31856  -234.23006  4.99985   768
1028.00  0.04186  0.04183  0.00923  0.80968  -232.47877  -234.35518  4.99985   768
1029.00  0.04185  0.04183  0.00865  0.80968  -233.32106  -235.16237  4.99985   768
1030.00  0.04185  0.04183  0.00807  0.80968  -234.18928  -236.02754  4.99985   768
1031.00  0.04184  0.04183  0.00765  0.80968  -234.90492  -236.76302  4.99985   768
1032.00  0.04185  0.04183  0.00760  0.80968  -234.99342  -236.88966  4.99985   768
1033.00  0.04184  0.04183  0.00802  0.80968  -234.39833  -236.33577  4.99985   768
1034.00  0.04184  0.04183  0.00862  0.80968  -233.43550  -235.35768  4.99985   768
1035.00  0.04184  0.04183  0.00922  0.80968  -232.58101  -234.52302  4.99985   768
1036.00  0.04184  0.04183  0.00953  0.80968  -232.02864  -233.91115  4.99985   768
1037.00  0.04186  0.04183  0.00946  0.80968  -232.11561  -233.97218  4.99985   768
1038.00  0.04186  0.04183  0.00914  0.80968  -232.59779  -234.44368  4.99985   768
1039.00  0.04185  0.04183  0.00849  0.80968  -233.54689  -235.36378  4.99985   768
1040.00  0.04185  0.04183  0.00795  0.80968  -234.43495  -236.27473  4.99985   768
1041.00  0.04184  0.04183  0.00770  0.80968  -234.85304  -236.75081  4.99985   768
1042.00  0.04185  0.04183  0.00780  0.80968  -234.72639  -236.64705  4.99985   768
1043.00  0.04184  0.04183  0.00835  0.80968  -233.90700  -235.85817  4.99985   768
1044.00  0.04184  0.04183  0.00898  0.80968  -232.93654  -234.90602  4.99985   768
1045.00  0.04184  0.04183  0.00949  0.80968  -232.13087  -234.07136  4.99985   768
1046.00  0.04184  0.04183  0.00955  0.80968  -231.96150  -233.84859  4.99985   768
1047.00  0.04185  0.04183  0.00922  0.80968  -232.48793  -234.34297  4.99985   768
1048.00  0.04185  0.04183  0.00874  0.80968  -233.18068  -235.00215  4.99985   768
1049.00  0.04184  0.04183  0.00813  0.80968  -234.08858  -235.90547  4.99985   768
1050.00  0.04185  0.04183  0.00767  0.80968  -234.87746  -236.73250  4.99985   768
1051.00  0.04185  0.04183  0.00772  0.80968  -234.81337  -236.69282  4.99985   768
1052.00  0.04183  0.04183  0.00798  0.80968  -234.45021  -236.35713  4.99985   768
1053.00  0.04186  0.04183  0.00862  0.80968  -233.53926  -235.48433  4.99985   768
1054.00  0.04185  0.04183  0.00918  0.80968  -232.61000  -234.53981  4.99985   768
1055.00  0.04185  0.04183  0.00936  0.80968  -232.29567  -234.17512  4.99985   768
1056.00  0.04185  0.04183  0.00924  0.80968  -232.40858  -234.27125  4.99985   768
1057.00  0.04185  0.04183  0.00875  0.80968  -233.16542  -235.00978  4.99985   768
1058.00  0.04185  0.04183  0.00816  0.80968  -234.09468  -235.91310  4.99985   768
1059.00  0.04184  0.04183  0.00765  0.80968  -234.88203  -236.74623  4.99985   768
1060.00  0.04183  0.04183  0.00744  0.80968  -235.25740  -237.15059  4.99985   768
1061.00  0.04184  0.04183  0.00768  0.80968  -234.91560  -236.84236  4.99985   768
1062.00  0.04183  0.04183  0.00821  0.80968  -234.14046  -236.10231  4.99985   768
1063.00  0.04184  0.04183  0.00887  0.80968  -233.11659  -235.07387  4.99985   768
1064.00  0.04185  0.04183  0.00924  0.80968  -232.51692  -234.42079  4.99985   768
1065.00  0.04184  0.04183  0.00939  0.80968  -232.26057  -234.13545  4.99985   768
1066.00  0.04185  0.04183  0.00912  0.80968  -232.64204  -234.48030  4.99985   768
1067.00  0.04185  0.04183  0.00857  0.80968  -233.43703  -235.25239  4.99985   768
1068.00  0.04184  0.04183  0.00804  0.80968  -234.25032  -236.09010  4.99985   768
1069.00  0.04184  0.04183  0.00771  0.80968  -234.81642  -236.64857  4.99985   768
1070.00  0.04186  0.04183  0.00765  0.80968  -234.94002  -236.83321  4.99985   768
1071.00  0.04184  0.04183  0.00818  0.80968  -234.18318  -236.12672  4.99985   768
1072.00  0.04186  0.04183  0.00879  0.80968  -233.20509  -235.13643  4.99985   768
1073.00  0.04184  0.04183  0.00929  0.80968  -232.39943  -234.33992  4.99985   768
1074.00  0.04183  0.04183  0.00951  0.80968  -232.08662  -233.97676  4.99985   768
1075.00  0.04184  0.04183  0.00939  0.80968  -232.21480  -234.08662  4.99985   768
1076.00  0.04183  0.04183  0.00895  0.80968  -232.84956  -234.69545  4.99985   768
1077.00  0.04184  0.04183  0.00836  0.80968  -233.83375  -235.67964  4.99985   768
1078.00  0.04185  0.04183  0.00787  0.80968  -234.51277  -236.35866  4.99985   768
1079.00  0.04185  0.04183  0.00769  0.80968  -234.88814  -236.78133  4.99985   768
1080.00  0.04183  0.04183  0.00796  0.80968  -234.48531  -236.42732  4.99985   768
1081.00  0.04186  0.04183  0.00856  0.80968  -233.57283  -235.52553  4.99985   768
1082.00  0.04185  0.04183  0.00919  0.80968  -232.59016  -234.52760  4.99985   768
1083.00  0.04185  0.04183  0.00961  0.80968  -231.93404  -233.82875  4.99985   768
1084.00  0.04185  0.04183  0.00964  0.80968  -231.84706  -233.72804  4.99985   768
1085.00  0.04185  0.04183  0.00928  0.80968  -232.37349  -234.17970  4.99985   768
1086.00  0.04184  0.04183  0.00865  0.80968  -233.33021  -235.14558  4.99985   768
1087.00  0.04185  0.04183  0.00806  0.80968  -234.21065  -236.02296  4.99985   768
1088.00  0.04185  0.04183  0.00767  0.80968  -234.90492  -236.77827  4.99985   768
1089.00  0.04185  0.04183  0.00773  0.80968  -234.81795  -236.73097  4.99985   768
1090.00  0.04185  0.04183  0.00816  0.80968  -234.14809  -236.07484  4.99985   768
1091.00  0.04183  0.04183  0.00879  0.80968  -233.25545  -235.21120  4.99985   768
1092.00  0.04185  0.04183  0.00930  0.80968  -232.44673  -234.38722  4.99985   768
1093.00  0.04184  0.04183  0.00950  0.80968  -232.08357  -233.97676  4.99985   768
1094.00  0.04185  0.04183  0.00924  0.80968  -232.48030  -234.36281  4.99985   768
1095.00  0.04185  0.04183  0.00882  0.80968  -233.05708  -234.89839  4.99985   768
1096.00  0.04186  0.04183  0.00821  0.80968  -234.03059  -235.86427  4.99985   768
1097.00  0.04184  0.04183  0.00766  0.80968  -234.87440  -236.72182  4.99985   768
1098.00  0.04185  0.04183  0.00758  0.80968  -235.00105  -236.90950  4.99985   768
1099.00  0.04185  0.04183  0.00796  0.80968  -234.46089  -236.38460  4.99985   768
1100.00  0.04184  0.04183  0.00852  0.80968  -233.66591  -235.59572  4.99985   768
1101.00  0.04184  0.04183  0.00908  0.80968  -232.78548  -234.71376  4.99985   768
1102.00  0.04186  0.04183  0.00952  0.80968  -232.06984  -233.95082  4.99985   768
1103.00  0.04185  0.04183  0.00951  0.80968  -232.10188  -233.95540  4.99985   768
1104.00  0.04184  0.04183  0.00915  0.80968  -232.55812  -234.37349  4.99985   768
1105.00  0.04185  0.04183  0.00857  0.80968  -233.49043  -235.32106  4.99985   768
1106.00  0.04183  0.04183  0.00795  0.80968  -234.34492  -236.17097  4.99985   768
1107.00  0.04184  0.04183  0.00772  0.80968  -234.83931  -236.72487  4.99985   768
1108.00  0.04185  0.04183  0.00782  0.80968  -234.66536  -236.56923  4.99985   768
1109.00  0.04184  0.04183  0.00828  0.80968  -234.00618  -235.96956  4.99985   768
1110.00  0.04184  0.04183  0.00890  0.80968  -233.08302  -235.03114  4.99985   768
1111.00  0.04183  0.04183  0.00943  0.80968  -232.23311  -234.16749  4.99985   768
1112.00  0.04185  0.04183  0.00965  0.80968  -231.85927  -233.75703  4.99985   768
1113.00  0.04184  0.04183  0.00933  0.80968  -232.28957  -234.12172  4.99985   768
1114.00  0.04185  0.04183  0.00887  0.80968  -233.00215  -234.85261  4.99985   768
1115.00  0.04184  0.04183  0.00824  0.80968  -233.94820  -235.78187  4.99985   768
1116.00  0.04184  0.04183  0.00769  0.80968  -234.79964  -236.61500  4.99985   768
1117.00  0.04185  0.04183  0.00766  0.80968  -234.93086  -236.83321  4.99985   768
1118.00  0.04184  0.04183  0.00799  0.80968  -234.46699  -236.38307  4.99985   768
1119.00  0.04183  0.04183  0.00862  0.80968  -233.47365  -235.40346  4.99985   768
1120.00  0.04183  0.04183  0.00921  0.80968  -232.59016  -234.53218  4.99985   768
1121.00  0.04186  0.04183  0.00960  0.80968  -231.93098  -233.84248  4.99985   768
1122.00  0.04185  0.04183  0.00966  0.80968  -231.81654  -233.69142  4.99985   768
1123.00  0.04185  0.04183  0.00920  0.80968  -232.48793  -234.32008  4.99985   768
1124.00  0.04184  0.04183  0.00858  0.80968  -233.45228  -235.29970  4.99985   768
1125.00  0.04184  0.04183  0.00790  0.80968  -234.48988  -236.31441  4.99985   768
1126.00  0.04184  0.04183  0.00754  0.80968  -235.01936  -236.88051  4.99985   768
1127.00  0.04184  0.04183  0.00763  0.80968  -234.99037  -236.92018  4.99985   768
1128.00  0.04184  0.04183  0.00813  0.80968  -234.32356  -236.26405  4.99985   768
1129.00  0.04183  0.04183  0.00887  0.80968  -233.13795  -235.10438  4.99985   768
1130.00  0.04185  0.04183  0.00935  0.80968  -232.35670  -234.26668  4.99985   768
1131.00  0.04184  0.04183  0.00959  0.80968  -231.90810  -233.81349  4.99985   768
1132.00  0.04183  0.04183  0.00934  0.80968  -232.33687  -234.19496  4.99985   768
1133.00  0.04184  0.04183  0.00881  0.80968  -233.06166  -234.87703  4.99985   768
1134.00  0.04185  0.04183  0.00815  0.80968  -234.05958  -235.87953  4.99985   768
1135.00  0.04185  0.04183  0.00762  0.80968  -234.90492  -236.70045  4.99985   768
1136.00  0.04184  0.04183  0.00746  0.80968  -235.27266  -237.14296  4.99985   768
1137.00  0.04184  0.04183  0.00782  0.80968  -234.69588  -236.63484  4.99985   768
1138.00  0.04184  0.04183  0.00836  0.80968  -233.92836  -235.87190  4.99985   768
1139.00  0.04183  0.04183  0.00910  0.80968  -232.75648  -234.70308  4.99985   768
1140.00  0.04183  0.04183  0.00948  0.80968  -232.10646  -234.01186  4.99985   768
1141.00  0.04183  0.04183  0.00941  0.80968  -232.20869  -234.06984  4.99985   768
1142.00  0.04185  0.04183  0.00903  0.80968  -232.77937  -234.62984  4.99985   768
1143.00  0.04183  0.04183  0.00848  0.80968  -233.58198  -235.42940  4.99985   768
1144.00  0.04184  0.04183  0.00782  0.80968  -234.60890  -236.43648  4.99985   768
1145.00  0.04184  0.04183  0.00754  0.80968  -235.04225  -236.92781  4.99985   768
1146.00  0.04184  0.04183  0.00764  0.80968  -235.00410  -236.93086  4.99985   768
1147.00  0.04186  0.04183  0.00807  0.80968  -234.37086  -236.31593  4.99985   768
1148.00  0.04184  0.04183  0.00878  0.80968  -233.22951  -235.17763  4.99985   768
1149.00  0.04184  0.04183  0.00930  0.80968  -232.43300  -234.35670  4.99985   768
1150.00  0.04184  0.04183  0.00956  0.80968  -231.97676  -233.85164  4.99985   768
1151.00  0.04184  0.04183  0.00937  0.80968  -232.23463  -234.09273  4.99985   768
1152.00  0.04184  0.04183  0.00880  0.80968  -233.09218  -234.89076  4.99985   768
1153.00  0.04184  0.04183  0.00816  0.80968  -234.07790  -235.89479  4.99985   768
1154.00  0.04185  0.04183  0.00774  0.80968  -234.70656  -236.54787  4.99985   768
1155.00  0.04186  0.04183  0.00770  0.80968  -234.92171  -236.81489  4.99985   768
1156.00  0.04184  0.04183  0.00804  0.80968  -234.35713  -236.27473  4.99985   768
1157.00  0.04184  0.04183  0.00858  0.80968  -233.55452  -235.49959  4.99985   768
1158.00  0.04185  0.04183  0.00919  0.80968  -232.59627  -234.53981  4.99985   768
1159.00  0.04183  0.04183  0.00953  0.80968  -232.09120  -234.01948  4.99985   768
1160.00  0.04184  0.04183  0.00942  0.80968  -232.18733  -234.07136  4.99985   768
1161.00  0.04184  0.04183  0.00910  0.80968  -232.61610  -234.44063  4.99985   768
1162.00  0.04183  0.04183  0.00851  0.80968  -233.56978  -235.42024  4.99985   768
1163.00  0.04183  0.04183  0.00776  0.80968  -234.70503  -236.52498  4.99985   768
1164.00  0.04185  0.04183  0.00750  0.80968  -235.16890  -237.05141  4.99985   768
1165.00  0.04184  0.04183  0.00771  0.80968  -234.84541  -236.78895  4.99985   768
1166.00  0.04184  0.04183  0.00827  0.80968  -234.05043  -235.98024  4.99985   768
1167.00  0.04184  0.04183  0.00891  0.80968  -233.05098  -234.99452  4.99985   768
1168.00  0.04185  0.04183  0.00937  0.80968  -232.28957  -234.20869  4.99985   768
1169.00  0.04183  0.04183  0.00953  0.80968  -231.98286  -233.84706  4.99985   768
1170.00  0.04184  0.04183  0.00921  0.80968  -232.47877  -234.31398  4.99985   768
1171.00  0.04184  0.04183  0.00869  0.80968  -233.24477  -235.06471  4.99985   768
1172.00  0.04185  0.04183  0.00809  0.80968  -234.22896  -236.06264  4.99985   768
1173.00  0.04183  0.04183  0.00762  0.80968  -234.90340  -236.76759  4.99985   768
1174.00  0.04184  0.04183  0.00755  0.80968  -235.12312  -237.03767  4.99985   768
1175.00  0.04184  0.04183  0.00798  0.80968  -234.46394  -236.40443  4.99985   768
1176.00  0.04184  0.04183  0.00865  0.80968  -233.46907  -235.42787  4.99985   768
1177.00  0.04183  0.04183  0.00923  0.80968  -232.56422  -234.50929  4.99985   768
1178.00  0.04184  0.04183  0.00960  0.80968  -231.95845  -233.88063  4.99985   768
1179.00  0.04183  0.04183  0.00954  0.80968  -231.99812  -233.88673  4.99985   768
1180.00  0.04184  0.04183  0.00899  0.80968  -232.73054  -234.54591  4.99985   768
1181.00  0.04184  0.04183  0.00831  0.80968  -233.89174  -235.73152  4.99985   768
1182.00  0.04184  0.04183  0.00786  0.80968  -234.57228  -236.39986  4.99985   768
1183.00  0.04184  0.04183  0.00748  0.80968  -235.16280  -237.00868  4.99985   768
1184.00  0.04183  0.04183  0.00765  0.80968  -234.93391  -236.83626  4.99985   768
1185.00  0.04183  0.04183  0.00824  0.80968  -234.08095  -236.01839  4.99985   768
1186.00  0.04183  0.04183  0.00885  0.80968  -233.13795  -235.05250  4.99985   768
1187.00  0.04185  0.04183  0.00943  0.80968  -232.23311  -234.16444  4.99985   768
1188.00  0.04184  0.04183  0.00962  0.80968  -231.87300  -233.75093  4.99985   768
1189.00  0.04183  0.04183  0.00938  0.80968  -232.22853  -234.08357  4.99985   768
1190.00  0.04184  0.04183  0.00873  0.80968  -233.16542  -234.98994  4.99985   768
1191.00  0.04184  0.04183  0.00810  0.80968  -234.19386  -236.03212  4.99985   768
1192.00  0.04185  0.04183  0.00765  0.80968  -234.88661  -236.74776  4.99985   768
1193.00  0.04183  0.04183  0.00761  0.80968  -235.02547  -236.94612  4.99985   768
1194.00  0.04184  0.04183  0.00798  0.80968  -234.43495  -236.39070  4.99985   768
1195.00  0.04184  0.04183  0.00862  0.80968  -233.51027  -235.46602  4.99985   768
1196.00  0.04183  0.04183  0.00923  0.80968  -232.55202  -234.50166  4.99985   768
1197.00  0.04185  0.04183  0.00958  0.80968  -231.95235  -233.86842  4.99985   768
1198.00  0.04184  0.04183  0.00951  0.80968  -232.04390  -233.90657  4.99985   768
1199.00  0.04184  0.04183  0.00914  0.80968  -232.61000  -234.43910  4.99985   768
1200.00  0.04184  0.04183  0.00844  0.80968  -233.64302  -235.44923  4.99985   768
1201.00  0.04183  0.04183  0.00787  0.80968  -234.53566  -236.37086  4.99985   768
1202.00  0.04185  0.04183  0.00766  0.80968  -234.84236  -236.68825  4.99985   768
1203.00  0.04184  0.04183  0.00782  0.80968  -234.69282  -236.61043  4.99985   768
1204.00  0.04185  0.04183  0.00841  0.80968  -233.82613  -235.76814  4.99985   768
1205.00  0.04184  0.04183  0.00906  0.80968  -232.82057  -234.76869  4.99985   768
1206.00  0.04186  0.04183  0.00952  0.80968  -232.11104  -234.02711  4.99985   768
1207.00  0.04183  0.04183  0.00959  0.80968  -231.95540  -233.82722  4.99985   768
1208.00  0.04183  0.04183  0.00927  0.80968  -232.39180  -234.25447  4.99985   768
1209.00  0.04184  0.04183  0.00869  0.80968  -233.24171  -235.07387  4.99985   768
1210.00  0.04183  0.04183  0.00807  0.80968  -234.24727  -236.07942  4.99985   768
1211.00  0.04184  0.04183  0.00754  0.80968  -235.06666  -236.92171  4.99985   768
1212.00  0.04183  0.04183  0.00756  0.80968  -235.07429  -236.99190  4.99985   768
1213.00  0.04182  0.04183  0.00792  0.80968  -234.54481  -236.49141  4.99985   768
1214.00  0.04185  0.04183  0.00857  0.80968  -233.62471  -235.56062  4.99985   768
1215.00  0.04183  0.04183  0.00920  0.80968  -232.60084  -234.54134  4.99985   768
1216.00  0.04183  0.04183  0.00955  0.80968  -232.02711  -233.90810  4.99985   768
1217.00  0.04183  0.04183  0.00939  0.80968  -232.21175  -234.05458  4.99985   768
1218.00  0.04185  0.04183  0.00903  0.80968  -232.75801  -234.58559  4.99985   768
1219.00  0.04184  0.04183  0.00846  0.80968  -233.63539  -235.45076  4.99985   768
1220.00  0.04184  0.04183  0.00793  0.80968  -234.41054  -236.25337  4.99985   768
1221.00  0.04184  0.04183  0.00765  0.80968  -234.92476  -236.79811  4.99985   768
1222.00  0.04182  0.04183  0.00784  0.80968  -234.69740  -236.62111  4.99985   768
1223.00  0.04183  0.04183  0.00841  0.80968  -233.80934  -235.75288  4.99985   768
1224.00  0.04184  0.04183  0.00909  0.80968  -232.77327  -234.70613  4.99985   768
1225.00  0.04185  0.04183  0.00957  0.80968  -232.02101  -233.97523  4.99985   768
1226.00  0.04183  0.04183  0.00968  0.80968  -231.79976  -233.68532  4.99985   768
1227.00  0.04184  0.04183  0.00935  0.80968  -232.29109  -234.13393  4.99985   768
1228.00  0.04183  0.04183  0.00881  0.80968  -233.06319  -234.91212  4.99985   768
1229.00  0.04183  0.04183  0.00811  0.80968  -234.14809  -235.98024  4.99985   768
1230.00  0.04185  0.04183  0.00772  0.80968  -234.77064  -236.63484  4.99985   768
1231.00  0.04184  0.04183  0.00766  0.80968  -234.96596  -236.86983  4.99985   768
1232.00  0.04183  0.04183  0.00807  0.80968  -234.31288  -236.24727  4.99985   768
1233.00  0.04185  0.04183  0.00873  0.80968  -233.33632  -235.27071  4.99985   768
1234.00  0.04183  0.04183  0.00925  0.80968  -232.49098  -234.40553  4.99985   768
1235.00  0.04183  0.04183  0.00949  0.80968  -232.07594  -233.93709  4.99985   768
1236.00  0.04184  0.04183  0.00944  0.80968  -232.17818  -234.04237  4.99985   768
1237.00  0.04184  0.04183  0.00894  0.80968  -232.90602  -234.72902  4.99985   768
1238.00  0.04184  0.04183  0.00835  0.80968  -233.75746  -235.58198  4.99985   768
1239.00  0.04183  0.04183  0.00781  0.80968  -234.65315  -236.49293  4.99985   768
1240.00  0.04183  0.04183  0.00756  0.80968  -235.04530  -236.91408  4.99985   768
1241.00  0.04184  0.04183  0.00778  0.80968  -234.78590  -236.71419  4.99985   768
1242.00  0.04183  0.04183  0.00829  0.80968  -234.02449  -235.97414  4.99985   768
1243.00  0.04183  0.04183  0.00897  0.80968  -232.95790  -234.91365  4.99985   768
1244.00  0.04184  0.04183  0.00935  0.80968  -232.35976  -234.28957  4.99985   768
1245.00  0.04184  0.04183  0.00946  0.80968  -232.09273  -233.98744  4.99985   768
1246.00  0.04183  0.04183  0.00920  0.80968  -232.48030  -234.32924  4.99985   768
1247.00  0.04182  0.04183  0.00856  0.80968  -233.44313  -235.27376  4.99985   768
1248.00  0.04182  0.04183  0.00797  0.80968  -234.35408  -236.19539  4.99985   768
1249.00  0.04183  0.04183  0.00769  0.80968  -234.81642  -236.67757  4.99985   768
1250.00  0.04183  0.04183  0.00768  0.80968  -234.86983  -236.77217  4.99985   768
1251.00  0.04184  0.04183  0.00814  0.80968  -234.25642  -236.19997  4.99985   768
1252.00  0.04185  0.04183  0.00886  0.80968  -233.11201  -235.04488  4.99985   768
1253.00  0.04183  0.04183  0.00937  0.80968  -232.33534  -234.25905  4.99985   768
1254.00  0.04185  0.04183  0.00960  0.80968  -231.89589  -233.77992  4.99985   768
1255.00  0.04185  0.04183  0.00949  0.80968  -232.06374  -233.91878  4.99985   768
1256.00  0.04183  0.04183  0.00899  0.80968  -232.81905  -234.65425  4.99985   768
1257.00  0.04184  0.04183  0.00832  0.80968  -233.79561  -235.59724  4.99985   768
1258.00  0.04183  0.04183  0.00778  0.80968  -234.69130  -236.56160  4.99985   768
1259.00  0.04184  0.04183  0.00759  0.80968  -235.01021  -236.90797  4.99985   768
1260.00  0.04183  0.04183  0.00784  0.80968  -234.67451  -236.59975  4.99985   768
1261.00  0.04183  0.04183  0.00846  0.80968  -233.77425  -235.73152  4.99985   768
1262.00  0.04185  0.04183  0.00907  0.80968  -232.80531  -234.74885  4.99985   768
1263.00  0.04182  0.04183  0.00937  0.80968  -232.33687  -234.23769  4.99985   768
1264.00  0.04183  0.04183  0.00944  0.80968  -232.17818  -234.05611  4.99985   768
1265.00  0.04183  0.04183  0.00905  0.80968  -232.67409  -234.51082  4.99985   768
1266.00  0.04184  0.04183  0.00847  0.80968  -233.59572  -235.40803  4.99985   768
1267.00  0.04184  0.04183  0.00783  0.80968  -234.61195  -236.43343  4.99985   768
1268.00  0.04184  0.04183  0.00740  0.80968  -235.27266  -237.12007  4.99985   768
1269.00  0.04184  0.04183  0.00755  0.80968  -235.13228  -237.03615  4.99985   768
1270.00  0.04183  0.04183  0.00807  0.80968  -234.35561  -236.27779  4.99985   768
1271.00  0.04183  0.04183  0.00881  0.80968  -233.21577  -235.15932  4.99985   768
1272.00  0.04183  0.04183  0.00937  0.80968  -232.28194  -234.19649  4.99985   768
1273.00  0.04184  0.04183  0.00954  0.80968  -231.99965  -233.89589  4.99985   768
1274.00  0.04184  0.04183  0.00935  0.80968  -232.26515  -234.11867  4.99985   768
1275.00  0.04183  0.04183  0.00879  0.80968  -233.11201  -234.95332  4.99985   768
1276.00  0.04183  0.04183  0.00818  0.80968  -234.03517  -235.87343  4.99985   768
1277.00  0.04183  0.04183  0.00779  0.80968  -234.70503  -236.56618  4.99985   768
1278.00  0.04182  0.04183  0.00770  0.80968  -234.83473  -236.73555  4.99985   768
1279.00  0.04183  0.04183  0.00798  0.80968  -234.47310  -236.40901  4.99985   768
1280.00  0.04184  0.04183  0.00856  0.80968  -233.56673  -235.50874  4.99985   768
1281.00  0.04183  0.04183  0.00919  0.80968  -232.58864  -234.52913  4.99985   768
1282.00  0.04183  0.04183  0.00955  0.80968  -232.05916  -233.95540  4.99985   768
1283.00  0.04184  0.04183  0.00961  0.80968  -231.88368  -233.76619  4.99985   768
1284.00  0.04182  0.04183  0.00929  0.80968  -232.33382  -234.17818  4.99985   768
1285.00  0.04183  0.04183  0.00862  0.80968  -233.31496  -235.09828  4.99985   768
1286.00  0.04183  0.04183  0.00798  0.80968  -234.39223  -236.23506  4.99985   768
1287.00  0.04184  0.04183  0.00770  0.80968  -234.81337  -236.68520  4.99985   768
1288.00  0.04184  0.04183  0.00784  0.80968  -234.61195  -236.53108  4.99985   768
1289.00  0.04183  0.04183  0.00829  0.80968  -234.01381  -235.93294  4.99985   768
1290.00  0.04183  0.04183  0.00892  0.80968  -233.01131  -234.96400  4.99985   768
1291.00  0.04184  0.04183  0.00943  0.80968  -232.20869  -234.14461  4.99985   768
1292.00  0.04184  0.04183  0.00955  0.80968  -232.01338  -233.90657  4.99985   768
1293.00  0.04183  0.04183  0.00933  0.80968  -232.33687  -234.21327  4.99985   768
1294.00  0.04183  0.04183  0.00878  0.80968  -233.14558  -234.98537  4.99985   768
1295.00  0.04182  0.04183  0.00813  0.80968  -234.15266  -235.96651  4.99985   768
1296.00  0.04183  0.04183  0.00758  0.80968  -234.99342  -236.84846  4.99985   768
1297.00  0.04181  0.04183  0.00748  0.80968  -235.12617  -237.02394  4.99985   768
1298.00  0.04183  0.04183  0.00779  0.80968  -234.73097  -236.65315  4.99985   768
1299.00  0.04183  0.04183  0.00843  0.80968  -233.81392  -235.76509  4.99985   768
1300.00  0.04182  0.04183  0.00908  0.80968  -232.80836  -234.73817  4.99985   768
1301.00  0.04183  0.04183  0.00945  0.80968  -232.16749  -234.05611  4.99985   768
1302.00  0.04183  0.04183  0.00939  0.80968  -232.23616  -234.08205  4.99985   768
1303.00  0.04183  0.04183  0.00904  0.80968  -232.69392  -234.52913  4.99985   768
1304.00  0.04184  0.04183  0.00839  0.80968  -233.72847  -235.52858  4.99985   768
1305.00  0.04182  0.04183  0.00788  0.80968  -234.54329  -236.39680  4.99985   768
1306.00  0.04182  0.04183  0.00767  0.80968  -234.92628  -236.81032  4.99985   768
1307.00  0.04183  0.04183  0.00782  0.80968  -234.68672  -236.60280  4.99985   768
1308.00  0.04183  0.04183  0.00832  0.80968  -233.93599  -235.87343  4.99985   768
1309.00  0.04183  0.04183  0.00898  0.80968  -232.97774  -234.94722  4.99985   768
1310.00  0.04183  0.04183  0.00951  0.80968  -232.11256  -234.04695  4.99985   768
1311.00  0.04183  0.04183  0.00960  0.80968  -231.92183  -233.83943  4.99985   768
1312.00  0.04183  0.04183  0.00941  0.80968  -232.15987  -234.01338  4.99985   768
1313.00  0.04182  0.04183  0.00886  0.80968  -233.05708  -234.89229  4.99985   768
1314.00  0.04184  0.04183  0.00820  0.80968  -233.99245  -235.82155  4.99985   768
1315.00  0.04185  0.04183  0.00784  0.80968  -234.59669  -236.45631  4.99985   768
1316.00  0.04183  0.04183  0.00775  0.80968  -234.80421  -236.66994  4.99985   768
1317.00  0.04183  0.04183  0.00804  0.80968  -234.36171  -236.27779  4.99985   768
1318.00  0.04182  0.04183  0.00874  0.80968  -233.31496  -235.26613  4.99985   768
1319.00  0.04183  0.04183  0.00933  0.80968  -232.38112  -234.30177  4.99985   768
1320.00  0.04183  0.04183  0.00964  0.80968  -231.90962  -233.79518  4.99985   768
1321.00  0.04183  0.04183  0.00962  0.80968  -231.90047  -233.78145  4.99985   768
1322.00  0.04183  0.04183  0.00923  0.80968  -232.45436  -234.30177  4.99985   768
1323.00  0.04184  0.04183  0.00852  0.80968  -233.48585  -235.29665  4.99985   768
1324.00  0.04184  0.04183  0.00793  0.80968  -234.44258  -236.28694  4.99985   768
1325.00  0.04183  0.04183  0.00763  0.80968  -235.00258  -236.88966  4.99985   768
1326.00  0.04183  0.04183  0.00778  0.80968  -234.78133  -236.70503  4.99985   768
1327.00  0.04183  0.04183  0.00830  0.80968  -233.98329  -235.94972  4.99985   768
1328.00  0.04183  0.04183  0.00901  0.80968  -232.92891  -234.88161  4.99985   768
1329.00  0.04183  0.04183  0.00940  0.80968  -232.24226  -234.16597  4.99985   768
1330.00  0.04183  0.04183  0.00950  0.80968  -232.11409  -233.98439  4.99985   768
1331.00  0.04182  0.04183  0.00931  0.80968  -232.32008  -234.16902  4.99985   768
1332.00  0.04183  0.04183  0.00877  0.80968  -233.13490  -234.96400  4.99985   768
1333.00  0.04183  0.04183  0.00806  0.80968  -234.24727  -236.06721  4.99985   768
1334.00  0.04184  0.04183  0.00763  0.80968  -234.91713  -236.75386  4.99985   768
1335.00  0.04183  0.04183  0.00761  0.80968  -234.98274  -236.88356  4.99985   768
1336.00  0.04184  0.04183  0.00797  0.80968  -234.51124  -236.43953  4.99985   768
1337.00  0.04183  0.04183  0.00862  0.80968  -233.52095  -235.45534  4.99985   768
1338.00  0.04183  0.04183  0.00925  0.80968  -232.46962  -234.38570  4.99985   768
1339.00  0.04182  0.04183  0.00963  0.80968  -231.86842  -233.79518  4.99985   768
1340.00  0.04182  0.04183  0.00944  0.80968  -232.13087  -233.96913  4.99985   768
1341.00  0.04183  0.04183  0.00895  0.80968  -232.87245  -234.70613  4.99985   768
1342.00  0.04183  0.04183  0.00842  0.80968  -233.71931  -235.57893  4.99985   768
1343.00  0.04183  0.04183  0.00784  0.80968  -234.59059  -236.43495  4.99985   768
1344.00  0.04183  0.04183  0.00761  0.80968  -234.99495  -236.89577  4.99985   768
1345.00  0.04183  0.04183  0.00773  0.80968  -234.81184  -236.73708  4.99985   768
1346.00  0.04183  0.04183  0.00837  0.80968  -233.84138  -235.80019  4.99985   768
1347.00  0.04183  0.04183  0.00910  0.80968  -232.74885  -234.70766  4.99985   768
1348.00  0.04184  0.04183  0.00959  0.80968  -232.01033  -233.93098  4.99985   768
1349.00  0.04184  0.04183  0.00977  0.80968  -231.65480  -233.53120  4.99985   768
1350.00  0.04183  0.04183  0.00940  0.80968  -232.17207  -234.00575  4.99985   768
1351.00  0.04183  0.04183  0.00867  0.80968  -233.24934  -235.04945  4.99985   768
1352.00  0.04184  0.04183  0.00805  0.80968  -234.19997  -236.01839  4.99985   768
1353.00  0.04183  0.04183  0.00760  0.80968  -234.97664  -236.81642  4.99985   768
1354.00  0.04182  0.04183  0.00756  0.80968  -235.07582  -236.97511  4.99985   768
1355.00  0.04184  0.04183  0.00804  0.80968  -234.39528  -236.33272  4.99985   768
1356.00  0.04182  0.04183  0.00869  0.80968  -233.41414  -235.35768  4.99985   768
1357.00  0.04182  0.04183  0.00939  0.80968  -232.32008  -234.25752  4.99985   768
1358.00  0.04183  0.04183  0.00969  0.80968  -231.83485  -233.74330  4.99985   768
1359.00  0.04183  0.04183  0.00953  0.80968  -231.96455  -233.81502  4.99985   768
1360.00  0.04182  0.04183  0.00906  0.80968  -232.69697  -234.53218  4.99985   768
1361.00  0.04182  0.04183  0.00835  0.80968  -233.78645  -235.61861  4.99985   768
1362.00  0.04183  0.04183  0.00772  0.80968  -234.78895  -236.63332  4.99985   768
1363.00  0.04183  0.04183  0.00749  0.80968  -235.23909  -237.12770  4.99985   768
1364.00  0.04181  0.04183  0.00768  0.80968  -234.90645  -236.82710  4.99985   768
1365.00  0.04182  0.04183  0.00830  0.80968  -234.03975  -235.98787  4.99985   768
1366.00  0.04183  0.04183  0.00894  0.80968  -233.00368  -234.94722  4.99985   768
1367.00  0.04183  0.04183  0.00947  0.80968  -232.13698  -234.04848  4.99985   768
1368.00  0.04182  0.04183  0.00954  0.80968  -232.01643  -233.89436  4.99985   768
1369.00  0.04182  0.04183  0.00928  0.80968  -232.37349  -234.19954  4.99985   768
1370.00  0.04182  0.04183  0.00876  0.80968  -233.12117  -234.93501  4.99985   768
1371.00  0.04182  0.04183  0.00804  0.80968  -234.26100  -236.06569  4.99985   768
1372.00  0.04182  0.04183  0.00755  0.80968  -235.06361  -236.92171  4.99985   768
1373.00  0.04184  0.04183  0.00757  0.80968  -235.09718  -237.01173  4.99985   768
1374.00  0.04183  0.04183  0.00803  0.80968  -234.43495  -236.38307  4.99985   768
1375.00  0.04183  0.04183  0.00861  0.80968  -233.53316  -235.48128  4.99985   768
1376.00  0.04181  0.04183  0.00922  0.80968  -232.62984  -234.58559  4.99985   768
1377.00  0.04182  0.04183  0.00940  0.80968  -232.25600  -234.17207  4.99985   768
1378.00  0.04183  0.04183  0.00941  0.80968  -232.23616  -234.12324  4.99985   768
1379.00  0.04182  0.04183  0.00900  0.80968  -232.83888  -234.69392  4.99985   768
1380.00  0.04182  0.04183  0.00829  0.80968  -233.89479  -235.69337  4.99985   768
1381.00  0.04183  0.04183  0.00765  0.80968  -234.80269  -236.63484  4.99985   768
1382.00  0.04182  0.04183  0.00740  0.80968  -235.29097  -237.14296  4.99985   768
1383.00  0.04183  0.04183  0.00762  0.80968  -234.96291  -236.88661  4.99985   768
1384.00  0.04182  0.04183  0.00824  0.80968  -234.09621  -236.04280  4.99985   768
1385.00  0.04182  0.04183  0.00894  0.80968  -232.99910  -234.93043  4.99985   768
1386.00  0.04182  0.04183  0.00939  0.80968  -232.29414  -234.20717  4.99985   768
1387.00  0.04182  0.04183  0.00950  0.80968  -232.06679  -233.93404  4.99985   768
1388.00  0.04183  0.04183  0.00920  0.80968  -232.47267  -234.30635  4.99985   768
1389.00  0.04183  0.04183  0.00863  0.80968  -233.37141  -235.18526  4.99985   768
1390.00  0.04183  0.04183  0.00797  0.80968  -234.37697  -236.20607  4.99985   768
1391.00  0.04182  0.04183  0.00758  0.80968  -234.99800  -236.87746  4.99985   768
1392.00  0.04183  0.04183  0.00765  0.80968  -234.95375  -236.88051  4.99985   768
1393.00  0.04183  0.04183  0.00811  0.80968  -234.28999  -236.22896  4.99985   768
1394.00  0.04183  0.04183  0.00885  0.80968  -233.12727  -235.09065  4.99985   768
1395.00  0.04183  0.04183  0.00946  0.80968  -232.22395  -234.18428  4.99985   768
1396.00  0.04181  0.04183  0.00972  0.80968  -231.75551  -233.64870  4.99985   768
1397.00  0.04183  0.04183  0.00949  0.80968  -232.06831  -233.92183  4.99985   768
1398.00  0.04182  0.04183  0.00910  0.80968  -232.60542  -234.43300  4.99985   768
1399.00  0.04183  0.04183  0.00844  0.80968  -233.66438  -235.47212  4.99985   768
1400.00  0.04183  0.04183  0.00794  0.80968  -234.45021  -236.31593  4.99985   768
1401.00  0.04183  0.04183  0.00765  0.80968  -234.88966  -236.72945  4.99985   768
1402.00  0.04182  0.04183  0.00785  0.80968  -234.65315  -236.56007  4.99985   768
1403.00  0.04183  0.04183  0.00838  0.80968  -233.86732  -235.80629  4.99985   768
1404.00  0.04181  0.04183  0.00905  0.80968  -232.81905  -234.74885  4.99985   768
1405.00  0.04182  0.04183  0.00952  0.80968  -232.09120  -233.98744  4.99985   768
1406.00  0.04183  0.04183  0.00957  0.80968  -231.96150  -233.84401  4.99985   768
1407.00  0.04182  0.04183  0.00912  0.80968  -232.62221  -234.44978  4.99985   768
1408.00  0.04183  0.04183  0.00850  0.80968  -233.56215  -235.40346  4.99985   768
1409.00  0.04183  0.04183  0.00787  0.80968  -234.52193  -236.35255  4.99985   768
1410.00  0.04182  0.04183  0.00744  0.80968  -235.23299  -237.11397  4.99985   768
1411.00  0.04183  0.04183  0.00760  0.80968  -235.04530  -236.95222  4.99985   768
1412.00  0.04183  0.04183  0.00799  0.80968  -234.47005  -236.40291  4.99985   768
1413.00  0.04182  0.04183  0.00864  0.80968  -233.44313  -235.40498  4.99985   768
1414.00  0.04183  0.04183  0.00919  0.80968  -232.57796  -234.50319  4.99985   768
1415.00  0.04183  0.04183  0.00949  0.80968  -232.12630  -234.03169  4.99985   768
1416.00  0.04182  0.04183  0.00939  0.80968  -232.20564  -234.05763  4.99985   768
1417.00  0.04182  0.04183  0.00887  0.80968  -232.96858  -234.78395  4.99985   768
1418.00  0.04183  0.04183  0.00829  0.80968  -233.85664  -235.66286  4.99985   768
1419.00  0.04181  0.04183  0.00783  0.80968  -234.62569  -236.47310  4.99985   768
1420.00  0.04182  0.04183  0.00762  0.80968  -234.92171  -236.78895  4.99985   768
1421.00  0.04182  0.04183  0.00794  0.80968  -234.53871  -236.44411  4.99985   768
1422.00  0.04183  0.04183  0.00855  0.80968  -233.67812  -235.62318  4.99985   768
1423.00  0.04182  0.04183  0.00919  0.80968  -232.60084  -234.53523  4.99985   768
1424.00  0.04183  0.04183  0.00952  0.80968  -232.07594  -234.00117  4.99985   768
1425.00  0.04182  0.04183  0.00963  0.80968  -231.89436  -233.77229  4.99985   768
1426.00  0.04182  0.04183  0.00933  0.80968  -232.32771  -234.16902  4.99985   768
1427.00  0.04181  0.04183  0.00876  0.80968  -233.17000  -235.00062  4.99985   768
1428.00  0.04181  0.04183  0.00822  0.80968  -234.02754  -235.88716  4.99985   768
1429.00  0.04183  0.04183  0.00785  0.80968  -234.60432  -236.46242  4.99985   768
1430.00  0.04182  0.04183  0.00787  0.80968  -234.59975  -236.51582  4.99985   768
1431.00  0.04183  0.04183  0.00835  0.80968  -233.91768  -235.86427  4.99985   768
1432.00  0.04182  0.04183  0.00895  0.80968  -232.97468  -234.93349  4.99985   768
1433.00  0.04183  0.04183  0.00946  0.80968  -232.17818  -234.08815  4.99985   768
1434.00  0.04180  0.04183  0.00963  0.80968  -231.86384  -233.74788  4.99985   768
1435.00  0.04182  0.04183  0.00938  0.80968  -232.20717  -234.05153  4.99985   768
1436.00  0.04182  0.04183  0.00893  0.80968  -232.90602  -234.71376  4.99985   768
1437.00  0.04182  0.04183  0.00831  0.80968  -233.84138  -235.66438  4.99985   768
1438.00  0.04183  0.04183  0.00774  0.80968  -234.69740  -236.51430  4.99985   768
1439.00  0.04183  0.04183  0.00768  0.80968  -234.94459  -236.83473  4.99985   768
1440.00  0.04181  0.04183  0.00795  0.80968  -234.47310  -236.39680  4.99985   768
1441.00  0.04182  0.04183  0.00852  0.80968  -233.65523  -235.61250  4.99985   768
1442.00  0.04183  0.04183  0.00919  0.80968  -232.59627  -234.53828  4.99985   768
1443.00  0.04182  0.04183  0.00954  0.80968  -232.10493  -234.03322  4.99985   768
1444.00  0.04182  0.04183  0.00952  0.80968  -232.02254  -233.90810  4.99985   768
1445.00  0.04183  0.04183  0.00912  0.80968  -232.59322  -234.42537  4.99985   768
1446.00  0.04182  0.04183  0.00854  0.80968  -233.52858  -235.37141  4.99985   768
1447.00  0.04183  0.04183  0.00783  0.80968  -234.61043  -236.41664  4.99985   768
1448.00  0.04183  0.04183  0.00753  0.80968  -235.10176  -236.99190  4.99985   768
1449.00  0.04181  0.04183  0.00771  0.80968  -234.89577  -236.79964  4.99985   768
1450.00  0.04182  0.04183  0.00825  0.80968  -234.04738  -235.97719  4.99985   768
1451.00  0.04183  0.04183  0.00897  0.80968  -232.94722  -234.89076  4.99985   768
1452.00  0.04181  0.04183  0.00945  0.80968  -232.19191  -234.10646  4.99985   768
1453.00  0.04181  0.04183  0.00963  0.80968  -231.88216  -233.76466  4.99985   768
1454.00  0.04182  0.04183  0.00944  0.80968  -232.08815  -233.94014  4.99985   768
1455.00  0.04181  0.04183  0.00889  0.80968  -232.96553  -234.77632  4.99985   768
1456.00  0.04182  0.04183  0.00820  0.80968  -234.06721  -235.87953  4.99985   768
1457.00  0.04182  0.04183  0.00778  0.80968  -234.68520  -236.54939  4.99985   768
1458.00  0.04182  0.04183  0.00763  0.80968  -234.98579  -236.87593  4.99985   768
1459.00  0.04182  0.04183  0.00794  0.80968  -234.54176  -236.48836  4.99985   768
1460.00  0.04183  0.04183  0.00859  0.80968  -233.53468  -235.48280  4.99985   768
1461.00  0.04182  0.04183  0.00926  0.80968  -232.56880  -234.52608  4.99985   768
1462.00  0.04180  0.04183  0.00952  0.80968  -232.06068  -233.95692  4.99985   768
1463.00  0.04183  0.04183  0.00950  0.80968  -232.08662  -233.96303  4.99985   768
1464.00  0.04182  0.04183  0.00915  0.80968  -232.59627  -234.45589  4.99985   768
1465.00  0.04183  0.04183  0.00841  0.80968  -233.65523  -235.47975  4.99985   768
1466.00  0.04182  0.04183  0.00778  0.80968  -234.63026  -236.44258  4.99985   768
1467.00  0.04181  0.04183  0.00757  0.80968  -235.05598  -236.92934  4.99985   768
1468.00  0.04182  0.04183  0.00774  0.80968  -234.84541  -236.73860  4.99985   768
1469.00  0.04181  0.04183  0.00824  0.80968  -234.05501  -236.00008  4.99985   768
1470.00  0.04183  0.04183  0.00894  0.80968  -232.98842  -234.93196  4.99985   768
1471.00  0.04182  0.04183  0.00942  0.80968  -232.22090  -234.13240  4.99985   768
1472.00  0.04183  0.04183  0.00948  0.80968  -232.11714  -233.98134  4.99985   768
1473.00  0.04181  0.04183  0.00918  0.80968  -232.54286  -234.38417  4.99985   768
1474.00  0.04182  0.04183  0.00870  0.80968  -233.29970  -235.14711  4.99985   768
1475.00  0.04182  0.04183  0.00805  0.80968  -234.24116  -236.07027  4.99985   768
1476.00  0.04183  0.04183  0.00757  0.80968  -235.00105  -236.85457  4.99985   768
1477.00  0.04182  0.04183  0.00757  0.80968  -235.08803  -237.00258  4.99985   768
1478.00  0.04182  0.04183  0.00803  0.80968  -234.41817  -236.38307  4.99985   768
1479.00  0.04181  0.04183  0.00871  0.80968  -233.35615  -235.30122  4.99985   768
1480.00  0.04182  0.04183  0.00929  0.80968  -232.46809  -234.41926  4.99985   768
1481.00  0.04182  0.04183  0.00963  0.80968  -231.95540  -233.88063  4.99985   768
1482.00  0.04182  0.04183  0.00957  0.80968  -231.95845  -233.81044  4.99985   768
1483.00  0.04181  0.04183  0.00903  0.80968  -232.75648  -234.58101  4.99985   768
1484.00  0.04183  0.04183  0.00838  0.80968  -233.69643  -235.50569  4.99985   768
1485.00  0.04181  0.04183  0.00782  0.80968  -234.60432  -236.42732  4.99985   768
1486.00  0.04183  0.04183  0.00755  0.80968  -235.05598  -236.94612  4.99985   768
1487.00  0.04182  0.04183  0.00778  0.80968  -234.75539  -236.66688  4.99985   768
1488.00  0.04181  0.04183  0.00828  0.80968  -234.05196  -235.99550  4.99985   768
1489.00  0.04182  0.04183  0.00899  0.80968  -232.98842  -234.94722  4.99985   768
1490.00  0.04182  0.04183  0.00945  0.80968  -232.17818  -234.10188  4.99985   768
1491.00  0.04183  0.04183  0.00952  0.80968  -232.00423  -233.88978  4.99985   768
1492.00  0.04183  0.04183  0.00917  0.80968  -232.56880  -234.42079  4.99985   768
1493.00  0.04182  0.04183  0.00868  0.80968  -233.28444  -235.13490  4.99985   768
1494.00  0.04181  0.04183  0.00806  0.80968  -234.21370  -236.06264  4.99985   768
1495.00  0.04182  0.04183  0.00765  0.80968  -234.90797  -236.77370  4.99985   768
1496.00  0.04181  0.04183  0.00767  0.80968  -234.95222  -236.86830  4.99985   768
1497.00  0.04180  0.04183  0.00804  0.80968  -234.38612  -236.31593  4.99985   768
1498.00  0.04183  0.04183  0.00858  0.80968  -233.55757  -235.51179  4.99985   768
1499.00  0.04183  0.04183  0.00922  0.80968  -232.58711  -234.51387  4.99985   768
1500.00  0.04183  0.04183  0.00958  0.80968  -231.97066  -233.87300  4.99985   768
1501.00  0.04183  0.04183  0.00948  0.80968  -232.08662  -233.93709  4.99985   768
1502.00  0.04182  0.04183  0.00902  0.80968  -232.76259  -234.58559  4.99985   768
1503.00  0.04182  0.04183  0.00841  0.80968  -233.65828  -235.48128  4.99985   768
1504.00  0.04183  0.04183  0.00785  0.80968  -234.59059  -236.41664  4.99985   768
1505.00  0.04182  0.04183  0.00766  0.80968  -234.85915  -236.73860  4.99985   768
1506.00  0.04181  0.04183  0.00778  0.80968  -234.77980  -236.70656  4.99985   768
1507.00  0.04182  0.04183  0.00836  0.80968  -233.87038  -235.82307  4.99985   768
1508.00  0.04182  0.04183  0.00904  0.80968  -232.82667  -234.78395  4.99985   768
1509.00  0.04182  0.04183  0.00943  0.80968  -232.27278  -234.21327  4.99985   768
1510.00  0.04182  0.04183  0.00954  0.80968  -232.02101  -233.92793  4.99985   768
1511.00  0.04181  0.04183  0.00932  0.80968  -232.31398  -234.17055  4.99985   768
1512.00  0.04183  0.04183  0.00871  0.80968  -233.23714  -235.05098  4.99985   768
1513.00  0.04182  0.04183  0.00810  0.80968  -234.16640  -236.02296  4.99985   768
1514.00  0.04183  0.04183  0.00771  0.80968  -234.79506  -236.65468  4.99985   768
1515.00  0.04183  0.04183  0.00772  0.80968  -234.81337  -236.69130  4.99985   768
1516.00  0.04182  0.04183  0.00813  0.80968  -234.28389  -236.20302  4.99985   768
1517.00  0.04180  0.04183  0.00870  0.80968  -233.36531  -235.30275  4.99985   768
1518.00  0.04183  0.04183  0.00926  0.80968  -232.50166  -234.41316  4.99985   768
1519.00  0.04183  0.04183  0.00951  0.80968  -232.02559  -233.90352  4.99985   768
1520.00  0.04182  0.04183  0.00942  0.80968  -232.21175  -234.07442  4.99985   768
1521.00  0.04181  0.04183  0.00899  0.80968  -232.76564  -234.60237  4.99985   768
1522.00  0.04181  0.04183  0.00838  0.80968  -233.70863  -235.52248  4.99985   768
1523.00  0.04181  0.04183  0.00790  0.80968  -234.49904  -236.35866  4.99985   768
1524.00  0.04182  0.04183  0.00772  0.80968  -234.80574  -236.70045  4.99985   768
1525.00  0.04182  0.04183  0.00795  0.80968  -234.51735  -236.43953  4.99985   768
1526.00  0.04182  0.04183  0.00848  0.80968  -233.71168  -235.67964  4.99985   768
1527.00  0.04182  0.04183  0.00910  0.80968  -232.78242  -234.74428  4.99985   768
1528.00  0.04181  0.04183  0.00949  0.80968  -232.09120  -234.01033  4.99985   768
1529.00  0.04182  0.04183  0.00950  0.80968  -232.08662  -233.95540  4.99985   768
1530.00  0.04182  0.04183  0.00918  0.80968  -232.57796  -234.41469  4.99985   768
1531.00  0.04180  0.04183  0.00857  0.80968  -233.42024  -235.24171  4.99985   768
1532.00  0.04182  0.04183  0.00800  0.80968  -234.33882  -236.16182  4.99985   768
1533.00  0.04182  0.04183  0.00770  0.80968  -234.88051  -236.73708  4.99985   768
1534.00  0.04180  0.04183  0.00771  0.80968  -234.82710  -236.73250  4.99985   768
1535.00  0.04182  0.04183  0.00818  0.80968  -234.15266  -236.09010  4.99985   768
1536.00  0.04182  0.04183  0.00879  0.80968  -233.22493  -235.15321  4.99985   768
1537.00  0.04182  0.04183  0.00937  0.80968  -232.34602  -234.27888  4.99985   768
1538.00  0.04183  0.04183  0.00955  0.80968  -231.98897  -233.87605  4.99985   768
1539.00  0.04182  0.04183  0.00936  0.80968  -232.26057  -234.11104  4.99985   768
1540.00  0.04181  0.04183  0.00887  0.80968  -233.00215  -234.82057  4.99985   768
1541.00  0.04183  0.04183  0.00825  0.80968  -233.96193  -235.81544  4.99985   768
1542.00  0.04183  0.04183  0.00773  0.80968  -234.75691  -236.60890  4.99985   768
1543.00  0.04181  0.04183  0.00763  0.80968  -234.98274  -236.91865  4.99985   768
1544.00  0.04181  0.04183  0.00794  0.80968  -234.50514  -236.43800  4.99985   768
1545.00  0.04181  0.04183  0.00861  0.80968  -233.55604  -235.53773  4.99985   768
1546.00  0.04182  0.04183  0.00919  0.80968  -232.60542  -234.54134  4.99985   768
1547.00  0.04181  0.04183  0.00956  0.80968  -232.00728  -233.91420  4.99985   768
1548.00  0.04181  0.04183  0.00953  0.80968  -231.98897  -233.87453  4.99985   768
1549.00  0.04181  0.04183  0.00919  0.80968  -232.53065  -234.36128  4.99985   768
1550.00  0.04182  0.04183  0.00863  0.80968  -233.33021  -235.16237  4.99985   768
1551.00  0.04182  0.04183  0.00804  0.80968  -234.27321  -236.10078  4.99985   768
1552.00  0.04180  0.04183  0.00768  0.80968  -234.80421  -236.65773  4.99985   768
1553.00  0.04181  0.04183  0.00774  0.80968  -234.79201  -236.70045  4.99985   768
1554.00  0.04181  0.04183  0.00830  0.80968  -233.99855  -235.93751  4.99985   768
1555.00  0.04180  0.04183  0.00889  0.80968  -233.05250  -234.99605  4.99985   768
1556.00  0.04183  0.04183  0.00937  0.80968  -232.28651  -234.21327  4.99985   768
1557.00  0.04181  0.04183  0.00949  0.80968  -232.08510  -233.96913  4.99985   768
1558.00  0.04181  0.04183  0.00929  0.80968  -232.31856  -234.18581  4.99985   768
1559.00  0.04181  0.04183  0.00876  0.80968  -233.18526  -235.03725  4.99985   768
1560.00  0.04182  0.04183  0.00821  0.80968  -234.02754  -235.86580  4.99985   768
1561.00  0.04181  0.04183  0.00775  0.80968  -234.73402  -236.59975  4.99985   768
1562.00  0.04183  0.04183  0.00763  0.80968  -234.99190  -236.89577  4.99985   768
1563.00  0.04182  0.04183  0.00800  0.80968  -234.37239  -236.32051  4.99985   768
1564.00  0.04181  0.04183  0.00858  0.80968  -233.54079  -235.47670  4.99985   768
1565.00  0.04181  0.04183  0.00919  0.80968  -232.62526  -234.56270  4.99985   768
1566.00  0.04181  0.04183  0.00957  0.80968  -231.97523  -233.89741  4.99985   768
1567.00  0.04181  0.04183  0.00945  0.80968  -232.13240  -233.97066  4.99985   768
1568.00  0.04182  0.04183  0.00907  0.80968  -232.67866  -234.53218  4.99985   768
1569.00  0.04182  0.04183  0.00838  0.80968  -233.68880  -235.48585  4.99985   768
1570.00  0.04181  0.04183  0.00780  0.80968  -234.61348  -236.41359  4.99985   768
1571.00  0.04182  0.04183  0.00756  0.80968  -235.01479  -236.91408  4.99985   768
1572.00  0.04180  0.04183  0.00772  0.80968  -234.77522  -236.71266  4.99985   768
1573.00  0.04181  0.04183  0.00827  0.80968  -234.06569  -236.00770  4.99985   768
1574.00  0.04182  0.04183  0.00896  0.80968  -232.97774  -234.93806  4.99985   768
1575.00  0.04183  0.04183  0.00949  0.80968  -232.13240  -234.06068  4.99985   768
1576.00  0.04181  0.04183  0.00964  0.80968  -231.88521  -233.77382  4.99985   768
1577.00  0.04181  0.04183  0.00936  0.80968  -232.21785  -234.07899  4.99985   768
1578.00  0.04182  0.04183  0.00884  0.80968  -233.08913  -234.93501  4.99985   768
1579.00  0.04182  0.04183  0.00806  0.80968  -234.24269  -236.06874  4.99985   768
1580.00  0.04182  0.04183  0.00766  0.80968  -234.86220  -236.73097  4.99985   768
1581.00  0.04180  0.04183  0.00768  0.80968  -234.89577  -236.77675  4.99985   768
1582.00  0.04182  0.04183  0.00802  0.80968  -234.38307  -236.30830  4.99985   768
1583.00  0.04181  0.04183  0.00866  0.80968  -233.45839  -235.41109  4.99985   768
1584.00  0.04181  0.04183  0.00923  0.80968  -232.55965  -234.47572  4.99985   768
1585.00  0.04181  0.04183  0.00957  0.80968  -231.95845  -233.84706  4.99985   768
1586.00  0.04182  0.04183  0.00942  0.80968  -232.16902  -234.02711  4.99985   768
1587.00  0.04181  0.04183  0.00899  0.80968  -232.81447  -234.64052  4.99985   768
1588.00  0.04181  0.04183  0.00846  0.80968  -233.63997  -235.45076  4.99985   768
1589.00  0.04182  0.04183  0.00779  0.80968  -234.63942  -236.48836  4.99985   768
1590.00  0.04181  0.04183  0.00753  0.80968  -235.12770  -237.01326  4.99985   768
1591.00  0.04181  0.04183  0.00782  0.80968  -234.70961  -236.64705  4.99985   768
1592.00  0.04182  0.04183  0.00828  0.80968  -234.01991  -235.96498  4.99985   768
1593.00  0.04180  0.04183  0.00908  0.80968  -232.80531  -234.76564  4.99985   768
1594.00  0.04181  0.04183  0.00958  0.80968  -232.02254  -233.95082  4.99985   768
1595.00  0.04180  0.04183  0.00962  0.80968  -231.94166  -233.84401  4.99985   768
1596.00  0.04182  0.04183  0.00934  0.80968  -232.30788  -234.16292  4.99985   768
1597.00  0.04181  0.04183  0.00880  0.80968  -233.10133  -234.91518  4.99985   768
1598.00  0.04181  0.04183  0.00800  0.80968  -234.28694  -236.09773  4.99985   768
1599.00  0.04181  0.04183  0.00754  0.80968  -235.01326  -236.86983  4.99985   768
1600.00  0.04180  0.04183  0.00756  0.80968  -235.11092  -236.99647  4.99985   768
1601.00  0.04182  0.04183  0.00796  0.80968  -234.51582  -236.45937  4.99985   768
1602.00  0.04181  0.04183  0.00866  0.80968  -233.42940  -235.37294  4.99985   768
1603.00  0.04180  0.04183  0.00931  0.80968  -232.42995  -234.36128  4.99985   768
1604.00  0.04181  0.04183  0.00966  0.80968  -231.83180  -233.73415  4.99985   768
1605.00  0.04181  0.04183  0.00952  0.80968  -231.99660  -233.83638  4.99985   768
1606.00  0.04183  0.04183  0.00908  0.80968  -232.65578  -234.49251  4.99985   768
1607.00  0.04180  0.04183  0.00832  0.80968  -233.83833  -235.65523  4.99985   768
1608.00  0.04181  0.04183  0.00780  0.80968  -234.60432  -236.46547  4.99985   768
1609.00  0.04181  0.04183  0.00751  0.80968  -235.16127  -237.03462  4.99985   768
1610.00  0.04180  0.04183  0.00763  0.80968  -235.01479  -236.93391  4.99985   768
1611.00  0.04181  0.04183  0.00814  0.80968  -234.24269  -236.20302  4.99985   768
1612.00  0.04181  0.04183  0.00884  0.80968  -233.16389  -235.11812  4.99985   768
1613.00  0.04182  0.04183  0.00939  0.80968  -232.32161  -234.26820  4.99985   768
1614.00  0.04181  0.04183  0.00959  0.80968  -231.96760  -233.87453  4.99985   768
1615.00  0.04180  0.04183  0.00927  0.80968  -232.40401  -234.23463  4.99985   768
1616.00  0.04182  0.04183  0.00870  0.80968  -233.20509  -235.01588  4.99985   768
1617.00  0.04181  0.04183  0.00814  0.80968  -234.12215  -235.94667  4.99985   768
1618.00  0.04182  0.04183  0.00765  0.80968  -234.87746  -236.72182  4.99985   768
1619.00  0.04183  0.04183  0.00756  0.80968  -235.05598  -236.94002  4.99985   768
1620.00  0.04182  0.04183  0.00792  0.80968  -234.57381  -236.48683  4.99985   768
1621.00  0.04182  0.04183  0.00856  0.80968  -233.60335  -235.55299  4.99985   768
1622.00  0.04182  0.04183  0.00923  0.80968  -232.52302  -234.44978  4.99985   768
1623.00  0.04182  0.04183  0.00964  0.80968  -231.88978  -233.79060  4.99985   768
1624.00  0.04181  0.04183  0.00953  0.80968  -232.04695  -233.91267  4.99985   768
1625.00  0.04180  0.04183  0.00904  0.80968  -232.69545  -234.52913  4.99985   768
1626.00  0.04183  0.04183  0.00849  0.80968  -233.60335  -235.44160  4.99985   768
1627.00  0.04182  0.04183  0.00795  0.80968  -234.43037  -236.28084  4.99985   768
1628.00  0.04181  0.04183  0.00769  0.80968  -234.86220  -236.74623  4.99985   768
1629.00  0.04183  0.04183  0.00782  0.80968  -234.69130  -236.61348  4.99985   768
1630.00  0.04181  0.04183  0.00834  0.80968  -233.97108  -235.92073  4.99985   768
1631.00  0.04181  0.04183  0.00898  0.80968  -232.87245  -234.81447  4.99985   768
1632.00  0.04181  0.04183  0.00946  0.80968  -232.15376  -234.06068  4.99985   768
1633.00  0.04182  0.04183  0.00954  0.80968  -232.00575  -233.88216  4.99985   768
1634.00  0.04181  0.04183  0.00932  0.80968  -232.32161  -234.14613  4.99985   768
1635.00  0.04182  0.04183  0.00868  0.80968  -233.26765  -235.06624  4.99985   768
1636.00  0.04180  0.04183  0.00807  0.80968  -234.19081  -236.01076  4.99985   768
1637.00  0.04182  0.04183  0.00764  0.80968  -234.90034  -236.75081  4.99985   768
1638.00  0.04182  0.04183  0.00768  0.80968  -234.91255  -236.81489  4.99985   768
1639.00  0.04181  0.04183  0.00801  0.80968  -234.43037  -236.36018  4.99985   768
1640.00  0.04183  0.04183  0.00860  0.80968  -233.49196  -235.42024  4.99985   768
1641.00  0.04181  0.04183  0.00917  0.80968  -232.67103  -234.61458  4.99985   768
1642.00  0.04182  0.04183  0.00950  0.80968  -232.09883  -234.00728  4.99985   768
1643.00  0.04181  0.04183  0.00935  0.80968  -232.29567  -234.15681  4.99985   768
1644.00  0.04181  0.04183  0.00894  0.80968  -232.90144  -234.76106  4.99985   768
1645.00  0.04181  0.04183  0.00838  0.80968  -233.77272  -235.62776  4.99985   768
1646.00  0.04182  0.04183  0.00780  0.80968  -234.67909  -236.52345  4.99985   768
1647.00  0.04182  0.04183  0.00760  0.80968  -235.01173  -236.90492  4.99985   768
1648.00  0.04181  0.04183  0.00788  0.80968  -234.57838  -236.50362  4.99985   768
1649.00  0.04180  0.04183  0.00841  0.80968  -233.83681  -235.77272  4.99985   768
1650.00  0.04182  0.04183  0.00905  0.80968  -232.86024  -234.77785  4.99985   768
1651.00  0.04181  0.04183  0.00954  0.80968  -232.05458  -233.96303  4.99985   768
1652.00  0.04180  0.04183  0.00963  0.80968  -231.81807  -233.67616  4.99985   768
1653.00  0.04180  0.04183  0.00932  0.80968  -232.34907  -234.18733  4.99985   768
1654.00  0.04181  0.04183  0.00885  0.80968  -232.99452  -234.82820  4.99985   768
1655.00  0.04181  0.04183  0.00817  0.80968  -234.12062  -235.94209  4.99985   768
1656.00  0.04183  0.04183  0.00769  0.80968  -234.84541  -236.69740  4.99985   768
1657.00  0.04181  0.04183  0.00779  0.80968  -234.73708  -236.64247  4.99985   768
1658.00  0.04183  0.04183  0.00813  0.80968  -234.26710  -236.21065  4.99985   768
1659.00  0.04182  0.04183  0.00876  0.80968  -233.24934  -235.20662  4.99985   768
1660.00  0.04182  0.04183  0.00934  0.80968  -232.38417  -234.32924  4.99985   768
1661.00  0.04180  0.04183  0.00960  0.80968  -231.96150  -233.87758  4.99985   768
1662.00  0.04182  0.04183  0.00944  0.80968  -232.12019  -233.97371  4.99985   768
1663.00  0.04180  0.04183  0.00894  0.80968  -232.92433  -234.74885  4.99985   768
1664.00  0.04182  0.04183  0.00843  0.80968  -233.67659  -235.52400  4.99985   768
1665.00  0.04182  0.04183  0.00788  0.80968  -234.50972  -236.32661  4.99985   768
1666.00  0.04181  0.04183  0.00770  0.80968  -234.87898  -236.75996  4.99985   768
1667.00  0.04179  0.04183  0.00791  0.80968  -234.54939  -236.46242  4.99985   768
1668.00  0.04183  0.04183  0.00843  0.80968  -233.76204  -235.69643  4.99985   768
1669.00  0.04180  0.04183  0.00909  0.80968  -232.76869  -234.69850  4.99985   768
1670.00  0.04180  0.04183  0.00944  0.80968  -232.16749  -234.05458  4.99985   768
1671.00  0.04181  0.04183  0.00960  0.80968  -231.94166  -233.82417  4.99985   768
1672.00  0.04181  0.04183  0.00928  0.80968  -232.33992  -234.19343  4.99985   768
1673.00  0.04181  0.04183  0.00878  0.80968  -233.15474  -234.99300  4.99985   768
1674.00  0.04182  0.04183  0.00824  0.80968  -233.98329  -235.83070  4.99985   768
1675.00  0.04181  0.04183  0.00780  0.80968  -234.69588  -236.57228  4.99985   768
1676.00  0.04181  0.04183  0.00789  0.80968  -234.58144  -236.48836  4.99985   768
1677.00  0.04181  0.04183  0.00838  0.80968  -233.85512  -235.79866  4.99985   768
1678.00  0.04181  0.04183  0.00896  0.80968  -232.97926  -234.93043  4.99985   768
1679.00  0.04180  0.04183  0.00948  0.80968  -232.18123  -234.11409  4.99985   768
1680.00  0.04182  0.04183  0.00965  0.80968  -231.85011  -233.75856  4.99985   768
1681.00  0.04182  0.04183  0.00941  0.80968  -232.19343  -234.03322  4.99985   768
1682.00  0.04180  0.04183  0.00893  0.80968  -232.87703  -234.72749  4.99985   768
1683.00  0.04182  0.04183  0.00836  0.80968  -233.72237  -235.54689  4.99985   768
1684.00  0.04181  0.04183  0.00783  0.80968  -234.60432  -236.43190  4.99985   768
1685.00  0.04181  0.04183  0.00769  0.80968  -234.85609  -236.70961  4.99985   768
1686.00  0.04181  0.04183  0.00800  0.80968  -234.43037  -236.33119  4.99985   768
1687.00  0.04181  0.04183  0.00853  0.80968  -233.58656  -235.52095  4.99985   768
1688.00  0.04182  0.04183  0.00919  0.80968  -232.63747  -234.57643  4.99985   768
1689.00  0.04182  0.04183  0.00957  0.80968  -231.97371  -233.88826  4.99985   768
1690.00  0.04181  0.04183  0.00948  0.80968  -232.09273  -233.95082  4.99985   768
1691.00  0.04181  0.04183  0.00911  0.80968  -232.64052  -234.47725  4.99985   768
1692.00  0.04182  0.04183  0.00851  0.80968  -233.56825  -235.41566  4.99985   768
1693.00  0.04181  0.04183  0.00786  0.80968  -234.55244  -236.37697  4.99985   768
1694.00  0.04181  0.04183  0.00759  0.80968  -235.01479  -236.90492  4.99985   768
1695.00  0.04181  0.04183  0.00782  0.80968  -234.67604  -236.58754  4.99985   768
1696.00  0.04181  0.04183  0.00819  0.80968  -234.17708  -236.13283  4.99985   768
1697.00  0.04181  0.04183  0.00880  0.80968  -233.22645  -235.18526  4.99985   768
1698.00  0.04181  0.04183  0.00934  0.80968  -232.40248  -234.30635  4.99985   768
1699.00  0.04181  0.04183  0.00956  0.80968  -231.98744  -233.88673  4.99985   768
1700.00  0.04182  0.04183  0.00942  0.80968  -232.14461  -233.98592  4.99985   768
1701.00  0.04181  0.04183  0.00888  0.80968  -232.98231  -234.78242  4.99985   768
1702.00  0.04181  0.04183  0.00825  0.80968  -233.96651  -235.78035  4.99985   768
1703.00  0.04182  0.04183  0.00772  0.80968  -234.79506  -236.62416  4.99985   768
1704.00  0.04183  0.04183  0.00765  0.80968  -234.93391  -236.82558  4.99985   768
1705.00  0.04182  0.04183  0.00808  0.80968  -234.35561  -236.27473  4.99985   768
1706.00  0.04182  0.04183  0.00868  0.80968  -233.38362  -235.33784  4.99985   768
1707.00  0.04181  0.04183  0.00922  0.80968  -232.57490  -234.51997  4.99985   768
1708.00  0.04182  0.04183  0.00959  0.80968  -231.97218  -233.89436  4.99985   768
1709.00  0.04181  0.04183  0.00956  0.80968  -231.96150  -233.83028  4.99985   768
1710.00  0.04180  0.04183  0.00928  0.80968  -232.42079  -234.28346  4.99985   768
1711.00  0.04180  0.04183  0.00863  0.80968  -233.36226  -235.18831  4.99985   768
1712.00  0.04180  0.04183  0.00799  0.80968  -234.34492  -236.17860  4.99985   768
1713.00  0.04182  0.04183  0.00759  0.80968  -234.98122  -236.85304  4.99985   768
1714.00  0.04181  0.04183  0.00769  0.80968  -234.92934  -236.84846  4.99985   768
1715.00  0.04180  0.04183  0.00819  0.80968  -234.15877  -236.08552  4.99985   768
1716.00  0.04181  0.04183  0.00875  0.80968  -233.27681  -235.21730  4.99985   768
1717.00  0.04181  0.04183  0.00924  0.80968  -232.50624  -234.42842  4.99985   768
1718.00  0.04181  0.04183  0.00931  0.80968  -232.38264  -234.27125  4.99985   768
1719.00  0.04181  0.04183  0.00915  0.80968  -232.54744  -234.40095  4.99985   768
1720.00  0.04181  0.04183  0.00863  0.80968  -233.32716  -235.13643  4.99985   768
1721.00  0.04182  0.04183  0.00801  0.80968  -234.30067  -236.13130  4.99985   768
1722.00  0.04182  0.04183  0.00757  0.80968  -234.99800  -236.82863  4.99985   768
1723.00  0.04181  0.04183  0.00743  0.80968  -235.26503  -237.14601  4.99985   768
1724.00  0.04181  0.04183  0.00781  0.80968  -234.73708  -236.68367  4.99985   768
1725.00  0.04181  0.04183  0.00846  0.80968  -233.77577  -235.73305  4.99985   768
1726.00  0.04180  0.04183  0.00907  0.80968  -232.82057  -234.77479  4.99985   768
1727.00  0.04181  0.04183  0.00945  0.80968  -232.20717  -234.12630  4.99985   768
1728.00  0.04180  0.04183  0.00943  0.80968  -232.19496  -234.05916  4.99985   768
1729.00  0.04181  0.04183  0.00912  0.80968  -232.59627  -234.46657  4.99985   768
1730.00  0.04180  0.04183  0.00862  0.80968  -233.32716  -235.15169  4.99985   768
1731.00  0.04179  0.04183  0.00798  0.80968  -234.41359  -236.24727  4.99985   768
1732.00  0.04181  0.04183  0.00776  0.80968  -234.75081  -236.61653  4.99985   768
1733.00  0.04181  0.04183  0.00787  0.80968  -234.59975  -236.47768  4.99985   768
1734.00  0.04181  0.04183  0.00843  0.80968  -233.75441  -235.70253  4.99985   768
1735.00  0.04181  0.04183  0.00911  0.80968  -232.67866  -234.60390  4.99985   768
1736.00  0.04182  0.04183  0.00959  0.80968  -231.96760  -233.87605  4.99985   768
1737.00  0.04182  0.04183  0.00978  0.80968  -231.59987  -233.46559  4.99985   768
1738.00  0.04182  0.04183  0.00953  0.80968  -231.96760  -233.82875  4.99985   768
1739.00  0.04181  0.04183  0.00897  0.80968  -232.81599  -234.63441  4.99985   768
1740.00  0.04180  0.04183  0.00834  0.80968  -233.82002  -235.65828  4.99985   768
1741.00  0.04182  0.04183  0.00788  0.80968  -234.58601  -236.44563  4.99985   768
1742.00  0.04181  0.04183  0.00774  0.80968  -234.79658  -236.68825  4.99985   768
1743.00  0.04181  0.04183  0.00807  0.80968  -234.33577  -236.27321  4.99985   768
1744.00  0.04180  0.04183  0.00869  0.80968  -233.42635  -235.38972  4.99985   768
1745.00  0.04181  0.04183  0.00931  0.80968  -232.42384  -234.35365  4.99985   768
1746.00  0.04181  0.04183  0.00958  0.80968  -231.93098  -233.84248  4.99985   768
1747.00  0.04180  0.04183  0.00951  0.80968  -232.04390  -233.91267  4.99985   768
1748.00  0.04183  0.04183  0.00894  0.80968  -232.83583  -234.67103  4.99985   768
1749.00  0.04181  0.04183  0.00836  0.80968  -233.79408  -235.61098  4.99985   768
1750.00  0.04181  0.04183  0.00777  0.80968  -234.70045  -236.53871  4.99985   768
1751.00  0.04181  0.04183  0.00749  0.80968  -235.13075  -237.00105  4.99985   768
1752.00  0.04181  0.04183  0.00774  0.80968  -234.82405  -236.72792  4.99985   768
1753.00  0.04180  0.04183  0.00825  0.80968  -234.02449  -235.95430  4.99985   768
1754.00  0.04182  0.04183  0.00889  0.80968  -233.10438  -235.06166  4.99985   768
1755.00  0.04182  0.04183  0.00952  0.80968  -232.09883  -234.01643  4.99985   768
1756.00  0.04180  0.04183  0.00960  0.80968  -231.95387  -233.83638  4.99985   768
1757.00  0.04181  0.04183  0.00935  0.80968  -232.25294  -234.10341  4.99985   768
1758.00  0.04180  0.04183  0.00879  0.80968  -233.13032  -234.98079  4.99985   768
1759.00  0.04180  0.04183  0.00815  0.80968  -234.10231  -235.92683  4.99985   768
1760.00  0.04181  0.04183  0.00768  0.80968  -234.85304  -236.72182  4.99985   768
1761.00  0.04181  0.04183  0.00781  0.80968  -234.74470  -236.66688  4.99985   768
1762.00  0.04182  0.04183  0.00821  0.80968  -234.12062  -236.06874  4.99985   768
1763.00  0.04181  0.04183  0.00887  0.80968  -233.16237  -235.11049  4.99985   768
1764.00  0.04182  0.04183  0.00945  0.80968  -232.25294  -234.16139  4.99985   768
1765.00  0.04182  0.04183  0.00967  0.80968  -231.81807  -233.71736  4.99985   768
1766.00  0.04180  0.04183  0.00961  0.80968  -231.89741  -233.75551  4.99985   768
1767.00  0.04181  0.04183  0.00919  0.80968  -232.48183  -234.30635  4.99985   768
1768.00  0.04183  0.04183  0.00854  0.80968  -233.48128  -235.30580  4.99985   768
1769.00  0.04181  0.04183  0.00793  0.80968  -234.42427  -236.26100  4.99985   768
1770.00  0.04182  0.04183  0.00768  0.80968  -234.87288  -236.72945  4.99985   768
1771.00  0.04182  0.04183  0.00778  0.80968  -234.74165  -236.64857  4.99985   768
1772.00  0.04180  0.04183  0.00841  0.80968  -233.82460  -235.77272  4.99985   768
1773.00  0.04180  0.04183  0.00914  0.80968  -232.71834  -234.66951  4.99985   768
1774.00  0.04181  0.04183  0.00957  0.80968  -232.02101  -233.95235  4.99985   768
1775.00  0.04181  0.04183  0.00965  0.80968  -231.81197  -233.70058  4.99985   768
1776.00  0.04181  0.04183  0.00938  0.80968  -232.24531  -234.09425  4.99985   768
1777.00  0.04181  0.04183  0.00881  0.80968  -233.06319  -234.90602  4.99985   768
1778.00  0.04182  0.04183  0.00813  0.80968  -234.08705  -235.92683  4.99985   768
1779.00  0.04181  0.04183  0.00769  0.80968  -234.89882  -236.76912  4.99985   768
1780.00  0.04179  0.04183  0.00765  0.80968  -234.86525  -236.76759  4.99985   768
1781.00  0.04182  0.04183  0.00803  0.80968  -234.35713  -236.30373  4.99985   768
1782.00  0.04181  0.04183  0.00876  0.80968  -233.26765  -235.20051  4.99985   768
1783.00  0.04181  0.04183  0.00927  0.80968  -232.49403  -234.41011  4.99985   768
1784.00  0.04180  0.04183  0.00957  0.80968  -232.00880  -233.90199  4.99985   768
1785.00  0.04183  0.04183  0.00960  0.80968  -231.88826  -233.74483  4.99985   768
1786.00  0.04181  0.04183  0.00901  0.80968  -232.77937  -234.59016  4.99985   768
1787.00  0.04180  0.04183  0.00844  0.80968  -233.66591  -235.49959  4.99985   768
1788.00  0.04181  0.04183  0.00787  0.80968  -234.51887  -236.34798  4.99985   768
1789.00  0.04180  0.04183  0.00759  0.80968  -234.98274  -236.86525  4.99985   768
1790.00  0.04181  0.04183  0.00781  0.80968  -234.70656  -236.64552  4.99985   768
1791.00  0.04181  0.04183  0.00847  0.80968  -233.72389  -235.69032  4.99985   768
1792.00  0.04181  0.04183  0.00907  0.80968  -232.82667  -234.77785  4.99985   768
1793.00  0.04181  0.04183  0.00959  0.80968  -231.99354  -233.93098  4.99985   768
1794.00  0.04181  0.04183  0.00964  0.80968  -231.85469  -233.74635  4.99985   768
1795.00  0.04181  0.04183  0.00944  0.80968  -232.16597  -234.03017  4.99985   768
1796.00  0.04181  0.04183  0.00884  0.80968  -233.01436  -234.85109  4.99985   768
1797.00  0.04181  0.04183  0.00826  0.80968  -233.94667  -235.76356  4.99985   768
1798.00  0.04182  0.04183  0.00774  0.80968  -234.67604  -236.51735  4.99985   768
1799.00  0.04180  0.04183  0.00760  0.80968  -234.97053  -236.86372  4.99985   768
1800.00  0.04180  0.04183  0.00803  0.80968  -234.37697  -236.31441  4.99985   768
1801.00  0.04181  0.04183  0.00867  0.80968  -233.42329  -235.37752  4.99985   768
1802.00  0.04181  0.04183  0.00929  0.80968  -232.44368  -234.35823  4.99985   768
1803.00  0.04181  0.04183  0.00966  0.80968  -231.83028  -233.73567  4.99985   768
1804.00  0.04181  0.04183  0.00949  0.80968  -232.06068  -233.90047  4.99985   768
1805.00  0.04180  0.04183  0.00907  0.80968  -232.72444  -234.57185  4.99985   768
1806.00  0.04181  0.04183  0.00848  0.80968  -233.58809  -235.40651  4.99985   768
1807.00  0.04180  0.04183  0.00786  0.80968  -234.52345  -236.36629  4.99985   768
1808.00  0.04181  0.04183  0.00752  0.80968  -235.16127  -237.03004  4.99985   768
1809.00  0.04181  0.04183  0.00776  0.80968  -234.80879  -236.73555  4.99985   768
1810.00  0.04180  0.04183  0.00838  0.80968  -233.86580  -235.81087  4.99985   768
1811.00  0.04180  0.04183  0.00909  0.80968  -232.81142  -234.78242  4.99985   768
1812.00  0.04180  0.04183  0.00959  0.80968  -232.02711  -233.97066  4.99985   768
1813.00  0.04181  0.04183  0.00971  0.80968  -231.74177  -233.62886  4.99985   768
1814.00  0.04180  0.04183  0.00939  0.80968  -232.24226  -234.09273  4.99985   768
1815.00  0.04180  0.04183  0.00876  0.80968  -233.16695  -234.98842  4.99985   768
1816.00  0.04180  0.04183  0.00825  0.80968  -233.91463  -235.74373  4.99985   768
1817.00  0.04181  0.04183  0.00771  0.80968  -234.79658  -236.63637  4.99985   768
1818.00  0.04182  0.04183  0.00771  0.80968  -234.86067  -236.75386  4.99985   768
1819.00  0.04181  0.04183  0.00808  0.80968  -234.27321  -236.19234  4.99985   768
1820.00  0.04182  0.04183  0.00869  0.80968  -233.41109  -235.34242  4.99985   768
1821.00  0.04180  0.04183  0.00936  0.80968  -232.37044  -234.30330  4.99985   768
1822.00  0.04180  0.04183  0.00969  0.80968  -231.76771  -233.67311  4.99985   768
1823.00  0.04181  0.04183  0.00956  0.80968  -231.89894  -233.76314  4.99985   768
1824.00  0.04179  0.04183  0.00907  0.80968  -232.70766  -234.54591  4.99985   768
1825.00  0.04182  0.04183  0.00845  0.80968  -233.61098  -235.43092  4.99985   768
1826.00  0.04181  0.04183  0.00789  0.80968  -234.53718  -236.39680  4.99985   768
1827.00  0.04182  0.04183  0.00754  0.80968  -235.07887  -236.96748  4.99985   768
1828.00  0.04181  0.04183  0.00781  0.80968  -234.69893  -236.63942  4.99985   768
1829.00  0.04180  0.04183  0.00838  0.80968  -233.85512  -235.79408  4.99985   768
1830.00  0.04182  0.04183  0.00900  0.80968  -232.92128  -234.86330  4.99985   768
1831.00  0.04180  0.04183  0.00946  0.80968  -232.17055  -234.07899  4.99985   768
1832.00  0.04181  0.04183  0.00953  0.80968  -232.00117  -233.87300  4.99985   768
1833.00  0.04182  0.04183  0.00926  0.80968  -232.43605  -234.27888  4.99985   768
1834.00  0.04180  0.04183  0.00862  0.80968  -233.35768  -235.18068  4.99985   768
1835.00  0.04182  0.04183  0.00806  0.80968  -234.24879  -236.06874  4.99985   768
1836.00  0.04181  0.04183  0.00766  0.80968  -234.88356  -236.73860  4.99985   768
1837.00  0.04181  0.04183  0.00764  0.80968  -234.98732  -236.89271  4.99985   768
1838.00  0.04182  0.04183  0.00808  0.80968  -234.28694  -236.20760  4.99985   768
1839.00  0.04181  0.04183  0.00871  0.80968  -233.34090  -235.30885  4.99985   768
1840.00  0.04182  0.04183  0.00926  0.80968  -232.46352  -234.39790  4.99985   768
1841.00  0.04180  0.04183  0.00966  0.80968  -231.88826  -233.81959  4.99985   768
1842.00  0.04180  0.04183  0.00951  0.80968  -232.00575  -233.87300  4.99985   768
1843.00  0.04180  0.04183  0.00897  0.80968  -232.83125  -234.66951  4.99985   768
1844.00  0.04181  0.04183  0.00839  0.80968  -233.76356  -235.61708  4.99985   768
1845.00  0.04181  0.04183  0.00794  0.80968  -234.44716  -236.29915  4.99985   768
1846.00  0.04180  0.04183  0.00772  0.80968  -234.82710  -236.72029  4.99985   768
1847.00  0.04180  0.04183  0.00799  0.80968  -234.43343  -236.36934  4.99985   768
1848.00  0.04181  0.04183  0.00859  0.80968  -233.52248  -235.45534  4.99985   768
1849.00  0.04181  0.04183  0.00920  0.80968  -232.63594  -234.57033  4.99985   768
1850.00  0.04180  0.04183  0.00953  0.80968  -232.04390  -233.92946  4.99985   768
1851.00  0.04182  0.04183  0.00961  0.80968  -231.85164  -233.70973  4.99985   768
1852.00  0.04181  0.04183  0.00935  0.80968  -232.29262  -234.14766  4.99985   768
1853.00  0.04181  0.04183  0.00873  0.80968  -233.19441  -235.01894  4.99985   768
1854.00  0.04181  0.04183  0.00809  0.80968  -234.13435  -235.94057  4.99985   768
1855.00  0.04181  0.04183  0.00767  0.80968  -234.90645  -236.74623  4.99985   768
1856.00  0.04181  0.04183  0.00773  0.80968  -234.81184  -236.71876  4.99985   768
1857.00  0.04181  0.04183  0.00819  0.80968  -234.16182  -236.10689  4.99985   768
1858.00  0.04181  0.04183  0.00889  0.80968  -233.10591  -235.07082  4.99985   768
1859.00  0.04182  0.04183  0.00935  0.80968  -232.36586  -234.29262  4.99985   768
1860.00  0.04181  0.04183  0.00957  0.80968  -231.96913  -233.88521  4.99985   768
1861.00  0.04180  0.04183  0.00937  0.80968  -232.27736  -234.15376  4.99985   768
1862.00  0.04180  0.04183  0.00886  0.80968  -233.00062  -234.82820  4.99985   768
1863.00  0.04183  0.04183  0.00825  0.80968  -233.97261  -235.78950  4.99985   768
1864.00  0.04180  0.04183  0.00772  0.80968  -234.78285  -236.65620  4.99985   768
1865.00  0.04181  0.04183  0.00758  0.80968  -235.06209  -236.95070  4.99985   768
1866.00  0.04181  0.04183  0.00791  0.80968  -234.55855  -236.47920  4.99985   768
1867.00  0.04179  0.04183  0.00843  0.80968  -233.76204  -235.68422  4.99985   768
1868.00  0.04180  0.04183  0.00915  0.80968  -232.71681  -234.67714  4.99985   768
1869.00  0.04181  0.04183  0.00959  0.80968  -231.96760  -233.86690  4.99985   768
1870.00  0.04180  0.04183  0.00951  0.80968  -232.04390  -233.91267  4.99985   768
1871.00  0.04180  0.04183  0.00927  0.80968  -232.37349  -234.21327  4.99985   768
1872.00  0.04180  0.04183  0.00872  0.80968  -233.28444  -235.12270  4.99985   768
1873.00  0.04180  0.04183  0.00799  0.80968  -234.28084  -236.11604  4.99985   768
1874.00  0.04181  0.04183  0.00768  0.80968  -234.83168  -236.72029  4.99985   768
1875.00  0.04180  0.04183  0.00777  0.80968  -234.76454  -236.67909  4.99985   768
1876.00  0.04182  0.04183  0.00816  0.80968  -234.18318  -236.11757  4.99985   768
1877.00  0.04180  0.04183  0.00890  0.80968  -233.09523  -235.06929  4.99985   768
1878.00  0.04182  0.04183  0.00950  0.80968  -232.14613  -234.08662  4.99985   768
1879.00  0.04180  0.04183  0.00967  0.80968  -231.76771  -233.65938  4.99985   768
1880.00  0.04180  0.04183  0.00947  0.80968  -232.10646  -233.94929  4.99985   768
1881.00  0.04181  0.04183  0.00900  0.80968  -232.77327  -234.61153  4.99985   768
1882.00  0.04180  0.04183  0.00832  0.80968  -233.82460  -235.62776  4.99985   768
1883.00  0.04180  0.04183  0.00784  0.80968  -234.58906  -236.42122  4.99985   768
1884.00  0.04180  0.04183  0.00774  0.80968  -234.82558  -236.70961  4.99985   768
1885.00  0.04180  0.04183  0.00800  0.80968  -234.41359  -236.30525  4.99985   768
1886.00  0.04182  0.04183  0.00850  0.80968  -233.64455  -235.57741  4.99985   768
1887.00  0.04180  0.04183  0.00916  0.80968  -232.68629  -234.61763  4.99985   768
1888.00  0.04181  0.04183  0.00953  0.80968  -232.03017  -233.95540  4.99985   768
1889.00  0.04180  0.04183  0.00951  0.80968  -232.04237  -233.91725  4.99985   768
1890.00  0.04180  0.04183  0.00913  0.80968  -232.59627  -234.41621  4.99985   768
1891.00  0.04181  0.04183  0.00859  0.80968  -233.44160  -235.27833  4.99985   768
1892.00  0.04182  0.04183  0.00793  0.80968  -234.44716  -236.29152  4.99985   768
1893.00  0.04180  0.04183  0.00749  0.80968  -235.13380  -236.99647  4.99985   768
1894.00  0.04181  0.04183  0.00768  0.80968  -234.92171  -236.85762  4.99985   768
1895.00  0.04182  0.04183  0.00821  0.80968  -234.13130  -236.07179  4.99985   768
1896.00  0.04182  0.04183  0.00886  0.80968  -233.14558  -235.09523  4.99985   768
1897.00  0.04181  0.04183  0.00942  0.80968  -232.19649  -234.12172  4.99985   768
1898.00  0.04180  0.04183  0.00961  0.80968  -231.91267  -233.81197  4.99985   768
1899.00  0.04180  0.04183  0.00937  0.80968  -232.24379  -234.08052  4.99985   768
1900.00  0.04180  0.04183  0.00893  0.80968  -232.88313  -234.69240  4.99985   768
1901.00  0.04181  0.04183  0.00831  0.80968  -233.84291  -235.67354  4.99985   768
1902.00  0.04181  0.04183  0.00787  0.80968  -234.55397  -236.40901  4.99985   768
1903.00  0.04181  0.04183  0.00771  0.80968  -234.81337  -236.67299  4.99985   768
1904.00  0.04182  0.04183  0.00805  0.80968  -234.33577  -236.24269  4.99985   768
1905.00  0.04180  0.04183  0.00863  0.80968  -233.44160  -235.37447  4.99985   768
1906.00  0.04181  0.04183  0.00933  0.80968  -232.40553  -234.35823  4.99985   768
1907.00  0.04181  0.04183  0.00975  0.80968  -231.74940  -233.67006  4.99985   768
1908.00  0.04180  0.04183  0.00973  0.80968  -231.70210  -233.57545  4.99985   768
1909.00  0.04181  0.04183  0.00920  0.80968  -232.48946  -234.32466  4.99985   768
1910.00  0.04181  0.04183  0.00859  0.80968  -233.42940  -235.26460  4.99985   768
1911.00  0.04181  0.04183  0.00803  0.80968  -234.29457  -236.16487  4.99985   768
1912.00  0.04180  0.04183  0.00770  0.80968  -234.81184  -236.69130  4.99985   768
1913.00  0.04180  0.04183  0.00777  0.80968  -234.77980  -236.68062  4.99985   768
1914.00  0.04181  0.04183  0.00826  0.80968  -234.08705  -236.06569  4.99985   768
1915.00  0.04180  0.04183  0.00892  0.80968  -233.02199  -234.96095  4.99985   768
1916.00  0.04180  0.04183  0.00947  0.80968  -232.17970  -234.07289  4.99985   768
1917.00  0.04180  0.04183  0.00967  0.80968  -231.78603  -233.66395  4.99985   768
1918.00  0.04181  0.04183  0.00939  0.80968  -232.21632  -234.03780  4.99985   768
1919.00  0.04180  0.04183  0.00882  0.80968  -233.06319  -234.88161  4.99985   768
1920.00  0.04181  0.04183  0.00814  0.80968  -234.11146  -235.92531  4.99985   768
1921.00  0.04181  0.04183  0.00774  0.80968  -234.75081  -236.60585  4.99985   768
1922.00  0.04181  0.04183  0.00766  0.80968  -234.96901  -236.87593  4.99985   768
1923.00  0.04180  0.04183  0.00801  0.80968  -234.41664  -236.34187  4.99985   768
1924.00  0.04180  0.04183  0.00856  0.80968  -233.57436  -235.52400  4.99985   768
1925.00  0.04180  0.04183  0.00920  0.80968  -232.60084  -234.55049  4.99985   768
1926.00  0.04180  0.04183  0.00948  0.80968  -232.12782  -234.03932  4.99985   768
1927.00  0.04180  0.04183  0.00949  0.80968  -232.11104  -234.01033  4.99985   768
1928.00  0.04180  0.04183  0.00923  0.80968  -232.45283  -234.31093  4.99985   768
1929.00  0.04180  0.04183  0.00856  0.80968  -233.44008  -235.27681  4.99985   768
1930.00  0.04179  0.04183  0.00793  0.80968  -234.43343  -236.25795  4.99985   768
1931.00  0.04180  0.04183  0.00772  0.80968  -234.82100  -236.73860  4.99985   768
1932.00  0.04180  0.04183  0.00784  0.80968  -234.68367  -236.57381  4.99985   768
1933.00  0.04179  0.04183  0.00837  0.80968  -233.85817  -235.79256  4.99985   768
1934.00  0.04180  0.04183  0.00902  0.80968  -232.90144  -234.85872  4.99985   768
1935.00  0.04181  0.04183  0.00953  0.80968  -232.06526  -233.95998  4.99985   768
1936.00  0.04181  0.04183  0.00955  0.80968  -231.94319  -233.79976  4.99985   768
1937.00  0.04181  0.04183  0.00941  0.80968  -232.20106  -234.06221  4.99985   768
1938.00  0.04180  0.04183  0.00885  0.80968  -233.04488  -234.87093  4.99985   768
1939.00  0.04182  0.04183  0.00811  0.80968  -234.14809  -235.96193  4.99985   768
1940.00  0.04180  0.04183  0.00768  0.80968  -234.85457  -236.71724  4.99985   768
1941.00  0.04180  0.04183  0.00765  0.80968  -234.97053  -236.87135  4.99985   768
1942.00  0.04181  0.04183  0.00799  0.80968  -234.43495  -236.38460  4.99985   768
1943.00  0.04181  0.04183  0.00872  0.80968  -233.35768  -235.31496  4.99985   768
1944.00  0.04182  0.04183  0.00928  0.80968  -232.51845  -234.46352  4.99985   768
1945.00  0.04180  0.04183  0.00951  0.80968  -232.09425  -234.01186  4.99985   768
1946.00  0.04180  0.04183  0.00942  0.80968  -232.17207  -234.03322  4.99985   768
1947.00  0.04181  0.04183  0.00901  0.80968  -232.77785  -234.61458  4.99985   768
1948.00  0.04183  0.04183  0.00840  0.80968  -233.74068  -235.55147  4.99985   768
1949.00  0.04181  0.04183  0.00781  0.80968  -234.62721  -236.44868  4.99985   768
1950.00  0.04180  0.04183  0.00762  0.80968  -234.93239  -236.80269  4.99985   768
1951.00  0.04181  0.04183  0.00782  0.80968  -234.70961  -236.62263  4.99985   768
1952.00  0.04179  0.04183  0.00835  0.80968  -233.92531  -235.84749  4.99985   768
1953.00  0.04180  0.04183  0.00902  0.80968  -232.88313  -234.79921  4.99985   768
1954.00  0.04180  0.04183  0.00944  0.80968  -232.21632  -234.13393  4.99985   768
1955.00  0.04180  0.04183  0.00953  0.80968  -231.99812  -233.88368  4.99985   768
1956.00  0.04181  0.04183  0.00925  0.80968  -232.42232  -234.27888  4.99985   768
1957.00  0.04181  0.04183  0.00864  0.80968  -233.31648  -235.14711  4.99985   768
1958.00  0.04180  0.04183  0.00800  0.80968  -234.29915  -236.12825  4.99985   768
1959.00  0.04181  0.04183  0.00761  0.80968  -234.98732  -236.87898  4.99985   768
1960.00  0.04181  0.04183  0.00759  0.80968  -235.01479  -236.92628  4.99985   768
1961.00  0.04180  0.04183  0.00806  0.80968  -234.36323  -236.31593  4.99985   768
1962.00  0.04180  0.04183  0.00869  0.80968  -233.36531  -235.34090  4.99985   768
1963.00  0.04180  0.04183  0.00934  0.80968  -232.42842  -234.36586  4.99985   768
1964.00  0.04181  0.04183  0.00954  0.80968  -231.99354  -233.89284  4.99985   768
1965.00  0.04180  0.04183  0.00949  0.80968  -232.07594  -233.92030  4.99985   768
1966.00  0.04180  0.04183  0.00908  0.80968  -232.69392  -234.52150  4.99985   768
1967.00  0.04180  0.04183  0.00836  0.80968  -233.74678  -235.54384  4.99985   768
1968.00  0.04181  0.04183  0.00778  0.80968  -234.65163  -236.47920  4.99985   768
1969.00  0.04180  0.04183  0.00760  0.80968  -235.03004  -236.92018  4.99985   768
1970.00  0.04180  0.04183  0.00781  0.80968  -234.73097  -236.64552  4.99985   768
1971.00  0.04180  0.04183  0.00841  0.80968  -233.79256  -235.73152  4.99985   768
1972.00  0.04180  0.04183  0.00912  0.80968  -232.71376  -234.65272  4.99985   768
1973.00  0.04180  0.04183  0.00953  0.80968  -232.07594  -233.99202  4.99985   768
1974.00  0.04180  0.04183  0.00960  0.80968  -231.91878  -233.81197  4.99985   768
1975.00  0.04181  0.04183  0.00931  0.80968  -232.35518  -234.20717  4.99985   768
1976.00  0.04180  0.04183  0.00868  0.80968  -233.26918  -235.11354  4.99985   768
1977.00  0.04179  0.04183  0.00812  0.80968  -234.15114  -235.99092  4.99985   768
1978.00  0.04180  0.04183  0.00773  0.80968  -234.76912  -236.64247  4.99985   768
1979.00  0.04180  0.04183  0.00771  0.80968  -234.82558  -236.72487  4.99985   768
1980.00  0.04182  0.04183  0.00816  0.80968  -234.18471  -236.11146  4.99985   768
1981.00  0.04180  0.04183  0.00887  0.80968  -233.17915  -235.16237  4.99985   768
1982.00  0.04180  0.04183  0.00940  0.80968  -232.27431  -234.18275  4.99985   768
1983.00  0.04180  0.04183  0.00973  0.80968  -231.72652  -233.61665  4.99985   768
1984.00  0.04180  0.04183  0.00956  0.80968  -231.97371  -233.83180  4.99985   768
1985.00  0.04180  0.04183  0.00901  0.80968  -232.76106  -234.58101  4.99985   768
1986.00  0.04180  0.04183  0.00836  0.80968  -233.75746  -235.57283  4.99985   768
1987.00  0.04181  0.04183  0.00785  0.80968  -234.55244  -236.39070  4.99985   768
1988.00  0.04180  0.04183  0.00761  0.80968  -235.01021  -236.88051  4.99985   768
1989.00  0.04180  0.04183  0.00789  0.80968  -234.60280  -236.52498  4.99985   768
1990.00  0.04178  0.04183  0.00841  0.80968  -233.84291  -235.79256  4.99985   768
1991.00  0.04181  0.04183  0.00911  0.80968  -232.76717  -234.72291  4.99985   768
1992.00  0.04181  0.04183  0.00955  0.80968  -232.03169  -233.96150  4.99985   768
1993.00  0.04179  0.04183  0.00961  0.80968  -231.91115  -233.79976  4.99985   768
1994.00  0.04180  0.04183  0.00923  0.80968  -232.44826  -234.28957  4.99985   768
1995.00  0.04179  0.04183  0.00865  0.80968  -233.34395  -235.18220  4.99985   768
1996.00  0.04180  0.04183  0.00803  0.80968  -234.26863  -236.10536  4.99985   768
1997.00  0.04181  0.04183  0.00764  0.80968  -234.87288  -236.73708  4.99985   768
1998.00  0.04181  0.04183  0.00772  0.80968  -234.88356  -236.80727  4.99985   768
1999.00  0.04180  0.04183  0.00817  0.80968  -234.18318  -236.11146  4.99985   768
2000.00  0.04799  0.06440  0.00884  0.80968  -233.12117  -235.05098  4.99985   768
2001.00  0.06186  0.06440  0.01031  0.80968  -231.11769  -233.23213  4.99985   768
2002.00  0.06255  0.06440  0.01309  0.80968  -226.65602  -228.68959  4.99985   768
2003.00  0.06273  0.06440  0.01261  0.80968  -227.15498  -228.85438  4.99985   768
2004.00  0.06284  0.06440  0.01257  0.80968  -227.49373  -229.51204  4.99985   768
