ASI 600A Data File
Created: Wed May  8 14:20:51 2024
A/D Sampling Rate: 1000 Hz
Comment: Mouse CP512 Cell 3
Width 0.0692
Thick 0.0346
After Activation
Width 0.0
Thick 0.0
*** Setup Parameters ***
Length Controller: 315C
Force Transducer: 406A
Initial Length: 0.0644 mm
Minimum Length: -5 Lo
Maximum Length: 5 Lo
Fiber Length: 0.0644 mm
Initial Sarcomere Length: 0 um
Diameter: 1.91919 mm
Maximum Tetanic Tension: 3 mN
Calibrate FC step size:  -20 um
Calibrate FC ramp time:  100 ms
Calibrate FC hold time:  200 ms
Force Gain-Factor:       0.6
Force Integral-Constant: 0.26 ms
Force Filter-Constant:   0.2 ms
Constant Stiffness Range: 100
dF/dL measured at Force:  34522 adu
Fiber Stiffness (adu):    0
Fiber Stiffness (mN/mm):  0
SL Gain-Factor:           0.25
SL Integral-Constant:     0.1 ms
SL Filter-Constant:       0 ms
SL Stiffness (adu):       0.3
SL Stiffness (um/mm):     1
ADC0 Offset: -28.840 mv
ADC1 Offset: -28.840 mv
DAC0 Offset: 3.336 mv
DAC1 Offset: -3.588 mv
Panel 1 size: 2
Panel 2 size: 4
Panel 3 size: 2
Panel 4 size: 5
Panel 1 signal: 0
Panel 2 signal: 1
Panel 3 signal: 2
Panel 4 signal: 6
Background (0/1): 0
Length In color:  16395263
Force  In color:  16717330
SL     In color:  16771867
Aux1   In color:  1769257
Length Out color:  255
Force  Out color:  255
Stim   Out color:  16777215
Aux2   In  color:  16747283
Length Units: um
Force Units: mN
Time Units: ms
Sarcomere Length Units: um
Scope Display1: 0
Scope Display2: 2
AUX Channels Scope Display: 0
Scope Timebase: 1
Scope Vscale:   0
Scope Lunit:    1
Scope Lmin:     0.026370
Scope Lmax:     0.026470
Scope Funit:    0
Scope Fmin:     0.157780
Scope Fmax:     0.157960
Scope AUX1_min:     10.000000
Scope AUX1_max:     16.000000
Scope AUX2_min:     8.000000
Scope AUX2_max:     14.000000
Scope L Data Scale:     1.651868
Scope F Data Scale:     0.225000
Scope AUX1 Data Scale:     1.000000
Scope AUX2 Data Scale:     1.000000
Scope SL Data Scale:     1.000000
Scope Sunit:    0
Analysis Lunit: 4
Analysis Funit: 0
Analysis Tunit: 0
Analysis Channels: 101000000010000
Analysis Readout: 1
Analysis Gaussian Filter Kernel Size (Lin):     201
Analysis Gaussian Filter Kernel Size (Fin):     50
Analysis Gaussian Filter Kernel Size (Aux1):    201
Analysis Gaussian Filter Kernel Size (Aux2):    201
Analysis Gaussian Filter Standard Deviation (Lin):     1.0
Analysis Gaussian Filter Standard Deviation (Fin):     1.0
Analysis Gaussian Filter Standard Deviation (Aux1):    1.0
Analysis Gaussian Filter Standard Deviation (Aux2):    1.0
Aux1 Name: Aux1
Aux1 Units: C
Aux1 Scale (units/volt): 100.000000
Aux1 Offset (units): 2.000000
Aux2 Name: Aux2
Aux2 Units: mv
Aux2 Scale (units/volt): 100
Aux2 Offset (units): 0
 *** Cantilever Properties ***
Cantilever Stiffness Calculation Method: 2
Cantilever Stiffness (N/m): -1.000
Cantilever Length (um): 450.000
Cantilever Thickness (um): 2.000
Cantilever Width 1 (um): 50.000
Cantilever Width 2 (um): 50.000
Cantilever Elasticity (GPa): 160.000
 *** ASI804A Test Window Properties ***
ASI804A Vscale: 0
ASI804A Timebase: 0
ASI804A Sampling Rate: 0
ASI804A Scope L_min:     999.800000
ASI804A Scope L_max:     1000.200000
ASI804A Scope F_min:     -0.040000
ASI804A Scope F_max:     0.020000
ASI804A Scope log10Rario_min:     -0.063875
ASI804A Scope log10Ratio_max:     -0.063650
ASI804A Scope L Scale Units:    4
ASI804A Scope F Scale Units:    0
ASI804A Scope L Scale:     1.000000
ASI804A Scope F Scale:     1.000000
ASI804A Scope log10Ratio Scale:     0.500000
ASI804A Data Files Directory: /home/asi/data
ASI804A Data Files Name: atp_datafile
ASI804A Font: Liberation Sans
ASI804A Font Size: 24
ASI804A pCa Combo Size: 0
ASI804A pCa Combo Active: -1
 *** Additional devices ***
ASI802D Bath Controller: 0
ASI804A ATPase Controller: 1
*** Calibration Parameters ***
Model  LOoffset  LOscale  LIoffset  LIscale  FOoffset  FOscale  FIoffset  FIscale
Number 	mm        mm/v	   mm        mm/v     mN        mN/v     mN        mN/v
308B	 0	 0.2	 0	 0.2	 0	 1	 0	 1
312C	 0	 0.15	 0	 0.15	 0	 1	 0	 1
315C	 0	 0.15	 0	 0.15	 0	 1	 0	 1
318B	 0	 0.3	 0	 0.3	 0	 1	 0	 1
322C	 0	 0.3	 0	 0.3	 0	 1	 0	 1
340A	 0	 0.005	 0	 0.005	 0	 1	 0	 1
300C	 0	 0.5	 0	 0.5	 0	 50	 0	 50
300C-LR	 0	 0.5	 0	 0.5	 0	 100	 0	 100
305C	 0	 1	 0	 1	 0	 500	 0	 500
305C-LR	 0	 1	 0	 1	 0	 1000	 0	 1000
309C	 0	 1.25	 0	 1.25	 0	 2000	 0	 2000
310C	 0	 2	 0	 2	 0	 5000	 0	 5000
310C-LR	 0	 2	 0	 2	 0	 10000	 0	 10000
???	 0	 1	 0	 1	 0	 1	 0	 1
400A	 0	 1	 0	 1	 0	 5	 0	 5
402A	 0	 1	 0	 1	 0	 50	 0	 50
403A-CF	 0	 1	 0	 1	 0	 0.2	 0	 0.2
403A	 0	 1	 0	 1	 0	 0.5	 0	 0.5
404A	 0	 1	 0	 1	 0	 10	 0	 10
405A	 0	 1	 0	 1	 0	 1	 0	 1
406A	 0	 1	 0	 1	 0.16	 0.06497	 0.16	 0.06497
407A	 0	 1	 0	 1	 0	 100	 0	 100
470A	 0	 1	 0	 1	 0	 1	 0	 1
other	 0	 1	 0	 1	 0	 1	 0	 1
none	 0	 1	 0	 1	 0	 1	 0	 1
*** Test Protocol Parameters ***
A/D Sampling Rate: 1000 Hz
Comment: Length Discrete Sine protocol for stiffness testing
Minimum Length: -5.000 (Lo)
Maximum Length: 5.000 (Lo)
PD Deadband:    0.000000 mN
Stimulus 01: 0.3 ms 100.000 Hz 10.0 ms 50.000 Hz 0.100 s
Stimulus 02: 1.2 ms 100.000 Hz 20.0 ms 2.000 Hz 100.000 s
Stimulus 03: 1.3 ms 100.000 Hz 20.0 ms 2.000 Hz 100.000 s
Stimulus 04: 1.4 ms 100.000 Hz 20.0 ms 2.000 Hz 100.000 s
Stimulus 05: 1.5 ms 100.000 Hz 20.0 ms 2.000 Hz 100.000 s
Stimulus 06: 1.6 ms 100.000 Hz 20.0 ms 2.000 Hz 100.000 s
Stimulus 07: 1.7 ms 100.000 Hz 20.0 ms 2.000 Hz 100.000 s
Stimulus 08: 1.8 ms 100.000 Hz 20.0 ms 2.000 Hz 100.000 s
Stimulus 09: 1.9 ms 100.000 Hz 20.0 ms 2.000 Hz 100.000 s
Stimulus 10: 2.2 ms 100.000 Hz 20.0 ms 2.000 Hz 100.000 s
Time (ms)	Control Function	Options
      0.0	Data-Enable		
    200.0	Length-Step		 0.65 Lo
   2000.0	Length-Step		 1 Lo
   2005.0	Data-Disable		
      0.0	Stop		
*** Force and Length Signals vs Time ***
Time (ms)  Lin (mm)  Lout (mm)  Fin (mN)  Fout (mN)  Aux1 C  Aux2 mv  SL (um)   Stimulus/Triggers
0.00  0.06397  0.06440  0.01264  0.80968  -227.20991  -229.06190  4.99985   768
1.00  0.06398  0.06440  0.01208  0.80968  -228.01558  -229.82789  4.99985   768
2.00  0.06398  0.06440  0.01144  0.80968  -229.03487  -230.85023  4.99985   768
3.00  0.06398  0.06440  0.01114  0.80968  -229.54603  -231.39650  4.99985   768
4.00  0.06398  0.06440  0.01114  0.80968  -229.58876  -231.47890  4.99985   768
5.00  0.06398  0.06440  0.01154  0.80968  -228.96467  -230.87617  4.99985   768
6.00  0.06397  0.06440  0.01219  0.80968  -228.05373  -230.01253  4.99985   768
7.00  0.06398  0.06440  0.01276  0.80968  -227.14278  -229.05122  4.99985   768
8.00  0.06398  0.06440  0.01285  0.80968  -226.96425  -228.82844  4.99985   768
9.00  0.06399  0.06440  0.01279  0.80968  -227.03139  -228.90169  4.99985   768
10.00  0.06398  0.06440  0.01240  0.80968  -227.59596  -229.43880  4.99985   768
11.00  0.06397  0.06440  0.01176  0.80968  -228.54811  -230.36500  4.99985   768
12.00  0.06398  0.06440  0.01119  0.80968  -229.43159  -231.28511  4.99985   768
13.00  0.06397  0.06440  0.01099  0.80968  -229.80391  -231.69252  4.99985   768
14.00  0.06398  0.06440  0.01129  0.80968  -229.37514  -231.30800  4.99985   768
15.00  0.06399  0.06440  0.01187  0.80968  -228.53133  -230.47487  4.99985   768
16.00  0.06397  0.06440  0.01252  0.80968  -227.50593  -229.42659  4.99985   768
17.00  0.06399  0.06440  0.01291  0.80968  -226.89711  -228.78419  4.99985   768
18.00  0.06397  0.06440  0.01288  0.80968  -226.83455  -228.70790  4.99985   768
19.00  0.06399  0.06440  0.01264  0.80968  -227.20839  -229.02986  4.99985   768
20.00  0.06398  0.06440  0.01212  0.80968  -228.01100  -229.81111  4.99985   768
21.00  0.06399  0.06440  0.01144  0.80968  -229.04249  -230.85176  4.99985   768
22.00  0.06398  0.06440  0.01108  0.80968  -229.65437  -231.50331  4.99985   768
23.00  0.06400  0.06440  0.01107  0.80968  -229.69557  -231.59334  4.99985   768
24.00  0.06398  0.06440  0.01149  0.80968  -229.07149  -231.01045  4.99985   768
25.00  0.06398  0.06440  0.01213  0.80968  -228.14833  -230.10408  4.99985   768
26.00  0.06399  0.06440  0.01264  0.80968  -227.29841  -229.22517  4.99985   768
27.00  0.06397  0.06440  0.01281  0.80968  -227.03596  -228.92915  4.99985   768
28.00  0.06398  0.06440  0.01271  0.80968  -227.14125  -228.99629  4.99985   768
29.00  0.06399  0.06440  0.01222  0.80968  -227.85383  -229.68141  4.99985   768
30.00  0.06398  0.06440  0.01156  0.80968  -228.89296  -230.72053  4.99985   768
31.00  0.06398  0.06440  0.01109  0.80968  -229.50178  -231.36140  4.99985   768
32.00  0.06399  0.06440  0.01086  0.80968  -229.96565  -231.84511  4.99985   768
33.00  0.06397  0.06440  0.01104  0.80968  -229.68642  -231.58266  4.99985   768
34.00  0.06399  0.06440  0.01171  0.80968  -228.77394  -230.72511  4.99985   768
35.00  0.06399  0.06440  0.01232  0.80968  -227.77144  -229.70277  4.99985   768
36.00  0.06399  0.06440  0.01276  0.80968  -227.08479  -228.96883  4.99985   768
37.00  0.06398  0.06440  0.01280  0.80968  -227.01308  -228.88185  4.99985   768
38.00  0.06400  0.06440  0.01255  0.80968  -227.29994  -229.13057  4.99985   768
39.00  0.06399  0.06440  0.01199  0.80968  -228.19563  -230.01863  4.99985   768
40.00  0.06399  0.06440  0.01144  0.80968  -229.07301  -230.91432  4.99985   768
41.00  0.06399  0.06440  0.01104  0.80968  -229.67421  -231.53993  4.99985   768
42.00  0.06398  0.06440  0.01110  0.80968  -229.64522  -231.56740  4.99985   768
43.00  0.06399  0.06440  0.01151  0.80968  -229.04402  -230.98756  4.99985   768
44.00  0.06399  0.06440  0.01218  0.80968  -228.02626  -229.98353  4.99985   768
45.00  0.06398  0.06440  0.01273  0.80968  -227.17024  -229.10158  4.99985   768
46.00  0.06399  0.06440  0.01305  0.80968  -226.65449  -228.55684  4.99985   768
47.00  0.06398  0.06440  0.01291  0.80968  -226.77504  -228.64992  4.99985   768
48.00  0.06398  0.06440  0.01250  0.80968  -227.42964  -229.27248  4.99985   768
49.00  0.06398  0.06440  0.01185  0.80968  -228.41688  -230.23073  4.99985   768
50.00  0.06398  0.06440  0.01126  0.80968  -229.28664  -231.11269  4.99985   768
51.00  0.06398  0.06440  0.01111  0.80968  -229.61623  -231.48805  4.99985   768
52.00  0.06398  0.06440  0.01137  0.80968  -229.23018  -231.13557  4.99985   768
53.00  0.06400  0.06440  0.01187  0.80968  -228.49928  -230.42909  4.99985   768
54.00  0.06398  0.06440  0.01250  0.80968  -227.55019  -229.47999  4.99985   768
55.00  0.06398  0.06440  0.01284  0.80968  -226.93678  -228.82997  4.99985   768
56.00  0.06399  0.06440  0.01286  0.80968  -226.91695  -228.77656  4.99985   768
57.00  0.06399  0.06440  0.01251  0.80968  -227.40217  -229.25264  4.99985   768
58.00  0.06398  0.06440  0.01204  0.80968  -228.11171  -229.94539  4.99985   768
59.00  0.06399  0.06440  0.01131  0.80968  -229.25001  -231.07912  4.99985   768
60.00  0.06399  0.06440  0.01089  0.80968  -229.93819  -231.81001  4.99985   768
61.00  0.06399  0.06440  0.01100  0.80968  -229.84358  -231.79018  4.99985   768
62.00  0.06398  0.06440  0.01148  0.80968  -229.07759  -231.00130  4.99985   768
63.00  0.06399  0.06440  0.01210  0.80968  -228.13002  -230.08577  4.99985   768
64.00  0.06399  0.06440  0.01258  0.80968  -227.34114  -229.25874  4.99985   768
65.00  0.06398  0.06440  0.01279  0.80968  -227.03444  -228.93220  4.99985   768
66.00  0.06397  0.06440  0.01259  0.80968  -227.34267  -229.18550  4.99985   768
67.00  0.06397  0.06440  0.01222  0.80968  -227.86909  -229.67836  4.99985   768
68.00  0.06399  0.06440  0.01162  0.80968  -228.77089  -230.59083  4.99985   768
69.00  0.06398  0.06440  0.01113  0.80968  -229.48958  -231.31105  4.99985   768
70.00  0.06398  0.06440  0.01098  0.80968  -229.79628  -231.68642  4.99985   768
71.00  0.06398  0.06440  0.01120  0.80968  -229.49721  -231.39955  4.99985   768
72.00  0.06399  0.06440  0.01188  0.80968  -228.52522  -230.47487  4.99985   768
73.00  0.06398  0.06440  0.01258  0.80968  -227.37471  -229.29994  4.99985   768
74.00  0.06398  0.06440  0.01296  0.80968  -226.79335  -228.69569  4.99985   768
75.00  0.06399  0.06440  0.01293  0.80968  -226.81166  -228.67738  4.99985   768
76.00  0.06399  0.06440  0.01262  0.80968  -227.24959  -229.10310  4.99985   768
77.00  0.06398  0.06440  0.01195  0.80968  -228.23836  -230.06135  4.99985   768
78.00  0.06398  0.06440  0.01140  0.80968  -229.13252  -230.98146  4.99985   768
79.00  0.06398  0.06440  0.01119  0.80968  -229.48347  -231.35225  4.99985   768
80.00  0.06397  0.06440  0.01121  0.80968  -229.46211  -231.36751  4.99985   768
81.00  0.06398  0.06440  0.01168  0.80968  -228.76631  -230.70985  4.99985   768
82.00  0.06397  0.06440  0.01243  0.80968  -227.66615  -229.59138  4.99985   768
83.00  0.06398  0.06440  0.01295  0.80968  -226.79640  -228.72163  4.99985   768
84.00  0.06397  0.06440  0.01308  0.80968  -226.54921  -228.42256  4.99985   768
85.00  0.06397  0.06440  0.01289  0.80968  -226.85744  -228.68959  4.99985   768
86.00  0.06398  0.06440  0.01229  0.80968  -227.71345  -229.51204  4.99985   768
87.00  0.06398  0.06440  0.01160  0.80968  -228.75716  -230.58015  4.99985   768
88.00  0.06398  0.06440  0.01111  0.80968  -229.55519  -231.39497  4.99985   768
89.00  0.06397  0.06440  0.01106  0.80968  -229.70167  -231.58571  4.99985   768
90.00  0.06398  0.06440  0.01133  0.80968  -229.30495  -231.19813  4.99985   768
91.00  0.06398  0.06440  0.01189  0.80968  -228.46113  -230.43214  4.99985   768
92.00  0.06397  0.06440  0.01262  0.80968  -227.33961  -229.29231  4.99985   768
93.00  0.06399  0.06440  0.01293  0.80968  -226.86049  -228.76588  4.99985   768
94.00  0.06398  0.06440  0.01286  0.80968  -226.89253  -228.77656  4.99985   768
95.00  0.06398  0.06440  0.01258  0.80968  -227.32741  -229.18550  4.99985   768
96.00  0.06398  0.06440  0.01186  0.80968  -228.37111  -230.18342  4.99985   768
97.00  0.06398  0.06440  0.01124  0.80968  -229.34157  -231.17219  4.99985   768
98.00  0.06399  0.06440  0.01092  0.80968  -229.87562  -231.75813  4.99985   768
99.00  0.06397  0.06440  0.01102  0.80968  -229.74287  -231.64369  4.99985   768
100.00  0.06399  0.06440  0.01159  0.80968  -228.89296  -230.83040  4.99985   768
101.00  0.06396  0.06440  0.01228  0.80968  -227.89809  -229.82942  4.99985   768
102.00  0.06398  0.06440  0.01274  0.80968  -227.12141  -229.01002  4.99985   768
103.00  0.06399  0.06440  0.01302  0.80968  -226.66823  -228.55989  4.99985   768
104.00  0.06398  0.06440  0.01282  0.80968  -226.97798  -228.81776  4.99985   768
105.00  0.06399  0.06440  0.01227  0.80968  -227.74702  -229.56544  4.99985   768
106.00  0.06399  0.06440  0.01166  0.80968  -228.67018  -230.49623  4.99985   768
107.00  0.06397  0.06440  0.01115  0.80968  -229.49873  -231.32936  4.99985   768
108.00  0.06398  0.06440  0.01092  0.80968  -229.84816  -231.75661  4.99985   768
109.00  0.06397  0.06440  0.01129  0.80968  -229.40565  -231.34157  4.99985   768
110.00  0.06398  0.06440  0.01189  0.80968  -228.48250  -230.44282  4.99985   768
111.00  0.06397  0.06440  0.01251  0.80968  -227.48915  -229.43880  4.99985   768
112.00  0.06399  0.06440  0.01290  0.80968  -226.90321  -228.81471  4.99985   768
113.00  0.06398  0.06440  0.01288  0.80968  -226.88490  -228.74910  4.99985   768
114.00  0.06398  0.06440  0.01256  0.80968  -227.31978  -229.16566  4.99985   768
115.00  0.06399  0.06440  0.01201  0.80968  -228.18190  -230.01558  4.99985   768
116.00  0.06397  0.06440  0.01150  0.80968  -228.98299  -230.81819  4.99985   768
117.00  0.06398  0.06440  0.01110  0.80968  -229.58723  -231.42549  4.99985   768
118.00  0.06398  0.06440  0.01113  0.80968  -229.62233  -231.50789  4.99985   768
119.00  0.06398  0.06440  0.01169  0.80968  -228.77852  -230.69765  4.99985   768
120.00  0.06397  0.06440  0.01230  0.80968  -227.82484  -229.75313  4.99985   768
121.00  0.06398  0.06440  0.01290  0.80968  -226.89558  -228.82387  4.99985   768
122.00  0.06398  0.06440  0.01310  0.80968  -226.54768  -228.41341  4.99985   768
123.00  0.06398  0.06440  0.01284  0.80968  -226.88948  -228.73537  4.99985   768
124.00  0.06399  0.06440  0.01224  0.80968  -227.80653  -229.63869  4.99985   768
125.00  0.06398  0.06440  0.01168  0.80968  -228.71901  -230.55574  4.99985   768
126.00  0.06398  0.06440  0.01122  0.80968  -229.37819  -231.23018  4.99985   768
127.00  0.06397  0.06440  0.01109  0.80968  -229.63759  -231.54451  4.99985   768
128.00  0.06399  0.06440  0.01138  0.80968  -229.22407  -231.15236  4.99985   768
129.00  0.06399  0.06440  0.01194  0.80968  -228.41231  -230.37416  4.99985   768
130.00  0.06397  0.06440  0.01259  0.80968  -227.39455  -229.33504  4.99985   768
131.00  0.06398  0.06440  0.01294  0.80968  -226.81166  -228.70943  4.99985   768
132.00  0.06398  0.06440  0.01282  0.80968  -226.98866  -228.85896  4.99985   768
133.00  0.06398  0.06440  0.01246  0.80968  -227.44185  -229.26332  4.99985   768
134.00  0.06397  0.06440  0.01187  0.80968  -228.38331  -230.20479  4.99985   768
135.00  0.06397  0.06440  0.01136  0.80968  -229.13557  -230.96315  4.99985   768
136.00  0.06397  0.06440  0.01109  0.80968  -229.62385  -231.45601  4.99985   768
137.00  0.06399  0.06440  0.01122  0.80968  -229.47584  -231.37056  4.99985   768
138.00  0.06396  0.06440  0.01166  0.80968  -228.79072  -230.71901  4.99985   768
139.00  0.06399  0.06440  0.01221  0.80968  -227.98048  -229.90877  4.99985   768
140.00  0.06398  0.06440  0.01268  0.80968  -227.21449  -229.13362  4.99985   768
141.00  0.06399  0.06440  0.01276  0.80968  -227.07258  -228.96425  4.99985   768
142.00  0.06397  0.06440  0.01255  0.80968  -227.34419  -229.21602  4.99985   768
143.00  0.06399  0.06440  0.01206  0.80968  -228.10713  -229.93623  4.99985   768
144.00  0.06399  0.06440  0.01142  0.80968  -229.06843  -230.90974  4.99985   768
145.00  0.06398  0.06440  0.01113  0.80968  -229.54603  -231.41634  4.99985   768
146.00  0.06399  0.06440  0.01110  0.80968  -229.63606  -231.54146  4.99985   768
147.00  0.06397  0.06440  0.01145  0.80968  -229.10506  -231.05012  4.99985   768
148.00  0.06398  0.06440  0.01200  0.80968  -228.33906  -230.27650  4.99985   768
149.00  0.06399  0.06440  0.01258  0.80968  -227.37166  -229.30299  4.99985   768
150.00  0.06398  0.06440  0.01285  0.80968  -226.93068  -228.83150  4.99985   768
151.00  0.06397  0.06440  0.01280  0.80968  -226.95814  -228.80861  4.99985   768
152.00  0.06398  0.06440  0.01252  0.80968  -227.38386  -229.22975  4.99985   768
153.00  0.06399  0.06440  0.01193  0.80968  -228.24751  -230.05067  4.99985   768
154.00  0.06398  0.06440  0.01135  0.80968  -229.17525  -231.00740  4.99985   768
155.00  0.06398  0.06440  0.01111  0.80968  -229.59029  -231.46364  4.99985   768
156.00  0.06398  0.06440  0.01135  0.80968  -229.26222  -231.18135  4.99985   768
157.00  0.06397  0.06440  0.01194  0.80968  -228.38942  -230.32381  4.99985   768
158.00  0.06398  0.06440  0.01260  0.80968  -227.38081  -229.35487  4.99985   768
159.00  0.06398  0.06440  0.01292  0.80968  -226.82539  -228.72316  4.99985   768
160.00  0.06398  0.06440  0.01294  0.80968  -226.77351  -228.66518  4.99985   768
161.00  0.06397  0.06440  0.01270  0.80968  -227.14125  -228.99477  4.99985   768
162.00  0.06399  0.06440  0.01222  0.80968  -227.86299  -229.70582  4.99985   768
163.00  0.06399  0.06440  0.01161  0.80968  -228.78767  -230.62135  4.99985   768
164.00  0.06398  0.06440  0.01119  0.80968  -229.43617  -231.30037  4.99985   768
165.00  0.06399  0.06440  0.01108  0.80968  -229.66963  -231.56282  4.99985   768
166.00  0.06399  0.06440  0.01147  0.80968  -229.14931  -231.07912  4.99985   768
167.00  0.06398  0.06440  0.01214  0.80968  -228.08577  -230.03541  4.99985   768
168.00  0.06399  0.06440  0.01270  0.80968  -227.19160  -229.09852  4.99985   768
169.00  0.06398  0.06440  0.01299  0.80968  -226.72316  -228.59651  4.99985   768
170.00  0.06398  0.06440  0.01273  0.80968  -227.07564  -228.90932  4.99985   768
171.00  0.06398  0.06440  0.01224  0.80968  -227.78364  -229.61885  4.99985   768
172.00  0.06400  0.06440  0.01169  0.80968  -228.66102  -230.47945  4.99985   768
173.00  0.06398  0.06440  0.01115  0.80968  -229.55366  -231.39497  4.99985   768
174.00  0.06399  0.06440  0.01089  0.80968  -229.92750  -231.79475  4.99985   768
175.00  0.06397  0.06440  0.01117  0.80968  -229.57655  -231.50331  4.99985   768
176.00  0.06398  0.06440  0.01170  0.80968  -228.75868  -230.72816  4.99985   768
177.00  0.06397  0.06440  0.01235  0.80968  -227.81111  -229.76381  4.99985   768
178.00  0.06398  0.06440  0.01281  0.80968  -227.03444  -228.94136  4.99985   768
179.00  0.06398  0.06440  0.01291  0.80968  -226.83607  -228.72468  4.99985   768
180.00  0.06399  0.06440  0.01250  0.80968  -227.43269  -229.28010  4.99985   768
181.00  0.06398  0.06440  0.01196  0.80968  -228.24904  -230.07509  4.99985   768
182.00  0.06400  0.06440  0.01129  0.80968  -229.29274  -231.11879  4.99985   768
183.00  0.06399  0.06440  0.01093  0.80968  -229.87410  -231.73524  4.99985   768
184.00  0.06398  0.06440  0.01102  0.80968  -229.75203  -231.64064  4.99985   768
185.00  0.06399  0.06440  0.01143  0.80968  -229.15388  -231.06691  4.99985   768
186.00  0.06398  0.06440  0.01214  0.80968  -228.07356  -230.01863  4.99985   768
187.00  0.06399  0.06440  0.01271  0.80968  -227.17024  -229.09547  4.99985   768
188.00  0.06399  0.06440  0.01305  0.80968  -226.61787  -228.51411  4.99985   768
189.00  0.06399  0.06440  0.01297  0.80968  -226.72011  -228.59041  4.99985   768
190.00  0.06398  0.06440  0.01253  0.80968  -227.38081  -229.21297  4.99985   768
191.00  0.06398  0.06440  0.01190  0.80968  -228.30397  -230.11018  4.99985   768
192.00  0.06399  0.06440  0.01125  0.80968  -229.38734  -231.21797  4.99985   768
193.00  0.06398  0.06440  0.01100  0.80968  -229.72761  -231.60097  4.99985   768
194.00  0.06398  0.06440  0.01118  0.80968  -229.55061  -231.48042  4.99985   768
195.00  0.06399  0.06440  0.01183  0.80968  -228.60609  -230.58015  4.99985   768
196.00  0.06399  0.06440  0.01249  0.80968  -227.52577  -229.47084  4.99985   768
197.00  0.06397  0.06440  0.01297  0.80968  -226.74605  -228.66823  4.99985   768
198.00  0.06397  0.06440  0.01300  0.80968  -226.69874  -228.56752  4.99985   768
199.00  0.06398  0.06440  0.01273  0.80968  -227.07258  -228.90626  4.99985   768
200.00  0.05789  0.04183  0.01219  0.80968  -227.90724  -229.73634  4.99985   768
201.00  0.04396  0.04183  0.01024  0.80968  -230.56532  -232.13350  4.99985   768
202.00  0.04311  0.04183  0.00754  0.80968  -234.89424  -236.57686  4.99985   768
203.00  0.04291  0.04183  0.00798  0.80968  -234.58754  -236.60280  4.99985   768
204.00  0.04277  0.04183  0.00772  0.80968  -234.68062  -236.45784  4.99985   768
205.00  0.04267  0.04183  0.00760  0.80968  -235.05293  -236.96748  4.99985   768
206.00  0.04259  0.04183  0.00900  0.80968  -232.92433  -234.91518  4.99985   768
207.00  0.04249  0.04183  0.00852  0.80968  -233.50416  -235.31038  4.99985   768
208.00  0.04242  0.04183  0.00837  0.80968  -233.83223  -235.75899  4.99985   768
209.00  0.04233  0.04183  0.00847  0.80968  -233.54994  -235.36226  4.99985   768
210.00  0.04227  0.04183  0.00700  0.80968  -235.82960  -237.61293  4.99985   768
211.00  0.04223  0.04183  0.00691  0.80968  -236.10731  -238.06001  4.99985   768
212.00  0.04220  0.04183  0.00680  0.80968  -236.15614  -237.97914  4.99985   768
213.00  0.04218  0.04183  0.00656  0.80968  -236.64442  -238.58644  4.99985   768
214.00  0.04214  0.04183  0.00779  0.80968  -234.86983  -236.88661  4.99985   768
215.00  0.04212  0.04183  0.00806  0.80968  -234.27931  -236.12672  4.99985   768
216.00  0.04211  0.04183  0.00858  0.80968  -233.57893  -235.54842  4.99985   768
217.00  0.04210  0.04183  0.00906  0.80968  -232.72597  -234.61000  4.99985   768
218.00  0.04208  0.04183  0.00826  0.80968  -233.89784  -235.69185  4.99985   768
219.00  0.04207  0.04183  0.00813  0.80968  -234.17250  -236.04585  4.99985   768
220.00  0.04205  0.04183  0.00747  0.80968  -235.09718  -236.86830  4.99985   768
221.00  0.04203  0.04183  0.00678  0.80968  -236.24617  -238.09969  4.99985   768
222.00  0.04204  0.04183  0.00729  0.80968  -235.51833  -237.46187  4.99985   768
223.00  0.04203  0.04183  0.00746  0.80968  -235.25740  -237.13991  4.99985   768
224.00  0.04201  0.04183  0.00814  0.80968  -234.28389  -236.27473  4.99985   768
225.00  0.04203  0.04183  0.00897  0.80968  -232.96095  -234.89076  4.99985   768
226.00  0.04202  0.04183  0.00895  0.80968  -232.90907  -234.82973  4.99985   768
227.00  0.04201  0.04183  0.00909  0.80968  -232.71071  -234.60084  4.99985   768
228.00  0.04201  0.04183  0.00859  0.80968  -233.41566  -235.24324  4.99985   768
229.00  0.04201  0.04183  0.00780  0.80968  -234.64705  -236.47615  4.99985   768
230.00  0.04199  0.04183  0.00746  0.80968  -235.18416  -237.04378  4.99985   768
231.00  0.04199  0.04183  0.00703  0.80968  -235.82350  -237.69075  4.99985   768
232.00  0.04199  0.04183  0.00740  0.80968  -235.36421  -237.32606  4.99985   768
233.00  0.04198  0.04183  0.00796  0.80968  -234.48531  -236.39833  4.99985   768
234.00  0.04199  0.04183  0.00836  0.80968  -233.91768  -235.85817  4.99985   768
235.00  0.04200  0.04183  0.00895  0.80968  -232.93959  -234.85109  4.99985   768
236.00  0.04198  0.04183  0.00899  0.80968  -232.83736  -234.68477  4.99985   768
237.00  0.04198  0.04183  0.00860  0.80968  -233.41261  -235.26308  4.99985   768
238.00  0.04198  0.04183  0.00820  0.80968  -233.98939  -235.81544  4.99985   768
239.00  0.04198  0.04183  0.00751  0.80968  -235.10481  -236.94917  4.99985   768
240.00  0.04196  0.04183  0.00726  0.80968  -235.49696  -237.38710  4.99985   768
241.00  0.04197  0.04183  0.00725  0.80968  -235.52595  -237.42067  4.99985   768
242.00  0.04197  0.04183  0.00759  0.80968  -235.10329  -237.06972  4.99985   768
243.00  0.04197  0.04183  0.00829  0.80968  -234.01381  -235.96803  4.99985   768
244.00  0.04197  0.04183  0.00880  0.80968  -233.17763  -235.11659  4.99985   768
245.00  0.04196  0.04183  0.00900  0.80968  -232.85719  -234.77327  4.99985   768
246.00  0.04197  0.04183  0.00899  0.80968  -232.85567  -234.73817  4.99985   768
247.00  0.04196  0.04183  0.00847  0.80968  -233.60182  -235.41566  4.99985   768
248.00  0.04194  0.04183  0.00801  0.80968  -234.36476  -236.20302  4.99985   768
249.00  0.04195  0.04183  0.00764  0.80968  -234.93086  -236.78133  4.99985   768
250.00  0.04195  0.04183  0.00730  0.80968  -235.43593  -237.31081  4.99985   768
251.00  0.04195  0.04183  0.00762  0.80968  -235.01631  -236.94154  4.99985   768
252.00  0.04195  0.04183  0.00816  0.80968  -234.24727  -236.18166  4.99985   768
253.00  0.04194  0.04183  0.00876  0.80968  -233.24782  -235.16389  4.99985   768
254.00  0.04195  0.04183  0.00914  0.80968  -232.65730  -234.55659  4.99985   768
255.00  0.04195  0.04183  0.00911  0.80968  -232.67409  -234.53828  4.99985   768
256.00  0.04194  0.04183  0.00883  0.80968  -233.08913  -234.93806  4.99985   768
257.00  0.04194  0.04183  0.00826  0.80968  -233.90547  -235.73152  4.99985   768
258.00  0.04195  0.04183  0.00765  0.80968  -234.84999  -236.70198  4.99985   768
259.00  0.04194  0.04183  0.00745  0.80968  -235.22383  -237.10634  4.99985   768
260.00  0.04194  0.04183  0.00755  0.80968  -235.08955  -237.00716  4.99985   768
261.00  0.04193  0.04183  0.00802  0.80968  -234.43037  -236.39070  4.99985   768
262.00  0.04194  0.04183  0.00866  0.80968  -233.41719  -235.38209  4.99985   768
263.00  0.04193  0.04183  0.00908  0.80968  -232.73054  -234.65578  4.99985   768
264.00  0.04194  0.04183  0.00933  0.80968  -232.34907  -234.25600  4.99985   768
265.00  0.04193  0.04183  0.00909  0.80968  -232.61916  -234.47725  4.99985   768
266.00  0.04194  0.04183  0.00857  0.80968  -233.42635  -235.24934  4.99985   768
267.00  0.04194  0.04183  0.00790  0.80968  -234.46852  -236.28694  4.99985   768
268.00  0.04193  0.04183  0.00750  0.80968  -235.12617  -236.98122  4.99985   768
269.00  0.04194  0.04183  0.00737  0.80968  -235.37947  -237.27418  4.99985   768
270.00  0.04192  0.04183  0.00776  0.80968  -234.78285  -236.69740  4.99985   768
271.00  0.04194  0.04183  0.00839  0.80968  -233.85512  -235.79713  4.99985   768
272.00  0.04193  0.04183  0.00894  0.80968  -232.98689  -234.90144  4.99985   768
273.00  0.04193  0.04183  0.00928  0.80968  -232.44215  -234.34907  4.99985   768
274.00  0.04194  0.04183  0.00923  0.80968  -232.45894  -234.32619  4.99985   768
275.00  0.04193  0.04183  0.00881  0.80968  -233.10896  -234.95180  4.99985   768
276.00  0.04193  0.04183  0.00816  0.80968  -234.05348  -235.88258  4.99985   768
277.00  0.04192  0.04183  0.00762  0.80968  -234.96596  -236.81489  4.99985   768
278.00  0.04191  0.04183  0.00737  0.80968  -235.36421  -237.25435  4.99985   768
279.00  0.04191  0.04183  0.00745  0.80968  -235.27876  -237.20857  4.99985   768
280.00  0.04192  0.04183  0.00809  0.80968  -234.32051  -236.27779  4.99985   768
281.00  0.04192  0.04183  0.00878  0.80968  -233.21120  -235.16847  4.99985   768
282.00  0.04193  0.04183  0.00927  0.80968  -232.51387  -234.44826  4.99985   768
283.00  0.04193  0.04183  0.00938  0.80968  -232.30330  -234.17207  4.99985   768
284.00  0.04192  0.04183  0.00916  0.80968  -232.57033  -234.40858  4.99985   768
285.00  0.04191  0.04183  0.00858  0.80968  -233.40346  -235.21883  4.99985   768
286.00  0.04192  0.04183  0.00794  0.80968  -234.40138  -236.22743  4.99985   768
287.00  0.04191  0.04183  0.00750  0.80968  -235.07735  -236.91865  4.99985   768
288.00  0.04191  0.04183  0.00741  0.80968  -235.31386  -237.20094  4.99985   768
289.00  0.04193  0.04183  0.00781  0.80968  -234.72487  -236.67451  4.99985   768
290.00  0.04191  0.04183  0.00851  0.80968  -233.64455  -235.61708  4.99985   768
291.00  0.04192  0.04183  0.00914  0.80968  -232.68629  -234.62373  4.99985   768
292.00  0.04192  0.04183  0.00947  0.80968  -232.20412  -234.11104  4.99985   768
293.00  0.04192  0.04183  0.00942  0.80968  -232.17360  -234.05000  4.99985   768
294.00  0.04189  0.04183  0.00902  0.80968  -232.77327  -234.62068  4.99985   768
295.00  0.04191  0.04183  0.00836  0.80968  -233.79408  -235.61555  4.99985   768
296.00  0.04192  0.04183  0.00780  0.80968  -234.66231  -236.53108  4.99985   768
297.00  0.04191  0.04183  0.00752  0.80968  -235.10786  -237.00258  4.99985   768
298.00  0.04191  0.04183  0.00763  0.80968  -234.96443  -236.87135  4.99985   768
299.00  0.04190  0.04183  0.00821  0.80968  -234.13283  -236.07637  4.99985   768
300.00  0.04191  0.04183  0.00887  0.80968  -233.13185  -235.07539  4.99985   768
301.00  0.04189  0.04183  0.00943  0.80968  -232.24684  -234.16139  4.99985   768
302.00  0.04190  0.04183  0.00955  0.80968  -231.98897  -233.84096  4.99985   768
303.00  0.04191  0.04183  0.00925  0.80968  -232.43300  -234.26363  4.99985   768
304.00  0.04191  0.04183  0.00875  0.80968  -233.15626  -234.98079  4.99985   768
305.00  0.04191  0.04183  0.00811  0.80968  -234.13588  -235.96345  4.99985   768
306.00  0.04191  0.04183  0.00755  0.80968  -235.05751  -236.88966  4.99985   768
307.00  0.04188  0.04183  0.00750  0.80968  -235.19942  -237.09413  4.99985   768
308.00  0.04190  0.04183  0.00787  0.80968  -234.64400  -236.59975  4.99985   768
309.00  0.04190  0.04183  0.00853  0.80968  -233.66286  -235.59114  4.99985   768
310.00  0.04191  0.04183  0.00914  0.80968  -232.70308  -234.66035  4.99985   768
311.00  0.04189  0.04183  0.00949  0.80968  -232.12935  -234.04390  4.99985   768
312.00  0.04190  0.04183  0.00941  0.80968  -232.19954  -234.07136  4.99985   768
313.00  0.04190  0.04183  0.00905  0.80968  -232.76106  -234.61153  4.99985   768
314.00  0.04192  0.04183  0.00842  0.80968  -233.67506  -235.48585  4.99985   768
315.00  0.04190  0.04183  0.00783  0.80968  -234.62874  -236.46852  4.99985   768
316.00  0.04190  0.04183  0.00749  0.80968  -235.08803  -236.96596  4.99985   768
317.00  0.04190  0.04183  0.00769  0.80968  -234.87898  -236.78438  4.99985   768
318.00  0.04189  0.04183  0.00822  0.80968  -234.09926  -236.03059  4.99985   768
319.00  0.04191  0.04183  0.00900  0.80968  -232.93196  -234.89381  4.99985   768
320.00  0.04190  0.04183  0.00943  0.80968  -232.19038  -234.08815  4.99985   768
321.00  0.04190  0.04183  0.00960  0.80968  -231.90199  -233.77687  4.99985   768
322.00  0.04190  0.04183  0.00936  0.80968  -232.27888  -234.11561  4.99985   768
323.00  0.04188  0.04183  0.00888  0.80968  -232.95790  -234.79005  4.99985   768
324.00  0.04189  0.04183  0.00818  0.80968  -234.04127  -235.86122  4.99985   768
325.00  0.04189  0.04183  0.00769  0.80968  -234.83778  -236.70656  4.99985   768
326.00  0.04190  0.04183  0.00760  0.80968  -235.01631  -236.91408  4.99985   768
327.00  0.04188  0.04183  0.00799  0.80968  -234.50362  -236.45631  4.99985   768
328.00  0.04189  0.04183  0.00868  0.80968  -233.41414  -235.38515  4.99985   768
329.00  0.04189  0.04183  0.00928  0.80968  -232.48946  -234.42232  4.99985   768
330.00  0.04190  0.04183  0.00966  0.80968  -231.85011  -233.77382  4.99985   768
331.00  0.04188  0.04183  0.00959  0.80968  -231.92030  -233.78145  4.99985   768
332.00  0.04188  0.04183  0.00923  0.80968  -232.44215  -234.28804  4.99985   768
333.00  0.04189  0.04183  0.00861  0.80968  -233.38209  -235.19899  4.99985   768
334.00  0.04188  0.04183  0.00795  0.80968  -234.42580  -236.24879  4.99985   768
335.00  0.04189  0.04183  0.00763  0.80968  -234.94002  -236.80879  4.99985   768
336.00  0.04188  0.04183  0.00777  0.80968  -234.75844  -236.66078  4.99985   768
337.00  0.04188  0.04183  0.00824  0.80968  -234.11299  -236.05501  4.99985   768
338.00  0.04188  0.04183  0.00891  0.80968  -233.02962  -234.96095  4.99985   768
339.00  0.04189  0.04183  0.00939  0.80968  -232.28194  -234.20106  4.99985   768
340.00  0.04189  0.04183  0.00957  0.80968  -231.99049  -233.89284  4.99985   768
341.00  0.04188  0.04183  0.00925  0.80968  -232.39638  -234.24074  4.99985   768
342.00  0.04189  0.04183  0.00868  0.80968  -233.30885  -235.14101  4.99985   768
343.00  0.04189  0.04183  0.00800  0.80968  -234.36323  -236.20454  4.99985   768
344.00  0.04188  0.04183  0.00763  0.80968  -234.91560  -236.79048  4.99985   768
345.00  0.04187  0.04183  0.00767  0.80968  -234.93239  -236.85609  4.99985   768
346.00  0.04187  0.04183  0.00794  0.80968  -234.52956  -236.47462  4.99985   768
347.00  0.04188  0.04183  0.00850  0.80968  -233.65370  -235.58504  4.99985   768
348.00  0.04188  0.04183  0.00913  0.80968  -232.75191  -234.71223  4.99985   768
349.00  0.04186  0.04183  0.00946  0.80968  -232.18733  -234.06221  4.99985   768
350.00  0.04188  0.04183  0.00937  0.80968  -232.27888  -234.13545  4.99985   768
351.00  0.04188  0.04183  0.00890  0.80968  -232.92586  -234.74275  4.99985   768
352.00  0.04187  0.04183  0.00837  0.80968  -233.77119  -235.59114  4.99985   768
353.00  0.04187  0.04183  0.00784  0.80968  -234.58144  -236.41206  4.99985   768
354.00  0.04187  0.04183  0.00771  0.80968  -234.82405  -236.70961  4.99985   768
355.00  0.04187  0.04183  0.00788  0.80968  -234.60432  -236.49599  4.99985   768
356.00  0.04187  0.04183  0.00845  0.80968  -233.75441  -235.71931  4.99985   768
357.00  0.04188  0.04183  0.00905  0.80968  -232.81752  -234.75496  4.99985   768
358.00  0.04186  0.04183  0.00952  0.80968  -232.07899  -234.00270  4.99985   768
359.00  0.04188  0.04183  0.00958  0.80968  -231.99354  -233.87758  4.99985   768
360.00  0.04188  0.04183  0.00931  0.80968  -232.34602  -234.18428  4.99985   768
361.00  0.04188  0.04183  0.00883  0.80968  -233.08302  -234.93959  4.99985   768
362.00  0.04186  0.04183  0.00819  0.80968  -234.03670  -235.88258  4.99985   768
363.00  0.04188  0.04183  0.00775  0.80968  -234.71724  -236.57533  4.99985   768
364.00  0.04187  0.04183  0.00779  0.80968  -234.71266  -236.62263  4.99985   768
365.00  0.04189  0.04183  0.00830  0.80968  -234.01228  -235.95583  4.99985   768
366.00  0.04186  0.04183  0.00888  0.80968  -233.08607  -235.04640  4.99985   768
367.00  0.04187  0.04183  0.00944  0.80968  -232.17512  -234.08662  4.99985   768
368.00  0.04187  0.04183  0.00969  0.80968  -231.82722  -233.72652  4.99985   768
369.00  0.04188  0.04183  0.00950  0.80968  -232.04542  -233.87605  4.99985   768
370.00  0.04187  0.04183  0.00909  0.80968  -232.65730  -234.48335  4.99985   768
371.00  0.04188  0.04183  0.00840  0.80968  -233.67964  -235.48891  4.99985   768
372.00  0.04188  0.04183  0.00780  0.80968  -234.66841  -236.50514  4.99985   768
373.00  0.04188  0.04183  0.00761  0.80968  -234.90492  -236.79506  4.99985   768
374.00  0.04188  0.04183  0.00779  0.80968  -234.73708  -236.65315  4.99985   768
375.00  0.04187  0.04183  0.00832  0.80968  -233.95277  -235.89174  4.99985   768
376.00  0.04187  0.04183  0.00903  0.80968  -232.88161  -234.84651  4.99985   768
377.00  0.04186  0.04183  0.00946  0.80968  -232.19496  -234.13087  4.99985   768
378.00  0.04187  0.04183  0.00949  0.80968  -232.08510  -233.96303  4.99985   768
379.00  0.04187  0.04183  0.00922  0.80968  -232.47267  -234.33382  4.99985   768
380.00  0.04187  0.04183  0.00860  0.80968  -233.36836  -235.18220  4.99985   768
381.00  0.04186  0.04183  0.00801  0.80968  -234.29762  -236.15572  4.99985   768
382.00  0.04187  0.04183  0.00762  0.80968  -234.97206  -236.80574  4.99985   768
383.00  0.04188  0.04183  0.00762  0.80968  -234.94612  -236.84541  4.99985   768
384.00  0.04187  0.04183  0.00807  0.80968  -234.34492  -236.27321  4.99985   768
385.00  0.04186  0.04183  0.00872  0.80968  -233.34090  -235.29207  4.99985   768
386.00  0.04186  0.04183  0.00931  0.80968  -232.44063  -234.36739  4.99985   768
387.00  0.04186  0.04183  0.00960  0.80968  -231.90199  -233.79823  4.99985   768
388.00  0.04186  0.04183  0.00955  0.80968  -232.01643  -233.86079  4.99985   768
389.00  0.04186  0.04183  0.00912  0.80968  -232.57490  -234.40401  4.99985   768
390.00  0.04187  0.04183  0.00847  0.80968  -233.61250  -235.41261  4.99985   768
391.00  0.04185  0.04183  0.00789  0.80968  -234.51124  -236.38155  4.99985   768
392.00  0.04186  0.04183  0.00779  0.80968  -234.75996  -236.66688  4.99985   768
393.00  0.04185  0.04183  0.00797  0.80968  -234.45174  -236.37086  4.99985   768
394.00  0.04185  0.04183  0.00860  0.80968  -233.52248  -235.49654  4.99985   768
395.00  0.04186  0.04183  0.00918  0.80968  -232.63747  -234.56422  4.99985   768
396.00  0.04185  0.04183  0.00962  0.80968  -231.93556  -233.87453  4.99985   768
397.00  0.04186  0.04183  0.00971  0.80968  -231.76466  -233.64412  4.99985   768
398.00  0.04186  0.04183  0.00946  0.80968  -232.08052  -233.93251  4.99985   768
399.00  0.04186  0.04183  0.00885  0.80968  -232.98079  -234.80989  4.99985   768
400.00  0.04185  0.04183  0.00825  0.80968  -233.95125  -235.76356  4.99985   768
401.00  0.04185  0.04183  0.00789  0.80968  -234.51277  -236.36934  4.99985   768
402.00  0.04186  0.04183  0.00781  0.80968  -234.69588  -236.58296  4.99985   768
403.00  0.04185  0.04183  0.00832  0.80968  -233.91768  -235.83986  4.99985   768
404.00  0.04186  0.04183  0.00898  0.80968  -232.93959  -234.88466  4.99985   768
405.00  0.04186  0.04183  0.00938  0.80968  -232.29872  -234.19649  4.99985   768
406.00  0.04186  0.04183  0.00961  0.80968  -231.89894  -233.80891  4.99985   768
407.00  0.04185  0.04183  0.00947  0.80968  -232.07594  -233.93251  4.99985   768
408.00  0.04185  0.04183  0.00894  0.80968  -232.88313  -234.71834  4.99985   768
409.00  0.04186  0.04183  0.00827  0.80968  -233.92378  -235.75288  4.99985   768
410.00  0.04185  0.04183  0.00775  0.80968  -234.73097  -236.57991  4.99985   768
411.00  0.04186  0.04183  0.00753  0.80968  -235.13991  -237.01021  4.99985   768
412.00  0.04185  0.04183  0.00777  0.80968  -234.81947  -236.76302  4.99985   768
413.00  0.04185  0.04183  0.00847  0.80968  -233.74373  -235.71321  4.99985   768
414.00  0.04185  0.04183  0.00909  0.80968  -232.77937  -234.70766  4.99985   768
415.00  0.04185  0.04183  0.00942  0.80968  -232.26973  -234.17207  4.99985   768
416.00  0.04184  0.04183  0.00946  0.80968  -232.10493  -233.96608  4.99985   768
417.00  0.04185  0.04183  0.00908  0.80968  -232.65425  -234.49098  4.99985   768
418.00  0.04185  0.04183  0.00855  0.80968  -233.49806  -235.31801  4.99985   768
419.00  0.04186  0.04183  0.00801  0.80968  -234.28389  -236.10994  4.99985   768
420.00  0.04184  0.04183  0.00762  0.80968  -234.94765  -236.79506  4.99985   768
421.00  0.04186  0.04183  0.00774  0.80968  -234.79201  -236.70198  4.99985   768
422.00  0.04185  0.04183  0.00822  0.80968  -234.10536  -236.04127  4.99985   768
423.00  0.04186  0.04183  0.00898  0.80968  -232.98994  -234.94722  4.99985   768
424.00  0.04185  0.04183  0.00954  0.80968  -232.05153  -233.97829  4.99985   768
425.00  0.04185  0.04183  0.00973  0.80968  -231.70821  -233.61665  4.99985   768
426.00  0.04185  0.04183  0.00955  0.80968  -231.97218  -233.84401  4.99985   768
427.00  0.04186  0.04183  0.00913  0.80968  -232.55812  -234.40401  4.99985   768
428.00  0.04185  0.04183  0.00845  0.80968  -233.65218  -235.48738  4.99985   768
429.00  0.04186  0.04183  0.00800  0.80968  -234.37239  -236.21217  4.99985   768
430.00  0.04185  0.04183  0.00796  0.80968  -234.51124  -236.42580  4.99985   768
431.00  0.04184  0.04183  0.00825  0.80968  -234.03822  -235.96803  4.99985   768
432.00  0.04185  0.04183  0.00886  0.80968  -233.15474  -235.10744  4.99985   768
433.00  0.04185  0.04183  0.00944  0.80968  -232.22548  -234.16139  4.99985   768
434.00  0.04183  0.04183  0.00981  0.80968  -231.60902  -233.50374  4.99985   768
435.00  0.04186  0.04183  0.00973  0.80968  -231.69600  -233.55714  4.99985   768
436.00  0.04185  0.04183  0.00937  0.80968  -232.23006  -234.03627  4.99985   768
437.00  0.04186  0.04183  0.00877  0.80968  -233.12880  -234.94874  4.99985   768
438.00  0.04184  0.04183  0.00816  0.80968  -234.08247  -235.89784  4.99985   768
439.00  0.04185  0.04183  0.00773  0.80968  -234.77217  -236.63179  4.99985   768
440.00  0.04184  0.04183  0.00785  0.80968  -234.67146  -236.56770  4.99985   768
441.00  0.04185  0.04183  0.00827  0.80968  -234.01228  -235.96193  4.99985   768
442.00  0.04185  0.04183  0.00898  0.80968  -232.94569  -234.92433  4.99985   768
443.00  0.04185  0.04183  0.00944  0.80968  -232.20717  -234.12172  4.99985   768
444.00  0.04184  0.04183  0.00962  0.80968  -231.92335  -233.83028  4.99985   768
445.00  0.04186  0.04183  0.00949  0.80968  -232.06526  -233.92335  4.99985   768
446.00  0.04185  0.04183  0.00892  0.80968  -232.90297  -234.73817  4.99985   768
447.00  0.04184  0.04183  0.00826  0.80968  -233.92073  -235.74983  4.99985   768
448.00  0.04185  0.04183  0.00789  0.80968  -234.54176  -236.41359  4.99985   768
449.00  0.04186  0.04183  0.00777  0.80968  -234.72182  -236.62263  4.99985   768
450.00  0.04183  0.04183  0.00805  0.80968  -234.39070  -236.31593  4.99985   768
451.00  0.04184  0.04183  0.00866  0.80968  -233.40956  -235.35463  4.99985   768
452.00  0.04184  0.04183  0.00930  0.80968  -232.42995  -234.35823  4.99985   768
453.00  0.04186  0.04183  0.00959  0.80968  -231.94166  -233.81807  4.99985   768
454.00  0.04185  0.04183  0.00966  0.80968  -231.84401  -233.73415  4.99985   768
455.00  0.04185  0.04183  0.00932  0.80968  -232.30940  -234.14766  4.99985   768
456.00  0.04184  0.04183  0.00870  0.80968  -233.20509  -235.03572  4.99985   768
457.00  0.04184  0.04183  0.00814  0.80968  -234.11757  -235.94820  4.99985   768
458.00  0.04183  0.04183  0.00793  0.80968  -234.51277  -236.38765  4.99985   768
459.00  0.04185  0.04183  0.00801  0.80968  -234.39528  -236.31135  4.99985   768
460.00  0.04186  0.04183  0.00863  0.80968  -233.47517  -235.42482  4.99985   768
461.00  0.04183  0.04183  0.00927  0.80968  -232.53676  -234.50624  4.99985   768
462.00  0.04182  0.04183  0.00977  0.80968  -231.71431  -233.64412  4.99985   768
463.00  0.04183  0.04183  0.00990  0.80968  -231.48238  -233.38777  4.99985   768
464.00  0.04182  0.04183  0.00977  0.80968  -231.63954  -233.48085  4.99985   768
465.00  0.04183  0.04183  0.00916  0.80968  -232.54134  -234.36281  4.99985   768
466.00  0.04183  0.04183  0.00855  0.80968  -233.51027  -235.34853  4.99985   768
467.00  0.04184  0.04183  0.00812  0.80968  -234.16334  -236.01228  4.99985   768
468.00  0.04183  0.04183  0.00803  0.80968  -234.33272  -236.21828  4.99985   768
469.00  0.04183  0.04183  0.00838  0.80968  -233.87038  -235.78340  4.99985   768
470.00  0.04183  0.04183  0.00891  0.80968  -233.05861  -234.98231  4.99985   768
471.00  0.04184  0.04183  0.00956  0.80968  -232.06221  -234.00728  4.99985   768
472.00  0.04183  0.04183  0.00982  0.80968  -231.54799  -233.42744  4.99985   768
473.00  0.04184  0.04183  0.00986  0.80968  -231.51137  -233.38319  4.99985   768
474.00  0.04184  0.04183  0.00940  0.80968  -232.17055  -233.99507  4.99985   768
475.00  0.04184  0.04183  0.00873  0.80968  -233.17000  -234.98994  4.99985   768
476.00  0.04184  0.04183  0.00806  0.80968  -234.25185  -236.09621  4.99985   768
477.00  0.04183  0.04183  0.00766  0.80968  -234.88661  -236.76454  4.99985   768
478.00  0.04184  0.04183  0.00782  0.80968  -234.70045  -236.62874  4.99985   768
479.00  0.04183  0.04183  0.00840  0.80968  -233.84901  -235.81392  4.99985   768
480.00  0.04183  0.04183  0.00909  0.80968  -232.80379  -234.76259  4.99985   768
481.00  0.04184  0.04183  0.00955  0.80968  -231.95082  -233.86995  4.99985   768
482.00  0.04184  0.04183  0.00977  0.80968  -231.71431  -233.59834  4.99985   768
483.00  0.04182  0.04183  0.00950  0.80968  -232.04085  -233.86384  4.99985   768
484.00  0.04185  0.04183  0.00884  0.80968  -233.00673  -234.82667  4.99985   768
485.00  0.04183  0.04183  0.00828  0.80968  -233.88411  -235.71016  4.99985   768
486.00  0.04184  0.04183  0.00773  0.80968  -234.77827  -236.60127  4.99985   768
487.00  0.04183  0.04183  0.00768  0.80968  -234.88203  -236.77827  4.99985   768
488.00  0.04184  0.04183  0.00805  0.80968  -234.34187  -236.26100  4.99985   768
489.00  0.04183  0.04183  0.00874  0.80968  -233.31343  -235.26155  4.99985   768
490.00  0.04183  0.04183  0.00931  0.80968  -232.42537  -234.34145  4.99985   768
491.00  0.04182  0.04183  0.00965  0.80968  -231.90810  -233.82112  4.99985   768
492.00  0.04183  0.04183  0.00975  0.80968  -231.69600  -233.58308  4.99985   768
493.00  0.04184  0.04183  0.00927  0.80968  -232.38112  -234.21632  4.99985   768
494.00  0.04182  0.04183  0.00866  0.80968  -233.35921  -235.19136  4.99985   768
495.00  0.04183  0.04183  0.00817  0.80968  -234.08247  -235.94362  4.99985   768
496.00  0.04183  0.04183  0.00791  0.80968  -234.53566  -236.42274  4.99985   768
497.00  0.04182  0.04183  0.00797  0.80968  -234.43495  -236.35103  4.99985   768
498.00  0.04184  0.04183  0.00853  0.80968  -233.64760  -235.59114  4.99985   768
499.00  0.04184  0.04183  0.00923  0.80968  -232.57948  -234.51692  4.99985   768
500.00  0.04183  0.04183  0.00973  0.80968  -231.82265  -233.74940  4.99985   768
501.00  0.04183  0.04183  0.00981  0.80968  -231.58766  -233.45186  4.99985   768
502.00  0.04183  0.04183  0.00951  0.80968  -232.03322  -233.86842  4.99985   768
503.00  0.04182  0.04183  0.00900  0.80968  -232.79768  -234.58864  4.99985   768
504.00  0.04183  0.04183  0.00836  0.80968  -233.73915  -235.56520  4.99985   768
505.00  0.04182  0.04183  0.00797  0.80968  -234.41206  -236.24727  4.99985   768
506.00  0.04183  0.04183  0.00789  0.80968  -234.54176  -236.45631  4.99985   768
507.00  0.04182  0.04183  0.00827  0.80968  -234.00923  -235.95125  4.99985   768
508.00  0.04182  0.04183  0.00888  0.80968  -233.13948  -235.07997  4.99985   768
509.00  0.04183  0.04183  0.00947  0.80968  -232.20259  -234.14766  4.99985   768
510.00  0.04183  0.04183  0.00972  0.80968  -231.73872  -233.64564  4.99985   768
511.00  0.04183  0.04183  0.00962  0.80968  -231.88368  -233.77077  4.99985   768
512.00  0.04183  0.04183  0.00910  0.80968  -232.65425  -234.48946  4.99985   768
513.00  0.04184  0.04183  0.00843  0.80968  -233.65523  -235.45686  4.99985   768
514.00  0.04183  0.04183  0.00792  0.80968  -234.53108  -236.38155  4.99985   768
515.00  0.04183  0.04183  0.00775  0.80968  -234.73708  -236.60432  4.99985   768
516.00  0.04182  0.04183  0.00799  0.80968  -234.45784  -236.37086  4.99985   768
517.00  0.04183  0.04183  0.00843  0.80968  -233.80629  -235.72847  4.99985   768
518.00  0.04183  0.04183  0.00914  0.80968  -232.71223  -234.65120  4.99985   768
519.00  0.04182  0.04183  0.00961  0.80968  -231.94929  -233.85622  4.99985   768
520.00  0.04184  0.04183  0.00967  0.80968  -231.77840  -233.64412  4.99985   768
521.00  0.04183  0.04183  0.00938  0.80968  -232.22853  -234.07136  4.99985   768
522.00  0.04184  0.04183  0.00885  0.80968  -233.00825  -234.84193  4.99985   768
523.00  0.04182  0.04183  0.00819  0.80968  -234.04738  -235.86580  4.99985   768
524.00  0.04182  0.04183  0.00772  0.80968  -234.82710  -236.67299  4.99985   768
525.00  0.04183  0.04183  0.00777  0.80968  -234.77370  -236.68520  4.99985   768
526.00  0.04183  0.04183  0.00827  0.80968  -234.04890  -236.00618  4.99985   768
527.00  0.04182  0.04183  0.00897  0.80968  -233.00062  -234.96706  4.99985   768
528.00  0.04183  0.04183  0.00959  0.80968  -231.98592  -233.94624  4.99985   768
529.00  0.04181  0.04183  0.00986  0.80968  -231.55104  -233.44575  4.99985   768
530.00  0.04183  0.04183  0.00980  0.80968  -231.57851  -233.45949  4.99985   768
531.00  0.04181  0.04183  0.00943  0.80968  -232.17818  -234.00728  4.99985   768
532.00  0.04182  0.04183  0.00877  0.80968  -233.14711  -234.98994  4.99985   768
533.00  0.04183  0.04183  0.00810  0.80968  -234.12978  -235.94667  4.99985   768
534.00  0.04184  0.04183  0.00791  0.80968  -234.50362  -236.38307  4.99985   768
535.00  0.04182  0.04183  0.00808  0.80968  -234.26253  -236.18928  4.99985   768
536.00  0.04183  0.04183  0.00876  0.80968  -233.26460  -235.20509  4.99985   768
537.00  0.04183  0.04183  0.00945  0.80968  -232.21785  -234.14766  4.99985   768
538.00  0.04182  0.04183  0.00986  0.80968  -231.54799  -233.46254  4.99985   768
539.00  0.04182  0.04183  0.00991  0.80968  -231.46101  -233.32979  4.99985   768
540.00  0.04183  0.04183  0.00959  0.80968  -231.87910  -233.72346  4.99985   768
541.00  0.04182  0.04183  0.00903  0.80968  -232.75343  -234.57948  4.99985   768
542.00  0.04182  0.04183  0.00836  0.80968  -233.74373  -235.60182  4.99985   768
543.00  0.04182  0.04183  0.00801  0.80968  -234.36171  -236.23659  4.99985   768
544.00  0.04182  0.04183  0.00794  0.80968  -234.51125  -236.42274  4.99985   768
545.00  0.04183  0.04183  0.00835  0.80968  -233.91463  -235.86122  4.99985   768
546.00  0.04182  0.04183  0.00907  0.80968  -232.78700  -234.75191  4.99985   768
547.00  0.04181  0.04183  0.00968  0.80968  -231.85622  -233.78908  4.99985   768
548.00  0.04181  0.04183  0.00986  0.80968  -231.52815  -233.41676  4.99985   768
549.00  0.04183  0.04183  0.00968  0.80968  -231.73872  -233.60597  4.99985   768
550.00  0.04183  0.04183  0.00920  0.80968  -232.44520  -234.26210  4.99985   768
551.00  0.04183  0.04183  0.00856  0.80968  -233.48585  -235.28596  4.99985   768
552.00  0.04184  0.04183  0.00805  0.80968  -234.26710  -236.11757  4.99985   768
553.00  0.04182  0.04183  0.00777  0.80968  -234.72945  -236.59059  4.99985   768
554.00  0.04181  0.04183  0.00801  0.80968  -234.41511  -236.32509  4.99985   768
555.00  0.04180  0.04183  0.00861  0.80968  -233.53163  -235.48280  4.99985   768
556.00  0.04183  0.04183  0.00927  0.80968  -232.49556  -234.43452  4.99985   768
557.00  0.04180  0.04183  0.00974  0.80968  -231.73567  -233.65022  4.99985   768
558.00  0.04182  0.04183  0.00971  0.80968  -231.78297  -233.66701  4.99985   768
559.00  0.04183  0.04183  0.00936  0.80968  -232.26057  -234.11409  4.99985   768
560.00  0.04182  0.04183  0.00881  0.80968  -233.07997  -234.91975  4.99985   768
561.00  0.04182  0.04183  0.00816  0.80968  -234.07027  -235.92378  4.99985   768
562.00  0.04182  0.04183  0.00793  0.80968  -234.46394  -236.35255  4.99985   768
563.00  0.04182  0.04183  0.00799  0.80968  -234.41969  -236.33119  4.99985   768
564.00  0.04182  0.04183  0.00847  0.80968  -233.77730  -235.72999  4.99985   768
565.00  0.04183  0.04183  0.00911  0.80968  -232.77022  -234.73054  4.99985   768
566.00  0.04182  0.04183  0.00965  0.80968  -231.88063  -233.78603  4.99985   768
567.00  0.04182  0.04183  0.00992  0.80968  -231.45796  -233.34810  4.99985   768
568.00  0.04183  0.04183  0.00972  0.80968  -231.71583  -233.54799  4.99985   768
569.00  0.04181  0.04183  0.00929  0.80968  -232.34297  -234.17818  4.99985   768
570.00  0.04181  0.04183  0.00860  0.80968  -233.42940  -235.22951  4.99985   768
571.00  0.04181  0.04183  0.00812  0.80968  -234.11909  -235.95583  4.99985   768
572.00  0.04181  0.04183  0.00796  0.80968  -234.44563  -236.33424  4.99985   768
573.00  0.04181  0.04183  0.00833  0.80968  -233.93751  -235.86885  4.99985   768
574.00  0.04181  0.04183  0.00897  0.80968  -232.99605  -234.94722  4.99985   768
575.00  0.04182  0.04183  0.00962  0.80968  -231.94472  -233.87300  4.99985   768
576.00  0.04182  0.04183  0.00990  0.80968  -231.52510  -233.43202  4.99985   768
577.00  0.04180  0.04183  0.00984  0.80968  -231.52510  -233.41524  4.99985   768
578.00  0.04183  0.04183  0.00947  0.80968  -232.09578  -233.94472  4.99985   768
579.00  0.04182  0.04183  0.00888  0.80968  -232.98689  -234.83430  4.99985   768
580.00  0.04181  0.04183  0.00827  0.80968  -233.94972  -235.77882  4.99985   768
581.00  0.04182  0.04183  0.00799  0.80968  -234.44105  -236.32509  4.99985   768
582.00  0.04182  0.04183  0.00796  0.80968  -234.46089  -236.35103  4.99985   768
583.00  0.04181  0.04183  0.00839  0.80968  -233.80324  -235.73762  4.99985   768
584.00  0.04181  0.04183  0.00910  0.80968  -232.76259  -234.68935  4.99985   768
585.00  0.04183  0.04183  0.00959  0.80968  -231.99507  -233.91878  4.99985   768
586.00  0.04181  0.04183  0.00975  0.80968  -231.67311  -233.54646  4.99985   768
587.00  0.04182  0.04183  0.00953  0.80968  -231.97371  -233.81959  4.99985   768
588.00  0.04182  0.04183  0.00902  0.80968  -232.78548  -234.60847  4.99985   768
589.00  0.04181  0.04183  0.00843  0.80968  -233.68422  -235.50874  4.99985   768
590.00  0.04182  0.04183  0.00791  0.80968  -234.49904  -236.35408  4.99985   768
591.00  0.04181  0.04183  0.00777  0.80968  -234.72945  -236.61958  4.99985   768
592.00  0.04180  0.04183  0.00807  0.80968  -234.32051  -236.25795  4.99985   768
593.00  0.04182  0.04183  0.00868  0.80968  -233.43855  -235.38057  4.99985   768
594.00  0.04181  0.04183  0.00929  0.80968  -232.45283  -234.42232  4.99985   768
595.00  0.04182  0.04183  0.00966  0.80968  -231.86842  -233.77840  4.99985   768
596.00  0.04181  0.04183  0.00972  0.80968  -231.75093  -233.63344  4.99985   768
597.00  0.04180  0.04183  0.00933  0.80968  -232.32771  -234.17207  4.99985   768
598.00  0.04180  0.04183  0.00874  0.80968  -233.14101  -234.96553  4.99985   768
599.00  0.04182  0.04183  0.00818  0.80968  -234.06874  -235.88258  4.99985   768
600.00  0.04182  0.04183  0.00789  0.80968  -234.51735  -236.38765  4.99985   768
601.00  0.04181  0.04183  0.00806  0.80968  -234.36171  -236.27168  4.99985   768
602.00  0.04181  0.04183  0.00852  0.80968  -233.64912  -235.58198  4.99985   768
603.00  0.04182  0.04183  0.00921  0.80968  -232.60390  -234.52608  4.99985   768
604.00  0.04182  0.04183  0.00977  0.80968  -231.73567  -233.65785  4.99985   768
605.00  0.04182  0.04183  0.00989  0.80968  -231.44118  -233.32063  4.99985   768
606.00  0.04182  0.04183  0.00965  0.80968  -231.84706  -233.69905  4.99985   768
607.00  0.04181  0.04183  0.00915  0.80968  -232.56575  -234.40858  4.99985   768
608.00  0.04182  0.04183  0.00844  0.80968  -233.63234  -235.46907  4.99985   768
609.00  0.04181  0.04183  0.00790  0.80968  -234.50362  -236.35561  4.99985   768
610.00  0.04183  0.04183  0.00782  0.80968  -234.67909  -236.57686  4.99985   768
611.00  0.04181  0.04183  0.00815  0.80968  -234.21828  -236.17097  4.99985   768
612.00  0.04181  0.04183  0.00886  0.80968  -233.11964  -235.09065  4.99985   768
613.00  0.04182  0.04183  0.00942  0.80968  -232.25752  -234.17970  4.99985   768
614.00  0.04183  0.04183  0.00975  0.80968  -231.70973  -233.61055  4.99985   768
615.00  0.04182  0.04183  0.00975  0.80968  -231.69752  -233.56935  4.99985   768
616.00  0.04182  0.04183  0.00930  0.80968  -232.29719  -234.11409  4.99985   768
617.00  0.04181  0.04183  0.00865  0.80968  -233.32869  -235.14101  4.99985   768
618.00  0.04180  0.04183  0.00805  0.80968  -234.26100  -236.09010  4.99985   768
619.00  0.04181  0.04183  0.00776  0.80968  -234.71266  -236.58296  4.99985   768
620.00  0.04181  0.04183  0.00784  0.80968  -234.67299  -236.55855  4.99985   768
621.00  0.04180  0.04183  0.00839  0.80968  -233.84291  -235.78950  4.99985   768
622.00  0.04182  0.04183  0.00916  0.80968  -232.71071  -234.64509  4.99985   768
623.00  0.04181  0.04183  0.00970  0.80968  -231.78297  -233.70210  4.99985   768
624.00  0.04182  0.04183  0.00988  0.80968  -231.49916  -233.38777  4.99985   768
625.00  0.04181  0.04183  0.00968  0.80968  -231.77687  -233.63191  4.99985   768
626.00  0.04181  0.04183  0.00909  0.80968  -232.67103  -234.51692  4.99985   768
627.00  0.04180  0.04183  0.00835  0.80968  -233.79103  -235.61403  4.99985   768
628.00  0.04181  0.04183  0.00791  0.80968  -234.48531  -236.35561  4.99985   768
629.00  0.04182  0.04183  0.00782  0.80968  -234.71114  -236.59822  4.99985   768
630.00  0.04181  0.04183  0.00822  0.80968  -234.05958  -236.01076  4.99985   768
631.00  0.04181  0.04183  0.00880  0.80968  -233.26613  -235.23103  4.99985   768
632.00  0.04181  0.04183  0.00944  0.80968  -232.19801  -234.13240  4.99985   768
633.00  0.04182  0.04183  0.00984  0.80968  -231.56630  -233.45033  4.99985   768
634.00  0.04180  0.04183  0.00987  0.80968  -231.49611  -233.35115  4.99985   768
635.00  0.04181  0.04183  0.00944  0.80968  -232.13850  -233.97218  4.99985   768
636.00  0.04181  0.04183  0.00877  0.80968  -233.13185  -234.93196  4.99985   768
637.00  0.04180  0.04183  0.00814  0.80968  -234.10078  -235.93446  4.99985   768
638.00  0.04180  0.04183  0.00785  0.80968  -234.63179  -236.48683  4.99985   768
639.00  0.04182  0.04183  0.00807  0.80968  -234.28389  -236.20454  4.99985   768
640.00  0.04180  0.04183  0.00862  0.80968  -233.52705  -235.47060  4.99985   768
641.00  0.04181  0.04183  0.00923  0.80968  -232.55507  -234.50166  4.99985   768
642.00  0.04180  0.04183  0.00978  0.80968  -231.67921  -233.61818  4.99985   768
643.00  0.04182  0.04183  0.00993  0.80968  -231.41218  -233.31148  4.99985   768
644.00  0.04180  0.04183  0.00970  0.80968  -231.74788  -233.61360  4.99985   768
645.00  0.04180  0.04183  0.00921  0.80968  -232.44520  -234.28499  4.99985   768
646.00  0.04179  0.04183  0.00851  0.80968  -233.54689  -235.37752  4.99985   768
647.00  0.04180  0.04183  0.00802  0.80968  -234.32204  -236.17555  4.99985   768
648.00  0.04180  0.04183  0.00793  0.80968  -234.50362  -236.40443  4.99985   768
649.00  0.04182  0.04183  0.00830  0.80968  -233.94820  -235.85817  4.99985   768
650.00  0.04181  0.04183  0.00888  0.80968  -233.09370  -235.02504  4.99985   768
651.00  0.04181  0.04183  0.00947  0.80968  -232.14308  -234.05458  4.99985   768
652.00  0.04181  0.04183  0.00984  0.80968  -231.55257  -233.46559  4.99985   768
653.00  0.04180  0.04183  0.00973  0.80968  -231.68379  -233.52052  4.99985   768
654.00  0.04181  0.04183  0.00934  0.80968  -232.27125  -234.10951  4.99985   768
655.00  0.04181  0.04183  0.00880  0.80968  -233.08913  -234.90449  4.99985   768
656.00  0.04180  0.04183  0.00820  0.80968  -234.04433  -235.87648  4.99985   768
657.00  0.04180  0.04183  0.00792  0.80968  -234.47462  -236.34340  4.99985   768
658.00  0.04180  0.04183  0.00810  0.80968  -234.27168  -236.22438  4.99985   768
659.00  0.04180  0.04183  0.00859  0.80968  -233.53926  -235.47212  4.99985   768
660.00  0.04181  0.04183  0.00926  0.80968  -232.51845  -234.47267  4.99985   768
661.00  0.04180  0.04183  0.00968  0.80968  -231.85316  -233.78755  4.99985   768
662.00  0.04180  0.04183  0.00985  0.80968  -231.57393  -233.46559  4.99985   768
663.00  0.04179  0.04183  0.00958  0.80968  -231.91572  -233.76771  4.99985   768
664.00  0.04180  0.04183  0.00912  0.80968  -232.64509  -234.46657  4.99985   768
665.00  0.04180  0.04183  0.00852  0.80968  -233.53621  -235.38362  4.99985   768
666.00  0.04180  0.04183  0.00809  0.80968  -234.17097  -236.01991  4.99985   768
667.00  0.04181  0.04183  0.00800  0.80968  -234.39070  -236.28999  4.99985   768
668.00  0.04180  0.04183  0.00841  0.80968  -233.81697  -235.74525  4.99985   768
669.00  0.04180  0.04183  0.00902  0.80968  -232.85719  -234.78090  4.99985   768
670.00  0.04181  0.04183  0.00961  0.80968  -231.96913  -233.88521  4.99985   768
671.00  0.04180  0.04183  0.00982  0.80968  -231.58003  -233.47017  4.99985   768
672.00  0.04180  0.04183  0.00977  0.80968  -231.63039  -233.49611  4.99985   768
673.00  0.04180  0.04183  0.00941  0.80968  -232.15834  -233.99965  4.99985   768
674.00  0.04181  0.04183  0.00877  0.80968  -233.11812  -234.94569  4.99985   768
675.00  0.04180  0.04183  0.00823  0.80968  -234.00923  -235.86122  4.99985   768
676.00  0.04180  0.04183  0.00796  0.80968  -234.43037  -236.31898  4.99985   768
677.00  0.04179  0.04183  0.00806  0.80968  -234.31135  -236.22896  4.99985   768
678.00  0.04180  0.04183  0.00869  0.80968  -233.43397  -235.40956  4.99985   768
679.00  0.04181  0.04183  0.00933  0.80968  -232.41011  -234.37196  4.99985   768
680.00  0.04180  0.04183  0.00975  0.80968  -231.69752  -233.59834  4.99985   768
681.00  0.04179  0.04183  0.00982  0.80968  -231.61207  -233.49763  4.99985   768
682.00  0.04180  0.04183  0.00956  0.80968  -231.96608  -233.80739  4.99985   768
683.00  0.04181  0.04183  0.00896  0.80968  -232.80836  -234.61610  4.99985   768
684.00  0.04180  0.04183  0.00832  0.80968  -233.86275  -235.67812  4.99985   768
685.00  0.04180  0.04183  0.00783  0.80968  -234.61806  -236.45174  4.99985   768
686.00  0.04181  0.04183  0.00779  0.80968  -234.71571  -236.60432  4.99985   768
687.00  0.04182  0.04183  0.00822  0.80968  -234.12367  -236.06111  4.99985   768
688.00  0.04179  0.04183  0.00883  0.80968  -233.17610  -235.11812  4.99985   768
689.00  0.04179  0.04183  0.00954  0.80968  -232.06526  -233.99812  4.99985   768
690.00  0.04181  0.04183  0.00987  0.80968  -231.55409  -233.45033  4.99985   768
691.00  0.04180  0.04183  0.00973  0.80968  -231.73872  -233.61513  4.99985   768
692.00  0.04180  0.04183  0.00927  0.80968  -232.35823  -234.19801  4.99985   768
693.00  0.04180  0.04183  0.00872  0.80968  -233.22645  -235.07387  4.99985   768
694.00  0.04180  0.04183  0.00816  0.80968  -234.09621  -235.94667  4.99985   768
695.00  0.04180  0.04183  0.00793  0.80968  -234.44258  -236.33119  4.99985   768
696.00  0.04180  0.04183  0.00815  0.80968  -234.19691  -236.13283  4.99985   768
697.00  0.04180  0.04183  0.00876  0.80968  -233.27528  -235.23561  4.99985   768
698.00  0.04181  0.04183  0.00936  0.80968  -232.34755  -234.28194  4.99985   768
699.00  0.04179  0.04183  0.00978  0.80968  -231.68989  -233.62733  4.99985   768
700.00  0.04180  0.04183  0.00995  0.80968  -231.33284  -233.21535  4.99985   768
701.00  0.04180  0.04183  0.00964  0.80968  -231.81654  -233.64107  4.99985   768
702.00  0.04180  0.04183  0.00907  0.80968  -232.64509  -234.46199  4.99985   768
703.00  0.04180  0.04183  0.00849  0.80968  -233.56062  -235.38515  4.99985   768
704.00  0.04181  0.04183  0.00808  0.80968  -234.23506  -236.09926  4.99985   768
705.00  0.04180  0.04183  0.00802  0.80968  -234.35713  -236.25337  4.99985   768
706.00  0.04181  0.04183  0.00846  0.80968  -233.71321  -235.65065  4.99985   768
707.00  0.04178  0.04183  0.00912  0.80968  -232.71071  -234.66035  4.99985   768
708.00  0.04179  0.04183  0.00962  0.80968  -231.94624  -233.86995  4.99985   768
709.00  0.04180  0.04183  0.00986  0.80968  -231.49763  -233.41676  4.99985   768
710.00  0.04180  0.04183  0.00972  0.80968  -231.70363  -233.55867  4.99985   768
711.00  0.04180  0.04183  0.00930  0.80968  -232.36739  -234.22395  4.99985   768
712.00  0.04180  0.04183  0.00868  0.80968  -233.28444  -235.11049  4.99985   768
713.00  0.04178  0.04183  0.00809  0.80968  -234.20760  -236.05501  4.99985   768
714.00  0.04179  0.04183  0.00781  0.80968  -234.73555  -236.61195  4.99985   768
715.00  0.04180  0.04183  0.00805  0.80968  -234.36018  -236.26710  4.99985   768
716.00  0.04180  0.04183  0.00860  0.80968  -233.50264  -235.43703  4.99985   768
717.00  0.04180  0.04183  0.00933  0.80968  -232.40553  -234.35213  4.99985   768
718.00  0.04179  0.04183  0.00974  0.80968  -231.71126  -233.61818  4.99985   768
719.00  0.04180  0.04183  0.00978  0.80968  -231.63191  -233.49306  4.99985   768
720.00  0.04179  0.04183  0.00945  0.80968  -232.09425  -233.92946  4.99985   768
721.00  0.04180  0.04183  0.00887  0.80968  -232.97316  -234.78853  4.99985   768
722.00  0.04180  0.04183  0.00818  0.80968  -234.01839  -235.85054  4.99985   768
723.00  0.04180  0.04183  0.00775  0.80968  -234.73860  -236.59364  4.99985   768
724.00  0.04180  0.04183  0.00778  0.80968  -234.74928  -236.63789  4.99985   768
725.00  0.04179  0.04183  0.00819  0.80968  -234.19539  -236.14198  4.99985   768
726.00  0.04180  0.04183  0.00891  0.80968  -233.03877  -235.00062  4.99985   768
727.00  0.04180  0.04183  0.00956  0.80968  -232.02559  -233.99049  4.99985   768
728.00  0.04179  0.04183  0.00987  0.80968  -231.49763  -233.38319  4.99985   768
729.00  0.04179  0.04183  0.00973  0.80968  -231.70668  -233.58461  4.99985   768
730.00  0.04180  0.04183  0.00921  0.80968  -232.43300  -234.27736  4.99985   768
731.00  0.04180  0.04183  0.00855  0.80968  -233.51637  -235.33937  4.99985   768
732.00  0.04178  0.04183  0.00808  0.80968  -234.21522  -236.05958  4.99985   768
733.00  0.04180  0.04183  0.00791  0.80968  -234.55092  -236.41969  4.99985   768
734.00  0.04180  0.04183  0.00805  0.80968  -234.34340  -236.24116  4.99985   768
735.00  0.04179  0.04183  0.00859  0.80968  -233.54842  -235.48738  4.99985   768
736.00  0.04180  0.04183  0.00930  0.80968  -232.47114  -234.40095  4.99985   768
737.00  0.04179  0.04183  0.00973  0.80968  -231.74330  -233.63801  4.99985   768
738.00  0.04179  0.04183  0.00988  0.80968  -231.48085  -233.36030  4.99985   768
739.00  0.04181  0.04183  0.00956  0.80968  -231.88368  -233.70363  4.99985   768
740.00  0.04178  0.04183  0.00897  0.80968  -232.85109  -234.68324  4.99985   768
741.00  0.04180  0.04183  0.00826  0.80968  -233.93751  -235.76967  4.99985   768
742.00  0.04179  0.04183  0.00796  0.80968  -234.42885  -236.30373  4.99985   768
743.00  0.04178  0.04183  0.00792  0.80968  -234.49141  -236.38460  4.99985   768
744.00  0.04179  0.04183  0.00830  0.80968  -233.98634  -235.94667  4.99985   768
745.00  0.04180  0.04183  0.00893  0.80968  -233.03725  -234.99147  4.99985   768
746.00  0.04178  0.04183  0.00946  0.80968  -232.20564  -234.15224  4.99985   768
747.00  0.04179  0.04183  0.00979  0.80968  -231.63344  -233.54341  4.99985   768
748.00  0.04180  0.04183  0.00977  0.80968  -231.62581  -233.50069  4.99985   768
749.00  0.04178  0.04183  0.00927  0.80968  -232.36433  -234.17818  4.99985   768
750.00  0.04178  0.04183  0.00855  0.80968  -233.47517  -235.28139  4.99985   768
751.00  0.04179  0.04183  0.00802  0.80968  -234.31441  -236.14351  4.99985   768
752.00  0.04179  0.04183  0.00778  0.80968  -234.73250  -236.59212  4.99985   768
753.00  0.04178  0.04183  0.00800  0.80968  -234.37086  -236.26863  4.99985   768
754.00  0.04179  0.04183  0.00853  0.80968  -233.64455  -235.59267  4.99985   768
755.00  0.04178  0.04183  0.00921  0.80968  -232.58864  -234.53065  4.99985   768
756.00  0.04178  0.04183  0.00963  0.80968  -231.91115  -233.82570  4.99985   768
757.00  0.04180  0.04183  0.00973  0.80968  -231.68684  -233.56172  4.99985   768
758.00  0.04179  0.04183  0.00947  0.80968  -232.12324  -233.97523  4.99985   768
759.00  0.04180  0.04183  0.00895  0.80968  -232.85109  -234.69850  4.99985   768
760.00  0.04180  0.04183  0.00829  0.80968  -233.88563  -235.70711  4.99985   768
761.00  0.04179  0.04183  0.00791  0.80968  -234.52040  -236.40901  4.99985   768
762.00  0.04180  0.04183  0.00793  0.80968  -234.55244  -236.45174  4.99985   768
763.00  0.04180  0.04183  0.00843  0.80968  -233.75441  -235.69948  4.99985   768
764.00  0.04179  0.04183  0.00905  0.80968  -232.89687  -234.86940  4.99985   768
765.00  0.04179  0.04183  0.00966  0.80968  -231.81349  -233.74940  4.99985   768
766.00  0.04178  0.04183  0.00996  0.80968  -231.38624  -233.30232  4.99985   768
767.00  0.04180  0.04183  0.00984  0.80968  -231.51594  -233.34505  4.99985   768
768.00  0.04179  0.04183  0.00939  0.80968  -232.18275  -234.01796  4.99985   768
769.00  0.04180  0.04183  0.00883  0.80968  -233.04335  -234.87093  4.99985   768
770.00  0.04180  0.04183  0.00827  0.80968  -233.91920  -235.73762  4.99985   768
771.00  0.04179  0.04183  0.00812  0.80968  -234.20760  -236.08095  4.99985   768
772.00  0.04180  0.04183  0.00832  0.80968  -233.94820  -235.87190  4.99985   768
773.00  0.04181  0.04183  0.00881  0.80968  -233.23256  -235.17915  4.99985   768
774.00  0.04180  0.04183  0.00946  0.80968  -232.23006  -234.18428  4.99985   768
775.00  0.04180  0.04183  0.00989  0.80968  -231.54188  -233.47169  4.99985   768
776.00  0.04180  0.04183  0.00991  0.80968  -231.43050  -233.32521  4.99985   768
777.00  0.04180  0.04183  0.00953  0.80968  -231.98439  -233.82265  4.99985   768
778.00  0.04179  0.04183  0.00900  0.80968  -232.79311  -234.64509  4.99985   768
779.00  0.04179  0.04183  0.00839  0.80968  -233.74525  -235.57741  4.99985   768
780.00  0.04180  0.04183  0.00801  0.80968  -234.37849  -236.22896  4.99985   768
781.00  0.04180  0.04183  0.00809  0.80968  -234.27931  -236.19539  4.99985   768
782.00  0.04181  0.04183  0.00850  0.80968  -233.64302  -235.58656  4.99985   768
783.00  0.04180  0.04183  0.00909  0.80968  -232.76717  -234.67714  4.99985   768
784.00  0.04180  0.04183  0.00962  0.80968  -231.99812  -233.92488  4.99985   768
785.00  0.04180  0.04183  0.00987  0.80968  -231.47627  -233.36183  4.99985   768
786.00  0.04179  0.04183  0.00972  0.80968  -231.69752  -233.53578  4.99985   768
787.00  0.04179  0.04183  0.00919  0.80968  -232.51540  -234.34145  4.99985   768
788.00  0.04180  0.04183  0.00864  0.80968  -233.33479  -235.17000  4.99985   768
789.00  0.04178  0.04183  0.00815  0.80968  -234.13740  -235.96498  4.99985   768
790.00  0.04178  0.04183  0.00802  0.80968  -234.34492  -236.23506  4.99985   768
791.00  0.04180  0.04183  0.00820  0.80968  -234.12215  -236.05196  4.99985   768
792.00  0.04179  0.04183  0.00884  0.80968  -233.20051  -235.17152  4.99985   768
793.00  0.04178  0.04183  0.00947  0.80968  -232.20259  -234.13850  4.99985   768
794.00  0.04179  0.04183  0.00977  0.80968  -231.73109  -233.65938  4.99985   768
795.00  0.04179  0.04183  0.00980  0.80968  -231.63496  -233.52205  4.99985   768
796.00  0.04180  0.04183  0.00955  0.80968  -231.96455  -233.84401  4.99985   768
797.00  0.04180  0.04183  0.00898  0.80968  -232.81142  -234.63899  4.99985   768
798.00  0.04178  0.04183  0.00832  0.80968  -233.87038  -235.67659  4.99985   768
799.00  0.04178  0.04183  0.00802  0.80968  -234.38307  -236.27931  4.99985   768
800.00  0.04179  0.04183  0.00812  0.80968  -234.22285  -236.11452  4.99985   768
801.00  0.04179  0.04183  0.00851  0.80968  -233.65828  -235.58961  4.99985   768
802.00  0.04180  0.04183  0.00920  0.80968  -232.59932  -234.55507  4.99985   768
803.00  0.04180  0.04183  0.00976  0.80968  -231.71583  -233.63344  4.99985   768
804.00  0.04180  0.04183  0.00989  0.80968  -231.46406  -233.34047  4.99985   768
805.00  0.04179  0.04183  0.00974  0.80968  -231.67464  -233.53120  4.99985   768
806.00  0.04181  0.04183  0.00923  0.80968  -232.44368  -234.26973  4.99985   768
807.00  0.04179  0.04183  0.00863  0.80968  -233.33479  -235.16695  4.99985   768
808.00  0.04179  0.04183  0.00812  0.80968  -234.14656  -235.99245  4.99985   768
809.00  0.04178  0.04183  0.00802  0.80968  -234.39070  -236.30220  4.99985   768
810.00  0.04179  0.04183  0.00837  0.80968  -233.87038  -235.80324  4.99985   768
811.00  0.04179  0.04183  0.00892  0.80968  -233.07234  -235.02809  4.99985   768
812.00  0.04179  0.04183  0.00952  0.80968  -232.09730  -234.04390  4.99985   768
813.00  0.04177  0.04183  0.00995  0.80968  -231.42592  -233.34810  4.99985   768
814.00  0.04178  0.04183  0.00989  0.80968  -231.49306  -233.37251  4.99985   768
815.00  0.04179  0.04183  0.00951  0.80968  -231.97981  -233.79213  4.99985   768
816.00  0.04179  0.04183  0.00893  0.80968  -232.92128  -234.74275  4.99985   768
817.00  0.04179  0.04183  0.00836  0.80968  -233.74831  -235.56978  4.99985   768
818.00  0.04179  0.04183  0.00793  0.80968  -234.47310  -236.32509  4.99985   768
819.00  0.04179  0.04183  0.00808  0.80968  -234.31288  -236.20302  4.99985   768
820.00  0.04179  0.04183  0.00856  0.80968  -233.56825  -235.49806  4.99985   768
821.00  0.04179  0.04183  0.00916  0.80968  -232.69392  -234.63594  4.99985   768
822.00  0.04178  0.04183  0.00968  0.80968  -231.82417  -233.72652  4.99985   768
823.00  0.04179  0.04183  0.00981  0.80968  -231.61055  -233.48695  4.99985   768
824.00  0.04179  0.04183  0.00954  0.80968  -231.98286  -233.83790  4.99985   768
825.00  0.04178  0.04183  0.00899  0.80968  -232.82210  -234.65883  4.99985   768
826.00  0.04179  0.04183  0.00833  0.80968  -233.82002  -235.65065  4.99985   768
827.00  0.04179  0.04183  0.00788  0.80968  -234.54787  -236.41817  4.99985   768
828.00  0.04179  0.04183  0.00780  0.80968  -234.69893  -236.60127  4.99985   768
829.00  0.04179  0.04183  0.00813  0.80968  -234.24422  -236.16334  4.99985   768
830.00  0.04179  0.04183  0.00880  0.80968  -233.24934  -235.21883  4.99985   768
831.00  0.04179  0.04183  0.00949  0.80968  -232.15224  -234.08968  4.99985   768
832.00  0.04179  0.04183  0.00982  0.80968  -231.60597  -233.52205  4.99985   768
833.00  0.04177  0.04183  0.00974  0.80968  -231.69905  -233.56020  4.99985   768
834.00  0.04179  0.04183  0.00935  0.80968  -232.27736  -234.10188  4.99985   768
835.00  0.04179  0.04183  0.00876  0.80968  -233.18220  -234.99910  4.99985   768
836.00  0.04179  0.04183  0.00811  0.80968  -234.13435  -235.96498  4.99985   768
837.00  0.04179  0.04183  0.00786  0.80968  -234.61653  -236.48225  4.99985   768
838.00  0.04178  0.04183  0.00807  0.80968  -234.30373  -236.21828  4.99985   768
839.00  0.04179  0.04183  0.00856  0.80968  -233.61861  -235.55299  4.99985   768
840.00  0.04179  0.04183  0.00929  0.80968  -232.47114  -234.43147  4.99985   768
841.00  0.04179  0.04183  0.00977  0.80968  -231.69142  -233.59834  4.99985   768
842.00  0.04178  0.04183  0.01000  0.80968  -231.33589  -233.24434  4.99985   768
843.00  0.04179  0.04183  0.00979  0.80968  -231.61818  -233.47932  4.99985   768
844.00  0.04178  0.04183  0.00925  0.80968  -232.42384  -234.27736  4.99985   768
845.00  0.04178  0.04183  0.00865  0.80968  -233.32259  -235.15932  4.99985   768
846.00  0.04178  0.04183  0.00813  0.80968  -234.15114  -236.00618  4.99985   768
847.00  0.04179  0.04183  0.00792  0.80968  -234.50819  -236.39375  4.99985   768
848.00  0.04178  0.04183  0.00824  0.80968  -234.05196  -235.97108  4.99985   768
849.00  0.04178  0.04183  0.00890  0.80968  -233.14101  -235.09676  4.99985   768
850.00  0.04180  0.04183  0.00957  0.80968  -232.00423  -233.94472  4.99985   768
851.00  0.04177  0.04183  0.00988  0.80968  -231.52205  -233.40608  4.99985   768
852.00  0.04179  0.04183  0.00982  0.80968  -231.56325  -233.41524  4.99985   768
853.00  0.04178  0.04183  0.00944  0.80968  -232.11714  -233.94472  4.99985   768
854.00  0.04178  0.04183  0.00883  0.80968  -233.03114  -234.85109  4.99985   768
855.00  0.04178  0.04183  0.00826  0.80968  -233.94820  -235.76814  4.99985   768
856.00  0.04178  0.04183  0.00798  0.80968  -234.41664  -236.28389  4.99985   768
857.00  0.04180  0.04183  0.00797  0.80968  -234.45021  -236.36323  4.99985   768
858.00  0.04178  0.04183  0.00839  0.80968  -233.83528  -235.77272  4.99985   768
859.00  0.04178  0.04183  0.00907  0.80968  -232.81142  -234.76564  4.99985   768
860.00  0.04180  0.04183  0.00955  0.80968  -232.07289  -234.00728  4.99985   768
861.00  0.04178  0.04183  0.00979  0.80968  -231.63191  -233.53731  4.99985   768
862.00  0.04178  0.04183  0.00963  0.80968  -231.83333  -233.70668  4.99985   768
863.00  0.04178  0.04183  0.00907  0.80968  -232.68477  -234.52760  4.99985   768
864.00  0.04180  0.04183  0.00852  0.80968  -233.54231  -235.38667  4.99985   768
865.00  0.04177  0.04183  0.00817  0.80968  -234.04890  -235.89937  4.99985   768
866.00  0.04178  0.04183  0.00797  0.80968  -234.37849  -236.24879  4.99985   768
867.00  0.04178  0.04183  0.00832  0.80968  -233.92073  -235.83681  4.99985   768
868.00  0.04178  0.04183  0.00884  0.80968  -233.15779  -235.08760  4.99985   768
869.00  0.04177  0.04183  0.00935  0.80968  -232.32924  -234.24684  4.99985   768
870.00  0.04178  0.04183  0.00970  0.80968  -231.80586  -233.71736  4.99985   768
871.00  0.04178  0.04183  0.00978  0.80968  -231.61207  -233.48238  4.99985   768
872.00  0.04177  0.04183  0.00946  0.80968  -232.06831  -233.91115  4.99985   768
873.00  0.04178  0.04183  0.00885  0.80968  -233.04488  -234.87398  4.99985   768
874.00  0.04178  0.04183  0.00835  0.80968  -233.79256  -235.62929  4.99985   768
875.00  0.04178  0.04183  0.00808  0.80968  -234.26253  -236.15724  4.99985   768
876.00  0.04177  0.04183  0.00815  0.80968  -234.14351  -236.04433  4.99985   768
877.00  0.04177  0.04183  0.00868  0.80968  -233.43245  -235.40346  4.99985   768
878.00  0.04178  0.04183  0.00929  0.80968  -232.48946  -234.44063  4.99985   768
879.00  0.04177  0.04183  0.00969  0.80968  -231.79213  -233.70973  4.99985   768
880.00  0.04178  0.04183  0.00981  0.80968  -231.58156  -233.46101  4.99985   768
881.00  0.04176  0.04183  0.00959  0.80968  -231.94319  -233.82112  4.99985   768
882.00  0.04178  0.04183  0.00916  0.80968  -232.55659  -234.36739  4.99985   768
883.00  0.04178  0.04183  0.00857  0.80968  -233.47517  -235.29665  4.99985   768
884.00  0.04178  0.04183  0.00821  0.80968  -234.01686  -235.85817  4.99985   768
885.00  0.04178  0.04183  0.00808  0.80968  -234.28236  -236.16182  4.99985   768
886.00  0.04178  0.04183  0.00838  0.80968  -233.78798  -235.69948  4.99985   768
887.00  0.04179  0.04183  0.00896  0.80968  -232.96400  -234.89381  4.99985   768
888.00  0.04178  0.04183  0.00948  0.80968  -232.16292  -234.09578  4.99985   768
889.00  0.04178  0.04183  0.00968  0.80968  -231.81197  -233.70821  4.99985   768
890.00  0.04177  0.04183  0.00960  0.80968  -231.85011  -233.69905  4.99985   768
891.00  0.04179  0.04183  0.00922  0.80968  -232.45283  -234.28499  4.99985   768
892.00  0.04178  0.04183  0.00869  0.80968  -233.26308  -235.11049  4.99985   768
893.00  0.04178  0.04183  0.00825  0.80968  -233.99397  -235.87038  4.99985   768
894.00  0.04177  0.04183  0.00798  0.80968  -234.40138  -236.28694  4.99985   768
895.00  0.04178  0.04183  0.00827  0.80968  -234.01076  -235.94514  4.99985   768
896.00  0.04178  0.04183  0.00879  0.80968  -233.24782  -235.20357  4.99985   768
897.00  0.04177  0.04183  0.00933  0.80968  -232.43605  -234.36128  4.99985   768
898.00  0.04177  0.04183  0.00976  0.80968  -231.69142  -233.60292  4.99985   768
899.00  0.04177  0.04183  0.00985  0.80968  -231.51137  -233.38624  4.99985   768
900.00  0.04177  0.04183  0.00950  0.80968  -232.06984  -233.92030  4.99985   768
901.00  0.04177  0.04183  0.00903  0.80968  -232.74123  -234.57033  4.99985   768
902.00  0.04179  0.04183  0.00848  0.80968  -233.56673  -235.39583  4.99985   768
903.00  0.04178  0.04183  0.00813  0.80968  -234.18318  -236.02144  4.99985   768
904.00  0.04178  0.04183  0.00803  0.80968  -234.32051  -236.19997  4.99985   768
905.00  0.04179  0.04183  0.00849  0.80968  -233.72084  -235.67049  4.99985   768
906.00  0.04178  0.04183  0.00908  0.80968  -232.79463  -234.70918  4.99985   768
907.00  0.04179  0.04183  0.00958  0.80968  -231.97066  -233.92488  4.99985   768
908.00  0.04179  0.04183  0.00985  0.80968  -231.58766  -233.49458  4.99985   768
909.00  0.04178  0.04183  0.00969  0.80968  -231.72652  -233.58461  4.99985   768
910.00  0.04177  0.04183  0.00924  0.80968  -232.42232  -234.27278  4.99985   768
911.00  0.04178  0.04183  0.00864  0.80968  -233.35921  -235.19594  4.99985   768
912.00  0.04178  0.04183  0.00813  0.80968  -234.12520  -235.98482  4.99985   768
913.00  0.04178  0.04183  0.00796  0.80968  -234.45937  -236.34187  4.99985   768
914.00  0.04177  0.04183  0.00823  0.80968  -234.06569  -236.00618  4.99985   768
915.00  0.04180  0.04183  0.00877  0.80968  -233.30275  -235.24629  4.99985   768
916.00  0.04177  0.04183  0.00952  0.80968  -232.14003  -234.08357  4.99985   768
917.00  0.04177  0.04183  0.00986  0.80968  -231.53426  -233.44118  4.99985   768
918.00  0.04178  0.04183  0.00994  0.80968  -231.38472  -233.25044  4.99985   768
919.00  0.04177  0.04183  0.00966  0.80968  -231.76161  -233.60445  4.99985   768
920.00  0.04178  0.04183  0.00900  0.80968  -232.74733  -234.54439  4.99985   768
921.00  0.04178  0.04183  0.00832  0.80968  -233.86427  -235.67201  4.99985   768
922.00  0.04177  0.04183  0.00799  0.80968  -234.37239  -236.25185  4.99985   768
923.00  0.04178  0.04183  0.00809  0.80968  -234.25795  -236.16792  4.99985   768
924.00  0.04177  0.04183  0.00850  0.80968  -233.63692  -235.58046  4.99985   768
925.00  0.04177  0.04183  0.00910  0.80968  -232.75648  -234.72902  4.99985   768
926.00  0.04177  0.04183  0.00975  0.80968  -231.73567  -233.66243  4.99985   768
927.00  0.04177  0.04183  0.00984  0.80968  -231.59224  -233.48695  4.99985   768
928.00  0.04178  0.04183  0.00980  0.80968  -231.66090  -233.52205  4.99985   768
929.00  0.04178  0.04183  0.00934  0.80968  -232.25600  -234.09425  4.99985   768
930.00  0.04178  0.04183  0.00861  0.80968  -233.40346  -235.24171  4.99985   768
931.00  0.04178  0.04183  0.00806  0.80968  -234.23811  -236.10231  4.99985   768
932.00  0.04177  0.04183  0.00784  0.80968  -234.65926  -236.50514  4.99985   768
933.00  0.04179  0.04183  0.00808  0.80968  -234.31746  -236.23811  4.99985   768
934.00  0.04178  0.04183  0.00872  0.80968  -233.31953  -235.27223  4.99985   768
935.00  0.04178  0.04183  0.00947  0.80968  -232.22243  -234.15376  4.99985   768
936.00  0.04179  0.04183  0.00991  0.80968  -231.42897  -233.32979  4.99985   768
937.00  0.04178  0.04183  0.00987  0.80968  -231.49153  -233.36183  4.99985   768
938.00  0.04179  0.04183  0.00958  0.80968  -231.90352  -233.73720  4.99985   768
939.00  0.04178  0.04183  0.00892  0.80968  -232.84804  -234.65272  4.99985   768
940.00  0.04177  0.04183  0.00829  0.80968  -233.92226  -235.75746  4.99985   768
941.00  0.04179  0.04183  0.00788  0.80968  -234.50209  -236.36629  4.99985   768
942.00  0.04177  0.04183  0.00788  0.80968  -234.61653  -236.52193  4.99985   768
943.00  0.04177  0.04183  0.00834  0.80968  -233.92226  -235.87190  4.99985   768
944.00  0.04178  0.04183  0.00909  0.80968  -232.82667  -234.81294  4.99985   768
945.00  0.04177  0.04183  0.00974  0.80968  -231.73567  -233.67464  4.99985   768
946.00  0.04176  0.04183  0.01005  0.80968  -231.29317  -233.18941  4.99985   768
947.00  0.04178  0.04183  0.00991  0.80968  -231.41371  -233.27943  4.99985   768
948.00  0.04177  0.04183  0.00939  0.80968  -232.17818  -233.99812  4.99985   768
949.00  0.04177  0.04183  0.00870  0.80968  -233.22493  -235.05250  4.99985   768
950.00  0.04178  0.04183  0.00813  0.80968  -234.15572  -235.97108  4.99985   768
951.00  0.04177  0.04183  0.00792  0.80968  -234.49599  -236.38155  4.99985   768
952.00  0.04178  0.04183  0.00816  0.80968  -234.18928  -236.10689  4.99985   768
953.00  0.04177  0.04183  0.00876  0.80968  -233.25697  -235.18526  4.99985   768
954.00  0.04177  0.04183  0.00935  0.80968  -232.37807  -234.31398  4.99985   768
955.00  0.04177  0.04183  0.00982  0.80968  -231.61360  -233.51747  4.99985   768
956.00  0.04177  0.04183  0.00997  0.80968  -231.35268  -233.23518  4.99985   768
957.00  0.04177  0.04183  0.00958  0.80968  -231.88673  -233.72957  4.99985   768
958.00  0.04177  0.04183  0.00889  0.80968  -232.94569  -234.76564  4.99985   768
959.00  0.04177  0.04183  0.00825  0.80968  -233.96956  -235.80171  4.99985   768
960.00  0.04178  0.04183  0.00779  0.80968  -234.67146  -236.52956  4.99985   768
961.00  0.04178  0.04183  0.00772  0.80968  -234.83015  -236.73555  4.99985   768
962.00  0.04178  0.04183  0.00826  0.80968  -234.01686  -235.96498  4.99985   768
963.00  0.04177  0.04183  0.00892  0.80968  -233.07997  -235.02504  4.99985   768
964.00  0.04178  0.04183  0.00954  0.80968  -232.05000  -234.00575  4.99985   768
965.00  0.04177  0.04183  0.00991  0.80968  -231.49611  -233.41218  4.99985   768
966.00  0.04178  0.04183  0.00984  0.80968  -231.56782  -233.42134  4.99985   768
967.00  0.04178  0.04183  0.00931  0.80968  -232.26668  -234.07747  4.99985   768
968.00  0.04178  0.04183  0.00871  0.80968  -233.25545  -235.07082  4.99985   768
969.00  0.04178  0.04183  0.00806  0.80968  -234.19997  -236.01381  4.99985   768
970.00  0.04177  0.04183  0.00791  0.80968  -234.53413  -236.41206  4.99985   768
971.00  0.04178  0.04183  0.00821  0.80968  -234.10536  -236.01076  4.99985   768
972.00  0.04178  0.04183  0.00879  0.80968  -233.23561  -235.17305  4.99985   768
973.00  0.04178  0.04183  0.00947  0.80968  -232.16139  -234.11256  4.99985   768
974.00  0.04177  0.04183  0.00996  0.80968  -231.39693  -233.33742  4.99985   768
975.00  0.04177  0.04183  0.00999  0.80968  -231.30537  -233.19093  4.99985   768
976.00  0.04177  0.04183  0.00962  0.80968  -231.83028  -233.66090  4.99985   768
977.00  0.04177  0.04183  0.00910  0.80968  -232.63899  -234.47420  4.99985   768
978.00  0.04176  0.04183  0.00841  0.80968  -233.72542  -235.56367  4.99985   768
979.00  0.04177  0.04183  0.00805  0.80968  -234.26710  -236.12367  4.99985   768
980.00  0.04177  0.04183  0.00821  0.80968  -234.07179  -235.97871  4.99985   768
981.00  0.04176  0.04183  0.00850  0.80968  -233.70100  -235.63234  4.99985   768
982.00  0.04176  0.04183  0.00910  0.80968  -232.80989  -234.74580  4.99985   768
983.00  0.04177  0.04183  0.00976  0.80968  -231.72346  -233.65480  4.99985   768
984.00  0.04178  0.04183  0.00999  0.80968  -231.30690  -233.21535  4.99985   768
985.00  0.04176  0.04183  0.00986  0.80968  -231.44728  -233.30080  4.99985   768
986.00  0.04177  0.04183  0.00936  0.80968  -232.24837  -234.07747  4.99985   768
987.00  0.04177  0.04183  0.00865  0.80968  -233.28749  -235.07539  4.99985   768
988.00  0.04177  0.04183  0.00814  0.80968  -234.13435  -235.97719  4.99985   768
989.00  0.04178  0.04183  0.00795  0.80968  -234.45326  -236.33882  4.99985   768
990.00  0.04178  0.04183  0.00826  0.80968  -234.02602  -235.94209  4.99985   768
991.00  0.04177  0.04183  0.00880  0.80968  -233.24019  -235.18678  4.99985   768
992.00  0.04177  0.04183  0.00948  0.80968  -232.19038  -234.16139  4.99985   768
993.00  0.04178  0.04183  0.00987  0.80968  -231.51442  -233.42744  4.99985   768
994.00  0.04176  0.04183  0.00986  0.80968  -231.51442  -233.40150  4.99985   768
995.00  0.04176  0.04183  0.00960  0.80968  -231.92030  -233.79365  4.99985   768
996.00  0.04176  0.04183  0.00897  0.80968  -232.82362  -234.65272  4.99985   768
997.00  0.04176  0.04183  0.00833  0.80968  -233.82613  -235.67812  4.99985   768
998.00  0.04178  0.04183  0.00802  0.80968  -234.30983  -236.19234  4.99985   768
999.00  0.04178  0.04183  0.00810  0.80968  -234.26100  -236.16640  4.99985   768
1000.00  0.04177  0.04183  0.00852  0.80968  -233.64149  -235.56825  4.99985   768
1001.00  0.04177  0.04183  0.00928  0.80968  -232.48946  -234.44063  4.99985   768
1002.00  0.04179  0.04183  0.00983  0.80968  -231.57851  -233.48238  4.99985   768
1003.00  0.04178  0.04183  0.00998  0.80968  -231.35420  -233.24129  4.99985   768
1004.00  0.04177  0.04183  0.00984  0.80968  -231.49000  -233.34199  4.99985   768
1005.00  0.04177  0.04183  0.00942  0.80968  -232.15834  -234.00270  4.99985   768
1006.00  0.04177  0.04183  0.00874  0.80968  -233.15932  -234.97163  4.99985   768
1007.00  0.04176  0.04183  0.00822  0.80968  -233.96345  -235.80629  4.99985   768
1008.00  0.04176  0.04183  0.00815  0.80968  -234.21065  -236.11299  4.99985   768
1009.00  0.04178  0.04183  0.00835  0.80968  -233.89326  -235.80019  4.99985   768
1010.00  0.04177  0.04183  0.00898  0.80968  -232.98994  -234.95027  4.99985   768
1011.00  0.04177  0.04183  0.00965  0.80968  -231.94777  -233.88368  4.99985   768
1012.00  0.04176  0.04183  0.01000  0.80968  -231.32826  -233.25349  4.99985   768
1013.00  0.04177  0.04183  0.01007  0.80968  -231.19246  -233.07954  4.99985   768
1014.00  0.04177  0.04183  0.00966  0.80968  -231.79518  -233.63039  4.99985   768
1015.00  0.04177  0.04183  0.00902  0.80968  -232.79158  -234.60084  4.99985   768
1016.00  0.04176  0.04183  0.00844  0.80968  -233.67964  -235.52095  4.99985   768
1017.00  0.04177  0.04183  0.00803  0.80968  -234.33729  -236.19081  4.99985   768
1018.00  0.04177  0.04183  0.00814  0.80968  -234.19844  -236.10994  4.99985   768
1019.00  0.04177  0.04183  0.00862  0.80968  -233.46297  -235.40346  4.99985   768
1020.00  0.04176  0.04183  0.00929  0.80968  -232.45894  -234.40401  4.99985   768
1021.00  0.04178  0.04183  0.00984  0.80968  -231.61055  -233.51747  4.99985   768
1022.00  0.04178  0.04183  0.00997  0.80968  -231.37709  -233.27028  4.99985   768
1023.00  0.04176  0.04183  0.00978  0.80968  -231.59224  -233.45033  4.99985   768
1024.00  0.04176  0.04183  0.00922  0.80968  -232.45436  -234.28346  4.99985   768
1025.00  0.04177  0.04183  0.00860  0.80968  -233.40956  -235.24934  4.99985   768
1026.00  0.04176  0.04183  0.00818  0.80968  -234.06111  -235.92531  4.99985   768
1027.00  0.04176  0.04183  0.00798  0.80968  -234.43190  -236.32661  4.99985   768
1028.00  0.04176  0.04183  0.00831  0.80968  -234.00008  -235.92836  4.99985   768
1029.00  0.04177  0.04183  0.00893  0.80968  -233.01436  -234.97621  4.99985   768
1030.00  0.04176  0.04183  0.00956  0.80968  -232.06831  -234.02254  4.99985   768
1031.00  0.04177  0.04183  0.00993  0.80968  -231.40456  -233.32063  4.99985   768
1032.00  0.04177  0.04183  0.00988  0.80968  -231.44118  -233.32979  4.99985   768
1033.00  0.04176  0.04183  0.00937  0.80968  -232.19649  -233.99202  4.99985   768
1034.00  0.04177  0.04183  0.00865  0.80968  -233.29665  -235.11201  4.99985   768
1035.00  0.04178  0.04183  0.00820  0.80968  -234.03364  -235.87190  4.99985   768
1036.00  0.04177  0.04183  0.00795  0.80968  -234.44105  -236.30678  4.99985   768
1037.00  0.04177  0.04183  0.00803  0.80968  -234.36781  -236.26405  4.99985   768
1038.00  0.04177  0.04183  0.00859  0.80968  -233.52400  -235.46907  4.99985   768
1039.00  0.04176  0.04183  0.00933  0.80968  -232.42232  -234.36433  4.99985   768
1040.00  0.04177  0.04183  0.00979  0.80968  -231.72804  -233.65327  4.99985   768
1041.00  0.04177  0.04183  0.00999  0.80968  -231.32216  -233.21535  4.99985   768
1042.00  0.04177  0.04183  0.00971  0.80968  -231.73415  -233.58308  4.99985   768
1043.00  0.04178  0.04183  0.00909  0.80968  -232.66188  -234.50319  4.99985   768
1044.00  0.04175  0.04183  0.00845  0.80968  -233.63539  -235.47517  4.99985   768
1045.00  0.04176  0.04183  0.00805  0.80968  -234.31288  -236.16334  4.99985   768
1046.00  0.04176  0.04183  0.00797  0.80968  -234.42274  -236.33424  4.99985   768
1047.00  0.04176  0.04183  0.00843  0.80968  -233.79408  -235.73610  4.99985   768
1048.00  0.04175  0.04183  0.00904  0.80968  -232.85414  -234.78395  4.99985   768
1049.00  0.04177  0.04183  0.00967  0.80968  -231.91878  -233.85622  4.99985   768
1050.00  0.04177  0.04183  0.01002  0.80968  -231.29927  -233.19246  4.99985   768
1051.00  0.04177  0.04183  0.00995  0.80968  -231.37404  -233.24129  4.99985   768
1052.00  0.04177  0.04183  0.00949  0.80968  -231.98897  -233.79976  4.99985   768
1053.00  0.04177  0.04183  0.00888  0.80968  -232.94417  -234.76259  4.99985   768
1054.00  0.04176  0.04183  0.00816  0.80968  -234.07637  -235.89479  4.99985   768
1055.00  0.04178  0.04183  0.00791  0.80968  -234.49599  -236.36934  4.99985   768
1056.00  0.04176  0.04183  0.00807  0.80968  -234.33272  -236.26100  4.99985   768
1057.00  0.04176  0.04183  0.00869  0.80968  -233.36989  -235.32716  4.99985   768
1058.00  0.04176  0.04183  0.00938  0.80968  -232.34297  -234.29262  4.99985   768
1059.00  0.04177  0.04183  0.00988  0.80968  -231.55409  -233.48085  4.99985   768
1060.00  0.04176  0.04183  0.00995  0.80968  -231.40456  -233.28706  4.99985   768
1061.00  0.04176  0.04183  0.00970  0.80968  -231.76771  -233.64870  4.99985   768
1062.00  0.04177  0.04183  0.00920  0.80968  -232.46657  -234.29719  4.99985   768
1063.00  0.04175  0.04183  0.00853  0.80968  -233.51637  -235.34395  4.99985   768
1064.00  0.04176  0.04183  0.00799  0.80968  -234.34340  -236.19844  4.99985   768
1065.00  0.04177  0.04183  0.00780  0.80968  -234.69282  -236.56465  4.99985   768
1066.00  0.04176  0.04183  0.00820  0.80968  -234.16792  -236.09163  4.99985   768
1067.00  0.04177  0.04183  0.00886  0.80968  -233.13338  -235.09218  4.99985   768
1068.00  0.04177  0.04183  0.00951  0.80968  -232.12324  -234.06068  4.99985   768
1069.00  0.04177  0.04183  0.00978  0.80968  -231.64412  -233.50832  4.99985   768
1070.00  0.04176  0.04183  0.00975  0.80968  -231.68684  -233.54494  4.99985   768
1071.00  0.04175  0.04183  0.00934  0.80968  -232.26515  -234.07594  4.99985   768
1072.00  0.04177  0.04183  0.00875  0.80968  -233.18526  -235.01894  4.99985   768
1073.00  0.04177  0.04183  0.00820  0.80968  -234.04738  -235.86580  4.99985   768
1074.00  0.04177  0.04183  0.00792  0.80968  -234.48531  -236.36934  4.99985   768
1075.00  0.04176  0.04183  0.00806  0.80968  -234.34492  -236.27168  4.99985   768
1076.00  0.04177  0.04183  0.00848  0.80968  -233.71779  -235.66591  4.99985   768
1077.00  0.04176  0.04183  0.00924  0.80968  -232.54744  -234.49708  4.99985   768
1078.00  0.04176  0.04183  0.00970  0.80968  -231.82722  -233.76314  4.99985   768
1079.00  0.04176  0.04183  0.00990  0.80968  -231.48238  -233.39082  4.99985   768
1080.00  0.04176  0.04183  0.00977  0.80968  -231.65480  -233.50832  4.99985   768
1081.00  0.04176  0.04183  0.00922  0.80968  -232.45741  -234.28346  4.99985   768
1082.00  0.04178  0.04183  0.00854  0.80968  -233.51637  -235.33327  4.99985   768
1083.00  0.04178  0.04183  0.00809  0.80968  -234.18776  -236.04890  4.99985   768
1084.00  0.04176  0.04183  0.00803  0.80968  -234.30067  -236.19691  4.99985   768
1085.00  0.04178  0.04183  0.00837  0.80968  -233.86580  -235.78493  4.99985   768
1086.00  0.04175  0.04183  0.00906  0.80968  -232.80836  -234.73970  4.99985   768
1087.00  0.04177  0.04183  0.00964  0.80968  -231.89284  -233.81502  4.99985   768
1088.00  0.04176  0.04183  0.00992  0.80968  -231.48390  -233.38777  4.99985   768
1089.00  0.04176  0.04183  0.00992  0.80968  -231.40150  -233.27486  4.99985   768
1090.00  0.04176  0.04183  0.00947  0.80968  -232.03932  -233.86995  4.99985   768
1091.00  0.04175  0.04183  0.00882  0.80968  -233.08302  -234.90602  4.99985   768
1092.00  0.04177  0.04183  0.00824  0.80968  -233.95277  -235.80324  4.99985   768
1093.00  0.04177  0.04183  0.00793  0.80968  -234.48683  -236.36018  4.99985   768
1094.00  0.04176  0.04183  0.00803  0.80968  -234.39223  -236.32509  4.99985   768
1095.00  0.04177  0.04183  0.00862  0.80968  -233.53773  -235.49654  4.99985   768
1096.00  0.04176  0.04183  0.00925  0.80968  -232.51845  -234.45741  4.99985   768
1097.00  0.04177  0.04183  0.00981  0.80968  -231.63496  -233.57393  4.99985   768
1098.00  0.04175  0.04183  0.00988  0.80968  -231.50984  -233.37709  4.99985   768
1099.00  0.04176  0.04183  0.00966  0.80968  -231.84248  -233.70668  4.99985   768
1100.00  0.04176  0.04183  0.00917  0.80968  -232.49403  -234.31093  4.99985   768
1101.00  0.04175  0.04183  0.00850  0.80968  -233.54079  -235.34547  4.99985   768
1102.00  0.04177  0.04183  0.00809  0.80968  -234.24422  -236.08247  4.99985   768
1103.00  0.04176  0.04183  0.00803  0.80968  -234.32814  -236.22133  4.99985   768
1104.00  0.04177  0.04183  0.00838  0.80968  -233.84901  -235.77425  4.99985   768
1105.00  0.04176  0.04183  0.00904  0.80968  -232.85261  -234.78853  4.99985   768
1106.00  0.04176  0.04183  0.00956  0.80968  -232.03932  -233.95540  4.99985   768
1107.00  0.04176  0.04183  0.00990  0.80968  -231.45949  -233.38777  4.99985   768
1108.00  0.04177  0.04183  0.00980  0.80968  -231.61055  -233.49000  4.99985   768
1109.00  0.04177  0.04183  0.00940  0.80968  -232.21327  -234.06526  4.99985   768
1110.00  0.04176  0.04183  0.00878  0.80968  -233.13643  -234.95943  4.99985   768
1111.00  0.04176  0.04183  0.00827  0.80968  -233.94667  -235.80324  4.99985   768
1112.00  0.04176  0.04183  0.00806  0.80968  -234.29915  -236.17860  4.99985   768
1113.00  0.04175  0.04183  0.00830  0.80968  -233.96803  -235.91920  4.99985   768
1114.00  0.04175  0.04183  0.00887  0.80968  -233.09370  -235.04182  4.99985   768
1115.00  0.04177  0.04183  0.00946  0.80968  -232.19496  -234.14461  4.99985   768
1116.00  0.04176  0.04183  0.00997  0.80968  -231.40913  -233.30690  4.99985   768
1117.00  0.04176  0.04183  0.01010  0.80968  -231.17262  -233.04597  4.99985   768
1118.00  0.04175  0.04183  0.00982  0.80968  -231.54646  -233.38167  4.99985   768
1119.00  0.04176  0.04183  0.00922  0.80968  -232.48793  -234.29567  4.99985   768
1120.00  0.04176  0.04183  0.00861  0.80968  -233.38362  -235.21577  4.99985   768
1121.00  0.04176  0.04183  0.00822  0.80968  -234.02144  -235.86275  4.99985   768
1122.00  0.04176  0.04183  0.00822  0.80968  -234.04127  -235.94209  4.99985   768
1123.00  0.04176  0.04183  0.00866  0.80968  -233.44771  -235.38667  4.99985   768
1124.00  0.04175  0.04183  0.00924  0.80968  -232.54744  -234.50777  4.99985   768
1125.00  0.04176  0.04183  0.00972  0.80968  -231.77687  -233.68989  4.99985   768
1126.00  0.04177  0.04183  0.01002  0.80968  -231.29927  -233.22755  4.99985   768
1127.00  0.04175  0.04183  0.00993  0.80968  -231.38014  -233.26570  4.99985   768
1128.00  0.04176  0.04183  0.00940  0.80968  -232.18123  -234.01338  4.99985   768
1129.00  0.04176  0.04183  0.00884  0.80968  -233.03419  -234.86330  4.99985   768
1130.00  0.04176  0.04183  0.00820  0.80968  -234.01533  -235.87190  4.99985   768
1131.00  0.04176  0.04183  0.00810  0.80968  -234.25185  -236.13283  4.99985   768
1132.00  0.04176  0.04183  0.00837  0.80968  -233.88106  -235.79408  4.99985   768
1133.00  0.04176  0.04183  0.00885  0.80968  -233.11201  -235.04945  4.99985   768
1134.00  0.04175  0.04183  0.00947  0.80968  -232.15529  -234.07899  4.99985   768
1135.00  0.04176  0.04183  0.00975  0.80968  -231.74025  -233.61818  4.99985   768
1136.00  0.04176  0.04183  0.00985  0.80968  -231.51137  -233.38930  4.99985   768
1137.00  0.04175  0.04183  0.00961  0.80968  -231.88063  -233.72957  4.99985   768
1138.00  0.04176  0.04183  0.00907  0.80968  -232.66646  -234.48488  4.99985   768
1139.00  0.04177  0.04183  0.00851  0.80968  -233.59877  -235.43245  4.99985   768
1140.00  0.04178  0.04183  0.00806  0.80968  -234.24727  -236.11604  4.99985   768
1141.00  0.04176  0.04183  0.00817  0.80968  -234.16182  -236.08095  4.99985   768
1142.00  0.04176  0.04183  0.00859  0.80968  -233.54079  -235.49196  4.99985   768
1143.00  0.04176  0.04183  0.00921  0.80968  -232.59627  -234.53065  4.99985   768
1144.00  0.04175  0.04183  0.00979  0.80968  -231.71126  -233.66701  4.99985   768
1145.00  0.04176  0.04183  0.00997  0.80968  -231.37709  -233.28706  4.99985   768
1146.00  0.04175  0.04183  0.00984  0.80968  -231.49611  -233.36030  4.99985   768
1147.00  0.04176  0.04183  0.00934  0.80968  -232.28957  -234.13393  4.99985   768
1148.00  0.04177  0.04183  0.00876  0.80968  -233.11964  -234.94722  4.99985   768
1149.00  0.04177  0.04183  0.00831  0.80968  -233.87495  -235.71779  4.99985   768
1150.00  0.04175  0.04183  0.00813  0.80968  -234.19997  -236.07332  4.99985   768
1151.00  0.04175  0.04183  0.00845  0.80968  -233.70253  -235.62013  4.99985   768
1152.00  0.04175  0.04183  0.00911  0.80968  -232.76259  -234.70613  4.99985   768
1153.00  0.04176  0.04183  0.00972  0.80968  -231.78908  -233.71583  4.99985   768
1154.00  0.04177  0.04183  0.01010  0.80968  -231.19551  -233.10853  4.99985   768
1155.00  0.04175  0.04183  0.01011  0.80968  -231.11006  -232.96663  4.99985   768
1156.00  0.04178  0.04183  0.00970  0.80968  -231.73567  -233.57088  4.99985   768
1157.00  0.04176  0.04183  0.00906  0.80968  -232.70155  -234.51845  4.99985   768
1158.00  0.04175  0.04183  0.00842  0.80968  -233.66133  -235.49654  4.99985   768
1159.00  0.04177  0.04183  0.00806  0.80968  -234.28084  -236.16334  4.99985   768
1160.00  0.04175  0.04183  0.00812  0.80968  -234.23811  -236.13588  4.99985   768
1161.00  0.04176  0.04183  0.00859  0.80968  -233.54842  -235.51027  4.99985   768
1162.00  0.04175  0.04183  0.00930  0.80968  -232.46962  -234.42689  4.99985   768
1163.00  0.04175  0.04183  0.00989  0.80968  -231.52663  -233.47017  4.99985   768
1164.00  0.04176  0.04183  0.01002  0.80968  -231.27638  -233.17262  4.99985   768
1165.00  0.04176  0.04183  0.00976  0.80968  -231.65938  -233.51594  4.99985   768
1166.00  0.04176  0.04183  0.00923  0.80968  -232.42689  -234.24989  4.99985   768
1167.00  0.04176  0.04183  0.00864  0.80968  -233.36073  -235.19289  4.99985   768
1168.00  0.04175  0.04183  0.00814  0.80968  -234.09163  -235.92226  4.99985   768
1169.00  0.04176  0.04183  0.00799  0.80968  -234.39223  -236.26558  4.99985   768
1170.00  0.04175  0.04183  0.00818  0.80968  -234.13130  -236.01839  4.99985   768
1171.00  0.04176  0.04183  0.00873  0.80968  -233.33632  -235.26918  4.99985   768
1172.00  0.04175  0.04183  0.00945  0.80968  -232.21327  -234.16139  4.99985   768
1173.00  0.04177  0.04183  0.00987  0.80968  -231.53426  -233.43355  4.99985   768
1174.00  0.04175  0.04183  0.00982  0.80968  -231.55409  -233.42744  4.99985   768
1175.00  0.04175  0.04183  0.00943  0.80968  -232.15529  -234.02101  4.99985   768
1176.00  0.04176  0.04183  0.00884  0.80968  -233.05708  -234.89687  4.99985   768
1177.00  0.04175  0.04183  0.00818  0.80968  -234.01991  -235.83833  4.99985   768
1178.00  0.04177  0.04183  0.00794  0.80968  -234.51430  -236.42122  4.99985   768
1179.00  0.04177  0.04183  0.00802  0.80968  -234.36629  -236.29304  4.99985   768
1180.00  0.04175  0.04183  0.00846  0.80968  -233.73152  -235.67354  4.99985   768
1181.00  0.04176  0.04183  0.00918  0.80968  -232.64357  -234.61763  4.99985   768
1182.00  0.04177  0.04183  0.00972  0.80968  -231.75856  -233.68532  4.99985   768
1183.00  0.04176  0.04183  0.00995  0.80968  -231.39845  -233.29317  4.99985   768
1184.00  0.04175  0.04183  0.00979  0.80968  -231.56782  -233.41676  4.99985   768
1185.00  0.04177  0.04183  0.00933  0.80968  -232.30025  -234.11561  4.99985   768
1186.00  0.04177  0.04183  0.00871  0.80968  -233.18220  -234.98689  4.99985   768
1187.00  0.04176  0.04183  0.00822  0.80968  -234.02754  -235.87648  4.99985   768
1188.00  0.04176  0.04183  0.00807  0.80968  -234.25642  -236.12367  4.99985   768
1189.00  0.04177  0.04183  0.00840  0.80968  -233.81239  -235.74678  4.99985   768
1190.00  0.04177  0.04183  0.00907  0.80968  -232.83278  -234.76411  4.99985   768
1191.00  0.04176  0.04183  0.00963  0.80968  -231.95387  -233.90657  4.99985   768
1192.00  0.04175  0.04183  0.00996  0.80968  -231.36793  -233.29164  4.99985   768
1193.00  0.04176  0.04183  0.00993  0.80968  -231.41524  -233.29927  4.99985   768
1194.00  0.04176  0.04183  0.00954  0.80968  -231.98439  -233.84553  4.99985   768
1195.00  0.04175  0.04183  0.00894  0.80968  -232.88313  -234.71681  4.99985   768
1196.00  0.04175  0.04183  0.00837  0.80968  -233.77730  -235.62776  4.99985   768
1197.00  0.04176  0.04183  0.00808  0.80968  -234.26863  -236.13435  4.99985   768
1198.00  0.04175  0.04183  0.00812  0.80968  -234.20454  -236.10536  4.99985   768
1199.00  0.04175  0.04183  0.00866  0.80968  -233.44771  -235.39888  4.99985   768
1200.00  0.04177  0.04183  0.00928  0.80968  -232.49403  -234.42689  4.99985   768
1201.00  0.04175  0.04183  0.00969  0.80968  -231.79213  -233.70515  4.99985   768
1202.00  0.04177  0.04183  0.00991  0.80968  -231.44575  -233.31911  4.99985   768
1203.00  0.04176  0.04183  0.00966  0.80968  -231.79213  -233.64412  4.99985   768
1204.00  0.04175  0.04183  0.00912  0.80968  -232.58406  -234.42232  4.99985   768
1205.00  0.04177  0.04183  0.00853  0.80968  -233.49348  -235.31038  4.99985   768
1206.00  0.04175  0.04183  0.00804  0.80968  -234.31593  -236.16792  4.99985   768
1207.00  0.04177  0.04183  0.00798  0.80968  -234.46089  -236.35713  4.99985   768
1208.00  0.04175  0.04183  0.00837  0.80968  -233.84596  -235.78798  4.99985   768
1209.00  0.04177  0.04183  0.00901  0.80968  -232.91365  -234.87093  4.99985   768
1210.00  0.04177  0.04183  0.00962  0.80968  -231.94777  -233.90199  4.99985   768
1211.00  0.04176  0.04183  0.00995  0.80968  -231.40303  -233.33436  4.99985   768
1212.00  0.04177  0.04183  0.00993  0.80968  -231.39540  -233.27333  4.99985   768
1213.00  0.04176  0.04183  0.00943  0.80968  -232.10341  -233.94166  4.99985   768
1214.00  0.04175  0.04183  0.00885  0.80968  -233.02962  -234.86177  4.99985   768
1215.00  0.04176  0.04183  0.00828  0.80968  -233.92073  -235.75899  4.99985   768
1216.00  0.04174  0.04183  0.00799  0.80968  -234.37849  -236.24727  4.99985   768
1217.00  0.04176  0.04183  0.00832  0.80968  -233.93904  -235.87038  4.99985   768
1218.00  0.04175  0.04183  0.00886  0.80968  -233.10591  -235.03114  4.99985   768
1219.00  0.04176  0.04183  0.00956  0.80968  -232.07442  -234.01491  4.99985   768
1220.00  0.04175  0.04183  0.00997  0.80968  -231.37862  -233.27638  4.99985   768
1221.00  0.04175  0.04183  0.01007  0.80968  -231.13447  -232.99409  4.99985   768
1222.00  0.04175  0.04183  0.00978  0.80968  -231.64717  -233.48085  4.99985   768
1223.00  0.04175  0.04183  0.00917  0.80968  -232.49251  -234.31703  4.99985   768
1224.00  0.04175  0.04183  0.00863  0.80968  -233.37904  -235.20509  4.99985   768
1225.00  0.04175  0.04183  0.00824  0.80968  -234.00008  -235.86885  4.99985   768
1226.00  0.04176  0.04183  0.00819  0.80968  -234.12215  -236.04280  4.99985   768
1227.00  0.04177  0.04183  0.00855  0.80968  -233.57588  -235.51485  4.99985   768
1228.00  0.04175  0.04183  0.00921  0.80968  -232.60847  -234.57185  4.99985   768
1229.00  0.04176  0.04183  0.00974  0.80968  -231.79518  -233.72652  4.99985   768
1230.00  0.04176  0.04183  0.01002  0.80968  -231.27333  -233.17415  4.99985   768
1231.00  0.04175  0.04183  0.00981  0.80968  -231.62276  -233.48390  4.99985   768
1232.00  0.04176  0.04183  0.00937  0.80968  -232.21327  -234.04695  4.99985   768
1233.00  0.04176  0.04183  0.00879  0.80968  -233.14253  -234.96858  4.99985   768
1234.00  0.04175  0.04183  0.00826  0.80968  -233.92531  -235.75441  4.99985   768
1235.00  0.04176  0.04183  0.00805  0.80968  -234.27626  -236.13740  4.99985   768
1236.00  0.04177  0.04183  0.00821  0.80968  -234.07790  -235.98329  4.99985   768
1237.00  0.04175  0.04183  0.00878  0.80968  -233.25392  -235.19441  4.99985   768
1238.00  0.04175  0.04183  0.00952  0.80968  -232.11409  -234.05916  4.99985   768
1239.00  0.04175  0.04183  0.01001  0.80968  -231.27028  -233.19246  4.99985   768
1240.00  0.04178  0.04183  0.01007  0.80968  -231.22298  -233.10091  4.99985   768
1241.00  0.04177  0.04183  0.00971  0.80968  -231.70515  -233.56325  4.99985   768
1242.00  0.04176  0.04183  0.00917  0.80968  -232.52760  -234.35976  4.99985   768
1243.00  0.04176  0.04183  0.00846  0.80968  -233.60487  -235.43397  4.99985   768
1244.00  0.04176  0.04183  0.00806  0.80968  -234.26710  -236.14656  4.99985   768
1245.00  0.04175  0.04183  0.00813  0.80968  -234.21217  -236.13893  4.99985   768
1246.00  0.04175  0.04183  0.00859  0.80968  -233.53621  -235.48433  4.99985   768
1247.00  0.04174  0.04183  0.00926  0.80968  -232.54744  -234.50777  4.99985   768
1248.00  0.04176  0.04183  0.00977  0.80968  -231.70973  -233.61665  4.99985   768
1249.00  0.04175  0.04183  0.01015  0.80968  -231.10243  -233.03072  4.99985   768
1250.00  0.04175  0.04183  0.01010  0.80968  -231.13905  -232.99257  4.99985   768
1251.00  0.04175  0.04183  0.00951  0.80968  -231.97066  -233.78755  4.99985   768
1252.00  0.04174  0.04183  0.00888  0.80968  -232.95027  -234.76106  4.99985   768
1253.00  0.04174  0.04183  0.00829  0.80968  -233.89326  -235.70863  4.99985   768
1254.00  0.04175  0.04183  0.00798  0.80968  -234.36781  -236.23354  4.99985   768
1255.00  0.04174  0.04183  0.00832  0.80968  -233.95430  -235.88716  4.99985   768
1256.00  0.04175  0.04183  0.00884  0.80968  -233.15321  -235.09218  4.99985   768
1257.00  0.04174  0.04183  0.00950  0.80968  -232.13087  -234.09273  4.99985   768
1258.00  0.04175  0.04183  0.00996  0.80968  -231.40456  -233.33284  4.99985   768
1259.00  0.04175  0.04183  0.01012  0.80968  -231.12837  -233.02156  4.99985   768
1260.00  0.04175  0.04183  0.00980  0.80968  -231.60750  -233.47475  4.99985   768
1261.00  0.04176  0.04183  0.00918  0.80968  -232.49251  -234.32771  4.99985   768
1262.00  0.04175  0.04183  0.00859  0.80968  -233.44160  -235.28749  4.99985   768
1263.00  0.04176  0.04183  0.00805  0.80968  -234.26100  -236.12672  4.99985   768
1264.00  0.04175  0.04183  0.00801  0.80968  -234.34492  -236.25032  4.99985   768
1265.00  0.04176  0.04183  0.00851  0.80968  -233.69490  -235.63844  4.99985   768
1266.00  0.04175  0.04183  0.00916  0.80968  -232.64357  -234.57796  4.99985   768
1267.00  0.04175  0.04183  0.00972  0.80968  -231.77382  -233.70668  4.99985   768
1268.00  0.04175  0.04183  0.00995  0.80968  -231.38930  -233.28401  4.99985   768
1269.00  0.04175  0.04183  0.00992  0.80968  -231.41066  -233.27180  4.99985   768
1270.00  0.04175  0.04183  0.00943  0.80968  -232.09425  -233.91725  4.99985   768
1271.00  0.04175  0.04183  0.00871  0.80968  -233.21425  -235.03114  4.99985   768
1272.00  0.04175  0.04183  0.00829  0.80968  -233.92683  -235.75288  4.99985   768
1273.00  0.04175  0.04183  0.00807  0.80968  -234.25795  -236.13435  4.99985   768
1274.00  0.04174  0.04183  0.00826  0.80968  -234.02296  -235.96193  4.99985   768
1275.00  0.04175  0.04183  0.00885  0.80968  -233.19289  -235.15016  4.99985   768
1276.00  0.04177  0.04183  0.00942  0.80968  -232.24684  -234.18275  4.99985   768
1277.00  0.04176  0.04183  0.00982  0.80968  -231.59834  -233.51900  4.99985   768
1278.00  0.04175  0.04183  0.00988  0.80968  -231.51900  -233.40913  4.99985   768
1279.00  0.04176  0.04183  0.00966  0.80968  -231.78603  -233.63801  4.99985   768
1280.00  0.04175  0.04183  0.00909  0.80968  -232.69697  -234.53523  4.99985   768
1281.00  0.04175  0.04183  0.00849  0.80968  -233.52858  -235.34700  4.99985   768
1282.00  0.04175  0.04183  0.00816  0.80968  -234.10536  -235.98176  4.99985   768
1283.00  0.04175  0.04183  0.00813  0.80968  -234.20760  -236.09315  4.99985   768
1284.00  0.04177  0.04183  0.00856  0.80968  -233.60945  -235.52400  4.99985   768
1285.00  0.04175  0.04183  0.00925  0.80968  -232.50624  -234.44063  4.99985   768
1286.00  0.04175  0.04183  0.00979  0.80968  -231.69447  -233.61970  4.99985   768
1287.00  0.04176  0.04183  0.00992  0.80968  -231.42439  -233.31148  4.99985   768
1288.00  0.04175  0.04183  0.00976  0.80968  -231.62276  -233.45796  4.99985   768
1289.00  0.04176  0.04183  0.00930  0.80968  -232.33076  -234.17360  4.99985   768
1290.00  0.04175  0.04183  0.00869  0.80968  -233.24934  -235.07539  4.99985   768
1291.00  0.04176  0.04183  0.00818  0.80968  -234.08400  -235.93141  4.99985   768
1292.00  0.04174  0.04183  0.00799  0.80968  -234.39070  -236.28541  4.99985   768
1293.00  0.04175  0.04183  0.00825  0.80968  -234.07027  -236.01533  4.99985   768
1294.00  0.04176  0.04183  0.00884  0.80968  -233.13338  -235.09676  4.99985   768
1295.00  0.04175  0.04183  0.00955  0.80968  -232.05916  -234.02101  4.99985   768
1296.00  0.04176  0.04183  0.00991  0.80968  -231.50984  -233.42287  4.99985   768
1297.00  0.04175  0.04183  0.00988  0.80968  -231.48848  -233.34810  4.99985   768
1298.00  0.04177  0.04183  0.00948  0.80968  -232.06374  -233.89741  4.99985   768
1299.00  0.04175  0.04183  0.00892  0.80968  -232.87093  -234.71529  4.99985   768
1300.00  0.04175  0.04183  0.00832  0.80968  -233.82765  -235.64455  4.99985   768
1301.00  0.04174  0.04183  0.00795  0.80968  -234.43800  -236.30373  4.99985   768
1302.00  0.04175  0.04183  0.00807  0.80968  -234.26710  -236.15572  4.99985   768
1303.00  0.04174  0.04183  0.00867  0.80968  -233.42024  -235.36226  4.99985   768
1304.00  0.04175  0.04183  0.00931  0.80968  -232.45589  -234.40553  4.99985   768
1305.00  0.04175  0.04183  0.00987  0.80968  -231.55562  -233.48543  4.99985   768
1306.00  0.04174  0.04183  0.01008  0.80968  -231.21992  -233.10701  4.99985   768
1307.00  0.04175  0.04183  0.00990  0.80968  -231.42592  -233.27791  4.99985   768
1308.00  0.04174  0.04183  0.00935  0.80968  -232.27278  -234.10951  4.99985   768
1309.00  0.04175  0.04183  0.00864  0.80968  -233.31343  -235.13795  4.99985   768
1310.00  0.04175  0.04183  0.00813  0.80968  -234.15877  -236.00465  4.99985   768
1311.00  0.04175  0.04183  0.00796  0.80968  -234.48225  -236.38765  4.99985   768
1312.00  0.04174  0.04183  0.00834  0.80968  -233.93141  -235.88106  4.99985   768
1313.00  0.04175  0.04183  0.00897  0.80968  -232.95485  -234.90907  4.99985   768
1314.00  0.04175  0.04183  0.00959  0.80968  -232.01338  -233.95692  4.99985   768
1315.00  0.04175  0.04183  0.00992  0.80968  -231.47169  -233.37709  4.99985   768
1316.00  0.04175  0.04183  0.00997  0.80968  -231.38014  -233.27028  4.99985   768
1317.00  0.04175  0.04183  0.00963  0.80968  -231.82722  -233.65785  4.99985   768
1318.00  0.04174  0.04183  0.00898  0.80968  -232.80073  -234.61153  4.99985   768
1319.00  0.04174  0.04183  0.00839  0.80968  -233.71931  -235.55299  4.99985   768
1320.00  0.04175  0.04183  0.00804  0.80968  -234.30067  -236.14961  4.99985   768
1321.00  0.04176  0.04183  0.00814  0.80968  -234.21675  -236.13283  4.99985   768
1322.00  0.04176  0.04183  0.00864  0.80968  -233.43855  -235.38515  4.99985   768
1323.00  0.04175  0.04183  0.00938  0.80968  -232.33382  -234.28499  4.99985   768
1324.00  0.04175  0.04183  0.00991  0.80968  -231.50069  -233.42287  4.99985   768
1325.00  0.04175  0.04183  0.01003  0.80968  -231.27638  -233.16957  4.99985   768
1326.00  0.04175  0.04183  0.00981  0.80968  -231.56020  -233.41371  4.99985   768
1327.00  0.04175  0.04183  0.00928  0.80968  -232.37044  -234.21480  4.99985   768
1328.00  0.04176  0.04183  0.00866  0.80968  -233.32411  -235.14558  4.99985   768
1329.00  0.04175  0.04183  0.00818  0.80968  -234.09621  -235.96345  4.99985   768
1330.00  0.04175  0.04183  0.00815  0.80968  -234.17250  -236.08095  4.99985   768
1331.00  0.04174  0.04183  0.00838  0.80968  -233.83375  -235.74678  4.99985   768
1332.00  0.04175  0.04183  0.00908  0.80968  -232.78853  -234.73817  4.99985   768
1333.00  0.04175  0.04183  0.00963  0.80968  -231.94319  -233.86842  4.99985   768
1334.00  0.04175  0.04183  0.01004  0.80968  -231.30842  -233.20467  4.99985   768
1335.00  0.04176  0.04183  0.00995  0.80968  -231.37862  -233.23671  4.99985   768
1336.00  0.04175  0.04183  0.00962  0.80968  -231.85774  -233.68227  4.99985   768
1337.00  0.04175  0.04183  0.00904  0.80968  -232.74580  -234.57643  4.99985   768
1338.00  0.04174  0.04183  0.00847  0.80968  -233.61403  -235.44771  4.99985   768
1339.00  0.04175  0.04183  0.00820  0.80968  -234.03822  -235.89784  4.99985   768
1340.00  0.04175  0.04183  0.00827  0.80968  -234.00770  -235.91005  4.99985   768
1341.00  0.04173  0.04183  0.00874  0.80968  -233.32564  -235.26613  4.99985   768
1342.00  0.04174  0.04183  0.00942  0.80968  -232.27736  -234.23769  4.99985   768
1343.00  0.04174  0.04183  0.00982  0.80968  -231.61055  -233.54799  4.99985   768
1344.00  0.04175  0.04183  0.01000  0.80968  -231.30842  -233.21992  4.99985   768
1345.00  0.04174  0.04183  0.00974  0.80968  -231.67616  -233.53883  4.99985   768
1346.00  0.04175  0.04183  0.00931  0.80968  -232.31856  -234.17360  4.99985   768
1347.00  0.04174  0.04183  0.00865  0.80968  -233.34395  -235.16389  4.99985   768
1348.00  0.04174  0.04183  0.00816  0.80968  -234.09621  -235.94057  4.99985   768
1349.00  0.04174  0.04183  0.00817  0.80968  -234.13588  -236.05043  4.99985   768
1350.00  0.04175  0.04183  0.00853  0.80968  -233.62166  -235.52400  4.99985   768
1351.00  0.04174  0.04183  0.00919  0.80968  -232.61916  -234.56270  4.99985   768
1352.00  0.04174  0.04183  0.00977  0.80968  -231.72194  -233.64870  4.99985   768
1353.00  0.04175  0.04183  0.01004  0.80968  -231.23366  -233.10548  4.99985   768
1354.00  0.04175  0.04183  0.00994  0.80968  -231.37404  -233.25349  4.99985   768
1355.00  0.04175  0.04183  0.00951  0.80968  -231.99965  -233.83180  4.99985   768
1356.00  0.04175  0.04183  0.00886  0.80968  -232.97011  -234.79158  4.99985   768
1357.00  0.04173  0.04183  0.00831  0.80968  -233.83528  -235.67964  4.99985   768
1358.00  0.04175  0.04183  0.00805  0.80968  -234.30678  -236.19386  4.99985   768
1359.00  0.04173  0.04183  0.00824  0.80968  -234.04433  -235.97108  4.99985   768
1360.00  0.04175  0.04183  0.00882  0.80968  -233.20814  -235.15932  4.99985   768
1361.00  0.04175  0.04183  0.00953  0.80968  -232.13850  -234.11104  4.99985   768
1362.00  0.04175  0.04183  0.01002  0.80968  -231.30842  -233.23366  4.99985   768
1363.00  0.04174  0.04183  0.01008  0.80968  -231.19551  -233.09328  4.99985   768
1364.00  0.04174  0.04183  0.00978  0.80968  -231.60445  -233.44881  4.99985   768
1365.00  0.04173  0.04183  0.00924  0.80968  -232.42232  -234.22548  4.99985   768
1366.00  0.04175  0.04183  0.00857  0.80968  -233.47060  -235.28749  4.99985   768
1367.00  0.04176  0.04183  0.00817  0.80968  -234.05653  -235.90852  4.99985   768
1368.00  0.04174  0.04183  0.00810  0.80968  -234.23964  -236.10231  4.99985   768
1369.00  0.04176  0.04183  0.00851  0.80968  -233.66743  -235.60030  4.99985   768
1370.00  0.04175  0.04183  0.00919  0.80968  -232.62984  -234.58253  4.99985   768
1371.00  0.04176  0.04183  0.00984  0.80968  -231.61360  -233.53120  4.99985   768
1372.00  0.04174  0.04183  0.01003  0.80968  -231.22450  -233.11006  4.99985   768
1373.00  0.04175  0.04183  0.01003  0.80968  -231.28554  -233.15279  4.99985   768
1374.00  0.04175  0.04183  0.00955  0.80968  -231.97066  -233.79518  4.99985   768
1375.00  0.04175  0.04183  0.00890  0.80968  -232.93959  -234.76869  4.99985   768
1376.00  0.04175  0.04183  0.00836  0.80968  -233.81087  -235.67506  4.99985   768
1377.00  0.04174  0.04183  0.00810  0.80968  -234.24116  -236.12978  4.99985   768
1378.00  0.04175  0.04183  0.00830  0.80968  -233.95430  -235.89937  4.99985   768
1379.00  0.04175  0.04183  0.00885  0.80968  -233.10591  -235.05708  4.99985   768
1380.00  0.04174  0.04183  0.00957  0.80968  -232.09120  -234.05458  4.99985   768
1381.00  0.04173  0.04183  0.00995  0.80968  -231.36641  -233.28096  4.99985   768
1382.00  0.04174  0.04183  0.01005  0.80968  -231.24129  -233.14363  4.99985   768
1383.00  0.04176  0.04183  0.00974  0.80968  -231.66853  -233.50069  4.99985   768
1384.00  0.04176  0.04183  0.00911  0.80968  -232.59779  -234.40553  4.99985   768
1385.00  0.04174  0.04183  0.00848  0.80968  -233.60182  -235.43550  4.99985   768
1386.00  0.04174  0.04183  0.00811  0.80968  -234.19234  -236.03212  4.99985   768
1387.00  0.04175  0.04183  0.00804  0.80968  -234.34798  -236.24116  4.99985   768
1388.00  0.04175  0.04183  0.00852  0.80968  -233.62776  -235.55910  4.99985   768
1389.00  0.04176  0.04183  0.00913  0.80968  -232.75191  -234.68324  4.99985   768
1390.00  0.04172  0.04183  0.00972  0.80968  -231.76619  -233.69600  4.99985   768
1391.00  0.04175  0.04183  0.01000  0.80968  -231.32674  -233.24434  4.99985   768
1392.00  0.04174  0.04183  0.00997  0.80968  -231.33894  -233.22908  4.99985   768
1393.00  0.04174  0.04183  0.00939  0.80968  -232.19191  -234.01643  4.99985   768
1394.00  0.04174  0.04183  0.00878  0.80968  -233.13643  -234.96858  4.99985   768
1395.00  0.04176  0.04183  0.00824  0.80968  -233.97261  -235.81392  4.99985   768
1396.00  0.04175  0.04183  0.00804  0.80968  -234.37544  -236.26405  4.99985   768
1397.00  0.04175  0.04183  0.00824  0.80968  -234.04585  -235.96956  4.99985   768
1398.00  0.04174  0.04183  0.00888  0.80968  -233.15626  -235.08913  4.99985   768
1399.00  0.04175  0.04183  0.00945  0.80968  -232.21327  -234.17818  4.99985   768
1400.00  0.04174  0.04183  0.00989  0.80968  -231.49458  -233.38624  4.99985   768
1401.00  0.04174  0.04183  0.00992  0.80968  -231.40761  -233.26112  4.99985   768
1402.00  0.04175  0.04183  0.00966  0.80968  -231.83333  -233.66548  4.99985   768
1403.00  0.04175  0.04183  0.00903  0.80968  -232.71681  -234.52150  4.99985   768
1404.00  0.04175  0.04183  0.00844  0.80968  -233.65675  -235.48433  4.99985   768
1405.00  0.04174  0.04183  0.00809  0.80968  -234.20912  -236.05196  4.99985   768
1406.00  0.04174  0.04183  0.00807  0.80968  -234.34187  -236.23811  4.99985   768
1407.00  0.04174  0.04183  0.00850  0.80968  -233.66133  -235.60182  4.99985   768
1408.00  0.04174  0.04183  0.00919  0.80968  -232.62526  -234.58406  4.99985   768
1409.00  0.04174  0.04183  0.00974  0.80968  -231.74635  -233.67616  4.99985   768
1410.00  0.04174  0.04183  0.00995  0.80968  -231.40150  -233.31758  4.99985   768
1411.00  0.04174  0.04183  0.00982  0.80968  -231.56477  -233.43202  4.99985   768
1412.00  0.04176  0.04183  0.00938  0.80968  -232.20106  -234.05916  4.99985   768
1413.00  0.04174  0.04183  0.00867  0.80968  -233.29665  -235.11964  4.99985   768
1414.00  0.04175  0.04183  0.00814  0.80968  -234.16182  -235.99855  4.99985   768
1415.00  0.04174  0.04183  0.00802  0.80968  -234.36629  -236.27016  4.99985   768
1416.00  0.04175  0.04183  0.00821  0.80968  -234.04585  -235.95888  4.99985   768
1417.00  0.04175  0.04183  0.00882  0.80968  -233.16542  -235.10896  4.99985   768
1418.00  0.04174  0.04183  0.00942  0.80968  -232.28804  -234.19496  4.99985   768
1419.00  0.04175  0.04183  0.00987  0.80968  -231.54036  -233.43812  4.99985   768
1420.00  0.04175  0.04183  0.00988  0.80968  -231.48543  -233.33589  4.99985   768
1421.00  0.04175  0.04183  0.00953  0.80968  -232.00270  -233.83180  4.99985   768
1422.00  0.04176  0.04183  0.00895  0.80968  -232.87703  -234.68629  4.99985   768
1423.00  0.04175  0.04183  0.00844  0.80968  -233.68117  -235.52705  4.99985   768
1424.00  0.04175  0.04183  0.00809  0.80968  -234.26863  -236.12672  4.99985   768
1425.00  0.04174  0.04183  0.00816  0.80968  -234.16640  -236.08400  4.99985   768
1426.00  0.04175  0.04183  0.00863  0.80968  -233.45381  -235.40651  4.99985   768
1427.00  0.04174  0.04183  0.00924  0.80968  -232.55659  -234.50319  4.99985   768
1428.00  0.04174  0.04183  0.00983  0.80968  -231.62123  -233.57240  4.99985   768
1429.00  0.04174  0.04183  0.01005  0.80968  -231.26112  -233.15889  4.99985   768
1430.00  0.04175  0.04183  0.00984  0.80968  -231.55409  -233.39845  4.99985   768
1431.00  0.04174  0.04183  0.00925  0.80968  -232.40858  -234.25142  4.99985   768
1432.00  0.04173  0.04183  0.00866  0.80968  -233.30580  -235.11354  4.99985   768
1433.00  0.04174  0.04183  0.00822  0.80968  -234.02144  -235.87495  4.99985   768
1434.00  0.04175  0.04183  0.00815  0.80968  -234.15114  -236.04433  4.99985   768
1435.00  0.04174  0.04183  0.00848  0.80968  -233.65980  -235.56825  4.99985   768
1436.00  0.04176  0.04183  0.00908  0.80968  -232.77785  -234.72291  4.99985   768
1437.00  0.04174  0.04183  0.00969  0.80968  -231.82112  -233.72957  4.99985   768
1438.00  0.04174  0.04183  0.00995  0.80968  -231.37556  -233.27486  4.99985   768
1439.00  0.04174  0.04183  0.00990  0.80968  -231.43965  -233.32979  4.99985   768
1440.00  0.04175  0.04183  0.00955  0.80968  -231.90657  -233.73262  4.99985   768
1441.00  0.04174  0.04183  0.00893  0.80968  -232.92280  -234.75801  4.99985   768
1442.00  0.04175  0.04183  0.00833  0.80968  -233.82613  -235.68117  4.99985   768
1443.00  0.04174  0.04183  0.00809  0.80968  -234.24116  -236.10231  4.99985   768
1444.00  0.04175  0.04183  0.00811  0.80968  -234.25490  -236.17097  4.99985   768
1445.00  0.04175  0.04183  0.00865  0.80968  -233.49196  -235.47212  4.99985   768
1446.00  0.04175  0.04183  0.00940  0.80968  -232.29872  -234.25600  4.99985   768
1447.00  0.04173  0.04183  0.00986  0.80968  -231.57240  -233.48390  4.99985   768
1448.00  0.04175  0.04183  0.00993  0.80968  -231.41371  -233.29774  4.99985   768
1449.00  0.04173  0.04183  0.00976  0.80968  -231.65633  -233.51137  4.99985   768
1450.00  0.04175  0.04183  0.00918  0.80968  -232.52913  -234.34450  4.99985   768
1451.00  0.04174  0.04183  0.00858  0.80968  -233.42787  -235.24019  4.99985   768
1452.00  0.04175  0.04183  0.00809  0.80968  -234.20302  -236.01991  4.99985   768
1453.00  0.04173  0.04183  0.00806  0.80968  -234.28389  -236.17708  4.99985   768
1454.00  0.04175  0.04183  0.00843  0.80968  -233.75899  -235.68117  4.99985   768
1455.00  0.04174  0.04183  0.00916  0.80968  -232.69240  -234.65272  4.99985   768
1456.00  0.04174  0.04183  0.00977  0.80968  -231.70363  -233.61513  4.99985   768
1457.00  0.04174  0.04183  0.01013  0.80968  -231.18635  -233.09785  4.99985   768
1458.00  0.04175  0.04183  0.01000  0.80968  -231.26265  -233.13142  4.99985   768
1459.00  0.04174  0.04183  0.00965  0.80968  -231.81959  -233.66395  4.99985   768
1460.00  0.04175  0.04183  0.00897  0.80968  -232.81905  -234.65578  4.99985   768
1461.00  0.04174  0.04183  0.00835  0.80968  -233.81239  -235.66438  4.99985   768
1462.00  0.04174  0.04183  0.00818  0.80968  -234.09621  -235.98176  4.99985   768
1463.00  0.04174  0.04183  0.00826  0.80968  -234.03517  -235.96040  4.99985   768
1464.00  0.04174  0.04183  0.00882  0.80968  -233.19441  -235.14253  4.99985   768
1465.00  0.04176  0.04183  0.00945  0.80968  -232.21175  -234.15376  4.99985   768
1466.00  0.04174  0.04183  0.00994  0.80968  -231.46254  -233.39387  4.99985   768
1467.00  0.04176  0.04183  0.01011  0.80968  -231.09480  -232.96968  4.99985   768
1468.00  0.04174  0.04183  0.00985  0.80968  -231.47780  -233.30537  4.99985   768
1469.00  0.04174  0.04183  0.00929  0.80968  -232.33076  -234.13698  4.99985   768
1470.00  0.04174  0.04183  0.00864  0.80968  -233.31343  -235.13795  4.99985   768
1471.00  0.04174  0.04183  0.00815  0.80968  -234.13130  -235.97414  4.99985   768
1472.00  0.04174  0.04183  0.00809  0.80968  -234.23201  -236.13740  4.99985   768
1473.00  0.04175  0.04183  0.00850  0.80968  -233.70711  -235.64302  4.99985   768
1474.00  0.04175  0.04183  0.00919  0.80968  -232.64509  -234.59627  4.99985   768
1475.00  0.04175  0.04183  0.00976  0.80968  -231.73109  -233.68227  4.99985   768
1476.00  0.04174  0.04183  0.01019  0.80968  -231.02156  -232.93153  4.99985   768
1477.00  0.04174  0.04183  0.01003  0.80968  -231.24129  -233.12532  4.99985   768
1478.00  0.04176  0.04183  0.00961  0.80968  -231.88521  -233.72346  4.99985   768
1479.00  0.04175  0.04183  0.00893  0.80968  -232.87855  -234.70003  4.99985   768
1480.00  0.04175  0.04183  0.00828  0.80968  -233.91157  -235.75136  4.99985   768
1481.00  0.04173  0.04183  0.00800  0.80968  -234.39223  -236.26405  4.99985   768
1482.00  0.04175  0.04183  0.00812  0.80968  -234.29152  -236.22438  4.99985   768
1483.00  0.04174  0.04183  0.00878  0.80968  -233.27833  -235.22798  4.99985   768
1484.00  0.04175  0.04183  0.00938  0.80968  -232.32466  -234.25600  4.99985   768
1485.00  0.04174  0.04183  0.00994  0.80968  -231.42287  -233.33284  4.99985   768
1486.00  0.04173  0.04183  0.01011  0.80968  -231.14058  -233.00020  4.99985   768
1487.00  0.04176  0.04183  0.00981  0.80968  -231.56630  -233.40913  4.99985   768
1488.00  0.04174  0.04183  0.00929  0.80968  -232.35060  -234.16597  4.99985   768
1489.00  0.04175  0.04183  0.00857  0.80968  -233.43855  -235.24782  4.99985   768
1490.00  0.04174  0.04183  0.00806  0.80968  -234.24574  -236.10384  4.99985   768
1491.00  0.04174  0.04183  0.00799  0.80968  -234.40138  -236.29610  4.99985   768
1492.00  0.04175  0.04183  0.00833  0.80968  -233.97261  -235.90700  4.99985   768
1493.00  0.04174  0.04183  0.00903  0.80968  -232.91212  -234.89229  4.99985   768
1494.00  0.04174  0.04183  0.00967  0.80968  -231.86232  -233.81349  4.99985   768
1495.00  0.04173  0.04183  0.01005  0.80968  -231.26570  -233.18330  4.99985   768
1496.00  0.04176  0.04183  0.00994  0.80968  -231.37862  -233.24129  4.99985   768
1497.00  0.04172  0.04183  0.00951  0.80968  -232.00270  -233.84859  4.99985   768
1498.00  0.04174  0.04183  0.00889  0.80968  -233.00368  -234.82057  4.99985   768
1499.00  0.04174  0.04183  0.00832  0.80968  -233.83223  -235.66133  4.99985   768
1500.00  0.04175  0.04183  0.00810  0.80968  -234.24422  -236.10536  4.99985   768
1501.00  0.04175  0.04183  0.00829  0.80968  -234.00465  -235.93751  4.99985   768
1502.00  0.04176  0.04183  0.00877  0.80968  -233.24171  -235.16695  4.99985   768
1503.00  0.04175  0.04183  0.00940  0.80968  -232.29872  -234.23463  4.99985   768
1504.00  0.04175  0.04183  0.00990  0.80968  -231.49763  -233.41371  4.99985   768
1505.00  0.04175  0.04183  0.01008  0.80968  -231.15431  -233.02309  4.99985   768
1506.00  0.04175  0.04183  0.00976  0.80968  -231.65175  -233.49763  4.99985   768
1507.00  0.04173  0.04183  0.00926  0.80968  -232.42842  -234.24379  4.99985   768
1508.00  0.04175  0.04183  0.00862  0.80968  -233.36531  -235.20967  4.99985   768
1509.00  0.04174  0.04183  0.00815  0.80968  -234.14351  -236.00923  4.99985   768
1510.00  0.04175  0.04183  0.00809  0.80968  -234.23506  -236.13283  4.99985   768
1511.00  0.04175  0.04183  0.00841  0.80968  -233.82155  -235.78187  4.99985   768
1512.00  0.04174  0.04183  0.00905  0.80968  -232.84499  -234.80379  4.99985   768
1513.00  0.04175  0.04183  0.00962  0.80968  -231.95692  -233.88826  4.99985   768
1514.00  0.04173  0.04183  0.00988  0.80968  -231.49611  -233.40608  4.99985   768
1515.00  0.04175  0.04183  0.00985  0.80968  -231.50221  -233.36030  4.99985   768
1516.00  0.04174  0.04183  0.00937  0.80968  -232.22243  -234.03474  4.99985   768
1517.00  0.04174  0.04183  0.00870  0.80968  -233.24171  -235.04640  4.99985   768
1518.00  0.04175  0.04183  0.00828  0.80968  -233.89479  -235.73762  4.99985   768
1519.00  0.04174  0.04183  0.00813  0.80968  -234.18166  -236.03975  4.99985   768
1520.00  0.04175  0.04183  0.00827  0.80968  -234.00008  -235.90547  4.99985   768
1521.00  0.04174  0.04183  0.00886  0.80968  -233.11049  -235.04488  4.99985   768
1522.00  0.04175  0.04183  0.00948  0.80968  -232.16902  -234.11409  4.99985   768
1523.00  0.04175  0.04183  0.00989  0.80968  -231.51594  -233.42744  4.99985   768
1524.00  0.04175  0.04183  0.00988  0.80968  -231.45949  -233.33131  4.99985   768
1525.00  0.04175  0.04183  0.00958  0.80968  -231.92335  -233.79823  4.99985   768
1526.00  0.04175  0.04183  0.00907  0.80968  -232.66035  -234.48030  4.99985   768
1527.00  0.04174  0.04183  0.00845  0.80968  -233.65218  -235.49806  4.99985   768
1528.00  0.04174  0.04183  0.00813  0.80968  -234.19997  -236.07179  4.99985   768
1529.00  0.04176  0.04183  0.00812  0.80968  -234.21522  -236.12062  4.99985   768
1530.00  0.04173  0.04183  0.00858  0.80968  -233.58656  -235.53010  4.99985   768
1531.00  0.04174  0.04183  0.00918  0.80968  -232.62678  -234.55812  4.99985   768
1532.00  0.04175  0.04183  0.00973  0.80968  -231.81502  -233.74025  4.99985   768
1533.00  0.04173  0.04183  0.00991  0.80968  -231.44881  -233.32063  4.99985   768
1534.00  0.04175  0.04183  0.00966  0.80968  -231.82722  -233.65785  4.99985   768
1535.00  0.04175  0.04183  0.00927  0.80968  -232.36739  -234.19954  4.99985   768
1536.00  0.04175  0.04183  0.00868  0.80968  -233.26308  -235.08607  4.99985   768
1537.00  0.04174  0.04183  0.00815  0.80968  -234.12062  -235.93446  4.99985   768
1538.00  0.04174  0.04183  0.00816  0.80968  -234.16334  -236.06111  4.99985   768
1539.00  0.04174  0.04183  0.00850  0.80968  -233.66133  -235.59572  4.99985   768
1540.00  0.04173  0.04183  0.00911  0.80968  -232.74428  -234.67866  4.99985   768
1541.00  0.04175  0.04183  0.00967  0.80968  -231.86384  -233.81197  4.99985   768
1542.00  0.04174  0.04183  0.01001  0.80968  -231.35878  -233.27028  4.99985   768
1543.00  0.04175  0.04183  0.00999  0.80968  -231.30232  -233.19856  4.99985   768
1544.00  0.04174  0.04183  0.00962  0.80968  -231.84859  -233.69600  4.99985   768
1545.00  0.04174  0.04183  0.00902  0.80968  -232.75191  -234.58711  4.99985   768
1546.00  0.04174  0.04183  0.00847  0.80968  -233.63081  -235.47822  4.99985   768
1547.00  0.04173  0.04183  0.00823  0.80968  -234.01686  -235.91157  4.99985   768
1548.00  0.04173  0.04183  0.00833  0.80968  -233.88716  -235.80629  4.99985   768
1549.00  0.04173  0.04183  0.00878  0.80968  -233.23561  -235.16237  4.99985   768
1550.00  0.04175  0.04183  0.00940  0.80968  -232.26668  -234.19496  4.99985   768
1551.00  0.04173  0.04183  0.00992  0.80968  -231.52205  -233.43507  4.99985   768
1552.00  0.04175  0.04183  0.01010  0.80968  -231.14668  -233.00935  4.99985   768
1553.00  0.04174  0.04183  0.00978  0.80968  -231.61970  -233.45491  4.99985   768
1554.00  0.04174  0.04183  0.00927  0.80968  -232.35976  -234.19191  4.99985   768
1555.00  0.04174  0.04183  0.00867  0.80968  -233.26765  -235.08913  4.99985   768
1556.00  0.04174  0.04183  0.00821  0.80968  -234.01228  -235.87343  4.99985   768
1557.00  0.04174  0.04183  0.00815  0.80968  -234.15114  -236.02754  4.99985   768
1558.00  0.04175  0.04183  0.00847  0.80968  -233.69795  -235.63997  4.99985   768
1559.00  0.04174  0.04183  0.00899  0.80968  -232.97926  -234.90907  4.99985   768
1560.00  0.04175  0.04183  0.00962  0.80968  -231.97066  -233.92946  4.99985   768
1561.00  0.04174  0.04183  0.00986  0.80968  -231.56172  -233.46254  4.99985   768
1562.00  0.04174  0.04183  0.00989  0.80968  -231.45491  -233.32979  4.99985   768
1563.00  0.04174  0.04183  0.00952  0.80968  -232.02101  -233.86995  4.99985   768
1564.00  0.04174  0.04183  0.00890  0.80968  -232.91518  -234.73665  4.99985   768
1565.00  0.04174  0.04183  0.00827  0.80968  -233.94057  -235.79256  4.99985   768
1566.00  0.04173  0.04183  0.00803  0.80968  -234.36629  -236.23964  4.99985   768
1567.00  0.04175  0.04183  0.00816  0.80968  -234.13130  -236.03975  4.99985   768
1568.00  0.04175  0.04183  0.00877  0.80968  -233.31343  -235.24934  4.99985   768
1569.00  0.04174  0.04183  0.00942  0.80968  -232.26668  -234.21327  4.99985   768
1570.00  0.04172  0.04183  0.00990  0.80968  -231.47780  -233.38930  4.99985   768
1571.00  0.04174  0.04183  0.01001  0.80968  -231.25502  -233.13142  4.99985   768
1572.00  0.04175  0.04183  0.00975  0.80968  -231.69447  -233.53578  4.99985   768
1573.00  0.04174  0.04183  0.00928  0.80968  -232.37196  -234.20259  4.99985   768
1574.00  0.04174  0.04183  0.00862  0.80968  -233.35768  -235.17457  4.99985   768
1575.00  0.04175  0.04183  0.00819  0.80968  -234.09010  -235.96956  4.99985   768
1576.00  0.04173  0.04183  0.00822  0.80968  -234.04433  -235.94667  4.99985   768
1577.00  0.04174  0.04183  0.00849  0.80968  -233.68117  -235.61861  4.99985   768
1578.00  0.04174  0.04183  0.00915  0.80968  -232.72749  -234.70155  4.99985   768
1579.00  0.04173  0.04183  0.00981  0.80968  -231.69752  -233.63496  4.99985   768
1580.00  0.04174  0.04183  0.01000  0.80968  -231.29927  -233.19856  4.99985   768
1581.00  0.04173  0.04183  0.00995  0.80968  -231.36946  -233.24586  4.99985   768
1582.00  0.04174  0.04183  0.00950  0.80968  -232.04085  -233.87300  4.99985   768
1583.00  0.04175  0.04183  0.00880  0.80968  -233.07539  -234.87245  4.99985   768
1584.00  0.04174  0.04183  0.00826  0.80968  -233.92989  -235.75593  4.99985   768
1585.00  0.04175  0.04183  0.00801  0.80968  -234.36018  -236.21522  4.99985   768
1586.00  0.04173  0.04183  0.00818  0.80968  -234.14198  -236.05501  4.99985   768
1587.00  0.04173  0.04183  0.00872  0.80968  -233.34242  -235.27528  4.99985   768
1588.00  0.04173  0.04183  0.00940  0.80968  -232.29109  -234.23921  4.99985   768
1589.00  0.04173  0.04183  0.00994  0.80968  -231.44423  -233.35115  4.99985   768
1590.00  0.04172  0.04183  0.01000  0.80968  -231.29164  -233.18483  4.99985   768
1591.00  0.04173  0.04183  0.00977  0.80968  -231.64412  -233.51594  4.99985   768
1592.00  0.04173  0.04183  0.00915  0.80968  -232.54286  -234.36891  4.99985   768
1593.00  0.04174  0.04183  0.00844  0.80968  -233.65218  -235.49654  4.99985   768
1594.00  0.04174  0.04183  0.00806  0.80968  -234.23964  -236.10536  4.99985   768
1595.00  0.04173  0.04183  0.00799  0.80968  -234.43953  -236.35255  4.99985   768
1596.00  0.04175  0.04183  0.00839  0.80968  -233.85512  -235.81392  4.99985   768
1597.00  0.04173  0.04183  0.00909  0.80968  -232.78242  -234.73360  4.99985   768
1598.00  0.04174  0.04183  0.00973  0.80968  -231.81654  -233.76619  4.99985   768
1599.00  0.04173  0.04183  0.01000  0.80968  -231.29927  -233.19093  4.99985   768
1600.00  0.04173  0.04183  0.00995  0.80968  -231.37404  -233.24281  4.99985   768
1601.00  0.04174  0.04183  0.00952  0.80968  -231.98744  -233.81654  4.99985   768
1602.00  0.04174  0.04183  0.00883  0.80968  -233.06471  -234.87550  4.99985   768
1603.00  0.04174  0.04183  0.00820  0.80968  -234.01381  -235.81544  4.99985   768
1604.00  0.04174  0.04183  0.00806  0.80968  -234.32814  -236.21522  4.99985   768
1605.00  0.04174  0.04183  0.00827  0.80968  -233.96040  -235.87190  4.99985   768
1606.00  0.04173  0.04183  0.00886  0.80968  -233.17763  -235.13643  4.99985   768
1607.00  0.04173  0.04183  0.00955  0.80968  -232.04237  -233.97981  4.99985   768
1608.00  0.04174  0.04183  0.01000  0.80968  -231.36183  -233.28249  4.99985   768
1609.00  0.04175  0.04183  0.01008  0.80968  -231.23976  -233.12990  4.99985   768
1610.00  0.04174  0.04183  0.00983  0.80968  -231.53731  -233.40303  4.99985   768
1611.00  0.04174  0.04183  0.00929  0.80968  -232.37654  -234.21480  4.99985   768
1612.00  0.04175  0.04183  0.00866  0.80968  -233.33479  -235.17000  4.99985   768
1613.00  0.04174  0.04183  0.00826  0.80968  -233.96040  -235.82307  4.99985   768
1614.00  0.04174  0.04183  0.00817  0.80968  -234.13893  -236.02296  4.99985   768
1615.00  0.04172  0.04183  0.00854  0.80968  -233.67354  -235.60487  4.99985   768
1616.00  0.04173  0.04183  0.00927  0.80968  -232.51540  -234.48488  4.99985   768
1617.00  0.04173  0.04183  0.00982  0.80968  -231.59834  -233.51594  4.99985   768
1618.00  0.04174  0.04183  0.01010  0.80968  -231.18330  -233.06581  4.99985   768
1619.00  0.04175  0.04183  0.00997  0.80968  -231.35420  -233.22450  4.99985   768
1620.00  0.04174  0.04183  0.00947  0.80968  -232.06068  -233.85316  4.99985   768
1621.00  0.04175  0.04183  0.00878  0.80968  -233.07387  -234.89076  4.99985   768
1622.00  0.04175  0.04183  0.00832  0.80968  -233.87495  -235.71931  4.99985   768
1623.00  0.04173  0.04183  0.00807  0.80968  -234.26710  -236.14656  4.99985   768
1624.00  0.04174  0.04183  0.00825  0.80968  -234.04890  -235.97414  4.99985   768
1625.00  0.04174  0.04183  0.00887  0.80968  -233.11049  -235.07539  4.99985   768
1626.00  0.04173  0.04183  0.00949  0.80968  -232.16292  -234.10188  4.99985   768
1627.00  0.04174  0.04183  0.00998  0.80968  -231.37404  -233.30842  4.99985   768
1628.00  0.04173  0.04183  0.01007  0.80968  -231.23213  -233.12837  4.99985   768
1629.00  0.04173  0.04183  0.00977  0.80968  -231.62733  -233.47932  4.99985   768
1630.00  0.04173  0.04183  0.00918  0.80968  -232.49251  -234.33992  4.99985   768
1631.00  0.04173  0.04183  0.00853  0.80968  -233.48891  -235.31190  4.99985   768
1632.00  0.04174  0.04183  0.00820  0.80968  -234.02449  -235.91310  4.99985   768
1633.00  0.04174  0.04183  0.00812  0.80968  -234.22896  -236.10078  4.99985   768
1634.00  0.04172  0.04183  0.00864  0.80968  -233.43092  -235.36378  4.99985   768
1635.00  0.04174  0.04183  0.00922  0.80968  -232.58711  -234.51387  4.99985   768
1636.00  0.04174  0.04183  0.00976  0.80968  -231.74788  -233.67921  4.99985   768
1637.00  0.04174  0.04183  0.01007  0.80968  -231.22298  -233.10853  4.99985   768
1638.00  0.04174  0.04183  0.00997  0.80968  -231.31453  -233.16499  4.99985   768
1639.00  0.04173  0.04183  0.00950  0.80968  -231.96913  -233.80891  4.99985   768
1640.00  0.04172  0.04183  0.00881  0.80968  -233.06471  -234.87855  4.99985   768
1641.00  0.04174  0.04183  0.00818  0.80968  -234.04890  -235.88411  4.99985   768
1642.00  0.04174  0.04183  0.00803  0.80968  -234.32509  -236.23354  4.99985   768
1643.00  0.04173  0.04183  0.00834  0.80968  -233.94514  -235.86427  4.99985   768
1644.00  0.04174  0.04183  0.00893  0.80968  -233.04488  -234.99300  4.99985   768
1645.00  0.04174  0.04183  0.00958  0.80968  -232.01948  -233.98286  4.99985   768
1646.00  0.04174  0.04183  0.00996  0.80968  -231.39693  -233.33436  4.99985   768
1647.00  0.04173  0.04183  0.01009  0.80968  -231.20619  -233.06886  4.99985   768
1648.00  0.04172  0.04183  0.00977  0.80968  -231.58308  -233.43202  4.99985   768
1649.00  0.04173  0.04183  0.00914  0.80968  -232.56880  -234.40248  4.99985   768
1650.00  0.04173  0.04183  0.00843  0.80968  -233.61555  -235.41261  4.99985   768
1651.00  0.04173  0.04183  0.00810  0.80968  -234.23048  -236.07027  4.99985   768
1652.00  0.04174  0.04183  0.00809  0.80968  -234.27779  -236.14503  4.99985   768
1653.00  0.04173  0.04183  0.00855  0.80968  -233.58656  -235.51942  4.99985   768
1654.00  0.04174  0.04183  0.00921  0.80968  -232.58559  -234.54744  4.99985   768
1655.00  0.04174  0.04183  0.00970  0.80968  -231.77229  -233.66243  4.99985   768
1656.00  0.04173  0.04183  0.00993  0.80968  -231.47169  -233.36793  4.99985   768
1657.00  0.04174  0.04183  0.00975  0.80968  -231.65633  -233.51747  4.99985   768
1658.00  0.04173  0.04183  0.00935  0.80968  -232.27125  -234.13240  4.99985   768
1659.00  0.04174  0.04183  0.00875  0.80968  -233.17152  -234.99452  4.99985   768
1660.00  0.04173  0.04183  0.00825  0.80968  -234.00008  -235.85207  4.99985   768
1661.00  0.04174  0.04183  0.00802  0.80968  -234.35408  -236.25032  4.99985   768
1662.00  0.04173  0.04183  0.00826  0.80968  -234.04738  -235.99397  4.99985   768
1663.00  0.04173  0.04183  0.00889  0.80968  -233.10438  -235.07082  4.99985   768
1664.00  0.04173  0.04183  0.00951  0.80968  -232.10341  -234.06068  4.99985   768
1665.00  0.04174  0.04183  0.00990  0.80968  -231.50069  -233.39540  4.99985   768
1666.00  0.04173  0.04183  0.00991  0.80968  -231.44575  -233.30690  4.99985   768
1667.00  0.04172  0.04183  0.00960  0.80968  -231.88978  -233.73872  4.99985   768
1668.00  0.04173  0.04183  0.00898  0.80968  -232.80989  -234.61153  4.99985   768
1669.00  0.04173  0.04183  0.00838  0.80968  -233.73915  -235.57130  4.99985   768
1670.00  0.04173  0.04183  0.00813  0.80968  -234.15114  -236.00618  4.99985   768
1671.00  0.04175  0.04183  0.00823  0.80968  -234.08095  -235.98329  4.99985   768
1672.00  0.04174  0.04183  0.00864  0.80968  -233.43703  -235.37141  4.99985   768
1673.00  0.04174  0.04183  0.00936  0.80968  -232.39027  -234.32313  4.99985   768
1674.00  0.04173  0.04183  0.00992  0.80968  -231.48848  -233.41676  4.99985   768
1675.00  0.04174  0.04183  0.01011  0.80968  -231.15126  -233.05818  4.99985   768
1676.00  0.04173  0.04183  0.00990  0.80968  -231.45949  -233.31758  4.99985   768
1677.00  0.04173  0.04183  0.00939  0.80968  -232.19954  -234.04542  4.99985   768
1678.00  0.04174  0.04183  0.00878  0.80968  -233.14864  -234.98842  4.99985   768
1679.00  0.04174  0.04183  0.00835  0.80968  -233.82918  -235.68880  4.99985   768
1680.00  0.04173  0.04183  0.00822  0.80968  -234.02449  -235.92531  4.99985   768
1681.00  0.04172  0.04183  0.00855  0.80968  -233.66896  -235.60335  4.99985   768
1682.00  0.04174  0.04183  0.00915  0.80968  -232.59474  -234.54896  4.99985   768
1683.00  0.04173  0.04183  0.00974  0.80968  -231.75093  -233.67464  4.99985   768
1684.00  0.04174  0.04183  0.01003  0.80968  -231.26723  -233.15736  4.99985   768
1685.00  0.04174  0.04183  0.01003  0.80968  -231.25807  -233.11922  4.99985   768
1686.00  0.04173  0.04183  0.00961  0.80968  -231.80281  -233.61513  4.99985   768
1687.00  0.04173  0.04183  0.00891  0.80968  -232.91365  -234.73970  4.99985   768
1688.00  0.04173  0.04183  0.00842  0.80968  -233.68269  -235.52400  4.99985   768
1689.00  0.04173  0.04183  0.00806  0.80968  -234.27321  -236.13740  4.99985   768
1690.00  0.04173  0.04183  0.00820  0.80968  -234.08858  -235.99245  4.99985   768
1691.00  0.04174  0.04183  0.00874  0.80968  -233.33479  -235.27376  4.99985   768
1692.00  0.04173  0.04183  0.00941  0.80968  -232.29414  -234.25600  4.99985   768
1693.00  0.04173  0.04183  0.00990  0.80968  -231.49458  -233.42287  4.99985   768
1694.00  0.04173  0.04183  0.01002  0.80968  -231.29927  -233.20009  4.99985   768
1695.00  0.04174  0.04183  0.00988  0.80968  -231.49000  -233.35573  4.99985   768
1696.00  0.04173  0.04183  0.00932  0.80968  -232.30330  -234.14766  4.99985   768
1697.00  0.04173  0.04183  0.00871  0.80968  -233.21425  -235.05708  4.99985   768
1698.00  0.04172  0.04183  0.00817  0.80968  -234.10841  -235.95583  4.99985   768
1699.00  0.04174  0.04183  0.00806  0.80968  -234.33272  -236.20760  4.99985   768
1700.00  0.04173  0.04183  0.00847  0.80968  -233.72999  -235.65980  4.99985   768
1701.00  0.04174  0.04183  0.00909  0.80968  -232.72291  -234.67103  4.99985   768
1702.00  0.04173  0.04183  0.00984  0.80968  -231.60445  -233.54341  4.99985   768
1703.00  0.04173  0.04183  0.01014  0.80968  -231.10243  -232.98799  4.99985   768
1704.00  0.04174  0.04183  0.01006  0.80968  -231.19704  -233.06428  4.99985   768
1705.00  0.04173  0.04183  0.00963  0.80968  -231.83180  -233.64717  4.99985   768
1706.00  0.04173  0.04183  0.00913  0.80968  -232.54744  -234.37807  4.99985   768
1707.00  0.04173  0.04183  0.00846  0.80968  -233.62013  -235.44618  4.99985   768
1708.00  0.04173  0.04183  0.00809  0.80968  -234.22743  -236.10231  4.99985   768
1709.00  0.04173  0.04183  0.00824  0.80968  -234.07027  -235.99092  4.99985   768
1710.00  0.04172  0.04183  0.00881  0.80968  -233.17915  -235.12880  4.99985   768
1711.00  0.04173  0.04183  0.00949  0.80968  -232.20564  -234.17207  4.99985   768
1712.00  0.04173  0.04183  0.01000  0.80968  -231.33589  -233.27943  4.99985   768
1713.00  0.04173  0.04183  0.01014  0.80968  -231.08870  -232.98341  4.99985   768
1714.00  0.04174  0.04183  0.00992  0.80968  -231.43050  -233.27943  4.99985   768
1715.00  0.04171  0.04183  0.00937  0.80968  -232.21480  -234.05611  4.99985   768
1716.00  0.04172  0.04183  0.00873  0.80968  -233.21577  -235.04488  4.99985   768
1717.00  0.04175  0.04183  0.00817  0.80968  -234.09468  -235.92378  4.99985   768
1718.00  0.04173  0.04183  0.00808  0.80968  -234.26100  -236.14046  4.99985   768
1719.00  0.04174  0.04183  0.00837  0.80968  -233.87801  -235.78798  4.99985   768
1720.00  0.04173  0.04183  0.00902  0.80968  -232.91518  -234.84499  4.99985   768
1721.00  0.04173  0.04183  0.00970  0.80968  -231.83333  -233.77840  4.99985   768
1722.00  0.04173  0.04183  0.01003  0.80968  -231.28249  -233.19246  4.99985   768
1723.00  0.04172  0.04183  0.00995  0.80968  -231.36183  -233.21535  4.99985   768
1724.00  0.04173  0.04183  0.00953  0.80968  -231.98592  -233.83485  4.99985   768
1725.00  0.04173  0.04183  0.00885  0.80968  -233.01894  -234.84499  4.99985   768
1726.00  0.04174  0.04183  0.00820  0.80968  -234.04127  -235.89937  4.99985   768
1727.00  0.04173  0.04183  0.00789  0.80968  -234.56618  -236.45174  4.99985   768
1728.00  0.04173  0.04183  0.00811  0.80968  -234.24727  -236.17708  4.99985   768
1729.00  0.04172  0.04183  0.00867  0.80968  -233.44008  -235.40346  4.99985   768
1730.00  0.04172  0.04183  0.00936  0.80968  -232.35823  -234.31245  4.99985   768
1731.00  0.04173  0.04183  0.00984  0.80968  -231.60597  -233.52815  4.99985   768
1732.00  0.04172  0.04183  0.00998  0.80968  -231.33131  -233.21687  4.99985   768
1733.00  0.04172  0.04183  0.00971  0.80968  -231.72194  -233.55714  4.99985   768
1734.00  0.04171  0.04183  0.00920  0.80968  -232.45131  -234.27125  4.99985   768
1735.00  0.04174  0.04183  0.00851  0.80968  -233.51942  -235.33174  4.99985   768
1736.00  0.04172  0.04183  0.00807  0.80968  -234.21675  -236.05501  4.99985   768
1737.00  0.04173  0.04183  0.00796  0.80968  -234.46547  -236.33272  4.99985   768
1738.00  0.04173  0.04183  0.00833  0.80968  -233.95430  -235.89021  4.99985   768
1739.00  0.04174  0.04183  0.00900  0.80968  -232.90907  -234.85414  4.99985   768
1740.00  0.04175  0.04183  0.00965  0.80968  -231.90504  -233.84248  4.99985   768
1741.00  0.04174  0.04183  0.00996  0.80968  -231.40913  -233.31605  4.99985   768
1742.00  0.04174  0.04183  0.00995  0.80968  -231.34810  -233.23823  4.99985   768
1743.00  0.04174  0.04183  0.00948  0.80968  -232.05305  -233.89131  4.99985   768
1744.00  0.04174  0.04183  0.00888  0.80968  -232.98079  -234.82667  4.99985   768
1745.00  0.04173  0.04183  0.00841  0.80968  -233.69795  -235.56215  4.99985   768
1746.00  0.04173  0.04183  0.00810  0.80968  -234.26100  -236.13893  4.99985   768
1747.00  0.04173  0.04183  0.00829  0.80968  -233.92073  -235.85054  4.99985   768
1748.00  0.04173  0.04183  0.00885  0.80968  -233.20509  -235.14406  4.99985   768
1749.00  0.04171  0.04183  0.00944  0.80968  -232.25905  -234.18733  4.99985   768
1750.00  0.04173  0.04183  0.00998  0.80968  -231.37709  -233.31300  4.99985   768
1751.00  0.04173  0.04183  0.01012  0.80968  -231.09328  -232.95900  4.99985   768
1752.00  0.04174  0.04183  0.00986  0.80968  -231.48543  -233.31453  4.99985   768
1753.00  0.04174  0.04183  0.00934  0.80968  -232.25142  -234.07442  4.99985   768
1754.00  0.04173  0.04183  0.00870  0.80968  -233.25239  -235.08150  4.99985   768
1755.00  0.04173  0.04183  0.00824  0.80968  -233.97719  -235.81544  4.99985   768
1756.00  0.04172  0.04183  0.00820  0.80968  -234.05806  -235.95735  4.99985   768
1757.00  0.04174  0.04183  0.00854  0.80968  -233.60945  -235.53926  4.99985   768
1758.00  0.04171  0.04183  0.00908  0.80968  -232.77479  -234.73054  4.99985   768
1759.00  0.04175  0.04183  0.00968  0.80968  -231.86232  -233.80281  4.99985   768
1760.00  0.04174  0.04183  0.00996  0.80968  -231.40303  -233.33131  4.99985   768
1761.00  0.04173  0.04183  0.00988  0.80968  -231.46864  -233.34352  4.99985   768
1762.00  0.04174  0.04183  0.00950  0.80968  -232.06374  -233.90504  4.99985   768
1763.00  0.04172  0.04183  0.00881  0.80968  -233.09523  -234.91212  4.99985   768
1764.00  0.04172  0.04183  0.00829  0.80968  -233.90395  -235.76814  4.99985   768
1765.00  0.04172  0.04183  0.00804  0.80968  -234.29762  -236.17403  4.99985   768
1766.00  0.04171  0.04183  0.00830  0.80968  -234.00313  -235.91463  4.99985   768
1767.00  0.04174  0.04183  0.00881  0.80968  -233.19594  -235.12727  4.99985   768
1768.00  0.04173  0.04183  0.00937  0.80968  -232.34755  -234.28651  4.99985   768
1769.00  0.04173  0.04183  0.00986  0.80968  -231.50526  -233.41524  4.99985   768
1770.00  0.04172  0.04183  0.00994  0.80968  -231.37862  -233.24434  4.99985   768
1771.00  0.04175  0.04183  0.00971  0.80968  -231.70515  -233.54951  4.99985   768
1772.00  0.04173  0.04183  0.00912  0.80968  -232.61458  -234.42689  4.99985   768
1773.00  0.04174  0.04183  0.00852  0.80968  -233.58656  -235.41414  4.99985   768
1774.00  0.04173  0.04183  0.00820  0.80968  -234.03059  -235.89937  4.99985   768
1775.00  0.04174  0.04183  0.00824  0.80968  -234.05196  -235.95735  4.99985   768
1776.00  0.04174  0.04183  0.00867  0.80968  -233.44160  -235.38972  4.99985   768
1777.00  0.04172  0.04183  0.00926  0.80968  -232.51234  -234.47420  4.99985   768
1778.00  0.04173  0.04183  0.00980  0.80968  -231.70515  -233.65327  4.99985   768
1779.00  0.04174  0.04183  0.01017  0.80968  -231.09633  -232.97884  4.99985   768
1780.00  0.04172  0.04183  0.00992  0.80968  -231.39540  -233.25197  4.99985   768
1781.00  0.04173  0.04183  0.00944  0.80968  -232.09120  -233.93404  4.99985   768
1782.00  0.04173  0.04183  0.00889  0.80968  -232.98537  -234.81142  4.99985   768
1783.00  0.04173  0.04183  0.00830  0.80968  -233.87038  -235.69948  4.99985   768
1784.00  0.04173  0.04183  0.00811  0.80968  -234.21675  -236.07179  4.99985   768
1785.00  0.04174  0.04183  0.00842  0.80968  -233.77425  -235.70863  4.99985   768
1786.00  0.04174  0.04183  0.00903  0.80968  -232.84804  -234.78700  4.99985   768
1787.00  0.04173  0.04183  0.00967  0.80968  -231.85469  -233.78603  4.99985   768
1788.00  0.04173  0.04183  0.01006  0.80968  -231.23823  -233.14210  4.99985   768
1789.00  0.04174  0.04183  0.01011  0.80968  -231.15279  -233.01088  4.99985   768
1790.00  0.04173  0.04183  0.00977  0.80968  -231.58766  -233.43660  4.99985   768
1791.00  0.04173  0.04183  0.00912  0.80968  -232.60237  -234.42689  4.99985   768
1792.00  0.04173  0.04183  0.00851  0.80968  -233.50264  -235.33784  4.99985   768
1793.00  0.04174  0.04183  0.00811  0.80968  -234.18776  -236.04890  4.99985   768
1794.00  0.04173  0.04183  0.00809  0.80968  -234.27779  -236.17555  4.99985   768
1795.00  0.04173  0.04183  0.00856  0.80968  -233.61403  -235.57741  4.99985   768
1796.00  0.04173  0.04183  0.00929  0.80968  -232.47572  -234.42537  4.99985   768
1797.00  0.04175  0.04183  0.00974  0.80968  -231.77687  -233.71278  4.99985   768
1798.00  0.04172  0.04183  0.00999  0.80968  -231.31453  -233.21687  4.99985   768
1799.00  0.04173  0.04183  0.00987  0.80968  -231.47475  -233.33894  4.99985   768
1800.00  0.04172  0.04183  0.00939  0.80968  -232.18123  -234.00270  4.99985   768
1801.00  0.04173  0.04183  0.00877  0.80968  -233.10591  -234.93196  4.99985   768
1802.00  0.04173  0.04183  0.00826  0.80968  -233.94972  -235.78493  4.99985   768
1803.00  0.04173  0.04183  0.00804  0.80968  -234.32661  -236.18776  4.99985   768
1804.00  0.04173  0.04183  0.00823  0.80968  -234.07179  -235.97566  4.99985   768
1805.00  0.04174  0.04183  0.00890  0.80968  -233.07997  -235.01894  4.99985   768
1806.00  0.04175  0.04183  0.00957  0.80968  -232.04848  -233.98897  4.99985   768
1807.00  0.04174  0.04183  0.00997  0.80968  -231.39845  -233.30842  4.99985   768
1808.00  0.04174  0.04183  0.01005  0.80968  -231.23061  -233.11922  4.99985   768
1809.00  0.04174  0.04183  0.00971  0.80968  -231.71736  -233.55104  4.99985   768
1810.00  0.04174  0.04183  0.00915  0.80968  -232.55965  -234.39332  4.99985   768
1811.00  0.04172  0.04183  0.00859  0.80968  -233.44466  -235.30427  4.99985   768
1812.00  0.04173  0.04183  0.00822  0.80968  -234.05348  -235.93751  4.99985   768
1813.00  0.04173  0.04183  0.00830  0.80968  -233.96498  -235.86580  4.99985   768
1814.00  0.04171  0.04183  0.00871  0.80968  -233.37752  -235.31038  4.99985   768
1815.00  0.04172  0.04183  0.00949  0.80968  -232.17818  -234.12019  4.99985   768
1816.00  0.04172  0.04183  0.00998  0.80968  -231.38167  -233.28706  4.99985   768
1817.00  0.04173  0.04183  0.01015  0.80968  -231.10396  -232.97731  4.99985   768
1818.00  0.04173  0.04183  0.00987  0.80968  -231.44575  -233.28706  4.99985   768
1819.00  0.04173  0.04183  0.00941  0.80968  -232.13850  -233.93709  4.99985   768
1820.00  0.04173  0.04183  0.00883  0.80968  -233.06624  -234.89839  4.99985   768
1821.00  0.04173  0.04183  0.00836  0.80968  -233.80324  -235.64912  4.99985   768
1822.00  0.04173  0.04183  0.00816  0.80968  -234.16945  -236.02754  4.99985   768
1823.00  0.04173  0.04183  0.00855  0.80968  -233.58961  -235.53621  4.99985   768
1824.00  0.04172  0.04183  0.00912  0.80968  -232.70766  -234.67103  4.99985   768
1825.00  0.04173  0.04183  0.00972  0.80968  -231.80891  -233.75398  4.99985   768
1826.00  0.04173  0.04183  0.01009  0.80968  -231.23213  -233.14210  4.99985   768
1827.00  0.04173  0.04183  0.01009  0.80968  -231.20924  -233.08565  4.99985   768
1828.00  0.04173  0.04183  0.00962  0.80968  -231.85774  -233.70821  4.99985   768
1829.00  0.04173  0.04183  0.00915  0.80968  -232.59322  -234.44978  4.99985   768
1830.00  0.04172  0.04183  0.00851  0.80968  -233.52553  -235.35310  4.99985   768
1831.00  0.04172  0.04183  0.00809  0.80968  -234.25337  -236.12215  4.99985   768
1832.00  0.04172  0.04183  0.00818  0.80968  -234.16029  -236.05043  4.99985   768
1833.00  0.04173  0.04183  0.00868  0.80968  -233.35615  -235.29512  4.99985   768
1834.00  0.04172  0.04183  0.00931  0.80968  -232.46504  -234.39943  4.99985   768
1835.00  0.04174  0.04183  0.00984  0.80968  -231.58919  -233.51900  4.99985   768
1836.00  0.04173  0.04183  0.01003  0.80968  -231.22603  -233.09480  4.99985   768
1837.00  0.04174  0.04183  0.00981  0.80968  -231.59376  -233.42287  4.99985   768
1838.00  0.04173  0.04183  0.00924  0.80968  -232.40553  -234.23006  4.99985   768
1839.00  0.04172  0.04183  0.00867  0.80968  -233.31190  -235.13948  4.99985   768
1840.00  0.04171  0.04183  0.00823  0.80968  -234.00770  -235.85359  4.99985   768
1841.00  0.04174  0.04183  0.00808  0.80968  -234.25337  -236.14809  4.99985   768
1842.00  0.04173  0.04183  0.00842  0.80968  -233.82307  -235.76509  4.99985   768
1843.00  0.04173  0.04183  0.00906  0.80968  -232.84651  -234.80531  4.99985   768
1844.00  0.04172  0.04183  0.00971  0.80968  -231.85011  -233.81044  4.99985   768
1845.00  0.04172  0.04183  0.01017  0.80968  -231.09022  -233.02461  4.99985   768
1846.00  0.04174  0.04183  0.01017  0.80968  -231.02919  -232.91933  4.99985   768
1847.00  0.04174  0.04183  0.00976  0.80968  -231.65633  -233.49000  4.99985   768
1848.00  0.04172  0.04183  0.00920  0.80968  -232.43910  -234.25752  4.99985   768
1849.00  0.04173  0.04183  0.00860  0.80968  -233.45076  -235.28139  4.99985   768
1850.00  0.04172  0.04183  0.00831  0.80968  -233.88411  -235.73915  4.99985   768
1851.00  0.04171  0.04183  0.00827  0.80968  -233.95583  -235.83986  4.99985   768
1852.00  0.04172  0.04183  0.00878  0.80968  -233.26460  -235.20204  4.99985   768
1853.00  0.04173  0.04183  0.00950  0.80968  -232.15834  -234.10646  4.99985   768
1854.00  0.04173  0.04183  0.00991  0.80968  -231.47017  -233.38930  4.99985   768
1855.00  0.04173  0.04183  0.01015  0.80968  -231.10701  -232.97731  4.99985   768
1856.00  0.04174  0.04183  0.00989  0.80968  -231.43965  -233.27180  4.99985   768
1857.00  0.04172  0.04183  0.00932  0.80968  -232.29872  -234.13698  4.99985   768
1858.00  0.04173  0.04183  0.00864  0.80968  -233.34853  -235.18220  4.99985   768
1859.00  0.04173  0.04183  0.00821  0.80968  -234.00923  -235.87495  4.99985   768
1860.00  0.04172  0.04183  0.00803  0.80968  -234.34798  -236.24269  4.99985   768
1861.00  0.04173  0.04183  0.00834  0.80968  -233.92531  -235.87648  4.99985   768
1862.00  0.04173  0.04183  0.00902  0.80968  -232.90602  -234.87093  4.99985   768
1863.00  0.04173  0.04183  0.00963  0.80968  -231.96303  -233.91878  4.99985   768
1864.00  0.04173  0.04183  0.00993  0.80968  -231.39998  -233.31758  4.99985   768
1865.00  0.04173  0.04183  0.00991  0.80968  -231.45033  -233.31911  4.99985   768
1866.00  0.04172  0.04183  0.00953  0.80968  -231.99660  -233.82570  4.99985   768
1867.00  0.04173  0.04183  0.00889  0.80968  -232.94569  -234.75801  4.99985   768
1868.00  0.04173  0.04183  0.00834  0.80968  -233.81392  -235.63386  4.99985   768
1869.00  0.04172  0.04183  0.00803  0.80968  -234.29610  -236.17860  4.99985   768
1870.00  0.04172  0.04183  0.00820  0.80968  -234.06569  -235.95430  4.99985   768
1871.00  0.04171  0.04183  0.00870  0.80968  -233.38820  -235.33021  4.99985   768
1872.00  0.04173  0.04183  0.00934  0.80968  -232.37196  -234.31093  4.99985   768
1873.00  0.04172  0.04183  0.00986  0.80968  -231.59071  -233.51594  4.99985   768
1874.00  0.04172  0.04183  0.00998  0.80968  -231.33742  -233.23366  4.99985   768
1875.00  0.04172  0.04183  0.00973  0.80968  -231.67464  -233.51747  4.99985   768
1876.00  0.04174  0.04183  0.00920  0.80968  -232.51997  -234.34907  4.99985   768
1877.00  0.04173  0.04183  0.00854  0.80968  -233.52095  -235.36226  4.99985   768
1878.00  0.04173  0.04183  0.00812  0.80968  -234.19691  -236.07484  4.99985   768
1879.00  0.04172  0.04183  0.00807  0.80968  -234.29304  -236.20760  4.99985   768
1880.00  0.04173  0.04183  0.00840  0.80968  -233.82307  -235.75746  4.99985   768
1881.00  0.04172  0.04183  0.00902  0.80968  -232.95790  -234.93043  4.99985   768
1882.00  0.04172  0.04183  0.00971  0.80968  -231.75551  -233.70363  4.99985   768
1883.00  0.04173  0.04183  0.01006  0.80968  -231.21687  -233.10548  4.99985   768
1884.00  0.04172  0.04183  0.00997  0.80968  -231.36946  -233.22603  4.99985   768
1885.00  0.04172  0.04183  0.00953  0.80968  -231.95082  -233.76161  4.99985   768
1886.00  0.04173  0.04183  0.00887  0.80968  -232.98842  -234.79463  4.99985   768
1887.00  0.04173  0.04183  0.00827  0.80968  -233.91768  -235.75746  4.99985   768
1888.00  0.04172  0.04183  0.00808  0.80968  -234.25185  -236.12062  4.99985   768
1889.00  0.04173  0.04183  0.00818  0.80968  -234.11299  -236.02144  4.99985   768
1890.00  0.04172  0.04183  0.00867  0.80968  -233.41261  -235.36531  4.99985   768
1891.00  0.04172  0.04183  0.00944  0.80968  -232.21785  -234.18275  4.99985   768
1892.00  0.04173  0.04183  0.00987  0.80968  -231.54494  -233.46864  4.99985   768
1893.00  0.04172  0.04183  0.01000  0.80968  -231.35878  -233.25502  4.99985   768
1894.00  0.04174  0.04183  0.00974  0.80968  -231.67311  -233.53578  4.99985   768
1895.00  0.04173  0.04183  0.00923  0.80968  -232.45741  -234.30940  4.99985   768
1896.00  0.04173  0.04183  0.00859  0.80968  -233.40498  -235.22951  4.99985   768
1897.00  0.04172  0.04183  0.00817  0.80968  -234.06111  -235.93294  4.99985   768
1898.00  0.04172  0.04183  0.00824  0.80968  -234.09621  -236.00618  4.99985   768
1899.00  0.04173  0.04183  0.00857  0.80968  -233.54689  -235.46602  4.99985   768
1900.00  0.04173  0.04183  0.00925  0.80968  -232.52302  -234.47267  4.99985   768
1901.00  0.04172  0.04183  0.00979  0.80968  -231.68684  -233.60445  4.99985   768
1902.00  0.04173  0.04183  0.01002  0.80968  -231.30842  -233.19551  4.99985   768
1903.00  0.04173  0.04183  0.01000  0.80968  -231.27791  -233.13447  4.99985   768
1904.00  0.04173  0.04183  0.00957  0.80968  -231.89436  -233.72194  4.99985   768
1905.00  0.04171  0.04183  0.00894  0.80968  -232.87550  -234.68935  4.99985   768
1906.00  0.04173  0.04183  0.00842  0.80968  -233.71474  -235.57893  4.99985   768
1907.00  0.04173  0.04183  0.00812  0.80968  -234.17250  -236.02907  4.99985   768
1908.00  0.04173  0.04183  0.00837  0.80968  -233.84138  -235.79256  4.99985   768
1909.00  0.04173  0.04183  0.00893  0.80968  -232.99910  -234.94722  4.99985   768
1910.00  0.04173  0.04183  0.00953  0.80968  -232.10646  -234.05611  4.99985   768
1911.00  0.04172  0.04183  0.00993  0.80968  -231.44881  -233.37556  4.99985   768
1912.00  0.04173  0.04183  0.01004  0.80968  -231.26265  -233.17567  4.99985   768
1913.00  0.04172  0.04183  0.00975  0.80968  -231.65480  -233.51137  4.99985   768
1914.00  0.04173  0.04183  0.00922  0.80968  -232.43452  -234.27125  4.99985   768
1915.00  0.04172  0.04183  0.00861  0.80968  -233.42024  -235.23714  4.99985   768
1916.00  0.04173  0.04183  0.00814  0.80968  -234.09773  -235.95888  4.99985   768
1917.00  0.04174  0.04183  0.00809  0.80968  -234.24879  -236.14351  4.99985   768
1918.00  0.04172  0.04183  0.00860  0.80968  -233.50874  -235.44160  4.99985   768
1919.00  0.04172  0.04183  0.00929  0.80968  -232.44978  -234.38264  4.99985   768
1920.00  0.04173  0.04183  0.00985  0.80968  -231.59376  -233.51442  4.99985   768
1921.00  0.04173  0.04183  0.01017  0.80968  -231.04292  -232.93458  4.99985   768
1922.00  0.04174  0.04183  0.01003  0.80968  -231.23823  -233.11311  4.99985   768
1923.00  0.04172  0.04183  0.00966  0.80968  -231.77992  -233.62428  4.99985   768
1924.00  0.04172  0.04183  0.00901  0.80968  -232.74428  -234.55202  4.99985   768
1925.00  0.04173  0.04183  0.00840  0.80968  -233.72237  -235.58351  4.99985   768
1926.00  0.04173  0.04183  0.00814  0.80968  -234.14961  -236.02296  4.99985   768
1927.00  0.04172  0.04183  0.00832  0.80968  -233.94514  -235.87801  4.99985   768
1928.00  0.04173  0.04183  0.00896  0.80968  -232.99147  -234.97316  4.99985   768
1929.00  0.04173  0.04183  0.00966  0.80968  -231.90810  -233.87300  4.99985   768
1930.00  0.04172  0.04183  0.01004  0.80968  -231.25960  -233.17720  4.99985   768
1931.00  0.04172  0.04183  0.01019  0.80968  -231.04597  -232.94679  4.99985   768
1932.00  0.04173  0.04183  0.00985  0.80968  -231.46101  -233.30995  4.99985   768
1933.00  0.04173  0.04183  0.00930  0.80968  -232.33229  -234.16444  4.99985   768
1934.00  0.04173  0.04183  0.00864  0.80968  -233.38209  -235.18373  4.99985   768
1935.00  0.04172  0.04183  0.00827  0.80968  -233.94820  -235.80476  4.99985   768
1936.00  0.04173  0.04183  0.00825  0.80968  -233.98176  -235.85054  4.99985   768
1937.00  0.04172  0.04183  0.00870  0.80968  -233.40193  -235.33632  4.99985   768
1938.00  0.04173  0.04183  0.00938  0.80968  -232.34297  -234.28804  4.99985   768
1939.00  0.04173  0.04183  0.00997  0.80968  -231.37709  -233.30690  4.99985   768
1940.00  0.04172  0.04183  0.01020  0.80968  -231.03529  -232.91780  4.99985   768
1941.00  0.04174  0.04183  0.01008  0.80968  -231.19093  -233.05971  4.99985   768
1942.00  0.04174  0.04183  0.00956  0.80968  -231.90657  -233.74330  4.99985   768
1943.00  0.04174  0.04183  0.00890  0.80968  -232.98537  -234.81905  4.99985   768
1944.00  0.04173  0.04183  0.00829  0.80968  -233.90089  -235.72847  4.99985   768
1945.00  0.04173  0.04183  0.00812  0.80968  -234.17860  -236.06721  4.99985   768
1946.00  0.04173  0.04183  0.00836  0.80968  -233.87953  -235.81544  4.99985   768
1947.00  0.04173  0.04183  0.00894  0.80968  -233.02809  -234.99300  4.99985   768
1948.00  0.04172  0.04183  0.00964  0.80968  -231.87605  -233.81502  4.99985   768
1949.00  0.04173  0.04183  0.01002  0.80968  -231.33589  -233.25655  4.99985   768
1950.00  0.04172  0.04183  0.01011  0.80968  -231.14058  -233.01546  4.99985   768
1951.00  0.04172  0.04183  0.00970  0.80968  -231.68989  -233.50069  4.99985   768
1952.00  0.04172  0.04183  0.00916  0.80968  -232.55812  -234.36891  4.99985   768
1953.00  0.04172  0.04183  0.00852  0.80968  -233.48280  -235.29665  4.99985   768
1954.00  0.04173  0.04183  0.00808  0.80968  -234.24879  -236.07484  4.99985   768
1955.00  0.04173  0.04183  0.00811  0.80968  -234.22133  -236.13588  4.99985   768
1956.00  0.04174  0.04183  0.00857  0.80968  -233.57283  -235.52248  4.99985   768
1957.00  0.04173  0.04183  0.00917  0.80968  -232.63747  -234.57338  4.99985   768
1958.00  0.04173  0.04183  0.00980  0.80968  -231.67616  -233.62581  4.99985   768
1959.00  0.04174  0.04183  0.01008  0.80968  -231.19551  -233.11311  4.99985   768
1960.00  0.04172  0.04183  0.00991  0.80968  -231.42439  -233.27486  4.99985   768
1961.00  0.04173  0.04183  0.00943  0.80968  -232.15834  -234.00423  4.99985   768
1962.00  0.04172  0.04183  0.00876  0.80968  -233.16847  -235.01283  4.99985   768
1963.00  0.04173  0.04183  0.00829  0.80968  -233.91157  -235.75899  4.99985   768
1964.00  0.04173  0.04183  0.00805  0.80968  -234.30830  -236.19844  4.99985   768
1965.00  0.04172  0.04183  0.00832  0.80968  -233.92378  -235.84444  4.99985   768
1966.00  0.04174  0.04183  0.00887  0.80968  -233.12422  -235.07692  4.99985   768
1967.00  0.04173  0.04183  0.00957  0.80968  -231.99202  -233.92030  4.99985   768
1968.00  0.04171  0.04183  0.01002  0.80968  -231.29927  -233.19856  4.99985   768
1969.00  0.04174  0.04183  0.01008  0.80968  -231.14973  -233.00783  4.99985   768
1970.00  0.04174  0.04183  0.00964  0.80968  -231.80281  -233.63649  4.99985   768
1971.00  0.04173  0.04183  0.00903  0.80968  -232.72902  -234.54591  4.99985   768
1972.00  0.04173  0.04183  0.00854  0.80968  -233.50264  -235.33937  4.99985   768
1973.00  0.04174  0.04183  0.00812  0.80968  -234.17097  -236.03364  4.99985   768
1974.00  0.04173  0.04183  0.00815  0.80968  -234.19691  -236.11604  4.99985   768
1975.00  0.04172  0.04183  0.00852  0.80968  -233.63997  -235.57283  4.99985   768
1976.00  0.04173  0.04183  0.00926  0.80968  -232.53981  -234.50319  4.99985   768
1977.00  0.04172  0.04183  0.00969  0.80968  -231.82875  -233.75398  4.99985   768
1978.00  0.04173  0.04183  0.00999  0.80968  -231.32826  -233.25197  4.99985   768
1979.00  0.04172  0.04183  0.00991  0.80968  -231.46406  -233.33589  4.99985   768
1980.00  0.04173  0.04183  0.00933  0.80968  -232.23769  -234.08815  4.99985   768
1981.00  0.04172  0.04183  0.00872  0.80968  -233.27376  -235.09981  4.99985   768
1982.00  0.04171  0.04183  0.00824  0.80968  -233.94667  -235.79561  4.99985   768
1983.00  0.04173  0.04183  0.00808  0.80968  -234.26863  -236.16487  4.99985   768
1984.00  0.04174  0.04183  0.00834  0.80968  -233.92836  -235.83833  4.99985   768
1985.00  0.04172  0.04183  0.00897  0.80968  -232.97163  -234.93196  4.99985   768
1986.00  0.04173  0.04183  0.00951  0.80968  -232.08662  -233.99202  4.99985   768
1987.00  0.04173  0.04183  0.00989  0.80968  -231.48543  -233.38167  4.99985   768
1988.00  0.04173  0.04183  0.00997  0.80968  -231.35725  -233.24129  4.99985   768
1989.00  0.04172  0.04183  0.00964  0.80968  -231.82570  -233.67158  4.99985   768
1990.00  0.04172  0.04183  0.00912  0.80968  -232.61305  -234.43300  4.99985   768
1991.00  0.04171  0.04183  0.00854  0.80968  -233.51942  -235.36226  4.99985   768
1992.00  0.04172  0.04183  0.00820  0.80968  -234.04585  -235.92226  4.99985   768
1993.00  0.04173  0.04183  0.00834  0.80968  -233.90700  -235.83986  4.99985   768
1994.00  0.04172  0.04183  0.00874  0.80968  -233.28444  -235.23103  4.99985   768
1995.00  0.04172  0.04183  0.00948  0.80968  -232.22548  -234.17970  4.99985   768
1996.00  0.04173  0.04183  0.00988  0.80968  -231.54646  -233.47017  4.99985   768
1997.00  0.04173  0.04183  0.00996  0.80968  -231.37099  -233.25807  4.99985   768
1998.00  0.04171  0.04183  0.00984  0.80968  -231.52663  -233.39082  4.99985   768
1999.00  0.04173  0.04183  0.00938  0.80968  -232.24531  -234.07899  4.99985   768
2000.00  0.04804  0.06440  0.00867  0.80968  -233.26765  -235.05556  4.99985   768
2001.00  0.06208  0.06440  0.00945  0.80968  -232.46809  -234.58559  4.99985   768
2002.00  0.06265  0.06440  0.01245  0.80968  -227.74092  -229.81569  4.99985   768
2003.00  0.06279  0.06440  0.01239  0.80968  -227.46779  -229.22212  4.99985   768
2004.00  0.06286  0.06440  0.01345  0.80968  -226.28218  -228.42561  4.99985   768
