ASI 600A Data File
Created: Wed May  8 14:27:34 2024
A/D Sampling Rate: 1000 Hz
Comment: Mouse CP512 Cell 3
Width 0.0692
Thick 0.0346
After Activation
Width 0.0
Thick 0.0
*** Setup Parameters ***
Length Controller: 315C
Force Transducer: 406A
Initial Length: 0.0644 mm
Minimum Length: -5 Lo
Maximum Length: 5 Lo
Fiber Length: 0.0644 mm
Initial Sarcomere Length: 0 um
Diameter: 1.91919 mm
Maximum Tetanic Tension: 3 mN
Calibrate FC step size:  -20 um
Calibrate FC ramp time:  100 ms
Calibrate FC hold time:  200 ms
Force Gain-Factor:       0.6
Force Integral-Constant: 0.26 ms
Force Filter-Constant:   0.2 ms
Constant Stiffness Range: 100
dF/dL measured at Force:  34522 adu
Fiber Stiffness (adu):    0
Fiber Stiffness (mN/mm):  0
SL Gain-Factor:           0.25
SL Integral-Constant:     0.1 ms
SL Filter-Constant:       0 ms
SL Stiffness (adu):       0.3
SL Stiffness (um/mm):     1
ADC0 Offset: -28.840 mv
ADC1 Offset: -28.840 mv
DAC0 Offset: 3.336 mv
DAC1 Offset: -3.588 mv
Panel 1 size: 2
Panel 2 size: 4
Panel 3 size: 2
Panel 4 size: 5
Panel 1 signal: 0
Panel 2 signal: 1
Panel 3 signal: 2
Panel 4 signal: 6
Background (0/1): 0
Length In color:  16395263
Force  In color:  16717330
SL     In color:  16771867
Aux1   In color:  1769257
Length Out color:  255
Force  Out color:  255
Stim   Out color:  16777215
Aux2   In  color:  16747283
Length Units: um
Force Units: mN
Time Units: ms
Sarcomere Length Units: um
Scope Display1: 0
Scope Display2: 2
AUX Channels Scope Display: 0
Scope Timebase: 1
Scope Vscale:   0
Scope Lunit:    1
Scope Lmin:     0.026370
Scope Lmax:     0.026470
Scope Funit:    0
Scope Fmin:     0.157780
Scope Fmax:     0.157960
Scope AUX1_min:     10.000000
Scope AUX1_max:     16.000000
Scope AUX2_min:     8.000000
Scope AUX2_max:     14.000000
Scope L Data Scale:     1.651868
Scope F Data Scale:     0.225000
Scope AUX1 Data Scale:     1.000000
Scope AUX2 Data Scale:     1.000000
Scope SL Data Scale:     1.000000
Scope Sunit:    0
Analysis Lunit: 4
Analysis Funit: 0
Analysis Tunit: 0
Analysis Channels: 101000000010000
Analysis Readout: 1
Analysis Gaussian Filter Kernel Size (Lin):     201
Analysis Gaussian Filter Kernel Size (Fin):     50
Analysis Gaussian Filter Kernel Size (Aux1):    201
Analysis Gaussian Filter Kernel Size (Aux2):    201
Analysis Gaussian Filter Standard Deviation (Lin):     1.0
Analysis Gaussian Filter Standard Deviation (Fin):     1.0
Analysis Gaussian Filter Standard Deviation (Aux1):    1.0
Analysis Gaussian Filter Standard Deviation (Aux2):    1.0
Aux1 Name: Aux1
Aux1 Units: C
Aux1 Scale (units/volt): 100.000000
Aux1 Offset (units): 2.000000
Aux2 Name: Aux2
Aux2 Units: mv
Aux2 Scale (units/volt): 100
Aux2 Offset (units): 0
 *** Cantilever Properties ***
Cantilever Stiffness Calculation Method: 2
Cantilever Stiffness (N/m): -1.000
Cantilever Length (um): 450.000
Cantilever Thickness (um): 2.000
Cantilever Width 1 (um): 50.000
Cantilever Width 2 (um): 50.000
Cantilever Elasticity (GPa): 160.000
 *** ASI804A Test Window Properties ***
ASI804A Vscale: 0
ASI804A Timebase: 0
ASI804A Sampling Rate: 0
ASI804A Scope L_min:     999.800000
ASI804A Scope L_max:     1000.200000
ASI804A Scope F_min:     -0.040000
ASI804A Scope F_max:     0.020000
ASI804A Scope log10Rario_min:     -0.063875
ASI804A Scope log10Ratio_max:     -0.063650
ASI804A Scope L Scale Units:    4
ASI804A Scope F Scale Units:    0
ASI804A Scope L Scale:     1.000000
ASI804A Scope F Scale:     1.000000
ASI804A Scope log10Ratio Scale:     0.500000
ASI804A Data Files Directory: /home/asi/data
ASI804A Data Files Name: atp_datafile
ASI804A Font: Liberation Sans
ASI804A Font Size: 24
ASI804A pCa Combo Size: 0
ASI804A pCa Combo Active: -1
 *** Additional devices ***
ASI802D Bath Controller: 0
ASI804A ATPase Controller: 1
*** Calibration Parameters ***
Model  LOoffset  LOscale  LIoffset  LIscale  FOoffset  FOscale  FIoffset  FIscale
Number 	mm        mm/v	   mm        mm/v     mN        mN/v     mN        mN/v
308B	 0	 0.2	 0	 0.2	 0	 1	 0	 1
312C	 0	 0.15	 0	 0.15	 0	 1	 0	 1
315C	 0	 0.15	 0	 0.15	 0	 1	 0	 1
318B	 0	 0.3	 0	 0.3	 0	 1	 0	 1
322C	 0	 0.3	 0	 0.3	 0	 1	 0	 1
340A	 0	 0.005	 0	 0.005	 0	 1	 0	 1
300C	 0	 0.5	 0	 0.5	 0	 50	 0	 50
300C-LR	 0	 0.5	 0	 0.5	 0	 100	 0	 100
305C	 0	 1	 0	 1	 0	 500	 0	 500
305C-LR	 0	 1	 0	 1	 0	 1000	 0	 1000
309C	 0	 1.25	 0	 1.25	 0	 2000	 0	 2000
310C	 0	 2	 0	 2	 0	 5000	 0	 5000
310C-LR	 0	 2	 0	 2	 0	 10000	 0	 10000
???	 0	 1	 0	 1	 0	 1	 0	 1
400A	 0	 1	 0	 1	 0	 5	 0	 5
402A	 0	 1	 0	 1	 0	 50	 0	 50
403A-CF	 0	 1	 0	 1	 0	 0.2	 0	 0.2
403A	 0	 1	 0	 1	 0	 0.5	 0	 0.5
404A	 0	 1	 0	 1	 0	 10	 0	 10
405A	 0	 1	 0	 1	 0	 1	 0	 1
406A	 0	 1	 0	 1	 0.16	 0.06497	 0.16	 0.06497
407A	 0	 1	 0	 1	 0	 100	 0	 100
470A	 0	 1	 0	 1	 0	 1	 0	 1
other	 0	 1	 0	 1	 0	 1	 0	 1
none	 0	 1	 0	 1	 0	 1	 0	 1
*** Test Protocol Parameters ***
A/D Sampling Rate: 1000 Hz
Comment: Length Discrete Sine protocol for stiffness testing
Minimum Length: -5.000 (Lo)
Maximum Length: 5.000 (Lo)
PD Deadband:    0.000000 mN
Stimulus 01: 0.3 ms 100.000 Hz 10.0 ms 50.000 Hz 0.100 s
Stimulus 02: 1.2 ms 100.000 Hz 20.0 ms 2.000 Hz 100.000 s
Stimulus 03: 1.3 ms 100.000 Hz 20.0 ms 2.000 Hz 100.000 s
Stimulus 04: 1.4 ms 100.000 Hz 20.0 ms 2.000 Hz 100.000 s
Stimulus 05: 1.5 ms 100.000 Hz 20.0 ms 2.000 Hz 100.000 s
Stimulus 06: 1.6 ms 100.000 Hz 20.0 ms 2.000 Hz 100.000 s
Stimulus 07: 1.7 ms 100.000 Hz 20.0 ms 2.000 Hz 100.000 s
Stimulus 08: 1.8 ms 100.000 Hz 20.0 ms 2.000 Hz 100.000 s
Stimulus 09: 1.9 ms 100.000 Hz 20.0 ms 2.000 Hz 100.000 s
Stimulus 10: 2.2 ms 100.000 Hz 20.0 ms 2.000 Hz 100.000 s
Time (ms)	Control Function	Options
      0.0	Data-Enable		
    200.0	Length-Step		 0.65 Lo
   2000.0	Length-Step		 1 Lo
   2005.0	Data-Disable		
      0.0	Stop		
*** Force and Length Signals vs Time ***
Time (ms)  Lin (mm)  Lout (mm)  Fin (mN)  Fout (mN)  Aux1 C  Aux2 mv  SL (um)   Stimulus/Triggers
0.00  0.06409  0.06440  0.01150  0.80968  -229.08064  -230.96773  4.99985   768
1.00  0.06409  0.06440  0.01181  0.80968  -228.60457  -230.52980  4.99985   768
2.00  0.06409  0.06440  0.01235  0.80968  -227.76076  -229.69514  4.99985   768
3.00  0.06408  0.06440  0.01303  0.80968  -226.68959  -228.61787  4.99985   768
4.00  0.06408  0.06440  0.01334  0.80968  -226.20436  -228.08992  4.99985   768
5.00  0.06409  0.06440  0.01340  0.80968  -226.07313  -227.94496  4.99985   768
6.00  0.06408  0.06440  0.01291  0.80968  -226.72774  -228.55226  4.99985   768
7.00  0.06408  0.06440  0.01227  0.80968  -227.74092  -229.54866  4.99985   768
8.00  0.06409  0.06440  0.01170  0.80968  -228.63203  -230.45351  4.99985   768
9.00  0.06408  0.06440  0.01140  0.80968  -229.12489  -230.99672  4.99985   768
10.00  0.06409  0.06440  0.01157  0.80968  -228.90669  -230.82124  4.99985   768
11.00  0.06408  0.06440  0.01202  0.80968  -228.27040  -230.22310  4.99985   768
12.00  0.06409  0.06440  0.01283  0.80968  -227.06648  -229.02070  4.99985   768
13.00  0.06408  0.06440  0.01320  0.80968  -226.39052  -228.29133  4.99985   768
14.00  0.06408  0.06440  0.01334  0.80968  -226.19673  -228.08839  4.99985   768
15.00  0.06409  0.06440  0.01321  0.80968  -226.34627  -228.20131  4.99985   768
16.00  0.06409  0.06440  0.01266  0.80968  -227.13972  -228.96730  4.99985   768
17.00  0.06410  0.06440  0.01191  0.80968  -228.35127  -230.17580  4.99985   768
18.00  0.06410  0.06440  0.01146  0.80968  -229.02571  -230.88380  4.99985   768
19.00  0.06410  0.06440  0.01143  0.80968  -229.09437  -230.97993  4.99985   768
20.00  0.06409  0.06440  0.01173  0.80968  -228.72664  -230.64271  4.99985   768
21.00  0.06407  0.06440  0.01241  0.80968  -227.68904  -229.62953  4.99985   768
22.00  0.06408  0.06440  0.01298  0.80968  -226.78267  -228.69722  4.99985   768
23.00  0.06410  0.06440  0.01342  0.80968  -226.06093  -227.95412  4.99985   768
24.00  0.06408  0.06440  0.01343  0.80968  -226.01210  -227.85341  4.99985   768
25.00  0.06408  0.06440  0.01304  0.80968  -226.58430  -228.40578  4.99985   768
26.00  0.06408  0.06440  0.01239  0.80968  -227.56239  -229.38386  4.99985   768
27.00  0.06410  0.06440  0.01184  0.80968  -228.41078  -230.23225  4.99985   768
28.00  0.06407  0.06440  0.01146  0.80968  -229.06386  -230.94331  4.99985   768
29.00  0.06410  0.06440  0.01150  0.80968  -229.01503  -230.92653  4.99985   768
30.00  0.06408  0.06440  0.01204  0.80968  -228.26735  -230.23530  4.99985   768
31.00  0.06410  0.06440  0.01269  0.80968  -227.24959  -229.20991  4.99985   768
32.00  0.06408  0.06440  0.01316  0.80968  -226.46834  -228.38899  4.99985   768
33.00  0.06410  0.06440  0.01340  0.80968  -226.09755  -228.00294  4.99985   768
34.00  0.06410  0.06440  0.01312  0.80968  -226.43324  -228.29133  4.99985   768
35.00  0.06409  0.06440  0.01258  0.80968  -227.23280  -229.05275  4.99985   768
36.00  0.06408  0.06440  0.01200  0.80968  -228.16817  -229.97896  4.99985   768
37.00  0.06409  0.06440  0.01149  0.80968  -228.94942  -230.78004  4.99985   768
38.00  0.06408  0.06440  0.01136  0.80968  -229.22255  -231.09285  4.99985   768
39.00  0.06409  0.06440  0.01164  0.80968  -228.84718  -230.74647  4.99985   768
40.00  0.06408  0.06440  0.01232  0.80968  -227.79890  -229.73176  4.99985   768
41.00  0.06408  0.06440  0.01288  0.80968  -226.95051  -228.87269  4.99985   768
42.00  0.06408  0.06440  0.01327  0.80968  -226.31422  -228.20436  4.99985   768
43.00  0.06409  0.06440  0.01314  0.80968  -226.40578  -228.26234  4.99985   768
44.00  0.06408  0.06440  0.01272  0.80968  -227.09852  -228.94594  4.99985   768
45.00  0.06408  0.06440  0.01217  0.80968  -227.94081  -229.77296  4.99985   768
46.00  0.06408  0.06440  0.01163  0.80968  -228.75716  -230.59999  4.99985   768
47.00  0.06408  0.06440  0.01132  0.80968  -229.28816  -231.18440  4.99985   768
48.00  0.06408  0.06440  0.01152  0.80968  -229.03181  -230.95552  4.99985   768
49.00  0.06408  0.06440  0.01205  0.80968  -228.26735  -230.21547  4.99985   768
50.00  0.06407  0.06440  0.01272  0.80968  -227.24959  -229.18855  4.99985   768
51.00  0.06410  0.06440  0.01319  0.80968  -226.45003  -228.36915  4.99985   768
52.00  0.06409  0.06440  0.01335  0.80968  -226.16469  -228.07771  4.99985   768
53.00  0.06408  0.06440  0.01302  0.80968  -226.60567  -228.42103  4.99985   768
54.00  0.06407  0.06440  0.01254  0.80968  -227.35182  -229.17787  4.99985   768
55.00  0.06409  0.06440  0.01198  0.80968  -228.17122  -229.98964  4.99985   768
56.00  0.06409  0.06440  0.01155  0.80968  -228.92653  -230.76784  4.99985   768
57.00  0.06408  0.06440  0.01152  0.80968  -228.95094  -230.82887  4.99985   768
58.00  0.06408  0.06440  0.01188  0.80968  -228.46266  -230.39094  4.99985   768
59.00  0.06408  0.06440  0.01247  0.80968  -227.60664  -229.52882  4.99985   768
60.00  0.06409  0.06440  0.01308  0.80968  -226.59804  -228.54463  4.99985   768
61.00  0.06407  0.06440  0.01341  0.80968  -226.09907  -228.00600  4.99985   768
62.00  0.06409  0.06440  0.01320  0.80968  -226.32033  -228.18910  4.99985   768
63.00  0.06408  0.06440  0.01285  0.80968  -226.90016  -228.76893  4.99985   768
64.00  0.06408  0.06440  0.01224  0.80968  -227.80348  -229.65547  4.99985   768
65.00  0.06408  0.06440  0.01161  0.80968  -228.78767  -230.62135  4.99985   768
66.00  0.06408  0.06440  0.01133  0.80968  -229.25764  -231.14931  4.99985   768
67.00  0.06408  0.06440  0.01156  0.80968  -228.95705  -230.86854  4.99985   768
68.00  0.06409  0.06440  0.01196  0.80968  -228.36043  -230.29787  4.99985   768
69.00  0.06410  0.06440  0.01262  0.80968  -227.32130  -229.25874  4.99985   768
70.00  0.06408  0.06440  0.01299  0.80968  -226.74300  -228.63161  4.99985   768
71.00  0.06408  0.06440  0.01317  0.80968  -226.44392  -228.31270  4.99985   768
72.00  0.06409  0.06440  0.01290  0.80968  -226.80403  -228.63618  4.99985   768
73.00  0.06408  0.06440  0.01229  0.80968  -227.73329  -229.54408  4.99985   768
74.00  0.06408  0.06440  0.01174  0.80968  -228.61220  -230.44435  4.99985   768
75.00  0.06409  0.06440  0.01136  0.80968  -229.17830  -231.02266  4.99985   768
76.00  0.06409  0.06440  0.01133  0.80968  -229.28969  -231.19356  4.99985   768
77.00  0.06410  0.06440  0.01176  0.80968  -228.64424  -230.56947  4.99985   768
78.00  0.06408  0.06440  0.01239  0.80968  -227.67988  -229.64326  4.99985   768
79.00  0.06409  0.06440  0.01295  0.80968  -226.80098  -228.72468  4.99985   768
80.00  0.06408  0.06440  0.01326  0.80968  -226.34932  -228.26387  4.99985   768
81.00  0.06408  0.06440  0.01315  0.80968  -226.42866  -228.30202  4.99985   768
82.00  0.06408  0.06440  0.01275  0.80968  -227.02681  -228.86354  4.99985   768
83.00  0.06407  0.06440  0.01215  0.80968  -227.98048  -229.81569  4.99985   768
84.00  0.06409  0.06440  0.01163  0.80968  -228.71138  -230.55421  4.99985   768
85.00  0.06408  0.06440  0.01154  0.80968  -228.95399  -230.83192  4.99985   768
86.00  0.06408  0.06440  0.01172  0.80968  -228.66713  -230.58473  4.99985   768
87.00  0.06408  0.06440  0.01229  0.80968  -227.81111  -229.73787  4.99985   768
88.00  0.06408  0.06440  0.01291  0.80968  -226.90169  -228.82997  4.99985   768
89.00  0.06408  0.06440  0.01330  0.80968  -226.25471  -228.16316  4.99985   768
90.00  0.06409  0.06440  0.01336  0.80968  -226.13722  -228.01210  4.99985   768
91.00  0.06407  0.06440  0.01302  0.80968  -226.60719  -228.43629  4.99985   768
92.00  0.06408  0.06440  0.01248  0.80968  -227.44337  -229.26637  4.99985   768
93.00  0.06408  0.06440  0.01191  0.80968  -228.27345  -230.09645  4.99985   768
94.00  0.06409  0.06440  0.01149  0.80968  -229.03181  -230.89296  4.99985   768
95.00  0.06407  0.06440  0.01152  0.80968  -229.00130  -230.90211  4.99985   768
96.00  0.06408  0.06440  0.01196  0.80968  -228.35737  -230.29939  4.99985   768
97.00  0.06407  0.06440  0.01251  0.80968  -227.52272  -229.47847  4.99985   768
98.00  0.06407  0.06440  0.01302  0.80968  -226.70790  -228.63008  4.99985   768
99.00  0.06407  0.06440  0.01331  0.80968  -226.20283  -228.11128  4.99985   768
100.00  0.06408  0.06440  0.01315  0.80968  -226.45155  -228.31270  4.99985   768
101.00  0.06410  0.06440  0.01262  0.80968  -227.24196  -229.08174  4.99985   768
102.00  0.06409  0.06440  0.01194  0.80968  -228.29481  -230.10560  4.99985   768
103.00  0.06409  0.06440  0.01147  0.80968  -229.00435  -230.84108  4.99985   768
104.00  0.06407  0.06440  0.01128  0.80968  -229.33852  -231.21492  4.99985   768
105.00  0.06407  0.06440  0.01159  0.80968  -228.91737  -230.83345  4.99985   768
106.00  0.06409  0.06440  0.01223  0.80968  -227.94539  -229.87825  4.99985   768
107.00  0.06407  0.06440  0.01282  0.80968  -227.03291  -228.95204  4.99985   768
108.00  0.06407  0.06440  0.01332  0.80968  -226.25929  -228.17537  4.99985   768
109.00  0.06408  0.06440  0.01330  0.80968  -226.20131  -228.04872  4.99985   768
110.00  0.06409  0.06440  0.01288  0.80968  -226.82387  -228.67586  4.99985   768
111.00  0.06409  0.06440  0.01233  0.80968  -227.66310  -229.50593  4.99985   768
112.00  0.06407  0.06440  0.01174  0.80968  -228.58015  -230.42604  4.99985   768
113.00  0.06409  0.06440  0.01141  0.80968  -229.13252  -231.01503  4.99985   768
114.00  0.06407  0.06440  0.01153  0.80968  -228.99214  -230.91890  4.99985   768
115.00  0.06407  0.06440  0.01206  0.80968  -228.19563  -230.14528  4.99985   768
116.00  0.06408  0.06440  0.01273  0.80968  -227.16261  -229.11836  4.99985   768
117.00  0.06408  0.06440  0.01325  0.80968  -226.39357  -228.32796  4.99985   768
118.00  0.06409  0.06440  0.01354  0.80968  -225.87172  -227.75728  4.99985   768
119.00  0.06408  0.06440  0.01327  0.80968  -226.23640  -228.06550  4.99985   768
120.00  0.06408  0.06440  0.01283  0.80968  -226.90474  -228.72316  4.99985   768
121.00  0.06408  0.06440  0.01218  0.80968  -227.87672  -229.67226  4.99985   768
122.00  0.06409  0.06440  0.01167  0.80968  -228.70070  -230.52217  4.99985   768
123.00  0.06407  0.06440  0.01145  0.80968  -229.09132  -230.96925  4.99985   768
124.00  0.06407  0.06440  0.01180  0.80968  -228.57405  -230.47639  4.99985   768
125.00  0.06408  0.06440  0.01238  0.80968  -227.69362  -229.65547  4.99985   768
126.00  0.06409  0.06440  0.01306  0.80968  -226.68196  -228.62703  4.99985   768
127.00  0.06408  0.06440  0.01344  0.80968  -226.01668  -227.92207  4.99985   768
128.00  0.06408  0.06440  0.01335  0.80968  -226.15706  -228.03041  4.99985   768
129.00  0.06408  0.06440  0.01301  0.80968  -226.64534  -228.48207  4.99985   768
130.00  0.06407  0.06440  0.01230  0.80968  -227.68751  -229.51204  4.99985   768
131.00  0.06408  0.06440  0.01168  0.80968  -228.67781  -230.51301  4.99985   768
132.00  0.06408  0.06440  0.01136  0.80968  -229.23628  -231.12337  4.99985   768
133.00  0.06408  0.06440  0.01156  0.80968  -228.92042  -230.83803  4.99985   768
134.00  0.06408  0.06440  0.01194  0.80968  -228.38789  -230.32075  4.99985   768
135.00  0.06409  0.06440  0.01265  0.80968  -227.33504  -229.28621  4.99985   768
136.00  0.06408  0.06440  0.01322  0.80968  -226.38594  -228.30354  4.99985   768
137.00  0.06409  0.06440  0.01330  0.80968  -226.19978  -228.05788  4.99985   768
138.00  0.06408  0.06440  0.01317  0.80968  -226.40425  -228.25014  4.99985   768
139.00  0.06408  0.06440  0.01260  0.80968  -227.25111  -229.06038  4.99985   768
140.00  0.06409  0.06440  0.01188  0.80968  -228.33144  -230.15291  4.99985   768
141.00  0.06408  0.06440  0.01146  0.80968  -229.01655  -230.86549  4.99985   768
142.00  0.06407  0.06440  0.01131  0.80968  -229.28511  -231.16304  4.99985   768
143.00  0.06410  0.06440  0.01160  0.80968  -228.89601  -230.81819  4.99985   768
144.00  0.06409  0.06440  0.01226  0.80968  -227.91945  -229.87825  4.99985   768
145.00  0.06407  0.06440  0.01293  0.80968  -226.87269  -228.81624  4.99985   768
146.00  0.06408  0.06440  0.01323  0.80968  -226.36458  -228.26997  4.99985   768
147.00  0.06409  0.06440  0.01329  0.80968  -226.27150  -228.17079  4.99985   768
148.00  0.06408  0.06440  0.01291  0.80968  -226.80708  -228.65755  4.99985   768
149.00  0.06408  0.06440  0.01235  0.80968  -227.61122  -229.44032  4.99985   768
150.00  0.06408  0.06440  0.01175  0.80968  -228.59083  -230.43062  4.99985   768
151.00  0.06409  0.06440  0.01149  0.80968  -229.03639  -230.89906  4.99985   768
152.00  0.06409  0.06440  0.01165  0.80968  -228.79835  -230.72206  4.99985   768
153.00  0.06408  0.06440  0.01223  0.80968  -227.94386  -229.86604  4.99985   768
154.00  0.06407  0.06440  0.01282  0.80968  -227.05122  -228.96425  4.99985   768
155.00  0.06408  0.06440  0.01332  0.80968  -226.23640  -228.14485  4.99985   768
156.00  0.06409  0.06440  0.01341  0.80968  -226.04719  -227.91444  4.99985   768
157.00  0.06409  0.06440  0.01323  0.80968  -226.30965  -228.16011  4.99985   768
158.00  0.06407  0.06440  0.01279  0.80968  -226.99019  -228.81929  4.99985   768
159.00  0.06409  0.06440  0.01218  0.80968  -227.92097  -229.75313  4.99985   768
160.00  0.06409  0.06440  0.01167  0.80968  -228.69612  -230.52675  4.99985   768
161.00  0.06408  0.06440  0.01150  0.80968  -229.01961  -230.90364  4.99985   768
162.00  0.06408  0.06440  0.01173  0.80968  -228.66713  -230.58626  4.99985   768
163.00  0.06407  0.06440  0.01239  0.80968  -227.71651  -229.67378  4.99985   768
164.00  0.06408  0.06440  0.01294  0.80968  -226.84828  -228.78419  4.99985   768
165.00  0.06408  0.06440  0.01336  0.80968  -226.17689  -228.10213  4.99985   768
166.00  0.06408  0.06440  0.01325  0.80968  -226.26234  -228.13264  4.99985   768
167.00  0.06409  0.06440  0.01281  0.80968  -226.95204  -228.77962  4.99985   768
168.00  0.06407  0.06440  0.01225  0.80968  -227.83400  -229.66005  4.99985   768
169.00  0.06406  0.06440  0.01171  0.80968  -228.63508  -230.46419  4.99985   768
170.00  0.06408  0.06440  0.01135  0.80968  -229.19813  -231.05775  4.99985   768
171.00  0.06407  0.06440  0.01148  0.80968  -229.07759  -230.98146  4.99985   768
172.00  0.06407  0.06440  0.01201  0.80968  -228.27040  -230.19258  4.99985   768
173.00  0.06407  0.06440  0.01252  0.80968  -227.46931  -229.38844  4.99985   768
174.00  0.06408  0.06440  0.01309  0.80968  -226.59804  -228.50496  4.99985   768
175.00  0.06407  0.06440  0.01318  0.80968  -226.45613  -228.33101  4.99985   768
176.00  0.06410  0.06440  0.01289  0.80968  -226.84065  -228.66823  4.99985   768
177.00  0.06407  0.06440  0.01242  0.80968  -227.55019  -229.38844  4.99985   768
178.00  0.06408  0.06440  0.01182  0.80968  -228.47639  -230.33754  4.99985   768
179.00  0.06408  0.06440  0.01141  0.80968  -229.10811  -230.96162  4.99985   768
180.00  0.06407  0.06440  0.01135  0.80968  -229.25154  -231.16304  4.99985   768
181.00  0.06407  0.06440  0.01179  0.80968  -228.64577  -230.59999  4.99985   768
182.00  0.06407  0.06440  0.01239  0.80968  -227.71498  -229.65242  4.99985   768
183.00  0.06408  0.06440  0.01294  0.80968  -226.84523  -228.77809  4.99985   768
184.00  0.06408  0.06440  0.01322  0.80968  -226.38289  -228.27608  4.99985   768
185.00  0.06409  0.06440  0.01314  0.80968  -226.51564  -228.36763  4.99985   768
186.00  0.06408  0.06440  0.01278  0.80968  -226.97798  -228.80098  4.99985   768
187.00  0.06407  0.06440  0.01214  0.80968  -227.94539  -229.75160  4.99985   768
188.00  0.06409  0.06440  0.01165  0.80968  -228.71290  -230.54048  4.99985   768
189.00  0.06407  0.06440  0.01146  0.80968  -229.05928  -230.91890  4.99985   768
190.00  0.06408  0.06440  0.01167  0.80968  -228.75410  -230.66102  4.99985   768
191.00  0.06408  0.06440  0.01223  0.80968  -227.96370  -229.88588  4.99985   768
192.00  0.06408  0.06440  0.01285  0.80968  -226.97035  -228.90932  4.99985   768
193.00  0.06407  0.06440  0.01325  0.80968  -226.35542  -228.26387  4.99985   768
194.00  0.06407  0.06440  0.01332  0.80968  -226.18605  -228.07161  4.99985   768
195.00  0.06407  0.06440  0.01301  0.80968  -226.65755  -228.49580  4.99985   768
196.00  0.06408  0.06440  0.01244  0.80968  -227.47999  -229.31825  4.99985   768
197.00  0.06408  0.06440  0.01183  0.80968  -228.44740  -230.30244  4.99985   768
198.00  0.06408  0.06440  0.01140  0.80968  -229.13557  -230.99367  4.99985   768
199.00  0.06409  0.06440  0.01152  0.80968  -229.01961  -230.92500  4.99985   768
200.00  0.05799  0.04183  0.01201  0.80968  -228.34669  -230.31007  4.99985   768
201.00  0.04383  0.04183  0.01124  0.80968  -229.13405  -230.81209  4.99985   768
202.00  0.04296  0.04183  0.00921  0.80968  -232.40858  -234.14766  4.99985   768
203.00  0.04278  0.04183  0.00999  0.80968  -231.49611  -233.52205  4.99985   768
204.00  0.04264  0.04183  0.00906  0.80968  -232.54591  -234.21632  4.99985   768
205.00  0.04255  0.04183  0.00786  0.80968  -234.53871  -236.34492  4.99985   768
206.00  0.04248  0.04183  0.00806  0.80968  -234.24727  -236.12520  4.99985   768
207.00  0.04238  0.04183  0.00670  0.80968  -236.26753  -238.00966  4.99985   768
208.00  0.04230  0.04183  0.00642  0.80968  -236.86873  -238.79091  4.99985   768
209.00  0.04226  0.04183  0.00742  0.80968  -235.27724  -237.18874  4.99985   768
210.00  0.04222  0.04183  0.00716  0.80968  -235.66786  -237.58089  4.99985   768
211.00  0.04219  0.04183  0.00827  0.80968  -234.12215  -236.14656  4.99985   768
212.00  0.04216  0.04183  0.00874  0.80968  -233.20204  -235.06624  4.99985   768
213.00  0.04214  0.04183  0.00828  0.80968  -233.98939  -235.88106  4.99985   768
214.00  0.04212  0.04183  0.00860  0.80968  -233.49196  -235.41109  4.99985   768
215.00  0.04210  0.04183  0.00768  0.80968  -234.75081  -236.51277  4.99985   768
216.00  0.04208  0.04183  0.00715  0.80968  -235.72737  -237.60835  4.99985   768
217.00  0.04206  0.04183  0.00718  0.80968  -235.59004  -237.44661  4.99985   768
218.00  0.04205  0.04183  0.00665  0.80968  -236.47047  -238.33620  4.99985   768
219.00  0.04204  0.04183  0.00768  0.80968  -234.95375  -236.95222  4.99985   768
220.00  0.04205  0.04183  0.00825  0.80968  -233.99702  -235.88411  4.99985   768
221.00  0.04204  0.04183  0.00858  0.80968  -233.56062  -235.52095  4.99985   768
222.00  0.04204  0.04183  0.00932  0.80968  -232.36586  -234.25752  4.99985   768
223.00  0.04202  0.04183  0.00876  0.80968  -233.11049  -234.91212  4.99985   768
224.00  0.04202  0.04183  0.00843  0.80968  -233.69490  -235.57436  4.99985   768
225.00  0.04201  0.04183  0.00801  0.80968  -234.25795  -236.06264  4.99985   768
226.00  0.04200  0.04183  0.00722  0.80968  -235.53511  -237.36574  4.99985   768
227.00  0.04199  0.04183  0.00740  0.80968  -235.32454  -237.25740  4.99985   768
228.00  0.04199  0.04183  0.00751  0.80968  -235.16737  -237.06972  4.99985   768
229.00  0.04199  0.04183  0.00809  0.80968  -234.36018  -236.32661  4.99985   768
230.00  0.04199  0.04183  0.00894  0.80968  -233.00520  -234.95790  4.99985   768
231.00  0.04197  0.04183  0.00911  0.80968  -232.72291  -234.63136  4.99985   768
232.00  0.04197  0.04183  0.00931  0.80968  -232.38112  -234.30482  4.99985   768
233.00  0.04199  0.04183  0.00896  0.80968  -232.84499  -234.65883  4.99985   768
234.00  0.04197  0.04183  0.00816  0.80968  -234.06264  -235.89479  4.99985   768
235.00  0.04197  0.04183  0.00776  0.80968  -234.72792  -236.57228  4.99985   768
236.00  0.04198  0.04183  0.00726  0.80968  -235.47865  -237.32301  4.99985   768
237.00  0.04197  0.04183  0.00740  0.80968  -235.36269  -237.28792  4.99985   768
238.00  0.04197  0.04183  0.00798  0.80968  -234.45174  -236.37239  4.99985   768
239.00  0.04197  0.04183  0.00855  0.80968  -233.58046  -235.52095  4.99985   768
240.00  0.04197  0.04183  0.00924  0.80968  -232.53523  -234.46199  4.99985   768
241.00  0.04198  0.04183  0.00939  0.80968  -232.26820  -234.15376  4.99985   768
242.00  0.04196  0.04183  0.00922  0.80968  -232.45436  -234.30788  4.99985   768
243.00  0.04195  0.04183  0.00877  0.80968  -233.09218  -234.91975  4.99985   768
244.00  0.04195  0.04183  0.00801  0.80968  -234.27931  -236.10384  4.99985   768
245.00  0.04195  0.04183  0.00750  0.80968  -235.13991  -236.99190  4.99985   768
246.00  0.04196  0.04183  0.00745  0.80968  -235.24062  -237.13533  4.99985   768
247.00  0.04194  0.04183  0.00775  0.80968  -234.83015  -236.77675  4.99985   768
248.00  0.04196  0.04183  0.00852  0.80968  -233.67659  -235.65675  4.99985   768
249.00  0.04195  0.04183  0.00911  0.80968  -232.70460  -234.64052  4.99985   768
250.00  0.04194  0.04183  0.00953  0.80968  -232.04237  -233.96150  4.99985   768
251.00  0.04194  0.04183  0.00959  0.80968  -231.89589  -233.77077  4.99985   768
252.00  0.04195  0.04183  0.00914  0.80968  -232.57490  -234.39943  4.99985   768
253.00  0.04194  0.04183  0.00848  0.80968  -233.54842  -235.35310  4.99985   768
254.00  0.04193  0.04183  0.00792  0.80968  -234.45784  -236.28389  4.99985   768
255.00  0.04194  0.04183  0.00751  0.80968  -235.10786  -236.96901  4.99985   768
256.00  0.04194  0.04183  0.00767  0.80968  -234.94765  -236.83931  4.99985   768
257.00  0.04194  0.04183  0.00813  0.80968  -234.21370  -236.14351  4.99985   768
258.00  0.04194  0.04183  0.00889  0.80968  -233.08760  -235.05098  4.99985   768
259.00  0.04193  0.04183  0.00947  0.80968  -232.14918  -234.08357  4.99985   768
260.00  0.04194  0.04183  0.00964  0.80968  -231.85469  -233.76009  4.99985   768
261.00  0.04194  0.04183  0.00940  0.80968  -232.20564  -234.05763  4.99985   768
262.00  0.04194  0.04183  0.00889  0.80968  -232.97163  -234.81294  4.99985   768
263.00  0.04194  0.04183  0.00823  0.80968  -233.97719  -235.82155  4.99985   768
264.00  0.04193  0.04183  0.00773  0.80968  -234.75844  -236.61348  4.99985   768
265.00  0.04194  0.04183  0.00763  0.80968  -234.97969  -236.88814  4.99985   768
266.00  0.04194  0.04183  0.00789  0.80968  -234.62263  -236.55550  4.99985   768
267.00  0.04194  0.04183  0.00859  0.80968  -233.56215  -235.53010  4.99985   768
268.00  0.04193  0.04183  0.00908  0.80968  -232.77022  -234.69545  4.99985   768
269.00  0.04193  0.04183  0.00956  0.80968  -232.01033  -233.92641  4.99985   768
270.00  0.04192  0.04183  0.00955  0.80968  -231.95845  -233.81654  4.99985   768
271.00  0.04192  0.04183  0.00921  0.80968  -232.49403  -234.32619  4.99985   768
272.00  0.04192  0.04183  0.00857  0.80968  -233.41872  -235.21577  4.99985   768
273.00  0.04193  0.04183  0.00799  0.80968  -234.35408  -236.20302  4.99985   768
274.00  0.04193  0.04183  0.00766  0.80968  -234.86830  -236.72945  4.99985   768
275.00  0.04194  0.04183  0.00788  0.80968  -234.63332  -236.53718  4.99985   768
276.00  0.04194  0.04183  0.00837  0.80968  -233.87953  -235.83070  4.99985   768
277.00  0.04193  0.04183  0.00889  0.80968  -233.03725  -234.98079  4.99985   768
278.00  0.04192  0.04183  0.00942  0.80968  -232.25752  -234.18733  4.99985   768
279.00  0.04193  0.04183  0.00961  0.80968  -231.90810  -233.79213  4.99985   768
280.00  0.04192  0.04183  0.00933  0.80968  -232.31245  -234.16749  4.99985   768
281.00  0.04192  0.04183  0.00889  0.80968  -232.98994  -234.85261  4.99985   768
282.00  0.04191  0.04183  0.00837  0.80968  -233.76509  -235.59877  4.99985   768
283.00  0.04192  0.04183  0.00788  0.80968  -234.54634  -236.40596  4.99985   768
284.00  0.04192  0.04183  0.00774  0.80968  -234.82405  -236.70808  4.99985   768
285.00  0.04192  0.04183  0.00821  0.80968  -234.10689  -236.03212  4.99985   768
286.00  0.04192  0.04183  0.00873  0.80968  -233.31648  -235.23866  4.99985   768
287.00  0.04191  0.04183  0.00938  0.80968  -232.33839  -234.28194  4.99985   768
288.00  0.04192  0.04183  0.00974  0.80968  -231.72957  -233.61665  4.99985   768
289.00  0.04192  0.04183  0.00961  0.80968  -231.86079  -233.70363  4.99985   768
290.00  0.04191  0.04183  0.00929  0.80968  -232.35365  -234.19343  4.99985   768
291.00  0.04191  0.04183  0.00876  0.80968  -233.18526  -235.01894  4.99985   768
292.00  0.04191  0.04183  0.00818  0.80968  -234.01533  -235.85817  4.99985   768
293.00  0.04191  0.04183  0.00781  0.80968  -234.65163  -236.50362  4.99985   768
294.00  0.04191  0.04183  0.00801  0.80968  -234.43037  -236.37086  4.99985   768
295.00  0.04192  0.04183  0.00859  0.80968  -233.56673  -235.50722  4.99985   768
296.00  0.04191  0.04183  0.00916  0.80968  -232.64204  -234.59322  4.99985   768
297.00  0.04190  0.04183  0.00964  0.80968  -231.96303  -233.90199  4.99985   768
298.00  0.04191  0.04183  0.00976  0.80968  -231.65022  -233.53578  4.99985   768
299.00  0.04191  0.04183  0.00942  0.80968  -232.19038  -234.04542  4.99985   768
300.00  0.04190  0.04183  0.00892  0.80968  -232.90297  -234.73360  4.99985   768
301.00  0.04192  0.04183  0.00832  0.80968  -233.78645  -235.62624  4.99985   768
302.00  0.04191  0.04183  0.00790  0.80968  -234.48683  -236.32356  4.99985   768
303.00  0.04190  0.04183  0.00784  0.80968  -234.63484  -236.52650  4.99985   768
304.00  0.04191  0.04183  0.00821  0.80968  -234.10384  -236.01228  4.99985   768
305.00  0.04190  0.04183  0.00890  0.80968  -233.04030  -234.98384  4.99985   768
306.00  0.04190  0.04183  0.00940  0.80968  -232.28041  -234.20869  4.99985   768
307.00  0.04190  0.04183  0.00967  0.80968  -231.83485  -233.74025  4.99985   768
308.00  0.04191  0.04183  0.00958  0.80968  -231.93251  -233.79518  4.99985   768
309.00  0.04190  0.04183  0.00915  0.80968  -232.54896  -234.37044  4.99985   768
310.00  0.04190  0.04183  0.00854  0.80968  -233.45076  -235.26918  4.99985   768
311.00  0.04189  0.04183  0.00797  0.80968  -234.42580  -236.27931  4.99985   768
312.00  0.04191  0.04183  0.00778  0.80968  -234.74623  -236.63026  4.99985   768
313.00  0.04189  0.04183  0.00807  0.80968  -234.31288  -236.24879  4.99985   768
314.00  0.04191  0.04183  0.00863  0.80968  -233.49348  -235.45991  4.99985   768
315.00  0.04189  0.04183  0.00929  0.80968  -232.51997  -234.48488  4.99985   768
316.00  0.04188  0.04183  0.00978  0.80968  -231.67464  -233.61360  4.99985   768
317.00  0.04190  0.04183  0.00984  0.80968  -231.56782  -233.43202  4.99985   768
318.00  0.04189  0.04183  0.00953  0.80968  -231.95082  -233.79365  4.99985   768
319.00  0.04191  0.04183  0.00893  0.80968  -232.86635  -234.68782  4.99985   768
320.00  0.04191  0.04183  0.00836  0.80968  -233.77425  -235.61098  4.99985   768
321.00  0.04190  0.04183  0.00792  0.80968  -234.47768  -236.31898  4.99985   768
322.00  0.04190  0.04183  0.00792  0.80968  -234.50972  -236.39528  4.99985   768
323.00  0.04188  0.04183  0.00839  0.80968  -233.84291  -235.76814  4.99985   768
324.00  0.04189  0.04183  0.00901  0.80968  -232.91670  -234.85719  4.99985   768
325.00  0.04189  0.04183  0.00964  0.80968  -231.93251  -233.86537  4.99985   768
326.00  0.04190  0.04183  0.00991  0.80968  -231.50679  -233.41371  4.99985   768
327.00  0.04189  0.04183  0.00974  0.80968  -231.68074  -233.53426  4.99985   768
328.00  0.04189  0.04183  0.00937  0.80968  -232.25905  -234.11867  4.99985   768
329.00  0.04189  0.04183  0.00869  0.80968  -233.25850  -235.07539  4.99985   768
330.00  0.04188  0.04183  0.00825  0.80968  -233.98634  -235.85359  4.99985   768
331.00  0.04188  0.04183  0.00800  0.80968  -234.39833  -236.29457  4.99985   768
332.00  0.04188  0.04183  0.00827  0.80968  -234.03975  -235.97261  4.99985   768
333.00  0.04189  0.04183  0.00878  0.80968  -233.22951  -235.19899  4.99985   768
334.00  0.04189  0.04183  0.00946  0.80968  -232.24684  -234.20106  4.99985   768
335.00  0.04188  0.04183  0.00986  0.80968  -231.55257  -233.45033  4.99985   768
336.00  0.04189  0.04183  0.00993  0.80968  -231.40913  -233.28096  4.99985   768
337.00  0.04188  0.04183  0.00955  0.80968  -231.89436  -233.74483  4.99985   768
338.00  0.04187  0.04183  0.00895  0.80968  -232.85567  -234.65425  4.99985   768
339.00  0.04188  0.04183  0.00833  0.80968  -233.81087  -235.63539  4.99985   768
340.00  0.04188  0.04183  0.00798  0.80968  -234.40596  -236.25337  4.99985   768
341.00  0.04187  0.04183  0.00799  0.80968  -234.40596  -236.29915  4.99985   768
342.00  0.04189  0.04183  0.00836  0.80968  -233.90852  -235.83070  4.99985   768
343.00  0.04188  0.04183  0.00905  0.80968  -232.85719  -234.81294  4.99985   768
344.00  0.04188  0.04183  0.00954  0.80968  -232.04085  -233.95998  4.99985   768
345.00  0.04187  0.04183  0.00973  0.80968  -231.73415  -233.64107  4.99985   768
346.00  0.04188  0.04183  0.00959  0.80968  -231.91267  -233.78450  4.99985   768
347.00  0.04189  0.04183  0.00911  0.80968  -232.64815  -234.49708  4.99985   768
348.00  0.04189  0.04183  0.00848  0.80968  -233.61555  -235.45076  4.99985   768
349.00  0.04188  0.04183  0.00803  0.80968  -234.31898  -236.18623  4.99985   768
350.00  0.04188  0.04183  0.00783  0.80968  -234.70198  -236.57991  4.99985   768
351.00  0.04188  0.04183  0.00818  0.80968  -234.16334  -236.10841  4.99985   768
352.00  0.04190  0.04183  0.00884  0.80968  -233.16695  -235.11049  4.99985   768
353.00  0.04188  0.04183  0.00944  0.80968  -232.23769  -234.16444  4.99985   768
354.00  0.04188  0.04183  0.00982  0.80968  -231.59987  -233.50984  4.99985   768
355.00  0.04188  0.04183  0.00994  0.80968  -231.40913  -233.28096  4.99985   768
356.00  0.04188  0.04183  0.00961  0.80968  -231.82722  -233.66090  4.99985   768
357.00  0.04187  0.04183  0.00902  0.80968  -232.74733  -234.56270  4.99985   768
358.00  0.04187  0.04183  0.00848  0.80968  -233.58046  -235.40498  4.99985   768
359.00  0.04188  0.04183  0.00815  0.80968  -234.13283  -236.00160  4.99985   768
360.00  0.04188  0.04183  0.00818  0.80968  -234.10994  -236.02449  4.99985   768
361.00  0.04188  0.04183  0.00864  0.80968  -233.46602  -235.42329  4.99985   768
362.00  0.04189  0.04183  0.00938  0.80968  -232.35365  -234.30788  4.99985   768
363.00  0.04187  0.04183  0.00986  0.80968  -231.58156  -233.50526  4.99985   768
364.00  0.04188  0.04183  0.01009  0.80968  -231.18483  -233.08717  4.99985   768
365.00  0.04188  0.04183  0.00994  0.80968  -231.35573  -233.21535  4.99985   768
366.00  0.04187  0.04183  0.00942  0.80968  -232.11714  -233.96150  4.99985   768
367.00  0.04188  0.04183  0.00880  0.80968  -233.09370  -234.92738  4.99985   768
368.00  0.04187  0.04183  0.00831  0.80968  -233.87343  -235.73305  4.99985   768
369.00  0.04187  0.04183  0.00818  0.80968  -234.10994  -235.97566  4.99985   768
370.00  0.04188  0.04183  0.00837  0.80968  -233.85207  -235.74831  4.99985   768
371.00  0.04188  0.04183  0.00892  0.80968  -233.04335  -234.97774  4.99985   768
372.00  0.04187  0.04183  0.00956  0.80968  -232.01186  -233.93098  4.99985   768
373.00  0.04188  0.04183  0.00984  0.80968  -231.56935  -233.45949  4.99985   768
374.00  0.04188  0.04183  0.00988  0.80968  -231.51137  -233.37709  4.99985   768
375.00  0.04188  0.04183  0.00946  0.80968  -232.07747  -233.91878  4.99985   768
376.00  0.04188  0.04183  0.00896  0.80968  -232.87703  -234.70918  4.99985   768
377.00  0.04188  0.04183  0.00831  0.80968  -233.85054  -235.68269  4.99985   768
378.00  0.04188  0.04183  0.00797  0.80968  -234.40291  -236.27473  4.99985   768
379.00  0.04187  0.04183  0.00812  0.80968  -234.26558  -236.18318  4.99985   768
380.00  0.04187  0.04183  0.00851  0.80968  -233.66286  -235.60030  4.99985   768
381.00  0.04186  0.04183  0.00910  0.80968  -232.75801  -234.72291  4.99985   768
382.00  0.04186  0.04183  0.00963  0.80968  -231.92641  -233.87453  4.99985   768
383.00  0.04186  0.04183  0.00987  0.80968  -231.52357  -233.41066  4.99985   768
384.00  0.04186  0.04183  0.00974  0.80968  -231.68989  -233.54036  4.99985   768
385.00  0.04188  0.04183  0.00921  0.80968  -232.49098  -234.30940  4.99985   768
386.00  0.04187  0.04183  0.00860  0.80968  -233.40498  -235.22798  4.99985   768
387.00  0.04187  0.04183  0.00817  0.80968  -234.07484  -235.91157  4.99985   768
388.00  0.04187  0.04183  0.00811  0.80968  -234.22133  -236.11299  4.99985   768
389.00  0.04188  0.04183  0.00840  0.80968  -233.83986  -235.74983  4.99985   768
390.00  0.04188  0.04183  0.00901  0.80968  -232.91823  -234.87550  4.99985   768
391.00  0.04186  0.04183  0.00971  0.80968  -231.78755  -233.74025  4.99985   768
392.00  0.04186  0.04183  0.01010  0.80968  -231.21382  -233.11311  4.99985   768
393.00  0.04187  0.04183  0.01002  0.80968  -231.26723  -233.12990  4.99985   768
394.00  0.04187  0.04183  0.00956  0.80968  -231.99965  -233.83485  4.99985   768
395.00  0.04188  0.04183  0.00901  0.80968  -232.77785  -234.61305  4.99985   768
396.00  0.04186  0.04183  0.00846  0.80968  -233.65523  -235.49959  4.99985   768
397.00  0.04186  0.04183  0.00817  0.80968  -234.12978  -236.01381  4.99985   768
398.00  0.04187  0.04183  0.00840  0.80968  -233.84291  -235.77882  4.99985   768
399.00  0.04186  0.04183  0.00886  0.80968  -233.13948  -235.09218  4.99985   768
400.00  0.04187  0.04183  0.00953  0.80968  -232.10341  -234.04390  4.99985   768
401.00  0.04185  0.04183  0.01000  0.80968  -231.35420  -233.28096  4.99985   768
402.00  0.04186  0.04183  0.01007  0.80968  -231.22298  -233.08412  4.99985   768
403.00  0.04186  0.04183  0.00981  0.80968  -231.55867  -233.39082  4.99985   768
404.00  0.04186  0.04183  0.00924  0.80968  -232.40706  -234.22700  4.99985   768
405.00  0.04186  0.04183  0.00865  0.80968  -233.32106  -235.13032  4.99985   768
406.00  0.04186  0.04183  0.00815  0.80968  -234.11299  -235.95583  4.99985   768
407.00  0.04187  0.04183  0.00821  0.80968  -234.09010  -235.97566  4.99985   768
408.00  0.04188  0.04183  0.00852  0.80968  -233.59572  -235.51179  4.99985   768
409.00  0.04186  0.04183  0.00911  0.80968  -232.74733  -234.68019  4.99985   768
410.00  0.04186  0.04183  0.00978  0.80968  -231.71278  -233.65327  4.99985   768
411.00  0.04185  0.04183  0.01002  0.80968  -231.29774  -233.21687  4.99985   768
412.00  0.04186  0.04183  0.00993  0.80968  -231.37556  -233.24129  4.99985   768
413.00  0.04186  0.04183  0.00942  0.80968  -232.12172  -233.95387  4.99985   768
414.00  0.04185  0.04183  0.00879  0.80968  -233.15474  -234.99605  4.99985   768
415.00  0.04185  0.04183  0.00821  0.80968  -233.99550  -235.86275  4.99985   768
416.00  0.04185  0.04183  0.00800  0.80968  -234.34950  -236.23048  4.99985   768
417.00  0.04185  0.04183  0.00830  0.80968  -233.91463  -235.83528  4.99985   768
418.00  0.04185  0.04183  0.00880  0.80968  -233.24782  -235.21272  4.99985   768
419.00  0.04186  0.04183  0.00951  0.80968  -232.14155  -234.08052  4.99985   768
420.00  0.04187  0.04183  0.00995  0.80968  -231.41524  -233.31148  4.99985   768
421.00  0.04185  0.04183  0.01002  0.80968  -231.23823  -233.11616  4.99985   768
422.00  0.04186  0.04183  0.00975  0.80968  -231.66548  -233.48848  4.99985   768
423.00  0.04185  0.04183  0.00920  0.80968  -232.46352  -234.28499  4.99985   768
424.00  0.04186  0.04183  0.00864  0.80968  -233.39125  -235.21730  4.99985   768
425.00  0.04186  0.04183  0.00825  0.80968  -233.94972  -235.81544  4.99985   768
426.00  0.04186  0.04183  0.00827  0.80968  -234.00160  -235.89632  4.99985   768
427.00  0.04184  0.04183  0.00859  0.80968  -233.53926  -235.46297  4.99985   768
428.00  0.04186  0.04183  0.00926  0.80968  -232.53523  -234.48183  4.99985   768
429.00  0.04185  0.04183  0.00981  0.80968  -231.65633  -233.60597  4.99985   768
430.00  0.04185  0.04183  0.01003  0.80968  -231.25807  -233.16804  4.99985   768
431.00  0.04185  0.04183  0.00998  0.80968  -231.31453  -233.19704  4.99985   768
432.00  0.04185  0.04183  0.00945  0.80968  -232.13240  -233.94319  4.99985   768
433.00  0.04186  0.04183  0.00886  0.80968  -232.99757  -234.84041  4.99985   768
434.00  0.04184  0.04183  0.00837  0.80968  -233.81239  -235.66133  4.99985   768
435.00  0.04184  0.04183  0.00815  0.80968  -234.17250  -236.05196  4.99985   768
436.00  0.04186  0.04183  0.00841  0.80968  -233.80781  -235.71016  4.99985   768
437.00  0.04185  0.04183  0.00895  0.80968  -232.95180  -234.88771  4.99985   768
438.00  0.04186  0.04183  0.00957  0.80968  -232.03017  -233.97066  4.99985   768
439.00  0.04185  0.04183  0.01001  0.80968  -231.32826  -233.24129  4.99985   768
440.00  0.04185  0.04183  0.01010  0.80968  -231.12990  -232.97731  4.99985   768
441.00  0.04185  0.04183  0.00989  0.80968  -231.40456  -233.26417  4.99985   768
442.00  0.04185  0.04183  0.00927  0.80968  -232.37654  -234.19343  4.99985   768
443.00  0.04185  0.04183  0.00859  0.80968  -233.44160  -235.27528  4.99985   768
444.00  0.04184  0.04183  0.00821  0.80968  -234.06264  -235.94820  4.99985   768
445.00  0.04184  0.04183  0.00820  0.80968  -234.11604  -236.01839  4.99985   768
446.00  0.04185  0.04183  0.00868  0.80968  -233.39735  -235.35310  4.99985   768
447.00  0.04184  0.04183  0.00929  0.80968  -232.48640  -234.44978  4.99985   768
448.00  0.04185  0.04183  0.00989  0.80968  -231.54494  -233.49458  4.99985   768
449.00  0.04183  0.04183  0.01014  0.80968  -231.09175  -232.98189  4.99985   768
450.00  0.04185  0.04183  0.01005  0.80968  -231.21382  -233.09785  4.99985   768
451.00  0.04185  0.04183  0.00956  0.80968  -231.91725  -233.73567  4.99985   768
452.00  0.04185  0.04183  0.00888  0.80968  -232.98842  -234.79768  4.99985   768
453.00  0.04184  0.04183  0.00835  0.80968  -233.80171  -235.65675  4.99985   768
454.00  0.04185  0.04183  0.00809  0.80968  -234.25642  -236.13588  4.99985   768
455.00  0.04185  0.04183  0.00836  0.80968  -233.86885  -235.76967  4.99985   768
456.00  0.04185  0.04183  0.00893  0.80968  -233.01894  -234.96553  4.99985   768
457.00  0.04186  0.04183  0.00961  0.80968  -231.96303  -233.89284  4.99985   768
458.00  0.04185  0.04183  0.01008  0.80968  -231.24129  -233.15126  4.99985   768
459.00  0.04183  0.04183  0.01017  0.80968  -231.05360  -232.91475  4.99985   768
460.00  0.04182  0.04183  0.00981  0.80968  -231.59529  -233.44881  4.99985   768
461.00  0.04185  0.04183  0.00931  0.80968  -232.29567  -234.13850  4.99985   768
462.00  0.04185  0.04183  0.00866  0.80968  -233.34547  -235.18831  4.99985   768
463.00  0.04184  0.04183  0.00825  0.80968  -233.97108  -235.85359  4.99985   768
464.00  0.04187  0.04183  0.00824  0.80968  -234.02296  -235.93446  4.99985   768
465.00  0.04184  0.04183  0.00874  0.80968  -233.32716  -235.29665  4.99985   768
466.00  0.04184  0.04183  0.00944  0.80968  -232.23769  -234.19191  4.99985   768
467.00  0.04186  0.04183  0.01001  0.80968  -231.32979  -233.27638  4.99985   768
468.00  0.04183  0.04183  0.01026  0.80968  -230.92848  -232.81099  4.99985   768
469.00  0.04186  0.04183  0.01012  0.80968  -231.06123  -232.92238  4.99985   768
470.00  0.04184  0.04183  0.00963  0.80968  -231.80434  -233.62276  4.99985   768
471.00  0.04183  0.04183  0.00895  0.80968  -232.83278  -234.63747  4.99985   768
472.00  0.04184  0.04183  0.00842  0.80968  -233.72237  -235.55757  4.99985   768
473.00  0.04184  0.04183  0.00821  0.80968  -234.05196  -235.93141  4.99985   768
474.00  0.04185  0.04183  0.00853  0.80968  -233.58656  -235.49806  4.99985   768
475.00  0.04184  0.04183  0.00910  0.80968  -232.79463  -234.74275  4.99985   768
476.00  0.04185  0.04183  0.00982  0.80968  -231.61665  -233.55867  4.99985   768
477.00  0.04184  0.04183  0.01022  0.80968  -230.98036  -232.89186  4.99985   768
478.00  0.04185  0.04183  0.01016  0.80968  -231.05513  -232.92696  4.99985   768
479.00  0.04183  0.04183  0.00982  0.80968  -231.57240  -233.43202  4.99985   768
480.00  0.04183  0.04183  0.00921  0.80968  -232.47267  -234.30482  4.99985   768
481.00  0.04184  0.04183  0.00863  0.80968  -233.38515  -235.22035  4.99985   768
482.00  0.04184  0.04183  0.00826  0.80968  -233.99550  -235.88258  4.99985   768
483.00  0.04182  0.04183  0.00834  0.80968  -233.87953  -235.78645  4.99985   768
484.00  0.04184  0.04183  0.00878  0.80968  -233.27681  -235.21883  4.99985   768
485.00  0.04183  0.04183  0.00945  0.80968  -232.20717  -234.14308  4.99985   768
486.00  0.04185  0.04183  0.00991  0.80968  -231.48543  -233.39540  4.99985   768
487.00  0.04184  0.04183  0.01015  0.80968  -231.10548  -232.98341  4.99985   768
488.00  0.04185  0.04183  0.00996  0.80968  -231.30690  -233.14058  4.99985   768
489.00  0.04185  0.04183  0.00942  0.80968  -232.13850  -233.95387  4.99985   768
490.00  0.04185  0.04183  0.00884  0.80968  -233.00978  -234.84804  4.99985   768
491.00  0.04183  0.04183  0.00825  0.80968  -233.95430  -235.78493  4.99985   768
492.00  0.04185  0.04183  0.00821  0.80968  -234.04738  -235.93904  4.99985   768
493.00  0.04184  0.04183  0.00855  0.80968  -233.60640  -235.53926  4.99985   768
494.00  0.04183  0.04183  0.00913  0.80968  -232.69392  -234.65578  4.99985   768
495.00  0.04183  0.04183  0.00979  0.80968  -231.72346  -233.68379  4.99985   768
496.00  0.04184  0.04183  0.01022  0.80968  -231.01698  -232.94527  4.99985   768
497.00  0.04183  0.04183  0.01019  0.80968  -231.04445  -232.93306  4.99985   768
498.00  0.04184  0.04183  0.00984  0.80968  -231.48390  -233.32368  4.99985   768
499.00  0.04182  0.04183  0.00918  0.80968  -232.50166  -234.34602  4.99985   768
500.00  0.04184  0.04183  0.00861  0.80968  -233.40498  -235.25239  4.99985   768
501.00  0.04185  0.04183  0.00830  0.80968  -233.89937  -235.76051  4.99985   768
502.00  0.04185  0.04183  0.00836  0.80968  -233.84444  -235.75593  4.99985   768
503.00  0.04184  0.04183  0.00894  0.80968  -233.01588  -234.93196  4.99985   768
504.00  0.04182  0.04183  0.00962  0.80968  -231.98592  -233.92183  4.99985   768
505.00  0.04184  0.04183  0.01014  0.80968  -231.14516  -233.06428  4.99985   768
506.00  0.04183  0.04183  0.01021  0.80968  -230.95900  -232.82777  4.99985   768
507.00  0.04184  0.04183  0.01004  0.80968  -231.23823  -233.08107  4.99985   768
508.00  0.04184  0.04183  0.00949  0.80968  -232.03474  -233.84401  4.99985   768
509.00  0.04183  0.04183  0.00880  0.80968  -233.08455  -234.91365  4.99985   768
510.00  0.04183  0.04183  0.00839  0.80968  -233.74525  -235.59572  4.99985   768
511.00  0.04184  0.04183  0.00825  0.80968  -233.98634  -235.88411  4.99985   768
512.00  0.04183  0.04183  0.00856  0.80968  -233.59572  -235.52553  4.99985   768
513.00  0.04183  0.04183  0.00916  0.80968  -232.69392  -234.64967  4.99985   768
514.00  0.04183  0.04183  0.00981  0.80968  -231.66090  -233.61818  4.99985   768
515.00  0.04184  0.04183  0.01017  0.80968  -231.08412  -233.00172  4.99985   768
516.00  0.04183  0.04183  0.01016  0.80968  -231.05818  -232.92390  4.99985   768
517.00  0.04183  0.04183  0.00980  0.80968  -231.55714  -233.39998  4.99985   768
518.00  0.04183  0.04183  0.00907  0.80968  -232.61916  -234.43300  4.99985   768
519.00  0.04183  0.04183  0.00843  0.80968  -233.66133  -235.48128  4.99985   768
520.00  0.04183  0.04183  0.00819  0.80968  -234.04890  -235.91463  4.99985   768
521.00  0.04182  0.04183  0.00829  0.80968  -233.94514  -235.83833  4.99985   768
522.00  0.04183  0.04183  0.00885  0.80968  -233.14101  -235.08150  4.99985   768
523.00  0.04183  0.04183  0.00952  0.80968  -232.11409  -234.04695  4.99985   768
524.00  0.04185  0.04183  0.01009  0.80968  -231.21535  -233.14668  4.99985   768
525.00  0.04184  0.04183  0.01019  0.80968  -231.00478  -232.87965  4.99985   768
526.00  0.04185  0.04183  0.00999  0.80968  -231.28249  -233.11769  4.99985   768
527.00  0.04183  0.04183  0.00945  0.80968  -232.10493  -233.94777  4.99985   768
528.00  0.04183  0.04183  0.00875  0.80968  -233.17457  -235.00673  4.99985   768
529.00  0.04182  0.04183  0.00841  0.80968  -233.73762  -235.61708  4.99985   768
530.00  0.04183  0.04183  0.00835  0.80968  -233.85969  -235.76204  4.99985   768
531.00  0.04183  0.04183  0.00870  0.80968  -233.37141  -235.32716  4.99985   768
532.00  0.04183  0.04183  0.00943  0.80968  -232.26210  -234.21632  4.99985   768
533.00  0.04183  0.04183  0.01002  0.80968  -231.36946  -233.30995  4.99985   768
534.00  0.04185  0.04183  0.01033  0.80968  -230.85371  -232.77589  4.99985   768
535.00  0.04182  0.04183  0.01028  0.80968  -230.84456  -232.71181  4.99985   768
536.00  0.04183  0.04183  0.00976  0.80968  -231.61665  -233.43050  4.99985   768
537.00  0.04182  0.04183  0.00915  0.80968  -232.55659  -234.37501  4.99985   768
538.00  0.04183  0.04183  0.00860  0.80968  -233.41872  -235.23866  4.99985   768
539.00  0.04183  0.04183  0.00831  0.80968  -233.85359  -235.71168  4.99985   768
540.00  0.04183  0.04183  0.00848  0.80968  -233.70253  -235.61861  4.99985   768
541.00  0.04184  0.04183  0.00898  0.80968  -232.96248  -234.88924  4.99985   768
542.00  0.04182  0.04183  0.00967  0.80968  -231.88521  -233.82112  4.99985   768
543.00  0.04182  0.04183  0.01009  0.80968  -231.22450  -233.14210  4.99985   768
544.00  0.04181  0.04183  0.01017  0.80968  -231.05818  -232.94679  4.99985   768
545.00  0.04183  0.04183  0.00989  0.80968  -231.42744  -233.28401  4.99985   768
546.00  0.04183  0.04183  0.00933  0.80968  -232.30177  -234.13850  4.99985   768
547.00  0.04183  0.04183  0.00872  0.80968  -233.22340  -235.06471  4.99985   768
548.00  0.04183  0.04183  0.00829  0.80968  -233.91920  -235.76967  4.99985   768
549.00  0.04183  0.04183  0.00820  0.80968  -234.08247  -235.99245  4.99985   768
550.00  0.04182  0.04183  0.00864  0.80968  -233.47670  -235.41109  4.99985   768
551.00  0.04183  0.04183  0.00927  0.80968  -232.54134  -234.49251  4.99985   768
552.00  0.04182  0.04183  0.00994  0.80968  -231.43202  -233.36030  4.99985   768
553.00  0.04182  0.04183  0.01016  0.80968  -231.07954  -232.95442  4.99985   768
554.00  0.04182  0.04183  0.01004  0.80968  -231.23213  -233.07954  4.99985   768
555.00  0.04182  0.04183  0.00963  0.80968  -231.82722  -233.65938  4.99985   768
556.00  0.04182  0.04183  0.00899  0.80968  -232.79921  -234.60390  4.99985   768
557.00  0.04182  0.04183  0.00844  0.80968  -233.67812  -235.50874  4.99985   768
558.00  0.04182  0.04183  0.00827  0.80968  -233.94820  -235.81392  4.99985   768
559.00  0.04182  0.04183  0.00842  0.80968  -233.78798  -235.69490  4.99985   768
560.00  0.04183  0.04183  0.00898  0.80968  -232.95790  -234.92128  4.99985   768
561.00  0.04183  0.04183  0.00969  0.80968  -231.85927  -233.80891  4.99985   768
562.00  0.04181  0.04183  0.01016  0.80968  -231.11616  -233.04140  4.99985   768
563.00  0.04182  0.04183  0.01024  0.80968  -230.92390  -232.80946  4.99985   768
564.00  0.04183  0.04183  0.01003  0.80968  -231.26112  -233.12990  4.99985   768
565.00  0.04183  0.04183  0.00942  0.80968  -232.13850  -233.96608  4.99985   768
566.00  0.04181  0.04183  0.00885  0.80968  -233.03877  -234.87703  4.99985   768
567.00  0.04181  0.04183  0.00848  0.80968  -233.68117  -235.53163  4.99985   768
568.00  0.04183  0.04183  0.00843  0.80968  -233.70558  -235.58961  4.99985   768
569.00  0.04181  0.04183  0.00892  0.80968  -233.00825  -234.95180  4.99985   768
570.00  0.04183  0.04183  0.00952  0.80968  -232.09425  -234.03017  4.99985   768
571.00  0.04182  0.04183  0.01005  0.80968  -231.29774  -233.22603  4.99985   768
572.00  0.04182  0.04183  0.01038  0.80968  -230.72859  -232.62178  4.99985   768
573.00  0.04183  0.04183  0.01023  0.80968  -230.89339  -232.74232  4.99985   768
574.00  0.04181  0.04183  0.00973  0.80968  -231.65633  -233.47780  4.99985   768
575.00  0.04180  0.04183  0.00906  0.80968  -232.69850  -234.50929  4.99985   768
576.00  0.04181  0.04183  0.00855  0.80968  -233.50722  -235.34090  4.99985   768
577.00  0.04181  0.04183  0.00830  0.80968  -233.92836  -235.81087  4.99985   768
578.00  0.04183  0.04183  0.00840  0.80968  -233.81392  -235.73610  4.99985   768
579.00  0.04183  0.04183  0.00893  0.80968  -232.99147  -234.95485  4.99985   768
580.00  0.04180  0.04183  0.00955  0.80968  -232.07594  -234.03169  4.99985   768
581.00  0.04183  0.04183  0.01002  0.80968  -231.34047  -233.26265  4.99985   768
582.00  0.04182  0.04183  0.01020  0.80968  -231.02003  -232.92238  4.99985   768
583.00  0.04182  0.04183  0.00977  0.80968  -231.64870  -233.49306  4.99985   768
584.00  0.04181  0.04183  0.00923  0.80968  -232.43147  -234.26668  4.99985   768
585.00  0.04182  0.04183  0.00862  0.80968  -233.39735  -235.22798  4.99985   768
586.00  0.04182  0.04183  0.00829  0.80968  -233.91768  -235.77425  4.99985   768
587.00  0.04182  0.04183  0.00836  0.80968  -233.87495  -235.79103  4.99985   768
588.00  0.04183  0.04183  0.00877  0.80968  -233.23408  -235.16237  4.99985   768
589.00  0.04182  0.04183  0.00941  0.80968  -232.30177  -234.24684  4.99985   768
590.00  0.04183  0.04183  0.00997  0.80968  -231.37862  -233.30385  4.99985   768
591.00  0.04181  0.04183  0.01028  0.80968  -230.93153  -232.81862  4.99985   768
592.00  0.04182  0.04183  0.01021  0.80968  -230.95290  -232.80641  4.99985   768
593.00  0.04182  0.04183  0.00972  0.80968  -231.67464  -233.53273  4.99985   768
594.00  0.04183  0.04183  0.00906  0.80968  -232.70766  -234.53981  4.99985   768
595.00  0.04182  0.04183  0.00864  0.80968  -233.35310  -235.23256  4.99985   768
596.00  0.04183  0.04183  0.00848  0.80968  -233.67049  -235.55910  4.99985   768
597.00  0.04182  0.04183  0.00873  0.80968  -233.32259  -235.25545  4.99985   768
598.00  0.04181  0.04183  0.00940  0.80968  -232.30177  -234.26210  4.99985   768
599.00  0.04181  0.04183  0.00997  0.80968  -231.44423  -233.37556  4.99985   768
600.00  0.04180  0.04183  0.01040  0.80968  -230.69044  -232.60042  4.99985   768
601.00  0.04183  0.04183  0.01047  0.80968  -230.63704  -232.53175  4.99985   768
602.00  0.04183  0.04183  0.01009  0.80968  -231.13295  -232.98494  4.99985   768
603.00  0.04182  0.04183  0.00945  0.80968  -232.09730  -233.90047  4.99985   768
604.00  0.04181  0.04183  0.00881  0.80968  -233.09370  -234.90297  4.99985   768
605.00  0.04182  0.04183  0.00843  0.80968  -233.72237  -235.57741  4.99985   768
606.00  0.04182  0.04183  0.00843  0.80968  -233.75288  -235.63539  4.99985   768
607.00  0.04180  0.04183  0.00893  0.80968  -233.00520  -234.94264  4.99985   768
608.00  0.04180  0.04183  0.00960  0.80968  -231.94319  -233.87910  4.99985   768
609.00  0.04181  0.04183  0.01007  0.80968  -231.29011  -233.20772  4.99985   768
610.00  0.04183  0.04183  0.01041  0.80968  -230.67366  -232.59431  4.99985   768
611.00  0.04181  0.04183  0.01015  0.80968  -231.05360  -232.91017  4.99985   768
612.00  0.04181  0.04183  0.00963  0.80968  -231.81349  -233.65785  4.99985   768
613.00  0.04181  0.04183  0.00894  0.80968  -232.88771  -234.71376  4.99985   768
614.00  0.04182  0.04183  0.00833  0.80968  -233.84749  -235.71626  4.99985   768
615.00  0.04181  0.04183  0.00818  0.80968  -234.09773  -235.98024  4.99985   768
616.00  0.04182  0.04183  0.00853  0.80968  -233.65065  -235.57588  4.99985   768
617.00  0.04182  0.04183  0.00915  0.80968  -232.68324  -234.62678  4.99985   768
618.00  0.04182  0.04183  0.00984  0.80968  -231.65022  -233.59071  4.99985   768
619.00  0.04181  0.04183  0.01017  0.80968  -231.06886  -232.97121  4.99985   768
620.00  0.04180  0.04183  0.01021  0.80968  -230.98189  -232.84761  4.99985   768
621.00  0.04181  0.04183  0.00995  0.80968  -231.34505  -233.19246  4.99985   768
622.00  0.04180  0.04183  0.00934  0.80968  -232.27278  -234.07442  4.99985   768
623.00  0.04180  0.04183  0.00868  0.80968  -233.30275  -235.12727  4.99985   768
624.00  0.04180  0.04183  0.00829  0.80968  -233.91920  -235.78340  4.99985   768
625.00  0.04180  0.04183  0.00836  0.80968  -233.87648  -235.77272  4.99985   768
626.00  0.04180  0.04183  0.00883  0.80968  -233.13338  -235.08150  4.99985   768
627.00  0.04180  0.04183  0.00953  0.80968  -232.15529  -234.10036  4.99985   768
628.00  0.04181  0.04183  0.01012  0.80968  -231.16499  -233.10243  4.99985   768
629.00  0.04181  0.04183  0.01027  0.80968  -230.89033  -232.78352  4.99985   768
630.00  0.04181  0.04183  0.01009  0.80968  -231.16957  -233.04750  4.99985   768
631.00  0.04183  0.04183  0.00967  0.80968  -231.76466  -233.61513  4.99985   768
632.00  0.04181  0.04183  0.00907  0.80968  -232.66188  -234.49556  4.99985   768
633.00  0.04180  0.04183  0.00859  0.80968  -233.47060  -235.31648  4.99985   768
634.00  0.04181  0.04183  0.00839  0.80968  -233.80171  -235.67659  4.99985   768
635.00  0.04182  0.04183  0.00869  0.80968  -233.36073  -235.27376  4.99985   768
636.00  0.04181  0.04183  0.00929  0.80968  -232.45741  -234.40553  4.99985   768
637.00  0.04180  0.04183  0.00994  0.80968  -231.45338  -233.39540  4.99985   768
638.00  0.04180  0.04183  0.01033  0.80968  -230.81404  -232.71333  4.99985   768
639.00  0.04181  0.04183  0.01035  0.80968  -230.76979  -232.60957  4.99985   768
640.00  0.04180  0.04183  0.00997  0.80968  -231.30385  -233.12837  4.99985   768
641.00  0.04181  0.04183  0.00935  0.80968  -232.23158  -234.05305  4.99985   768
642.00  0.04181  0.04183  0.00880  0.80968  -233.10744  -234.94264  4.99985   768
643.00  0.04180  0.04183  0.00848  0.80968  -233.70253  -235.57588  4.99985   768
644.00  0.04182  0.04183  0.00845  0.80968  -233.69490  -235.60182  4.99985   768
645.00  0.04181  0.04183  0.00886  0.80968  -233.13032  -235.06166  4.99985   768
646.00  0.04180  0.04183  0.00951  0.80968  -232.14155  -234.11104  4.99985   768
647.00  0.04181  0.04183  0.00996  0.80968  -231.41524  -233.33742  4.99985   768
648.00  0.04180  0.04183  0.01022  0.80968  -231.03834  -232.95595  4.99985   768
649.00  0.04180  0.04183  0.01008  0.80968  -231.16194  -233.03834  4.99985   768
650.00  0.04181  0.04183  0.00952  0.80968  -231.99049  -233.81654  4.99985   768
651.00  0.04180  0.04183  0.00890  0.80968  -232.97468  -234.80073  4.99985   768
652.00  0.04180  0.04183  0.00839  0.80968  -233.72999  -235.58198  4.99985   768
653.00  0.04180  0.04183  0.00823  0.80968  -233.99855  -235.87190  4.99985   768
654.00  0.04180  0.04183  0.00851  0.80968  -233.64912  -235.54842  4.99985   768
655.00  0.04181  0.04183  0.00912  0.80968  -232.72749  -234.67866  4.99985   768
656.00  0.04182  0.04183  0.00971  0.80968  -231.80281  -233.72346  4.99985   768
657.00  0.04181  0.04183  0.01005  0.80968  -231.25044  -233.15431  4.99985   768
658.00  0.04181  0.04183  0.01019  0.80968  -231.00172  -232.87508  4.99985   768
659.00  0.04180  0.04183  0.00984  0.80968  -231.51137  -233.35115  4.99985   768
660.00  0.04181  0.04183  0.00922  0.80968  -232.45436  -234.28346  4.99985   768
661.00  0.04180  0.04183  0.00869  0.80968  -233.34090  -235.18373  4.99985   768
662.00  0.04180  0.04183  0.00841  0.80968  -233.76509  -235.63386  4.99985   768
663.00  0.04179  0.04183  0.00849  0.80968  -233.67201  -235.58198  4.99985   768
664.00  0.04180  0.04183  0.00907  0.80968  -232.83430  -234.79921  4.99985   768
665.00  0.04180  0.04183  0.00979  0.80968  -231.69600  -233.65175  4.99985   768
666.00  0.04180  0.04183  0.01020  0.80968  -231.06886  -233.00325  4.99985   768
667.00  0.04182  0.04183  0.01040  0.80968  -230.68281  -232.57905  4.99985   768
668.00  0.04180  0.04183  0.01019  0.80968  -231.03834  -232.87965  4.99985   768
669.00  0.04180  0.04183  0.00969  0.80968  -231.76314  -233.56325  4.99985   768
670.00  0.04180  0.04183  0.00917  0.80968  -232.52150  -234.33839  4.99985   768
671.00  0.04180  0.04183  0.00872  0.80968  -233.23561  -235.07997  4.99985   768
672.00  0.04181  0.04183  0.00854  0.80968  -233.53163  -235.40193  4.99985   768
673.00  0.04181  0.04183  0.00887  0.80968  -233.11354  -235.04182  4.99985   768
674.00  0.04180  0.04183  0.00944  0.80968  -232.23006  -234.16597  4.99985   768
675.00  0.04180  0.04183  0.01008  0.80968  -231.25807  -233.19093  4.99985   768
676.00  0.04180  0.04183  0.01037  0.80968  -230.71638  -232.60194  4.99985   768
677.00  0.04179  0.04183  0.01027  0.80968  -230.91475  -232.78657  4.99985   768
678.00  0.04180  0.04183  0.00985  0.80968  -231.47169  -233.31758  4.99985   768
679.00  0.04180  0.04183  0.00923  0.80968  -232.45436  -234.29262  4.99985   768
680.00  0.04179  0.04183  0.00867  0.80968  -233.31496  -235.16695  4.99985   768
681.00  0.04180  0.04183  0.00839  0.80968  -233.81392  -235.68880  4.99985   768
682.00  0.04180  0.04183  0.00849  0.80968  -233.67201  -235.59572  4.99985   768
683.00  0.04181  0.04183  0.00901  0.80968  -232.89839  -234.83278  4.99985   768
684.00  0.04179  0.04183  0.00961  0.80968  -231.99965  -233.95387  4.99985   768
685.00  0.04182  0.04183  0.01012  0.80968  -231.15279  -233.07039  4.99985   768
686.00  0.04179  0.04183  0.01031  0.80968  -230.85066  -232.72401  4.99985   768
687.00  0.04180  0.04183  0.00998  0.80968  -231.24281  -233.07497  4.99985   768
688.00  0.04181  0.04183  0.00951  0.80968  -232.02864  -233.85469  4.99985   768
689.00  0.04179  0.04183  0.00888  0.80968  -232.95637  -234.76717  4.99985   768
690.00  0.04179  0.04183  0.00843  0.80968  -233.69337  -235.52858  4.99985   768
691.00  0.04179  0.04183  0.00842  0.80968  -233.76662  -235.66438  4.99985   768
692.00  0.04180  0.04183  0.00875  0.80968  -233.27071  -235.19136  4.99985   768
693.00  0.04180  0.04183  0.00934  0.80968  -232.39027  -234.35670  4.99985   768
694.00  0.04180  0.04183  0.00999  0.80968  -231.44270  -233.39693  4.99985   768
695.00  0.04180  0.04183  0.01037  0.80968  -230.76216  -232.67976  4.99985   768
696.00  0.04180  0.04183  0.01034  0.80968  -230.79115  -232.67366  4.99985   768
697.00  0.04180  0.04183  0.00985  0.80968  -231.48085  -233.31605  4.99985   768
698.00  0.04181  0.04183  0.00928  0.80968  -232.36891  -234.20412  4.99985   768
699.00  0.04179  0.04183  0.00876  0.80968  -233.18068  -235.03114  4.99985   768
700.00  0.04180  0.04183  0.00845  0.80968  -233.69185  -235.56673  4.99985   768
701.00  0.04180  0.04183  0.00870  0.80968  -233.35615  -235.27986  4.99985   768
702.00  0.04180  0.04183  0.00930  0.80968  -232.46199  -234.41774  4.99985   768
703.00  0.04180  0.04183  0.01001  0.80968  -231.34047  -233.28554  4.99985   768
704.00  0.04179  0.04183  0.01035  0.80968  -230.79115  -232.67976  4.99985   768
705.00  0.04179  0.04183  0.01048  0.80968  -230.56532  -232.43867  4.99985   768
706.00  0.04180  0.04183  0.01024  0.80968  -230.89491  -232.73622  4.99985   768
707.00  0.04180  0.04183  0.00967  0.80968  -231.73262  -233.53426  4.99985   768
708.00  0.04180  0.04183  0.00906  0.80968  -232.69087  -234.51692  4.99985   768
709.00  0.04180  0.04183  0.00852  0.80968  -233.54384  -235.39125  4.99985   768
710.00  0.04180  0.04183  0.00853  0.80968  -233.60792  -235.47365  4.99985   768
711.00  0.04178  0.04183  0.00888  0.80968  -233.11507  -235.05403  4.99985   768
712.00  0.04180  0.04183  0.00953  0.80968  -232.12324  -234.07594  4.99985   768
713.00  0.04178  0.04183  0.01004  0.80968  -231.28401  -233.20009  4.99985   768
714.00  0.04179  0.04183  0.01029  0.80968  -230.89339  -232.83540  4.99985   768
715.00  0.04179  0.04183  0.01024  0.80968  -230.91017  -232.80031  4.99985   768
716.00  0.04180  0.04183  0.00984  0.80968  -231.46864  -233.30537  4.99985   768
717.00  0.04179  0.04183  0.00919  0.80968  -232.54744  -234.37501  4.99985   768
718.00  0.04179  0.04183  0.00862  0.80968  -233.39430  -235.22188  4.99985   768
719.00  0.04180  0.04183  0.00832  0.80968  -233.86275  -235.72389  4.99985   768
720.00  0.04179  0.04183  0.00854  0.80968  -233.59419  -235.49654  4.99985   768
721.00  0.04180  0.04183  0.00913  0.80968  -232.70613  -234.64967  4.99985   768
722.00  0.04180  0.04183  0.00979  0.80968  -231.69752  -233.64259  4.99985   768
723.00  0.04180  0.04183  0.01010  0.80968  -231.16957  -233.05513  4.99985   768
724.00  0.04179  0.04183  0.01026  0.80968  -230.92085  -232.79573  4.99985   768
725.00  0.04179  0.04183  0.00995  0.80968  -231.30842  -233.14363  4.99985   768
726.00  0.04180  0.04183  0.00933  0.80968  -232.27125  -234.08815  4.99985   768
727.00  0.04179  0.04183  0.00879  0.80968  -233.13643  -234.99147  4.99985   768
728.00  0.04179  0.04183  0.00833  0.80968  -233.83681  -235.69490  4.99985   768
729.00  0.04180  0.04183  0.00833  0.80968  -233.89937  -235.82765  4.99985   768
730.00  0.04179  0.04183  0.00882  0.80968  -233.19746  -235.15321  4.99985   768
731.00  0.04180  0.04183  0.00949  0.80968  -232.19191  -234.13545  4.99985   768
732.00  0.04180  0.04183  0.01015  0.80968  -231.14363  -233.08259  4.99985   768
733.00  0.04179  0.04183  0.01038  0.80968  -230.75148  -232.66450  4.99985   768
734.00  0.04179  0.04183  0.01029  0.80968  -230.84761  -232.72401  4.99985   768
735.00  0.04178  0.04183  0.00985  0.80968  -231.44270  -233.25655  4.99985   768
736.00  0.04180  0.04183  0.00914  0.80968  -232.55659  -234.37044  4.99985   768
737.00  0.04180  0.04183  0.00858  0.80968  -233.45228  -235.27833  4.99985   768
738.00  0.04180  0.04183  0.00839  0.80968  -233.76967  -235.63844  4.99985   768
739.00  0.04179  0.04183  0.00858  0.80968  -233.51790  -235.40803  4.99985   768
740.00  0.04179  0.04183  0.00924  0.80968  -232.54896  -234.50014  4.99985   768
741.00  0.04180  0.04183  0.00991  0.80968  -231.46712  -233.38777  4.99985   768
742.00  0.04179  0.04183  0.01040  0.80968  -230.74538  -232.67061  4.99985   768
743.00  0.04178  0.04183  0.01041  0.80968  -230.69350  -232.57753  4.99985   768
744.00  0.04179  0.04183  0.01015  0.80968  -231.01240  -232.87050  4.99985   768
745.00  0.04180  0.04183  0.00948  0.80968  -232.07747  -233.90504  4.99985   768
746.00  0.04179  0.04183  0.00883  0.80968  -233.04488  -234.85872  4.99985   768
747.00  0.04179  0.04183  0.00835  0.80968  -233.85359  -235.72694  4.99985   768
748.00  0.04180  0.04183  0.00842  0.80968  -233.74220  -235.66133  4.99985   768
749.00  0.04179  0.04183  0.00879  0.80968  -233.22951  -235.16237  4.99985   768
750.00  0.04180  0.04183  0.00949  0.80968  -232.17207  -234.15071  4.99985   768
751.00  0.04179  0.04183  0.01012  0.80968  -231.18025  -233.11159  4.99985   768
752.00  0.04180  0.04183  0.01032  0.80968  -230.79420  -232.69960  4.99985   768
753.00  0.04180  0.04183  0.01020  0.80968  -230.95900  -232.80946  4.99985   768
754.00  0.04180  0.04183  0.00969  0.80968  -231.72346  -233.55104  4.99985   768
755.00  0.04180  0.04183  0.00908  0.80968  -232.67561  -234.49861  4.99985   768
756.00  0.04179  0.04183  0.00850  0.80968  -233.55147  -235.38057  4.99985   768
757.00  0.04180  0.04183  0.00823  0.80968  -234.02754  -235.88716  4.99985   768
758.00  0.04180  0.04183  0.00845  0.80968  -233.75899  -235.67659  4.99985   768
759.00  0.04179  0.04183  0.00907  0.80968  -232.82820  -234.79463  4.99985   768
760.00  0.04179  0.04183  0.00972  0.80968  -231.78297  -233.72804  4.99985   768
761.00  0.04180  0.04183  0.01021  0.80968  -231.03682  -232.96663  4.99985   768
762.00  0.04179  0.04183  0.01028  0.80968  -230.87965  -232.77284  4.99985   768
763.00  0.04179  0.04183  0.00998  0.80968  -231.32216  -233.16804  4.99985   768
764.00  0.04179  0.04183  0.00937  0.80968  -232.23769  -234.07442  4.99985   768
765.00  0.04180  0.04183  0.00874  0.80968  -233.19746  -235.05556  4.99985   768
766.00  0.04180  0.04183  0.00836  0.80968  -233.78798  -235.64455  4.99985   768
767.00  0.04180  0.04183  0.00840  0.80968  -233.84138  -235.75441  4.99985   768
768.00  0.04180  0.04183  0.00879  0.80968  -233.21577  -235.14101  4.99985   768
769.00  0.04180  0.04183  0.00962  0.80968  -231.94319  -233.90047  4.99985   768
770.00  0.04179  0.04183  0.01014  0.80968  -231.12990  -233.04903  4.99985   768
771.00  0.04180  0.04183  0.01044  0.80968  -230.64772  -232.53175  4.99985   768
772.00  0.04179  0.04183  0.01037  0.80968  -230.71333  -232.56074  4.99985   768
773.00  0.04180  0.04183  0.00994  0.80968  -231.34810  -233.17567  4.99985   768
774.00  0.04180  0.04183  0.00937  0.80968  -232.19801  -234.01338  4.99985   768
775.00  0.04179  0.04183  0.00890  0.80968  -232.99300  -234.82973  4.99985   768
776.00  0.04179  0.04183  0.00864  0.80968  -233.41719  -235.29665  4.99985   768
777.00  0.04179  0.04183  0.00888  0.80968  -233.07844  -235.02504  4.99985   768
778.00  0.04179  0.04183  0.00932  0.80968  -232.44826  -234.39485  4.99985   768
779.00  0.04179  0.04183  0.00993  0.80968  -231.49916  -233.45796  4.99985   768
780.00  0.04179  0.04183  0.01030  0.80968  -230.87965  -232.80641  4.99985   768
781.00  0.04178  0.04183  0.01043  0.80968  -230.67366  -232.56837  4.99985   768
782.00  0.04179  0.04183  0.01009  0.80968  -231.12379  -232.98189  4.99985   768
783.00  0.04180  0.04183  0.00948  0.80968  -232.06679  -233.88826  4.99985   768
784.00  0.04178  0.04183  0.00892  0.80968  -232.86482  -234.70613  4.99985   768
785.00  0.04180  0.04183  0.00864  0.80968  -233.36836  -235.22645  4.99985   768
786.00  0.04178  0.04183  0.00861  0.80968  -233.45228  -235.33937  4.99985   768
787.00  0.04179  0.04183  0.00894  0.80968  -232.96858  -234.89381  4.99985   768
788.00  0.04179  0.04183  0.00951  0.80968  -232.12630  -234.06526  4.99985   768
789.00  0.04178  0.04183  0.00997  0.80968  -231.35268  -233.25655  4.99985   768
790.00  0.04180  0.04183  0.01021  0.80968  -230.99867  -232.88576  4.99985   768
791.00  0.04180  0.04183  0.01010  0.80968  -231.11311  -232.95595  4.99985   768
792.00  0.04178  0.04183  0.00959  0.80968  -231.89284  -233.73415  4.99985   768
793.00  0.04179  0.04183  0.00900  0.80968  -232.74275  -234.57948  4.99985   768
794.00  0.04180  0.04183  0.00858  0.80968  -233.41872  -235.28902  4.99985   768
795.00  0.04179  0.04183  0.00850  0.80968  -233.65370  -235.54994  4.99985   768
796.00  0.04179  0.04183  0.00875  0.80968  -233.26155  -235.18068  4.99985   768
797.00  0.04178  0.04183  0.00928  0.80968  -232.52150  -234.48946  4.99985   768
798.00  0.04180  0.04183  0.00989  0.80968  -231.53883  -233.46254  4.99985   768
799.00  0.04180  0.04183  0.01020  0.80968  -231.02003  -232.94069  4.99985   768
800.00  0.04177  0.04183  0.01029  0.80968  -230.88728  -232.77437  4.99985   768
801.00  0.04180  0.04183  0.00997  0.80968  -231.31758  -233.16041  4.99985   768
802.00  0.04179  0.04183  0.00931  0.80968  -232.27431  -234.07289  4.99985   768
803.00  0.04180  0.04183  0.00879  0.80968  -233.16237  -235.00520  4.99985   768
804.00  0.04178  0.04183  0.00859  0.80968  -233.47975  -235.35921  4.99985   768
805.00  0.04180  0.04183  0.00865  0.80968  -233.38362  -235.27376  4.99985   768
806.00  0.04178  0.04183  0.00916  0.80968  -232.64662  -234.57490  4.99985   768
807.00  0.04179  0.04183  0.00979  0.80968  -231.72346  -233.65175  4.99985   768
808.00  0.04178  0.04183  0.01036  0.80968  -230.82320  -232.74080  4.99985   768
809.00  0.04178  0.04183  0.01060  0.80968  -230.40968  -232.30440  4.99985   768
810.00  0.04178  0.04183  0.01038  0.80968  -230.67061  -232.52870  4.99985   768
811.00  0.04180  0.04183  0.00989  0.80968  -231.40456  -233.24281  4.99985   768
812.00  0.04180  0.04183  0.00925  0.80968  -232.41316  -234.24989  4.99985   768
813.00  0.04178  0.04183  0.00874  0.80968  -233.20509  -235.07692  4.99985   768
814.00  0.04179  0.04183  0.00860  0.80968  -233.47212  -235.39278  4.99985   768
815.00  0.04178  0.04183  0.00905  0.80968  -232.86787  -234.81599  4.99985   768
816.00  0.04179  0.04183  0.00958  0.80968  -232.03627  -233.99049  4.99985   768
817.00  0.04179  0.04183  0.01019  0.80968  -231.08565  -233.02461  4.99985   768
818.00  0.04180  0.04183  0.01048  0.80968  -230.58058  -232.48750  4.99985   768
819.00  0.04179  0.04183  0.01045  0.80968  -230.57600  -232.43715  4.99985   768
820.00  0.04179  0.04183  0.01001  0.80968  -231.23823  -233.07191  4.99985   768
821.00  0.04180  0.04183  0.00930  0.80968  -232.34602  -234.15224  4.99985   768
822.00  0.04179  0.04183  0.00868  0.80968  -233.24171  -235.05708  4.99985   768
823.00  0.04180  0.04183  0.00833  0.80968  -233.87648  -235.74068  4.99985   768
824.00  0.04178  0.04183  0.00856  0.80968  -233.53926  -235.45228  4.99985   768
825.00  0.04179  0.04183  0.00908  0.80968  -232.80073  -234.74580  4.99985   768
826.00  0.04179  0.04183  0.00972  0.80968  -231.81044  -233.72957  4.99985   768
827.00  0.04179  0.04183  0.01026  0.80968  -230.94069  -232.88881  4.99985   768
828.00  0.04179  0.04183  0.01033  0.80968  -230.82625  -232.70723  4.99985   768
829.00  0.04178  0.04183  0.01004  0.80968  -231.20924  -233.05971  4.99985   768
830.00  0.04178  0.04183  0.00952  0.80968  -232.00423  -233.83790  4.99985   768
831.00  0.04180  0.04183  0.00888  0.80968  -232.97011  -234.82210  4.99985   768
832.00  0.04179  0.04183  0.00838  0.80968  -233.77119  -235.62624  4.99985   768
833.00  0.04177  0.04183  0.00843  0.80968  -233.79103  -235.68117  4.99985   768
834.00  0.04180  0.04183  0.00880  0.80968  -233.24324  -235.18373  4.99985   768
835.00  0.04180  0.04183  0.00946  0.80968  -232.21785  -234.15834  4.99985   768
836.00  0.04180  0.04183  0.01018  0.80968  -231.08107  -233.01851  4.99985   768
837.00  0.04179  0.04183  0.01049  0.80968  -230.56532  -232.45698  4.99985   768
838.00  0.04179  0.04183  0.01053  0.80968  -230.47987  -232.35170  4.99985   768
839.00  0.04178  0.04183  0.01000  0.80968  -231.23213  -233.02614  4.99985   768
840.00  0.04179  0.04183  0.00943  0.80968  -232.11867  -233.94472  4.99985   768
841.00  0.04179  0.04183  0.00887  0.80968  -233.01741  -234.84651  4.99985   768
842.00  0.04178  0.04183  0.00854  0.80968  -233.54231  -235.40041  4.99985   768
843.00  0.04178  0.04183  0.00867  0.80968  -233.37599  -235.30580  4.99985   768
844.00  0.04179  0.04183  0.00922  0.80968  -232.55812  -234.51997  4.99985   768
845.00  0.04179  0.04183  0.00999  0.80968  -231.40456  -233.37709  4.99985   768
846.00  0.04180  0.04183  0.01043  0.80968  -230.67824  -232.58821  4.99985   768
847.00  0.04179  0.04183  0.01047  0.80968  -230.56990  -232.44020  4.99985   768
848.00  0.04179  0.04183  0.01025  0.80968  -230.93916  -232.81557  4.99985   768
849.00  0.04180  0.04183  0.00968  0.80968  -231.70058  -233.53731  4.99985   768
850.00  0.04178  0.04183  0.00904  0.80968  -232.73817  -234.59474  4.99985   768
851.00  0.04179  0.04183  0.00850  0.80968  -233.58046  -235.42177  4.99985   768
852.00  0.04179  0.04183  0.00839  0.80968  -233.77882  -235.65675  4.99985   768
853.00  0.04179  0.04183  0.00866  0.80968  -233.41719  -235.33479  4.99985   768
854.00  0.04179  0.04183  0.00938  0.80968  -232.33076  -234.28194  4.99985   768
855.00  0.04179  0.04183  0.01004  0.80968  -231.30842  -233.24586  4.99985   768
856.00  0.04178  0.04183  0.01035  0.80968  -230.79115  -232.68281  4.99985   768
857.00  0.04178  0.04183  0.01022  0.80968  -230.92238  -232.76216  4.99985   768
858.00  0.04179  0.04183  0.00987  0.80968  -231.47169  -233.32063  4.99985   768
859.00  0.04178  0.04183  0.00930  0.80968  -232.36891  -234.18886  4.99985   768
860.00  0.04178  0.04183  0.00865  0.80968  -233.31496  -235.14558  4.99985   768
861.00  0.04179  0.04183  0.00839  0.80968  -233.78950  -235.65828  4.99985   768
862.00  0.04179  0.04183  0.00854  0.80968  -233.60945  -235.54994  4.99985   768
863.00  0.04177  0.04183  0.00902  0.80968  -232.89076  -234.82973  4.99985   768
864.00  0.04179  0.04183  0.00968  0.80968  -231.86384  -233.82875  4.99985   768
865.00  0.04178  0.04183  0.01014  0.80968  -231.16347  -233.10091  4.99985   768
866.00  0.04179  0.04183  0.01050  0.80968  -230.57905  -232.47835  4.99985   768
867.00  0.04178  0.04183  0.01021  0.80968  -230.93611  -232.78505  4.99985   768
868.00  0.04180  0.04183  0.00965  0.80968  -231.80434  -233.63039  4.99985   768
869.00  0.04178  0.04183  0.00907  0.80968  -232.64662  -234.48183  4.99985   768
870.00  0.04178  0.04183  0.00851  0.80968  -233.56520  -235.39583  4.99985   768
871.00  0.04179  0.04183  0.00853  0.80968  -233.58809  -235.47822  4.99985   768
872.00  0.04177  0.04183  0.00890  0.80968  -233.04182  -234.96553  4.99985   768
873.00  0.04179  0.04183  0.00957  0.80968  -232.02101  -233.97981  4.99985   768
874.00  0.04179  0.04183  0.01013  0.80968  -231.16499  -233.10091  4.99985   768
875.00  0.04177  0.04183  0.01048  0.80968  -230.61262  -232.51039  4.99985   768
876.00  0.04179  0.04183  0.01043  0.80968  -230.65230  -232.51955  4.99985   768
877.00  0.04178  0.04183  0.00994  0.80968  -231.32368  -233.16652  4.99985   768
878.00  0.04179  0.04183  0.00938  0.80968  -232.23921  -234.07289  4.99985   768
879.00  0.04179  0.04183  0.00874  0.80968  -233.17610  -235.02046  4.99985   768
880.00  0.04179  0.04183  0.00844  0.80968  -233.71626  -235.59267  4.99985   768
881.00  0.04178  0.04183  0.00871  0.80968  -233.33784  -235.27681  4.99985   768
882.00  0.04178  0.04183  0.00921  0.80968  -232.59169  -234.53523  4.99985   768
883.00  0.04179  0.04183  0.00977  0.80968  -231.72499  -233.67464  4.99985   768
884.00  0.04178  0.04183  0.01025  0.80968  -230.97273  -232.89796  4.99985   768
885.00  0.04179  0.04183  0.01035  0.80968  -230.76063  -232.65687  4.99985   768
886.00  0.04179  0.04183  0.01010  0.80968  -231.14058  -232.97273  4.99985   768
887.00  0.04179  0.04183  0.00952  0.80968  -231.98439  -233.80128  4.99985   768
888.00  0.04179  0.04183  0.00894  0.80968  -232.89076  -234.69697  4.99985   768
889.00  0.04178  0.04183  0.00844  0.80968  -233.64607  -235.48433  4.99985   768
890.00  0.04179  0.04183  0.00852  0.80968  -233.62166  -235.53621  4.99985   768
891.00  0.04179  0.04183  0.00892  0.80968  -233.03877  -234.95180  4.99985   768
892.00  0.04179  0.04183  0.00946  0.80968  -232.18581  -234.11409  4.99985   768
893.00  0.04178  0.04183  0.01001  0.80968  -231.35573  -233.30385  4.99985   768
894.00  0.04179  0.04183  0.01038  0.80968  -230.75301  -232.67213  4.99985   768
895.00  0.04178  0.04183  0.01023  0.80968  -230.92696  -232.78963  4.99985   768
896.00  0.04179  0.04183  0.00984  0.80968  -231.55867  -233.40761  4.99985   768
897.00  0.04178  0.04183  0.00919  0.80968  -232.52302  -234.37196  4.99985   768
898.00  0.04178  0.04183  0.00877  0.80968  -233.15626  -235.02351  4.99985   768
899.00  0.04179  0.04183  0.00849  0.80968  -233.64149  -235.52553  4.99985   768
900.00  0.04179  0.04183  0.00874  0.80968  -233.28596  -235.19746  4.99985   768
901.00  0.04178  0.04183  0.00928  0.80968  -232.47420  -234.43910  4.99985   768
902.00  0.04181  0.04183  0.00990  0.80968  -231.57545  -233.51594  4.99985   768
903.00  0.04177  0.04183  0.01043  0.80968  -230.66450  -232.58058  4.99985   768
904.00  0.04178  0.04183  0.01049  0.80968  -230.51955  -232.37306  4.99985   768
905.00  0.04180  0.04183  0.01020  0.80968  -230.99409  -232.83388  4.99985   768
906.00  0.04178  0.04183  0.00969  0.80968  -231.73567  -233.57240  4.99985   768
907.00  0.04178  0.04183  0.00909  0.80968  -232.62373  -234.43300  4.99985   768
908.00  0.04179  0.04183  0.00870  0.80968  -233.25392  -235.12575  4.99985   768
909.00  0.04178  0.04183  0.00873  0.80968  -233.31190  -235.20051  4.99985   768
910.00  0.04178  0.04183  0.00912  0.80968  -232.68019  -234.61610  4.99985   768
911.00  0.04179  0.04183  0.00972  0.80968  -231.83638  -233.78145  4.99985   768
912.00  0.04178  0.04183  0.01031  0.80968  -230.91933  -232.87660  4.99985   768
913.00  0.04178  0.04183  0.01048  0.80968  -230.60347  -232.49055  4.99985   768
914.00  0.04179  0.04183  0.01038  0.80968  -230.71486  -232.59431  4.99985   768
915.00  0.04179  0.04183  0.00997  0.80968  -231.26570  -233.10243  4.99985   768
916.00  0.04178  0.04183  0.00934  0.80968  -232.30177  -234.15529  4.99985   768
917.00  0.04179  0.04183  0.00878  0.80968  -233.11964  -234.96706  4.99985   768
918.00  0.04178  0.04183  0.00858  0.80968  -233.49959  -235.38667  4.99985   768
919.00  0.04179  0.04183  0.00879  0.80968  -233.23561  -235.15016  4.99985   768
920.00  0.04179  0.04183  0.00935  0.80968  -232.41164  -234.35365  4.99985   768
921.00  0.04179  0.04183  0.00996  0.80968  -231.41066  -233.34962  4.99985   768
922.00  0.04178  0.04183  0.01035  0.80968  -230.82320  -232.71181  4.99985   768
923.00  0.04179  0.04183  0.01045  0.80968  -230.59889  -232.47072  4.99985   768
924.00  0.04179  0.04183  0.01016  0.80968  -231.04597  -232.88270  4.99985   768
925.00  0.04178  0.04183  0.00963  0.80968  -231.80891  -233.62428  4.99985   768
926.00  0.04178  0.04183  0.00893  0.80968  -232.90297  -234.71834  4.99985   768
927.00  0.04179  0.04183  0.00849  0.80968  -233.61403  -235.47060  4.99985   768
928.00  0.04177  0.04183  0.00849  0.80968  -233.66438  -235.56825  4.99985   768
929.00  0.04178  0.04183  0.00889  0.80968  -233.07387  -235.02199  4.99985   768
930.00  0.04177  0.04183  0.00954  0.80968  -232.10341  -234.06374  4.99985   768
931.00  0.04178  0.04183  0.01018  0.80968  -231.07802  -233.03987  4.99985   768
932.00  0.04178  0.04183  0.01053  0.80968  -230.53786  -232.45088  4.99985   768
933.00  0.04178  0.04183  0.01033  0.80968  -230.75301  -232.59584  4.99985   768
934.00  0.04179  0.04183  0.00983  0.80968  -231.55104  -233.38930  4.99985   768
935.00  0.04177  0.04183  0.00928  0.80968  -232.37807  -234.18886  4.99985   768
936.00  0.04177  0.04183  0.00871  0.80968  -233.24782  -235.07844  4.99985   768
937.00  0.04178  0.04183  0.00850  0.80968  -233.62166  -235.48280  4.99985   768
938.00  0.04179  0.04183  0.00876  0.80968  -233.23103  -235.13948  4.99985   768
939.00  0.04177  0.04183  0.00931  0.80968  -232.41774  -234.34907  4.99985   768
940.00  0.04177  0.04183  0.00998  0.80968  -231.42134  -233.35420  4.99985   768
941.00  0.04177  0.04183  0.01048  0.80968  -230.60805  -232.52107  4.99985   768
942.00  0.04178  0.04183  0.01056  0.80968  -230.45698  -232.32271  4.99985   768
943.00  0.04178  0.04183  0.01032  0.80968  -230.80946  -232.64772  4.99985   768
944.00  0.04178  0.04183  0.00969  0.80968  -231.74483  -233.58919  4.99985   768
945.00  0.04178  0.04183  0.00907  0.80968  -232.69697  -234.53828  4.99985   768
946.00  0.04177  0.04183  0.00864  0.80968  -233.36989  -235.24171  4.99985   768
947.00  0.04179  0.04183  0.00850  0.80968  -233.60792  -235.50416  4.99985   768
948.00  0.04178  0.04183  0.00899  0.80968  -232.97011  -234.93349  4.99985   768
949.00  0.04178  0.04183  0.00958  0.80968  -232.01491  -233.97371  4.99985   768
950.00  0.04178  0.04183  0.01014  0.80968  -231.17262  -233.11006  4.99985   768
951.00  0.04177  0.04183  0.01036  0.80968  -230.74995  -232.64314  4.99985   768
952.00  0.04178  0.04183  0.01023  0.80968  -230.94374  -232.79115  4.99985   768
953.00  0.04178  0.04183  0.00990  0.80968  -231.41676  -233.25044  4.99985   768
954.00  0.04179  0.04183  0.00922  0.80968  -232.42689  -234.24074  4.99985   768
955.00  0.04179  0.04183  0.00859  0.80968  -233.40346  -235.21730  4.99985   768
956.00  0.04177  0.04183  0.00846  0.80968  -233.69185  -235.58351  4.99985   768
957.00  0.04178  0.04183  0.00860  0.80968  -233.45076  -235.35158  4.99985   768
958.00  0.04178  0.04183  0.00917  0.80968  -232.64204  -234.57948  4.99985   768
959.00  0.04178  0.04183  0.00978  0.80968  -231.68074  -233.62428  4.99985   768
960.00  0.04178  0.04183  0.01019  0.80968  -231.08870  -233.01088  4.99985   768
961.00  0.04179  0.04183  0.01020  0.80968  -231.00172  -232.86745  4.99985   768
962.00  0.04177  0.04183  0.00992  0.80968  -231.38319  -233.25349  4.99985   768
963.00  0.04177  0.04183  0.00938  0.80968  -232.20869  -234.03780  4.99985   768
964.00  0.04178  0.04183  0.00878  0.80968  -233.13795  -234.99757  4.99985   768
965.00  0.04178  0.04183  0.00845  0.80968  -233.67659  -235.54231  4.99985   768
966.00  0.04178  0.04183  0.00855  0.80968  -233.57893  -235.48280  4.99985   768
967.00  0.04178  0.04183  0.00896  0.80968  -232.90144  -234.85261  4.99985   768
968.00  0.04178  0.04183  0.00963  0.80968  -231.92946  -233.87910  4.99985   768
969.00  0.04178  0.04183  0.01012  0.80968  -231.20009  -233.09480  4.99985   768
970.00  0.04178  0.04183  0.01029  0.80968  -230.86287  -232.74538  4.99985   768
971.00  0.04179  0.04183  0.01029  0.80968  -230.85829  -232.74385  4.99985   768
972.00  0.04177  0.04183  0.00987  0.80968  -231.44728  -233.26875  4.99985   768
973.00  0.04178  0.04183  0.00924  0.80968  -232.38722  -234.19801  4.99985   768
974.00  0.04177  0.04183  0.00874  0.80968  -233.19746  -235.03267  4.99985   768
975.00  0.04178  0.04183  0.00863  0.80968  -233.42329  -235.31801  4.99985   768
976.00  0.04178  0.04183  0.00888  0.80968  -233.11049  -235.01436  4.99985   768
977.00  0.04177  0.04183  0.00945  0.80968  -232.22700  -234.17207  4.99985   768
978.00  0.04177  0.04183  0.01015  0.80968  -231.16194  -233.12227  4.99985   768
979.00  0.04177  0.04183  0.01039  0.80968  -230.72401  -232.62025  4.99985   768
980.00  0.04177  0.04183  0.01037  0.80968  -230.76521  -232.64772  4.99985   768
981.00  0.04176  0.04183  0.01003  0.80968  -231.23518  -233.10701  4.99985   768
982.00  0.04178  0.04183  0.00946  0.80968  -232.06221  -233.89589  4.99985   768
983.00  0.04178  0.04183  0.00896  0.80968  -232.85109  -234.71834  4.99985   768
984.00  0.04177  0.04183  0.00858  0.80968  -233.46754  -235.33632  4.99985   768
985.00  0.04179  0.04183  0.00858  0.80968  -233.52400  -235.40498  4.99985   768
986.00  0.04176  0.04183  0.00900  0.80968  -232.91365  -234.84651  4.99985   768
987.00  0.04177  0.04183  0.00966  0.80968  -231.90199  -233.85774  4.99985   768
988.00  0.04178  0.04183  0.01032  0.80968  -230.83998  -232.76216  4.99985   768
989.00  0.04178  0.04183  0.01053  0.80968  -230.51344  -232.39595  4.99985   768
990.00  0.04178  0.04183  0.01028  0.80968  -230.83540  -232.66908  4.99985   768
991.00  0.04178  0.04183  0.00978  0.80968  -231.58156  -233.41981  4.99985   768
992.00  0.04177  0.04183  0.00912  0.80968  -232.58559  -234.40553  4.99985   768
993.00  0.04176  0.04183  0.00867  0.80968  -233.32564  -235.17000  4.99985   768
994.00  0.04178  0.04183  0.00851  0.80968  -233.61403  -235.50874  4.99985   768
995.00  0.04178  0.04183  0.00875  0.80968  -233.29665  -235.21577  4.99985   768
996.00  0.04178  0.04183  0.00928  0.80968  -232.50014  -234.45894  4.99985   768
997.00  0.04177  0.04183  0.00993  0.80968  -231.48238  -233.43660  4.99985   768
998.00  0.04178  0.04183  0.01039  0.80968  -230.75758  -232.68587  4.99985   768
999.00  0.04177  0.04183  0.01049  0.80968  -230.56837  -232.45088  4.99985   768
1000.00  0.04178  0.04183  0.01015  0.80968  -231.00478  -232.86745  4.99985   768
1001.00  0.04178  0.04183  0.00951  0.80968  -231.98897  -233.81959  4.99985   768
1002.00  0.04176  0.04183  0.00887  0.80968  -233.00825  -234.83278  4.99985   768
1003.00  0.04177  0.04183  0.00855  0.80968  -233.51485  -235.36378  4.99985   768
1004.00  0.04177  0.04183  0.00856  0.80968  -233.54536  -235.42482  4.99985   768
1005.00  0.04178  0.04183  0.00900  0.80968  -232.89534  -234.83430  4.99985   768
1006.00  0.04178  0.04183  0.00966  0.80968  -231.89589  -233.84096  4.99985   768
1007.00  0.04178  0.04183  0.01024  0.80968  -230.98952  -232.89949  4.99985   768
1008.00  0.04177  0.04183  0.01049  0.80968  -230.54549  -232.44325  4.99985   768
1009.00  0.04179  0.04183  0.01032  0.80968  -230.78657  -232.63246  4.99985   768
1010.00  0.04177  0.04183  0.00988  0.80968  -231.43507  -233.27791  4.99985   768
1011.00  0.04177  0.04183  0.00925  0.80968  -232.39180  -234.23769  4.99985   768
1012.00  0.04178  0.04183  0.00869  0.80968  -233.27833  -235.10744  4.99985   768
1013.00  0.04178  0.04183  0.00859  0.80968  -233.49043  -235.42024  4.99985   768
1014.00  0.04178  0.04183  0.00887  0.80968  -233.12117  -235.04335  4.99985   768
1015.00  0.04177  0.04183  0.00944  0.80968  -232.26668  -234.22395  4.99985   768
1016.00  0.04177  0.04183  0.01013  0.80968  -231.18178  -233.14058  4.99985   768
1017.00  0.04178  0.04183  0.01048  0.80968  -230.59431  -232.50429  4.99985   768
1018.00  0.04178  0.04183  0.01048  0.80968  -230.52870  -232.40205  4.99985   768
1019.00  0.04178  0.04183  0.01013  0.80968  -231.06428  -232.90712  4.99985   768
1020.00  0.04178  0.04183  0.00949  0.80968  -232.02711  -233.82417  4.99985   768
1021.00  0.04178  0.04183  0.00893  0.80968  -232.91060  -234.74123  4.99985   768
1022.00  0.04178  0.04183  0.00857  0.80968  -233.47212  -235.32411  4.99985   768
1023.00  0.04178  0.04183  0.00857  0.80968  -233.52553  -235.41414  4.99985   768
1024.00  0.04177  0.04183  0.00909  0.80968  -232.80836  -234.76717  4.99985   768
1025.00  0.04177  0.04183  0.00981  0.80968  -231.66090  -233.58919  4.99985   768
1026.00  0.04179  0.04183  0.01026  0.80968  -230.96815  -232.89644  4.99985   768
1027.00  0.04177  0.04183  0.01043  0.80968  -230.67366  -232.55922  4.99985   768
1028.00  0.04177  0.04183  0.01021  0.80968  -230.93001  -232.79115  4.99985   768
1029.00  0.04177  0.04183  0.00971  0.80968  -231.72346  -233.57393  4.99985   768
1030.00  0.04177  0.04183  0.00901  0.80968  -232.79463  -234.62068  4.99985   768
1031.00  0.04179  0.04183  0.00859  0.80968  -233.45686  -235.33021  4.99985   768
1032.00  0.04179  0.04183  0.00848  0.80968  -233.66286  -235.54994  4.99985   768
1033.00  0.04178  0.04183  0.00880  0.80968  -233.22493  -235.16237  4.99985   768
1034.00  0.04178  0.04183  0.00946  0.80968  -232.25600  -234.19954  4.99985   768
1035.00  0.04177  0.04183  0.01008  0.80968  -231.24281  -233.19856  4.99985   768
1036.00  0.04177  0.04183  0.01047  0.80968  -230.59889  -232.50886  4.99985   768
1037.00  0.04178  0.04183  0.01043  0.80968  -230.57753  -232.43104  4.99985   768
1038.00  0.04179  0.04183  0.01000  0.80968  -231.25655  -233.09022  4.99985   768
1039.00  0.04177  0.04183  0.00932  0.80968  -232.27125  -234.06679  4.99985   768
1040.00  0.04178  0.04183  0.00873  0.80968  -233.21577  -235.04793  4.99985   768
1041.00  0.04179  0.04183  0.00845  0.80968  -233.68269  -235.54536  4.99985   768
1042.00  0.04178  0.04183  0.00869  0.80968  -233.35310  -235.26002  4.99985   768
1043.00  0.04177  0.04183  0.00915  0.80968  -232.71376  -234.66341  4.99985   768
1044.00  0.04177  0.04183  0.00979  0.80968  -231.68989  -233.62886  4.99985   768
1045.00  0.04178  0.04183  0.01029  0.80968  -230.91170  -232.84608  4.99985   768
1046.00  0.04178  0.04183  0.01042  0.80968  -230.68434  -232.57295  4.99985   768
1047.00  0.04177  0.04183  0.01029  0.80968  -230.86287  -232.73775  4.99985   768
1048.00  0.04178  0.04183  0.00975  0.80968  -231.63496  -233.48848  4.99985   768
1049.00  0.04177  0.04183  0.00913  0.80968  -232.59016  -234.41469  4.99985   768
1050.00  0.04176  0.04183  0.00867  0.80968  -233.28291  -235.13185  4.99985   768
1051.00  0.04177  0.04183  0.00856  0.80968  -233.54384  -235.43245  4.99985   768
1052.00  0.04178  0.04183  0.00892  0.80968  -233.01588  -234.94112  4.99985   768
1053.00  0.04177  0.04183  0.00955  0.80968  -232.08052  -234.01643  4.99985   768
1054.00  0.04177  0.04183  0.01014  0.80968  -231.16957  -233.09022  4.99985   768
1055.00  0.04178  0.04183  0.01045  0.80968  -230.64162  -232.51955  4.99985   768
1056.00  0.04177  0.04183  0.01046  0.80968  -230.59126  -232.45546  4.99985   768
1057.00  0.04178  0.04183  0.01007  0.80968  -231.14821  -232.97121  4.99985   768
1058.00  0.04177  0.04183  0.00939  0.80968  -232.17818  -234.00575  4.99985   768
1059.00  0.04178  0.04183  0.00881  0.80968  -233.12880  -234.96248  4.99985   768
1060.00  0.04178  0.04183  0.00849  0.80968  -233.58809  -235.45839  4.99985   768
1061.00  0.04178  0.04183  0.00876  0.80968  -233.26460  -235.20814  4.99985   768
1062.00  0.04178  0.04183  0.00925  0.80968  -232.53218  -234.49098  4.99985   768
1063.00  0.04178  0.04183  0.00991  0.80968  -231.51442  -233.47475  4.99985   768
1064.00  0.04176  0.04183  0.01044  0.80968  -230.69350  -232.61720  4.99985   768
1065.00  0.04178  0.04183  0.01050  0.80968  -230.52870  -232.42494  4.99985   768
1066.00  0.04176  0.04183  0.01027  0.80968  -230.84456  -232.70418  4.99985   768
1067.00  0.04176  0.04183  0.00971  0.80968  -231.73415  -233.56020  4.99985   768
1068.00  0.04177  0.04183  0.00905  0.80968  -232.70613  -234.55049  4.99985   768
1069.00  0.04176  0.04183  0.00861  0.80968  -233.40346  -235.23103  4.99985   768
1070.00  0.04177  0.04183  0.00850  0.80968  -233.64455  -235.52705  4.99985   768
1071.00  0.04176  0.04183  0.00882  0.80968  -233.15169  -235.07387  4.99985   768
1072.00  0.04177  0.04183  0.00947  0.80968  -232.17665  -234.10493  4.99985   768
1073.00  0.04178  0.04183  0.01009  0.80968  -231.22298  -233.14821  4.99985   768
1074.00  0.04177  0.04183  0.01047  0.80968  -230.64009  -232.54396  4.99985   768
1075.00  0.04178  0.04183  0.01043  0.80968  -230.63399  -232.49208  4.99985   768
1076.00  0.04177  0.04183  0.00997  0.80968  -231.28401  -233.12685  4.99985   768
1077.00  0.04176  0.04183  0.00937  0.80968  -232.20869  -234.03017  4.99985   768
1078.00  0.04177  0.04183  0.00875  0.80968  -233.16542  -235.01283  4.99985   768
1079.00  0.04178  0.04183  0.00846  0.80968  -233.66438  -235.54536  4.99985   768
1080.00  0.04177  0.04183  0.00866  0.80968  -233.40803  -235.35158  4.99985   768
1081.00  0.04177  0.04183  0.00921  0.80968  -232.61458  -234.57490  4.99985   768
1082.00  0.04178  0.04183  0.00986  0.80968  -231.59376  -233.54646  4.99985   768
1083.00  0.04177  0.04183  0.01042  0.80968  -230.73622  -232.66908  4.99985   768
1084.00  0.04176  0.04183  0.01060  0.80968  -230.38069  -232.26778  4.99985   768
1085.00  0.04177  0.04183  0.01034  0.80968  -230.73775  -232.58668  4.99985   768
1086.00  0.04178  0.04183  0.00977  0.80968  -231.59071  -233.41524  4.99985   768
1087.00  0.04176  0.04183  0.00920  0.80968  -232.49098  -234.30940  4.99985   768
1088.00  0.04178  0.04183  0.00863  0.80968  -233.36836  -235.22035  4.99985   768
1089.00  0.04176  0.04183  0.00855  0.80968  -233.52400  -235.38515  4.99985   768
1090.00  0.04176  0.04183  0.00894  0.80968  -232.97011  -234.90755  4.99985   768
1091.00  0.04177  0.04183  0.00955  0.80968  -232.08357  -234.02101  4.99985   768
1092.00  0.04177  0.04183  0.01013  0.80968  -231.13447  -233.06123  4.99985   768
1093.00  0.04178  0.04183  0.01047  0.80968  -230.62025  -232.52870  4.99985   768
1094.00  0.04176  0.04183  0.01039  0.80968  -230.68434  -232.56074  4.99985   768
1095.00  0.04176  0.04183  0.00995  0.80968  -231.35268  -233.20619  4.99985   768
1096.00  0.04178  0.04183  0.00930  0.80968  -232.31856  -234.15071  4.99985   768
1097.00  0.04176  0.04183  0.00869  0.80968  -233.27833  -235.11964  4.99985   768
1098.00  0.04177  0.04183  0.00842  0.80968  -233.76509  -235.63539  4.99985   768
1099.00  0.04177  0.04183  0.00864  0.80968  -233.42482  -235.35615  4.99985   768
1100.00  0.04177  0.04183  0.00920  0.80968  -232.63899  -234.59016  4.99985   768
1101.00  0.04177  0.04183  0.00986  0.80968  -231.62276  -233.57393  4.99985   768
1102.00  0.04178  0.04183  0.01032  0.80968  -230.83540  -232.73927  4.99985   768
1103.00  0.04178  0.04183  0.01050  0.80968  -230.58211  -232.45546  4.99985   768
1104.00  0.04176  0.04183  0.01024  0.80968  -230.92238  -232.76979  4.99985   768
1105.00  0.04177  0.04183  0.00972  0.80968  -231.65938  -233.46254  4.99985   768
1106.00  0.04177  0.04183  0.00904  0.80968  -232.70918  -234.52455  4.99985   768
1107.00  0.04177  0.04183  0.00859  0.80968  -233.45228  -235.29359  4.99985   768
1108.00  0.04177  0.04183  0.00853  0.80968  -233.60945  -235.49501  4.99985   768
1109.00  0.04176  0.04183  0.00899  0.80968  -232.93349  -234.85567  4.99985   768
1110.00  0.04176  0.04183  0.00954  0.80968  -232.04695  -233.99965  4.99985   768
1111.00  0.04178  0.04183  0.01020  0.80968  -231.07344  -233.03529  4.99985   768
1112.00  0.04177  0.04183  0.01046  0.80968  -230.62025  -232.53480  4.99985   768
1113.00  0.04176  0.04183  0.01036  0.80968  -230.75758  -232.62941  4.99985   768
1114.00  0.04178  0.04183  0.01002  0.80968  -231.23671  -233.09785  4.99985   768
1115.00  0.04178  0.04183  0.00940  0.80968  -232.16444  -234.00880  4.99985   768
1116.00  0.04177  0.04183  0.00886  0.80968  -233.01283  -234.85872  4.99985   768
1117.00  0.04175  0.04183  0.00865  0.80968  -233.38667  -235.27986  4.99985   768
1118.00  0.04177  0.04183  0.00879  0.80968  -233.21730  -235.14711  4.99985   768
1119.00  0.04178  0.04183  0.00933  0.80968  -232.36739  -234.30025  4.99985   768
1120.00  0.04177  0.04183  0.01001  0.80968  -231.37404  -233.31453  4.99985   768
1121.00  0.04178  0.04183  0.01052  0.80968  -230.55311  -232.45698  4.99985   768
1122.00  0.04178  0.04183  0.01059  0.80968  -230.39748  -232.28303  4.99985   768
1123.00  0.04178  0.04183  0.01030  0.80968  -230.79268  -232.64009  4.99985   768
1124.00  0.04177  0.04183  0.00969  0.80968  -231.70210  -233.51594  4.99985   768
1125.00  0.04177  0.04183  0.00907  0.80968  -232.68935  -234.51387  4.99985   768
1126.00  0.04177  0.04183  0.00871  0.80968  -233.23561  -235.11049  4.99985   768
1127.00  0.04177  0.04183  0.00864  0.80968  -233.40956  -235.31648  4.99985   768
1128.00  0.04177  0.04183  0.00904  0.80968  -232.86787  -234.79768  4.99985   768
1129.00  0.04176  0.04183  0.00967  0.80968  -231.88826  -233.84096  4.99985   768
1130.00  0.04177  0.04183  0.01019  0.80968  -231.06123  -233.00325  4.99985   768
1131.00  0.04177  0.04183  0.01047  0.80968  -230.61415  -232.52107  4.99985   768
1132.00  0.04177  0.04183  0.01041  0.80968  -230.65535  -232.52260  4.99985   768
1133.00  0.04177  0.04183  0.00995  0.80968  -231.33894  -233.16499  4.99985   768
1134.00  0.04177  0.04183  0.00940  0.80968  -232.18275  -234.03017  4.99985   768
1135.00  0.04177  0.04183  0.00882  0.80968  -233.10286  -234.93501  4.99985   768
1136.00  0.04177  0.04183  0.00863  0.80968  -233.40803  -235.28291  4.99985   768
1137.00  0.04176  0.04183  0.00889  0.80968  -233.09370  -235.01588  4.99985   768
1138.00  0.04177  0.04183  0.00944  0.80968  -232.21785  -234.15529  4.99985   768
1139.00  0.04177  0.04183  0.01008  0.80968  -231.23366  -233.17110  4.99985   768
1140.00  0.04178  0.04183  0.01054  0.80968  -230.50581  -232.41273  4.99985   768
1141.00  0.04176  0.04183  0.01061  0.80968  -230.37001  -232.24794  4.99985   768
1142.00  0.04178  0.04183  0.01033  0.80968  -230.75453  -232.59737  4.99985   768
1143.00  0.04177  0.04183  0.00973  0.80968  -231.65633  -233.48848  4.99985   768
1144.00  0.04177  0.04183  0.00905  0.80968  -232.72444  -234.56575  4.99985   768
1145.00  0.04177  0.04183  0.00865  0.80968  -233.36989  -235.23256  4.99985   768
1146.00  0.04177  0.04183  0.00870  0.80968  -233.33327  -235.25392  4.99985   768
1147.00  0.04176  0.04183  0.00910  0.80968  -232.76259  -234.71681  4.99985   768
1148.00  0.04176  0.04183  0.00976  0.80968  -231.76009  -233.72041  4.99985   768
1149.00  0.04176  0.04183  0.01030  0.80968  -230.89644  -232.82625  4.99985   768
1150.00  0.04175  0.04183  0.01060  0.80968  -230.38832  -232.29829  4.99985   768
1151.00  0.04176  0.04183  0.01035  0.80968  -230.77589  -232.61415  4.99985   768
1152.00  0.04178  0.04183  0.00991  0.80968  -231.37862  -233.21077  4.99985   768
1153.00  0.04177  0.04183  0.00926  0.80968  -232.36739  -234.17207  4.99985   768
1154.00  0.04177  0.04183  0.00873  0.80968  -233.21272  -235.06319  4.99985   768
1155.00  0.04175  0.04183  0.00862  0.80968  -233.41566  -235.29817  4.99985   768
1156.00  0.04176  0.04183  0.00884  0.80968  -233.14864  -235.05098  4.99985   768
1157.00  0.04178  0.04183  0.00935  0.80968  -232.34907  -234.27431  4.99985   768
1158.00  0.04175  0.04183  0.01010  0.80968  -231.23213  -233.17415  4.99985   768
1159.00  0.04178  0.04183  0.01058  0.80968  -230.47530  -232.38527  4.99985   768
1160.00  0.04177  0.04183  0.01055  0.80968  -230.48445  -232.36085  4.99985   768
1161.00  0.04176  0.04183  0.01016  0.80968  -231.06734  -232.91017  4.99985   768
1162.00  0.04176  0.04183  0.00957  0.80968  -231.90199  -233.73567  4.99985   768
1163.00  0.04176  0.04183  0.00891  0.80968  -232.95485  -234.79311  4.99985   768
1164.00  0.04177  0.04183  0.00855  0.80968  -233.52400  -235.42940  4.99985   768
1165.00  0.04176  0.04183  0.00870  0.80968  -233.36378  -235.28291  4.99985   768
1166.00  0.04175  0.04183  0.00914  0.80968  -232.69697  -234.63594  4.99985   768
1167.00  0.04177  0.04183  0.00986  0.80968  -231.55104  -233.51289  4.99985   768
1168.00  0.04177  0.04183  0.01037  0.80968  -230.80183  -232.71791  4.99985   768
1169.00  0.04177  0.04183  0.01062  0.80968  -230.38222  -232.27846  4.99985   768
1170.00  0.04177  0.04183  0.01048  0.80968  -230.51802  -232.37764  4.99985   768
1171.00  0.04177  0.04183  0.00990  0.80968  -231.37251  -233.18788  4.99985   768
1172.00  0.04177  0.04183  0.00927  0.80968  -232.37196  -234.18733  4.99985   768
1173.00  0.04176  0.04183  0.00875  0.80968  -233.15932  -234.99147  4.99985   768
1174.00  0.04176  0.04183  0.00861  0.80968  -233.45534  -235.34242  4.99985   768
1175.00  0.04177  0.04183  0.00892  0.80968  -233.03572  -234.96858  4.99985   768
1176.00  0.04177  0.04183  0.00952  0.80968  -232.08357  -234.01643  4.99985   768
1177.00  0.04179  0.04183  0.01008  0.80968  -231.25807  -233.21687  4.99985   768
1178.00  0.04176  0.04183  0.01046  0.80968  -230.61110  -232.52870  4.99985   768
1179.00  0.04175  0.04183  0.01045  0.80968  -230.58974  -232.45851  4.99985   768
1180.00  0.04176  0.04183  0.01004  0.80968  -231.20619  -233.06123  4.99985   768
1181.00  0.04175  0.04183  0.00942  0.80968  -232.13850  -233.97829  4.99985   768
1182.00  0.04177  0.04183  0.00879  0.80968  -233.12422  -234.95790  4.99985   768
1183.00  0.04176  0.04183  0.00844  0.80968  -233.67964  -235.53010  4.99985   768
1184.00  0.04175  0.04183  0.00846  0.80968  -233.70711  -235.62166  4.99985   768
1185.00  0.04177  0.04183  0.00897  0.80968  -232.94569  -234.90755  4.99985   768
1186.00  0.04177  0.04183  0.00975  0.80968  -231.79823  -233.74330  4.99985   768
1187.00  0.04177  0.04183  0.01040  0.80968  -230.74843  -232.67671  4.99985   768
1188.00  0.04177  0.04183  0.01055  0.80968  -230.42799  -232.31508  4.99985   768
1189.00  0.04177  0.04183  0.01036  0.80968  -230.72249  -232.57753  4.99985   768
1190.00  0.04176  0.04183  0.00984  0.80968  -231.47169  -233.28859  4.99985   768
1191.00  0.04177  0.04183  0.00921  0.80968  -232.46046  -234.28957  4.99985   768
1192.00  0.04176  0.04183  0.00868  0.80968  -233.29970  -235.13795  4.99985   768
1193.00  0.04175  0.04183  0.00851  0.80968  -233.63844  -235.52095  4.99985   768
1194.00  0.04177  0.04183  0.00886  0.80968  -233.13490  -235.09065  4.99985   768
1195.00  0.04178  0.04183  0.00946  0.80968  -232.18428  -234.12477  4.99985   768
1196.00  0.04176  0.04183  0.01018  0.80968  -231.11006  -233.08107  4.99985   768
1197.00  0.04176  0.04183  0.01057  0.80968  -230.45393  -232.37154  4.99985   768
1198.00  0.04176  0.04183  0.01060  0.80968  -230.36085  -232.26167  4.99985   768
1199.00  0.04177  0.04183  0.01009  0.80968  -231.10701  -232.94374  4.99985   768
1200.00  0.04176  0.04183  0.00947  0.80968  -232.02406  -233.83943  4.99985   768
1201.00  0.04175  0.04183  0.00885  0.80968  -233.05250  -234.89992  4.99985   768
1202.00  0.04176  0.04183  0.00851  0.80968  -233.64149  -235.49348  4.99985   768
1203.00  0.04176  0.04183  0.00858  0.80968  -233.53163  -235.41414  4.99985   768
1204.00  0.04177  0.04183  0.00905  0.80968  -232.83888  -234.76259  4.99985   768
1205.00  0.04176  0.04183  0.00978  0.80968  -231.73109  -233.67158  4.99985   768
1206.00  0.04177  0.04183  0.01032  0.80968  -230.88576  -232.78657  4.99985   768
1207.00  0.04176  0.04183  0.01054  0.80968  -230.48140  -232.36238  4.99985   768
1208.00  0.04176  0.04183  0.01037  0.80968  -230.69502  -232.54549  4.99985   768
1209.00  0.04177  0.04183  0.00981  0.80968  -231.56172  -233.38472  4.99985   768
1210.00  0.04175  0.04183  0.00917  0.80968  -232.56117  -234.38112  4.99985   768
1211.00  0.04176  0.04183  0.00868  0.80968  -233.32106  -235.17915  4.99985   768
1212.00  0.04177  0.04183  0.00858  0.80968  -233.50264  -235.38972  4.99985   768
1213.00  0.04176  0.04183  0.00886  0.80968  -233.12575  -235.07997  4.99985   768
1214.00  0.04177  0.04183  0.00954  0.80968  -232.10646  -234.06068  4.99985   768
1215.00  0.04176  0.04183  0.01016  0.80968  -231.13142  -233.07344  4.99985   768
1216.00  0.04177  0.04183  0.01050  0.80968  -230.54854  -232.46461  4.99985   768
1217.00  0.04176  0.04183  0.01058  0.80968  -230.43867  -232.31966  4.99985   768
1218.00  0.04176  0.04183  0.01013  0.80968  -231.08565  -232.90559  4.99985   768
1219.00  0.04176  0.04183  0.00959  0.80968  -231.90047  -233.72499  4.99985   768
1220.00  0.04176  0.04183  0.00895  0.80968  -232.86024  -234.66951  4.99985   768
1221.00  0.04176  0.04183  0.00861  0.80968  -233.43092  -235.30122  4.99985   768
1222.00  0.04176  0.04183  0.00877  0.80968  -233.23103  -235.13795  4.99985   768
1223.00  0.04177  0.04183  0.00923  0.80968  -232.54439  -234.46809  4.99985   768
1224.00  0.04177  0.04183  0.00988  0.80968  -231.56630  -233.50221  4.99985   768
1225.00  0.04178  0.04183  0.01033  0.80968  -230.84303  -232.75148  4.99985   768
1226.00  0.04176  0.04183  0.01049  0.80968  -230.53023  -232.40510  4.99985   768
1227.00  0.04177  0.04183  0.01028  0.80968  -230.90102  -232.75606  4.99985   768
1228.00  0.04175  0.04183  0.00979  0.80968  -231.60902  -233.46101  4.99985   768
1229.00  0.04176  0.04183  0.00915  0.80968  -232.55812  -234.39790  4.99985   768
1230.00  0.04175  0.04183  0.00863  0.80968  -233.41872  -235.27071  4.99985   768
1231.00  0.04176  0.04183  0.00856  0.80968  -233.53926  -235.44313  4.99985   768
1232.00  0.04176  0.04183  0.00892  0.80968  -233.02351  -234.98079  4.99985   768
1233.00  0.04175  0.04183  0.00961  0.80968  -231.99354  -233.92946  4.99985   768
1234.00  0.04175  0.04183  0.01008  0.80968  -231.24129  -233.17720  4.99985   768
1235.00  0.04176  0.04183  0.01035  0.80968  -230.73775  -232.62941  4.99985   768
1236.00  0.04177  0.04183  0.01029  0.80968  -230.83540  -232.70875  4.99985   768
1237.00  0.04177  0.04183  0.01000  0.80968  -231.26570  -233.09785  4.99985   768
1238.00  0.04176  0.04183  0.00940  0.80968  -232.16292  -233.98134  4.99985   768
1239.00  0.04175  0.04183  0.00880  0.80968  -233.07997  -234.88466  4.99985   768
1240.00  0.04176  0.04183  0.00850  0.80968  -233.60792  -235.47060  4.99985   768
1241.00  0.04176  0.04183  0.00866  0.80968  -233.41872  -235.33479  4.99985   768
1242.00  0.04176  0.04183  0.00925  0.80968  -232.53065  -234.47877  4.99985   768
1243.00  0.04175  0.04183  0.00990  0.80968  -231.51137  -233.46712  4.99985   768
1244.00  0.04176  0.04183  0.01026  0.80968  -230.95900  -232.87508  4.99985   768
1245.00  0.04176  0.04183  0.01047  0.80968  -230.60042  -232.48903  4.99985   768
1246.00  0.04176  0.04183  0.01024  0.80968  -230.91780  -232.77742  4.99985   768
1247.00  0.04175  0.04183  0.00966  0.80968  -231.78145  -233.61818  4.99985   768
1248.00  0.04175  0.04183  0.00920  0.80968  -232.50624  -234.34755  4.99985   768
1249.00  0.04175  0.04183  0.00878  0.80968  -233.14864  -235.01283  4.99985   768
1250.00  0.04176  0.04183  0.00873  0.80968  -233.27833  -235.19594  4.99985   768
1251.00  0.04177  0.04183  0.00907  0.80968  -232.77937  -234.71223  4.99985   768
1252.00  0.04175  0.04183  0.00972  0.80968  -231.81807  -233.75703  4.99985   768
1253.00  0.04176  0.04183  0.01025  0.80968  -230.96968  -232.89949  4.99985   768
1254.00  0.04175  0.04183  0.01060  0.80968  -230.37306  -232.27235  4.99985   768
1255.00  0.04177  0.04183  0.01049  0.80968  -230.52870  -232.38069  4.99985   768
1256.00  0.04176  0.04183  0.01000  0.80968  -231.22450  -233.03224  4.99985   768
1257.00  0.04177  0.04183  0.00940  0.80968  -232.12935  -233.95540  4.99985   768
1258.00  0.04177  0.04183  0.00886  0.80968  -233.01436  -234.85872  4.99985   768
1259.00  0.04177  0.04183  0.00858  0.80968  -233.51027  -235.37599  4.99985   768
1260.00  0.04176  0.04183  0.00876  0.80968  -233.28139  -235.20204  4.99985   768
1261.00  0.04175  0.04183  0.00933  0.80968  -232.38875  -234.33992  4.99985   768
1262.00  0.04176  0.04183  0.00995  0.80968  -231.45033  -233.40608  4.99985   768
1263.00  0.04175  0.04183  0.01033  0.80968  -230.81862  -232.74690  4.99985   768
1264.00  0.04176  0.04183  0.01042  0.80968  -230.66908  -232.55159  4.99985   768
1265.00  0.04177  0.04183  0.01016  0.80968  -231.05818  -232.92848  4.99985   768
1266.00  0.04175  0.04183  0.00957  0.80968  -231.88826  -233.70210  4.99985   768
1267.00  0.04175  0.04183  0.00892  0.80968  -233.00215  -234.81294  4.99985   768
1268.00  0.04174  0.04183  0.00855  0.80968  -233.53316  -235.41109  4.99985   768
1269.00  0.04176  0.04183  0.00860  0.80968  -233.49654  -235.38362  4.99985   768
1270.00  0.04176  0.04183  0.00900  0.80968  -232.88466  -234.79768  4.99985   768
1271.00  0.04176  0.04183  0.00956  0.80968  -232.03627  -233.96913  4.99985   768
1272.00  0.04175  0.04183  0.01011  0.80968  -231.16804  -233.06734  4.99985   768
1273.00  0.04175  0.04183  0.01036  0.80968  -230.77589  -232.68587  4.99985   768
1274.00  0.04175  0.04183  0.01036  0.80968  -230.74690  -232.60499  4.99985   768
1275.00  0.04175  0.04183  0.00986  0.80968  -231.49000  -233.32521  4.99985   768
1276.00  0.04176  0.04183  0.00935  0.80968  -232.25905  -234.09120  4.99985   768
1277.00  0.04176  0.04183  0.00876  0.80968  -233.16847  -235.00215  4.99985   768
1278.00  0.04176  0.04183  0.00863  0.80968  -233.40498  -235.31190  4.99985   768
1279.00  0.04176  0.04183  0.00891  0.80968  -233.04945  -234.98689  4.99985   768
1280.00  0.04176  0.04183  0.00947  0.80968  -232.20106  -234.15071  4.99985   768
1281.00  0.04176  0.04183  0.01012  0.80968  -231.20619  -233.15736  4.99985   768
1282.00  0.04176  0.04183  0.01052  0.80968  -230.53633  -232.48445  4.99985   768
1283.00  0.04176  0.04183  0.01060  0.80968  -230.32271  -232.21437  4.99985   768
1284.00  0.04175  0.04183  0.01028  0.80968  -230.83998  -232.67824  4.99985   768
1285.00  0.04176  0.04183  0.00966  0.80968  -231.75398  -233.58003  4.99985   768
1286.00  0.04175  0.04183  0.00911  0.80968  -232.62526  -234.45283  4.99985   768
1287.00  0.04175  0.04183  0.00870  0.80968  -233.27223  -235.11964  4.99985   768
1288.00  0.04176  0.04183  0.00877  0.80968  -233.23561  -235.13490  4.99985   768
1289.00  0.04176  0.04183  0.00923  0.80968  -232.57185  -234.49556  4.99985   768
1290.00  0.04176  0.04183  0.00991  0.80968  -231.51137  -233.45796  4.99985   768
1291.00  0.04176  0.04183  0.01045  0.80968  -230.65535  -232.59584  4.99985   768
1292.00  0.04176  0.04183  0.01071  0.80968  -230.24641  -232.12739  4.99985   768
1293.00  0.04175  0.04183  0.01046  0.80968  -230.52717  -232.38832  4.99985   768
1294.00  0.04175  0.04183  0.00985  0.80968  -231.48390  -233.29927  4.99985   768
1295.00  0.04176  0.04183  0.00924  0.80968  -232.41774  -234.24837  4.99985   768
1296.00  0.04175  0.04183  0.00876  0.80968  -233.19136  -235.04945  4.99985   768
1297.00  0.04175  0.04183  0.00860  0.80968  -233.49654  -235.40651  4.99985   768
1298.00  0.04176  0.04183  0.00882  0.80968  -233.18678  -235.11659  4.99985   768
1299.00  0.04175  0.04183  0.00951  0.80968  -232.16292  -234.14308  4.99985   768
1300.00  0.04176  0.04183  0.01015  0.80968  -231.14668  -233.07802  4.99985   768
1301.00  0.04175  0.04183  0.01051  0.80968  -230.52107  -232.43867  4.99985   768
1302.00  0.04175  0.04183  0.01054  0.80968  -230.43104  -232.29219  4.99985   768
1303.00  0.04175  0.04183  0.01018  0.80968  -230.93001  -232.76826  4.99985   768
1304.00  0.04176  0.04183  0.00957  0.80968  -231.91725  -233.71431  4.99985   768
1305.00  0.04176  0.04183  0.00890  0.80968  -232.95027  -234.78242  4.99985   768
1306.00  0.04175  0.04183  0.00851  0.80968  -233.58198  -235.43550  4.99985   768
1307.00  0.04176  0.04183  0.00868  0.80968  -233.33327  -235.23103  4.99985   768
1308.00  0.04177  0.04183  0.00905  0.80968  -232.85567  -234.78242  4.99985   768
1309.00  0.04177  0.04183  0.00985  0.80968  -231.63191  -233.59376  4.99985   768
1310.00  0.04175  0.04183  0.01038  0.80968  -230.76674  -232.70570  4.99985   768
1311.00  0.04175  0.04183  0.01064  0.80968  -230.33339  -232.24641  4.99985   768
1312.00  0.04175  0.04183  0.01039  0.80968  -230.70723  -232.58058  4.99985   768
1313.00  0.04175  0.04183  0.00993  0.80968  -231.35573  -233.18788  4.99985   768
1314.00  0.04175  0.04183  0.00927  0.80968  -232.37959  -234.22548  4.99985   768
1315.00  0.04175  0.04183  0.00874  0.80968  -233.22340  -235.07539  4.99985   768
1316.00  0.04175  0.04183  0.00857  0.80968  -233.49959  -235.38972  4.99985   768
1317.00  0.04175  0.04183  0.00879  0.80968  -233.20357  -235.08913  4.99985   768
1318.00  0.04176  0.04183  0.00939  0.80968  -232.38264  -234.33687  4.99985   768
1319.00  0.04175  0.04183  0.01010  0.80968  -231.21535  -233.14821  4.99985   768
1320.00  0.04175  0.04183  0.01053  0.80968  -230.52565  -232.44173  4.99985   768
1321.00  0.04175  0.04183  0.01061  0.80968  -230.36238  -232.23268  4.99985   768
1322.00  0.04175  0.04183  0.01013  0.80968  -231.03682  -232.84761  4.99985   768
1323.00  0.04175  0.04183  0.00954  0.80968  -231.94777  -233.76924  4.99985   768
1324.00  0.04176  0.04183  0.00893  0.80968  -232.88161  -234.70766  4.99985   768
1325.00  0.04176  0.04183  0.00854  0.80968  -233.54536  -235.38972  4.99985   768
1326.00  0.04175  0.04183  0.00862  0.80968  -233.47670  -235.38820  4.99985   768
1327.00  0.04176  0.04183  0.00906  0.80968  -232.80226  -234.74428  4.99985   768
1328.00  0.04175  0.04183  0.00972  0.80968  -231.80586  -233.76619  4.99985   768
1329.00  0.04176  0.04183  0.01019  0.80968  -231.06428  -233.00783  4.99985   768
1330.00  0.04175  0.04183  0.01052  0.80968  -230.57143  -232.49666  4.99985   768
1331.00  0.04176  0.04183  0.01036  0.80968  -230.74080  -232.61720  4.99985   768
1332.00  0.04174  0.04183  0.00986  0.80968  -231.47169  -233.31911  4.99985   768
1333.00  0.04175  0.04183  0.00931  0.80968  -232.36586  -234.18275  4.99985   768
1334.00  0.04175  0.04183  0.00876  0.80968  -233.18983  -235.03725  4.99985   768
1335.00  0.04176  0.04183  0.00867  0.80968  -233.32716  -235.22493  4.99985   768
1336.00  0.04174  0.04183  0.00890  0.80968  -233.04945  -234.95637  4.99985   768
1337.00  0.04176  0.04183  0.00952  0.80968  -232.10799  -234.04542  4.99985   768
1338.00  0.04176  0.04183  0.01016  0.80968  -231.10243  -233.00935  4.99985   768
1339.00  0.04175  0.04183  0.01050  0.80968  -230.57600  -232.46156  4.99985   768
1340.00  0.04175  0.04183  0.01047  0.80968  -230.57905  -232.42952  4.99985   768
1341.00  0.04175  0.04183  0.01018  0.80968  -230.98494  -232.83388  4.99985   768
1342.00  0.04175  0.04183  0.00954  0.80968  -231.96303  -233.78603  4.99985   768
1343.00  0.04174  0.04183  0.00899  0.80968  -232.83278  -234.68324  4.99985   768
1344.00  0.04176  0.04183  0.00870  0.80968  -233.29817  -235.16389  4.99985   768
1345.00  0.04175  0.04183  0.00879  0.80968  -233.19441  -235.12270  4.99985   768
1346.00  0.04176  0.04183  0.00916  0.80968  -232.65883  -234.59932  4.99985   768
1347.00  0.04175  0.04183  0.00985  0.80968  -231.62733  -233.58461  4.99985   768
1348.00  0.04175  0.04183  0.01026  0.80968  -230.94984  -232.88118  4.99985   768
1349.00  0.04173  0.04183  0.01050  0.80968  -230.55922  -232.43715  4.99985   768
1350.00  0.04175  0.04183  0.01026  0.80968  -230.93306  -232.80488  4.99985   768
1351.00  0.04175  0.04183  0.00980  0.80968  -231.53426  -233.38319  4.99985   768
1352.00  0.04175  0.04183  0.00911  0.80968  -232.56422  -234.39332  4.99985   768
1353.00  0.04176  0.04183  0.00872  0.80968  -233.26613  -235.11049  4.99985   768
1354.00  0.04174  0.04183  0.00866  0.80968  -233.36226  -235.25087  4.99985   768
1355.00  0.04173  0.04183  0.00890  0.80968  -233.02656  -234.92738  4.99985   768
1356.00  0.04175  0.04183  0.00957  0.80968  -232.05458  -234.00575  4.99985   768
1357.00  0.04175  0.04183  0.01011  0.80968  -231.19398  -233.10701  4.99985   768
1358.00  0.04175  0.04183  0.01036  0.80968  -230.78810  -232.68739  4.99985   768
1359.00  0.04176  0.04183  0.01040  0.80968  -230.70265  -232.57448  4.99985   768
1360.00  0.04175  0.04183  0.01008  0.80968  -231.14516  -233.01240  4.99985   768
1361.00  0.04175  0.04183  0.00961  0.80968  -231.84248  -233.67464  4.99985   768
1362.00  0.04175  0.04183  0.00896  0.80968  -232.84651  -234.68324  4.99985   768
1363.00  0.04174  0.04183  0.00870  0.80968  -233.33327  -235.22340  4.99985   768
1364.00  0.04175  0.04183  0.00889  0.80968  -233.06471  -234.99452  4.99985   768
1365.00  0.04175  0.04183  0.00946  0.80968  -232.19191  -234.14155  4.99985   768
1366.00  0.04173  0.04183  0.01011  0.80968  -231.25349  -233.21992  4.99985   768
1367.00  0.04175  0.04183  0.01059  0.80968  -230.42036  -232.32271  4.99985   768
1368.00  0.04175  0.04183  0.01072  0.80968  -230.22047  -232.11519  4.99985   768
1369.00  0.04175  0.04183  0.01040  0.80968  -230.59737  -232.42342  4.99985   768
1370.00  0.04176  0.04183  0.00977  0.80968  -231.62733  -233.43965  4.99985   768
1371.00  0.04175  0.04183  0.00916  0.80968  -232.51997  -234.34297  4.99985   768
1372.00  0.04175  0.04183  0.00876  0.80968  -233.17457  -235.02504  4.99985   768
1373.00  0.04175  0.04183  0.00864  0.80968  -233.36378  -235.24629  4.99985   768
1374.00  0.04175  0.04183  0.00900  0.80968  -232.90755  -234.83888  4.99985   768
1375.00  0.04176  0.04183  0.00972  0.80968  -231.79518  -233.74940  4.99985   768
1376.00  0.04175  0.04183  0.01032  0.80968  -230.88728  -232.82472  4.99985   768
1377.00  0.04177  0.04183  0.01053  0.80968  -230.50886  -232.41273  4.99985   768
1378.00  0.04175  0.04183  0.01036  0.80968  -230.73927  -232.60652  4.99985   768
1379.00  0.04176  0.04183  0.00987  0.80968  -231.47017  -233.29469  4.99985   768
1380.00  0.04175  0.04183  0.00926  0.80968  -232.41164  -234.25752  4.99985   768
1381.00  0.04177  0.04183  0.00865  0.80968  -233.33327  -235.18373  4.99985   768
1382.00  0.04175  0.04183  0.00843  0.80968  -233.74525  -235.62318  4.99985   768
1383.00  0.04175  0.04183  0.00864  0.80968  -233.46907  -235.40956  4.99985   768
1384.00  0.04174  0.04183  0.00923  0.80968  -232.53981  -234.49251  4.99985   768
1385.00  0.04175  0.04183  0.00989  0.80968  -231.57545  -233.51137  4.99985   768
1386.00  0.04177  0.04183  0.01042  0.80968  -230.67366  -232.58974  4.99985   768
1387.00  0.04175  0.04183  0.01053  0.80968  -230.51192  -232.37916  4.99985   768
1388.00  0.04176  0.04183  0.01025  0.80968  -230.88270  -232.71638  4.99985   768
1389.00  0.04176  0.04183  0.00965  0.80968  -231.76771  -233.56325  4.99985   768
1390.00  0.04175  0.04183  0.00902  0.80968  -232.74123  -234.57796  4.99985   768
1391.00  0.04176  0.04183  0.00860  0.80968  -233.42329  -235.27681  4.99985   768
1392.00  0.04176  0.04183  0.00851  0.80968  -233.65370  -235.52705  4.99985   768
1393.00  0.04175  0.04183  0.00899  0.80968  -232.93349  -234.89534  4.99985   768
1394.00  0.04175  0.04183  0.00976  0.80968  -231.74330  -233.71126  4.99985   768
1395.00  0.04175  0.04183  0.01036  0.80968  -230.83082  -232.76521  4.99985   768
1396.00  0.04176  0.04183  0.01072  0.80968  -230.19148  -232.10145  4.99985   768
1397.00  0.04175  0.04183  0.01064  0.80968  -230.30897  -232.19301  4.99985   768
1398.00  0.04175  0.04183  0.01015  0.80968  -231.03072  -232.86287  4.99985   768
1399.00  0.04175  0.04183  0.00948  0.80968  -232.06374  -233.89741  4.99985   768
1400.00  0.04175  0.04183  0.00889  0.80968  -232.94112  -234.79005  4.99985   768
1401.00  0.04175  0.04183  0.00866  0.80968  -233.36836  -235.26002  4.99985   768
1402.00  0.04177  0.04183  0.00877  0.80968  -233.20967  -235.11049  4.99985   768
1403.00  0.04176  0.04183  0.00938  0.80968  -232.33534  -234.27583  4.99985   768
1404.00  0.04175  0.04183  0.01001  0.80968  -231.38777  -233.32368  4.99985   768
1405.00  0.04175  0.04183  0.01056  0.80968  -230.49208  -232.39442  4.99985   768
1406.00  0.04175  0.04183  0.01064  0.80968  -230.29372  -232.17317  4.99985   768
1407.00  0.04175  0.04183  0.01051  0.80968  -230.53633  -232.38527  4.99985   768
1408.00  0.04174  0.04183  0.00985  0.80968  -231.44728  -233.26265  4.99985   768
1409.00  0.04175  0.04183  0.00920  0.80968  -232.48488  -234.28957  4.99985   768
1410.00  0.04174  0.04183  0.00870  0.80968  -233.29665  -235.16542  4.99985   768
1411.00  0.04174  0.04183  0.00857  0.80968  -233.50416  -235.39430  4.99985   768
1412.00  0.04175  0.04183  0.00891  0.80968  -233.04030  -234.97774  4.99985   768
1413.00  0.04175  0.04183  0.00956  0.80968  -232.08052  -234.03780  4.99985   768
1414.00  0.04176  0.04183  0.01029  0.80968  -230.93306  -232.89644  4.99985   768
1415.00  0.04175  0.04183  0.01059  0.80968  -230.42647  -232.33186  4.99985   768
1416.00  0.04175  0.04183  0.01047  0.80968  -230.58821  -232.45088  4.99985   768
1417.00  0.04173  0.04183  0.01000  0.80968  -231.29469  -233.13447  4.99985   768
1418.00  0.04174  0.04183  0.00932  0.80968  -232.34755  -234.16292  4.99985   768
1419.00  0.04175  0.04183  0.00875  0.80968  -233.19136  -235.02504  4.99985   768
1420.00  0.04175  0.04183  0.00854  0.80968  -233.52095  -235.40346  4.99985   768
1421.00  0.04176  0.04183  0.00876  0.80968  -233.26460  -235.17305  4.99985   768
1422.00  0.04175  0.04183  0.00930  0.80968  -232.44978  -234.38264  4.99985   768
1423.00  0.04176  0.04183  0.00991  0.80968  -231.50832  -233.44575  4.99985   768
1424.00  0.04175  0.04183  0.01036  0.80968  -230.77132  -232.70265  4.99985   768
1425.00  0.04175  0.04183  0.01048  0.80968  -230.50734  -232.37611  4.99985   768
1426.00  0.04174  0.04183  0.01028  0.80968  -230.89186  -232.73927  4.99985   768
1427.00  0.04175  0.04183  0.00970  0.80968  -231.73415  -233.58308  4.99985   768
1428.00  0.04174  0.04183  0.00905  0.80968  -232.72902  -234.56117  4.99985   768
1429.00  0.04175  0.04183  0.00866  0.80968  -233.33937  -235.20357  4.99985   768
1430.00  0.04174  0.04183  0.00866  0.80968  -233.41261  -235.33632  4.99985   768
1431.00  0.04175  0.04183  0.00907  0.80968  -232.80684  -234.74123  4.99985   768
1432.00  0.04175  0.04183  0.00967  0.80968  -231.88673  -233.84401  4.99985   768
1433.00  0.04173  0.04183  0.01023  0.80968  -230.98189  -232.93153  4.99985   768
1434.00  0.04175  0.04183  0.01062  0.80968  -230.35780  -232.25862  4.99985   768
1435.00  0.04176  0.04183  0.01048  0.80968  -230.54396  -232.39290  4.99985   768
1436.00  0.04175  0.04183  0.01005  0.80968  -231.18178  -233.00935  4.99985   768
1437.00  0.04175  0.04183  0.00942  0.80968  -232.13087  -233.94777  4.99985   768
1438.00  0.04175  0.04183  0.00885  0.80968  -233.04030  -234.86635  4.99985   768
1439.00  0.04175  0.04183  0.00859  0.80968  -233.46602  -235.33784  4.99985   768
1440.00  0.04176  0.04183  0.00882  0.80968  -233.13643  -235.03267  4.99985   768
1441.00  0.04176  0.04183  0.00945  0.80968  -232.24226  -234.20869  4.99985   768
1442.00  0.04175  0.04183  0.01014  0.80968  -231.17720  -233.12685  4.99985   768
1443.00  0.04175  0.04183  0.01049  0.80968  -230.58668  -232.48292  4.99985   768
1444.00  0.04175  0.04183  0.01073  0.80968  -230.22047  -232.13502  4.99985   768
1445.00  0.04175  0.04183  0.01039  0.80968  -230.67213  -232.51344  4.99985   768
1446.00  0.04174  0.04183  0.00974  0.80968  -231.61818  -233.44270  4.99985   768
1447.00  0.04175  0.04183  0.00915  0.80968  -232.58864  -234.45436  4.99985   768
1448.00  0.04175  0.04183  0.00869  0.80968  -233.27681  -235.12422  4.99985   768
1449.00  0.04174  0.04183  0.00863  0.80968  -233.44771  -235.36073  4.99985   768
1450.00  0.04175  0.04183  0.00907  0.80968  -232.79158  -234.74885  4.99985   768
1451.00  0.04173  0.04183  0.00965  0.80968  -231.88216  -233.83180  4.99985   768
1452.00  0.04176  0.04183  0.01023  0.80968  -231.00630  -232.93764  4.99985   768
1453.00  0.04175  0.04183  0.01044  0.80968  -230.64162  -232.49971  4.99985   768
1454.00  0.04175  0.04183  0.01035  0.80968  -230.74080  -232.58211  4.99985   768
1455.00  0.04176  0.04183  0.00986  0.80968  -231.42897  -233.23518  4.99985   768
1456.00  0.04173  0.04183  0.00929  0.80968  -232.34297  -234.18123  4.99985   768
1457.00  0.04175  0.04183  0.00873  0.80968  -233.20051  -235.02962  4.99985   768
1458.00  0.04174  0.04183  0.00856  0.80968  -233.48891  -235.37294  4.99985   768
1459.00  0.04176  0.04183  0.00882  0.80968  -233.14558  -235.07082  4.99985   768
1460.00  0.04174  0.04183  0.00931  0.80968  -232.42079  -234.35365  4.99985   768
1461.00  0.04174  0.04183  0.00987  0.80968  -231.59224  -233.54951  4.99985   768
1462.00  0.04176  0.04183  0.01041  0.80968  -230.78047  -232.69655  4.99985   768
1463.00  0.04175  0.04183  0.01043  0.80968  -230.64619  -232.53023  4.99985   768
1464.00  0.04176  0.04183  0.01009  0.80968  -231.15126  -233.02003  4.99985   768
1465.00  0.04175  0.04183  0.00965  0.80968  -231.78603  -233.62581  4.99985   768
1466.00  0.04175  0.04183  0.00903  0.80968  -232.77327  -234.61000  4.99985   768
1467.00  0.04175  0.04183  0.00867  0.80968  -233.32869  -235.21120  4.99985   768
1468.00  0.04174  0.04183  0.00881  0.80968  -233.20204  -235.09676  4.99985   768
1469.00  0.04174  0.04183  0.00922  0.80968  -232.58711  -234.51692  4.99985   768
1470.00  0.04173  0.04183  0.00982  0.80968  -231.65785  -233.60292  4.99985   768
1471.00  0.04175  0.04183  0.01042  0.80968  -230.68587  -232.60042  4.99985   768
1472.00  0.04173  0.04183  0.01067  0.80968  -230.27846  -232.15944  4.99985   768
1473.00  0.04175  0.04183  0.01053  0.80968  -230.48750  -232.35475  4.99985   768
1474.00  0.04175  0.04183  0.01006  0.80968  -231.14668  -232.97884  4.99985   768
1475.00  0.04174  0.04183  0.00949  0.80968  -232.04237  -233.88216  4.99985   768
1476.00  0.04176  0.04183  0.00894  0.80968  -232.89534  -234.73054  4.99985   768
1477.00  0.04175  0.04183  0.00876  0.80968  -233.23561  -235.11964  4.99985   768
1478.00  0.04175  0.04183  0.00904  0.80968  -232.85872  -234.78853  4.99985   768
1479.00  0.04175  0.04183  0.00956  0.80968  -232.09425  -234.06831  4.99985   768
1480.00  0.04174  0.04183  0.01020  0.80968  -231.07497  -233.00478  4.99985   768
1481.00  0.04176  0.04183  0.01062  0.80968  -230.39442  -232.32423  4.99985   768
1482.00  0.04174  0.04183  0.01058  0.80968  -230.38222  -232.26472  4.99985   768
1483.00  0.04174  0.04183  0.01022  0.80968  -230.93001  -232.77894  4.99985   768
1484.00  0.04176  0.04183  0.00959  0.80968  -231.85469  -233.68074  4.99985   768
1485.00  0.04175  0.04183  0.00889  0.80968  -232.97774  -234.79921  4.99985   768
1486.00  0.04176  0.04183  0.00865  0.80968  -233.37904  -235.24019  4.99985   768
1487.00  0.04173  0.04183  0.00870  0.80968  -233.31953  -235.23103  4.99985   768
1488.00  0.04175  0.04183  0.00908  0.80968  -232.78242  -234.70613  4.99985   768
1489.00  0.04174  0.04183  0.00976  0.80968  -231.73262  -233.66701  4.99985   768
1490.00  0.04174  0.04183  0.01031  0.80968  -230.88728  -232.81251  4.99985   768
1491.00  0.04174  0.04183  0.01048  0.80968  -230.57600  -232.45393  4.99985   768
1492.00  0.04174  0.04183  0.01034  0.80968  -230.76826  -232.62941  4.99985   768
1493.00  0.04175  0.04183  0.00983  0.80968  -231.49000  -233.32368  4.99985   768
1494.00  0.04175  0.04183  0.00914  0.80968  -232.59169  -234.42079  4.99985   768
1495.00  0.04175  0.04183  0.00869  0.80968  -233.29665  -235.16847  4.99985   768
1496.00  0.04175  0.04183  0.00863  0.80968  -233.40193  -235.30580  4.99985   768
1497.00  0.04175  0.04183  0.00893  0.80968  -233.02199  -234.97163  4.99985   768
1498.00  0.04174  0.04183  0.00954  0.80968  -232.12324  -234.08052  4.99985   768
1499.00  0.04176  0.04183  0.01025  0.80968  -230.99257  -232.93001  4.99985   768
1500.00  0.04175  0.04183  0.01061  0.80968  -230.38069  -232.31660  4.99985   768
1501.00  0.04175  0.04183  0.01059  0.80968  -230.38679  -232.26625  4.99985   768
1502.00  0.04173  0.04183  0.01031  0.80968  -230.79878  -232.63399  4.99985   768
1503.00  0.04174  0.04183  0.00970  0.80968  -231.69142  -233.53120  4.99985   768
1504.00  0.04175  0.04183  0.00904  0.80968  -232.70460  -234.51540  4.99985   768
1505.00  0.04176  0.04183  0.00868  0.80968  -233.31343  -235.15626  4.99985   768
1506.00  0.04175  0.04183  0.00882  0.80968  -233.14864  -235.06319  4.99985   768
1507.00  0.04175  0.04183  0.00933  0.80968  -232.41011  -234.35213  4.99985   768
1508.00  0.04175  0.04183  0.01002  0.80968  -231.32216  -233.27486  4.99985   768
1509.00  0.04175  0.04183  0.01052  0.80968  -230.55006  -232.47224  4.99985   768
1510.00  0.04173  0.04183  0.01065  0.80968  -230.28609  -232.16402  4.99985   768
1511.00  0.04175  0.04183  0.01042  0.80968  -230.65993  -232.52565  4.99985   768
1512.00  0.04175  0.04183  0.00990  0.80968  -231.41829  -233.25349  4.99985   768
1513.00  0.04174  0.04183  0.00923  0.80968  -232.46046  -234.30940  4.99985   768
1514.00  0.04176  0.04183  0.00876  0.80968  -233.18220  -235.04030  4.99985   768
1515.00  0.04175  0.04183  0.00860  0.80968  -233.48738  -235.38057  4.99985   768
1516.00  0.04175  0.04183  0.00884  0.80968  -233.18678  -235.13185  4.99985   768
1517.00  0.04174  0.04183  0.00955  0.80968  -232.09883  -234.05000  4.99985   768
1518.00  0.04175  0.04183  0.01019  0.80968  -231.03834  -232.98189  4.99985   768
1519.00  0.04175  0.04183  0.01050  0.80968  -230.56837  -232.44936  4.99985   768
1520.00  0.04175  0.04183  0.01049  0.80968  -230.53786  -232.40053  4.99985   768
1521.00  0.04175  0.04183  0.01014  0.80968  -231.05818  -232.88881  4.99985   768
1522.00  0.04175  0.04183  0.00949  0.80968  -232.04237  -233.83485  4.99985   768
1523.00  0.04175  0.04183  0.00886  0.80968  -232.97316  -234.81752  4.99985   768
1524.00  0.04176  0.04183  0.00863  0.80968  -233.41872  -235.29054  4.99985   768
1525.00  0.04175  0.04183  0.00863  0.80968  -233.40651  -235.31038  4.99985   768
1526.00  0.04175  0.04183  0.00919  0.80968  -232.64509  -234.59322  4.99985   768
1527.00  0.04175  0.04183  0.00986  0.80968  -231.62276  -233.56630  4.99985   768
1528.00  0.04175  0.04183  0.01043  0.80968  -230.69960  -232.63551  4.99985   768
1529.00  0.04174  0.04183  0.01055  0.80968  -230.45698  -232.34712  4.99985   768
1530.00  0.04174  0.04183  0.01037  0.80968  -230.71791  -232.60194  4.99985   768
1531.00  0.04174  0.04183  0.00984  0.80968  -231.51442  -233.34352  4.99985   768
1532.00  0.04174  0.04183  0.00919  0.80968  -232.49251  -234.33229  4.99985   768
1533.00  0.04174  0.04183  0.00874  0.80968  -233.18678  -235.05098  4.99985   768
1534.00  0.04176  0.04183  0.00866  0.80968  -233.39125  -235.29359  4.99985   768
1535.00  0.04173  0.04183  0.00899  0.80968  -232.96706  -234.89839  4.99985   768
1536.00  0.04174  0.04183  0.00965  0.80968  -231.88063  -233.81197  4.99985   768
1537.00  0.04175  0.04183  0.01017  0.80968  -231.10243  -233.02309  4.99985   768
1538.00  0.04174  0.04183  0.01053  0.80968  -230.48598  -232.39137  4.99985   768
1539.00  0.04174  0.04183  0.01048  0.80968  -230.53938  -232.38069  4.99985   768
1540.00  0.04175  0.04183  0.01011  0.80968  -231.09633  -232.92543  4.99985   768
1541.00  0.04175  0.04183  0.00951  0.80968  -231.98439  -233.80586  4.99985   768
1542.00  0.04175  0.04183  0.00903  0.80968  -232.77632  -234.61458  4.99985   768
1543.00  0.04174  0.04183  0.00863  0.80968  -233.40041  -235.26613  4.99985   768
1544.00  0.04175  0.04183  0.00875  0.80968  -233.27681  -235.20204  4.99985   768
1545.00  0.04175  0.04183  0.00923  0.80968  -232.57033  -234.50777  4.99985   768
1546.00  0.04175  0.04183  0.00988  0.80968  -231.55409  -233.50832  4.99985   768
1547.00  0.04174  0.04183  0.01029  0.80968  -230.89491  -232.81862  4.99985   768
1548.00  0.04175  0.04183  0.01047  0.80968  -230.60805  -232.51802  4.99985   768
1549.00  0.04176  0.04183  0.01015  0.80968  -231.04140  -232.89644  4.99985   768
1550.00  0.04175  0.04183  0.00970  0.80968  -231.70668  -233.55104  4.99985   768
1551.00  0.04175  0.04183  0.00915  0.80968  -232.58101  -234.41164  4.99985   768
1552.00  0.04174  0.04183  0.00874  0.80968  -233.19289  -235.03267  4.99985   768
1553.00  0.04174  0.04183  0.00873  0.80968  -233.26765  -235.15779  4.99985   768
1554.00  0.04175  0.04183  0.00896  0.80968  -232.96400  -234.86787  4.99985   768
1555.00  0.04174  0.04183  0.00953  0.80968  -232.07136  -234.00728  4.99985   768
1556.00  0.04175  0.04183  0.01018  0.80968  -231.09022  -233.02309  4.99985   768
1557.00  0.04176  0.04183  0.01053  0.80968  -230.51955  -232.41884  4.99985   768
1558.00  0.04175  0.04183  0.01045  0.80968  -230.56074  -232.41731  4.99985   768
1559.00  0.04175  0.04183  0.01000  0.80968  -231.23366  -233.07802  4.99985   768
1560.00  0.04175  0.04183  0.00944  0.80968  -232.06831  -233.90504  4.99985   768
1561.00  0.04175  0.04183  0.00891  0.80968  -232.95637  -234.79005  4.99985   768
1562.00  0.04175  0.04183  0.00875  0.80968  -233.26155  -235.13948  4.99985   768
1563.00  0.04176  0.04183  0.00892  0.80968  -233.00062  -234.92433  4.99985   768
1564.00  0.04175  0.04183  0.00942  0.80968  -232.26668  -234.21937  4.99985   768
1565.00  0.04175  0.04183  0.00995  0.80968  -231.49306  -233.45491  4.99985   768
1566.00  0.04175  0.04183  0.01042  0.80968  -230.69044  -232.61110  4.99985   768
1567.00  0.04175  0.04183  0.01055  0.80968  -230.48292  -232.37001  4.99985   768
1568.00  0.04176  0.04183  0.01025  0.80968  -230.87202  -232.71333  4.99985   768
1569.00  0.04174  0.04183  0.00972  0.80968  -231.64259  -233.46864  4.99985   768
1570.00  0.04175  0.04183  0.00909  0.80968  -232.64509  -234.46809  4.99985   768
1571.00  0.04175  0.04183  0.00870  0.80968  -233.30275  -235.15932  4.99985   768
1572.00  0.04175  0.04183  0.00877  0.80968  -233.20357  -235.08913  4.99985   768
1573.00  0.04174  0.04183  0.00905  0.80968  -232.79921  -234.72139  4.99985   768
1574.00  0.04175  0.04183  0.00973  0.80968  -231.80434  -233.74025  4.99985   768
1575.00  0.04174  0.04183  0.01025  0.80968  -230.99257  -232.91475  4.99985   768
1576.00  0.04175  0.04183  0.01048  0.80968  -230.54701  -232.42494  4.99985   768
1577.00  0.04175  0.04183  0.01037  0.80968  -230.71638  -232.58821  4.99985   768
1578.00  0.04175  0.04183  0.00993  0.80968  -231.34047  -233.17873  4.99985   768
1579.00  0.04176  0.04183  0.00927  0.80968  -232.37044  -234.20564  4.99985   768
1580.00  0.04174  0.04183  0.00878  0.80968  -233.16084  -235.04488  4.99985   768
1581.00  0.04174  0.04183  0.00867  0.80968  -233.35615  -235.25087  4.99985   768
1582.00  0.04174  0.04183  0.00890  0.80968  -233.03725  -234.96248  4.99985   768
1583.00  0.04175  0.04183  0.00955  0.80968  -232.12324  -234.08968  4.99985   768
1584.00  0.04173  0.04183  0.01020  0.80968  -231.05360  -233.00020  4.99985   768
1585.00  0.04174  0.04183  0.01049  0.80968  -230.60652  -232.50123  4.99985   768
1586.00  0.04174  0.04183  0.01052  0.80968  -230.43715  -232.30897  4.99985   768
1587.00  0.04174  0.04183  0.01022  0.80968  -230.93611  -232.75606  4.99985   768
1588.00  0.04175  0.04183  0.00965  0.80968  -231.76771  -233.58461  4.99985   768
1589.00  0.04176  0.04183  0.00903  0.80968  -232.73665  -234.56270  4.99985   768
1590.00  0.04175  0.04183  0.00870  0.80968  -233.31038  -235.16847  4.99985   768
1591.00  0.04175  0.04183  0.00871  0.80968  -233.30427  -235.19441  4.99985   768
1592.00  0.04175  0.04183  0.00918  0.80968  -232.63747  -234.58711  4.99985   768
1593.00  0.04175  0.04183  0.00985  0.80968  -231.66548  -233.61818  4.99985   768
1594.00  0.04175  0.04183  0.01032  0.80968  -230.86745  -232.79726  4.99985   768
1595.00  0.04174  0.04183  0.01057  0.80968  -230.44173  -232.35170  4.99985   768
1596.00  0.04175  0.04183  0.01033  0.80968  -230.77284  -232.61415  4.99985   768
1597.00  0.04175  0.04183  0.00985  0.80968  -231.50069  -233.36030  4.99985   768
1598.00  0.04175  0.04183  0.00926  0.80968  -232.40706  -234.24074  4.99985   768
1599.00  0.04174  0.04183  0.00883  0.80968  -233.08150  -234.94722  4.99985   768
1600.00  0.04175  0.04183  0.00875  0.80968  -233.27681  -235.17152  4.99985   768
1601.00  0.04174  0.04183  0.00900  0.80968  -232.92280  -234.83888  4.99985   768
1602.00  0.04174  0.04183  0.00963  0.80968  -231.97981  -233.92793  4.99985   768
1603.00  0.04173  0.04183  0.01027  0.80968  -230.92543  -232.85524  4.99985   768
1604.00  0.04174  0.04183  0.01061  0.80968  -230.39595  -232.28303  4.99985   768
1605.00  0.04174  0.04183  0.01065  0.80968  -230.29524  -232.13045  4.99985   768
1606.00  0.04175  0.04183  0.01027  0.80968  -230.83998  -232.67519  4.99985   768
1607.00  0.04174  0.04183  0.00966  0.80968  -231.77077  -233.57545  4.99985   768
1608.00  0.04175  0.04183  0.00901  0.80968  -232.74580  -234.57338  4.99985   768
1609.00  0.04173  0.04183  0.00874  0.80968  -233.22493  -235.10591  4.99985   768
1610.00  0.04175  0.04183  0.00886  0.80968  -233.06624  -234.98384  4.99985   768
1611.00  0.04175  0.04183  0.00935  0.80968  -232.37654  -234.33687  4.99985   768
1612.00  0.04175  0.04183  0.00989  0.80968  -231.54646  -233.49458  4.99985   768
1613.00  0.04174  0.04183  0.01046  0.80968  -230.66908  -232.60042  4.99985   768
1614.00  0.04175  0.04183  0.01072  0.80968  -230.23878  -232.15639  4.99985   768
1615.00  0.04174  0.04183  0.01046  0.80968  -230.56837  -232.41884  4.99985   768
1616.00  0.04174  0.04183  0.00995  0.80968  -231.32216  -233.15889  4.99985   768
1617.00  0.04174  0.04183  0.00929  0.80968  -232.36281  -234.18275  4.99985   768
1618.00  0.04175  0.04183  0.00874  0.80968  -233.21730  -235.06319  4.99985   768
1619.00  0.04174  0.04183  0.00861  0.80968  -233.40498  -235.29207  4.99985   768
1620.00  0.04174  0.04183  0.00885  0.80968  -233.13338  -235.06776  4.99985   768
1621.00  0.04173  0.04183  0.00953  0.80968  -232.12935  -234.05611  4.99985   768
1622.00  0.04174  0.04183  0.01016  0.80968  -231.07802  -233.00935  4.99985   768
1623.00  0.04174  0.04183  0.01053  0.80968  -230.52870  -232.43104  4.99985   768
1624.00  0.04175  0.04183  0.01055  0.80968  -230.45088  -232.31966  4.99985   768
1625.00  0.04175  0.04183  0.01016  0.80968  -231.06581  -232.88270  4.99985   768
1626.00  0.04175  0.04183  0.00957  0.80968  -231.88063  -233.70973  4.99985   768
1627.00  0.04174  0.04183  0.00886  0.80968  -232.96858  -234.80684  4.99985   768
1628.00  0.04175  0.04183  0.00850  0.80968  -233.60487  -235.47212  4.99985   768
1629.00  0.04175  0.04183  0.00859  0.80968  -233.52400  -235.43855  4.99985   768
1630.00  0.04174  0.04183  0.00905  0.80968  -232.84041  -234.78548  4.99985   768
1631.00  0.04174  0.04183  0.00977  0.80968  -231.75856  -233.71583  4.99985   768
1632.00  0.04174  0.04183  0.01045  0.80968  -230.67213  -232.61873  4.99985   768
1633.00  0.04175  0.04183  0.01064  0.80968  -230.29219  -232.20216  4.99985   768
1634.00  0.04175  0.04183  0.01052  0.80968  -230.49513  -232.36238  4.99985   768
1635.00  0.04176  0.04183  0.01000  0.80968  -231.24281  -233.07497  4.99985   768
1636.00  0.04175  0.04183  0.00929  0.80968  -232.34450  -234.15376  4.99985   768
1637.00  0.04174  0.04183  0.00881  0.80968  -233.10591  -234.94112  4.99985   768
1638.00  0.04173  0.04183  0.00868  0.80968  -233.34090  -235.21883  4.99985   768
1639.00  0.04175  0.04183  0.00896  0.80968  -232.95790  -234.87093  4.99985   768
1640.00  0.04173  0.04183  0.00966  0.80968  -231.90810  -233.87147  4.99985   768
1641.00  0.04175  0.04183  0.01035  0.80968  -230.82014  -232.74538  4.99985   768
1642.00  0.04174  0.04183  0.01071  0.80968  -230.26320  -232.18538  4.99985   768
1643.00  0.04175  0.04183  0.01077  0.80968  -230.13045  -232.00532  4.99985   768
1644.00  0.04175  0.04183  0.01035  0.80968  -230.70723  -232.54396  4.99985   768
1645.00  0.04174  0.04183  0.00962  0.80968  -231.81807  -233.64259  4.99985   768
1646.00  0.04174  0.04183  0.00898  0.80968  -232.81752  -234.67409  4.99985   768
1647.00  0.04173  0.04183  0.00862  0.80968  -233.41414  -235.27681  4.99985   768
1648.00  0.04173  0.04183  0.00873  0.80968  -233.29359  -235.22798  4.99985   768
1649.00  0.04174  0.04183  0.00917  0.80968  -232.66798  -234.59474  4.99985   768
1650.00  0.04173  0.04183  0.00994  0.80968  -231.52205  -233.48390  4.99985   768
1651.00  0.04174  0.04183  0.01034  0.80968  -230.79878  -232.72096  4.99985   768
1652.00  0.04174  0.04183  0.01059  0.80968  -230.39748  -232.30745  4.99985   768
1653.00  0.04174  0.04183  0.01038  0.80968  -230.71486  -232.55464  4.99985   768
1654.00  0.04175  0.04183  0.00984  0.80968  -231.50069  -233.31300  4.99985   768
1655.00  0.04174  0.04183  0.00903  0.80968  -232.72291  -234.52913  4.99985   768
1656.00  0.04174  0.04183  0.00853  0.80968  -233.54689  -235.37447  4.99985   768
1657.00  0.04174  0.04183  0.00842  0.80968  -233.70863  -235.58656  4.99985   768
1658.00  0.04174  0.04183  0.00877  0.80968  -233.28444  -235.21425  4.99985   768
1659.00  0.04175  0.04183  0.00934  0.80968  -232.38570  -234.32161  4.99985   768
1660.00  0.04173  0.04183  0.01000  0.80968  -231.36946  -233.33589  4.99985   768
1661.00  0.04175  0.04183  0.01039  0.80968  -230.74995  -232.65840  4.99985   768
1662.00  0.04175  0.04183  0.01041  0.80968  -230.69655  -232.58974  4.99985   768
1663.00  0.04173  0.04183  0.01002  0.80968  -231.24739  -233.07344  4.99985   768
1664.00  0.04173  0.04183  0.00950  0.80968  -232.04848  -233.91267  4.99985   768
1665.00  0.04175  0.04183  0.00886  0.80968  -232.98689  -234.83278  4.99985   768
1666.00  0.04174  0.04183  0.00863  0.80968  -233.43855  -235.31343  4.99985   768
1667.00  0.04175  0.04183  0.00883  0.80968  -233.09523  -235.01741  4.99985   768
1668.00  0.04175  0.04183  0.00930  0.80968  -232.44063  -234.39485  4.99985   768
1669.00  0.04175  0.04183  0.00997  0.80968  -231.42287  -233.36488  4.99985   768
1670.00  0.04173  0.04183  0.01056  0.80968  -230.50276  -232.40663  4.99985   768
1671.00  0.04175  0.04183  0.01068  0.80968  -230.25404  -232.12282  4.99985   768
1672.00  0.04174  0.04183  0.01049  0.80968  -230.50581  -232.34865  4.99985   768
1673.00  0.04175  0.04183  0.01000  0.80968  -231.25655  -233.08412  4.99985   768
1674.00  0.04174  0.04183  0.00939  0.80968  -232.19954  -234.01796  4.99985   768
1675.00  0.04174  0.04183  0.00890  0.80968  -232.96706  -234.82515  4.99985   768
1676.00  0.04174  0.04183  0.00876  0.80968  -233.21272  -235.09218  4.99985   768
1677.00  0.04174  0.04183  0.00921  0.80968  -232.59322  -234.53523  4.99985   768
1678.00  0.04175  0.04183  0.00966  0.80968  -231.92335  -233.86690  4.99985   768
1679.00  0.04173  0.04183  0.01028  0.80968  -230.95442  -232.89644  4.99985   768
1680.00  0.04174  0.04183  0.01058  0.80968  -230.45241  -232.37916  4.99985   768
1681.00  0.04173  0.04183  0.01049  0.80968  -230.53786  -232.40358  4.99985   768
1682.00  0.04173  0.04183  0.01001  0.80968  -231.24892  -233.09938  4.99985   768
1683.00  0.04175  0.04183  0.00945  0.80968  -232.10341  -233.93098  4.99985   768
1684.00  0.04173  0.04183  0.00880  0.80968  -233.09523  -234.92586  4.99985   768
1685.00  0.04175  0.04183  0.00858  0.80968  -233.50111  -235.37752  4.99985   768
1686.00  0.04174  0.04183  0.00876  0.80968  -233.25392  -235.16389  4.99985   768
1687.00  0.04174  0.04183  0.00925  0.80968  -232.52608  -234.44368  4.99985   768
1688.00  0.04175  0.04183  0.00987  0.80968  -231.55867  -233.49153  4.99985   768
1689.00  0.04175  0.04183  0.01036  0.80968  -230.78963  -232.70570  4.99985   768
1690.00  0.04174  0.04183  0.01043  0.80968  -230.64619  -232.51344  4.99985   768
1691.00  0.04175  0.04183  0.01025  0.80968  -230.89949  -232.74080  4.99985   768
1692.00  0.04173  0.04183  0.00971  0.80968  -231.67311  -233.50221  4.99985   768
1693.00  0.04173  0.04183  0.00905  0.80968  -232.73665  -234.57033  4.99985   768
1694.00  0.04174  0.04183  0.00869  0.80968  -233.30122  -235.18220  4.99985   768
1695.00  0.04174  0.04183  0.00862  0.80968  -233.44160  -235.32564  4.99985   768
1696.00  0.04174  0.04183  0.00896  0.80968  -232.98842  -234.93043  4.99985   768
1697.00  0.04175  0.04183  0.00962  0.80968  -231.98439  -233.95387  4.99985   768
1698.00  0.04174  0.04183  0.01024  0.80968  -230.98799  -232.93153  4.99985   768
1699.00  0.04172  0.04183  0.01050  0.80968  -230.55311  -232.47377  4.99985   768
1700.00  0.04175  0.04183  0.01055  0.80968  -230.40663  -232.27693  4.99985   768
1701.00  0.04174  0.04183  0.01012  0.80968  -231.09633  -232.91322  4.99985   768
1702.00  0.04175  0.04183  0.00953  0.80968  -232.02101  -233.84096  4.99985   768
1703.00  0.04174  0.04183  0.00893  0.80968  -232.91212  -234.72902  4.99985   768
1704.00  0.04174  0.04183  0.00874  0.80968  -233.25239  -235.12575  4.99985   768
1705.00  0.04174  0.04183  0.00893  0.80968  -232.99147  -234.88161  4.99985   768
1706.00  0.04174  0.04183  0.00942  0.80968  -232.26820  -234.21327  4.99985   768
1707.00  0.04174  0.04183  0.01007  0.80968  -231.27486  -233.21687  4.99985   768
1708.00  0.04174  0.04183  0.01052  0.80968  -230.55617  -232.46004  4.99985   768
1709.00  0.04173  0.04183  0.01061  0.80968  -230.36085  -232.23421  4.99985   768
1710.00  0.04173  0.04183  0.01034  0.80968  -230.78963  -232.62636  4.99985   768
1711.00  0.04175  0.04183  0.00979  0.80968  -231.60139  -233.43965  4.99985   768
1712.00  0.04174  0.04183  0.00920  0.80968  -232.50929  -234.35060  4.99985   768
1713.00  0.04173  0.04183  0.00873  0.80968  -233.23714  -235.11964  4.99985   768
1714.00  0.04173  0.04183  0.00876  0.80968  -233.25087  -235.16542  4.99985   768
1715.00  0.04173  0.04183  0.00913  0.80968  -232.71071  -234.63899  4.99985   768
1716.00  0.04174  0.04183  0.00969  0.80968  -231.86537  -233.80586  4.99985   768
1717.00  0.04174  0.04183  0.01030  0.80968  -230.88728  -232.83082  4.99985   768
1718.00  0.04173  0.04183  0.01055  0.80968  -230.47682  -232.36238  4.99985   768
1719.00  0.04174  0.04183  0.01037  0.80968  -230.71333  -232.56837  4.99985   768
1720.00  0.04173  0.04183  0.00991  0.80968  -231.35268  -233.16499  4.99985   768
1721.00  0.04174  0.04183  0.00932  0.80968  -232.25142  -234.08662  4.99985   768
1722.00  0.04174  0.04183  0.00877  0.80968  -233.15626  -234.99452  4.99985   768
1723.00  0.04174  0.04183  0.00855  0.80968  -233.51790  -235.39125  4.99985   768
1724.00  0.04175  0.04183  0.00878  0.80968  -233.22798  -235.15321  4.99985   768
1725.00  0.04174  0.04183  0.00941  0.80968  -232.25294  -234.19038  4.99985   768
1726.00  0.04173  0.04183  0.01002  0.80968  -231.32979  -233.27028  4.99985   768
1727.00  0.04173  0.04183  0.01054  0.80968  -230.52870  -232.46614  4.99985   768
1728.00  0.04174  0.04183  0.01064  0.80968  -230.35322  -232.26167  4.99985   768
1729.00  0.04173  0.04183  0.01024  0.80968  -230.89339  -232.70723  4.99985   768
1730.00  0.04174  0.04183  0.00960  0.80968  -231.85316  -233.68837  4.99985   768
1731.00  0.04175  0.04183  0.00906  0.80968  -232.72444  -234.58864  4.99985   768
1732.00  0.04175  0.04183  0.00859  0.80968  -233.45686  -235.30885  4.99985   768
1733.00  0.04173  0.04183  0.00868  0.80968  -233.36989  -235.27223  4.99985   768
1734.00  0.04175  0.04183  0.00917  0.80968  -232.62984  -234.57948  4.99985   768
1735.00  0.04173  0.04183  0.00984  0.80968  -231.60445  -233.54341  4.99985   768
1736.00  0.04173  0.04183  0.01040  0.80968  -230.74995  -232.66756  4.99985   768
1737.00  0.04173  0.04183  0.01062  0.80968  -230.37306  -232.27388  4.99985   768
1738.00  0.04173  0.04183  0.01056  0.80968  -230.40663  -232.27083  4.99985   768
1739.00  0.04174  0.04183  0.01002  0.80968  -231.20772  -233.00783  4.99985   768
1740.00  0.04173  0.04183  0.00936  0.80968  -232.22853  -234.03780  4.99985   768
1741.00  0.04174  0.04183  0.00885  0.80968  -233.06471  -234.89992  4.99985   768
1742.00  0.04173  0.04183  0.00868  0.80968  -233.34090  -235.23256  4.99985   768
1743.00  0.04174  0.04183  0.00894  0.80968  -232.97468  -234.90755  4.99985   768
1744.00  0.04175  0.04183  0.00950  0.80968  -232.17055  -234.12935  4.99985   768
1745.00  0.04173  0.04183  0.01015  0.80968  -231.12227  -233.06123  4.99985   768
1746.00  0.04174  0.04183  0.01057  0.80968  -230.45698  -232.37611  4.99985   768
1747.00  0.04174  0.04183  0.01066  0.80968  -230.31660  -232.22963  4.99985   768
1748.00  0.04175  0.04183  0.01031  0.80968  -230.79268  -232.64314  4.99985   768
1749.00  0.04173  0.04183  0.00974  0.80968  -231.64107  -233.47627  4.99985   768
1750.00  0.04175  0.04183  0.00909  0.80968  -232.59779  -234.42384  4.99985   768
1751.00  0.04174  0.04183  0.00869  0.80968  -233.29970  -235.16389  4.99985   768
1752.00  0.04175  0.04183  0.00869  0.80968  -233.36684  -235.27376  4.99985   768
1753.00  0.04173  0.04183  0.00918  0.80968  -232.61153  -234.52150  4.99985   768
1754.00  0.04173  0.04183  0.00974  0.80968  -231.77687  -233.71736  4.99985   768
1755.00  0.04173  0.04183  0.01032  0.80968  -230.87813  -232.80336  4.99985   768
1756.00  0.04174  0.04183  0.01053  0.80968  -230.49818  -232.37306  4.99985   768
1757.00  0.04174  0.04183  0.01039  0.80968  -230.69807  -232.54854  4.99985   768
1758.00  0.04174  0.04183  0.00989  0.80968  -231.43965  -233.27333  4.99985   768
1759.00  0.04175  0.04183  0.00930  0.80968  -232.33534  -234.15529  4.99985   768
1760.00  0.04175  0.04183  0.00883  0.80968  -233.11049  -234.95485  4.99985   768
1761.00  0.04175  0.04183  0.00861  0.80968  -233.43550  -235.32106  4.99985   768
1762.00  0.04174  0.04183  0.00888  0.80968  -233.09370  -235.03877  4.99985   768
1763.00  0.04173  0.04183  0.00937  0.80968  -232.31856  -234.26515  4.99985   768
1764.00  0.04174  0.04183  0.00993  0.80968  -231.51289  -233.45491  4.99985   768
1765.00  0.04172  0.04183  0.01041  0.80968  -230.72554  -232.66908  4.99985   768
1766.00  0.04174  0.04183  0.01055  0.80968  -230.51497  -232.39290  4.99985   768
1767.00  0.04173  0.04183  0.01012  0.80968  -231.09633  -232.91933  4.99985   768
1768.00  0.04172  0.04183  0.00950  0.80968  -232.05153  -233.88521  4.99985   768
1769.00  0.04173  0.04183  0.00893  0.80968  -232.93806  -234.76106  4.99985   768
1770.00  0.04174  0.04183  0.00862  0.80968  -233.36836  -235.22798  4.99985   768
1771.00  0.04176  0.04183  0.00865  0.80968  -233.39125  -235.27986  4.99985   768
1772.00  0.04174  0.04183  0.00916  0.80968  -232.66798  -234.61763  4.99985   768
1773.00  0.04173  0.04183  0.00982  0.80968  -231.65785  -233.60597  4.99985   768
1774.00  0.04175  0.04183  0.01035  0.80968  -230.79726  -232.71028  4.99985   768
1775.00  0.04175  0.04183  0.01050  0.80968  -230.53175  -232.42799  4.99985   768
1776.00  0.04173  0.04183  0.01041  0.80968  -230.63856  -232.49818  4.99985   768
1777.00  0.04174  0.04183  0.00986  0.80968  -231.45644  -233.29317  4.99985   768
1778.00  0.04174  0.04183  0.00917  0.80968  -232.50166  -234.31703  4.99985   768
1779.00  0.04174  0.04183  0.00876  0.80968  -233.21120  -235.07692  4.99985   768
1780.00  0.04175  0.04183  0.00863  0.80968  -233.40041  -235.31038  4.99985   768
1781.00  0.04174  0.04183  0.00896  0.80968  -232.97774  -234.90602  4.99985   768
1782.00  0.04174  0.04183  0.00961  0.80968  -231.99507  -233.96150  4.99985   768
1783.00  0.04175  0.04183  0.01022  0.80968  -231.00172  -232.95290  4.99985   768
1784.00  0.04174  0.04183  0.01052  0.80968  -230.55006  -232.44478  4.99985   768
1785.00  0.04174  0.04183  0.01048  0.80968  -230.52870  -232.39595  4.99985   768
1786.00  0.04174  0.04183  0.01013  0.80968  -231.06123  -232.87965  4.99985   768
1787.00  0.04173  0.04183  0.00952  0.80968  -232.01643  -233.82265  4.99985   768
1788.00  0.04175  0.04183  0.00893  0.80968  -232.91823  -234.75191  4.99985   768
1789.00  0.04174  0.04183  0.00862  0.80968  -233.41566  -235.26613  4.99985   768
1790.00  0.04173  0.04183  0.00873  0.80968  -233.29512  -235.21272  4.99985   768
1791.00  0.04175  0.04183  0.00933  0.80968  -232.41926  -234.36128  4.99985   768
1792.00  0.04173  0.04183  0.00997  0.80968  -231.40761  -233.34505  4.99985   768
1793.00  0.04173  0.04183  0.01049  0.80968  -230.61262  -232.55311  4.99985   768
1794.00  0.04173  0.04183  0.01060  0.80968  -230.39748  -232.29372  4.99985   768
1795.00  0.04173  0.04183  0.01040  0.80968  -230.62941  -232.48598  4.99985   768
1796.00  0.04174  0.04183  0.00986  0.80968  -231.48085  -233.33131  4.99985   768
1797.00  0.04174  0.04183  0.00921  0.80968  -232.48335  -234.33076  4.99985   768
1798.00  0.04175  0.04183  0.00872  0.80968  -233.23714  -235.09981  4.99985   768
1799.00  0.04176  0.04183  0.00850  0.80968  -233.58809  -235.46754  4.99985   768
1800.00  0.04174  0.04183  0.00887  0.80968  -233.11354  -235.07082  4.99985   768
1801.00  0.04174  0.04183  0.00961  0.80968  -232.01948  -233.98439  4.99985   768
1802.00  0.04174  0.04183  0.01030  0.80968  -230.92238  -232.86287  4.99985   768
1803.00  0.04174  0.04183  0.01067  0.80968  -230.28609  -232.18233  4.99985   768
1804.00  0.04175  0.04183  0.01055  0.80968  -230.42036  -232.27998  4.99985   768
1805.00  0.04173  0.04183  0.01014  0.80968  -231.01393  -232.83235  4.99985   768
1806.00  0.04173  0.04183  0.00954  0.80968  -231.96150  -233.78145  4.99985   768
1807.00  0.04175  0.04183  0.00896  0.80968  -232.84804  -234.67409  4.99985   768
1808.00  0.04174  0.04183  0.00875  0.80968  -233.23103  -235.10286  4.99985   768
1809.00  0.04173  0.04183  0.00890  0.80968  -233.01741  -234.92433  4.99985   768
1810.00  0.04173  0.04183  0.00939  0.80968  -232.30940  -234.26515  4.99985   768
1811.00  0.04174  0.04183  0.00997  0.80968  -231.41371  -233.35573  4.99985   768
1812.00  0.04174  0.04183  0.01054  0.80968  -230.53328  -232.47224  4.99985   768
1813.00  0.04174  0.04183  0.01070  0.80968  -230.26167  -232.16402  4.99985   768
1814.00  0.04175  0.04183  0.01053  0.80968  -230.48292  -232.34407  4.99985   768
1815.00  0.04175  0.04183  0.01002  0.80968  -231.22603  -233.05818  4.99985   768
1816.00  0.04175  0.04183  0.00935  0.80968  -232.24989  -234.08205  4.99985   768
1817.00  0.04173  0.04183  0.00882  0.80968  -233.10896  -234.95485  4.99985   768
1818.00  0.04175  0.04183  0.00876  0.80968  -233.25392  -235.17457  4.99985   768
1819.00  0.04173  0.04183  0.00912  0.80968  -232.70460  -234.61305  4.99985   768
1820.00  0.04175  0.04183  0.00968  0.80968  -231.84401  -233.77382  4.99985   768
1821.00  0.04175  0.04183  0.01024  0.80968  -230.99867  -232.93001  4.99985   768
1822.00  0.04175  0.04183  0.01055  0.80968  -230.46309  -232.36543  4.99985   768
1823.00  0.04174  0.04183  0.01048  0.80968  -230.55311  -232.41121  4.99985   768
1824.00  0.04175  0.04183  0.01014  0.80968  -231.06581  -232.89491  4.99985   768
1825.00  0.04174  0.04183  0.00952  0.80968  -231.97371  -233.77840  4.99985   768
1826.00  0.04174  0.04183  0.00888  0.80968  -233.00825  -234.82973  4.99985   768
1827.00  0.04174  0.04183  0.00858  0.80968  -233.49043  -235.37447  4.99985   768
1828.00  0.04174  0.04183  0.00876  0.80968  -233.25850  -235.18526  4.99985   768
1829.00  0.04174  0.04183  0.00933  0.80968  -232.42689  -234.39332  4.99985   768
1830.00  0.04174  0.04183  0.00998  0.80968  -231.40761  -233.34199  4.99985   768
1831.00  0.04174  0.04183  0.01042  0.80968  -230.71486  -232.65535  4.99985   768
1832.00  0.04173  0.04183  0.01057  0.80968  -230.42647  -232.32881  4.99985   768
1833.00  0.04173  0.04183  0.01028  0.80968  -230.86134  -232.71486  4.99985   768
1834.00  0.04175  0.04183  0.00983  0.80968  -231.50526  -233.33894  4.99985   768
1835.00  0.04173  0.04183  0.00931  0.80968  -232.26820  -234.09578  4.99985   768
1836.00  0.04173  0.04183  0.00876  0.80968  -233.16847  -235.00215  4.99985   768
1837.00  0.04174  0.04183  0.00870  0.80968  -233.31343  -235.20814  4.99985   768
1838.00  0.04174  0.04183  0.00912  0.80968  -232.73054  -234.66188  4.99985   768
1839.00  0.04173  0.04183  0.00979  0.80968  -231.70821  -233.65327  4.99985   768
1840.00  0.04174  0.04183  0.01041  0.80968  -230.73317  -232.66298  4.99985   768
1841.00  0.04174  0.04183  0.01071  0.80968  -230.23726  -232.12129  4.99985   768
1842.00  0.04174  0.04183  0.01061  0.80968  -230.38527  -232.24641  4.99985   768
1843.00  0.04172  0.04183  0.01012  0.80968  -231.07191  -232.92696  4.99985   768
1844.00  0.04174  0.04183  0.00960  0.80968  -231.84859  -233.68074  4.99985   768
1845.00  0.04174  0.04183  0.00895  0.80968  -232.90297  -234.73970  4.99985   768
1846.00  0.04173  0.04183  0.00875  0.80968  -233.23256  -235.10591  4.99985   768
1847.00  0.04174  0.04183  0.00895  0.80968  -232.97774  -234.90755  4.99985   768
1848.00  0.04173  0.04183  0.00943  0.80968  -232.28804  -234.23616  4.99985   768
1849.00  0.04173  0.04183  0.01008  0.80968  -231.24434  -233.18941  4.99985   768
1850.00  0.04174  0.04183  0.01066  0.80968  -230.29066  -232.25557  4.99985   768
1851.00  0.04174  0.04183  0.01074  0.80968  -230.17165  -232.04347  4.99985   768
1852.00  0.04173  0.04183  0.01045  0.80968  -230.60042  -232.44783  4.99985   768
1853.00  0.04174  0.04183  0.00979  0.80968  -231.52663  -233.31453  4.99985   768
1854.00  0.04174  0.04183  0.00908  0.80968  -232.63594  -234.45894  4.99985   768
1855.00  0.04173  0.04183  0.00863  0.80968  -233.36378  -235.19289  4.99985   768
1856.00  0.04174  0.04183  0.00862  0.80968  -233.45381  -235.34547  4.99985   768
1857.00  0.04173  0.04183  0.00900  0.80968  -232.90449  -234.84651  4.99985   768
1858.00  0.04171  0.04183  0.00963  0.80968  -231.95387  -233.89284  4.99985   768
1859.00  0.04173  0.04183  0.01026  0.80968  -231.00783  -232.94374  4.99985   768
1860.00  0.04175  0.04183  0.01058  0.80968  -230.46767  -232.35628  4.99985   768
1861.00  0.04175  0.04183  0.01053  0.80968  -230.45851  -232.32728  4.99985   768
1862.00  0.04174  0.04183  0.01000  0.80968  -231.22755  -233.07344  4.99985   768
1863.00  0.04173  0.04183  0.00936  0.80968  -232.27278  -234.10799  4.99985   768
1864.00  0.04173  0.04183  0.00869  0.80968  -233.26765  -235.10133  4.99985   768
1865.00  0.04174  0.04183  0.00848  0.80968  -233.69185  -235.57893  4.99985   768
1866.00  0.04174  0.04183  0.00862  0.80968  -233.45076  -235.36989  4.99985   768
1867.00  0.04173  0.04183  0.00927  0.80968  -232.53218  -234.49251  4.99985   768
1868.00  0.04173  0.04183  0.01002  0.80968  -231.36488  -233.33284  4.99985   768
1869.00  0.04174  0.04183  0.01053  0.80968  -230.50886  -232.42494  4.99985   768
1870.00  0.04174  0.04183  0.01069  0.80968  -230.26167  -232.14876  4.99985   768
1871.00  0.04173  0.04183  0.01031  0.80968  -230.79573  -232.62331  4.99985   768
1872.00  0.04173  0.04183  0.00972  0.80968  -231.65938  -233.45338  4.99985   768
1873.00  0.04174  0.04183  0.00912  0.80968  -232.61305  -234.44826  4.99985   768
1874.00  0.04174  0.04183  0.00867  0.80968  -233.31801  -235.15321  4.99985   768
1875.00  0.04174  0.04183  0.00871  0.80968  -233.35005  -235.25697  4.99985   768
1876.00  0.04173  0.04183  0.00910  0.80968  -232.73512  -234.65883  4.99985   768
1877.00  0.04173  0.04183  0.00974  0.80968  -231.76161  -233.73567  4.99985   768
1878.00  0.04174  0.04183  0.01026  0.80968  -230.96968  -232.89796  4.99985   768
1879.00  0.04173  0.04183  0.01060  0.80968  -230.40816  -232.33797  4.99985   768
1880.00  0.04173  0.04183  0.01052  0.80968  -230.50886  -232.38069  4.99985   768
1881.00  0.04173  0.04183  0.01007  0.80968  -231.15584  -232.97273  4.99985   768
1882.00  0.04173  0.04183  0.00942  0.80968  -232.14003  -233.99354  4.99985   768
1883.00  0.04174  0.04183  0.00882  0.80968  -233.08150  -234.93959  4.99985   768
1884.00  0.04173  0.04183  0.00859  0.80968  -233.41414  -235.28749  4.99985   768
1885.00  0.04174  0.04183  0.00879  0.80968  -233.20662  -235.12727  4.99985   768
1886.00  0.04175  0.04183  0.00942  0.80968  -232.27278  -234.22700  4.99985   768
1887.00  0.04174  0.04183  0.01008  0.80968  -231.24434  -233.17873  4.99985   768
1888.00  0.04174  0.04183  0.01047  0.80968  -230.60499  -232.49666  4.99985   768
1889.00  0.04173  0.04183  0.01058  0.80968  -230.40358  -232.28303  4.99985   768
1890.00  0.04174  0.04183  0.01026  0.80968  -230.86287  -232.69960  4.99985   768
1891.00  0.04174  0.04183  0.00966  0.80968  -231.76161  -233.55257  4.99985   768
1892.00  0.04174  0.04183  0.00911  0.80968  -232.66341  -234.51234  4.99985   768
1893.00  0.04173  0.04183  0.00869  0.80968  -233.28291  -235.15321  4.99985   768
1894.00  0.04174  0.04183  0.00862  0.80968  -233.42482  -235.34090  4.99985   768
1895.00  0.04174  0.04183  0.00901  0.80968  -232.91212  -234.84956  4.99985   768
1896.00  0.04173  0.04183  0.00966  0.80968  -231.88978  -233.83790  4.99985   768
1897.00  0.04173  0.04183  0.01019  0.80968  -231.07802  -233.03834  4.99985   768
1898.00  0.04174  0.04183  0.01043  0.80968  -230.65687  -232.55464  4.99985   768
1899.00  0.04174  0.04183  0.01030  0.80968  -230.82625  -232.69502  4.99985   768
1900.00  0.04174  0.04183  0.00976  0.80968  -231.67616  -233.51289  4.99985   768
1901.00  0.04174  0.04183  0.00921  0.80968  -232.44978  -234.30788  4.99985   768
1902.00  0.04174  0.04183  0.00880  0.80968  -233.07844  -234.91212  4.99985   768
1903.00  0.04174  0.04183  0.00858  0.80968  -233.46754  -235.34090  4.99985   768
1904.00  0.04173  0.04183  0.00883  0.80968  -233.17305  -235.09676  4.99985   768
1905.00  0.04175  0.04183  0.00941  0.80968  -232.26668  -234.19191  4.99985   768
1906.00  0.04173  0.04183  0.00997  0.80968  -231.38930  -233.31758  4.99985   768
1907.00  0.04174  0.04183  0.01040  0.80968  -230.72249  -232.62636  4.99985   768
1908.00  0.04175  0.04183  0.01053  0.80968  -230.49818  -232.35933  4.99985   768
1909.00  0.04172  0.04183  0.01018  0.80968  -230.99715  -232.84303  4.99985   768
1910.00  0.04174  0.04183  0.00973  0.80968  -231.68837  -233.53120  4.99985   768
1911.00  0.04173  0.04183  0.00916  0.80968  -232.54591  -234.40095  4.99985   768
1912.00  0.04174  0.04183  0.00884  0.80968  -233.08760  -234.95180  4.99985   768
1913.00  0.04172  0.04183  0.00886  0.80968  -233.09065  -235.00215  4.99985   768
1914.00  0.04174  0.04183  0.00932  0.80968  -232.43758  -234.39485  4.99985   768
1915.00  0.04174  0.04183  0.00999  0.80968  -231.39082  -233.32826  4.99985   768
1916.00  0.04172  0.04183  0.01050  0.80968  -230.60805  -232.54854  4.99985   768
1917.00  0.04173  0.04183  0.01072  0.80968  -230.18385  -232.07399  4.99985   768
1918.00  0.04172  0.04183  0.01060  0.80968  -230.37916  -232.23878  4.99985   768
1919.00  0.04175  0.04183  0.01003  0.80968  -231.20314  -233.03377  4.99985   768
1920.00  0.04174  0.04183  0.00938  0.80968  -232.19649  -234.01033  4.99985   768
1921.00  0.04174  0.04183  0.00888  0.80968  -232.99910  -234.84041  4.99985   768
1922.00  0.04174  0.04183  0.00872  0.80968  -233.29359  -235.15016  4.99985   768
1923.00  0.04175  0.04183  0.00897  0.80968  -232.92891  -234.85414  4.99985   768
1924.00  0.04174  0.04183  0.00960  0.80968  -231.98286  -233.91267  4.99985   768
1925.00  0.04174  0.04183  0.01018  0.80968  -231.12227  -233.06734  4.99985   768
1926.00  0.04174  0.04183  0.01053  0.80968  -230.52107  -232.40968  4.99985   768
1927.00  0.04174  0.04183  0.01048  0.80968  -230.58211  -232.44783  4.99985   768
1928.00  0.04173  0.04183  0.01012  0.80968  -231.07802  -232.94679  4.99985   768
1929.00  0.04175  0.04183  0.00946  0.80968  -232.10188  -233.92488  4.99985   768
1930.00  0.04173  0.04183  0.00893  0.80968  -232.90907  -234.74733  4.99985   768
1931.00  0.04174  0.04183  0.00861  0.80968  -233.43550  -235.32869  4.99985   768
1932.00  0.04175  0.04183  0.00867  0.80968  -233.37752  -235.29512  4.99985   768
1933.00  0.04174  0.04183  0.00922  0.80968  -232.59016  -234.55202  4.99985   768
1934.00  0.04174  0.04183  0.00992  0.80968  -231.55257  -233.51442  4.99985   768
1935.00  0.04173  0.04183  0.01041  0.80968  -230.71181  -232.63399  4.99985   768
1936.00  0.04173  0.04183  0.01062  0.80968  -230.37154  -232.26015  4.99985   768
1937.00  0.04174  0.04183  0.01039  0.80968  -230.66145  -232.51192  4.99985   768
1938.00  0.04173  0.04183  0.00993  0.80968  -231.36488  -233.16194  4.99985   768
1939.00  0.04174  0.04183  0.00928  0.80968  -232.35213  -234.16444  4.99985   768
1940.00  0.04174  0.04183  0.00887  0.80968  -233.01436  -234.86940  4.99985   768
1941.00  0.04174  0.04183  0.00878  0.80968  -233.18678  -235.09218  4.99985   768
1942.00  0.04172  0.04183  0.00915  0.80968  -232.68019  -234.61305  4.99985   768
1943.00  0.04174  0.04183  0.00984  0.80968  -231.60139  -233.57240  4.99985   768
1944.00  0.04172  0.04183  0.01041  0.80968  -230.74232  -232.69350  4.99985   768
1945.00  0.04173  0.04183  0.01080  0.80968  -230.08162  -231.97328  4.99985   768
1946.00  0.04173  0.04183  0.01072  0.80968  -230.17012  -232.04652  4.99985   768
1947.00  0.04174  0.04183  0.01030  0.80968  -230.83693  -232.70113  4.99985   768
1948.00  0.04174  0.04183  0.00976  0.80968  -231.61970  -233.45186  4.99985   768
1949.00  0.04173  0.04183  0.00915  0.80968  -232.59016  -234.43605  4.99985   768
1950.00  0.04173  0.04183  0.00883  0.80968  -233.04335  -234.89534  4.99985   768
1951.00  0.04173  0.04183  0.00897  0.80968  -232.92280  -234.83583  4.99985   768
1952.00  0.04173  0.04183  0.00937  0.80968  -232.37044  -234.29109  4.99985   768
1953.00  0.04174  0.04183  0.00999  0.80968  -231.41829  -233.33742  4.99985   768
1954.00  0.04174  0.04183  0.01046  0.80968  -230.64925  -232.56074  4.99985   768
1955.00  0.04174  0.04183  0.01066  0.80968  -230.29677  -232.20521  4.99985   768
1956.00  0.04174  0.04183  0.01046  0.80968  -230.54396  -232.37459  4.99985   768
1957.00  0.04174  0.04183  0.00995  0.80968  -231.36030  -233.17415  4.99985   768
1958.00  0.04173  0.04183  0.00924  0.80968  -232.41774  -234.23616  4.99985   768
1959.00  0.04174  0.04183  0.00882  0.80968  -233.08607  -234.94569  4.99985   768
1960.00  0.04173  0.04183  0.00873  0.80968  -233.28139  -235.16084  4.99985   768
1961.00  0.04173  0.04183  0.00906  0.80968  -232.80226  -234.74580  4.99985   768
1962.00  0.04174  0.04183  0.00960  0.80968  -231.98897  -233.94624  4.99985   768
1963.00  0.04174  0.04183  0.01011  0.80968  -231.17873  -233.11769  4.99985   768
1964.00  0.04173  0.04183  0.01047  0.80968  -230.63246  -232.55922  4.99985   768
1965.00  0.04173  0.04183  0.01041  0.80968  -230.66145  -232.53633  4.99985   768
1966.00  0.04173  0.04183  0.01004  0.80968  -231.21992  -233.04903  4.99985   768
1967.00  0.04172  0.04183  0.00946  0.80968  -232.12935  -233.96150  4.99985   768
1968.00  0.04174  0.04183  0.00888  0.80968  -232.99147  -234.82362  4.99985   768
1969.00  0.04173  0.04183  0.00856  0.80968  -233.50569  -235.38820  4.99985   768
1970.00  0.04174  0.04183  0.00873  0.80968  -233.31190  -235.21883  4.99985   768
1971.00  0.04173  0.04183  0.00936  0.80968  -232.38417  -234.33687  4.99985   768
1972.00  0.04174  0.04183  0.00991  0.80968  -231.50069  -233.43965  4.99985   768
1973.00  0.04173  0.04183  0.01040  0.80968  -230.71486  -232.62178  4.99985   768
1974.00  0.04173  0.04183  0.01045  0.80968  -230.61415  -232.46614  4.99985   768
1975.00  0.04172  0.04183  0.01025  0.80968  -230.88728  -232.74232  4.99985   768
1976.00  0.04174  0.04183  0.00977  0.80968  -231.62733  -233.47169  4.99985   768
1977.00  0.04172  0.04183  0.00910  0.80968  -232.68019  -234.50777  4.99985   768
1978.00  0.04173  0.04183  0.00871  0.80968  -233.28749  -235.15321  4.99985   768
1979.00  0.04174  0.04183  0.00868  0.80968  -233.35768  -235.26308  4.99985   768
1980.00  0.04173  0.04183  0.00906  0.80968  -232.82667  -234.78395  4.99985   768
1981.00  0.04174  0.04183  0.00974  0.80968  -231.76771  -233.71431  4.99985   768
1982.00  0.04174  0.04183  0.01036  0.80968  -230.81404  -232.76674  4.99985   768
1983.00  0.04173  0.04183  0.01069  0.80968  -230.30287  -232.19453  4.99985   768
1984.00  0.04175  0.04183  0.01050  0.80968  -230.52107  -232.39137  4.99985   768
1985.00  0.04173  0.04183  0.01008  0.80968  -231.13905  -232.97884  4.99985   768
1986.00  0.04172  0.04183  0.00942  0.80968  -232.13393  -233.94472  4.99985   768
1987.00  0.04173  0.04183  0.00892  0.80968  -232.92738  -234.75954  4.99985   768
1988.00  0.04174  0.04183  0.00870  0.80968  -233.30885  -235.17915  4.99985   768
1989.00  0.04173  0.04183  0.00885  0.80968  -233.10896  -235.00368  4.99985   768
1990.00  0.04173  0.04183  0.00946  0.80968  -232.20259  -234.14003  4.99985   768
1991.00  0.04173  0.04183  0.01009  0.80968  -231.23823  -233.16347  4.99985   768
1992.00  0.04174  0.04183  0.01049  0.80968  -230.58211  -232.49666  4.99985   768
1993.00  0.04172  0.04183  0.01054  0.80968  -230.45698  -232.34407  4.99985   768
1994.00  0.04173  0.04183  0.01035  0.80968  -230.77132  -232.62636  4.99985   768
1995.00  0.04173  0.04183  0.00970  0.80968  -231.71889  -233.54646  4.99985   768
1996.00  0.04174  0.04183  0.00897  0.80968  -232.83888  -234.67561  4.99985   768
1997.00  0.04175  0.04183  0.00862  0.80968  -233.41872  -235.30122  4.99985   768
1998.00  0.04174  0.04183  0.00863  0.80968  -233.43092  -235.34242  4.99985   768
1999.00  0.04173  0.04183  0.00905  0.80968  -232.85261  -234.82210  4.99985   768
2000.00  0.04803  0.06440  0.00963  0.80968  -231.90352  -233.83180  4.99985   768
2001.00  0.06223  0.06440  0.01160  0.80968  -229.24391  -231.46821  4.99985   768
2002.00  0.06281  0.06440  0.01490  0.80968  -223.95064  -226.00862  4.99985   768
2003.00  0.06293  0.06440  0.01425  0.80968  -224.56862  -226.24361  4.99985   768
2004.00  0.06300  0.06440  0.01433  0.80968  -224.85396  -226.88753  4.99985   768
