ASI 600A Data File
Created: Wed May  8 16:30:03 2024
A/D Sampling Rate: 1000 Hz
Comment: Mouse CP512 Cell 5
Width 0.0465
Thick 0.0232
After Activation
Width 0.0
Thick 0.0
*** Setup Parameters ***
Length Controller: 315C
Force Transducer: 406A
Initial Length: 0.0489 mm
Minimum Length: -5 Lo
Maximum Length: 5 Lo
Fiber Length: 0.0489 mm
Initial Sarcomere Length: 0 um
Diameter: 1.91919 mm
Maximum Tetanic Tension: 3 mN
Calibrate FC step size:  -20 um
Calibrate FC ramp time:  100 ms
Calibrate FC hold time:  200 ms
Force Gain-Factor:       0.6
Force Integral-Constant: 0.26 ms
Force Filter-Constant:   0.2 ms
Constant Stiffness Range: 100
dF/dL measured at Force:  34522 adu
Fiber Stiffness (adu):    0
Fiber Stiffness (mN/mm):  0
SL Gain-Factor:           0.25
SL Integral-Constant:     0.1 ms
SL Filter-Constant:       0 ms
SL Stiffness (adu):       0.3
SL Stiffness (um/mm):     1
ADC0 Offset: -28.840 mv
ADC1 Offset: -28.840 mv
DAC0 Offset: 3.336 mv
DAC1 Offset: -3.588 mv
Panel 1 size: 2
Panel 2 size: 4
Panel 3 size: 2
Panel 4 size: 5
Panel 1 signal: 0
Panel 2 signal: 1
Panel 3 signal: 2
Panel 4 signal: 6
Background (0/1): 0
Length In color:  16395263
Force  In color:  16717330
SL     In color:  16771867
Aux1   In color:  1769257
Length Out color:  255
Force  Out color:  255
Stim   Out color:  16777215
Aux2   In  color:  16747283
Length Units: um
Force Units: mN
Time Units: ms
Sarcomere Length Units: um
Scope Display1: 0
Scope Display2: 2
AUX Channels Scope Display: 0
Scope Timebase: 1
Scope Vscale:   0
Scope Lunit:    1
Scope Lmin:     0.026370
Scope Lmax:     0.026470
Scope Funit:    0
Scope Fmin:     0.157780
Scope Fmax:     0.157960
Scope AUX1_min:     10.000000
Scope AUX1_max:     16.000000
Scope AUX2_min:     8.000000
Scope AUX2_max:     14.000000
Scope L Data Scale:     1.651868
Scope F Data Scale:     0.225000
Scope AUX1 Data Scale:     1.000000
Scope AUX2 Data Scale:     1.000000
Scope SL Data Scale:     1.000000
Scope Sunit:    0
Analysis Lunit: 4
Analysis Funit: 0
Analysis Tunit: 0
Analysis Channels: 101000000010000
Analysis Readout: 1
Analysis Gaussian Filter Kernel Size (Lin):     201
Analysis Gaussian Filter Kernel Size (Fin):     50
Analysis Gaussian Filter Kernel Size (Aux1):    201
Analysis Gaussian Filter Kernel Size (Aux2):    201
Analysis Gaussian Filter Standard Deviation (Lin):     1.0
Analysis Gaussian Filter Standard Deviation (Fin):     1.0
Analysis Gaussian Filter Standard Deviation (Aux1):    1.0
Analysis Gaussian Filter Standard Deviation (Aux2):    1.0
Aux1 Name: Aux1
Aux1 Units: C
Aux1 Scale (units/volt): 100.000000
Aux1 Offset (units): 2.000000
Aux2 Name: Aux2
Aux2 Units: mv
Aux2 Scale (units/volt): 100
Aux2 Offset (units): 0
 *** Cantilever Properties ***
Cantilever Stiffness Calculation Method: 2
Cantilever Stiffness (N/m): -1.000
Cantilever Length (um): 450.000
Cantilever Thickness (um): 2.000
Cantilever Width 1 (um): 50.000
Cantilever Width 2 (um): 50.000
Cantilever Elasticity (GPa): 160.000
 *** ASI804A Test Window Properties ***
ASI804A Vscale: 0
ASI804A Timebase: 0
ASI804A Sampling Rate: 0
ASI804A Scope L_min:     999.800000
ASI804A Scope L_max:     1000.200000
ASI804A Scope F_min:     -0.040000
ASI804A Scope F_max:     0.020000
ASI804A Scope log10Rario_min:     -0.063875
ASI804A Scope log10Ratio_max:     -0.063650
ASI804A Scope L Scale Units:    4
ASI804A Scope F Scale Units:    0
ASI804A Scope L Scale:     1.000000
ASI804A Scope F Scale:     1.000000
ASI804A Scope log10Ratio Scale:     0.500000
ASI804A Data Files Directory: /home/asi/data
ASI804A Data Files Name: atp_datafile
ASI804A Font: Liberation Sans
ASI804A Font Size: 24
ASI804A pCa Combo Size: 0
ASI804A pCa Combo Active: -1
 *** Additional devices ***
ASI802D Bath Controller: 0
ASI804A ATPase Controller: 1
*** Calibration Parameters ***
Model  LOoffset  LOscale  LIoffset  LIscale  FOoffset  FOscale  FIoffset  FIscale
Number 	mm        mm/v	   mm        mm/v     mN        mN/v     mN        mN/v
308B	 0	 0.2	 0	 0.2	 0	 1	 0	 1
312C	 0	 0.15	 0	 0.15	 0	 1	 0	 1
315C	 0	 0.15	 0	 0.15	 0	 1	 0	 1
318B	 0	 0.3	 0	 0.3	 0	 1	 0	 1
322C	 0	 0.3	 0	 0.3	 0	 1	 0	 1
340A	 0	 0.005	 0	 0.005	 0	 1	 0	 1
300C	 0	 0.5	 0	 0.5	 0	 50	 0	 50
300C-LR	 0	 0.5	 0	 0.5	 0	 100	 0	 100
305C	 0	 1	 0	 1	 0	 500	 0	 500
305C-LR	 0	 1	 0	 1	 0	 1000	 0	 1000
309C	 0	 1.25	 0	 1.25	 0	 2000	 0	 2000
310C	 0	 2	 0	 2	 0	 5000	 0	 5000
310C-LR	 0	 2	 0	 2	 0	 10000	 0	 10000
???	 0	 1	 0	 1	 0	 1	 0	 1
400A	 0	 1	 0	 1	 0	 5	 0	 5
402A	 0	 1	 0	 1	 0	 50	 0	 50
403A-CF	 0	 1	 0	 1	 0	 0.2	 0	 0.2
403A	 0	 1	 0	 1	 0	 0.5	 0	 0.5
404A	 0	 1	 0	 1	 0	 10	 0	 10
405A	 0	 1	 0	 1	 0	 1	 0	 1
406A	 0	 1	 0	 1	 0.16	 0.06497	 0.16	 0.06497
407A	 0	 1	 0	 1	 0	 100	 0	 100
470A	 0	 1	 0	 1	 0	 1	 0	 1
other	 0	 1	 0	 1	 0	 1	 0	 1
none	 0	 1	 0	 1	 0	 1	 0	 1
*** Test Protocol Parameters ***
A/D Sampling Rate: 1000 Hz
Comment: Length Discrete Sine protocol for stiffness testing
Minimum Length: -5.000 (Lo)
Maximum Length: 5.000 (Lo)
PD Deadband:    0.000000 mN
Stimulus 01: 0.3 ms 100.000 Hz 10.0 ms 50.000 Hz 0.100 s
Stimulus 02: 1.2 ms 100.000 Hz 20.0 ms 2.000 Hz 100.000 s
Stimulus 03: 1.3 ms 100.000 Hz 20.0 ms 2.000 Hz 100.000 s
Stimulus 04: 1.4 ms 100.000 Hz 20.0 ms 2.000 Hz 100.000 s
Stimulus 05: 1.5 ms 100.000 Hz 20.0 ms 2.000 Hz 100.000 s
Stimulus 06: 1.6 ms 100.000 Hz 20.0 ms 2.000 Hz 100.000 s
Stimulus 07: 1.7 ms 100.000 Hz 20.0 ms 2.000 Hz 100.000 s
Stimulus 08: 1.8 ms 100.000 Hz 20.0 ms 2.000 Hz 100.000 s
Stimulus 09: 1.9 ms 100.000 Hz 20.0 ms 2.000 Hz 100.000 s
Stimulus 10: 2.2 ms 100.000 Hz 20.0 ms 2.000 Hz 100.000 s
Time (ms)	Control Function	Options
      0.0	Data-Enable		
    200.0	Length-Step		 0.65 Lo
   2000.0	Length-Step		 1 Lo
   2005.0	Data-Disable		
      0.0	Stop		
*** Force and Length Signals vs Time ***
Time (ms)  Lin (mm)  Lout (mm)  Fin (mN)  Fout (mN)  Aux1 C  Aux2 mv  SL (um)   Stimulus/Triggers
0.00  0.04866  0.04890  0.01657  0.80968  -221.21321  -223.09267  4.99985   768
1.00  0.04867  0.04890  0.01629  0.80968  -221.60383  -223.45125  4.99985   768
2.00  0.04868  0.04890  0.01575  0.80968  -222.43544  -224.26912  4.99985   768
3.00  0.04868  0.04890  0.01526  0.80968  -223.18007  -225.02748  4.99985   768
4.00  0.04867  0.04890  0.01498  0.80968  -223.60426  -225.47761  4.99985   768
5.00  0.04867  0.04890  0.01502  0.80968  -223.60579  -225.49287  4.99985   768
6.00  0.04867  0.04890  0.01557  0.80968  -222.81538  -224.75435  4.99985   768
7.00  0.04867  0.04890  0.01620  0.80968  -221.82814  -223.74116  4.99985   768
8.00  0.04867  0.04890  0.01664  0.80968  -221.14149  -223.05299  4.99985   768
9.00  0.04866  0.04890  0.01678  0.80968  -220.86531  -222.73103  4.99985   768
10.00  0.04866  0.04890  0.01661  0.80968  -221.10335  -222.96754  4.99985   768
11.00  0.04867  0.04890  0.01610  0.80968  -221.88460  -223.70302  4.99985   768
12.00  0.04867  0.04890  0.01548  0.80968  -222.85963  -224.69179  4.99985   768
13.00  0.04868  0.04890  0.01498  0.80968  -223.59205  -225.43642  4.99985   768
14.00  0.04868  0.04890  0.01483  0.80968  -223.90791  -225.81483  4.99985   768
15.00  0.04867  0.04890  0.01515  0.80968  -223.44404  -225.37385  4.99985   768
16.00  0.04867  0.04890  0.01574  0.80968  -222.58192  -224.53462  4.99985   768
17.00  0.04867  0.04890  0.01633  0.80968  -221.60841  -223.55806  4.99985   768
18.00  0.04867  0.04890  0.01675  0.80968  -220.99196  -222.90498  4.99985   768
19.00  0.04866  0.04890  0.01671  0.80968  -220.95839  -222.85463  4.99985   768
20.00  0.04868  0.04890  0.01645  0.80968  -221.35512  -223.18880  4.99985   768
21.00  0.04867  0.04890  0.01601  0.80968  -222.03566  -223.86629  4.99985   768
22.00  0.04867  0.04890  0.01542  0.80968  -222.93898  -224.73298  4.99985   768
23.00  0.04867  0.04890  0.01511  0.80968  -223.41200  -225.27925  4.99985   768
24.00  0.04868  0.04890  0.01520  0.80968  -223.29909  -225.19075  4.99985   768
25.00  0.04867  0.04890  0.01559  0.80968  -222.75435  -224.67958  4.99985   768
26.00  0.04867  0.04890  0.01618  0.80968  -221.88612  -223.80067  4.99985   768
27.00  0.04867  0.04890  0.01659  0.80968  -221.21168  -223.12623  4.99985   768
28.00  0.04868  0.04890  0.01675  0.80968  -220.92177  -222.81038  4.99985   768
29.00  0.04868  0.04890  0.01658  0.80968  -221.17659  -223.03316  4.99985   768
30.00  0.04867  0.04890  0.01614  0.80968  -221.85713  -223.69539  4.99985   768
31.00  0.04868  0.04890  0.01556  0.80968  -222.72078  -224.55751  4.99985   768
32.00  0.04866  0.04890  0.01515  0.80968  -223.33571  -225.19990  4.99985   768
33.00  0.04868  0.04890  0.01502  0.80968  -223.60274  -225.49440  4.99985   768
34.00  0.04866  0.04890  0.01532  0.80968  -223.18922  -225.12056  4.99985   768
35.00  0.04866  0.04890  0.01587  0.80968  -222.36983  -224.31337  4.99985   768
36.00  0.04868  0.04890  0.01641  0.80968  -221.49855  -223.41920  4.99985   768
37.00  0.04867  0.04890  0.01673  0.80968  -221.01942  -222.92634  4.99985   768
38.00  0.04868  0.04890  0.01669  0.80968  -220.99501  -222.84700  4.99985   768
39.00  0.04867  0.04890  0.01633  0.80968  -221.54890  -223.37953  4.99985   768
40.00  0.04867  0.04890  0.01580  0.80968  -222.34389  -224.15620  4.99985   768
41.00  0.04867  0.04890  0.01524  0.80968  -223.22890  -225.04426  4.99985   768
42.00  0.04865  0.04890  0.01481  0.80968  -223.90333  -225.73244  4.99985   768
43.00  0.04867  0.04890  0.01488  0.80968  -223.81636  -225.71870  4.99985   768
44.00  0.04867  0.04890  0.01542  0.80968  -223.03053  -224.96950  4.99985   768
45.00  0.04868  0.04890  0.01608  0.80968  -222.01277  -223.97005  4.99985   768
46.00  0.04867  0.04890  0.01666  0.80968  -221.15523  -223.07893  4.99985   768
47.00  0.04867  0.04890  0.01691  0.80968  -220.69899  -222.58760  4.99985   768
48.00  0.04868  0.04890  0.01662  0.80968  -221.08351  -222.93397  4.99985   768
49.00  0.04868  0.04890  0.01611  0.80968  -221.87697  -223.73353  4.99985   768
50.00  0.04867  0.04890  0.01552  0.80968  -222.78029  -224.62007  4.99985   768
51.00  0.04867  0.04890  0.01507  0.80968  -223.52034  -225.38911  4.99985   768
52.00  0.04867  0.04890  0.01492  0.80968  -223.73854  -225.62257  4.99985   768
53.00  0.04867  0.04890  0.01519  0.80968  -223.33876  -225.26247  4.99985   768
54.00  0.04868  0.04890  0.01580  0.80968  -222.48427  -224.42476  4.99985   768
55.00  0.04866  0.04890  0.01641  0.80968  -221.50313  -223.43294  4.99985   768
56.00  0.04866  0.04890  0.01675  0.80968  -220.95839  -222.85768  4.99985   768
57.00  0.04867  0.04890  0.01678  0.80968  -220.85310  -222.71120  4.99985   768
58.00  0.04866  0.04890  0.01641  0.80968  -221.41768  -223.24068  4.99985   768
59.00  0.04867  0.04890  0.01580  0.80968  -222.32710  -224.13789  4.99985   768
60.00  0.04867  0.04890  0.01524  0.80968  -223.20448  -225.03663  4.99985   768
61.00  0.04868  0.04890  0.01495  0.80968  -223.68056  -225.53407  4.99985   768
62.00  0.04867  0.04890  0.01504  0.80968  -223.61799  -225.51881  4.99985   768
63.00  0.04867  0.04890  0.01548  0.80968  -222.94203  -224.88100  4.99985   768
64.00  0.04866  0.04890  0.01608  0.80968  -222.06007  -224.00667  4.99985   768
65.00  0.04868  0.04890  0.01656  0.80968  -221.25746  -223.19185  4.99985   768
66.00  0.04867  0.04890  0.01674  0.80968  -220.98433  -222.89125  4.99985   768
67.00  0.04868  0.04890  0.01655  0.80968  -221.18727  -223.03926  4.99985   768
68.00  0.04867  0.04890  0.01603  0.80968  -221.98836  -223.83424  4.99985   768
69.00  0.04866  0.04890  0.01541  0.80968  -222.96187  -224.78792  4.99985   768
70.00  0.04868  0.04890  0.01492  0.80968  -223.75990  -225.61342  4.99985   768
71.00  0.04867  0.04890  0.01497  0.80968  -223.70039  -225.58137  4.99985   768
72.00  0.04866  0.04890  0.01528  0.80968  -223.21974  -225.13582  4.99985   768
73.00  0.04866  0.04890  0.01591  0.80968  -222.29353  -224.22792  4.99985   768
74.00  0.04868  0.04890  0.01645  0.80968  -221.46498  -223.38258  4.99985   768
75.00  0.04867  0.04890  0.01675  0.80968  -220.95991  -222.86226  4.99985   768
76.00  0.04867  0.04890  0.01674  0.80968  -220.91871  -222.77986  4.99985   768
77.00  0.04868  0.04890  0.01643  0.80968  -221.36580  -223.20558  4.99985   768
78.00  0.04869  0.04890  0.01577  0.80968  -222.39729  -224.20045  4.99985   768
79.00  0.04866  0.04890  0.01525  0.80968  -223.19380  -225.04732  4.99985   768
80.00  0.04867  0.04890  0.01496  0.80968  -223.67750  -225.54628  4.99985   768
81.00  0.04868  0.04890  0.01495  0.80968  -223.75227  -225.67140  4.99985   768
82.00  0.04867  0.04890  0.01548  0.80968  -222.96797  -224.92219  4.99985   768
83.00  0.04867  0.04890  0.01610  0.80968  -221.97920  -223.92427  4.99985   768
84.00  0.04867  0.04890  0.01658  0.80968  -221.24525  -223.18269  4.99985   768
85.00  0.04866  0.04890  0.01673  0.80968  -220.97822  -222.85921  4.99985   768
86.00  0.04868  0.04890  0.01652  0.80968  -221.26051  -223.13234  4.99985   768
87.00  0.04866  0.04890  0.01603  0.80968  -222.02345  -223.83119  4.99985   768
88.00  0.04868  0.04890  0.01548  0.80968  -222.86574  -224.69026  4.99985   768
89.00  0.04867  0.04890  0.01507  0.80968  -223.50813  -225.33418  4.99985   768
90.00  0.04867  0.04890  0.01494  0.80968  -223.68666  -225.57069  4.99985   768
91.00  0.04866  0.04890  0.01521  0.80968  -223.35249  -225.26857  4.99985   768
92.00  0.04867  0.04890  0.01583  0.80968  -222.41713  -224.35304  4.99985   768
93.00  0.04867  0.04890  0.01635  0.80968  -221.60841  -223.51076  4.99985   768
94.00  0.04868  0.04890  0.01668  0.80968  -221.06367  -222.95534  4.99985   768
95.00  0.04868  0.04890  0.01663  0.80968  -221.12318  -222.98585  4.99985   768
96.00  0.04868  0.04890  0.01626  0.80968  -221.64656  -223.48482  4.99985   768
97.00  0.04867  0.04890  0.01568  0.80968  -222.51936  -224.36067  4.99985   768
98.00  0.04868  0.04890  0.01508  0.80968  -223.45015  -225.28688  4.99985   768
99.00  0.04868  0.04890  0.01490  0.80968  -223.81178  -225.69276  4.99985   768
100.00  0.04868  0.04890  0.01501  0.80968  -223.67445  -225.59053  4.99985   768
101.00  0.04867  0.04890  0.01555  0.80968  -222.83827  -224.77571  4.99985   768
102.00  0.04866  0.04890  0.01607  0.80968  -222.03566  -223.98683  4.99985   768
103.00  0.04868  0.04890  0.01654  0.80968  -221.28798  -223.19490  4.99985   768
104.00  0.04868  0.04890  0.01671  0.80968  -221.01637  -222.91719  4.99985   768
105.00  0.04867  0.04890  0.01647  0.80968  -221.31850  -223.17201  4.99985   768
106.00  0.04867  0.04890  0.01598  0.80968  -222.10585  -223.90596  4.99985   768
107.00  0.04867  0.04890  0.01546  0.80968  -222.85506  -224.69179  4.99985   768
108.00  0.04867  0.04890  0.01506  0.80968  -223.50966  -225.34944  4.99985   768
109.00  0.04867  0.04890  0.01496  0.80968  -223.66072  -225.55238  4.99985   768
110.00  0.04868  0.04890  0.01522  0.80968  -223.34334  -225.24568  4.99985   768
111.00  0.04868  0.04890  0.01584  0.80968  -222.40797  -224.35457  4.99985   768
112.00  0.04867  0.04890  0.01639  0.80968  -221.52144  -223.44057  4.99985   768
113.00  0.04867  0.04890  0.01672  0.80968  -221.01637  -222.94465  4.99985   768
114.00  0.04868  0.04890  0.01657  0.80968  -221.18727  -223.03926  4.99985   768
115.00  0.04868  0.04890  0.01617  0.80968  -221.79457  -223.65419  4.99985   768
116.00  0.04867  0.04890  0.01558  0.80968  -222.67958  -224.50410  4.99985   768
117.00  0.04867  0.04890  0.01510  0.80968  -223.43947  -225.30672  4.99985   768
118.00  0.04867  0.04890  0.01486  0.80968  -223.85298  -225.72328  4.99985   768
119.00  0.04868  0.04890  0.01499  0.80968  -223.66377  -225.57527  4.99985   768
120.00  0.04866  0.04890  0.01558  0.80968  -222.83064  -224.76655  4.99985   768
121.00  0.04866  0.04890  0.01607  0.80968  -222.06618  -224.00514  4.99985   768
122.00  0.04867  0.04890  0.01660  0.80968  -221.19795  -223.11403  4.99985   768
123.00  0.04866  0.04890  0.01679  0.80968  -220.87446  -222.74629  4.99985   768
124.00  0.04867  0.04890  0.01645  0.80968  -221.35206  -223.17201  4.99985   768
125.00  0.04868  0.04890  0.01594  0.80968  -222.13789  -223.95479  4.99985   768
126.00  0.04867  0.04890  0.01536  0.80968  -223.01680  -224.83064  4.99985   768
127.00  0.04868  0.04890  0.01495  0.80968  -223.65462  -225.50661  4.99985   768
128.00  0.04866  0.04890  0.01495  0.80968  -223.70650  -225.60731  4.99985   768
129.00  0.04868  0.04890  0.01530  0.80968  -223.20296  -225.12971  4.99985   768
130.00  0.04866  0.04890  0.01588  0.80968  -222.35914  -224.29201  4.99985   768
131.00  0.04867  0.04890  0.01642  0.80968  -221.50923  -223.44819  4.99985   768
132.00  0.04867  0.04890  0.01672  0.80968  -221.05604  -222.98585  4.99985   768
133.00  0.04868  0.04890  0.01656  0.80968  -221.22847  -223.09877  4.99985   768
134.00  0.04867  0.04890  0.01616  0.80968  -221.80372  -223.65266  4.99985   768
135.00  0.04868  0.04890  0.01563  0.80968  -222.61244  -224.44154  4.99985   768
136.00  0.04867  0.04890  0.01512  0.80968  -223.37843  -225.21211  4.99985   768
137.00  0.04866  0.04890  0.01501  0.80968  -223.61494  -225.52339  4.99985   768
138.00  0.04868  0.04890  0.01511  0.80968  -223.49135  -225.37538  4.99985   768
139.00  0.04866  0.04890  0.01556  0.80968  -222.80470  -224.71773  4.99985   768
140.00  0.04867  0.04890  0.01614  0.80968  -221.94258  -223.88917  4.99985   768
141.00  0.04867  0.04890  0.01662  0.80968  -221.16133  -223.05604  4.99985   768
142.00  0.04868  0.04890  0.01664  0.80968  -221.08351  -222.94771  4.99985   768
143.00  0.04867  0.04890  0.01638  0.80968  -221.49702  -223.34291  4.99985   768
144.00  0.04867  0.04890  0.01595  0.80968  -222.10890  -223.93495  4.99985   768
145.00  0.04867  0.04890  0.01545  0.80968  -222.89778  -224.73146  4.99985   768
146.00  0.04867  0.04890  0.01514  0.80968  -223.39369  -225.25026  4.99985   768
147.00  0.04866  0.04890  0.01515  0.80968  -223.40742  -225.30672  4.99985   768
148.00  0.04866  0.04890  0.01543  0.80968  -223.02595  -224.96187  4.99985   768
149.00  0.04866  0.04890  0.01596  0.80968  -222.23707  -224.18519  4.99985   768
150.00  0.04867  0.04890  0.01647  0.80968  -221.41920  -223.34138  4.99985   768
151.00  0.04867  0.04890  0.01661  0.80968  -221.18574  -223.07741  4.99985   768
152.00  0.04867  0.04890  0.01651  0.80968  -221.28340  -223.14149  4.99985   768
153.00  0.04868  0.04890  0.01614  0.80968  -221.80678  -223.67402  4.99985   768
154.00  0.04868  0.04890  0.01555  0.80968  -222.68873  -224.51021  4.99985   768
155.00  0.04867  0.04890  0.01511  0.80968  -223.41810  -225.26552  4.99985   768
156.00  0.04866  0.04890  0.01496  0.80968  -223.66682  -225.53102  4.99985   768
157.00  0.04867  0.04890  0.01520  0.80968  -223.39674  -225.31129  4.99985   768
158.00  0.04866  0.04890  0.01576  0.80968  -222.52394  -224.44612  4.99985   768
159.00  0.04867  0.04890  0.01631  0.80968  -221.67708  -223.60689  4.99985   768
160.00  0.04867  0.04890  0.01666  0.80968  -221.11861  -222.99806  4.99985   768
161.00  0.04867  0.04890  0.01683  0.80968  -220.80122  -222.69441  4.99985   768
162.00  0.04866  0.04890  0.01650  0.80968  -221.26814  -223.09877  4.99985   768
163.00  0.04867  0.04890  0.01589  0.80968  -222.20045  -224.01277  4.99985   768
164.00  0.04866  0.04890  0.01532  0.80968  -223.07936  -224.93440  4.99985   768
165.00  0.04868  0.04890  0.01494  0.80968  -223.72023  -225.59968  4.99985   768
166.00  0.04867  0.04890  0.01490  0.80968  -223.80415  -225.71565  4.99985   768
167.00  0.04868  0.04890  0.01531  0.80968  -223.23347  -225.16176  4.99985   768
168.00  0.04867  0.04890  0.01596  0.80968  -222.23250  -224.18062  4.99985   768
169.00  0.04866  0.04890  0.01648  0.80968  -221.41768  -223.34291  4.99985   768
170.00  0.04868  0.04890  0.01669  0.80968  -221.01637  -222.90346  4.99985   768
171.00  0.04868  0.04890  0.01656  0.80968  -221.22084  -223.08504  4.99985   768
172.00  0.04868  0.04890  0.01613  0.80968  -221.83577  -223.64961  4.99985   768
173.00  0.04867  0.04890  0.01550  0.80968  -222.82759  -224.63533  4.99985   768
174.00  0.04866  0.04890  0.01511  0.80968  -223.42726  -225.26399  4.99985   768
175.00  0.04867  0.04890  0.01494  0.80968  -223.69124  -225.55391  4.99985   768
176.00  0.04868  0.04890  0.01518  0.80968  -223.38759  -225.30519  4.99985   768
177.00  0.04868  0.04890  0.01573  0.80968  -222.55293  -224.49190  4.99985   768
178.00  0.04866  0.04890  0.01633  0.80968  -221.68013  -223.61757  4.99985   768
179.00  0.04869  0.04890  0.01666  0.80968  -221.09724  -222.98891  4.99985   768
180.00  0.04868  0.04890  0.01676  0.80968  -220.91871  -222.78139  4.99985   768
181.00  0.04866  0.04890  0.01636  0.80968  -221.50923  -223.36580  4.99985   768
182.00  0.04867  0.04890  0.01590  0.80968  -222.20961  -224.06923  4.99985   768
183.00  0.04866  0.04890  0.01519  0.80968  -223.25331  -225.08241  4.99985   768
184.00  0.04867  0.04890  0.01496  0.80968  -223.67140  -225.56001  4.99985   768
185.00  0.04867  0.04890  0.01503  0.80968  -223.60884  -225.50966  4.99985   768
186.00  0.04868  0.04890  0.01549  0.80968  -222.92677  -224.83980  4.99985   768
187.00  0.04867  0.04890  0.01604  0.80968  -222.11195  -224.06465  4.99985   768
188.00  0.04868  0.04890  0.01649  0.80968  -221.36580  -223.27272  4.99985   768
189.00  0.04866  0.04890  0.01677  0.80968  -220.91261  -222.80275  4.99985   768
190.00  0.04866  0.04890  0.01661  0.80968  -221.12776  -222.98433  4.99985   768
191.00  0.04867  0.04890  0.01614  0.80968  -221.81746  -223.63283  4.99985   768
192.00  0.04865  0.04890  0.01555  0.80968  -222.70247  -224.52089  4.99985   768
193.00  0.04867  0.04890  0.01507  0.80968  -223.47456  -225.29451  4.99985   768
194.00  0.04868  0.04890  0.01487  0.80968  -223.83467  -225.68971  4.99985   768
195.00  0.04867  0.04890  0.01521  0.80968  -223.36317  -225.29146  4.99985   768
196.00  0.04867  0.04890  0.01579  0.80968  -222.47969  -224.43239  4.99985   768
197.00  0.04867  0.04890  0.01634  0.80968  -221.61146  -223.54890  4.99985   768
198.00  0.04866  0.04890  0.01669  0.80968  -221.06062  -222.97975  4.99985   768
199.00  0.04866  0.04890  0.01660  0.80968  -221.12623  -222.97975  4.99985   768
200.00  0.04439  0.03178  0.01646  0.80968  -221.41157  -223.33528  4.99985   768
201.00  0.03461  0.03178  0.01330  0.80968  -225.71913  -227.10573  4.99985   768
202.00  0.03371  0.03178  0.00929  0.80968  -232.03932  -233.59682  4.99985   768
203.00  0.03341  0.03178  0.00972  0.80968  -231.93251  -234.01491  4.99985   768
204.00  0.03319  0.03178  0.00787  0.80968  -234.36781  -235.99397  4.99985   768
205.00  0.03302  0.03178  0.00679  0.80968  -236.20497  -238.05391  4.99985   768
206.00  0.03289  0.03178  0.00901  0.80968  -232.93959  -234.97316  4.99985   768
207.00  0.03282  0.03178  0.00779  0.80968  -234.56618  -236.32661  4.99985   768
208.00  0.03275  0.03178  0.00767  0.80968  -234.97511  -236.92323  4.99985   768
209.00  0.03268  0.03178  0.00858  0.80968  -233.36836  -235.17457  4.99985   768
210.00  0.03263  0.03178  0.00655  0.80968  -236.48115  -238.21870  4.99985   768
211.00  0.03257  0.03178  0.00647  0.80968  -236.84126  -238.79396  4.99985   768
212.00  0.03255  0.03178  0.00620  0.80968  -236.93587  -238.64900  4.99985   768
213.00  0.03251  0.03178  0.00498  0.80968  -239.05074  -240.93629  4.99985   768
214.00  0.03248  0.03178  0.00643  0.80968  -236.92213  -238.99843  4.99985   768
215.00  0.03245  0.03178  0.00622  0.80968  -237.01979  -238.80617  4.99985   768
216.00  0.03241  0.03178  0.00680  0.80968  -236.38350  -238.42317  4.99985   768
217.00  0.03239  0.03178  0.00803  0.80968  -234.38460  -236.32509  4.99985   768
218.00  0.03235  0.03178  0.00685  0.80968  -236.04170  -237.81892  4.99985   768
219.00  0.03235  0.03178  0.00713  0.80968  -235.80214  -237.75178  4.99985   768
220.00  0.03232  0.03178  0.00674  0.80968  -236.16682  -237.93489  4.99985   768
221.00  0.03232  0.03178  0.00530  0.80968  -238.48769  -240.31068  4.99985   768
222.00  0.03232  0.03178  0.00579  0.80968  -237.80714  -239.74763  4.99985   768
223.00  0.03230  0.03178  0.00551  0.80968  -238.08180  -239.88496  4.99985   768
224.00  0.03230  0.03178  0.00581  0.80968  -237.87428  -239.88039  4.99985   768
225.00  0.03229  0.03178  0.00707  0.80968  -235.86012  -237.80977  4.99985   768
226.00  0.03228  0.03178  0.00697  0.80968  -235.93947  -237.77467  4.99985   768
227.00  0.03228  0.03178  0.00756  0.80968  -235.12923  -237.09260  4.99985   768
228.00  0.03226  0.03178  0.00745  0.80968  -235.14601  -236.96748  4.99985   768
229.00  0.03226  0.03178  0.00647  0.80968  -236.64595  -238.46895  4.99985   768
230.00  0.03226  0.03178  0.00649  0.80968  -236.71309  -238.60628  4.99985   768
231.00  0.03225  0.03178  0.00568  0.80968  -237.84529  -239.64540  4.99985   768
232.00  0.03225  0.03178  0.00535  0.80968  -238.48463  -240.40834  4.99985   768
233.00  0.03225  0.03178  0.00618  0.80968  -237.23646  -239.19984  4.99985   768
234.00  0.03224  0.03178  0.00631  0.80968  -237.02895  -238.94197  4.99985   768
235.00  0.03225  0.03178  0.00720  0.80968  -235.73500  -237.74110  4.99985   768
236.00  0.03223  0.03178  0.00771  0.80968  -234.81032  -236.70503  4.99985   768
237.00  0.03223  0.03178  0.00743  0.80968  -235.25587  -237.11854  4.99985   768
238.00  0.03223  0.03178  0.00736  0.80968  -235.34132  -237.22230  4.99985   768
239.00  0.03222  0.03178  0.00657  0.80968  -236.46895  -238.25075  4.99985   768
240.00  0.03221  0.03178  0.00587  0.80968  -237.59199  -239.43025  4.99985   768
241.00  0.03222  0.03178  0.00589  0.80968  -237.60573  -239.48366  4.99985   768
242.00  0.03222  0.03178  0.00566  0.80968  -237.95821  -239.82545  4.99985   768
243.00  0.03222  0.03178  0.00618  0.80968  -237.27003  -239.21815  4.99985   768
244.00  0.03222  0.03178  0.00693  0.80968  -236.04781  -237.99135  4.99985   768
245.00  0.03221  0.03178  0.00715  0.80968  -235.71974  -237.60225  4.99985   768
246.00  0.03221  0.03178  0.00744  0.80968  -235.25282  -237.15364  4.99985   768
247.00  0.03221  0.03178  0.00712  0.80968  -235.69685  -237.53206  4.99985   768
248.00  0.03222  0.03178  0.00651  0.80968  -236.60323  -238.44453  4.99985   768
249.00  0.03221  0.03178  0.00607  0.80968  -237.28529  -239.14339  4.99985   768
250.00  0.03221  0.03178  0.00546  0.80968  -238.25117  -240.09401  4.99985   768
251.00  0.03221  0.03178  0.00546  0.80968  -238.30611  -240.22676  4.99985   768
252.00  0.03221  0.03178  0.00593  0.80968  -237.60420  -239.53706  4.99985   768
253.00  0.03220  0.03178  0.00640  0.80968  -236.90688  -238.84737  4.99985   768
254.00  0.03220  0.03178  0.00716  0.80968  -235.76094  -237.69990  4.99985   768
255.00  0.03221  0.03178  0.00752  0.80968  -235.11549  -237.02852  4.99985   768
256.00  0.03221  0.03178  0.00734  0.80968  -235.36421  -237.21468  4.99985   768
257.00  0.03221  0.03178  0.00704  0.80968  -235.81282  -237.64650  4.99985   768
258.00  0.03220  0.03178  0.00643  0.80968  -236.73598  -238.53151  4.99985   768
259.00  0.03219  0.03178  0.00595  0.80968  -237.47603  -239.33565  4.99985   768
260.00  0.03221  0.03178  0.00572  0.80968  -237.85902  -239.72017  4.99985   768
261.00  0.03219  0.03178  0.00579  0.80968  -237.79951  -239.70949  4.99985   768
262.00  0.03220  0.03178  0.00646  0.80968  -236.81990  -238.78786  4.99985   768
263.00  0.03218  0.03178  0.00706  0.80968  -235.85097  -237.78078  4.99985   768
264.00  0.03220  0.03178  0.00750  0.80968  -235.19942  -237.13686  4.99985   768
265.00  0.03218  0.03178  0.00767  0.80968  -234.90034  -236.79964  4.99985   768
266.00  0.03219  0.03178  0.00728  0.80968  -235.42067  -237.27876  4.99985   768
267.00  0.03217  0.03178  0.00684  0.80968  -236.10426  -237.94099  4.99985   768
268.00  0.03218  0.03178  0.00620  0.80968  -237.10066  -238.94502  4.99985   768
269.00  0.03219  0.03178  0.00575  0.80968  -237.81172  -239.67134  4.99985   768
270.00  0.03219  0.03178  0.00575  0.80968  -237.83003  -239.72932  4.99985   768
271.00  0.03218  0.03178  0.00607  0.80968  -237.39821  -239.32954  4.99985   768
272.00  0.03218  0.03178  0.00667  0.80968  -236.50099  -238.43538  4.99985   768
273.00  0.03218  0.03178  0.00729  0.80968  -235.51527  -237.46645  4.99985   768
274.00  0.03218  0.03178  0.00758  0.80968  -235.00258  -236.90187  4.99985   768
275.00  0.03217  0.03178  0.00743  0.80968  -235.18111  -237.02852  4.99985   768
276.00  0.03218  0.03178  0.00690  0.80968  -236.01881  -237.82503  4.99985   768
277.00  0.03218  0.03178  0.00628  0.80968  -236.97707  -238.78480  4.99985   768
278.00  0.03219  0.03178  0.00582  0.80968  -237.67287  -239.52638  4.99985   768
279.00  0.03217  0.03178  0.00554  0.80968  -238.13063  -240.01466  4.99985   768
280.00  0.03217  0.03178  0.00567  0.80968  -237.98872  -239.91853  4.99985   768
281.00  0.03218  0.03178  0.00625  0.80968  -237.14033  -239.11134  4.99985   768
282.00  0.03217  0.03178  0.00687  0.80968  -236.15309  -238.09206  4.99985   768
283.00  0.03216  0.03178  0.00742  0.80968  -235.35200  -237.29707  4.99985   768
284.00  0.03218  0.03178  0.00764  0.80968  -234.93544  -236.82100  4.99985   768
285.00  0.03217  0.03178  0.00725  0.80968  -235.49239  -237.34590  4.99985   768
286.00  0.03217  0.03178  0.00674  0.80968  -236.23701  -238.07069  4.99985   768
287.00  0.03218  0.03178  0.00617  0.80968  -237.19832  -239.01674  4.99985   768
288.00  0.03218  0.03178  0.00574  0.80968  -237.81325  -239.67592  4.99985   768
289.00  0.03217  0.03178  0.00579  0.80968  -237.79799  -239.67592  4.99985   768
290.00  0.03218  0.03178  0.00628  0.80968  -237.09914  -239.03200  4.99985   768
291.00  0.03216  0.03178  0.00694  0.80968  -236.07985  -238.01424  4.99985   768
292.00  0.03218  0.03178  0.00760  0.80968  -235.05446  -236.97969  4.99985   768
293.00  0.03217  0.03178  0.00792  0.80968  -234.50362  -236.40443  4.99985   768
294.00  0.03217  0.03178  0.00784  0.80968  -234.61348  -236.48225  4.99985   768
295.00  0.03216  0.03178  0.00734  0.80968  -235.29402  -237.13686  4.99985   768
296.00  0.03217  0.03178  0.00667  0.80968  -236.34688  -238.17140  4.99985   768
297.00  0.03216  0.03178  0.00612  0.80968  -237.24257  -239.08235  4.99985   768
298.00  0.03217  0.03178  0.00581  0.80968  -237.73695  -239.63167  4.99985   768
299.00  0.03217  0.03178  0.00605  0.80968  -237.40584  -239.35091  4.99985   768
300.00  0.03216  0.03178  0.00666  0.80968  -236.51778  -238.47047  4.99985   768
301.00  0.03215  0.03178  0.00726  0.80968  -235.56563  -237.52595  4.99985   768
302.00  0.03216  0.03178  0.00775  0.80968  -234.81642  -236.74165  4.99985   768
303.00  0.03217  0.03178  0.00786  0.80968  -234.57686  -236.45937  4.99985   768
304.00  0.03216  0.03178  0.00758  0.80968  -234.97969  -236.83931  4.99985   768
305.00  0.03216  0.03178  0.00697  0.80968  -235.88301  -237.68312  4.99985   768
306.00  0.03216  0.03178  0.00633  0.80968  -236.89772  -238.74513  4.99985   768
307.00  0.03216  0.03178  0.00590  0.80968  -237.56605  -239.41194  4.99985   768
308.00  0.03217  0.03178  0.00581  0.80968  -237.73695  -239.62709  4.99985   768
309.00  0.03216  0.03178  0.00614  0.80968  -237.28072  -239.20595  4.99985   768
310.00  0.03216  0.03178  0.00692  0.80968  -236.09816  -238.04018  4.99985   768
311.00  0.03215  0.03178  0.00749  0.80968  -235.20094  -237.15364  4.99985   768
312.00  0.03216  0.03178  0.00781  0.80968  -234.70198  -236.60890  4.99985   768
313.00  0.03216  0.03178  0.00773  0.80968  -234.74928  -236.61348  4.99985   768
314.00  0.03216  0.03178  0.00736  0.80968  -235.32454  -237.17500  4.99985   768
315.00  0.03216  0.03178  0.00666  0.80968  -236.34688  -238.17750  4.99985   768
316.00  0.03216  0.03178  0.00607  0.80968  -237.31276  -239.17238  4.99985   768
317.00  0.03215  0.03178  0.00579  0.80968  -237.79494  -239.69118  4.99985   768
318.00  0.03214  0.03178  0.00602  0.80968  -237.47603  -239.38905  4.99985   768
319.00  0.03216  0.03178  0.00661  0.80968  -236.62917  -238.58491  4.99985   768
320.00  0.03216  0.03178  0.00737  0.80968  -235.39168  -237.34895  4.99985   768
321.00  0.03216  0.03178  0.00791  0.80968  -234.56312  -236.49293  4.99985   768
322.00  0.03215  0.03178  0.00812  0.80968  -234.18166  -236.06111  4.99985   768
323.00  0.03215  0.03178  0.00788  0.80968  -234.52498  -236.36476  4.99985   768
324.00  0.03215  0.03178  0.00722  0.80968  -235.49696  -237.30470  4.99985   768
325.00  0.03215  0.03178  0.00662  0.80968  -236.43080  -238.23701  4.99985   768
326.00  0.03215  0.03178  0.00620  0.80968  -237.09914  -238.94807  4.99985   768
327.00  0.03215  0.03178  0.00616  0.80968  -237.25478  -239.15102  4.99985   768
328.00  0.03214  0.03178  0.00660  0.80968  -236.58491  -238.51472  4.99985   768
329.00  0.03214  0.03178  0.00711  0.80968  -235.80824  -237.75789  4.99985   768
330.00  0.03215  0.03178  0.00771  0.80968  -234.88203  -236.81337  4.99985   768
331.00  0.03215  0.03178  0.00797  0.80968  -234.44716  -236.35561  4.99985   768
332.00  0.03214  0.03178  0.00788  0.80968  -234.54176  -236.41664  4.99985   768
333.00  0.03214  0.03178  0.00751  0.80968  -235.10023  -236.96901  4.99985   768
334.00  0.03216  0.03178  0.00686  0.80968  -236.05391  -237.88911  4.99985   768
335.00  0.03214  0.03178  0.00634  0.80968  -236.90535  -238.75886  4.99985   768
336.00  0.03214  0.03178  0.00612  0.80968  -237.30513  -239.19832  4.99985   768
337.00  0.03215  0.03178  0.00634  0.80968  -237.01216  -238.90688  4.99985   768
338.00  0.03215  0.03178  0.00685  0.80968  -236.22328  -238.16530  4.99985   768
339.00  0.03214  0.03178  0.00755  0.80968  -235.14143  -237.07887  4.99985   768
340.00  0.03214  0.03178  0.00790  0.80968  -234.55550  -236.45937  4.99985   768
341.00  0.03214  0.03178  0.00807  0.80968  -234.27626  -236.15266  4.99985   768
342.00  0.03215  0.03178  0.00779  0.80968  -234.67909  -236.52193  4.99985   768
343.00  0.03214  0.03178  0.00721  0.80968  -235.49086  -237.30318  4.99985   768
344.00  0.03214  0.03178  0.00656  0.80968  -236.56813  -238.40181  4.99985   768
345.00  0.03214  0.03178  0.00617  0.80968  -237.18153  -239.03505  4.99985   768
346.00  0.03214  0.03178  0.00620  0.80968  -237.16170  -239.05641  4.99985   768
347.00  0.03213  0.03178  0.00658  0.80968  -236.63679  -238.58644  4.99985   768
348.00  0.03213  0.03178  0.00716  0.80968  -235.75331  -237.69685  4.99985   768
349.00  0.03213  0.03178  0.00776  0.80968  -234.84083  -236.79353  4.99985   768
350.00  0.03213  0.03178  0.00795  0.80968  -234.47157  -236.35866  4.99985   768
351.00  0.03213  0.03178  0.00781  0.80968  -234.65163  -236.52498  4.99985   768
352.00  0.03214  0.03178  0.00742  0.80968  -235.25282  -237.09566  4.99985   768
353.00  0.03215  0.03178  0.00681  0.80968  -236.14241  -237.98219  4.99985   768
354.00  0.03213  0.03178  0.00632  0.80968  -236.90382  -238.75124  4.99985   768
355.00  0.03213  0.03178  0.00617  0.80968  -237.21358  -239.09914  4.99985   768
356.00  0.03213  0.03178  0.00639  0.80968  -236.88399  -238.77412  4.99985   768
357.00  0.03215  0.03178  0.00700  0.80968  -235.98067  -237.92573  4.99985   768
358.00  0.03213  0.03178  0.00759  0.80968  -235.04683  -236.98885  4.99985   768
359.00  0.03213  0.03178  0.00804  0.80968  -234.33272  -236.22743  4.99985   768
360.00  0.03214  0.03178  0.00807  0.80968  -234.24727  -236.12215  4.99985   768
361.00  0.03212  0.03178  0.00780  0.80968  -234.66688  -236.50056  4.99985   768
362.00  0.03212  0.03178  0.00722  0.80968  -235.52901  -237.36726  4.99985   768
363.00  0.03213  0.03178  0.00667  0.80968  -236.37740  -238.23396  4.99985   768
364.00  0.03213  0.03178  0.00630  0.80968  -236.96638  -238.83974  4.99985   768
365.00  0.03214  0.03178  0.00634  0.80968  -236.99538  -238.90688  4.99985   768
366.00  0.03211  0.03178  0.00676  0.80968  -236.35756  -238.31178  4.99985   768
367.00  0.03212  0.03178  0.00739  0.80968  -235.39320  -237.35963  4.99985   768
368.00  0.03212  0.03178  0.00796  0.80968  -234.49904  -236.42580  4.99985   768
369.00  0.03213  0.03178  0.00819  0.80968  -234.07942  -235.98176  4.99985   768
370.00  0.03213  0.03178  0.00798  0.80968  -234.39528  -236.23659  4.99985   768
371.00  0.03214  0.03178  0.00761  0.80968  -234.94612  -236.78895  4.99985   768
372.00  0.03213  0.03178  0.00709  0.80968  -235.71516  -237.55189  4.99985   768
373.00  0.03212  0.03178  0.00656  0.80968  -236.55592  -238.38045  4.99985   768
374.00  0.03213  0.03178  0.00646  0.80968  -236.76649  -238.65358  4.99985   768
375.00  0.03213  0.03178  0.00674  0.80968  -236.36671  -238.26906  4.99985   768
376.00  0.03212  0.03178  0.00733  0.80968  -235.46034  -237.40388  4.99985   768
377.00  0.03212  0.03178  0.00792  0.80968  -234.57686  -236.52956  4.99985   768
378.00  0.03211  0.03178  0.00823  0.80968  -234.03822  -235.93294  4.99985   768
379.00  0.03212  0.03178  0.00823  0.80968  -234.00770  -235.87190  4.99985   768
380.00  0.03211  0.03178  0.00796  0.80968  -234.41359  -236.27779  4.99985   768
381.00  0.03213  0.03178  0.00731  0.80968  -235.37642  -237.19026  4.99985   768
382.00  0.03211  0.03178  0.00671  0.80968  -236.34535  -238.19734  4.99985   768
383.00  0.03212  0.03178  0.00639  0.80968  -236.82600  -238.68867  4.99985   768
384.00  0.03211  0.03178  0.00655  0.80968  -236.67799  -238.61085  4.99985   768
385.00  0.03212  0.03178  0.00700  0.80968  -235.94099  -237.88606  4.99985   768
386.00  0.03211  0.03178  0.00772  0.80968  -234.92171  -236.85762  4.99985   768
387.00  0.03212  0.03178  0.00823  0.80968  -234.07332  -236.01533  4.99985   768
388.00  0.03213  0.03178  0.00834  0.80968  -233.83986  -235.72237  4.99985   768
389.00  0.03211  0.03178  0.00813  0.80968  -234.13740  -235.99092  4.99985   768
390.00  0.03213  0.03178  0.00763  0.80968  -234.88814  -236.70351  4.99985   768
391.00  0.03212  0.03178  0.00709  0.80968  -235.72279  -237.53816  4.99985   768
392.00  0.03212  0.03178  0.00659  0.80968  -236.51778  -238.34535  4.99985   768
393.00  0.03212  0.03178  0.00652  0.80968  -236.67647  -238.57118  4.99985   768
394.00  0.03212  0.03178  0.00690  0.80968  -236.10426  -238.03407  4.99985   768
395.00  0.03212  0.03178  0.00757  0.80968  -235.15669  -237.10481  4.99985   768
396.00  0.03212  0.03178  0.00809  0.80968  -234.29610  -236.23048  4.99985   768
397.00  0.03212  0.03178  0.00834  0.80968  -233.87038  -235.78035  4.99985   768
398.00  0.03213  0.03178  0.00828  0.80968  -233.99702  -235.89174  4.99985   768
399.00  0.03210  0.03178  0.00790  0.80968  -234.50056  -236.34035  4.99985   768
400.00  0.03213  0.03178  0.00729  0.80968  -235.42372  -237.25740  4.99985   768
401.00  0.03213  0.03178  0.00674  0.80968  -236.25990  -238.09511  4.99985   768
402.00  0.03212  0.03178  0.00646  0.80968  -236.80006  -238.65205  4.99985   768
403.00  0.03212  0.03178  0.00669  0.80968  -236.44148  -238.38350  4.99985   768
404.00  0.03212  0.03178  0.00723  0.80968  -235.63582  -237.58394  4.99985   768
405.00  0.03212  0.03178  0.00795  0.80968  -234.52040  -236.47310  4.99985   768
406.00  0.03211  0.03178  0.00848  0.80968  -233.70253  -235.61555  4.99985   768
407.00  0.03213  0.03178  0.00856  0.80968  -233.55299  -235.43092  4.99985   768
408.00  0.03212  0.03178  0.00836  0.80968  -233.78187  -235.63539  4.99985   768
409.00  0.03212  0.03178  0.00772  0.80968  -234.75691  -236.56618  4.99985   768
410.00  0.03212  0.03178  0.00714  0.80968  -235.64345  -237.46797  4.99985   768
411.00  0.03212  0.03178  0.00666  0.80968  -236.40333  -238.24464  4.99985   768
412.00  0.03211  0.03178  0.00663  0.80968  -236.46895  -238.38655  4.99985   768
413.00  0.03212  0.03178  0.00698  0.80968  -236.01576  -237.95625  4.99985   768
414.00  0.03212  0.03178  0.00752  0.80968  -235.18568  -237.13838  4.99985   768
415.00  0.03211  0.03178  0.00818  0.80968  -234.17860  -236.11146  4.99985   768
416.00  0.03212  0.03178  0.00851  0.80968  -233.62013  -235.53926  4.99985   768
417.00  0.03212  0.03178  0.00851  0.80968  -233.57283  -235.44466  4.99985   768
418.00  0.03211  0.03178  0.00808  0.80968  -234.22591  -236.08247  4.99985   768
419.00  0.03211  0.03178  0.00751  0.80968  -235.07124  -236.89271  4.99985   768
420.00  0.03212  0.03178  0.00689  0.80968  -236.05086  -237.87843  4.99985   768
421.00  0.03210  0.03178  0.00661  0.80968  -236.53761  -238.42165  4.99985   768
422.00  0.03212  0.03178  0.00674  0.80968  -236.32246  -238.22328  4.99985   768
423.00  0.03210  0.03178  0.00734  0.80968  -235.49391  -237.43593  4.99985   768
424.00  0.03211  0.03178  0.00815  0.80968  -234.24574  -236.19997  4.99985   768
425.00  0.03212  0.03178  0.00864  0.80968  -233.44160  -235.33479  4.99985   768
426.00  0.03212  0.03178  0.00873  0.80968  -233.24171  -235.11812  4.99985   768
427.00  0.03211  0.03178  0.00856  0.80968  -233.50264  -235.35615  4.99985   768
428.00  0.03211  0.03178  0.00806  0.80968  -234.18013  -236.00465  4.99985   768
429.00  0.03212  0.03178  0.00755  0.80968  -235.03767  -236.88661  4.99985   768
430.00  0.03211  0.03178  0.00715  0.80968  -235.65565  -237.50764  4.99985   768
431.00  0.03211  0.03178  0.00696  0.80968  -235.98372  -237.88911  4.99985   768
432.00  0.03212  0.03178  0.00738  0.80968  -235.41457  -237.35963  4.99985   768
433.00  0.03211  0.03178  0.00804  0.80968  -234.38002  -236.34950  4.99985   768
434.00  0.03211  0.03178  0.00866  0.80968  -233.45228  -235.40498  4.99985   768
435.00  0.03212  0.03178  0.00899  0.80968  -232.88161  -234.78090  4.99985   768
436.00  0.03212  0.03178  0.00892  0.80968  -232.93043  -234.80836  4.99985   768
437.00  0.03211  0.03178  0.00851  0.80968  -233.56673  -235.41109  4.99985   768
438.00  0.03211  0.03178  0.00792  0.80968  -234.40596  -236.23811  4.99985   768
439.00  0.03213  0.03178  0.00736  0.80968  -235.30928  -237.13838  4.99985   768
440.00  0.03210  0.03178  0.00722  0.80968  -235.59004  -237.46492  4.99985   768
441.00  0.03211  0.03178  0.00739  0.80968  -235.33369  -237.24214  4.99985   768
442.00  0.03211  0.03178  0.00792  0.80968  -234.58601  -236.50972  4.99985   768
443.00  0.03211  0.03178  0.00856  0.80968  -233.57588  -235.51790  4.99985   768
444.00  0.03211  0.03178  0.00901  0.80968  -232.84041  -234.74733  4.99985   768
445.00  0.03210  0.03178  0.00912  0.80968  -232.69697  -234.57796  4.99985   768
446.00  0.03210  0.03178  0.00883  0.80968  -233.08607  -234.93196  4.99985   768
447.00  0.03212  0.03178  0.00831  0.80968  -233.85359  -235.70253  4.99985   768
448.00  0.03211  0.03178  0.00762  0.80968  -234.90797  -236.72792  4.99985   768
449.00  0.03209  0.03178  0.00728  0.80968  -235.47713  -237.35200  4.99985   768
450.00  0.03210  0.03178  0.00731  0.80968  -235.46034  -237.38100  4.99985   768
451.00  0.03210  0.03178  0.00777  0.80968  -234.82863  -236.77064  4.99985   768
452.00  0.03210  0.03178  0.00837  0.80968  -233.86580  -235.81850  4.99985   768
453.00  0.03210  0.03178  0.00899  0.80968  -232.92891  -234.86940  4.99985   768
454.00  0.03211  0.03178  0.00935  0.80968  -232.32466  -234.22243  4.99985   768
455.00  0.03211  0.03178  0.00927  0.80968  -232.37807  -234.23616  4.99985   768
456.00  0.03210  0.03178  0.00885  0.80968  -233.03267  -234.87703  4.99985   768
457.00  0.03210  0.03178  0.00827  0.80968  -233.90089  -235.69490  4.99985   768
458.00  0.03210  0.03178  0.00774  0.80968  -234.74013  -236.57533  4.99985   768
459.00  0.03210  0.03178  0.00759  0.80968  -234.99953  -236.88203  4.99985   768
460.00  0.03212  0.03178  0.00790  0.80968  -234.58906  -236.51430  4.99985   768
461.00  0.03210  0.03178  0.00846  0.80968  -233.74983  -235.69032  4.99985   768
462.00  0.03209  0.03178  0.00908  0.80968  -232.74428  -234.68477  4.99985   768
463.00  0.03211  0.03178  0.00956  0.80968  -232.03474  -233.96760  4.99985   768
464.00  0.03210  0.03178  0.00965  0.80968  -231.84096  -233.73567  4.99985   768
465.00  0.03210  0.03178  0.00940  0.80968  -232.17207  -234.01948  4.99985   768
466.00  0.03211  0.03178  0.00879  0.80968  -233.11507  -234.94417  4.99985   768
467.00  0.03210  0.03178  0.00820  0.80968  -234.03517  -235.87801  4.99985   768
468.00  0.03210  0.03178  0.00784  0.80968  -234.64247  -236.53108  4.99985   768
469.00  0.03210  0.03178  0.00787  0.80968  -234.61348  -236.49904  4.99985   768
470.00  0.03211  0.03178  0.00829  0.80968  -233.99245  -235.92378  4.99985   768
471.00  0.03210  0.03178  0.00891  0.80968  -233.06319  -235.00825  4.99985   768
472.00  0.03210  0.03178  0.00954  0.80968  -232.06068  -233.98439  4.99985   768
473.00  0.03210  0.03178  0.00974  0.80968  -231.70363  -233.58308  4.99985   768
474.00  0.03210  0.03178  0.00962  0.80968  -231.87300  -233.72652  4.99985   768
475.00  0.03210  0.03178  0.00905  0.80968  -232.69697  -234.50929  4.99985   768
476.00  0.03210  0.03178  0.00856  0.80968  -233.46297  -235.29207  4.99985   768
477.00  0.03209  0.03178  0.00807  0.80968  -234.22285  -236.06874  4.99985   768
478.00  0.03211  0.03178  0.00787  0.80968  -234.57686  -236.44563  4.99985   768
479.00  0.03210  0.03178  0.00803  0.80968  -234.37697  -236.30373  4.99985   768
480.00  0.03210  0.03178  0.00866  0.80968  -233.46907  -235.43092  4.99985   768
481.00  0.03210  0.03178  0.00933  0.80968  -232.37807  -234.33382  4.99985   768
482.00  0.03209  0.03178  0.00982  0.80968  -231.63344  -233.56935  4.99985   768
483.00  0.03210  0.03178  0.00994  0.80968  -231.43965  -233.34810  4.99985   768
484.00  0.03210  0.03178  0.00961  0.80968  -231.84401  -233.68837  4.99985   768
485.00  0.03210  0.03178  0.00905  0.80968  -232.71223  -234.54591  4.99985   768
486.00  0.03210  0.03178  0.00853  0.80968  -233.54536  -235.40803  4.99985   768
487.00  0.03210  0.03178  0.00825  0.80968  -233.94057  -235.82155  4.99985   768
488.00  0.03210  0.03178  0.00828  0.80968  -233.95125  -235.83223  4.99985   768
489.00  0.03210  0.03178  0.00873  0.80968  -233.34395  -235.28139  4.99985   768
490.00  0.03209  0.03178  0.00939  0.80968  -232.30788  -234.23463  4.99985   768
491.00  0.03210  0.03178  0.01010  0.80968  -231.21535  -233.14668  4.99985   768
492.00  0.03210  0.03178  0.01042  0.80968  -230.64467  -232.53328  4.99985   768
493.00  0.03210  0.03178  0.01031  0.80968  -230.81862  -232.67824  4.99985   768
494.00  0.03210  0.03178  0.00989  0.80968  -231.41218  -233.24129  4.99985   768
495.00  0.03211  0.03178  0.00928  0.80968  -232.35976  -234.18428  4.99985   768
496.00  0.03210  0.03178  0.00890  0.80968  -232.97621  -234.83278  4.99985   768
497.00  0.03210  0.03178  0.00881  0.80968  -233.16542  -235.04793  4.99985   768
498.00  0.03210  0.03178  0.00913  0.80968  -232.67866  -234.62221  4.99985   768
499.00  0.03210  0.03178  0.00969  0.80968  -231.83333  -233.76924  4.99985   768
500.00  0.03209  0.03178  0.01034  0.80968  -230.89186  -232.84761  4.99985   768
501.00  0.03209  0.03178  0.01089  0.80968  -229.99617  -231.93056  4.99985   768
502.00  0.03209  0.03178  0.01093  0.80968  -229.87257  -231.74745  4.99985   768
503.00  0.03211  0.03178  0.01054  0.80968  -230.43867  -232.28914  4.99985   768
504.00  0.03209  0.03178  0.01013  0.80968  -231.06428  -232.89949  4.99985   768
505.00  0.03209  0.03178  0.00948  0.80968  -232.05611  -233.87758  4.99985   768
506.00  0.03210  0.03178  0.00924  0.80968  -232.46504  -234.33229  4.99985   768
507.00  0.03210  0.03178  0.00941  0.80968  -232.21480  -234.12019  4.99985   768
508.00  0.03210  0.03178  0.00992  0.80968  -231.52510  -233.44423  4.99985   768
509.00  0.03210  0.03178  0.01056  0.80968  -230.51192  -232.45546  4.99985   768
510.00  0.03210  0.03178  0.01112  0.80968  -229.61623  -231.52925  4.99985   768
511.00  0.03210  0.03178  0.01138  0.80968  -229.19661  -231.09285  4.99985   768
512.00  0.03210  0.03178  0.01122  0.80968  -229.37819  -231.22865  4.99985   768
513.00  0.03209  0.03178  0.01080  0.80968  -230.03126  -231.91225  4.99985   768
514.00  0.03210  0.03178  0.01032  0.80968  -230.78963  -232.62636  4.99985   768
515.00  0.03209  0.03178  0.00990  0.80968  -231.41524  -233.29469  4.99985   768
516.00  0.03210  0.03178  0.00986  0.80968  -231.52663  -233.42744  4.99985   768
517.00  0.03210  0.03178  0.01032  0.80968  -230.87965  -232.82625  4.99985   768
518.00  0.03210  0.03178  0.01098  0.80968  -229.88631  -231.84816  4.99985   768
519.00  0.03210  0.03178  0.01161  0.80968  -228.91127  -230.85481  4.99985   768
520.00  0.03209  0.03178  0.01215  0.80968  -228.02473  -229.95302  4.99985   768
521.00  0.03209  0.03178  0.01235  0.80968  -227.67836  -229.56239  4.99985   768
522.00  0.03210  0.03178  0.01207  0.80968  -228.09035  -229.92555  4.99985   768
523.00  0.03209  0.03178  0.01166  0.80968  -228.68849  -230.52980  4.99985   768
524.00  0.03210  0.03178  0.01125  0.80968  -229.34309  -231.18745  4.99985   768
525.00  0.03208  0.03178  0.01101  0.80968  -229.74440  -231.60097  4.99985   768
526.00  0.03209  0.03178  0.01130  0.80968  -229.38124  -231.30037  4.99985   768
527.00  0.03209  0.03178  0.01196  0.80968  -228.34517  -230.30855  4.99985   768
528.00  0.03210  0.03178  0.01267  0.80968  -227.29841  -229.22365  4.99985   768
529.00  0.03209  0.03178  0.01321  0.80968  -226.43019  -228.35084  4.99985   768
530.00  0.03209  0.03178  0.01352  0.80968  -225.94191  -227.83052  4.99985   768
531.00  0.03211  0.03178  0.01342  0.80968  -226.04109  -227.91749  4.99985   768
532.00  0.03209  0.03178  0.01295  0.80968  -226.73079  -228.55379  4.99985   768
533.00  0.03210  0.03178  0.01234  0.80968  -227.68294  -229.53187  4.99985   768
534.00  0.03209  0.03178  0.01200  0.80968  -228.23073  -230.11629  4.99985   768
535.00  0.03209  0.03178  0.01201  0.80968  -228.24141  -230.14375  4.99985   768
536.00  0.03209  0.03178  0.01238  0.80968  -227.73482  -229.67836  4.99985   768
537.00  0.03209  0.03178  0.01310  0.80968  -226.60567  -228.54921  4.99985   768
538.00  0.03209  0.03178  0.01370  0.80968  -225.68556  -227.62147  4.99985   768
539.00  0.03209  0.03178  0.01408  0.80968  -225.06605  -226.95619  4.99985   768
540.00  0.03209  0.03178  0.01413  0.80968  -224.93178  -226.79597  4.99985   768
541.00  0.03210  0.03178  0.01389  0.80968  -225.26594  -227.10268  4.99985   768
542.00  0.03209  0.03178  0.01332  0.80968  -226.14332  -227.95869  4.99985   768
543.00  0.03208  0.03178  0.01285  0.80968  -226.90016  -228.73842  4.99985   768
544.00  0.03209  0.03178  0.01274  0.80968  -227.13057  -229.01613  4.99985   768
545.00  0.03209  0.03178  0.01294  0.80968  -226.80861  -228.71706  4.99985   768
546.00  0.03210  0.03178  0.01357  0.80968  -225.88698  -227.86561  4.99985   768
547.00  0.03209  0.03178  0.01443  0.80968  -224.61134  -226.58998  4.99985   768
548.00  0.03209  0.03178  0.01497  0.80968  -223.71413  -225.63173  4.99985   768
549.00  0.03209  0.03178  0.01533  0.80968  -223.13429  -225.06257  4.99985   768
550.00  0.03208  0.03178  0.01517  0.80968  -223.35097  -225.20296  4.99985   768
551.00  0.03209  0.03178  0.01480  0.80968  -223.94758  -225.82551  4.99985   768
552.00  0.03208  0.03178  0.01439  0.80968  -224.50911  -226.32753  4.99985   768
553.00  0.03209  0.03178  0.01423  0.80968  -224.83107  -226.74409  4.99985   768
554.00  0.03209  0.03178  0.01460  0.80968  -224.28023  -226.20393  4.99985   768
555.00  0.03208  0.03178  0.01504  0.80968  -223.60426  -225.52797  4.99985   768
556.00  0.03209  0.03178  0.01571  0.80968  -222.61091  -224.56056  4.99985   768
557.00  0.03209  0.03178  0.01640  0.80968  -221.51228  -223.46651  4.99985   768
558.00  0.03209  0.03178  0.01689  0.80968  -220.77070  -222.67000  4.99985   768
559.00  0.03209  0.03178  0.01689  0.80968  -220.71577  -222.57081  4.99985   768
560.00  0.03208  0.03178  0.01661  0.80968  -221.10487  -222.95991  4.99985   768
561.00  0.03209  0.03178  0.01615  0.80968  -221.82356  -223.66640  4.99985   768
562.00  0.03208  0.03178  0.01574  0.80968  -222.45070  -224.29048  4.99985   768
563.00  0.03209  0.03178  0.01570  0.80968  -222.56666  -224.48579  4.99985   768
564.00  0.03209  0.03178  0.01595  0.80968  -222.22639  -224.15315  4.99985   768
565.00  0.03209  0.03178  0.01660  0.80968  -221.24373  -223.20100  4.99985   768
566.00  0.03209  0.03178  0.01735  0.80968  -220.12984  -222.10084  4.99985   768
567.00  0.03208  0.03178  0.01776  0.80968  -219.43098  -221.35774  4.99985   768
568.00  0.03208  0.03178  0.01789  0.80968  -219.17006  -221.07393  4.99985   768
569.00  0.03207  0.03178  0.01769  0.80968  -219.44472  -221.29365  4.99985   768
570.00  0.03208  0.03178  0.01725  0.80968  -220.12678  -221.96809  4.99985   768
571.00  0.03208  0.03178  0.01667  0.80968  -220.98891  -222.81038  4.99985   768
572.00  0.03209  0.03178  0.01622  0.80968  -221.73659  -223.58705  4.99985   768
573.00  0.03208  0.03178  0.01618  0.80968  -221.83272  -223.71828  4.99985   768
574.00  0.03209  0.03178  0.01667  0.80968  -221.10182  -223.02553  4.99985   768
575.00  0.03208  0.03178  0.01750  0.80968  -219.86586  -221.82313  4.99985   768
576.00  0.03209  0.03178  0.01829  0.80968  -218.68330  -220.61616  4.99985   768
577.00  0.03209  0.03178  0.01876  0.80968  -217.87153  -219.79982  4.99985   768
578.00  0.03208  0.03178  0.01866  0.80968  -217.94783  -219.79829  4.99985   768
579.00  0.03208  0.03178  0.01822  0.80968  -218.67720  -220.52308  4.99985   768
580.00  0.03208  0.03178  0.01764  0.80968  -219.53322  -221.36079  4.99985   768
581.00  0.03210  0.03178  0.01707  0.80968  -220.41517  -222.26564  4.99985   768
582.00  0.03209  0.03178  0.01700  0.80968  -220.54640  -222.45180  4.99985   768
583.00  0.03208  0.03178  0.01706  0.80968  -220.52809  -222.44874  4.99985   768
584.00  0.03208  0.03178  0.01767  0.80968  -219.59883  -221.55610  4.99985   768
585.00  0.03208  0.03178  0.01835  0.80968  -218.52614  -220.46968  4.99985   768
586.00  0.03208  0.03178  0.01885  0.80968  -217.73726  -219.65181  4.99985   768
587.00  0.03208  0.03178  0.01912  0.80968  -217.37562  -219.27644  4.99985   768
588.00  0.03208  0.03178  0.01895  0.80968  -217.50380  -219.36799  4.99985   768
589.00  0.03208  0.03178  0.01839  0.80968  -218.34913  -220.15230  4.99985   768
590.00  0.03207  0.03178  0.01784  0.80968  -219.22652  -221.06019  4.99985   768
591.00  0.03207  0.03178  0.01761  0.80968  -219.58815  -221.45235  4.99985   768
592.00  0.03207  0.03178  0.01765  0.80968  -219.59273  -221.47676  4.99985   768
593.00  0.03208  0.03178  0.01812  0.80968  -218.88472  -220.81758  4.99985   768
594.00  0.03209  0.03178  0.01877  0.80968  -217.92036  -219.85933  4.99985   768
595.00  0.03208  0.03178  0.01935  0.80968  -217.00026  -218.92549  4.99985   768
596.00  0.03208  0.03178  0.01967  0.80968  -216.47383  -218.37922  4.99985   768
597.00  0.03207  0.03178  0.01962  0.80968  -216.50587  -218.38075  4.99985   768
598.00  0.03208  0.03178  0.01925  0.80968  -217.06587  -218.92244  4.99985   768
599.00  0.03208  0.03178  0.01874  0.80968  -217.86696  -219.71742  4.99985   768
600.00  0.03208  0.03178  0.01825  0.80968  -218.59328  -220.44832  4.99985   768
601.00  0.03207  0.03178  0.01809  0.80968  -218.89235  -220.78554  4.99985   768
602.00  0.03207  0.03178  0.01827  0.80968  -218.64516  -220.57344  4.99985   768
603.00  0.03209  0.03178  0.01895  0.80968  -217.64876  -219.60603  4.99985   768
604.00  0.03208  0.03178  0.01965  0.80968  -216.54707  -218.48909  4.99985   768
605.00  0.03207  0.03178  0.02014  0.80968  -215.77498  -217.67885  4.99985   768
606.00  0.03208  0.03178  0.02021  0.80968  -215.64223  -217.49879  4.99985   768
607.00  0.03209  0.03178  0.01997  0.80968  -215.94282  -217.78718  4.99985   768
608.00  0.03208  0.03178  0.01937  0.80968  -216.85377  -218.65693  4.99985   768
609.00  0.03207  0.03178  0.01874  0.80968  -217.82118  -219.63502  4.99985   768
610.00  0.03207  0.03178  0.01839  0.80968  -218.38270  -220.24537  4.99985   768
611.00  0.03208  0.03178  0.01837  0.80968  -218.44832  -220.32777  4.99985   768
612.00  0.03208  0.03178  0.01873  0.80968  -217.95546  -219.88222  4.99985   768
613.00  0.03207  0.03178  0.01942  0.80968  -216.94533  -218.92091  4.99985   768
614.00  0.03207  0.03178  0.01996  0.80968  -216.04201  -217.96113  4.99985   768
615.00  0.03208  0.03178  0.02014  0.80968  -215.75209  -217.64833  4.99985   768
616.00  0.03207  0.03178  0.02000  0.80968  -215.96266  -217.82686  4.99985   768
617.00  0.03207  0.03178  0.01983  0.80968  -216.27547  -218.18391  4.99985   768
618.00  0.03208  0.03178  0.01969  0.80968  -216.34718  -218.18849  4.99985   768
619.00  0.03208  0.03178  0.01932  0.80968  -216.96516  -218.83851  4.99985   768
620.00  0.03208  0.03178  0.01852  0.80968  -218.15687  -219.95546  4.99985   768
621.00  0.03207  0.03178  0.01840  0.80968  -218.45289  -220.34608  4.99985   768
622.00  0.03207  0.03178  0.01922  0.80968  -217.23524  -219.18947  4.99985   768
623.00  0.03208  0.03178  0.02003  0.80968  -216.02980  -218.01149  4.99985   768
624.00  0.03207  0.03178  0.02026  0.80968  -215.48201  -217.31264  4.99985   768
625.00  0.03208  0.03178  0.01987  0.80968  -216.06032  -217.87568  4.99985   768
626.00  0.03209  0.03178  0.01906  0.80968  -217.35731  -219.19862  4.99985   768
627.00  0.03208  0.03178  0.01836  0.80968  -218.40407  -220.19502  4.99985   768
628.00  0.03206  0.03178  0.01804  0.80968  -218.89693  -220.75197  4.99985   768
629.00  0.03209  0.03178  0.01803  0.80968  -219.01442  -220.93049  4.99985   768
630.00  0.03207  0.03178  0.01845  0.80968  -218.41017  -220.36134  4.99985   768
631.00  0.03208  0.03178  0.01919  0.80968  -217.30543  -219.25966  4.99985   768
632.00  0.03207  0.03178  0.01935  0.80968  -217.00484  -218.92091  4.99985   768
633.00  0.03207  0.03178  0.02008  0.80968  -215.89400  -217.85127  4.99985   768
634.00  0.03208  0.03178  0.01982  0.80968  -216.16560  -217.97334  4.99985   768
635.00  0.03209  0.03178  0.01952  0.80968  -216.72255  -218.63252  4.99985   768
636.00  0.03208  0.03178  0.01929  0.80968  -217.00331  -218.82478  4.99985   768
637.00  0.03209  0.03178  0.01906  0.80968  -217.38325  -219.28102  4.99985   768
638.00  0.03209  0.03178  0.01901  0.80968  -217.53279  -219.42598  4.99985   768
639.00  0.03209  0.03178  0.01925  0.80968  -217.06587  -218.93312  4.99985   768
640.00  0.03208  0.03178  0.01937  0.80968  -216.93312  -218.84004  4.99985   768
641.00  0.03209  0.03178  0.01989  0.80968  -216.21443  -218.16102  4.99985   768
642.00  0.03208  0.03178  0.02070  0.80968  -214.94185  -216.88081  4.99985   768
643.00  0.03210  0.03178  0.02055  0.80968  -215.00593  -216.79078  4.99985   768
644.00  0.03208  0.03178  0.01893  0.80968  -217.40462  -219.11928  4.99985   768
645.00  0.03210  0.03178  0.01730  0.80968  -219.96504  -221.67818  4.99985   768
646.00  0.03210  0.03178  0.01564  0.80968  -222.48274  -224.20198  4.99985   768
647.00  0.03210  0.03178  0.01435  0.80968  -224.53352  -226.34126  4.99985   768
648.00  0.03211  0.03178  0.01378  0.80968  -225.46889  -227.30104  4.99985   768
649.00  0.03210  0.03178  0.01338  0.80968  -226.12044  -228.00600  4.99985   768
650.00  0.03211  0.03178  0.01357  0.80968  -225.86561  -227.79542  4.99985   768
651.00  0.03210  0.03178  0.01384  0.80968  -225.42464  -227.35597  4.99985   768
652.00  0.03210  0.03178  0.01394  0.80968  -225.30867  -227.18202  4.99985   768
653.00  0.03211  0.03178  0.01404  0.80968  -225.10420  -226.99739  4.99985   768
654.00  0.03210  0.03178  0.01370  0.80968  -225.57265  -227.40480  4.99985   768
655.00  0.03211  0.03178  0.01296  0.80968  -226.68959  -228.48054  4.99985   768
656.00  0.03210  0.03178  0.01218  0.80968  -227.90419  -229.72719  4.99985   768
657.00  0.03211  0.03178  0.01182  0.80968  -228.46266  -230.31618  4.99985   768
658.00  0.03210  0.03178  0.01162  0.80968  -228.81666  -230.68391  4.99985   768
659.00  0.03211  0.03178  0.01190  0.80968  -228.41688  -230.31923  4.99985   768
660.00  0.03212  0.03178  0.01246  0.80968  -227.57612  -229.51204  4.99985   768
661.00  0.03210  0.03178  0.01280  0.80968  -227.07258  -228.98256  4.99985   768
662.00  0.03211  0.03178  0.01322  0.80968  -226.40883  -228.32948  4.99985   768
663.00  0.03211  0.03178  0.01314  0.80968  -226.46986  -228.32643  4.99985   768
664.00  0.03213  0.03178  0.01264  0.80968  -227.22060  -229.05122  4.99985   768
665.00  0.03213  0.03178  0.01196  0.80968  -228.25362  -230.08272  4.99985   768
666.00  0.03211  0.03178  0.01144  0.80968  -229.08827  -230.95552  4.99985   768
667.00  0.03212  0.03178  0.01123  0.80968  -229.42091  -231.30800  4.99985   768
668.00  0.03213  0.03178  0.01142  0.80968  -229.18593  -231.10963  4.99985   768
669.00  0.03212  0.03178  0.01198  0.80968  -228.34212  -230.29787  4.99985   768
670.00  0.03213  0.03178  0.01267  0.80968  -227.25722  -229.22212  4.99985   768
671.00  0.03211  0.03178  0.01312  0.80968  -226.54921  -228.46071  4.99985   768
672.00  0.03212  0.03178  0.01318  0.80968  -226.40272  -228.25777  4.99985   768
673.00  0.03213  0.03178  0.01290  0.80968  -226.81166  -228.64381  4.99985   768
674.00  0.03213  0.03178  0.01232  0.80968  -227.69514  -229.51814  2.09885   768
675.00  0.03212  0.03178  0.01180  0.80968  -228.48860  -230.31007  1.37360   768
676.00  0.03211  0.03178  0.01129  0.80968  -229.28816  -231.13863  1.37360   768
677.00  0.03213  0.03178  0.01117  0.80968  -229.51704  -231.40565  1.37360   768
678.00  0.03213  0.03178  0.01153  0.80968  -228.97993  -230.92500  1.37360   768
679.00  0.03213  0.03178  0.01209  0.80968  -228.16206  -230.09035  1.37360   768
680.00  0.03212  0.03178  0.01266  0.80968  -227.30147  -229.24959  1.37360   768
681.00  0.03213  0.03178  0.01307  0.80968  -226.62092  -228.53853  1.37360   768
682.00  0.03212  0.03178  0.01311  0.80968  -226.55989  -228.44697  1.37360   768
683.00  0.03212  0.03178  0.01272  0.80968  -227.07564  -228.93831  1.37360   768
684.00  0.03213  0.03178  0.01207  0.80968  -228.08577  -229.91640  1.37360   768
685.00  0.03212  0.03178  0.01149  0.80968  -228.98756  -230.84413  1.53084   768
686.00  0.03214  0.03178  0.01112  0.80968  -229.56587  -231.42702  1.58325   768
687.00  0.03213  0.03178  0.01119  0.80968  -229.52315  -231.39955  1.58325   768
688.00  0.03212  0.03178  0.01173  0.80968  -228.72511  -230.66560  1.58325   768
689.00  0.03213  0.03178  0.01240  0.80968  -227.67988  -229.63258  1.58325   768
690.00  0.03212  0.03178  0.01287  0.80968  -226.92763  -228.82692  1.58325   768
691.00  0.03213  0.03178  0.01281  0.80968  -226.97645  -228.81471  1.58325   768
692.00  0.03212  0.03178  0.01249  0.80968  -227.44337  -229.28926  1.58325   768
693.00  0.03212  0.03178  0.01204  0.80968  -228.11323  -229.92097  1.58325   768
694.00  0.03212  0.03178  0.01143  0.80968  -229.04707  -230.88075  1.58325   768
695.00  0.03213  0.03178  0.01110  0.80968  -229.63301  -231.47737  1.58325   768
696.00  0.03212  0.03178  0.01103  0.80968  -229.75203  -231.64979  1.45728   768
697.00  0.03213  0.03178  0.01131  0.80968  -229.34920  -231.27595  1.37329   768
698.00  0.03212  0.03178  0.01198  0.80968  -228.34669  -230.30397  1.37329   768
699.00  0.03212  0.03178  0.01261  0.80968  -227.38692  -229.34114  1.37329   768
700.00  0.03212  0.03178  0.01297  0.80968  -226.77351  -228.68043  1.37329   768
701.00  0.03212  0.03178  0.01275  0.80968  -227.06953  -228.93220  1.37329   768
702.00  0.03210  0.03178  0.01228  0.80968  -227.76076  -229.60817  1.37329   768
703.00  0.03211  0.03178  0.01160  0.80968  -228.76936  -230.59694  1.37329   768
704.00  0.03211  0.03178  0.01111  0.80968  -229.56435  -231.42091  1.37329   768
705.00  0.03210  0.03178  0.01091  0.80968  -229.86800  -231.73524  1.37329   768
706.00  0.03211  0.03178  0.01095  0.80968  -229.86189  -231.76729  1.37329   768
707.00  0.03210  0.03178  0.01149  0.80968  -229.11726  -231.04097  1.69403   768
708.00  0.03211  0.03178  0.01224  0.80968  -227.92555  -229.87215  2.01477   768
709.00  0.03210  0.03178  0.01272  0.80968  -227.15651  -229.05885  2.01477   768
710.00  0.03208  0.03178  0.01285  0.80968  -226.92457  -228.79487  2.01477   768
711.00  0.03208  0.03178  0.01255  0.80968  -227.34877  -229.17482  2.01477   768
712.00  0.03206  0.03178  0.01197  0.80968  -228.19868  -230.03541  2.01477   768
713.00  0.03207  0.03178  0.01131  0.80968  -229.26680  -231.08675  2.01477   768
714.00  0.03207  0.03178  0.01088  0.80968  -229.93361  -231.81154  2.01477   768
715.00  0.03206  0.03178  0.01077  0.80968  -230.13808  -232.01906  2.01477   768
716.00  0.03207  0.03178  0.01111  0.80968  -229.64217  -231.56587  2.01477   768
717.00  0.03209  0.03178  0.01168  0.80968  -228.84260  -230.80751  2.01477   768
718.00  0.03207  0.03178  0.01224  0.80968  -227.90877  -229.82637  1.85345   768
719.00  0.03206  0.03178  0.01257  0.80968  -227.37929  -229.29841  1.36948   768
720.00  0.03207  0.03178  0.01253  0.80968  -227.42659  -229.29384  1.36948   768
721.00  0.03206  0.03178  0.01199  0.80968  -228.20784  -230.00337  1.36948   768
722.00  0.03207  0.03178  0.01142  0.80968  -229.06386  -230.89601  1.36948   768
723.00  0.03207  0.03178  0.01094  0.80968  -229.84053  -231.66658  1.36948   768
724.00  0.03207  0.03178  0.01075  0.80968  -230.17927  -232.04347  1.36948   768
725.00  0.03208  0.03178  0.01089  0.80968  -229.97023  -231.86647  1.36948   768
726.00  0.03207  0.03178  0.01154  0.80968  -228.98146  -230.92958  1.36948   768
727.00  0.03208  0.03178  0.01202  0.80968  -228.27956  -230.20021  1.36948   768
728.00  0.03207  0.03178  0.01235  0.80968  -227.73787  -229.65089  1.36948   768
729.00  0.03207  0.03178  0.01242  0.80968  -227.61732  -229.49373  1.37311   768
730.00  0.03206  0.03178  0.01225  0.80968  -227.84468  -229.72719  1.37985   768
731.00  0.03207  0.03178  0.01183  0.80968  -228.44588  -230.28413  1.37985   768
732.00  0.03207  0.03178  0.01117  0.80968  -229.49110  -231.32173  1.37985   768
733.00  0.03207  0.03178  0.01080  0.80968  -230.05873  -231.93819  1.37985   768
734.00  0.03206  0.03178  0.01077  0.80968  -230.15181  -232.05720  1.37985   768
735.00  0.03206  0.03178  0.01129  0.80968  -229.37971  -231.33699  1.37985   768
736.00  0.03207  0.03178  0.01198  0.80968  -228.36653  -230.30397  1.37985   768
737.00  0.03205  0.03178  0.01250  0.80968  -227.48457  -229.41438  1.37985   768
738.00  0.03206  0.03178  0.01269  0.80968  -227.17024  -229.05580  1.37985   768
739.00  0.03207  0.03178  0.01250  0.80968  -227.43269  -229.30147  1.37985   768
740.00  0.03207  0.03178  0.01207  0.80968  -228.05525  -229.87520  1.39403   768
741.00  0.03206  0.03178  0.01141  0.80968  -229.06081  -230.86092  1.52161   768
742.00  0.03207  0.03178  0.01088  0.80968  -229.90919  -231.73830  1.52161   768
743.00  0.03207  0.03178  0.01074  0.80968  -230.17470  -232.05263  1.52161   768
744.00  0.03208  0.03178  0.01104  0.80968  -229.72914  -231.65285  1.52161   768
745.00  0.03207  0.03178  0.01156  0.80968  -229.00740  -230.93721  1.52161   768
746.00  0.03207  0.03178  0.01216  0.80968  -228.03694  -229.99727  1.52161   768
747.00  0.03207  0.03178  0.01260  0.80968  -227.36250  -229.29384  1.52161   768
748.00  0.03206  0.03178  0.01280  0.80968  -227.04970  -228.93983  1.52161   768
749.00  0.03207  0.03178  0.01246  0.80968  -227.49220  -229.35029  1.52161   768
750.00  0.03207  0.03178  0.01179  0.80968  -228.50691  -230.33601  1.52161   768
751.00  0.03205  0.03178  0.01108  0.80968  -229.57503  -231.41176  1.49858   768
752.00  0.03207  0.03178  0.01071  0.80968  -230.24184  -232.10908  1.36810   768
753.00  0.03208  0.03178  0.01077  0.80968  -230.15486  -232.05568  1.36810   768
754.00  0.03206  0.03178  0.01134  0.80968  -229.32326  -231.27595  1.36810   768
755.00  0.03207  0.03178  0.01186  0.80968  -228.49623  -230.41536  1.36810   768
756.00  0.03206  0.03178  0.01238  0.80968  -227.67226  -229.57460  1.36810   768
757.00  0.03207  0.03178  0.01252  0.80968  -227.43422  -229.29384  1.36810   768
758.00  0.03207  0.03178  0.01234  0.80968  -227.65242  -229.48305  1.36810   768
759.00  0.03206  0.03178  0.01199  0.80968  -228.23225  -230.06288  1.36810   768
760.00  0.03208  0.03178  0.01147  0.80968  -228.99061  -230.83498  1.36810   768
761.00  0.03207  0.03178  0.01105  0.80968  -229.65742  -231.49263  1.36810   768
762.00  0.03207  0.03178  0.01087  0.80968  -229.96413  -231.83443  1.36810   768
763.00  0.03207  0.03178  0.01103  0.80968  -229.75203  -231.67573  1.59378   768
764.00  0.03208  0.03178  0.01154  0.80968  -229.01045  -230.95094  1.59378   768
765.00  0.03207  0.03178  0.01215  0.80968  -228.09645  -230.04152  1.59378   768
766.00  0.03207  0.03178  0.01260  0.80968  -227.36250  -229.31520  1.59378   768
767.00  0.03207  0.03178  0.01269  0.80968  -227.16719  -229.05275  1.59378   768
768.00  0.03207  0.03178  0.01232  0.80968  -227.69057  -229.52119  1.59378   768
769.00  0.03206  0.03178  0.01159  0.80968  -228.79683  -230.61677  1.59378   768
770.00  0.03206  0.03178  0.01103  0.80968  -229.69710  -231.56129  1.59378   768
771.00  0.03206  0.03178  0.01085  0.80968  -230.00532  -231.87868  1.59378   768
772.00  0.03205  0.03178  0.01111  0.80968  -229.61470  -231.52925  1.59378   768
773.00  0.03206  0.03178  0.01160  0.80968  -228.89601  -230.84718  1.59378   768
774.00  0.03206  0.03178  0.01210  0.80968  -228.13612  -230.02931  1.38287   768
775.00  0.03206  0.03178  0.01244  0.80968  -227.55476  -229.44643  1.37177   768
776.00  0.03207  0.03178  0.01254  0.80968  -227.40370  -229.28316  1.37177   768
777.00  0.03207  0.03178  0.01253  0.80968  -227.42506  -229.29231  1.37177   768
778.00  0.03206  0.03178  0.01212  0.80968  -228.01253  -229.84010  1.37177   768
779.00  0.03207  0.03178  0.01150  0.80968  -228.94179  -230.77394  1.37177   768
780.00  0.03206  0.03178  0.01092  0.80968  -229.87410  -231.71693  1.37177   768
781.00  0.03208  0.03178  0.01068  0.80968  -230.26625  -232.15333  1.37177   768
782.00  0.03206  0.03178  0.01096  0.80968  -229.86952  -231.81306  1.37177   768
783.00  0.03206  0.03178  0.01167  0.80968  -228.85481  -230.81514  1.37177   768
784.00  0.03205  0.03178  0.01235  0.80968  -227.77602  -229.72871  1.37177   768
785.00  0.03207  0.03178  0.01269  0.80968  -227.20839  -229.11836  1.61163   768
786.00  0.03206  0.03178  0.01257  0.80968  -227.34419  -229.22060  1.67160   768
787.00  0.03208  0.03178  0.01212  0.80968  -228.00032  -229.81569  1.67160   768
788.00  0.03206  0.03178  0.01151  0.80968  -228.90669  -230.72664  1.67160   768
789.00  0.03206  0.03178  0.01102  0.80968  -229.70778  -231.53535  1.67160   768
790.00  0.03207  0.03178  0.01091  0.80968  -229.90156  -231.76881  1.67160   768
791.00  0.03207  0.03178  0.01107  0.80968  -229.66505  -231.55519  1.67160   768
792.00  0.03207  0.03178  0.01142  0.80968  -229.19661  -231.09437  1.67160   768
793.00  0.03207  0.03178  0.01191  0.80968  -228.43519  -230.36958  1.67160   768
794.00  0.03207  0.03178  0.01239  0.80968  -227.68446  -229.60512  1.67160   768
795.00  0.03205  0.03178  0.01253  0.80968  -227.40980  -229.29231  1.67160   768
796.00  0.03206  0.03178  0.01238  0.80968  -227.62038  -229.47542  1.46182   768
797.00  0.03207  0.03178  0.01193  0.80968  -228.31923  -230.16969  1.37192   768
798.00  0.03206  0.03178  0.01145  0.80968  -229.02418  -230.86549  1.37192   768
799.00  0.03206  0.03178  0.01101  0.80968  -229.73372  -231.58876  1.37192   768
800.00  0.03207  0.03178  0.01100  0.80968  -229.77492  -231.68947  1.37192   768
801.00  0.03206  0.03178  0.01135  0.80968  -229.29884  -231.24696  1.37192   768
802.00  0.03206  0.03178  0.01192  0.80968  -228.41841  -230.35890  1.37192   768
803.00  0.03207  0.03178  0.01241  0.80968  -227.64632  -229.57918  1.37192   768
804.00  0.03206  0.03178  0.01274  0.80968  -227.10768  -229.01460  1.37192   768
805.00  0.03207  0.03178  0.01256  0.80968  -227.33809  -229.18703  1.37192   768
806.00  0.03206  0.03178  0.01209  0.80968  -228.01405  -229.83858  1.37192   768
807.00  0.03207  0.03178  0.01159  0.80968  -228.81361  -230.64424  1.36999   768
808.00  0.03207  0.03178  0.01114  0.80968  -229.50331  -231.34920  1.36841   768
809.00  0.03207  0.03178  0.01105  0.80968  -229.68794  -231.57655  1.36841   768
810.00  0.03205  0.03178  0.01126  0.80968  -229.39192  -231.29579  1.36841   768
811.00  0.03205  0.03178  0.01168  0.80968  -228.78767  -230.71748  1.36841   768
812.00  0.03207  0.03178  0.01224  0.80968  -227.96065  -229.90571  1.36841   768
813.00  0.03206  0.03178  0.01264  0.80968  -227.26179  -229.19923  1.36841   768
814.00  0.03207  0.03178  0.01270  0.80968  -227.17940  -229.06343  1.36841   768
815.00  0.03205  0.03178  0.01249  0.80968  -227.42506  -229.28163  1.36841   768
816.00  0.03206  0.03178  0.01191  0.80968  -228.28871  -230.12086  1.36841   768
817.00  0.03206  0.03178  0.01121  0.80968  -229.42091  -231.24391  1.36841   768
818.00  0.03206  0.03178  0.01088  0.80968  -229.90462  -231.78560  1.61461   768
819.00  0.03206  0.03178  0.01091  0.80968  -229.93971  -231.82680  1.86081   768
820.00  0.03206  0.03178  0.01126  0.80968  -229.41176  -231.35225  1.86081   768
821.00  0.03205  0.03178  0.01197  0.80968  -228.36195  -230.32228  1.86081   768
822.00  0.03207  0.03178  0.01245  0.80968  -227.54561  -229.44032  1.86081   768
823.00  0.03207  0.03178  0.01263  0.80968  -227.27095  -229.15803  1.86081   768
824.00  0.03206  0.03178  0.01257  0.80968  -227.29841  -229.14888  1.86081   768
825.00  0.03205  0.03178  0.01227  0.80968  -227.76076  -229.58070  1.86081   768
826.00  0.03206  0.03178  0.01160  0.80968  -228.79683  -230.59999  1.86081   768
827.00  0.03206  0.03178  0.01116  0.80968  -229.47279  -231.32478  1.86081   768
828.00  0.03207  0.03178  0.01099  0.80968  -229.79018  -231.66963  1.86081   768
829.00  0.03206  0.03178  0.01117  0.80968  -229.53993  -231.46364  1.66483   768
830.00  0.03207  0.03178  0.01167  0.80968  -228.80446  -230.75105  1.37085   768
831.00  0.03207  0.03178  0.01241  0.80968  -227.72261  -229.68904  1.37085   768
832.00  0.03206  0.03178  0.01279  0.80968  -227.04817  -228.95662  1.37085   768
833.00  0.03207  0.03178  0.01275  0.80968  -227.09700  -228.99019  1.37085   768
834.00  0.03206  0.03178  0.01246  0.80968  -227.46321  -229.33504  1.37085   768
835.00  0.03206  0.03178  0.01186  0.80968  -228.40010  -230.20936  1.37085   768
836.00  0.03205  0.03178  0.01132  0.80968  -229.27290  -231.12184  1.37085   768
837.00  0.03206  0.03178  0.01104  0.80968  -229.71236  -231.55061  1.37085   768
838.00  0.03206  0.03178  0.01107  0.80968  -229.68489  -231.59639  1.37085   768
839.00  0.03206  0.03178  0.01138  0.80968  -229.24544  -231.14168  1.37085   768
840.00  0.03206  0.03178  0.01200  0.80968  -228.30702  -230.24751  1.37293   768
841.00  0.03205  0.03178  0.01253  0.80968  -227.43727  -229.35029  1.37680   768
842.00  0.03208  0.03178  0.01267  0.80968  -227.21602  -229.10310  1.37680   768
843.00  0.03207  0.03178  0.01261  0.80968  -227.25264  -229.10463  1.37680   768
844.00  0.03207  0.03178  0.01226  0.80968  -227.82179  -229.66157  1.37680   768
845.00  0.03205  0.03178  0.01170  0.80968  -228.63661  -230.47945  1.37680   768
846.00  0.03205  0.03178  0.01108  0.80968  -229.59486  -231.44533  1.37680   768
847.00  0.03206  0.03178  0.01087  0.80968  -229.97938  -231.86037  1.37680   768
848.00  0.03206  0.03178  0.01108  0.80968  -229.71541  -231.64522  1.37680   768
849.00  0.03206  0.03178  0.01173  0.80968  -228.73884  -230.71290  1.37680   768
850.00  0.03207  0.03178  0.01235  0.80968  -227.74092  -229.69820  1.37680   768
851.00  0.03206  0.03178  0.01269  0.80968  -227.20228  -229.09852  1.37585   768
852.00  0.03206  0.03178  0.01261  0.80968  -227.28621  -229.15193  1.37207   768
853.00  0.03205  0.03178  0.01223  0.80968  -227.84773  -229.68599  1.37207   768
854.00  0.03205  0.03178  0.01178  0.80968  -228.53895  -230.37721  1.37207   768
855.00  0.03205  0.03178  0.01130  0.80968  -229.26527  -231.10811  1.37207   768
856.00  0.03207  0.03178  0.01095  0.80968  -229.81459  -231.64522  1.37207   768
857.00  0.03206  0.03178  0.01096  0.80968  -229.81459  -231.72609  1.37207   768
858.00  0.03206  0.03178  0.01133  0.80968  -229.33852  -231.25307  1.37207   768
859.00  0.03206  0.03178  0.01205  0.80968  -228.25209  -230.20479  1.37207   768
860.00  0.03206  0.03178  0.01260  0.80968  -227.36861  -229.29079  1.37207   768
861.00  0.03205  0.03178  0.01276  0.80968  -227.06038  -228.93831  1.37207   768
862.00  0.03206  0.03178  0.01248  0.80968  -227.45253  -229.31215  1.37253   768
863.00  0.03206  0.03178  0.01200  0.80968  -228.20326  -230.05983  1.37512   768
864.00  0.03205  0.03178  0.01136  0.80968  -229.17067  -230.99367  1.37512   768
865.00  0.03206  0.03178  0.01095  0.80968  -229.81764  -231.67116  1.37512   768
866.00  0.03207  0.03178  0.01087  0.80968  -230.00838  -231.92903  1.37512   768
867.00  0.03207  0.03178  0.01113  0.80968  -229.60554  -231.53535  1.37512   768
868.00  0.03206  0.03178  0.01167  0.80968  -228.82735  -230.78004  1.37512   768
869.00  0.03204  0.03178  0.01236  0.80968  -227.73329  -229.68141  1.37512   768
870.00  0.03206  0.03178  0.01271  0.80968  -227.18703  -229.10005  1.37512   768
871.00  0.03206  0.03178  0.01264  0.80968  -227.22517  -229.08327  1.37512   768
872.00  0.03205  0.03178  0.01220  0.80968  -227.85536  -229.68294  1.37512   768
873.00  0.03206  0.03178  0.01161  0.80968  -228.77241  -230.59389  1.37512   768
874.00  0.03207  0.03178  0.01101  0.80968  -229.66658  -231.48653  1.57196   768
875.00  0.03205  0.03178  0.01068  0.80968  -230.25862  -232.11977  1.57196   768
876.00  0.03206  0.03178  0.01085  0.80968  -230.04347  -231.95802  1.57196   768
877.00  0.03206  0.03178  0.01146  0.80968  -229.11726  -231.06691  1.57196   768
878.00  0.03204  0.03178  0.01206  0.80968  -228.23683  -230.18190  1.57196   768
879.00  0.03206  0.03178  0.01258  0.80968  -227.38539  -229.32130  1.57196   768
880.00  0.03206  0.03178  0.01272  0.80968  -227.12294  -229.03291  1.57196   768
881.00  0.03206  0.03178  0.01247  0.80968  -227.49373  -229.33961  1.57196   768
882.00  0.03206  0.03178  0.01195  0.80968  -228.26124  -230.10560  1.57196   768
883.00  0.03204  0.03178  0.01136  0.80968  -229.16456  -231.01961  1.57196   768
884.00  0.03206  0.03178  0.01087  0.80968  -229.95192  -231.80696  1.57196   768
885.00  0.03205  0.03178  0.01078  0.80968  -230.13197  -232.03584  1.38134   768
886.00  0.03205  0.03178  0.01125  0.80968  -229.43007  -231.35988  1.37131   768
887.00  0.03205  0.03178  0.01179  0.80968  -228.61983  -230.56184  1.37131   768
888.00  0.03207  0.03178  0.01239  0.80968  -227.72414  -229.65547  1.37131   768
889.00  0.03205  0.03178  0.01266  0.80968  -227.22212  -229.12904  1.37131   768
890.00  0.03206  0.03178  0.01250  0.80968  -227.45405  -229.28621  1.37131   768
891.00  0.03206  0.03178  0.01216  0.80968  -227.94539  -229.78059  1.37131   768
892.00  0.03206  0.03178  0.01166  0.80968  -228.67628  -230.50539  1.37131   768
893.00  0.03205  0.03178  0.01115  0.80968  -229.50636  -231.34004  1.37131   768
894.00  0.03206  0.03178  0.01084  0.80968  -230.00227  -231.85579  1.37131   768
895.00  0.03205  0.03178  0.01110  0.80968  -229.67573  -231.59334  1.37131   768
896.00  0.03206  0.03178  0.01168  0.80968  -228.80141  -230.74190  1.48898   768
897.00  0.03206  0.03178  0.01232  0.80968  -227.81721  -229.77754  1.51840   768
898.00  0.03205  0.03178  0.01273  0.80968  -227.16566  -229.08479  1.51840   768
899.00  0.03205  0.03178  0.01277  0.80968  -227.06343  -228.95967  1.51840   768
900.00  0.03205  0.03178  0.01258  0.80968  -227.33046  -229.19923  1.51840   768
901.00  0.03206  0.03178  0.01209  0.80968  -228.03694  -229.88740  1.51840   768
902.00  0.03205  0.03178  0.01144  0.80968  -229.04707  -230.87465  1.51840   768
903.00  0.03205  0.03178  0.01100  0.80968  -229.74898  -231.61012  1.51840   768
904.00  0.03205  0.03178  0.01087  0.80968  -229.98549  -231.87410  1.51840   768
905.00  0.03205  0.03178  0.01129  0.80968  -229.38887  -231.31563  1.51840   768
906.00  0.03206  0.03178  0.01201  0.80968  -228.29634  -230.22768  1.51840   768
907.00  0.03206  0.03178  0.01259  0.80968  -227.37929  -229.30910  1.55605   768
908.00  0.03205  0.03178  0.01279  0.80968  -227.04512  -228.92000  1.56860   768
909.00  0.03206  0.03178  0.01268  0.80968  -227.15040  -229.01765  1.56860   768
910.00  0.03205  0.03178  0.01238  0.80968  -227.60664  -229.44643  1.56860   768
911.00  0.03207  0.03178  0.01180  0.80968  -228.50233  -230.31618  1.56860   768
912.00  0.03205  0.03178  0.01132  0.80968  -229.24544  -231.06996  1.56860   768
913.00  0.03205  0.03178  0.01097  0.80968  -229.82069  -231.69862  1.56860   768
914.00  0.03205  0.03178  0.01100  0.80968  -229.79323  -231.72456  1.56860   768
915.00  0.03206  0.03178  0.01152  0.80968  -229.05012  -230.99672  1.56860   768
916.00  0.03207  0.03178  0.01222  0.80968  -227.99269  -229.95302  1.56860   768
917.00  0.03206  0.03178  0.01282  0.80968  -227.05733  -228.97798  1.56860   768
918.00  0.03205  0.03178  0.01280  0.80968  -226.99171  -228.85591  1.99002   768
919.00  0.03206  0.03178  0.01255  0.80968  -227.35945  -229.23280  2.27097   768
920.00  0.03205  0.03178  0.01203  0.80968  -228.14833  -229.98659  2.27097   768
921.00  0.03206  0.03178  0.01138  0.80968  -229.11879  -230.92500  2.27097   768
922.00  0.03205  0.03178  0.01101  0.80968  -229.73372  -231.58113  2.27097   768
923.00  0.03206  0.03178  0.01104  0.80968  -229.71236  -231.60249  2.27097   768
924.00  0.03207  0.03178  0.01133  0.80968  -229.34767  -231.26527  2.27097   768
925.00  0.03206  0.03178  0.01193  0.80968  -228.38331  -230.31312  2.27097   768
926.00  0.03205  0.03178  0.01252  0.80968  -227.48305  -229.40828  2.27097   768
927.00  0.03206  0.03178  0.01285  0.80968  -226.94746  -228.83150  2.27097   768
928.00  0.03205  0.03178  0.01281  0.80968  -226.97035  -228.83760  2.27097   768
929.00  0.03207  0.03178  0.01239  0.80968  -227.57460  -229.40523  2.97290   768
930.00  0.03205  0.03178  0.01182  0.80968  -228.44893  -230.29787  3.54721   768
931.00  0.03206  0.03178  0.01128  0.80968  -229.30189  -231.15541  3.54721   768
932.00  0.03206  0.03178  0.01105  0.80968  -229.70167  -231.58113  3.54721   768
933.00  0.03205  0.03178  0.01124  0.80968  -229.45296  -231.38277  3.54721   768
934.00  0.03206  0.03178  0.01179  0.80968  -228.65492  -230.61525  3.54721   768
935.00  0.03205  0.03178  0.01235  0.80968  -227.74855  -229.67226  3.54721   768
936.00  0.03207  0.03178  0.01270  0.80968  -227.16261  -229.08021  3.54721   768
937.00  0.03207  0.03178  0.01276  0.80968  -227.08632  -228.97798  3.54721   768
938.00  0.03206  0.03178  0.01247  0.80968  -227.47084  -229.30604  3.54721   768
939.00  0.03205  0.03178  0.01194  0.80968  -228.26735  -230.09950  3.54721   768
940.00  0.03205  0.03178  0.01131  0.80968  -229.23933  -231.05928  3.44252   768
941.00  0.03205  0.03178  0.01093  0.80968  -229.88478  -231.71541  3.19824   768
942.00  0.03205  0.03178  0.01089  0.80968  -229.94582  -231.83748  3.19824   768
943.00  0.03205  0.03178  0.01134  0.80968  -229.33089  -231.26985  3.19824   768
944.00  0.03205  0.03178  0.01198  0.80968  -228.33144  -230.26430  3.19824   768
945.00  0.03207  0.03178  0.01241  0.80968  -227.64632  -229.54561  3.19824   768
946.00  0.03206  0.03178  0.01272  0.80968  -227.16566  -229.08784  3.19824   768
947.00  0.03205  0.03178  0.01263  0.80968  -227.26179  -229.13972  3.19824   768
948.00  0.03205  0.03178  0.01214  0.80968  -227.97285  -229.80196  3.19824   768
949.00  0.03205  0.03178  0.01155  0.80968  -228.92042  -230.77241  3.19824   768
950.00  0.03206  0.03178  0.01112  0.80968  -229.54909  -231.39955  3.19824   768
951.00  0.03205  0.03178  0.01097  0.80968  -229.82680  -231.71998  3.82880   768
952.00  0.03205  0.03178  0.01117  0.80968  -229.56892  -231.50941  4.99985   768
953.00  0.03206  0.03178  0.01174  0.80968  -228.68544  -230.62593  4.99985   768
954.00  0.03205  0.03178  0.01233  0.80968  -227.77907  -229.69667  4.99985   768
955.00  0.03206  0.03178  0.01262  0.80968  -227.31825  -229.20839  4.99985   768
956.00  0.03204  0.03178  0.01267  0.80968  -227.20381  -229.07106  4.99985   768
957.00  0.03206  0.03178  0.01235  0.80968  -227.66157  -229.49831  4.99985   768
958.00  0.03205  0.03178  0.01182  0.80968  -228.45045  -230.26124  4.99985   768
959.00  0.03205  0.03178  0.01127  0.80968  -229.32173  -231.14320  4.99985   768
960.00  0.03206  0.03178  0.01094  0.80968  -229.85426  -231.71541  4.99985   768
961.00  0.03205  0.03178  0.01110  0.80968  -229.64064  -231.54451  4.99985   768
962.00  0.03206  0.03178  0.01136  0.80968  -229.28206  -231.20882  4.99985   768
963.00  0.03205  0.03178  0.01192  0.80968  -228.43672  -230.38179  4.99985   768
964.00  0.03206  0.03178  0.01242  0.80968  -227.64784  -229.58070  4.99985   768
965.00  0.03204  0.03178  0.01274  0.80968  -227.10921  -229.03902  4.99985   768
966.00  0.03204  0.03178  0.01250  0.80968  -227.45863  -229.31825  4.99985   768
967.00  0.03206  0.03178  0.01194  0.80968  -228.25972  -230.09035  4.99985   768
968.00  0.03206  0.03178  0.01136  0.80968  -229.19661  -231.02113  4.99985   768
969.00  0.03206  0.03178  0.01092  0.80968  -229.85121  -231.70473  4.99985   768
970.00  0.03205  0.03178  0.01036  0.80968  -230.70723  -232.55617  4.99985   768
971.00  0.03206  0.03178  0.01065  0.80968  -230.38832  -232.31203  4.99985   768
972.00  0.03204  0.03178  0.01108  0.80968  -229.71236  -231.61928  4.99985   768
973.00  0.03206  0.03178  0.01140  0.80968  -229.17067  -231.08217  4.99985   768
974.00  0.03205  0.03178  0.01178  0.80968  -228.59846  -230.47487  4.99985   768
975.00  0.03205  0.03178  0.01165  0.80968  -228.75716  -230.61372  4.99985   768
976.00  0.03206  0.03178  0.01138  0.80968  -229.17219  -231.01198  4.99985   768
977.00  0.03206  0.03178  0.01085  0.80968  -229.94582  -231.77492  4.99985   768
978.00  0.03206  0.03178  0.01038  0.80968  -230.67824  -232.54091  4.99985   768
979.00  0.03207  0.03178  0.01022  0.80968  -230.96968  -232.86287  4.99985   768
980.00  0.03207  0.03178  0.01059  0.80968  -230.47072  -232.42036  4.99985   768
981.00  0.03205  0.03178  0.01136  0.80968  -229.28511  -231.27138  4.99985   768
982.00  0.03205  0.03178  0.01208  0.80968  -228.22005  -230.16664  4.99985   768
983.00  0.03206  0.03178  0.01256  0.80968  -227.38539  -229.31520  4.99985   768
984.00  0.03205  0.03178  0.01330  0.80968  -226.33406  -228.31270  4.99985   768
985.00  0.03206  0.03178  0.01351  0.80968  -225.88850  -227.76491  4.99985   768
986.00  0.03205  0.03178  0.01322  0.80968  -226.34016  -228.21962  4.99985   768
987.00  0.03205  0.03178  0.01353  0.80968  -225.91597  -227.81373  4.99985   768
988.00  0.03205  0.03178  0.01312  0.80968  -226.44697  -228.26539  4.99985   768
989.00  0.03205  0.03178  0.01332  0.80968  -226.30812  -228.27760  4.99985   768
990.00  0.03205  0.03178  0.01422  0.80968  -224.88142  -226.80360  4.99985   768
991.00  0.03204  0.03178  0.01452  0.80968  -224.43892  -226.36568  4.99985   768
992.00  0.03205  0.03178  0.01590  0.80968  -222.39271  -224.39882  4.99985   768
993.00  0.03204  0.03178  0.01620  0.80968  -221.70607  -223.51991  4.99985   768
994.00  0.03204  0.03178  0.01565  0.80968  -222.65211  -224.54683  4.99985   768
995.00  0.03203  0.03178  0.01587  0.80968  -222.29506  -224.14705  4.99985   768
996.00  0.03205  0.03178  0.01493  0.80968  -223.63783  -225.39522  4.99985   768
997.00  0.03204  0.03178  0.01459  0.80968  -224.28938  -226.19478  4.99985   768
998.00  0.03204  0.03178  0.01451  0.80968  -224.34584  -226.21461  4.99985   768
999.00  0.03206  0.03178  0.01455  0.80968  -224.39162  -226.34584  4.99985   768
1000.00  0.03205  0.03178  0.01549  0.80968  -222.98170  -224.95882  4.99985   768
1001.00  0.03206  0.03178  0.01604  0.80968  -222.06770  -224.00667  4.99985   768
1002.00  0.03205  0.03178  0.01668  0.80968  -221.15065  -223.11403  4.99985   768
1003.00  0.03205  0.03178  0.01695  0.80968  -220.64100  -222.52962  4.99985   768
1004.00  0.03204  0.03178  0.01666  0.80968  -221.04994  -222.87752  4.99985   768
1005.00  0.03207  0.03178  0.01636  0.80968  -221.50618  -223.34749  4.99985   768
1006.00  0.03204  0.03178  0.01589  0.80968  -222.22029  -224.03566  4.99985   768
1007.00  0.03205  0.03178  0.01551  0.80968  -222.84285  -224.67805  4.99985   768
1008.00  0.03203  0.03178  0.01548  0.80968  -222.87642  -224.75282  4.99985   768
1009.00  0.03205  0.03178  0.01611  0.80968  -222.01277  -223.96242  4.99985   768
1010.00  0.03205  0.03178  0.01695  0.80968  -220.73866  -222.72798  4.99985   768
1011.00  0.03204  0.03178  0.01789  0.80968  -219.27992  -221.24025  4.99985   768
1012.00  0.03205  0.03178  0.01848  0.80968  -218.33235  -220.26521  4.99985   768
1013.00  0.03204  0.03178  0.01874  0.80968  -217.88679  -219.78151  4.99985   768
1014.00  0.03205  0.03178  0.01866  0.80968  -217.96156  -219.82728  4.99985   768
1015.00  0.03205  0.03178  0.01832  0.80968  -218.52614  -220.38728  4.99985   768
1016.00  0.03204  0.03178  0.01825  0.80968  -218.63753  -220.52919  4.99985   768
1017.00  0.03205  0.03178  0.01819  0.80968  -218.75349  -220.65736  4.99985   768
1018.00  0.03205  0.03178  0.01880  0.80968  -217.88527  -219.86238  4.99985   768
1019.00  0.03203  0.03178  0.01953  0.80968  -216.74086  -218.69203  4.99985   768
1020.00  0.03205  0.03178  0.02054  0.80968  -215.25770  -217.25007  4.99985   768
1021.00  0.03205  0.03178  0.02169  0.80968  -213.41444  -215.36104  4.99985   768
1022.00  0.03205  0.03178  0.02203  0.80968  -212.87123  -214.77357  4.99985   768
1023.00  0.03204  0.03178  0.02235  0.80968  -212.36311  -214.26851  4.99985   768
1024.00  0.03204  0.03178  0.02226  0.80968  -212.46840  -214.31428  4.99985   768
1025.00  0.03206  0.03178  0.02213  0.80968  -212.67592  -214.56758  4.99985   768
1026.00  0.03205  0.03178  0.02237  0.80968  -212.32954  -214.20595  4.99985   768
1027.00  0.03204  0.03178  0.02228  0.80968  -212.43483  -214.30208  4.99985   768
1028.00  0.03205  0.03178  0.02297  0.80968  -211.51777  -213.53303  4.99985   768
1029.00  0.03205  0.03178  0.02409  0.80968  -209.75538  -211.71266  4.99985   768
1030.00  0.03203  0.03178  0.02482  0.80968  -208.63844  -210.60487  4.99985   768
1031.00  0.03204  0.03178  0.02588  0.80968  -206.98439  -208.98439  4.99985   768
1032.00  0.03204  0.03178  0.02594  0.80968  -206.78145  -208.65480  4.99985   768
1033.00  0.03205  0.03178  0.02602  0.80968  -206.73872  -208.65022  4.99985   768
1034.00  0.03204  0.03178  0.02612  0.80968  -206.55867  -208.42744  4.99985   768
1035.00  0.03203  0.03178  0.02594  0.80968  -206.80586  -208.71583  4.99985   768
1036.00  0.03204  0.03178  0.02658  0.80968  -205.93611  -207.89186  4.99985   768
1037.00  0.03203  0.03178  0.02689  0.80968  -205.37306  -207.28608  4.99985   768
1038.00  0.03203  0.03178  0.02775  0.80968  -204.13710  -206.10963  4.99985   768
1039.00  0.03204  0.03178  0.02872  0.80968  -202.62495  -204.58223  4.99985   768
1040.00  0.03203  0.03178  0.02916  0.80968  -201.91694  -203.82539  4.99985   768
1041.00  0.03204  0.03178  0.02889  0.80968  -202.20839  -204.03291  4.99985   768
1042.00  0.03204  0.03178  0.02873  0.80968  -202.52119  -204.37776  4.99985   768
1043.00  0.03204  0.03178  0.02867  0.80968  -202.65699  -204.51661  4.99985   768
1044.00  0.03204  0.03178  0.02886  0.80968  -202.32283  -204.22212  4.99985   768
1045.00  0.03204  0.03178  0.02859  0.80968  -202.73329  -204.57765  4.99985   768
1046.00  0.03204  0.03178  0.02873  0.80968  -202.57612  -204.49067  4.99985   768
1047.00  0.03203  0.03178  0.02901  0.80968  -202.12141  -204.01155  4.99985   768
1048.00  0.03203  0.03178  0.02912  0.80968  -201.99019  -203.93373  4.99985   768
1049.00  0.03203  0.03178  0.02979  0.80968  -200.96632  -202.92970  4.99985   768
1050.00  0.03204  0.03178  0.03081  0.80968  -199.50453  -201.54725  4.99985   768
1051.00  0.03204  0.03178  0.02596  0.80968  -205.95442  -207.04500  4.99985   768
1052.00  0.03205  0.03178  0.01810  0.80968  -218.07753  -219.20320  4.99985   768
1053.00  0.03205  0.03178  0.01855  0.80968  -218.45137  -220.63600  4.99985   768
1054.00  0.03205  0.03178  0.01389  0.80968  -224.75783  -226.08186  4.99985   768
1055.00  0.03205  0.03178  0.01006  0.80968  -231.09328  -232.78352  4.99985   768
1056.00  0.03205  0.03178  0.01338  0.80968  -226.16011  -228.17995  4.99985   768
1057.00  0.03205  0.03178  0.00987  0.80968  -231.23518  -232.84608  4.99985   768
1058.00  0.03205  0.03178  0.01024  0.80968  -231.31605  -233.46864  4.99985   768
1059.00  0.03205  0.03178  0.01198  0.80968  -227.94844  -229.57765  4.99985   768
1060.00  0.03204  0.03178  0.00926  0.80968  -232.38875  -234.19191  4.99985   768
1061.00  0.03205  0.03178  0.01063  0.80968  -230.56685  -232.66908  4.99985   768
1062.00  0.03205  0.03178  0.00855  0.80968  -233.12727  -234.62068  4.99985   768
1063.00  0.03204  0.03178  0.00773  0.80968  -234.90187  -236.86830  4.99985   768
1064.00  0.03204  0.03178  0.00865  0.80968  -233.34700  -235.24324  4.99985   768
1065.00  0.03204  0.03178  0.00666  0.80968  -236.35451  -238.16072  4.99985   768
1066.00  0.03205  0.03178  0.00830  0.80968  -234.07027  -236.14656  4.99985   768
1067.00  0.03204  0.03178  0.00868  0.80968  -233.25239  -235.07997  4.99985   768
1068.00  0.03206  0.03178  0.00843  0.80968  -233.87190  -235.86732  4.99985   768
1069.00  0.03203  0.03178  0.00952  0.80968  -232.09273  -233.97829  4.99985   768
1070.00  0.03204  0.03178  0.00856  0.80968  -233.37294  -235.11812  4.99985   768
1071.00  0.03204  0.03178  0.00828  0.80968  -233.98329  -235.90547  4.99985   768
1072.00  0.03205  0.03178  0.00792  0.80968  -234.41206  -236.20607  4.99985   768
1073.00  0.03204  0.03178  0.00672  0.80968  -236.25838  -238.04018  4.99985   768
1074.00  0.03204  0.03178  0.00707  0.80968  -235.83723  -237.75026  4.99985   768
1075.00  0.03205  0.03178  0.00710  0.80968  -235.78078  -237.64345  4.99985   768
1076.00  0.03205  0.03178  0.00741  0.80968  -235.36726  -237.32912  4.99985   768
1077.00  0.03205  0.03178  0.00854  0.80968  -233.61708  -235.56215  4.99985   768
1078.00  0.03204  0.03178  0.00860  0.80968  -233.44160  -235.31190  4.99985   768
1079.00  0.03205  0.03178  0.00873  0.80968  -233.35615  -235.27681  4.99985   768
1080.00  0.03204  0.03178  0.00849  0.80968  -233.52248  -235.33327  4.99985   768
1081.00  0.03204  0.03178  0.00750  0.80968  -235.09871  -236.91713  4.99985   768
1082.00  0.03204  0.03178  0.00725  0.80968  -235.51222  -237.40846  4.99985   768
1083.00  0.03205  0.03178  0.00660  0.80968  -236.47505  -238.28432  4.99985   768
1084.00  0.03205  0.03178  0.00662  0.80968  -236.54524  -238.48421  4.99985   768
1085.00  0.03204  0.03178  0.00730  0.80968  -235.54427  -237.48781  4.99985   768
1086.00  0.03204  0.03178  0.00763  0.80968  -234.97816  -236.90034  4.99985   768
1087.00  0.03205  0.03178  0.00838  0.80968  -233.89021  -235.85359  4.99985   768
1088.00  0.03204  0.03178  0.00873  0.80968  -233.19441  -235.06776  4.99985   768
1089.00  0.03203  0.03178  0.00828  0.80968  -233.88869  -235.72542  4.99985   768
1090.00  0.03205  0.03178  0.00790  0.80968  -234.51582  -236.34798  4.99985   768
1091.00  0.03204  0.03178  0.00712  0.80968  -235.59920  -237.38863  4.99985   768
1092.00  0.03205  0.03178  0.00650  0.80968  -236.65358  -238.48268  4.99985   768
1093.00  0.03204  0.03178  0.00655  0.80968  -236.61391  -238.49489  4.99985   768
1094.00  0.03205  0.03178  0.00670  0.80968  -236.42317  -238.35756  4.99985   768
1095.00  0.03203  0.03178  0.00739  0.80968  -235.39473  -237.35963  4.99985   768
1096.00  0.03204  0.03178  0.00797  0.80968  -234.45021  -236.37544  4.99985   768
1097.00  0.03204  0.03178  0.00829  0.80968  -233.99092  -235.91615  4.99985   768
1098.00  0.03205  0.03178  0.00836  0.80968  -233.79256  -235.65980  4.99985   768
1099.00  0.03205  0.03178  0.00776  0.80968  -234.67451  -236.52956  4.99985   768
1100.00  0.03203  0.03178  0.00733  0.80968  -235.39320  -237.24519  4.99985   768
1101.00  0.03203  0.03178  0.00665  0.80968  -236.38045  -238.20955  4.99985   768
1102.00  0.03204  0.03178  0.00631  0.80968  -236.98012  -238.87788  4.99985   768
1103.00  0.03205  0.03178  0.00661  0.80968  -236.59102  -238.50557  4.99985   768
1104.00  0.03205  0.03178  0.00688  0.80968  -236.14699  -238.06306  4.99985   768
1105.00  0.03205  0.03178  0.00759  0.80968  -235.08345  -237.03462  4.99985   768
1106.00  0.03205  0.03178  0.00814  0.80968  -234.20760  -236.11757  4.99985   768
1107.00  0.03205  0.03178  0.00814  0.80968  -234.09926  -235.95277  4.99985   768
1108.00  0.03204  0.03178  0.00792  0.80968  -234.48683  -236.33424  4.99985   768
1109.00  0.03204  0.03178  0.00730  0.80968  -235.37947  -237.18111  4.99985   768
1110.00  0.03205  0.03178  0.00651  0.80968  -236.59712  -238.40639  4.99985   768
1111.00  0.03204  0.03178  0.00608  0.80968  -237.30055  -239.15407  4.99985   768
1112.00  0.03204  0.03178  0.00580  0.80968  -237.75069  -239.61488  4.99985   768
1113.00  0.03205  0.03178  0.00611  0.80968  -237.33412  -239.29292  4.99985   768
1114.00  0.03204  0.03178  0.00663  0.80968  -236.55287  -238.49031  4.99985   768
1115.00  0.03203  0.03178  0.00704  0.80968  -235.90437  -237.83723  4.99985   768
1116.00  0.03204  0.03178  0.00751  0.80968  -235.15364  -237.07887  4.99985   768
1117.00  0.03204  0.03178  0.00740  0.80968  -235.30012  -237.17805  4.99985   768
1118.00  0.03205  0.03178  0.00710  0.80968  -235.72279  -237.56563  4.99985   768
1119.00  0.03205  0.03178  0.00649  0.80968  -236.60933  -238.44148  4.99985   768
1120.00  0.03204  0.03178  0.00583  0.80968  -237.70186  -239.53096  4.99985   768
1121.00  0.03204  0.03178  0.00566  0.80968  -237.95363  -239.83919  4.99985   768
1122.00  0.03203  0.03178  0.00577  0.80968  -237.86360  -239.75832  4.99985   768
1123.00  0.03204  0.03178  0.00630  0.80968  -237.03352  -238.96486  4.99985   768
1124.00  0.03203  0.03178  0.00702  0.80968  -235.94405  -237.88759  4.99985   768
1125.00  0.03203  0.03178  0.00743  0.80968  -235.28792  -237.21315  4.99985   768
1126.00  0.03204  0.03178  0.00761  0.80968  -234.97206  -236.84389  4.99985   768
1127.00  0.03204  0.03178  0.00713  0.80968  -235.65871  -237.48476  4.99985   768
1128.00  0.03204  0.03178  0.00662  0.80968  -236.45521  -238.30263  4.99985   768
1129.00  0.03202  0.03178  0.00581  0.80968  -237.63472  -239.43483  4.99985   768
1130.00  0.03204  0.03178  0.00538  0.80968  -238.44344  -240.32289  4.99985   768
1131.00  0.03204  0.03178  0.00533  0.80968  -238.46785  -240.35799  4.99985   768
1132.00  0.03203  0.03178  0.00536  0.80968  -238.48769  -240.41597  4.99985   768
1133.00  0.03204  0.03178  0.00609  0.80968  -237.42873  -239.39668  4.99985   768
1134.00  0.03203  0.03178  0.00656  0.80968  -236.64137  -238.55592  4.99985   768
1135.00  0.03204  0.03178  0.00683  0.80968  -236.22328  -238.15309  4.99985   768
1136.00  0.03203  0.03178  0.00683  0.80968  -236.15614  -238.03102  4.99985   768
1137.00  0.03203  0.03178  0.00628  0.80968  -236.96181  -238.79701  4.99985   768
1138.00  0.03204  0.03178  0.00577  0.80968  -237.75221  -239.56911  4.99985   768
1139.00  0.03202  0.03178  0.00521  0.80968  -238.61128  -240.45869  4.99985   768
1140.00  0.03204  0.03178  0.00480  0.80968  -239.25063  -241.10414  4.99985   768
1141.00  0.03202  0.03178  0.00513  0.80968  -238.86610  -240.78828  4.99985   768
1142.00  0.03204  0.03178  0.00557  0.80968  -238.12910  -240.05128  4.99985   768
1143.00  0.03202  0.03178  0.00623  0.80968  -237.16933  -239.11439  4.99985   768
1144.00  0.03204  0.03178  0.00671  0.80968  -236.39265  -238.29652  4.99985   768
1145.00  0.03202  0.03178  0.00658  0.80968  -236.51625  -238.39265  4.99985   768
1146.00  0.03204  0.03178  0.00645  0.80968  -236.76802  -238.66273  4.99985   768
1147.00  0.03204  0.03178  0.00589  0.80968  -237.54927  -239.35548  4.99985   768
1148.00  0.03203  0.03178  0.00522  0.80968  -238.59907  -240.44038  4.99985   768
1149.00  0.03205  0.03178  0.00506  0.80968  -238.87526  -240.76234  4.99985   768
1150.00  0.03202  0.03178  0.00495  0.80968  -239.09041  -241.00038  4.99985   768
1151.00  0.03203  0.03178  0.00548  0.80968  -238.34578  -240.29542  4.99985   768
1152.00  0.03203  0.03178  0.00624  0.80968  -237.15102  -239.12050  4.99985   768
1153.00  0.03204  0.03178  0.00675  0.80968  -236.33620  -238.26601  4.99985   768
1154.00  0.03202  0.03178  0.00702  0.80968  -235.90437  -237.80366  4.99985   768
1155.00  0.03204  0.03178  0.00677  0.80968  -236.24007  -238.07985  4.99985   768
1156.00  0.03204  0.03178  0.00625  0.80968  -237.03200  -238.84584  4.99985   768
1157.00  0.03205  0.03178  0.00573  0.80968  -237.79799  -239.63014  4.99985   768
1158.00  0.03203  0.03178  0.00514  0.80968  -238.73488  -240.55788  4.99985   768
1159.00  0.03203  0.03178  0.00507  0.80968  -238.86916  -240.75471  4.99985   768
1160.00  0.03204  0.03178  0.00526  0.80968  -238.63417  -240.54567  4.99985   768
1161.00  0.03202  0.03178  0.00579  0.80968  -237.84682  -239.78883  4.99985   768
1162.00  0.03203  0.03178  0.00648  0.80968  -236.78633  -238.72224  4.99985   768
1163.00  0.03204  0.03178  0.00679  0.80968  -236.29500  -238.19582  4.99985   768
1164.00  0.03202  0.03178  0.00677  0.80968  -236.26295  -238.14088  4.99985   768
1165.00  0.03203  0.03178  0.00633  0.80968  -236.89009  -238.73445  4.99985   768
1166.00  0.03204  0.03178  0.00563  0.80968  -238.00703  -239.84682  4.99985   768
1167.00  0.03203  0.03178  0.00522  0.80968  -238.64180  -240.49226  4.99985   768
1168.00  0.03204  0.03178  0.00514  0.80968  -238.79744  -240.69063  4.99985   768
1169.00  0.03203  0.03178  0.00526  0.80968  -238.59297  -240.50447  4.99985   768
1170.00  0.03204  0.03178  0.00571  0.80968  -237.91548  -239.84682  4.99985   768
1171.00  0.03203  0.03178  0.00595  0.80968  -237.54164  -239.45314  4.99985   768
1172.00  0.03203  0.03178  0.00652  0.80968  -236.73903  -238.69173  4.99985   768
1173.00  0.03204  0.03178  0.00694  0.80968  -236.03712  -237.92573  4.99985   768
1174.00  0.03203  0.03178  0.00693  0.80968  -236.00508  -237.89369  4.99985   768
1175.00  0.03203  0.03178  0.00623  0.80968  -236.98775  -238.77565  4.99985   768
1176.00  0.03204  0.03178  0.00542  0.80968  -238.27406  -240.07570  4.99985   768
1177.00  0.03204  0.03178  0.00480  0.80968  -239.26741  -241.09956  4.99985   768
1178.00  0.03204  0.03178  0.00461  0.80968  -239.59395  -241.48714  4.99985   768
1179.00  0.03203  0.03178  0.00506  0.80968  -238.95766  -240.92104  4.99985   768
1180.00  0.03203  0.03178  0.00592  0.80968  -237.68660  -239.65150  4.99985   768
1181.00  0.03203  0.03178  0.00646  0.80968  -236.78786  -238.72835  4.99985   768
1182.00  0.03203  0.03178  0.00682  0.80968  -236.24464  -238.15767  4.99985   768
1183.00  0.03203  0.03178  0.00709  0.80968  -235.78688  -237.66939  4.99985   768
1184.00  0.03204  0.03178  0.00665  0.80968  -236.44606  -238.32857  4.99985   768
1185.00  0.03205  0.03178  0.00616  0.80968  -237.14186  -238.96181  4.99985   768
1186.00  0.03203  0.03178  0.00509  0.80968  -238.75624  -240.52278  4.99985   768
1187.00  0.03203  0.03178  0.00473  0.80968  -239.43678  -241.30708  4.99985   768
1188.00  0.03202  0.03178  0.00490  0.80968  -239.23079  -241.13924  4.99985   768
1189.00  0.03204  0.03178  0.00569  0.80968  -238.00398  -239.94600  4.99985   768
1190.00  0.03204  0.03178  0.00655  0.80968  -236.68867  -238.66426  4.99985   768
1191.00  0.03204  0.03178  0.00687  0.80968  -236.11494  -238.00050  4.99985   768
1192.00  0.03204  0.03178  0.00683  0.80968  -236.15004  -238.01881  4.99985   768
1193.00  0.03203  0.03178  0.00678  0.80968  -236.27516  -238.14851  4.99985   768
1194.00  0.03204  0.03178  0.00631  0.80968  -236.91298  -238.71919  4.99985   768
1195.00  0.03203  0.03178  0.00556  0.80968  -238.03908  -239.84987  4.99985   768
1196.00  0.03203  0.03178  0.00495  0.80968  -239.01411  -240.84932  4.99985   768
1197.00  0.03203  0.03178  0.00458  0.80968  -239.62752  -241.51460  4.99985   768
1198.00  0.03203  0.03178  0.00488  0.80968  -239.25825  -241.21706  4.99985   768
1199.00  0.03204  0.03178  0.00574  0.80968  -237.98872  -239.97194  4.99985   768
1200.00  0.03202  0.03178  0.00640  0.80968  -236.89009  -238.84584  4.99985   768
1201.00  0.03205  0.03178  0.00672  0.80968  -236.33314  -238.23854  4.99985   768
1202.00  0.03203  0.03178  0.00666  0.80968  -236.44453  -238.31789  4.99985   768
1203.00  0.03202  0.03178  0.00628  0.80968  -236.97859  -238.81685  4.99985   768
1204.00  0.03203  0.03178  0.00576  0.80968  -237.76594  -239.59505  4.99985   768
1205.00  0.03203  0.03178  0.00531  0.80968  -238.47853  -240.32136  4.99985   768
1206.00  0.03203  0.03178  0.00510  0.80968  -238.81575  -240.66316  4.99985   768
1207.00  0.03203  0.03178  0.00506  0.80968  -238.89815  -240.80354  4.99985   768
1208.00  0.03202  0.03178  0.00546  0.80968  -238.34273  -240.26338  4.99985   768
1209.00  0.03203  0.03178  0.00616  0.80968  -237.26393  -239.20137  4.99985   768
1210.00  0.03204  0.03178  0.00665  0.80968  -236.49184  -238.41096  4.99985   768
1211.00  0.03204  0.03178  0.00687  0.80968  -236.10121  -237.97609  4.99985   768
1212.00  0.03203  0.03178  0.00661  0.80968  -236.50099  -238.34077  4.99985   768
1213.00  0.03205  0.03178  0.00601  0.80968  -237.43025  -239.26546  4.99985   768
1214.00  0.03203  0.03178  0.00534  0.80968  -238.40376  -240.25575  4.99985   768
1215.00  0.03202  0.03178  0.00484  0.80968  -239.23079  -241.07973  4.99985   768
1216.00  0.03203  0.03178  0.00480  0.80968  -239.37117  -241.26741  4.99985   768
1217.00  0.03203  0.03178  0.00512  0.80968  -238.82643  -240.76540  4.99985   768
1218.00  0.03203  0.03178  0.00584  0.80968  -237.79494  -239.75984  4.99985   768
1219.00  0.03202  0.03178  0.00652  0.80968  -236.76039  -238.70088  4.99985   768
1220.00  0.03203  0.03178  0.00697  0.80968  -235.98067  -237.91353  4.99985   768
1221.00  0.03204  0.03178  0.00692  0.80968  -236.00508  -237.87843  4.99985   768
1222.00  0.03202  0.03178  0.00644  0.80968  -236.74208  -238.57423  4.99985   768
1223.00  0.03202  0.03178  0.00576  0.80968  -237.72780  -239.52638  4.99985   768
1224.00  0.03202  0.03178  0.00526  0.80968  -238.57619  -240.42207  4.99985   768
1225.00  0.03204  0.03178  0.00492  0.80968  -239.09041  -240.95613  4.99985   768
1226.00  0.03203  0.03178  0.00519  0.80968  -238.77150  -240.69368  4.99985   768
1227.00  0.03203  0.03178  0.00575  0.80968  -237.87581  -239.81935  4.99985   768
1228.00  0.03204  0.03178  0.00637  0.80968  -236.92213  -238.86873  4.99985   768
1229.00  0.03203  0.03178  0.00683  0.80968  -236.20344  -238.13783  4.99985   768
1230.00  0.03203  0.03178  0.00687  0.80968  -236.11189  -237.98982  4.99985   768
1231.00  0.03203  0.03178  0.00659  0.80968  -236.49947  -238.35298  4.99985   768
1232.00  0.03202  0.03178  0.00600  0.80968  -237.41957  -239.25783  4.99985   768
1233.00  0.03204  0.03178  0.00543  0.80968  -238.28322  -240.11690  4.99985   768
1234.00  0.03204  0.03178  0.00506  0.80968  -238.85542  -240.72725  4.99985   768
1235.00  0.03203  0.03178  0.00506  0.80968  -238.97292  -240.87984  4.99985   768
1236.00  0.03202  0.03178  0.00539  0.80968  -238.47090  -240.40224  4.99985   768
1237.00  0.03202  0.03178  0.00611  0.80968  -237.34633  -239.29597  4.99985   768
1238.00  0.03202  0.03178  0.00672  0.80968  -236.40944  -238.35146  4.99985   768
1239.00  0.03203  0.03178  0.00695  0.80968  -235.98677  -237.87080  4.99985   768
1240.00  0.03203  0.03178  0.00684  0.80968  -236.14851  -238.00661  4.99985   768
1241.00  0.03203  0.03178  0.00640  0.80968  -236.80617  -238.62459  4.99985   768
1242.00  0.03203  0.03178  0.00569  0.80968  -237.86665  -239.65608  4.99985   768
1243.00  0.03202  0.03178  0.00514  0.80968  -238.74098  -240.57313  4.99985   768
1244.00  0.03202  0.03178  0.00494  0.80968  -239.07515  -240.95003  4.99985   768
1245.00  0.03204  0.03178  0.00504  0.80968  -238.93172  -240.85695  4.99985   768
1246.00  0.03203  0.03178  0.00562  0.80968  -238.11995  -240.05891  4.99985   768
1247.00  0.03202  0.03178  0.00626  0.80968  -237.12508  -239.09303  4.99985   768
1248.00  0.03202  0.03178  0.00667  0.80968  -236.46132  -238.38655  4.99985   768
1249.00  0.03202  0.03178  0.00676  0.80968  -236.32552  -238.19887  4.99985   768
1250.00  0.03202  0.03178  0.00643  0.80968  -236.75886  -238.61085  4.99985   768
1251.00  0.03202  0.03178  0.00587  0.80968  -237.58742  -239.43178  4.99985   768
1252.00  0.03204  0.03178  0.00514  0.80968  -238.72572  -240.54567  4.99985   768
1253.00  0.03202  0.03178  0.00482  0.80968  -239.24147  -241.11177  4.99985   768
1254.00  0.03203  0.03178  0.00477  0.80968  -239.35286  -241.25215  4.99985   768
1255.00  0.03203  0.03178  0.00523  0.80968  -238.67232  -240.59450  4.99985   768
1256.00  0.03203  0.03178  0.00592  0.80968  -237.65303  -239.58894  4.99985   768
1257.00  0.03202  0.03178  0.00650  0.80968  -236.76802  -238.69936  4.99985   768
1258.00  0.03202  0.03178  0.00683  0.80968  -236.16377  -238.04475  4.99985   768
1259.00  0.03203  0.03178  0.00674  0.80968  -236.26753  -238.11800  4.99985   768
1260.00  0.03204  0.03178  0.00639  0.80968  -236.81532  -238.65205  4.99985   768
1261.00  0.03202  0.03178  0.00570  0.80968  -237.84682  -239.64998  4.99985   768
1262.00  0.03202  0.03178  0.00508  0.80968  -238.77608  -240.63875  4.99985   768
1263.00  0.03203  0.03178  0.00495  0.80968  -239.06599  -240.96529  4.99985   768
1264.00  0.03203  0.03178  0.00515  0.80968  -238.81880  -240.75319  4.99985   768
1265.00  0.03202  0.03178  0.00580  0.80968  -237.86055  -239.81172  4.99985   768
1266.00  0.03202  0.03178  0.00645  0.80968  -236.81990  -238.75886  4.99985   768
1267.00  0.03202  0.03178  0.00676  0.80968  -236.33925  -238.26601  4.99985   768
1268.00  0.03202  0.03178  0.00688  0.80968  -236.08900  -237.98372  4.99985   768
1269.00  0.03203  0.03178  0.00662  0.80968  -236.47963  -238.35146  4.99985   768
1270.00  0.03202  0.03178  0.00609  0.80968  -237.23646  -239.05183  4.99985   768
1271.00  0.03204  0.03178  0.00538  0.80968  -238.34273  -240.15352  4.99985   768
1272.00  0.03202  0.03178  0.00495  0.80968  -239.05836  -240.92866  4.99985   768
1273.00  0.03205  0.03178  0.00499  0.80968  -239.01717  -240.91493  4.99985   768
1274.00  0.03203  0.03178  0.00535  0.80968  -238.48158  -240.39461  4.99985   768
1275.00  0.03204  0.03178  0.00595  0.80968  -237.58437  -239.51723  4.99985   768
1276.00  0.03202  0.03178  0.00646  0.80968  -236.80922  -238.72835  4.99985   768
1277.00  0.03203  0.03178  0.00664  0.80968  -236.42927  -238.31483  4.99985   768
1278.00  0.03204  0.03178  0.00656  0.80968  -236.60170  -238.46742  4.99985   768
1279.00  0.03202  0.03178  0.00599  0.80968  -237.40279  -239.24409  4.99985   768
1280.00  0.03204  0.03178  0.00539  0.80968  -238.29848  -240.13216  4.99985   768
1281.00  0.03204  0.03178  0.00483  0.80968  -239.23689  -241.09499  4.99985   768
1282.00  0.03202  0.03178  0.00469  0.80968  -239.47188  -241.36507  4.99985   768
1283.00  0.03202  0.03178  0.00493  0.80968  -239.12245  -241.05226  4.99985   768
1284.00  0.03203  0.03178  0.00561  0.80968  -238.14436  -240.11232  4.99985   768
1285.00  0.03203  0.03178  0.00626  0.80968  -237.12050  -239.06404  4.99985   768
1286.00  0.03204  0.03178  0.00659  0.80968  -236.57118  -238.47505  4.99985   768
1287.00  0.03203  0.03178  0.00674  0.80968  -236.35146  -238.22481  4.99985   768
1288.00  0.03202  0.03178  0.00639  0.80968  -236.80006  -238.62306  4.99985   768
1289.00  0.03203  0.03178  0.00584  0.80968  -237.63167  -239.45619  4.99985   768
1290.00  0.03203  0.03178  0.00531  0.80968  -238.47090  -240.29848  4.99985   768
1291.00  0.03202  0.03178  0.00493  0.80968  -239.04158  -240.87678  4.99985   768
1292.00  0.03202  0.03178  0.00499  0.80968  -239.01869  -240.93935  4.99985   768
1293.00  0.03202  0.03178  0.00544  0.80968  -238.35799  -240.28474  4.99985   768
1294.00  0.03203  0.03178  0.00615  0.80968  -237.29292  -239.26240  4.99985   768
1295.00  0.03202  0.03178  0.00665  0.80968  -236.50404  -238.43233  4.99985   768
1296.00  0.03202  0.03178  0.00683  0.80968  -236.19582  -238.10731  4.99985   768
1297.00  0.03203  0.03178  0.00666  0.80968  -236.40333  -238.26753  4.99985   768
1298.00  0.03202  0.03178  0.00618  0.80968  -237.11745  -238.96638  4.99985   768
1299.00  0.03203  0.03178  0.00560  0.80968  -238.01619  -239.85139  4.99985   768
1300.00  0.03202  0.03178  0.00516  0.80968  -238.74556  -240.62196  4.99985   768
1301.00  0.03203  0.03178  0.00506  0.80968  -238.89204  -240.76692  4.99985   768
1302.00  0.03202  0.03178  0.00531  0.80968  -238.56093  -240.50142  4.99985   768
1303.00  0.03204  0.03178  0.00585  0.80968  -237.73390  -239.67287  4.99985   768
1304.00  0.03202  0.03178  0.00647  0.80968  -236.80617  -238.73903  4.99985   768
1305.00  0.03202  0.03178  0.00680  0.80968  -236.21413  -238.10426  4.99985   768
1306.00  0.03202  0.03178  0.00673  0.80968  -236.32094  -238.17445  4.99985   768
1307.00  0.03202  0.03178  0.00631  0.80968  -236.90230  -238.71309  4.99985   768
1308.00  0.03204  0.03178  0.00563  0.80968  -237.93684  -239.75221  4.99985   768
1309.00  0.03203  0.03178  0.00512  0.80968  -238.78218  -240.62044  4.99985   768
1310.00  0.03204  0.03178  0.00486  0.80968  -239.18654  -241.07362  4.99985   768
1311.00  0.03201  0.03178  0.00496  0.80968  -239.06905  -240.98512  4.99985   768
1312.00  0.03203  0.03178  0.00546  0.80968  -238.33205  -240.28932  4.99985   768
1313.00  0.03202  0.03178  0.00610  0.80968  -237.35854  -239.32802  4.99985   768
1314.00  0.03202  0.03178  0.00662  0.80968  -236.54524  -238.46284  4.99985   768
1315.00  0.03203  0.03178  0.00670  0.80968  -236.38045  -238.29347  4.99985   768
1316.00  0.03202  0.03178  0.00650  0.80968  -236.62154  -238.46437  4.99985   768
1317.00  0.03203  0.03178  0.00593  0.80968  -237.50044  -239.33260  4.99985   768
1318.00  0.03203  0.03178  0.00539  0.80968  -238.36409  -240.21303  4.99985   768
1319.00  0.03202  0.03178  0.00503  0.80968  -238.88136  -240.73640  4.99985   768
1320.00  0.03203  0.03178  0.00504  0.80968  -238.98512  -240.87984  4.99985   768
1321.00  0.03202  0.03178  0.00537  0.80968  -238.47548  -240.40376  4.99985   768
1322.00  0.03203  0.03178  0.00601  0.80968  -237.52333  -239.45619  4.99985   768
1323.00  0.03203  0.03178  0.00664  0.80968  -236.51778  -238.43538  4.99985   768
1324.00  0.03203  0.03178  0.00691  0.80968  -236.03102  -237.91811  4.99985   768
1325.00  0.03203  0.03178  0.00686  0.80968  -236.15919  -238.02492  4.99985   768
1326.00  0.03202  0.03178  0.00647  0.80968  -236.67036  -238.49336  4.99985   768
1327.00  0.03202  0.03178  0.00581  0.80968  -237.66829  -239.48823  4.99985   768
1328.00  0.03202  0.03178  0.00523  0.80968  -238.58229  -240.41444  4.99985   768
1329.00  0.03203  0.03178  0.00496  0.80968  -239.05531  -240.94240  4.99985   768
1330.00  0.03203  0.03178  0.00516  0.80968  -238.80659  -240.72877  4.99985   768
1331.00  0.03203  0.03178  0.00570  0.80968  -237.98567  -239.93990  4.99985   768
1332.00  0.03203  0.03178  0.00634  0.80968  -237.00148  -238.96333  4.99985   768
1333.00  0.03203  0.03178  0.00686  0.80968  -236.17750  -238.10884  4.99985   768
1334.00  0.03202  0.03178  0.00705  0.80968  -235.86012  -237.76704  4.99985   768
1335.00  0.03201  0.03178  0.00683  0.80968  -236.12410  -237.97914  4.99985   768
1336.00  0.03203  0.03178  0.00615  0.80968  -237.17390  -239.01369  4.99985   768
1337.00  0.03202  0.03178  0.00553  0.80968  -238.12453  -239.95973  4.99985   768
1338.00  0.03203  0.03178  0.00509  0.80968  -238.77303  -240.60060  4.99985   768
1339.00  0.03202  0.03178  0.00501  0.80968  -238.98970  -240.88594  4.99985   768
1340.00  0.03203  0.03178  0.00539  0.80968  -238.42665  -240.34425  4.99985   768
1341.00  0.03202  0.03178  0.00610  0.80968  -237.34022  -239.27919  4.99985   768
1342.00  0.03202  0.03178  0.00653  0.80968  -236.67342  -238.58034  4.99985   768
1343.00  0.03202  0.03178  0.00687  0.80968  -236.14394  -238.04628  4.99985   768
1344.00  0.03202  0.03178  0.00687  0.80968  -236.11189  -237.97914  4.99985   768
1345.00  0.03202  0.03178  0.00633  0.80968  -236.90993  -238.73598  4.99985   768
1346.00  0.03202  0.03178  0.00567  0.80968  -237.92158  -239.74458  4.99985   768
1347.00  0.03203  0.03178  0.00505  0.80968  -238.86610  -240.70894  4.99985   768
1348.00  0.03202  0.03178  0.00483  0.80968  -239.26436  -241.16060  4.99985   768
1349.00  0.03204  0.03178  0.00503  0.80968  -238.96986  -240.89662  4.99985   768
1350.00  0.03202  0.03178  0.00561  0.80968  -238.14741  -240.11842  4.99985   768
1351.00  0.03203  0.03178  0.00632  0.80968  -237.01979  -238.97554  4.99985   768
1352.00  0.03202  0.03178  0.00679  0.80968  -236.27669  -238.18819  4.99985   768
1353.00  0.03203  0.03178  0.00698  0.80968  -235.96083  -237.86165  4.99985   768
1354.00  0.03204  0.03178  0.00675  0.80968  -236.27516  -238.11800  4.99985   768
1355.00  0.03203  0.03178  0.00616  0.80968  -237.12355  -238.93892  4.99985   768
1356.00  0.03203  0.03178  0.00543  0.80968  -238.26033  -240.06654  4.99985   768
1357.00  0.03202  0.03178  0.00508  0.80968  -238.83711  -240.67689  4.99985   768
1358.00  0.03204  0.03178  0.00499  0.80968  -238.99580  -240.89204  4.99985   768
1359.00  0.03203  0.03178  0.00539  0.80968  -238.43733  -240.35951  4.99985   768
1360.00  0.03204  0.03178  0.00605  0.80968  -237.43178  -239.38905  4.99985   768
1361.00  0.03203  0.03178  0.00657  0.80968  -236.63222  -238.57118  4.99985   768
1362.00  0.03202  0.03178  0.00689  0.80968  -236.07985  -238.00355  4.99985   768
1363.00  0.03201  0.03178  0.00673  0.80968  -236.29958  -238.16530  4.99985   768
1364.00  0.03203  0.03178  0.00622  0.80968  -237.05946  -238.89925  4.99985   768
1365.00  0.03204  0.03178  0.00562  0.80968  -238.01314  -239.85292  4.99985   768
1366.00  0.03203  0.03178  0.00513  0.80968  -238.72267  -240.59145  4.99985   768
1367.00  0.03202  0.03178  0.00505  0.80968  -238.93629  -240.84169  4.99985   768
1368.00  0.03202  0.03178  0.00517  0.80968  -238.79439  -240.69826  4.99985   768
1369.00  0.03202  0.03178  0.00571  0.80968  -237.97041  -239.91701  4.99985   768
1370.00  0.03202  0.03178  0.00640  0.80968  -236.91756  -238.86720  4.99985   768
1371.00  0.03201  0.03178  0.00685  0.80968  -236.16530  -238.07680  4.99985   768
1372.00  0.03202  0.03178  0.00692  0.80968  -236.01576  -237.89674  4.99985   768
1373.00  0.03202  0.03178  0.00660  0.80968  -236.52083  -238.34077  4.99985   768
1374.00  0.03202  0.03178  0.00600  0.80968  -237.33717  -239.13423  4.99985   768
1375.00  0.03202  0.03178  0.00538  0.80968  -238.36409  -240.18098  4.99985   768
1376.00  0.03203  0.03178  0.00512  0.80968  -238.80354  -240.68758  4.99985   768
1377.00  0.03203  0.03178  0.00526  0.80968  -238.62349  -240.52278  4.99985   768
1378.00  0.03202  0.03178  0.00567  0.80968  -238.01619  -239.92921  4.99985   768
1379.00  0.03203  0.03178  0.00625  0.80968  -237.15559  -239.10982  4.99985   768
1380.00  0.03202  0.03178  0.00673  0.80968  -236.39876  -238.32552  4.99985   768
1381.00  0.03202  0.03178  0.00696  0.80968  -236.00203  -237.89827  4.99985   768
1382.00  0.03201  0.03178  0.00676  0.80968  -236.26295  -238.11800  4.99985   768
1383.00  0.03204  0.03178  0.00624  0.80968  -237.05489  -238.89009  4.99985   768
1384.00  0.03202  0.03178  0.00556  0.80968  -238.06654  -239.91548  4.99985   768
1385.00  0.03203  0.03178  0.00505  0.80968  -238.86610  -240.71352  4.99985   768
1386.00  0.03204  0.03178  0.00509  0.80968  -238.92409  -240.84169  4.99985   768
1387.00  0.03202  0.03178  0.00542  0.80968  -238.39461  -240.32594  4.99985   768
1388.00  0.03203  0.03178  0.00592  0.80968  -237.59962  -239.52333  4.99985   768
1389.00  0.03202  0.03178  0.00651  0.80968  -236.71614  -238.63679  4.99985   768
1390.00  0.03204  0.03178  0.00685  0.80968  -236.14394  -238.04628  4.99985   768
1391.00  0.03203  0.03178  0.00692  0.80968  -236.00203  -237.88454  4.99985   768
1392.00  0.03202  0.03178  0.00642  0.80968  -236.71461  -238.51625  4.99985   768
1393.00  0.03203  0.03178  0.00568  0.80968  -237.86818  -239.67134  4.99985   768
1394.00  0.03202  0.03178  0.00510  0.80968  -238.79134  -240.62959  4.99985   768
1395.00  0.03203  0.03178  0.00478  0.80968  -239.32387  -241.19264  4.99985   768
1396.00  0.03203  0.03178  0.00495  0.80968  -239.09499  -241.02327  4.99985   768
1397.00  0.03203  0.03178  0.00550  0.80968  -238.29695  -240.25728  4.99985   768
1398.00  0.03202  0.03178  0.00619  0.80968  -237.23799  -239.17543  4.99985   768
1399.00  0.03203  0.03178  0.00664  0.80968  -236.50404  -238.43385  4.99985   768
1400.00  0.03202  0.03178  0.00679  0.80968  -236.27364  -238.18208  4.99985   768
1401.00  0.03202  0.03178  0.00657  0.80968  -236.53456  -238.39876  4.99985   768
1402.00  0.03203  0.03178  0.00611  0.80968  -237.22884  -239.07777  4.99985   768
1403.00  0.03202  0.03178  0.00540  0.80968  -238.31526  -240.13979  4.99985   768
1404.00  0.03202  0.03178  0.00491  0.80968  -239.08430  -240.92256  4.99985   768
1405.00  0.03202  0.03178  0.00486  0.80968  -239.24910  -241.13924  4.99985   768
1406.00  0.03203  0.03178  0.00522  0.80968  -238.70741  -240.60670  4.99985   768
1407.00  0.03202  0.03178  0.00592  0.80968  -237.64387  -239.59810  4.99985   768
1408.00  0.03203  0.03178  0.00657  0.80968  -236.63679  -238.55287  4.99985   768
1409.00  0.03202  0.03178  0.00695  0.80968  -236.03712  -237.94252  4.99985   768
1410.00  0.03203  0.03178  0.00688  0.80968  -236.05696  -237.91963  4.99985   768
1411.00  0.03203  0.03178  0.00648  0.80968  -236.68715  -238.54219  4.99985   768
1412.00  0.03202  0.03178  0.00589  0.80968  -237.57674  -239.40431  4.99985   768
1413.00  0.03202  0.03178  0.00521  0.80968  -238.63264  -240.48616  4.99985   768
1414.00  0.03204  0.03178  0.00473  0.80968  -239.36812  -241.22774  4.99985   768
1415.00  0.03202  0.03178  0.00482  0.80968  -239.31319  -241.24300  4.99985   768
1416.00  0.03203  0.03178  0.00556  0.80968  -238.26643  -240.27559  4.99985   768
1417.00  0.03202  0.03178  0.00679  0.80968  -236.35756  -238.34535  4.99985   768
1418.00  0.03202  0.03178  0.00670  0.80968  -236.35298  -238.18513  4.99985   768
1419.00  0.03202  0.03178  0.00618  0.80968  -237.12660  -238.98927  4.99985   768
1420.00  0.03203  0.03178  0.00625  0.80968  -237.11439  -239.02895  4.99985   768
1421.00  0.03202  0.03178  0.00622  0.80968  -237.08235  -238.93587  4.99985   768
1422.00  0.03203  0.03178  0.00558  0.80968  -238.01314  -239.81172  4.99985   768
1423.00  0.03203  0.03178  0.00470  0.80968  -239.33913  -241.11330  4.99985   768
1424.00  0.03202  0.03178  0.00424  0.80968  -240.15852  -242.04561  4.99985   768
1425.00  0.03202  0.03178  0.00469  0.80968  -239.53596  -241.45814  4.99985   768
1426.00  0.03202  0.03178  0.00592  0.80968  -237.67897  -239.69423  4.99985   768
1427.00  0.03202  0.03178  0.00697  0.80968  -236.04933  -238.00508  4.99985   768
1428.00  0.03202  0.03178  0.00672  0.80968  -236.29195  -238.11342  4.99985   768
1429.00  0.03202  0.03178  0.00658  0.80968  -236.56508  -238.46284  4.99985   768
1430.00  0.03202  0.03178  0.00629  0.80968  -236.98775  -238.82143  4.99985   768
1431.00  0.03204  0.03178  0.00534  0.80968  -238.37935  -240.17641  4.99985   768
1432.00  0.03202  0.03178  0.00488  0.80968  -239.15755  -241.06599  4.99985   768
1433.00  0.03202  0.03178  0.00487  0.80968  -239.24452  -241.12245  4.99985   768
1434.00  0.03202  0.03178  0.00485  0.80968  -239.23842  -241.16518  4.99985   768
1435.00  0.03201  0.03178  0.00551  0.80968  -238.28932  -240.24812  4.99985   768
1436.00  0.03202  0.03178  0.00673  0.80968  -236.45521  -238.45369  4.99985   768
1437.00  0.03204  0.03178  0.00709  0.80968  -235.80366  -237.67244  4.99985   768
1438.00  0.03202  0.03178  0.00669  0.80968  -236.34383  -238.18819  4.99985   768
1439.00  0.03201  0.03178  0.00671  0.80968  -236.39265  -238.26295  4.99985   768
1440.00  0.03202  0.03178  0.00587  0.80968  -237.54622  -239.33107  4.99985   768
1441.00  0.03201  0.03178  0.00489  0.80968  -239.08736  -240.90425  4.99985   768
1442.00  0.03201  0.03178  0.00498  0.80968  -239.04311  -240.93629  4.99985   768
1443.00  0.03202  0.03178  0.00514  0.80968  -238.81117  -240.68300  4.99985   768
1444.00  0.03202  0.03178  0.00541  0.80968  -238.43733  -240.37324  4.99985   768
1445.00  0.03202  0.03178  0.00629  0.80968  -237.07930  -239.04878  4.99985   768
1446.00  0.03203  0.03178  0.00685  0.80968  -236.19887  -238.12257  4.99985   768
1447.00  0.03203  0.03178  0.00691  0.80968  -236.06612  -237.96693  4.99985   768
1448.00  0.03202  0.03178  0.00680  0.80968  -236.20802  -238.06154  4.99985   768
1449.00  0.03203  0.03178  0.00625  0.80968  -237.00606  -238.84584  4.99985   768
1450.00  0.03202  0.03178  0.00554  0.80968  -238.09248  -239.93990  4.99985   768
1451.00  0.03201  0.03178  0.00490  0.80968  -239.10261  -240.95308  4.99985   768
1452.00  0.03202  0.03178  0.00471  0.80968  -239.45204  -241.33150  4.99985   768
1453.00  0.03203  0.03178  0.00505  0.80968  -238.94392  -240.88594  4.99985   768
1454.00  0.03201  0.03178  0.00577  0.80968  -237.90480  -239.85292  4.99985   768
1455.00  0.03201  0.03178  0.00639  0.80968  -236.92213  -238.84126  4.99985   768
1456.00  0.03202  0.03178  0.00671  0.80968  -236.35908  -238.24770  4.99985   768
1457.00  0.03202  0.03178  0.00670  0.80968  -236.37129  -238.22633  4.99985   768
1458.00  0.03202  0.03178  0.00653  0.80968  -236.63679  -238.48268  4.99985   768
1459.00  0.03203  0.03178  0.00605  0.80968  -237.34022  -239.15407  4.99985   768
1460.00  0.03202  0.03178  0.00540  0.80968  -238.31831  -240.14741  4.99985   768
1461.00  0.03203  0.03178  0.00500  0.80968  -238.97597  -240.82643  4.99985   768
1462.00  0.03202  0.03178  0.00499  0.80968  -239.03548  -240.93935  4.99985   768
1463.00  0.03202  0.03178  0.00543  0.80968  -238.42970  -240.38240  4.99985   768
1464.00  0.03203  0.03178  0.00604  0.80968  -237.44856  -239.37990  4.99985   768
1465.00  0.03202  0.03178  0.00663  0.80968  -236.54982  -238.50252  4.99985   768
1466.00  0.03204  0.03178  0.00704  0.80968  -235.92268  -237.85707  4.99985   768
1467.00  0.03202  0.03178  0.00708  0.80968  -235.77620  -237.66023  4.99985   768
1468.00  0.03203  0.03178  0.00667  0.80968  -236.36824  -238.19124  4.99985   768
1469.00  0.03202  0.03178  0.00587  0.80968  -237.59199  -239.41499  4.99985   768
1470.00  0.03202  0.03178  0.00507  0.80968  -238.82490  -240.66011  4.99985   768
1471.00  0.03202  0.03178  0.00471  0.80968  -239.43526  -241.26588  4.99985   768
1472.00  0.03200  0.03178  0.00504  0.80968  -238.97749  -240.91951  4.99985   768
1473.00  0.03202  0.03178  0.00584  0.80968  -237.79799  -239.74916  4.99985   768
1474.00  0.03203  0.03178  0.00655  0.80968  -236.68104  -238.61391  4.99985   768
1475.00  0.03202  0.03178  0.00685  0.80968  -236.14088  -238.04170  4.99985   768
1476.00  0.03203  0.03178  0.00692  0.80968  -236.04170  -237.91963  4.99985   768
1477.00  0.03201  0.03178  0.00665  0.80968  -236.40944  -238.24159  4.99985   768
1478.00  0.03201  0.03178  0.00622  0.80968  -237.08083  -238.92976  4.99985   768
1479.00  0.03201  0.03178  0.00562  0.80968  -237.98567  -239.82393  4.99985   768
1480.00  0.03201  0.03178  0.00490  0.80968  -239.05989  -240.89204  4.99985   768
1481.00  0.03202  0.03178  0.00476  0.80968  -239.42763  -241.34523  4.99985   768
1482.00  0.03202  0.03178  0.00538  0.80968  -238.49532  -240.46632  4.99985   768
1483.00  0.03202  0.03178  0.00612  0.80968  -237.34175  -239.31123  4.99985   768
1484.00  0.03202  0.03178  0.00672  0.80968  -236.40791  -238.36061  4.99985   768
1485.00  0.03202  0.03178  0.00697  0.80968  -235.94252  -237.84029  4.99985   768
1486.00  0.03203  0.03178  0.00667  0.80968  -236.37740  -238.21870  4.99985   768
1487.00  0.03202  0.03178  0.00619  0.80968  -237.10982  -238.95723  4.99985   768
1488.00  0.03202  0.03178  0.00574  0.80968  -237.81172  -239.63625  4.99985   768
1489.00  0.03202  0.03178  0.00526  0.80968  -238.53651  -240.37782  4.99985   768
1490.00  0.03202  0.03178  0.00507  0.80968  -238.89357  -240.74403  4.99985   768
1491.00  0.03202  0.03178  0.00528  0.80968  -238.62349  -240.53346  4.99985   768
1492.00  0.03203  0.03178  0.00589  0.80968  -237.70033  -239.64235  4.99985   768
1493.00  0.03202  0.03178  0.00647  0.80968  -236.77718  -238.71309  4.99985   768
1494.00  0.03202  0.03178  0.00696  0.80968  -236.02339  -237.94405  4.99985   768
1495.00  0.03204  0.03178  0.00709  0.80968  -235.77010  -237.64192  4.99985   768
1496.00  0.03201  0.03178  0.00667  0.80968  -236.38808  -238.23701  4.99985   768
1497.00  0.03202  0.03178  0.00593  0.80968  -237.49739  -239.31581  4.99985   768
1498.00  0.03201  0.03178  0.00534  0.80968  -238.45564  -240.30763  4.99985   768
1499.00  0.03202  0.03178  0.00505  0.80968  -238.92714  -240.81117  4.99985   768
1500.00  0.03203  0.03178  0.00526  0.80968  -238.64027  -240.57161  4.99985   768
1501.00  0.03202  0.03178  0.00573  0.80968  -237.93990  -239.86818  4.99985   768
1502.00  0.03201  0.03178  0.00627  0.80968  -237.09914  -239.03657  4.99985   768
1503.00  0.03202  0.03178  0.00674  0.80968  -236.37434  -238.27821  4.99985   768
1504.00  0.03203  0.03178  0.00693  0.80968  -236.03712  -237.93642  4.99985   768
1505.00  0.03203  0.03178  0.00686  0.80968  -236.11342  -237.94405  4.99985   768
1506.00  0.03203  0.03178  0.00639  0.80968  -236.80312  -238.63985  4.99985   768
1507.00  0.03202  0.03178  0.00579  0.80968  -237.70033  -239.49739  4.99985   768
1508.00  0.03202  0.03178  0.00519  0.80968  -238.64638  -240.47853  4.99985   768
1509.00  0.03202  0.03178  0.00503  0.80968  -238.93782  -240.80049  4.99985   768
1510.00  0.03202  0.03178  0.00534  0.80968  -238.49532  -240.41750  4.99985   768
1511.00  0.03201  0.03178  0.00599  0.80968  -237.53249  -239.49434  4.99985   768
1512.00  0.03203  0.03178  0.00663  0.80968  -236.54982  -238.47810  4.99985   768
1513.00  0.03202  0.03178  0.00700  0.80968  -235.95320  -237.88148  4.99985   768
1514.00  0.03203  0.03178  0.00692  0.80968  -236.00203  -237.86470  4.99985   768
1515.00  0.03202  0.03178  0.00648  0.80968  -236.67036  -238.52235  4.99985   768
1516.00  0.03202  0.03178  0.00584  0.80968  -237.65456  -239.48213  4.99985   768
1517.00  0.03203  0.03178  0.00527  0.80968  -238.56093  -240.40224  4.99985   768
1518.00  0.03202  0.03178  0.00491  0.80968  -239.09804  -240.97292  4.99985   768
1519.00  0.03202  0.03178  0.00502  0.80968  -238.99733  -240.91646  4.99985   768
1520.00  0.03201  0.03178  0.00560  0.80968  -238.13826  -240.09553  4.99985   768
1521.00  0.03203  0.03178  0.00625  0.80968  -237.14796  -239.08083  4.99985   768
1522.00  0.03202  0.03178  0.00673  0.80968  -236.37740  -238.29500  4.99985   768
1523.00  0.03202  0.03178  0.00694  0.80968  -236.01424  -237.91353  4.99985   768
1524.00  0.03203  0.03178  0.00671  0.80968  -236.33772  -238.16988  4.99985   768
1525.00  0.03202  0.03178  0.00621  0.80968  -237.03810  -238.85194  4.99985   768
1526.00  0.03201  0.03178  0.00563  0.80968  -237.97194  -239.80562  4.99985   768
1527.00  0.03201  0.03178  0.00517  0.80968  -238.68147  -240.52431  4.99985   768
1528.00  0.03202  0.03178  0.00496  0.80968  -239.04158  -240.93629  4.99985   768
1529.00  0.03202  0.03178  0.00534  0.80968  -238.50905  -240.44191  4.99985   768
1530.00  0.03201  0.03178  0.00601  0.80968  -237.49892  -239.45924  4.99985   768
1531.00  0.03202  0.03178  0.00665  0.80968  -236.53303  -238.50404  4.99985   768
1532.00  0.03201  0.03178  0.00690  0.80968  -236.07375  -237.97151  4.99985   768
1533.00  0.03202  0.03178  0.00686  0.80968  -236.11189  -237.99593  4.99985   768
1534.00  0.03201  0.03178  0.00652  0.80968  -236.61696  -238.46132  4.99985   768
1535.00  0.03202  0.03178  0.00592  0.80968  -237.50807  -239.32497  4.99985   768
1536.00  0.03203  0.03178  0.00533  0.80968  -238.44954  -240.29542  4.99985   768
1537.00  0.03202  0.03178  0.00502  0.80968  -238.92866  -240.79896  4.99985   768
1538.00  0.03202  0.03178  0.00512  0.80968  -238.85237  -240.74556  4.99985   768
1539.00  0.03202  0.03178  0.00570  0.80968  -238.00551  -239.95058  4.99985   768
1540.00  0.03202  0.03178  0.00645  0.80968  -236.84279  -238.78175  4.99985   768
1541.00  0.03201  0.03178  0.00688  0.80968  -236.12105  -238.01729  4.99985   768
1542.00  0.03202  0.03178  0.00702  0.80968  -235.89369  -237.77620  4.99985   768
1543.00  0.03200  0.03178  0.00668  0.80968  -236.33925  -238.17445  4.99985   768
1544.00  0.03202  0.03178  0.00609  0.80968  -237.26088  -239.07320  4.99985   768
1545.00  0.03201  0.03178  0.00551  0.80968  -238.15962  -239.99025  4.99985   768
1546.00  0.03201  0.03178  0.00504  0.80968  -238.91951  -240.78523  4.99985   768
1547.00  0.03202  0.03178  0.00503  0.80968  -238.98054  -240.88441  4.99985   768
1548.00  0.03201  0.03178  0.00538  0.80968  -238.48616  -240.42818  4.99985   768
1549.00  0.03201  0.03178  0.00598  0.80968  -237.55843  -239.51570  4.99985   768
1550.00  0.03201  0.03178  0.00664  0.80968  -236.53914  -238.51015  4.99985   768
1551.00  0.03201  0.03178  0.00688  0.80968  -236.08748  -237.97609  4.99985   768
1552.00  0.03202  0.03178  0.00677  0.80968  -236.24007  -238.11647  4.99985   768
1553.00  0.03203  0.03178  0.00639  0.80968  -236.82295  -238.64748  4.99985   768
1554.00  0.03201  0.03178  0.00572  0.80968  -237.77815  -239.59352  4.99985   768
1555.00  0.03200  0.03178  0.00512  0.80968  -238.77303  -240.59755  4.99985   768
1556.00  0.03202  0.03178  0.00485  0.80968  -239.20332  -241.06294  4.99985   768
1557.00  0.03201  0.03178  0.00506  0.80968  -238.92714  -240.83864  4.99985   768
1558.00  0.03201  0.03178  0.00568  0.80968  -237.99177  -239.92006  4.99985   768
1559.00  0.03201  0.03178  0.00626  0.80968  -237.11745  -239.03963  4.99985   768
1560.00  0.03201  0.03178  0.00678  0.80968  -236.33314  -238.25227  4.99985   768
1561.00  0.03201  0.03178  0.00691  0.80968  -236.02492  -237.91505  4.99985   768
1562.00  0.03201  0.03178  0.00659  0.80968  -236.49031  -238.34535  4.99985   768
1563.00  0.03201  0.03178  0.00600  0.80968  -237.39363  -239.22884  4.99985   768
1564.00  0.03201  0.03178  0.00530  0.80968  -238.45869  -240.28474  4.99985   768
1565.00  0.03201  0.03178  0.00495  0.80968  -239.04616  -240.94087  4.99985   768
1566.00  0.03202  0.03178  0.00492  0.80968  -239.15602  -241.07362  4.99985   768
1567.00  0.03201  0.03178  0.00541  0.80968  -238.42055  -240.37324  4.99985   768
1568.00  0.03202  0.03178  0.00603  0.80968  -237.47145  -239.43483  4.99985   768
1569.00  0.03201  0.03178  0.00657  0.80968  -236.63832  -238.56813  4.99985   768
1570.00  0.03202  0.03178  0.00682  0.80968  -236.22023  -238.11952  4.99985   768
1571.00  0.03201  0.03178  0.00685  0.80968  -236.13173  -237.98830  4.99985   768
1572.00  0.03201  0.03178  0.00650  0.80968  -236.62001  -238.46132  4.99985   768
1573.00  0.03202  0.03178  0.00580  0.80968  -237.68660  -239.49892  4.99985   768
1574.00  0.03200  0.03178  0.00516  0.80968  -238.68910  -240.52278  4.99985   768
1575.00  0.03202  0.03178  0.00502  0.80968  -238.93477  -240.80202  4.99985   768
1576.00  0.03201  0.03178  0.00538  0.80968  -238.49074  -240.41902  4.99985   768
1577.00  0.03201  0.03178  0.00600  0.80968  -237.51265  -239.43941  4.99985   768
1578.00  0.03201  0.03178  0.00660  0.80968  -236.57423  -238.52388  4.99985   768
1579.00  0.03202  0.03178  0.00700  0.80968  -235.97304  -237.89522  4.99985   768
1580.00  0.03203  0.03178  0.00701  0.80968  -235.85860  -237.73347  4.99985   768
1581.00  0.03201  0.03178  0.00657  0.80968  -236.55440  -238.39723  4.99985   768
1582.00  0.03201  0.03178  0.00607  0.80968  -237.28834  -239.12965  4.99985   768
1583.00  0.03202  0.03178  0.00548  0.80968  -238.19319  -240.06502  4.99985   768
1584.00  0.03202  0.03178  0.00501  0.80968  -238.91798  -240.77760  4.99985   768
1585.00  0.03203  0.03178  0.00502  0.80968  -239.00191  -240.91951  4.99985   768
1586.00  0.03202  0.03178  0.00546  0.80968  -238.35799  -240.31068  4.99985   768
1587.00  0.03202  0.03178  0.00616  0.80968  -237.27003  -239.22121  4.99985   768
1588.00  0.03202  0.03178  0.00661  0.80968  -236.52388  -238.42622  4.99985   768
1589.00  0.03202  0.03178  0.00685  0.80968  -236.15004  -238.04170  4.99985   768
1590.00  0.03201  0.03178  0.00668  0.80968  -236.37434  -238.22786  4.99985   768
1591.00  0.03200  0.03178  0.00611  0.80968  -237.20290  -238.99538  4.99985   768
1592.00  0.03202  0.03178  0.00554  0.80968  -238.11079  -239.94600  4.99985   768
1593.00  0.03202  0.03178  0.00503  0.80968  -238.89204  -240.73183  4.99985   768
1594.00  0.03203  0.03178  0.00488  0.80968  -239.14229  -241.04158  4.99985   768
1595.00  0.03202  0.03178  0.00505  0.80968  -238.96681  -240.89052  4.99985   768
1596.00  0.03202  0.03178  0.00571  0.80968  -238.00398  -239.95668  4.99985   768
1597.00  0.03202  0.03178  0.00634  0.80968  -236.99690  -238.96181  4.99985   768
1598.00  0.03203  0.03178  0.00682  0.80968  -236.23091  -238.16682  4.99985   768
1599.00  0.03202  0.03178  0.00695  0.80968  -235.99135  -237.88911  4.99985   768
1600.00  0.03203  0.03178  0.00661  0.80968  -236.48268  -238.32857  4.99985   768
1601.00  0.03202  0.03178  0.00593  0.80968  -237.52638  -239.35243  4.99985   768
1602.00  0.03199  0.03178  0.00535  0.80968  -238.40224  -240.23744  4.99985   768
1603.00  0.03202  0.03178  0.00506  0.80968  -238.86610  -240.71962  4.99985   768
1604.00  0.03202  0.03178  0.00516  0.80968  -238.78981  -240.70283  4.99985   768
1605.00  0.03202  0.03178  0.00556  0.80968  -238.16725  -240.09248  4.99985   768
1606.00  0.03201  0.03178  0.00627  0.80968  -237.11745  -239.07625  4.99985   768
1607.00  0.03202  0.03178  0.00681  0.80968  -236.23549  -238.15309  4.99985   768
1608.00  0.03202  0.03178  0.00710  0.80968  -235.75178  -237.62971  4.99985   768
1609.00  0.03202  0.03178  0.00692  0.80968  -236.00203  -237.86012  4.99985   768
1610.00  0.03202  0.03178  0.00638  0.80968  -236.82600  -238.64290  4.99985   768
1611.00  0.03201  0.03178  0.00581  0.80968  -237.67897  -239.52028  4.99985   768
1612.00  0.03201  0.03178  0.00528  0.80968  -238.50752  -240.36104  4.99985   768
1613.00  0.03201  0.03178  0.00523  0.80968  -238.64485  -240.56703  4.99985   768
1614.00  0.03202  0.03178  0.00543  0.80968  -238.37782  -240.31831  4.99985   768
1615.00  0.03202  0.03178  0.00600  0.80968  -237.51265  -239.47755  4.99985   768
1616.00  0.03202  0.03178  0.00662  0.80968  -236.55135  -238.51015  4.99985   768
1617.00  0.03201  0.03178  0.00706  0.80968  -235.86470  -237.79604  4.99985   768
1618.00  0.03201  0.03178  0.00690  0.80968  -236.04933  -237.91658  4.99985   768
1619.00  0.03201  0.03178  0.00658  0.80968  -236.50404  -238.34535  4.99985   768
1620.00  0.03202  0.03178  0.00598  0.80968  -237.43483  -239.26546  4.99985   768
1621.00  0.03201  0.03178  0.00534  0.80968  -238.39003  -240.21150  4.99985   768
1622.00  0.03202  0.03178  0.00501  0.80968  -238.96986  -240.83253  4.99985   768
1623.00  0.03201  0.03178  0.00515  0.80968  -238.82033  -240.72420  4.99985   768
1624.00  0.03202  0.03178  0.00559  0.80968  -238.13826  -240.04671  4.99985   768
1625.00  0.03202  0.03178  0.00622  0.80968  -237.18764  -239.12508  4.99985   768
1626.00  0.03201  0.03178  0.00667  0.80968  -236.45521  -238.37129  4.99985   768
1627.00  0.03201  0.03178  0.00695  0.80968  -235.99745  -237.89979  4.99985   768
1628.00  0.03201  0.03178  0.00665  0.80968  -236.39113  -238.23244  4.99985   768
1629.00  0.03201  0.03178  0.00612  0.80968  -237.23341  -239.07014  4.99985   768
1630.00  0.03201  0.03178  0.00550  0.80968  -238.16725  -239.99788  4.99985   768
1631.00  0.03200  0.03178  0.00511  0.80968  -238.79134  -240.65401  4.99985   768
1632.00  0.03201  0.03178  0.00504  0.80968  -238.95003  -240.85695  4.99985   768
1633.00  0.03202  0.03178  0.00538  0.80968  -238.47090  -240.42055  4.99985   768
1634.00  0.03201  0.03178  0.00596  0.80968  -237.58589  -239.55080  4.99985   768
1635.00  0.03201  0.03178  0.00661  0.80968  -236.59712  -238.53761  4.99985   768
1636.00  0.03201  0.03178  0.00698  0.80968  -235.98982  -237.92116  4.99985   768
1637.00  0.03201  0.03178  0.00697  0.80968  -235.90437  -237.76094  4.99985   768
1638.00  0.03201  0.03178  0.00658  0.80968  -236.48268  -238.31178  4.99985   768
1639.00  0.03201  0.03178  0.00590  0.80968  -237.51112  -239.32039  4.99985   768
1640.00  0.03201  0.03178  0.00524  0.80968  -238.55940  -240.39613  4.99985   768
1641.00  0.03201  0.03178  0.00503  0.80968  -238.90120  -240.75319  4.99985   768
1642.00  0.03202  0.03178  0.00518  0.80968  -238.76387  -240.66774  4.99985   768
1643.00  0.03201  0.03178  0.00580  0.80968  -237.80867  -239.75069  4.99985   768
1644.00  0.03201  0.03178  0.00645  0.80968  -236.86873  -238.81227  4.99985   768
1645.00  0.03200  0.03178  0.00690  0.80968  -236.10731  -238.04323  4.99985   768
1646.00  0.03201  0.03178  0.00709  0.80968  -235.75789  -237.64040  4.99985   768
1647.00  0.03203  0.03178  0.00682  0.80968  -236.15309  -238.00966  4.99985   768
1648.00  0.03202  0.03178  0.00627  0.80968  -237.02284  -238.86110  4.99985   768
1649.00  0.03203  0.03178  0.00557  0.80968  -238.02687  -239.86055  4.99985   768
1650.00  0.03202  0.03178  0.00508  0.80968  -238.85542  -240.72267  4.99985   768
1651.00  0.03202  0.03178  0.00503  0.80968  -238.96834  -240.87221  4.99985   768
1652.00  0.03202  0.03178  0.00544  0.80968  -238.36714  -240.31068  4.99985   768
1653.00  0.03201  0.03178  0.00611  0.80968  -237.36769  -239.32802  4.99985   768
1654.00  0.03200  0.03178  0.00667  0.80968  -236.49641  -238.42317  4.99985   768
1655.00  0.03201  0.03178  0.00698  0.80968  -235.94099  -237.85097  4.99985   768
1656.00  0.03202  0.03178  0.00693  0.80968  -236.00508  -237.83571  4.99985   768
1657.00  0.03201  0.03178  0.00644  0.80968  -236.72682  -238.56508  4.99985   768
1658.00  0.03202  0.03178  0.00579  0.80968  -237.68202  -239.49129  4.99985   768
1659.00  0.03202  0.03178  0.00526  0.80968  -238.55330  -240.38393  4.99985   768
1660.00  0.03202  0.03178  0.00497  0.80968  -239.02632  -240.91188  4.99985   768
1661.00  0.03201  0.03178  0.00516  0.80968  -238.81117  -240.72877  4.99985   768
1662.00  0.03201  0.03178  0.00573  0.80968  -237.92769  -239.88344  4.99985   768
1663.00  0.03201  0.03178  0.00641  0.80968  -236.86415  -238.83668  4.99985   768
1664.00  0.03201  0.03178  0.00689  0.80968  -236.13173  -238.05696  4.99985   768
1665.00  0.03202  0.03178  0.00695  0.80968  -235.99898  -237.89369  4.99985   768
1666.00  0.03202  0.03178  0.00666  0.80968  -236.39113  -238.25380  4.99985   768
1667.00  0.03202  0.03178  0.00614  0.80968  -237.17390  -239.02132  4.99985   768
1668.00  0.03202  0.03178  0.00547  0.80968  -238.20387  -240.02382  4.99985   768
1669.00  0.03202  0.03178  0.00497  0.80968  -239.03090  -240.88289  4.99985   768
1670.00  0.03202  0.03178  0.00506  0.80968  -238.94087  -240.86000  4.99985   768
1671.00  0.03202  0.03178  0.00537  0.80968  -238.48463  -240.41139  4.99985   768
1672.00  0.03203  0.03178  0.00610  0.80968  -237.38295  -239.33565  4.99985   768
1673.00  0.03202  0.03178  0.00672  0.80968  -236.38960  -238.30873  4.99985   768
1674.00  0.03201  0.03178  0.00695  0.80968  -235.99898  -237.88911  4.99985   768
1675.00  0.03200  0.03178  0.00677  0.80968  -236.22328  -238.07069  4.99985   768
1676.00  0.03201  0.03178  0.00641  0.80968  -236.77565  -238.62764  4.99985   768
1677.00  0.03201  0.03178  0.00577  0.80968  -237.74306  -239.55995  4.99985   768
1678.00  0.03202  0.03178  0.00524  0.80968  -238.56551  -240.39461  4.99985   768
1679.00  0.03200  0.03178  0.00501  0.80968  -238.98207  -240.87373  4.99985   768
1680.00  0.03202  0.03178  0.00532  0.80968  -238.59907  -240.53346  4.99985   768
1681.00  0.03202  0.03178  0.00583  0.80968  -237.74153  -239.68965  4.99985   768
1682.00  0.03201  0.03178  0.00652  0.80968  -236.74666  -238.71919  4.99985   768
1683.00  0.03201  0.03178  0.00697  0.80968  -236.00355  -237.92421  4.99985   768
1684.00  0.03201  0.03178  0.00707  0.80968  -235.82960  -237.72890  4.99985   768
1685.00  0.03202  0.03178  0.00678  0.80968  -236.20650  -238.05543  4.99985   768
1686.00  0.03201  0.03178  0.00622  0.80968  -237.03963  -238.87788  4.99985   768
1687.00  0.03201  0.03178  0.00564  0.80968  -237.96736  -239.79341  4.99985   768
1688.00  0.03200  0.03178  0.00519  0.80968  -238.67689  -240.54567  4.99985   768
1689.00  0.03201  0.03178  0.00523  0.80968  -238.65553  -240.55635  4.99985   768
1690.00  0.03201  0.03178  0.00562  0.80968  -238.09553  -240.02840  4.99985   768
1691.00  0.03202  0.03178  0.00620  0.80968  -237.20137  -239.11134  4.99985   768
1692.00  0.03201  0.03178  0.00677  0.80968  -236.31789  -238.24464  4.99985   768
1693.00  0.03202  0.03178  0.00707  0.80968  -235.81435  -237.69380  4.99985   768
1694.00  0.03201  0.03178  0.00698  0.80968  -235.92726  -237.79604  4.99985   768
1695.00  0.03200  0.03178  0.00650  0.80968  -236.64748  -238.48878  4.99985   768
1696.00  0.03200  0.03178  0.00580  0.80968  -237.69575  -239.49892  4.99985   768
1697.00  0.03201  0.03178  0.00514  0.80968  -238.73335  -240.57313  4.99985   768
1698.00  0.03200  0.03178  0.00496  0.80968  -239.06294  -240.95155  4.99985   768
1699.00  0.03201  0.03178  0.00526  0.80968  -238.64027  -240.58534  4.99985   768
1700.00  0.03201  0.03178  0.00583  0.80968  -237.78273  -239.73390  4.99985   768
1701.00  0.03201  0.03178  0.00646  0.80968  -236.80159  -238.75886  4.99985   768
1702.00  0.03200  0.03178  0.00688  0.80968  -236.12562  -238.03712  4.99985   768
1703.00  0.03202  0.03178  0.00699  0.80968  -235.93336  -237.82045  4.99985   768
1704.00  0.03202  0.03178  0.00669  0.80968  -236.37892  -238.22938  4.99985   768
1705.00  0.03201  0.03178  0.00608  0.80968  -237.26393  -239.06862  4.99985   768
1706.00  0.03201  0.03178  0.00550  0.80968  -238.17183  -240.00856  4.99985   768
1707.00  0.03202  0.03178  0.00505  0.80968  -238.89357  -240.72725  4.99985   768
1708.00  0.03202  0.03178  0.00505  0.80968  -238.93477  -240.83711  4.99985   768
1709.00  0.03201  0.03178  0.00560  0.80968  -238.16115  -240.10469  4.99985   768
1710.00  0.03202  0.03178  0.00626  0.80968  -237.16017  -239.10982  4.99985   768
1711.00  0.03201  0.03178  0.00689  0.80968  -236.11952  -238.05696  4.99985   768
1712.00  0.03202  0.03178  0.00712  0.80968  -235.76399  -237.63277  4.99985   768
1713.00  0.03202  0.03178  0.00698  0.80968  -235.96083  -237.83418  4.99985   768
1714.00  0.03201  0.03178  0.00647  0.80968  -236.67342  -238.50709  4.99985   768
1715.00  0.03201  0.03178  0.00587  0.80968  -237.60115  -239.44551  4.99985   768
1716.00  0.03201  0.03178  0.00538  0.80968  -238.39918  -240.25117  4.99985   768
1717.00  0.03201  0.03178  0.00516  0.80968  -238.75777  -240.65553  4.99985   768
1718.00  0.03202  0.03178  0.00544  0.80968  -238.35493  -240.30153  4.99985   768
1719.00  0.03200  0.03178  0.00602  0.80968  -237.49892  -239.42567  4.99985   768
1720.00  0.03201  0.03178  0.00666  0.80968  -236.47200  -238.42622  4.99985   768
1721.00  0.03201  0.03178  0.00713  0.80968  -235.75331  -237.64345  4.99985   768
1722.00  0.03201  0.03178  0.00708  0.80968  -235.79756  -237.66939  4.99985   768
1723.00  0.03202  0.03178  0.00673  0.80968  -236.25838  -238.09969  4.99985   768
1724.00  0.03201  0.03178  0.00613  0.80968  -237.19527  -239.00301  4.99985   768
1725.00  0.03202  0.03178  0.00545  0.80968  -238.25117  -240.06502  4.99985   768
1726.00  0.03201  0.03178  0.00516  0.80968  -238.70741  -240.57466  4.99985   768
1727.00  0.03201  0.03178  0.00520  0.80968  -238.71352  -240.62959  4.99985   768
1728.00  0.03202  0.03178  0.00570  0.80968  -237.96126  -239.89564  4.99985   768
1729.00  0.03201  0.03178  0.00625  0.80968  -237.12050  -239.06251  4.99985   768
1730.00  0.03200  0.03178  0.00675  0.80968  -236.36977  -238.29805  4.99985   768
1731.00  0.03201  0.03178  0.00698  0.80968  -235.96541  -237.87996  4.99985   768
1732.00  0.03200  0.03178  0.00668  0.80968  -236.35756  -238.20497  4.99985   768
1733.00  0.03201  0.03178  0.00618  0.80968  -237.15254  -238.99538  4.99985   768
1734.00  0.03201  0.03178  0.00561  0.80968  -238.01161  -239.85445  4.99985   768
1735.00  0.03202  0.03178  0.00508  0.80968  -238.85237  -240.71199  4.99985   768
1736.00  0.03202  0.03178  0.00507  0.80968  -238.89204  -240.79286  4.99985   768
1737.00  0.03201  0.03178  0.00540  0.80968  -238.42207  -240.34730  4.99985   768
1738.00  0.03201  0.03178  0.00601  0.80968  -237.54011  -239.50044  4.99985   768
1739.00  0.03202  0.03178  0.00660  0.80968  -236.58491  -238.48268  4.99985   768
1740.00  0.03200  0.03178  0.00702  0.80968  -235.91658  -237.81435  4.99985   768
1741.00  0.03200  0.03178  0.00698  0.80968  -235.95473  -237.80519  4.99985   768
1742.00  0.03201  0.03178  0.00659  0.80968  -236.47658  -238.30110  4.99985   768
1743.00  0.03202  0.03178  0.00607  0.80968  -237.28377  -239.11897  4.99985   768
1744.00  0.03201  0.03178  0.00548  0.80968  -238.21608  -240.05586  4.99985   768
1745.00  0.03200  0.03178  0.00523  0.80968  -238.61891  -240.49837  4.99985   768
1746.00  0.03200  0.03178  0.00530  0.80968  -238.57161  -240.49532  4.99985   768
1747.00  0.03202  0.03178  0.00589  0.80968  -237.67592  -239.65456  4.99985   768
1748.00  0.03201  0.03178  0.00647  0.80968  -236.80769  -238.74361  4.99985   768
1749.00  0.03201  0.03178  0.00697  0.80968  -236.01271  -237.95930  4.99985   768
1750.00  0.03200  0.03178  0.00720  0.80968  -235.60835  -237.51527  4.99985   768
1751.00  0.03201  0.03178  0.00688  0.80968  -236.06154  -237.90895  4.99985   768
1752.00  0.03200  0.03178  0.00626  0.80968  -236.99080  -238.82295  4.99985   768
1753.00  0.03200  0.03178  0.00571  0.80968  -237.84224  -239.68507  4.99985   768
1754.00  0.03202  0.03178  0.00521  0.80968  -238.62196  -240.46022  4.99985   768
1755.00  0.03201  0.03178  0.00514  0.80968  -238.80812  -240.68452  4.99985   768
1756.00  0.03201  0.03178  0.00554  0.80968  -238.22066  -240.15047  4.99985   768
1757.00  0.03202  0.03178  0.00613  0.80968  -237.32954  -239.26698  4.99985   768
1758.00  0.03200  0.03178  0.00660  0.80968  -236.60628  -238.51930  4.99985   768
1759.00  0.03201  0.03178  0.00695  0.80968  -236.01576  -237.91963  4.99985   768
1760.00  0.03201  0.03178  0.00696  0.80968  -235.93184  -237.81282  4.99985   768
1761.00  0.03200  0.03178  0.00651  0.80968  -236.59254  -238.42470  4.99985   768
1762.00  0.03200  0.03178  0.00586  0.80968  -237.61488  -239.45467  4.99985   768
1763.00  0.03200  0.03178  0.00527  0.80968  -238.54872  -240.37477  4.99985   768
1764.00  0.03202  0.03178  0.00499  0.80968  -239.02937  -240.92104  4.99985   768
1765.00  0.03200  0.03178  0.00519  0.80968  -238.76234  -240.68758  4.99985   768
1766.00  0.03202  0.03178  0.00576  0.80968  -237.93990  -239.89564  4.99985   768
1767.00  0.03202  0.03178  0.00638  0.80968  -236.92671  -238.86415  4.99985   768
1768.00  0.03201  0.03178  0.00687  0.80968  -236.17445  -238.10579  4.99985   768
1769.00  0.03201  0.03178  0.00703  0.80968  -235.88454  -237.76552  4.99985   768
1770.00  0.03202  0.03178  0.00669  0.80968  -236.34993  -238.19429  4.99985   768
1771.00  0.03201  0.03178  0.00621  0.80968  -237.08540  -238.89772  4.99985   768
1772.00  0.03201  0.03178  0.00562  0.80968  -237.97499  -239.78578  4.99985   768
1773.00  0.03202  0.03178  0.00517  0.80968  -238.70436  -240.55635  4.99985   768
1774.00  0.03201  0.03178  0.00512  0.80968  -238.83406  -240.70283  4.99985   768
1775.00  0.03201  0.03178  0.00555  0.80968  -238.19624  -240.11537  4.99985   768
1776.00  0.03202  0.03178  0.00622  0.80968  -237.19069  -239.14033  4.99985   768
1777.00  0.03201  0.03178  0.00683  0.80968  -236.21413  -238.14851  4.99985   768
1778.00  0.03201  0.03178  0.00707  0.80968  -235.81740  -237.70906  4.99985   768
1779.00  0.03201  0.03178  0.00688  0.80968  -236.06459  -237.92116  4.99985   768
1780.00  0.03201  0.03178  0.00648  0.80968  -236.68104  -238.51320  4.99985   768
1781.00  0.03201  0.03178  0.00584  0.80968  -237.67744  -239.52028  4.99985   768
1782.00  0.03199  0.03178  0.00527  0.80968  -238.50752  -240.33968  4.99985   768
1783.00  0.03201  0.03178  0.00503  0.80968  -238.97749  -240.87678  4.99985   768
1784.00  0.03201  0.03178  0.00533  0.80968  -238.51973  -240.45412  4.99985   768
1785.00  0.03200  0.03178  0.00584  0.80968  -237.75069  -239.70491  4.99985   768
1786.00  0.03201  0.03178  0.00655  0.80968  -236.67494  -238.61543  4.99985   768
1787.00  0.03201  0.03178  0.00698  0.80968  -235.97304  -237.87538  4.99985   768
1788.00  0.03201  0.03178  0.00700  0.80968  -235.89522  -237.75941  4.99985   768
1789.00  0.03201  0.03178  0.00657  0.80968  -236.50099  -238.32857  4.99985   768
1790.00  0.03201  0.03178  0.00612  0.80968  -237.23494  -239.06862  4.99985   768
1791.00  0.03201  0.03178  0.00541  0.80968  -238.28169  -240.09859  4.99985   768
1792.00  0.03201  0.03178  0.00510  0.80968  -238.83559  -240.70741  4.99985   768
1793.00  0.03201  0.03178  0.00515  0.80968  -238.76845  -240.65858  4.99985   768
1794.00  0.03202  0.03178  0.00561  0.80968  -238.11079  -240.04823  4.99985   768
1795.00  0.03200  0.03178  0.00622  0.80968  -237.20137  -239.13423  4.99985   768
1796.00  0.03201  0.03178  0.00686  0.80968  -236.22023  -238.17140  4.99985   768
1797.00  0.03200  0.03178  0.00707  0.80968  -235.80366  -237.69075  4.99985   768
1798.00  0.03200  0.03178  0.00691  0.80968  -236.03407  -237.90742  4.99985   768
1799.00  0.03201  0.03178  0.00635  0.80968  -236.89619  -238.73292  4.99985   768
1800.00  0.03200  0.03178  0.00576  0.80968  -237.75221  -239.58894  4.99985   768
1801.00  0.03200  0.03178  0.00519  0.80968  -238.65401  -240.49379  4.99985   768
1802.00  0.03201  0.03178  0.00504  0.80968  -238.94240  -240.85237  4.99985   768
1803.00  0.03201  0.03178  0.00530  0.80968  -238.56856  -240.49226  4.99985   768
1804.00  0.03201  0.03178  0.00590  0.80968  -237.66524  -239.61946  4.99985   768
1805.00  0.03200  0.03178  0.00661  0.80968  -236.58034  -238.52083  4.99985   768
1806.00  0.03201  0.03178  0.00697  0.80968  -235.99135  -237.88911  4.99985   768
1807.00  0.03200  0.03178  0.00704  0.80968  -235.82960  -237.68770  4.99985   768
1808.00  0.03201  0.03178  0.00668  0.80968  -236.39265  -238.21413  4.99985   768
1809.00  0.03202  0.03178  0.00613  0.80968  -237.20290  -239.02284  4.99985   768
1810.00  0.03201  0.03178  0.00546  0.80968  -238.21150  -240.02840  4.99985   768
1811.00  0.03200  0.03178  0.00510  0.80968  -238.80812  -240.65858  4.99985   768
1812.00  0.03199  0.03178  0.00509  0.80968  -238.86458  -240.75624  4.99985   768
1813.00  0.03201  0.03178  0.00562  0.80968  -238.12300  -240.06654  4.99985   768
1814.00  0.03201  0.03178  0.00629  0.80968  -237.12202  -239.08845  4.99985   768
1815.00  0.03199  0.03178  0.00681  0.80968  -236.26448  -238.20497  4.99985   768
1816.00  0.03200  0.03178  0.00715  0.80968  -235.70601  -237.62819  4.99985   768
1817.00  0.03199  0.03178  0.00694  0.80968  -236.01118  -237.86165  4.99985   768
1818.00  0.03201  0.03178  0.00655  0.80968  -236.55135  -238.39571  4.99985   768
1819.00  0.03201  0.03178  0.00579  0.80968  -237.70338  -239.50655  4.99985   768
1820.00  0.03201  0.03178  0.00527  0.80968  -238.52888  -240.37935  4.99985   768
1821.00  0.03201  0.03178  0.00516  0.80968  -238.75929  -240.63875  4.99985   768
1822.00  0.03202  0.03178  0.00533  0.80968  -238.49379  -240.39918  4.99985   768
1823.00  0.03202  0.03178  0.00598  0.80968  -237.56758  -239.50960  4.99985   768
1824.00  0.03200  0.03178  0.00659  0.80968  -236.60323  -238.52083  4.99985   768
1825.00  0.03200  0.03178  0.00703  0.80968  -235.87233  -237.76552  4.99985   768
1826.00  0.03201  0.03178  0.00720  0.80968  -235.62056  -237.51070  4.99985   768
1827.00  0.03202  0.03178  0.00687  0.80968  -236.06459  -237.92116  4.99985   768
1828.00  0.03201  0.03178  0.00622  0.80968  -237.05183  -238.87636  4.99985   768
1829.00  0.03200  0.03178  0.00562  0.80968  -237.98720  -239.83156  4.99985   768
1830.00  0.03201  0.03178  0.00526  0.80968  -238.54414  -240.41902  4.99985   768
1831.00  0.03201  0.03178  0.00530  0.80968  -238.58076  -240.49684  4.99985   768
1832.00  0.03200  0.03178  0.00567  0.80968  -238.01924  -239.96431  4.99985   768
1833.00  0.03200  0.03178  0.00641  0.80968  -236.88704  -238.84584  4.99985   768
1834.00  0.03201  0.03178  0.00689  0.80968  -236.10579  -238.04323  4.99985   768
1835.00  0.03200  0.03178  0.00709  0.80968  -235.80977  -237.71211  4.99985   768
1836.00  0.03201  0.03178  0.00692  0.80968  -235.99745  -237.83876  4.99985   768
1837.00  0.03201  0.03178  0.00641  0.80968  -236.78480  -238.62459  4.99985   768
1838.00  0.03199  0.03178  0.00582  0.80968  -237.68050  -239.47908  4.99985   768
1839.00  0.03201  0.03178  0.00525  0.80968  -238.60060  -240.45869  4.99985   768
1840.00  0.03202  0.03178  0.00519  0.80968  -238.68758  -240.56551  4.99985   768
1841.00  0.03200  0.03178  0.00544  0.80968  -238.35188  -240.26491  4.99985   768
1842.00  0.03200  0.03178  0.00604  0.80968  -237.45314  -239.37685  4.99985   768
1843.00  0.03202  0.03178  0.00671  0.80968  -236.44911  -238.39265  4.99985   768
1844.00  0.03200  0.03178  0.00702  0.80968  -235.90132  -237.80977  4.99985   768
1845.00  0.03200  0.03178  0.00705  0.80968  -235.84181  -237.71822  4.99985   768
1846.00  0.03201  0.03178  0.00668  0.80968  -236.34840  -238.19276  4.99985   768
1847.00  0.03201  0.03178  0.00606  0.80968  -237.27919  -239.11134  4.99985   768
1848.00  0.03201  0.03178  0.00550  0.80968  -238.20082  -240.05281  4.99985   768
1849.00  0.03201  0.03178  0.00520  0.80968  -238.66164  -240.54262  4.99985   768
1850.00  0.03202  0.03178  0.00538  0.80968  -238.43733  -240.36562  4.99985   768
1851.00  0.03200  0.03178  0.00587  0.80968  -237.75832  -239.71407  4.99985   768
1852.00  0.03201  0.03178  0.00657  0.80968  -236.65968  -238.61543  4.99985   768
1853.00  0.03200  0.03178  0.00717  0.80968  -235.68465  -237.60835  4.99985   768
1854.00  0.03199  0.03178  0.00730  0.80968  -235.43135  -237.31233  4.99985   768
1855.00  0.03201  0.03178  0.00701  0.80968  -235.84334  -237.68617  4.99985   768
1856.00  0.03201  0.03178  0.00649  0.80968  -236.64137  -238.45979  4.99985   768
1857.00  0.03202  0.03178  0.00582  0.80968  -237.65150  -239.43941  4.99985   768
1858.00  0.03200  0.03178  0.00538  0.80968  -238.35493  -240.19777  4.99985   768
1859.00  0.03201  0.03178  0.00531  0.80968  -238.52736  -240.42512  4.99985   768
1860.00  0.03201  0.03178  0.00560  0.80968  -238.13521  -240.04213  4.99985   768
1861.00  0.03200  0.03178  0.00630  0.80968  -237.06099  -239.00911  4.99985   768
1862.00  0.03201  0.03178  0.00691  0.80968  -236.12257  -238.05849  4.99985   768
1863.00  0.03200  0.03178  0.00721  0.80968  -235.59309  -237.51680  4.99985   768
1864.00  0.03200  0.03178  0.00719  0.80968  -235.62971  -237.50307  4.99985   768
1865.00  0.03200  0.03178  0.00670  0.80968  -236.31331  -238.16377  4.99985   768
1866.00  0.03201  0.03178  0.00609  0.80968  -237.22273  -239.05641  4.99985   768
1867.00  0.03200  0.03178  0.00551  0.80968  -238.15504  -240.00246  4.99985   768
1868.00  0.03201  0.03178  0.00512  0.80968  -238.81422  -240.69368  4.99985   768
1869.00  0.03201  0.03178  0.00531  0.80968  -238.56856  -240.48616  4.99985   768
1870.00  0.03202  0.03178  0.00583  0.80968  -237.77205  -239.73085  4.99985   768
1871.00  0.03202  0.03178  0.00647  0.80968  -236.77107  -238.70393  4.99985   768
1872.00  0.03200  0.03178  0.00696  0.80968  -236.02797  -237.93489  4.99985   768
1873.00  0.03201  0.03178  0.00705  0.80968  -235.84334  -237.70448  4.99985   768
1874.00  0.03202  0.03178  0.00686  0.80968  -236.10274  -237.93489  4.99985   768
1875.00  0.03200  0.03178  0.00626  0.80968  -236.99385  -238.82295  4.99985   768
1876.00  0.03200  0.03178  0.00568  0.80968  -237.90480  -239.72169  4.99985   768
1877.00  0.03200  0.03178  0.00534  0.80968  -238.45717  -240.33510  4.99985   768
1878.00  0.03199  0.03178  0.00527  0.80968  -238.57313  -240.47243  4.99985   768
1879.00  0.03199  0.03178  0.00568  0.80968  -237.99940  -239.95210  4.99985   768
1880.00  0.03200  0.03178  0.00631  0.80968  -237.03963  -238.98622  4.99985   768
1881.00  0.03200  0.03178  0.00687  0.80968  -236.18513  -238.13325  4.99985   768
1882.00  0.03200  0.03178  0.00716  0.80968  -235.67549  -237.59462  4.99985   768
1883.00  0.03201  0.03178  0.00720  0.80968  -235.60072  -237.48781  4.99985   768
1884.00  0.03199  0.03178  0.00680  0.80968  -236.18361  -238.02644  4.99985   768
1885.00  0.03200  0.03178  0.00612  0.80968  -237.22273  -239.03200  4.99985   768
1886.00  0.03200  0.03178  0.00554  0.80968  -238.11079  -239.97194  4.99985   768
1887.00  0.03199  0.03178  0.00526  0.80968  -238.60060  -240.47090  4.99985   768
1888.00  0.03201  0.03178  0.00547  0.80968  -238.27711  -240.19167  4.99985   768
1889.00  0.03201  0.03178  0.00602  0.80968  -237.49586  -239.43330  4.99985   768
1890.00  0.03202  0.03178  0.00669  0.80968  -236.42927  -238.34840  4.99985   768
1891.00  0.03200  0.03178  0.00699  0.80968  -235.95320  -237.84181  4.99985   768
1892.00  0.03201  0.03178  0.00705  0.80968  -235.81892  -237.68922  4.99985   768
1893.00  0.03200  0.03178  0.00672  0.80968  -236.30110  -238.13631  4.99985   768
1894.00  0.03200  0.03178  0.00606  0.80968  -237.30513  -239.12202  4.99985   768
1895.00  0.03200  0.03178  0.00533  0.80968  -238.43886  -240.26338  4.99985   768
1896.00  0.03201  0.03178  0.00490  0.80968  -239.11635  -240.98054  4.99985   768
1897.00  0.03201  0.03178  0.00493  0.80968  -239.12703  -241.04616  4.99985   768
1898.00  0.03201  0.03178  0.00533  0.80968  -238.57161  -240.51210  4.99985   768
1899.00  0.03201  0.03178  0.00596  0.80968  -237.58894  -239.55385  4.99985   768
1900.00  0.03201  0.03178  0.00661  0.80968  -236.58491  -238.52388  4.99985   768
1901.00  0.03201  0.03178  0.00687  0.80968  -236.14394  -238.04628  4.99985   768
1902.00  0.03201  0.03178  0.00664  0.80968  -236.42775  -238.28279  4.99985   768
1903.00  0.03202  0.03178  0.00624  0.80968  -237.03810  -238.88399  4.99985   768
1904.00  0.03202  0.03178  0.00562  0.80968  -237.99177  -239.79494  4.99985   768
1905.00  0.03201  0.03178  0.00499  0.80968  -238.96071  -240.79591  4.99985   768
1906.00  0.03201  0.03178  0.00484  0.80968  -239.23231  -241.11482  4.99985   768
1907.00  0.03200  0.03178  0.00507  0.80968  -238.90272  -240.81422  4.99985   768
1908.00  0.03201  0.03178  0.00564  0.80968  -238.05891  -240.00093  4.99985   768
1909.00  0.03202  0.03178  0.00637  0.80968  -236.95875  -238.90382  4.99985   768
1910.00  0.03201  0.03178  0.00689  0.80968  -236.14088  -238.04628  4.99985   768
1911.00  0.03201  0.03178  0.00693  0.80968  -236.02492  -237.90437  4.99985   768
1912.00  0.03201  0.03178  0.00662  0.80968  -236.44606  -238.29042  4.99985   768
1913.00  0.03201  0.03178  0.00600  0.80968  -237.37379  -239.19832  4.99985   768
1914.00  0.03201  0.03178  0.00543  0.80968  -238.29695  -240.15657  4.99985   768
1915.00  0.03200  0.03178  0.00503  0.80968  -238.93019  -240.78371  4.99985   768
1916.00  0.03201  0.03178  0.00513  0.80968  -238.78218  -240.69673  4.99985   768
1917.00  0.03200  0.03178  0.00560  0.80968  -238.13216  -240.09859  4.99985   768
1918.00  0.03200  0.03178  0.00633  0.80968  -237.03352  -238.99080  4.99985   768
1919.00  0.03201  0.03178  0.00687  0.80968  -236.18208  -238.11494  4.99985   768
1920.00  0.03201  0.03178  0.00705  0.80968  -235.83876  -237.72584  4.99985   768
1921.00  0.03200  0.03178  0.00686  0.80968  -236.06764  -237.89827  4.99985   768
1922.00  0.03202  0.03178  0.00644  0.80968  -236.74513  -238.59102  4.99985   768
1923.00  0.03200  0.03178  0.00564  0.80968  -237.94295  -239.72932  4.99985   768
1924.00  0.03201  0.03178  0.00525  0.80968  -238.57924  -240.42818  4.99985   768
1925.00  0.03201  0.03178  0.00514  0.80968  -238.79286  -240.66469  4.99985   768
1926.00  0.03201  0.03178  0.00534  0.80968  -238.49226  -240.40834  4.99985   768
1927.00  0.03201  0.03178  0.00600  0.80968  -237.55232  -239.51417  4.99985   768
1928.00  0.03202  0.03178  0.00668  0.80968  -236.45521  -238.40333  4.99985   768
1929.00  0.03201  0.03178  0.00706  0.80968  -235.88148  -237.79909  4.99985   768
1930.00  0.03202  0.03178  0.00710  0.80968  -235.76399  -237.63429  4.99985   768
1931.00  0.03200  0.03178  0.00670  0.80968  -236.31178  -238.15919  4.99985   768
1932.00  0.03200  0.03178  0.00598  0.80968  -237.42873  -239.25935  4.99985   768
1933.00  0.03200  0.03178  0.00545  0.80968  -238.25880  -240.11079  4.99985   768
1934.00  0.03200  0.03178  0.00508  0.80968  -238.86153  -240.73030  4.99985   768
1935.00  0.03199  0.03178  0.00518  0.80968  -238.75166  -240.67384  4.99985   768
1936.00  0.03201  0.03178  0.00574  0.80968  -237.95058  -239.90175  4.99985   768
1937.00  0.03201  0.03178  0.00644  0.80968  -236.82143  -238.77718  4.99985   768
1938.00  0.03201  0.03178  0.00706  0.80968  -235.88454  -237.80366  4.99985   768
1939.00  0.03200  0.03178  0.00739  0.80968  -235.33064  -237.22383  4.99985   768
1940.00  0.03201  0.03178  0.00712  0.80968  -235.67702  -237.50459  4.99985   768
1941.00  0.03201  0.03178  0.00660  0.80968  -236.45216  -238.25990  4.99985   768
1942.00  0.03202  0.03178  0.00589  0.80968  -237.52943  -239.35854  4.99985   768
1943.00  0.03201  0.03178  0.00545  0.80968  -238.28017  -240.12758  4.99985   768
1944.00  0.03200  0.03178  0.00531  0.80968  -238.50752  -240.38698  4.99985   768
1945.00  0.03201  0.03178  0.00564  0.80968  -238.08943  -240.01009  4.99985   768
1946.00  0.03200  0.03178  0.00631  0.80968  -237.04420  -239.01216  4.99985   768
1947.00  0.03201  0.03178  0.00698  0.80968  -236.02034  -237.97456  4.99985   768
1948.00  0.03200  0.03178  0.00739  0.80968  -235.32606  -237.25740  4.99985   768
1949.00  0.03201  0.03178  0.00740  0.80968  -235.29707  -237.18263  4.99985   768
1950.00  0.03201  0.03178  0.00704  0.80968  -235.82045  -237.66634  4.99985   768
1951.00  0.03200  0.03178  0.00639  0.80968  -236.76039  -238.57118  4.99985   768
1952.00  0.03201  0.03178  0.00577  0.80968  -237.77510  -239.61793  4.99985   768
1953.00  0.03199  0.03178  0.00536  0.80968  -238.41292  -240.27406  4.99985   768
1954.00  0.03202  0.03178  0.00550  0.80968  -238.27864  -240.19624  4.99985   768
1955.00  0.03200  0.03178  0.00601  0.80968  -237.51875  -239.42415  4.99985   768
1956.00  0.03202  0.03178  0.00670  0.80968  -236.45064  -238.40181  4.99985   768
1957.00  0.03202  0.03178  0.00722  0.80968  -235.62971  -237.54274  4.99985   768
1958.00  0.03201  0.03178  0.00750  0.80968  -235.12617  -237.00868  4.99985   768
1959.00  0.03200  0.03178  0.00723  0.80968  -235.54732  -237.40236  4.99985   768
1960.00  0.03200  0.03178  0.00671  0.80968  -236.27211  -238.10426  4.99985   768
1961.00  0.03201  0.03178  0.00607  0.80968  -237.30513  -239.11745  4.99985   768
1962.00  0.03200  0.03178  0.00554  0.80968  -238.11079  -239.96736  4.99985   768
1963.00  0.03201  0.03178  0.00542  0.80968  -238.38545  -240.25728  4.99985   768
1964.00  0.03201  0.03178  0.00577  0.80968  -237.89107  -239.84071  4.99985   768
1965.00  0.03200  0.03178  0.00634  0.80968  -237.01216  -238.97249  4.99985   768
1966.00  0.03202  0.03178  0.00700  0.80968  -235.98067  -237.92421  4.99985   768
1967.00  0.03200  0.03178  0.00741  0.80968  -235.33217  -237.26198  4.99985   768
1968.00  0.03200  0.03178  0.00733  0.80968  -235.40083  -237.26503  4.99985   768
1969.00  0.03201  0.03178  0.00696  0.80968  -235.93947  -237.77772  4.99985   768
1970.00  0.03199  0.03178  0.00641  0.80968  -236.79549  -238.61391  4.99985   768
1971.00  0.03200  0.03178  0.00568  0.80968  -237.87276  -239.69270  4.99985   768
1972.00  0.03200  0.03178  0.00546  0.80968  -238.32442  -240.19777  4.99985   768
1973.00  0.03200  0.03178  0.00558  0.80968  -238.10469  -239.99940  4.99985   768
1974.00  0.03201  0.03178  0.00610  0.80968  -237.36769  -239.31734  4.99985   768
1975.00  0.03201  0.03178  0.00684  0.80968  -236.25380  -238.18971  4.99985   768
1976.00  0.03201  0.03178  0.00725  0.80968  -235.54274  -237.44966  4.99985   768
1977.00  0.03201  0.03178  0.00744  0.80968  -235.28334  -237.16737  4.99985   768
1978.00  0.03201  0.03178  0.00713  0.80968  -235.67854  -237.52138  4.99985   768
1979.00  0.03200  0.03178  0.00660  0.80968  -236.49184  -238.31636  4.99985   768
1980.00  0.03201  0.03178  0.00600  0.80968  -237.41347  -239.27461  4.99985   768
1981.00  0.03200  0.03178  0.00547  0.80968  -238.26033  -240.10927  4.99985   768
1982.00  0.03201  0.03178  0.00542  0.80968  -238.37477  -240.28322  4.99985   768
1983.00  0.03202  0.03178  0.00577  0.80968  -237.89412  -239.82393  4.99985   768
1984.00  0.03201  0.03178  0.00637  0.80968  -236.95723  -238.89925  4.99985   768
1985.00  0.03200  0.03178  0.00693  0.80968  -236.11342  -238.04628  4.99985   768
1986.00  0.03200  0.03178  0.00723  0.80968  -235.59004  -237.49849  4.99985   768
1987.00  0.03201  0.03178  0.00714  0.80968  -235.66481  -237.51833  4.99985   768
1988.00  0.03201  0.03178  0.00663  0.80968  -236.43996  -238.26906  4.99985   768
1989.00  0.03200  0.03178  0.00603  0.80968  -237.31581  -239.12508  4.99985   768
1990.00  0.03201  0.03178  0.00548  0.80968  -238.20692  -240.03450  4.99985   768
1991.00  0.03201  0.03178  0.00513  0.80968  -238.79744  -240.66316  4.99985   768
1992.00  0.03201  0.03178  0.00538  0.80968  -238.44954  -240.36256  4.99985   768
1993.00  0.03201  0.03178  0.00606  0.80968  -237.42720  -239.38142  4.99985   768
1994.00  0.03202  0.03178  0.00676  0.80968  -236.33620  -238.29042  4.99985   768
1995.00  0.03201  0.03178  0.00724  0.80968  -235.57326  -237.50459  4.99985   768
1996.00  0.03200  0.03178  0.00727  0.80968  -235.49696  -237.37947  4.99985   768
1997.00  0.03201  0.03178  0.00696  0.80968  -235.92268  -237.77467  4.99985   768
1998.00  0.03199  0.03178  0.00643  0.80968  -236.74666  -238.58491  4.99985   768
1999.00  0.03200  0.03178  0.00577  0.80968  -237.74916  -239.59199  4.99985   768
2000.00  0.03650  0.04890  0.00526  0.80968  -238.51057  -240.34273  4.99985   768
2001.00  0.04656  0.04890  0.00662  0.80968  -236.88856  -239.08845  4.99985   768
2002.00  0.04718  0.04890  0.00983  0.80968  -231.81349  -233.92335  4.99985   768
2003.00  0.04740  0.04890  0.00976  0.80968  -231.55562  -233.31605  4.99985   768
2004.00  0.04753  0.04890  0.01116  0.80968  -229.77034  -231.89851  4.99985   768
