ASI 600A Data File
Created: Wed May  8 16:20:49 2024
A/D Sampling Rate: 1000 Hz
Comment: Mouse CP512 Cell 5
Width 0.0465
Thick 0.0232
After Activation
Width 0.0
Thick 0.0
*** Setup Parameters ***
Length Controller: 315C
Force Transducer: 406A
Initial Length: 0.0489 mm
Minimum Length: -5 Lo
Maximum Length: 5 Lo
Fiber Length: 0.0489 mm
Initial Sarcomere Length: 0 um
Diameter: 1.91919 mm
Maximum Tetanic Tension: 3 mN
Calibrate FC step size:  -20 um
Calibrate FC ramp time:  100 ms
Calibrate FC hold time:  200 ms
Force Gain-Factor:       0.6
Force Integral-Constant: 0.26 ms
Force Filter-Constant:   0.2 ms
Constant Stiffness Range: 100
dF/dL measured at Force:  34522 adu
Fiber Stiffness (adu):    0
Fiber Stiffness (mN/mm):  0
SL Gain-Factor:           0.25
SL Integral-Constant:     0.1 ms
SL Filter-Constant:       0 ms
SL Stiffness (adu):       0.3
SL Stiffness (um/mm):     1
ADC0 Offset: -28.840 mv
ADC1 Offset: -28.840 mv
DAC0 Offset: 3.336 mv
DAC1 Offset: -3.588 mv
Panel 1 size: 2
Panel 2 size: 4
Panel 3 size: 2
Panel 4 size: 5
Panel 1 signal: 0
Panel 2 signal: 1
Panel 3 signal: 2
Panel 4 signal: 6
Background (0/1): 0
Length In color:  16395263
Force  In color:  16717330
SL     In color:  16771867
Aux1   In color:  1769257
Length Out color:  255
Force  Out color:  255
Stim   Out color:  16777215
Aux2   In  color:  16747283
Length Units: um
Force Units: mN
Time Units: ms
Sarcomere Length Units: um
Scope Display1: 0
Scope Display2: 2
AUX Channels Scope Display: 0
Scope Timebase: 1
Scope Vscale:   0
Scope Lunit:    1
Scope Lmin:     0.026370
Scope Lmax:     0.026470
Scope Funit:    0
Scope Fmin:     0.157780
Scope Fmax:     0.157960
Scope AUX1_min:     10.000000
Scope AUX1_max:     16.000000
Scope AUX2_min:     8.000000
Scope AUX2_max:     14.000000
Scope L Data Scale:     1.651868
Scope F Data Scale:     0.225000
Scope AUX1 Data Scale:     1.000000
Scope AUX2 Data Scale:     1.000000
Scope SL Data Scale:     1.000000
Scope Sunit:    0
Analysis Lunit: 4
Analysis Funit: 0
Analysis Tunit: 0
Analysis Channels: 101000000010000
Analysis Readout: 1
Analysis Gaussian Filter Kernel Size (Lin):     201
Analysis Gaussian Filter Kernel Size (Fin):     50
Analysis Gaussian Filter Kernel Size (Aux1):    201
Analysis Gaussian Filter Kernel Size (Aux2):    201
Analysis Gaussian Filter Standard Deviation (Lin):     1.0
Analysis Gaussian Filter Standard Deviation (Fin):     1.0
Analysis Gaussian Filter Standard Deviation (Aux1):    1.0
Analysis Gaussian Filter Standard Deviation (Aux2):    1.0
Aux1 Name: Aux1
Aux1 Units: C
Aux1 Scale (units/volt): 100.000000
Aux1 Offset (units): 2.000000
Aux2 Name: Aux2
Aux2 Units: mv
Aux2 Scale (units/volt): 100
Aux2 Offset (units): 0
 *** Cantilever Properties ***
Cantilever Stiffness Calculation Method: 2
Cantilever Stiffness (N/m): -1.000
Cantilever Length (um): 450.000
Cantilever Thickness (um): 2.000
Cantilever Width 1 (um): 50.000
Cantilever Width 2 (um): 50.000
Cantilever Elasticity (GPa): 160.000
 *** ASI804A Test Window Properties ***
ASI804A Vscale: 0
ASI804A Timebase: 0
ASI804A Sampling Rate: 0
ASI804A Scope L_min:     999.800000
ASI804A Scope L_max:     1000.200000
ASI804A Scope F_min:     -0.040000
ASI804A Scope F_max:     0.020000
ASI804A Scope log10Rario_min:     -0.063875
ASI804A Scope log10Ratio_max:     -0.063650
ASI804A Scope L Scale Units:    4
ASI804A Scope F Scale Units:    0
ASI804A Scope L Scale:     1.000000
ASI804A Scope F Scale:     1.000000
ASI804A Scope log10Ratio Scale:     0.500000
ASI804A Data Files Directory: /home/asi/data
ASI804A Data Files Name: atp_datafile
ASI804A Font: Liberation Sans
ASI804A Font Size: 24
ASI804A pCa Combo Size: 0
ASI804A pCa Combo Active: -1
 *** Additional devices ***
ASI802D Bath Controller: 0
ASI804A ATPase Controller: 1
*** Calibration Parameters ***
Model  LOoffset  LOscale  LIoffset  LIscale  FOoffset  FOscale  FIoffset  FIscale
Number 	mm        mm/v	   mm        mm/v     mN        mN/v     mN        mN/v
308B	 0	 0.2	 0	 0.2	 0	 1	 0	 1
312C	 0	 0.15	 0	 0.15	 0	 1	 0	 1
315C	 0	 0.15	 0	 0.15	 0	 1	 0	 1
318B	 0	 0.3	 0	 0.3	 0	 1	 0	 1
322C	 0	 0.3	 0	 0.3	 0	 1	 0	 1
340A	 0	 0.005	 0	 0.005	 0	 1	 0	 1
300C	 0	 0.5	 0	 0.5	 0	 50	 0	 50
300C-LR	 0	 0.5	 0	 0.5	 0	 100	 0	 100
305C	 0	 1	 0	 1	 0	 500	 0	 500
305C-LR	 0	 1	 0	 1	 0	 1000	 0	 1000
309C	 0	 1.25	 0	 1.25	 0	 2000	 0	 2000
310C	 0	 2	 0	 2	 0	 5000	 0	 5000
310C-LR	 0	 2	 0	 2	 0	 10000	 0	 10000
???	 0	 1	 0	 1	 0	 1	 0	 1
400A	 0	 1	 0	 1	 0	 5	 0	 5
402A	 0	 1	 0	 1	 0	 50	 0	 50
403A-CF	 0	 1	 0	 1	 0	 0.2	 0	 0.2
403A	 0	 1	 0	 1	 0	 0.5	 0	 0.5
404A	 0	 1	 0	 1	 0	 10	 0	 10
405A	 0	 1	 0	 1	 0	 1	 0	 1
406A	 0	 1	 0	 1	 0.16	 0.06497	 0.16	 0.06497
407A	 0	 1	 0	 1	 0	 100	 0	 100
470A	 0	 1	 0	 1	 0	 1	 0	 1
other	 0	 1	 0	 1	 0	 1	 0	 1
none	 0	 1	 0	 1	 0	 1	 0	 1
*** Test Protocol Parameters ***
A/D Sampling Rate: 1000 Hz
Comment: Length Discrete Sine protocol for stiffness testing
Minimum Length: -5.000 (Lo)
Maximum Length: 5.000 (Lo)
PD Deadband:    0.000000 mN
Stimulus 01: 0.3 ms 100.000 Hz 10.0 ms 50.000 Hz 0.100 s
Stimulus 02: 1.2 ms 100.000 Hz 20.0 ms 2.000 Hz 100.000 s
Stimulus 03: 1.3 ms 100.000 Hz 20.0 ms 2.000 Hz 100.000 s
Stimulus 04: 1.4 ms 100.000 Hz 20.0 ms 2.000 Hz 100.000 s
Stimulus 05: 1.5 ms 100.000 Hz 20.0 ms 2.000 Hz 100.000 s
Stimulus 06: 1.6 ms 100.000 Hz 20.0 ms 2.000 Hz 100.000 s
Stimulus 07: 1.7 ms 100.000 Hz 20.0 ms 2.000 Hz 100.000 s
Stimulus 08: 1.8 ms 100.000 Hz 20.0 ms 2.000 Hz 100.000 s
Stimulus 09: 1.9 ms 100.000 Hz 20.0 ms 2.000 Hz 100.000 s
Stimulus 10: 2.2 ms 100.000 Hz 20.0 ms 2.000 Hz 100.000 s
Time (ms)	Control Function	Options
      0.0	Data-Enable		
    200.0	Length-Step		 0.65 Lo
   2000.0	Length-Step		 1 Lo
   2005.0	Data-Disable		
      0.0	Stop		
*** Force and Length Signals vs Time ***
Time (ms)  Lin (mm)  Lout (mm)  Fin (mN)  Fout (mN)  Aux1 C  Aux2 mv  SL (um)   Stimulus/Triggers
0.00  0.04864  0.04890  0.02020  0.80968  -215.57966  -217.44996  4.99985   768
1.00  0.04865  0.04890  0.01981  0.80968  -216.18696  -218.03895  4.99985   768
2.00  0.04864  0.04890  0.01928  0.80968  -217.03078  -218.87056  4.99985   768
3.00  0.04863  0.04890  0.01876  0.80968  -217.82576  -219.67927  4.99985   768
4.00  0.04863  0.04890  0.01851  0.80968  -218.23622  -220.12025  4.99985   768
5.00  0.04865  0.04890  0.01865  0.80968  -218.08668  -219.97835  4.99985   768
6.00  0.04865  0.04890  0.01908  0.80968  -217.38325  -219.32832  4.99985   768
7.00  0.04864  0.04890  0.01961  0.80968  -216.52418  -218.45247  4.99985   768
8.00  0.04865  0.04890  0.02004  0.80968  -215.90773  -217.79329  4.99985   768
9.00  0.04864  0.04890  0.02025  0.80968  -215.58424  -217.46828  4.99985   768
10.00  0.04865  0.04890  0.01994  0.80968  -216.04048  -217.87416  4.99985   768
11.00  0.04864  0.04890  0.01950  0.80968  -216.69966  -218.50282  4.99985   768
12.00  0.04864  0.04890  0.01894  0.80968  -217.51906  -219.34816  4.99985   768
13.00  0.04863  0.04890  0.01859  0.80968  -218.08058  -219.93104  4.99985   768
14.00  0.04864  0.04890  0.01854  0.80968  -218.16603  -220.04701  4.99985   768
15.00  0.04864  0.04890  0.01885  0.80968  -217.78303  -219.69606  4.99985   768
16.00  0.04863  0.04890  0.01939  0.80968  -216.95753  -218.89345  4.99985   768
17.00  0.04864  0.04890  0.01992  0.80968  -216.10609  -218.04506  4.99985   768
18.00  0.04863  0.04890  0.02029  0.80968  -215.49879  -217.41182  4.99985   768
19.00  0.04865  0.04890  0.02022  0.80968  -215.59950  -217.48964  4.99985   768
20.00  0.04864  0.04890  0.01985  0.80968  -216.16255  -218.01454  4.99985   768
21.00  0.04862  0.04890  0.01943  0.80968  -216.75307  -218.60353  4.99985   768
22.00  0.04864  0.04890  0.01887  0.80968  -217.65486  -219.47633  4.99985   768
23.00  0.04865  0.04890  0.01852  0.80968  -218.21333  -220.07142  4.99985   768
24.00  0.04863  0.04890  0.01870  0.80968  -217.93104  -219.84407  4.99985   768
25.00  0.04864  0.04890  0.01917  0.80968  -217.21388  -219.13301  4.99985   768
26.00  0.04863  0.04890  0.01971  0.80968  -216.39448  -218.31666  4.99985   768
27.00  0.04864  0.04890  0.02018  0.80968  -215.70936  -217.61476  4.99985   768
28.00  0.04863  0.04890  0.02018  0.80968  -215.67122  -217.51253  4.99985   768
29.00  0.04863  0.04890  0.02000  0.80968  -215.97639  -217.83906  4.99985   768
30.00  0.04864  0.04890  0.01952  0.80968  -216.63557  -218.45857  4.99985   768
31.00  0.04865  0.04890  0.01887  0.80968  -217.64265  -219.45802  4.99985   768
32.00  0.04863  0.04890  0.01853  0.80968  -218.17671  -220.03480  4.99985   768
33.00  0.04863  0.04890  0.01846  0.80968  -218.28352  -220.17366  4.99985   768
34.00  0.04864  0.04890  0.01873  0.80968  -217.94172  -219.85017  4.99985   768
35.00  0.04865  0.04890  0.01929  0.80968  -217.12538  -219.07808  4.99985   768
36.00  0.04864  0.04890  0.01985  0.80968  -216.25868  -218.19765  4.99985   768
37.00  0.04864  0.04890  0.02020  0.80968  -215.65596  -217.56135  4.99985   768
38.00  0.04864  0.04890  0.02011  0.80968  -215.78566  -217.63917  4.99985   768
39.00  0.04865  0.04890  0.01987  0.80968  -216.08015  -217.91994  4.99985   768
40.00  0.04864  0.04890  0.01929  0.80968  -216.98042  -218.81563  4.99985   768
41.00  0.04865  0.04890  0.01883  0.80968  -217.69148  -219.53126  4.99985   768
42.00  0.04863  0.04890  0.01862  0.80968  -218.05159  -219.90053  4.99985   768
43.00  0.04865  0.04890  0.01879  0.80968  -217.80897  -219.70827  4.99985   768
44.00  0.04863  0.04890  0.01922  0.80968  -217.13453  -219.04756  4.99985   768
45.00  0.04864  0.04890  0.01981  0.80968  -216.34108  -218.26631  4.99985   768
46.00  0.04865  0.04890  0.02012  0.80968  -215.79024  -217.70173  4.99985   768
47.00  0.04864  0.04890  0.02020  0.80968  -215.62086  -217.47438  4.99985   768
48.00  0.04863  0.04890  0.02004  0.80968  -215.84212  -217.70326  4.99985   768
49.00  0.04864  0.04890  0.01947  0.80968  -216.69356  -218.52266  4.99985   768
50.00  0.04864  0.04890  0.01895  0.80968  -217.51295  -219.35884  4.99985   768
51.00  0.04865  0.04890  0.01854  0.80968  -218.18129  -220.03023  4.99985   768
52.00  0.04864  0.04890  0.01850  0.80968  -218.23622  -220.13246  4.99985   768
53.00  0.04865  0.04890  0.01884  0.80968  -217.77540  -219.71132  4.99985   768
54.00  0.04864  0.04890  0.01948  0.80968  -216.82326  -218.78358  4.99985   768
55.00  0.04864  0.04890  0.02002  0.80968  -215.97487  -217.90773  4.99985   768
56.00  0.04864  0.04890  0.02028  0.80968  -215.53694  -217.42860  4.99985   768
57.00  0.04865  0.04890  0.02023  0.80968  -215.56593  -217.42402  4.99985   768
58.00  0.04864  0.04890  0.01980  0.80968  -216.21443  -218.03590  4.99985   768
59.00  0.04864  0.04890  0.01918  0.80968  -217.13453  -218.96058  4.99985   768
60.00  0.04866  0.04890  0.01869  0.80968  -217.91884  -219.74489  4.99985   768
61.00  0.04864  0.04890  0.01844  0.80968  -218.29420  -220.14924  4.99985   768
62.00  0.04865  0.04890  0.01851  0.80968  -218.25758  -220.15382  4.99985   768
63.00  0.04866  0.04890  0.01903  0.80968  -217.50380  -219.43971  4.99985   768
64.00  0.04865  0.04890  0.01960  0.80968  -216.59437  -218.51350  4.99985   768
65.00  0.04865  0.04890  0.02002  0.80968  -215.91383  -217.81465  4.99985   768
66.00  0.04864  0.04890  0.02014  0.80968  -215.71089  -217.58577  4.99985   768
67.00  0.04866  0.04890  0.01988  0.80968  -216.15797  -218.02217  4.99985   768
68.00  0.04864  0.04890  0.01937  0.80968  -216.91176  -218.74544  4.99985   768
69.00  0.04865  0.04890  0.01887  0.80968  -217.64265  -219.48854  4.99985   768
70.00  0.04864  0.04890  0.01862  0.80968  -218.06532  -219.93867  4.99985   768
71.00  0.04864  0.04890  0.01875  0.80968  -217.89137  -219.80287  4.99985   768
72.00  0.04865  0.04890  0.01905  0.80968  -217.37562  -219.29780  4.99985   768
73.00  0.04865  0.04890  0.01961  0.80968  -216.55470  -218.48146  4.99985   768
74.00  0.04865  0.04890  0.02011  0.80968  -215.87721  -217.78566  4.99985   768
75.00  0.04864  0.04890  0.02029  0.80968  -215.52015  -217.37062  4.99985   768
76.00  0.04864  0.04890  0.02009  0.80968  -215.77803  -217.62391  4.99985   768
77.00  0.04863  0.04890  0.01969  0.80968  -216.35481  -218.18391  4.99985   768
78.00  0.04865  0.04890  0.01897  0.80968  -217.47328  -219.28407  4.99985   768
79.00  0.04865  0.04890  0.01853  0.80968  -218.14162  -219.97987  4.99985   768
80.00  0.04865  0.04890  0.01827  0.80968  -218.60396  -220.47731  4.99985   768
81.00  0.04865  0.04890  0.01860  0.80968  -218.12636  -220.03175  4.99985   768
82.00  0.04865  0.04890  0.01906  0.80968  -217.49922  -219.45344  4.99985   768
83.00  0.04863  0.04890  0.01976  0.80968  -216.35481  -218.29530  4.99985   768
84.00  0.04865  0.04890  0.02009  0.80968  -215.82380  -217.74293  4.99985   768
85.00  0.04864  0.04890  0.02019  0.80968  -215.70173  -217.59645  4.99985   768
86.00  0.04864  0.04890  0.01989  0.80968  -216.07863  -217.92451  4.99985   768
87.00  0.04866  0.04890  0.01935  0.80968  -216.86293  -218.69203  4.99985   768
88.00  0.04864  0.04890  0.01884  0.80968  -217.69148  -219.52669  4.99985   768
89.00  0.04863  0.04890  0.01843  0.80968  -218.30183  -220.16756  4.99985   768
90.00  0.04865  0.04890  0.01841  0.80968  -218.44374  -220.31862  4.99985   768
91.00  0.04865  0.04890  0.01884  0.80968  -217.81508  -219.74336  4.99985   768
92.00  0.04864  0.04890  0.01944  0.80968  -216.89039  -218.82173  4.99985   768
93.00  0.04864  0.04890  0.02000  0.80968  -215.99470  -217.91383  4.99985   768
94.00  0.04864  0.04890  0.02025  0.80968  -215.53541  -217.39351  4.99985   768
95.00  0.04864  0.04890  0.02018  0.80968  -215.62849  -217.49422  4.99985   768
96.00  0.04865  0.04890  0.01981  0.80968  -216.20527  -218.02980  4.99985   768
97.00  0.04864  0.04890  0.01921  0.80968  -217.08723  -218.90108  4.99985   768
98.00  0.04864  0.04890  0.01874  0.80968  -217.83797  -219.67775  4.99985   768
99.00  0.04865  0.04890  0.01853  0.80968  -218.24690  -220.13093  4.99985   768
100.00  0.04865  0.04890  0.01864  0.80968  -218.05464  -219.96156  4.99985   768
101.00  0.04865  0.04890  0.01914  0.80968  -217.32374  -219.28560  4.99985   768
102.00  0.04864  0.04890  0.01964  0.80968  -216.54555  -218.47230  4.99985   768
103.00  0.04865  0.04890  0.02006  0.80968  -215.87874  -217.81160  4.99985   768
104.00  0.04864  0.04890  0.02010  0.80968  -215.80244  -217.68495  4.99985   768
105.00  0.04863  0.04890  0.01983  0.80968  -216.15339  -217.99623  4.99985   768
106.00  0.04864  0.04890  0.01940  0.80968  -216.81563  -218.64931  4.99985   768
107.00  0.04865  0.04890  0.01888  0.80968  -217.62129  -219.44734  4.99985   768
108.00  0.04865  0.04890  0.01847  0.80968  -218.22706  -220.06532  4.99985   768
109.00  0.04864  0.04890  0.01840  0.80968  -218.46663  -220.34913  4.99985   768
110.00  0.04865  0.04890  0.01879  0.80968  -217.84407  -219.75557  4.99985   768
111.00  0.04865  0.04890  0.01934  0.80968  -216.98805  -218.90413  4.99985   768
112.00  0.04864  0.04890  0.01978  0.80968  -216.32734  -218.22206  4.99985   768
113.00  0.04864  0.04890  0.02000  0.80968  -216.00386  -217.88789  4.99985   768
114.00  0.04865  0.04890  0.01986  0.80968  -216.13661  -217.99165  4.99985   768
115.00  0.04865  0.04890  0.01941  0.80968  -216.78663  -218.60048  4.99985   768
116.00  0.04864  0.04890  0.01890  0.80968  -217.60908  -219.45955  4.99985   768
117.00  0.04865  0.04890  0.01846  0.80968  -218.32014  -220.17213  4.99985   768
118.00  0.04864  0.04890  0.01828  0.80968  -218.61311  -220.50172  4.99985   768
119.00  0.04866  0.04890  0.01850  0.80968  -218.26826  -220.18739  4.99985   768
120.00  0.04865  0.04890  0.01905  0.80968  -217.46870  -219.43056  4.99985   768
121.00  0.04866  0.04890  0.01975  0.80968  -216.40516  -218.33650  4.99985   768
122.00  0.04864  0.04890  0.02024  0.80968  -215.65596  -217.58424  4.99985   768
123.00  0.04865  0.04890  0.02022  0.80968  -215.59645  -217.43471  4.99985   768
124.00  0.04865  0.04890  0.01990  0.80968  -216.07863  -217.91841  4.99985   768
125.00  0.04864  0.04890  0.01940  0.80968  -216.75917  -218.57149  4.99985   768
126.00  0.04865  0.04890  0.01882  0.80968  -217.70521  -219.53126  4.99985   768
127.00  0.04865  0.04890  0.01848  0.80968  -218.26369  -220.09126  4.99985   768
128.00  0.04864  0.04890  0.01849  0.80968  -218.30488  -220.21486  4.99985   768
129.00  0.04865  0.04890  0.01887  0.80968  -217.70064  -219.60298  4.99985   768
130.00  0.04864  0.04890  0.01943  0.80968  -216.85530  -218.79884  4.99985   768
131.00  0.04865  0.04890  0.01988  0.80968  -216.19002  -218.08168  4.99985   768
132.00  0.04866  0.04890  0.02008  0.80968  -215.85585  -217.75056  4.99985   768
133.00  0.04864  0.04890  0.01997  0.80968  -215.96724  -217.84669  4.99985   768
134.00  0.04865  0.04890  0.01951  0.80968  -216.64778  -218.48146  4.99985   768
135.00  0.04863  0.04890  0.01894  0.80968  -217.49617  -219.32680  4.99985   768
136.00  0.04865  0.04890  0.01842  0.80968  -218.34456  -220.19960  4.99985   768
137.00  0.04864  0.04890  0.01826  0.80968  -218.62990  -220.51393  4.99985   768
138.00  0.04864  0.04890  0.01854  0.80968  -218.24080  -220.16145  4.99985   768
139.00  0.04864  0.04890  0.01911  0.80968  -217.36647  -219.31154  4.99985   768
140.00  0.04866  0.04890  0.01968  0.80968  -216.50892  -218.42805  4.99985   768
141.00  0.04864  0.04890  0.01998  0.80968  -216.01759  -217.90620  4.99985   768
142.00  0.04863  0.04890  0.02000  0.80968  -215.98097  -217.83143  4.99985   768
143.00  0.04864  0.04890  0.01958  0.80968  -216.53639  -218.36397  4.99985   768
144.00  0.04863  0.04890  0.01907  0.80968  -217.25813  -219.06282  4.99985   768
145.00  0.04864  0.04890  0.01853  0.80968  -218.15230  -219.97682  4.99985   768
146.00  0.04864  0.04890  0.01820  0.80968  -218.73518  -220.59633  4.99985   768
147.00  0.04864  0.04890  0.01830  0.80968  -218.56123  -220.46205  4.99985   768
148.00  0.04864  0.04890  0.01881  0.80968  -217.83644  -219.77540  4.99985   768
149.00  0.04864  0.04890  0.01938  0.80968  -216.97584  -218.91023  4.99985   768
150.00  0.04865  0.04890  0.01992  0.80968  -216.15797  -218.08931  4.99985   768
151.00  0.04864  0.04890  0.02006  0.80968  -215.86806  -217.75972  4.99985   768
152.00  0.04864  0.04890  0.01993  0.80968  -216.01912  -217.88484  4.99985   768
153.00  0.04863  0.04890  0.01944  0.80968  -216.77290  -218.60963  4.99985   768
154.00  0.04864  0.04890  0.01890  0.80968  -217.58009  -219.40614  4.99985   768
155.00  0.04862  0.04890  0.01838  0.80968  -218.41627  -220.26674  4.99985   768
156.00  0.04863  0.04890  0.01821  0.80968  -218.73366  -220.59328  4.99985   768
157.00  0.04864  0.04890  0.01855  0.80968  -218.23012  -220.16298  4.99985   768
158.00  0.04864  0.04890  0.01914  0.80968  -217.30543  -219.24898  4.99985   768
159.00  0.04863  0.04890  0.01975  0.80968  -216.36549  -218.29988  4.99985   768
160.00  0.04865  0.04890  0.02006  0.80968  -215.88942  -217.76430  4.99985   768
161.00  0.04864  0.04890  0.02008  0.80968  -215.79786  -217.67885  4.99985   768
162.00  0.04864  0.04890  0.01977  0.80968  -216.24495  -218.06337  4.99985   768
163.00  0.04865  0.04890  0.01920  0.80968  -217.09028  -218.91176  4.99985   768
164.00  0.04865  0.04890  0.01867  0.80968  -217.94325  -219.75252  4.99985   768
165.00  0.04862  0.04890  0.01833  0.80968  -218.48189  -220.35676  4.99985   768
166.00  0.04864  0.04890  0.01830  0.80968  -218.56428  -220.44069  4.99985   768
167.00  0.04864  0.04890  0.01870  0.80968  -218.00123  -219.93104  4.99985   768
168.00  0.04864  0.04890  0.01927  0.80968  -217.12233  -219.05824  4.99985   768
169.00  0.04864  0.04890  0.01974  0.80968  -216.44026  -218.38380  4.99985   768
170.00  0.04863  0.04890  0.02003  0.80968  -215.90315  -217.81618  4.99985   768
171.00  0.04863  0.04890  0.01999  0.80968  -215.96571  -217.82838  4.99985   768
172.00  0.04864  0.04890  0.01957  0.80968  -216.56996  -218.41585  4.99985   768
173.00  0.04864  0.04890  0.01902  0.80968  -217.38173  -219.19862  4.99985   768
174.00  0.04864  0.04890  0.01858  0.80968  -218.14162  -219.98140  4.99985   768
175.00  0.04863  0.04890  0.01841  0.80968  -218.43764  -220.31557  4.99985   768
176.00  0.04864  0.04890  0.01872  0.80968  -217.97072  -219.89137  4.99985   768
177.00  0.04864  0.04890  0.01928  0.80968  -217.11317  -219.03840  4.99985   768
178.00  0.04864  0.04890  0.01976  0.80968  -216.32887  -218.25868  4.99985   768
179.00  0.04863  0.04890  0.02005  0.80968  -215.87568  -217.76430  4.99985   768
180.00  0.04864  0.04890  0.02002  0.80968  -215.92451  -217.78108  4.99985   768
181.00  0.04864  0.04890  0.01963  0.80968  -216.40974  -218.23884  4.99985   768
182.00  0.04864  0.04890  0.01906  0.80968  -217.31306  -219.13301  4.99985   768
183.00  0.04863  0.04890  0.01852  0.80968  -218.19960  -220.04396  4.99985   768
184.00  0.04864  0.04890  0.01817  0.80968  -218.73976  -220.61922  4.99985   768
185.00  0.04863  0.04890  0.01836  0.80968  -218.52308  -220.45595  4.99985   768
186.00  0.04864  0.04890  0.01883  0.80968  -217.79066  -219.72963  4.99985   768
187.00  0.04864  0.04890  0.01945  0.80968  -216.84614  -218.79426  4.99985   768
188.00  0.04864  0.04890  0.01989  0.80968  -216.15797  -218.05879  4.99985   768
189.00  0.04863  0.04890  0.02003  0.80968  -215.91841  -217.81007  4.99985   768
190.00  0.04864  0.04890  0.01993  0.80968  -216.00386  -217.86653  4.99985   768
191.00  0.04863  0.04890  0.01948  0.80968  -216.67982  -218.49977  4.99985   768
192.00  0.04863  0.04890  0.01883  0.80968  -217.67622  -219.48091  4.99985   768
193.00  0.04863  0.04890  0.01826  0.80968  -218.55055  -220.36287  4.99985   768
194.00  0.04863  0.04890  0.01816  0.80968  -218.80842  -220.68178  4.99985   768
195.00  0.04864  0.04890  0.01847  0.80968  -218.31709  -220.23469  4.99985   768
196.00  0.04864  0.04890  0.01896  0.80968  -217.60451  -219.53126  4.99985   768
197.00  0.04864  0.04890  0.01964  0.80968  -216.53792  -218.47688  4.99985   768
198.00  0.04864  0.04890  0.01986  0.80968  -216.17171  -218.04963  4.99985   768
199.00  0.04864  0.04890  0.01973  0.80968  -216.33497  -218.21290  4.99985   768
200.00  0.04444  0.03178  0.01984  0.80968  -216.26936  -218.20527  4.99985   768
201.00  0.03496  0.03178  0.01579  0.80968  -221.70759  -222.94160  4.99985   768
202.00  0.03398  0.03178  0.01039  0.80968  -230.23878  -231.68947  4.99985   768
203.00  0.03360  0.03178  0.01087  0.80968  -230.23421  -232.39290  4.99985   768
204.00  0.03337  0.03178  0.00875  0.80968  -232.94264  -234.51845  4.99985   768
205.00  0.03319  0.03178  0.00706  0.80968  -235.77162  -237.56258  4.99985   768
206.00  0.03301  0.03178  0.00944  0.80968  -232.33992  -234.40858  4.99985   768
207.00  0.03291  0.03178  0.00781  0.80968  -234.50056  -236.19691  4.99985   768
208.00  0.03282  0.03178  0.00726  0.80968  -235.62819  -237.56258  4.99985   768
209.00  0.03277  0.03178  0.00849  0.80968  -233.50264  -235.30275  4.99985   768
210.00  0.03270  0.03178  0.00588  0.80968  -237.43330  -239.12813  4.99985   768
211.00  0.03265  0.03178  0.00601  0.80968  -237.58742  -239.58131  4.99985   768
212.00  0.03261  0.03178  0.00590  0.80968  -237.40126  -239.07472  4.99985   768
213.00  0.03258  0.03178  0.00440  0.80968  -239.92201  -241.81215  4.99985   768
214.00  0.03254  0.03178  0.00626  0.80968  -237.26088  -239.36616  4.99985   768
215.00  0.03253  0.03178  0.00602  0.80968  -237.23036  -238.96181  4.99985   768
216.00  0.03250  0.03178  0.00628  0.80968  -237.21815  -239.26393  4.99985   768
217.00  0.03248  0.03178  0.00791  0.80968  -234.59212  -236.56770  4.99985   768
218.00  0.03245  0.03178  0.00624  0.80968  -236.92061  -238.63832  4.99985   768
219.00  0.03243  0.03178  0.00665  0.80968  -236.60475  -238.59865  4.99985   768
220.00  0.03241  0.03178  0.00660  0.80968  -236.38960  -238.16682  4.99985   768
221.00  0.03239  0.03178  0.00472  0.80968  -239.38185  -241.17281  4.99985   768
222.00  0.03238  0.03178  0.00556  0.80968  -238.24965  -240.21761  4.99985   768
223.00  0.03238  0.03178  0.00556  0.80968  -238.03908  -239.86970  4.99985   768
224.00  0.03236  0.03178  0.00565  0.80968  -238.15810  -240.15199  4.99985   768
225.00  0.03235  0.03178  0.00723  0.80968  -235.63887  -237.58546  4.99985   768
226.00  0.03233  0.03178  0.00679  0.80968  -236.14394  -237.95473  4.99985   768
227.00  0.03232  0.03178  0.00722  0.80968  -235.64345  -237.61903  4.99985   768
228.00  0.03232  0.03178  0.00729  0.80968  -235.40236  -237.19331  4.99985   768
229.00  0.03232  0.03178  0.00598  0.80968  -237.39363  -239.17085  4.99985   768
230.00  0.03231  0.03178  0.00615  0.80968  -237.23799  -239.16170  4.99985   768
231.00  0.03231  0.03178  0.00548  0.80968  -238.10774  -239.88802  4.99985   768
232.00  0.03230  0.03178  0.00503  0.80968  -239.00954  -240.94545  4.99985   768
233.00  0.03230  0.03178  0.00604  0.80968  -237.45161  -239.41042  4.99985   768
234.00  0.03231  0.03178  0.00615  0.80968  -237.20442  -239.09151  4.99985   768
235.00  0.03229  0.03178  0.00688  0.80968  -236.20497  -238.21107  4.99985   768
236.00  0.03228  0.03178  0.00747  0.80968  -235.13838  -237.03004  4.99985   768
237.00  0.03228  0.03178  0.00689  0.80968  -236.04170  -237.88759  4.99985   768
238.00  0.03229  0.03178  0.00690  0.80968  -236.09816  -237.98982  4.99985   768
239.00  0.03229  0.03178  0.00608  0.80968  -237.21510  -238.99995  4.99985   768
240.00  0.03228  0.03178  0.00533  0.80968  -238.46632  -240.33357  4.99985   768
241.00  0.03228  0.03178  0.00552  0.80968  -238.21608  -240.11690  4.99985   768
242.00  0.03228  0.03178  0.00537  0.80968  -238.42360  -240.28017  4.99985   768
243.00  0.03228  0.03178  0.00598  0.80968  -237.62251  -239.58589  4.99985   768
244.00  0.03228  0.03178  0.00683  0.80968  -236.26753  -238.20497  4.99985   768
245.00  0.03227  0.03178  0.00694  0.80968  -236.02492  -237.93031  4.99985   768
246.00  0.03226  0.03178  0.00738  0.80968  -235.39931  -237.30318  4.99985   768
247.00  0.03226  0.03178  0.00709  0.80968  -235.73653  -237.54579  4.99985   768
248.00  0.03226  0.03178  0.00639  0.80968  -236.81227  -238.65968  4.99985   768
249.00  0.03225  0.03178  0.00603  0.80968  -237.35243  -239.19832  4.99985   768
250.00  0.03226  0.03178  0.00542  0.80968  -238.33357  -240.17946  4.99985   768
251.00  0.03227  0.03178  0.00547  0.80968  -238.34883  -240.28474  4.99985   768
252.00  0.03226  0.03178  0.00600  0.80968  -237.50197  -239.45009  4.99985   768
253.00  0.03225  0.03178  0.00655  0.80968  -236.65968  -238.61543  4.99985   768
254.00  0.03226  0.03178  0.00728  0.80968  -235.59614  -237.55952  4.99985   768
255.00  0.03225  0.03178  0.00754  0.80968  -235.10176  -236.99647  4.99985   768
256.00  0.03227  0.03178  0.00738  0.80968  -235.38710  -237.26350  4.99985   768
257.00  0.03226  0.03178  0.00711  0.80968  -235.68922  -237.53969  4.99985   768
258.00  0.03224  0.03178  0.00632  0.80968  -236.85042  -238.62611  4.99985   768
259.00  0.03225  0.03178  0.00576  0.80968  -237.76442  -239.62251  4.99985   768
260.00  0.03225  0.03178  0.00558  0.80968  -238.04365  -239.92006  4.99985   768
261.00  0.03226  0.03178  0.00564  0.80968  -237.97346  -239.87428  4.99985   768
262.00  0.03225  0.03178  0.00633  0.80968  -237.02742  -238.97554  4.99985   768
263.00  0.03225  0.03178  0.00703  0.80968  -235.95167  -237.87843  4.99985   768
264.00  0.03224  0.03178  0.00743  0.80968  -235.26961  -237.18416  4.99985   768
265.00  0.03225  0.03178  0.00760  0.80968  -235.00258  -236.89882  4.99985   768
266.00  0.03224  0.03178  0.00715  0.80968  -235.66939  -237.51527  4.99985   768
267.00  0.03225  0.03178  0.00672  0.80968  -236.27821  -238.13325  4.99985   768
268.00  0.03224  0.03178  0.00609  0.80968  -237.24104  -239.06709  4.99985   768
269.00  0.03224  0.03178  0.00559  0.80968  -238.10164  -239.97346  4.99985   768
270.00  0.03223  0.03178  0.00572  0.80968  -237.90938  -239.84224  4.99985   768
271.00  0.03222  0.03178  0.00621  0.80968  -237.16475  -239.10524  4.99985   768
272.00  0.03224  0.03178  0.00680  0.80968  -236.33772  -238.27669  4.99985   768
273.00  0.03224  0.03178  0.00744  0.80968  -235.26198  -237.21315  4.99985   768
274.00  0.03224  0.03178  0.00763  0.80968  -234.96443  -236.86830  4.99985   768
275.00  0.03224  0.03178  0.00756  0.80968  -235.01173  -236.86677  4.99985   768
276.00  0.03221  0.03178  0.00722  0.80968  -235.53053  -237.35506  4.99985   768
277.00  0.03224  0.03178  0.00655  0.80968  -236.53303  -238.33467  4.99985   768
278.00  0.03223  0.03178  0.00604  0.80968  -237.37074  -239.21052  4.99985   768
279.00  0.03224  0.03178  0.00579  0.80968  -237.74916  -239.60573  4.99985   768
280.00  0.03223  0.03178  0.00612  0.80968  -237.31123  -239.24562  4.99985   768
281.00  0.03224  0.03178  0.00671  0.80968  -236.35298  -238.28279  4.99985   768
282.00  0.03225  0.03178  0.00726  0.80968  -235.56258  -237.50917  4.99985   768
283.00  0.03222  0.03178  0.00768  0.80968  -234.90797  -236.83778  4.99985   768
284.00  0.03222  0.03178  0.00778  0.80968  -234.75233  -236.62569  4.99985   768
285.00  0.03222  0.03178  0.00743  0.80968  -235.26350  -237.12160  4.99985   768
286.00  0.03222  0.03178  0.00687  0.80968  -236.04781  -237.89522  4.99985   768
287.00  0.03222  0.03178  0.00628  0.80968  -237.01674  -238.84431  4.99985   768
288.00  0.03223  0.03178  0.00597  0.80968  -237.46535  -239.33565  4.99985   768
289.00  0.03223  0.03178  0.00595  0.80968  -237.48671  -239.41042  4.99985   768
290.00  0.03222  0.03178  0.00637  0.80968  -236.91145  -238.84126  4.99985   768
291.00  0.03222  0.03178  0.00699  0.80968  -235.91353  -237.84181  4.99985   768
292.00  0.03221  0.03178  0.00755  0.80968  -235.09566  -237.01784  4.99985   768
293.00  0.03222  0.03178  0.00776  0.80968  -234.73708  -236.61195  4.99985   768
294.00  0.03221  0.03178  0.00771  0.80968  -234.82710  -236.66841  4.99985   768
295.00  0.03222  0.03178  0.00715  0.80968  -235.65565  -237.46187  4.99985   768
296.00  0.03222  0.03178  0.00659  0.80968  -236.51015  -238.35603  4.99985   768
297.00  0.03220  0.03178  0.00614  0.80968  -237.21815  -239.08388  4.99985   768
298.00  0.03222  0.03178  0.00593  0.80968  -237.55690  -239.43941  4.99985   768
299.00  0.03221  0.03178  0.00623  0.80968  -237.14796  -239.08845  4.99985   768
300.00  0.03221  0.03178  0.00677  0.80968  -236.32857  -238.28432  4.99985   768
301.00  0.03221  0.03178  0.00734  0.80968  -235.45576  -237.39778  4.99985   768
302.00  0.03221  0.03178  0.00785  0.80968  -234.60738  -236.53566  4.99985   768
303.00  0.03221  0.03178  0.00787  0.80968  -234.59364  -236.45784  4.99985   768
304.00  0.03222  0.03178  0.00762  0.80968  -234.97664  -236.83015  4.99985   768
305.00  0.03221  0.03178  0.00706  0.80968  -235.80672  -237.66939  4.99985   768
306.00  0.03222  0.03178  0.00648  0.80968  -236.65968  -238.49641  4.99985   768
307.00  0.03221  0.03178  0.00616  0.80968  -237.21815  -239.05794  4.99985   768
308.00  0.03221  0.03178  0.00626  0.80968  -237.07320  -238.98469  4.99985   768
309.00  0.03221  0.03178  0.00674  0.80968  -236.42317  -238.34993  4.99985   768
310.00  0.03221  0.03178  0.00733  0.80968  -235.41151  -237.32149  4.99985   768
311.00  0.03219  0.03178  0.00775  0.80968  -234.76149  -236.68214  4.99985   768
312.00  0.03220  0.03178  0.00807  0.80968  -234.29762  -236.18623  4.99985   768
313.00  0.03220  0.03178  0.00793  0.80968  -234.48225  -236.33119  4.99985   768
314.00  0.03220  0.03178  0.00747  0.80968  -235.14448  -236.99037  4.99985   768
315.00  0.03220  0.03178  0.00686  0.80968  -236.08443  -237.92268  4.99985   768
316.00  0.03221  0.03178  0.00633  0.80968  -236.90840  -238.77718  4.99985   768
317.00  0.03221  0.03178  0.00620  0.80968  -237.12660  -239.02742  4.99985   768
318.00  0.03220  0.03178  0.00643  0.80968  -236.81227  -238.74818  4.99985   768
319.00  0.03220  0.03178  0.00710  0.80968  -235.89979  -237.87080  4.99985   768
320.00  0.03220  0.03178  0.00771  0.80968  -234.86220  -236.80727  4.99985   768
321.00  0.03219  0.03178  0.00803  0.80968  -234.36018  -236.28084  4.99985   768
322.00  0.03219  0.03178  0.00813  0.80968  -234.21828  -236.07637  4.99985   768
323.00  0.03220  0.03178  0.00773  0.80968  -234.75081  -236.61195  4.99985   768
324.00  0.03220  0.03178  0.00712  0.80968  -235.66786  -237.46797  4.99985   768
325.00  0.03221  0.03178  0.00663  0.80968  -236.42622  -238.25685  4.99985   768
326.00  0.03219  0.03178  0.00631  0.80968  -236.98164  -238.83821  4.99985   768
327.00  0.03220  0.03178  0.00638  0.80968  -236.88856  -238.78480  4.99985   768
328.00  0.03219  0.03178  0.00683  0.80968  -236.20344  -238.13325  4.99985   768
329.00  0.03219  0.03178  0.00754  0.80968  -235.16737  -237.09108  4.99985   768
330.00  0.03219  0.03178  0.00801  0.80968  -234.41206  -236.33424  4.99985   768
331.00  0.03221  0.03178  0.00827  0.80968  -234.01228  -235.91615  4.99985   768
332.00  0.03220  0.03178  0.00807  0.80968  -234.21370  -236.06416  4.99985   768
333.00  0.03218  0.03178  0.00744  0.80968  -235.16280  -236.99037  4.99985   768
334.00  0.03220  0.03178  0.00697  0.80968  -235.94557  -237.79756  4.99985   768
335.00  0.03219  0.03178  0.00655  0.80968  -236.59865  -238.47353  4.99985   768
336.00  0.03220  0.03178  0.00645  0.80968  -236.75886  -238.65205  4.99985   768
337.00  0.03219  0.03178  0.00675  0.80968  -236.35603  -238.29652  4.99985   768
338.00  0.03220  0.03178  0.00739  0.80968  -235.39778  -237.34895  4.99985   768
339.00  0.03220  0.03178  0.00793  0.80968  -234.57686  -236.51582  4.99985   768
340.00  0.03219  0.03178  0.00835  0.80968  -233.89784  -235.81850  4.99985   768
341.00  0.03219  0.03178  0.00832  0.80968  -233.86732  -235.73305  4.99985   768
342.00  0.03218  0.03178  0.00783  0.80968  -234.58296  -236.40443  4.99985   768
343.00  0.03218  0.03178  0.00726  0.80968  -235.41762  -237.22841  4.99985   768
344.00  0.03219  0.03178  0.00668  0.80968  -236.37434  -238.20497  4.99985   768
345.00  0.03219  0.03178  0.00635  0.80968  -236.91908  -238.77718  4.99985   768
346.00  0.03218  0.03178  0.00651  0.80968  -236.69478  -238.61696  4.99985   768
347.00  0.03220  0.03178  0.00703  0.80968  -235.90132  -237.84792  4.99985   768
348.00  0.03218  0.03178  0.00771  0.80968  -234.91560  -236.84846  4.99985   768
349.00  0.03219  0.03178  0.00822  0.80968  -234.09163  -236.02754  4.99985   768
350.00  0.03218  0.03178  0.00839  0.80968  -233.75746  -235.64607  4.99985   768
351.00  0.03219  0.03178  0.00814  0.80968  -234.13893  -235.99550  4.99985   768
352.00  0.03218  0.03178  0.00761  0.80968  -234.93697  -236.78743  4.99985   768
353.00  0.03218  0.03178  0.00701  0.80968  -235.85860  -237.69685  4.99985   768
354.00  0.03218  0.03178  0.00650  0.80968  -236.68257  -238.53151  4.99985   768
355.00  0.03217  0.03178  0.00642  0.80968  -236.89772  -238.78938  4.99985   768
356.00  0.03220  0.03178  0.00673  0.80968  -236.41859  -238.35908  4.99985   768
357.00  0.03219  0.03178  0.00735  0.80968  -235.42372  -237.35963  4.99985   768
358.00  0.03219  0.03178  0.00794  0.80968  -234.49141  -236.41511  4.99985   768
359.00  0.03217  0.03178  0.00833  0.80968  -233.94209  -235.83528  4.99985   768
360.00  0.03219  0.03178  0.00842  0.80968  -233.75593  -235.62166  4.99985   768
361.00  0.03218  0.03178  0.00799  0.80968  -234.36018  -236.20607  4.99985   768
362.00  0.03220  0.03178  0.00738  0.80968  -235.24367  -237.04378  4.99985   768
363.00  0.03218  0.03178  0.00684  0.80968  -236.12410  -237.95930  4.99985   768
364.00  0.03219  0.03178  0.00653  0.80968  -236.65053  -238.51472  4.99985   768
365.00  0.03216  0.03178  0.00668  0.80968  -236.43538  -238.35908  4.99985   768
366.00  0.03218  0.03178  0.00717  0.80968  -235.70296  -237.65413  4.99985   768
367.00  0.03218  0.03178  0.00787  0.80968  -234.64857  -236.59364  4.99985   768
368.00  0.03218  0.03178  0.00841  0.80968  -233.83986  -235.77577  4.99985   768
369.00  0.03217  0.03178  0.00860  0.80968  -233.48433  -235.39888  4.99985   768
370.00  0.03218  0.03178  0.00841  0.80968  -233.73457  -235.59267  4.99985   768
371.00  0.03219  0.03178  0.00784  0.80968  -234.55550  -236.37544  4.99985   768
372.00  0.03219  0.03178  0.00730  0.80968  -235.38100  -237.21620  4.99985   768
373.00  0.03217  0.03178  0.00677  0.80968  -236.24464  -238.09053  4.99985   768
374.00  0.03219  0.03178  0.00663  0.80968  -236.51015  -238.39876  4.99985   768
375.00  0.03218  0.03178  0.00697  0.80968  -235.99440  -237.90742  4.99985   768
376.00  0.03218  0.03178  0.00762  0.80968  -235.03462  -236.97511  4.99985   768
377.00  0.03219  0.03178  0.00822  0.80968  -234.08247  -236.02449  4.99985   768
378.00  0.03218  0.03178  0.00857  0.80968  -233.51942  -235.40193  4.99985   768
379.00  0.03217  0.03178  0.00859  0.80968  -233.45381  -235.32716  4.99985   768
380.00  0.03215  0.03178  0.00820  0.80968  -234.02449  -235.85054  4.99985   768
381.00  0.03216  0.03178  0.00753  0.80968  -235.03615  -236.87135  4.99985   768
382.00  0.03218  0.03178  0.00703  0.80968  -235.82198  -237.64650  4.99985   768
383.00  0.03218  0.03178  0.00664  0.80968  -236.48421  -238.37129  4.99985   768
384.00  0.03217  0.03178  0.00680  0.80968  -236.27516  -238.20192  4.99985   768
385.00  0.03216  0.03178  0.00733  0.80968  -235.49086  -237.45576  4.99985   768
386.00  0.03218  0.03178  0.00802  0.80968  -234.40291  -236.36476  4.99985   768
387.00  0.03217  0.03178  0.00848  0.80968  -233.68422  -235.60030  4.99985   768
388.00  0.03216  0.03178  0.00864  0.80968  -233.45076  -235.34853  4.99985   768
389.00  0.03217  0.03178  0.00847  0.80968  -233.62471  -235.48738  4.99985   768
390.00  0.03216  0.03178  0.00796  0.80968  -234.39833  -236.23811  4.99985   768
391.00  0.03217  0.03178  0.00740  0.80968  -235.23604  -237.07429  4.99985   768
392.00  0.03218  0.03178  0.00691  0.80968  -236.03865  -237.87385  4.99985   768
393.00  0.03217  0.03178  0.00679  0.80968  -236.27821  -238.15309  4.99985   768
394.00  0.03216  0.03178  0.00715  0.80968  -235.74416  -237.67396  4.99985   768
395.00  0.03216  0.03178  0.00781  0.80968  -234.74470  -236.66688  4.99985   768
396.00  0.03216  0.03178  0.00841  0.80968  -233.77272  -235.69185  4.99985   768
397.00  0.03218  0.03178  0.00888  0.80968  -233.04335  -234.96858  4.99985   768
398.00  0.03216  0.03178  0.00882  0.80968  -233.10286  -234.98231  4.99985   768
399.00  0.03218  0.03178  0.00837  0.80968  -233.74068  -235.58198  4.99985   768
400.00  0.03217  0.03178  0.00778  0.80968  -234.62416  -236.47157  4.99985   768
401.00  0.03218  0.03178  0.00727  0.80968  -235.47255  -237.31233  4.99985   768
402.00  0.03216  0.03178  0.00697  0.80968  -235.98524  -237.87996  4.99985   768
403.00  0.03218  0.03178  0.00717  0.80968  -235.69380  -237.62056  4.99985   768
404.00  0.03216  0.03178  0.00761  0.80968  -235.05293  -237.00105  4.99985   768
405.00  0.03217  0.03178  0.00828  0.80968  -233.97566  -235.92531  4.99985   768
406.00  0.03217  0.03178  0.00878  0.80968  -233.25392  -235.19136  4.99985   768
407.00  0.03216  0.03178  0.00895  0.80968  -232.90907  -234.78853  4.99985   768
408.00  0.03216  0.03178  0.00863  0.80968  -233.36989  -235.18983  4.99985   768
409.00  0.03215  0.03178  0.00810  0.80968  -234.13435  -235.96803  4.99985   768
410.00  0.03217  0.03178  0.00752  0.80968  -235.05293  -236.88509  4.99985   768
411.00  0.03216  0.03178  0.00709  0.80968  -235.73347  -237.59462  4.99985   768
412.00  0.03216  0.03178  0.00691  0.80968  -236.02797  -237.89827  4.99985   768
413.00  0.03217  0.03178  0.00736  0.80968  -235.44356  -237.38405  4.99985   768
414.00  0.03217  0.03178  0.00793  0.80968  -234.57381  -236.48988  4.99985   768
415.00  0.03216  0.03178  0.00847  0.80968  -233.71779  -235.67659  4.99985   768
416.00  0.03215  0.03178  0.00877  0.80968  -233.25392  -235.16389  4.99985   768
417.00  0.03217  0.03178  0.00870  0.80968  -233.29970  -235.17000  4.99985   768
418.00  0.03215  0.03178  0.00823  0.80968  -234.01533  -235.85359  4.99985   768
419.00  0.03216  0.03178  0.00774  0.80968  -234.69740  -236.54939  4.99985   768
420.00  0.03216  0.03178  0.00719  0.80968  -235.60377  -237.45424  4.99985   768
421.00  0.03217  0.03178  0.00696  0.80968  -236.00203  -237.88911  4.99985   768
422.00  0.03215  0.03178  0.00718  0.80968  -235.63582  -237.56105  4.99985   768
423.00  0.03216  0.03178  0.00759  0.80968  -235.09260  -237.04073  4.99985   768
424.00  0.03214  0.03178  0.00818  0.80968  -234.16487  -236.08552  4.99985   768
425.00  0.03216  0.03178  0.00859  0.80968  -233.51790  -235.44008  4.99985   768
426.00  0.03216  0.03178  0.00869  0.80968  -233.31648  -235.18220  4.99985   768
427.00  0.03216  0.03178  0.00843  0.80968  -233.69185  -235.52553  4.99985   768
428.00  0.03216  0.03178  0.00796  0.80968  -234.39833  -236.21522  4.99985   768
429.00  0.03216  0.03178  0.00740  0.80968  -235.24824  -237.08040  4.99985   768
430.00  0.03217  0.03178  0.00704  0.80968  -235.79909  -237.64497  4.99985   768
431.00  0.03216  0.03178  0.00701  0.80968  -235.94862  -237.84181  4.99985   768
432.00  0.03216  0.03178  0.00741  0.80968  -235.29707  -237.23756  4.99985   768
433.00  0.03215  0.03178  0.00802  0.80968  -234.44105  -236.40596  4.99985   768
434.00  0.03216  0.03178  0.00855  0.80968  -233.60945  -235.54842  4.99985   768
435.00  0.03215  0.03178  0.00881  0.80968  -233.14711  -235.03725  4.99985   768
436.00  0.03216  0.03178  0.00876  0.80968  -233.23408  -235.12727  4.99985   768
437.00  0.03216  0.03178  0.00841  0.80968  -233.71321  -235.57588  4.99985   768
438.00  0.03215  0.03178  0.00781  0.80968  -234.61653  -236.44868  4.99985   768
439.00  0.03216  0.03178  0.00730  0.80968  -235.38557  -237.22841  4.99985   768
440.00  0.03215  0.03178  0.00700  0.80968  -235.85707  -237.73500  4.99985   768
441.00  0.03214  0.03178  0.00724  0.80968  -235.61140  -237.51833  4.99985   768
442.00  0.03215  0.03178  0.00781  0.80968  -234.73402  -236.66231  4.99985   768
443.00  0.03216  0.03178  0.00845  0.80968  -233.77272  -235.69643  4.99985   768
444.00  0.03216  0.03178  0.00879  0.80968  -233.18678  -235.08760  4.99985   768
445.00  0.03216  0.03178  0.00881  0.80968  -233.09370  -234.95637  4.99985   768
446.00  0.03216  0.03178  0.00856  0.80968  -233.46602  -235.30733  4.99985   768
447.00  0.03216  0.03178  0.00798  0.80968  -234.35408  -236.16487  4.99985   768
448.00  0.03214  0.03178  0.00728  0.80968  -235.43898  -237.26808  4.99985   768
449.00  0.03215  0.03178  0.00702  0.80968  -235.87843  -237.76857  4.99985   768
450.00  0.03215  0.03178  0.00699  0.80968  -235.94557  -237.85554  4.99985   768
451.00  0.03215  0.03178  0.00731  0.80968  -235.46950  -237.39625  4.99985   768
452.00  0.03213  0.03178  0.00798  0.80968  -234.51582  -236.48988  4.99985   768
453.00  0.03215  0.03178  0.00856  0.80968  -233.60030  -235.52705  4.99985   768
454.00  0.03215  0.03178  0.00882  0.80968  -233.15169  -235.04640  4.99985   768
455.00  0.03215  0.03178  0.00868  0.80968  -233.28291  -235.14101  4.99985   768
456.00  0.03215  0.03178  0.00816  0.80968  -234.12672  -235.96193  4.99985   768
457.00  0.03213  0.03178  0.00759  0.80968  -234.94917  -236.78285  4.99985   768
458.00  0.03215  0.03178  0.00713  0.80968  -235.69075  -237.53816  4.99985   768
459.00  0.03214  0.03178  0.00691  0.80968  -235.98372  -237.84944  4.99985   768
460.00  0.03215  0.03178  0.00718  0.80968  -235.69838  -237.61293  4.99985   768
461.00  0.03214  0.03178  0.00767  0.80968  -234.97816  -236.93239  4.99985   768
462.00  0.03215  0.03178  0.00824  0.80968  -234.05653  -235.97261  4.99985   768
463.00  0.03214  0.03178  0.00867  0.80968  -233.39888  -235.31343  4.99985   768
464.00  0.03215  0.03178  0.00881  0.80968  -233.11659  -234.96858  4.99985   768
465.00  0.03215  0.03178  0.00842  0.80968  -233.69795  -235.53926  4.99985   768
466.00  0.03213  0.03178  0.00779  0.80968  -234.66231  -236.49904  4.99985   768
467.00  0.03215  0.03178  0.00732  0.80968  -235.36879  -237.20705  4.99985   768
468.00  0.03215  0.03178  0.00693  0.80968  -235.99440  -237.87080  4.99985   768
469.00  0.03215  0.03178  0.00698  0.80968  -235.95320  -237.86775  4.99985   768
470.00  0.03215  0.03178  0.00751  0.80968  -235.20552  -237.15669  4.99985   768
471.00  0.03214  0.03178  0.00809  0.80968  -234.32509  -236.26710  4.99985   768
472.00  0.03215  0.03178  0.00857  0.80968  -233.55452  -235.48738  4.99985   768
473.00  0.03215  0.03178  0.00890  0.80968  -233.05708  -234.93959  4.99985   768
474.00  0.03215  0.03178  0.00870  0.80968  -233.20357  -235.06471  4.99985   768
475.00  0.03214  0.03178  0.00822  0.80968  -233.98787  -235.81087  4.99985   768
476.00  0.03214  0.03178  0.00766  0.80968  -234.85915  -236.68672  4.99985   768
477.00  0.03214  0.03178  0.00711  0.80968  -235.68770  -237.50307  4.99985   768
478.00  0.03214  0.03178  0.00699  0.80968  -235.92116  -237.80977  4.99985   768
479.00  0.03215  0.03178  0.00722  0.80968  -235.61446  -237.52595  4.99985   768
480.00  0.03215  0.03178  0.00785  0.80968  -234.65773  -236.61653  4.99985   768
481.00  0.03215  0.03178  0.00838  0.80968  -233.85207  -235.76356  4.99985   768
482.00  0.03214  0.03178  0.00875  0.80968  -233.24171  -235.15321  4.99985   768
483.00  0.03214  0.03178  0.00877  0.80968  -233.22493  -235.09218  4.99985   768
484.00  0.03214  0.03178  0.00845  0.80968  -233.65523  -235.50569  4.99985   768
485.00  0.03214  0.03178  0.00791  0.80968  -234.47462  -236.31898  4.99985   768
486.00  0.03214  0.03178  0.00737  0.80968  -235.33369  -237.18111  4.99985   768
487.00  0.03213  0.03178  0.00702  0.80968  -235.86775  -237.75941  4.99985   768
488.00  0.03214  0.03178  0.00705  0.80968  -235.86012  -237.77467  4.99985   768
489.00  0.03213  0.03178  0.00746  0.80968  -235.22230  -237.16432  4.99985   768
490.00  0.03216  0.03178  0.00817  0.80968  -234.16182  -236.11452  4.99985   768
491.00  0.03214  0.03178  0.00866  0.80968  -233.43855  -235.34853  4.99985   768
492.00  0.03214  0.03178  0.00860  0.80968  -233.42482  -235.27681  4.99985   768
493.00  0.03215  0.03178  0.00823  0.80968  -233.94514  -235.76204  4.99985   768
494.00  0.03214  0.03178  0.00776  0.80968  -234.68977  -236.52498  4.99985   768
495.00  0.03214  0.03178  0.00716  0.80968  -235.59309  -237.37794  4.99985   768
496.00  0.03214  0.03178  0.00671  0.80968  -236.40639  -238.27669  4.99985   768
497.00  0.03212  0.03178  0.00668  0.80968  -236.37587  -238.22938  4.99985   768
498.00  0.03214  0.03178  0.00694  0.80968  -236.17293  -238.15767  4.99985   768
499.00  0.03214  0.03178  0.00848  0.80968  -233.71474  -235.71931  4.99985   768
500.00  0.03213  0.03178  0.00921  0.80968  -232.58559  -234.53523  4.99985   768
501.00  0.03215  0.03178  0.00917  0.80968  -232.58406  -234.45436  4.99985   768
502.00  0.03213  0.03178  0.00854  0.80968  -233.54842  -235.39125  4.99985   768
503.00  0.03213  0.03178  0.00853  0.80968  -233.55147  -235.43245  4.99985   768
504.00  0.03214  0.03178  0.00773  0.80968  -234.73402  -236.55092  4.99985   768
505.00  0.03214  0.03178  0.00692  0.80968  -236.00661  -237.81435  4.99985   768
506.00  0.03213  0.03178  0.00631  0.80968  -236.83974  -238.67342  4.99985   768
507.00  0.03213  0.03178  0.00638  0.80968  -236.97707  -238.91298  4.99985   768
508.00  0.03213  0.03178  0.00738  0.80968  -235.43288  -237.40236  4.99985   768
509.00  0.03213  0.03178  0.00825  0.80968  -234.07027  -236.01381  4.99985   768
510.00  0.03213  0.03178  0.00865  0.80968  -233.37294  -235.25545  4.99985   768
511.00  0.03214  0.03178  0.00841  0.80968  -233.72084  -235.56520  4.99985   768
512.00  0.03214  0.03178  0.00806  0.80968  -234.24422  -236.10078  4.99985   768
513.00  0.03214  0.03178  0.00790  0.80968  -234.52956  -236.39528  4.99985   768
514.00  0.03213  0.03178  0.00751  0.80968  -235.06972  -236.89729  4.99985   768
515.00  0.03213  0.03178  0.00689  0.80968  -236.02339  -237.84029  4.99985   768
516.00  0.03215  0.03178  0.00648  0.80968  -236.70088  -238.58339  4.99985   768
517.00  0.03214  0.03178  0.00656  0.80968  -236.58034  -238.48878  4.99985   768
518.00  0.03213  0.03178  0.00690  0.80968  -236.15462  -238.10274  4.99985   768
519.00  0.03213  0.03178  0.00744  0.80968  -235.27418  -237.20705  4.99985   768
520.00  0.03213  0.03178  0.00754  0.80968  -235.08650  -236.97664  4.99985   768
521.00  0.03213  0.03178  0.00722  0.80968  -235.53969  -237.38405  4.99985   768
522.00  0.03214  0.03178  0.00671  0.80968  -236.31636  -238.16682  4.99985   768
523.00  0.03213  0.03178  0.00621  0.80968  -237.07625  -238.91298  4.99985   768
524.00  0.03214  0.03178  0.00564  0.80968  -237.96278  -239.80714  4.99985   768
525.00  0.03212  0.03178  0.00526  0.80968  -238.57008  -240.42512  4.99985   768
526.00  0.03213  0.03178  0.00526  0.80968  -238.63722  -240.52431  4.99985   768
527.00  0.03213  0.03178  0.00564  0.80968  -238.01314  -239.92769  4.99985   768
528.00  0.03213  0.03178  0.00609  0.80968  -237.38905  -239.31581  4.99985   768
529.00  0.03213  0.03178  0.00645  0.80968  -236.77718  -238.68104  4.99985   768
530.00  0.03213  0.03178  0.00633  0.80968  -236.91908  -238.75429  4.99985   768
531.00  0.03214  0.03178  0.00570  0.80968  -237.81782  -239.62709  4.99985   768
532.00  0.03213  0.03178  0.00489  0.80968  -239.05989  -240.87678  4.99985   768
533.00  0.03212  0.03178  0.00412  0.80968  -240.29280  -242.12038  4.99985   768
534.00  0.03213  0.03178  0.00331  0.80968  -241.52418  -243.33955  4.99985   768
535.00  0.03213  0.03178  0.00299  0.80968  -242.09029  -243.97890  4.99985   768
536.00  0.03213  0.03178  0.00324  0.80968  -241.69203  -243.64626  4.99985   768
537.00  0.03214  0.03178  0.00377  0.80968  -240.93825  -242.87416  4.99985   768
538.00  0.03212  0.03178  0.00422  0.80968  -240.23787  -242.18294  4.99985   768
539.00  0.03214  0.03178  0.00444  0.80968  -239.87013  -241.74196  4.99985   768
540.00  0.03214  0.03178  0.00415  0.80968  -240.25771  -242.12343  4.99985   768
541.00  0.03213  0.03178  0.00357  0.80968  -241.13814  -242.95351  4.99985   768
542.00  0.03213  0.03178  0.00282  0.80968  -242.23830  -244.06129  4.99985   768
543.00  0.03213  0.03178  0.00201  0.80968  -243.49409  -245.29878  4.99985   768
544.00  0.03212  0.03178  0.00144  0.80968  -244.39742  -246.21736  4.99985   768
545.00  0.03213  0.03178  0.00129  0.80968  -244.65376  -246.51643  4.99985   768
546.00  0.03212  0.03178  0.00149  0.80968  -244.38521  -246.29060  4.99985   768
547.00  0.03213  0.03178  0.00176  0.80968  -244.01137  -245.91524  4.99985   768
548.00  0.03212  0.03178  0.00192  0.80968  -243.73213  -245.65736  4.99985   768
549.00  0.03212  0.03178  0.00175  0.80968  -243.92744  -245.80385  4.99985   768
550.00  0.03213  0.03178  0.00125  0.80968  -244.66292  -246.49965  4.99985   768
551.00  0.03213  0.03178  0.00058  0.80968  -245.76460  -247.58302  4.99985   768
552.00  0.03213  0.03178  -0.00004  0.80968  -246.67403  -248.52754  4.99985   768
553.00  0.03213  0.03178  -0.00052  0.80968  -247.40645  -249.27370  4.99985   768
554.00  0.03213  0.03178  -0.00075  0.80968  -247.82912  -249.71620  4.99985   768
555.00  0.03212  0.03178  -0.00050  0.80968  -247.51479  -249.44460  4.99985   768
556.00  0.03214  0.03178  -0.00011  0.80968  -246.86629  -248.80678  4.99985   768
557.00  0.03213  0.03178  0.00027  0.80968  -246.29256  -248.17201  4.99985   768
558.00  0.03213  0.03178  0.00032  0.80968  -246.11708  -247.98738  4.99985   768
559.00  0.03213  0.03178  -0.00001  0.80968  -246.60994  -248.46193  4.99985   768
560.00  0.03212  0.03178  -0.00042  0.80968  -247.29353  -249.11806  4.99985   768
561.00  0.03213  0.03178  -0.00100  0.80968  -248.15260  -249.97865  4.99985   768
562.00  0.03214  0.03178  -0.00140  0.80968  -248.76906  -250.61952  4.99985   768
563.00  0.03213  0.03178  -0.00121  0.80968  -248.55391  -250.48067  4.99985   768
564.00  0.03213  0.03178  -0.00040  0.80968  -247.29506  -249.22182  4.99985   768
565.00  0.03214  0.03178  0.00370  0.80968  -241.66609  -244.16353  4.99985   768
566.00  0.03213  0.03178  0.00915  0.80968  -233.13795  -235.53926  4.99985   768
567.00  0.03214  0.03178  0.00935  0.80968  -232.10493  -233.79671  4.99985   768
568.00  0.03213  0.03178  0.01132  0.80968  -229.57808  -231.77339  4.99985   768
569.00  0.03213  0.03178  0.01350  0.80968  -225.99989  -227.96937  4.99985   768
570.00  0.03213  0.03178  0.01079  0.80968  -229.97023  -231.67879  4.99985   768
571.00  0.03213  0.03178  0.01240  0.80968  -227.83247  -229.91334  4.99985   768
572.00  0.03213  0.03178  0.01211  0.80968  -227.79280  -229.46321  4.99985   768
573.00  0.03213  0.03178  0.01069  0.80968  -230.46461  -232.46919  4.99985   768
574.00  0.03214  0.03178  0.01319  0.80968  -226.53090  -228.54768  4.99985   768
575.00  0.03213  0.03178  0.01217  0.80968  -227.73482  -229.42201  4.99985   768
576.00  0.03212  0.03178  0.01342  0.80968  -226.42256  -228.58278  4.99985   768
577.00  0.03212  0.03178  0.01434  0.80968  -224.54268  -226.33821  4.99985   768
578.00  0.03213  0.03178  0.01258  0.80968  -227.28316  -229.05427  4.99985   768
579.00  0.03213  0.03178  0.01387  0.80968  -225.45820  -227.43837  4.99985   768
580.00  0.03213  0.03178  0.01224  0.80968  -227.59596  -229.23891  4.99985   768
581.00  0.03213  0.03178  0.01158  0.80968  -228.99824  -230.97688  4.99985   768
582.00  0.03213  0.03178  0.01214  0.80968  -227.93623  -229.76228  4.99985   768
583.00  0.03213  0.03178  0.01097  0.80968  -229.78865  -231.65895  4.99985   768
584.00  0.03213  0.03178  0.01239  0.80968  -227.84010  -229.91640  4.99985   768
585.00  0.03213  0.03178  0.01264  0.80968  -227.17787  -228.99782  4.99985   768
586.00  0.03213  0.03178  0.01268  0.80968  -227.30299  -229.28316  4.99985   768
587.00  0.03214  0.03178  0.01358  0.80968  -225.80458  -227.71913  4.99985   768
588.00  0.03214  0.03178  0.01235  0.80968  -227.62953  -229.37929  4.99985   768
589.00  0.03211  0.03178  0.01240  0.80968  -227.69667  -229.64479  4.99985   768
590.00  0.03214  0.03178  0.01183  0.80968  -228.30550  -230.05830  4.99985   768
591.00  0.03214  0.03178  0.01087  0.80968  -229.96107  -231.82069  4.99985   768
592.00  0.03214  0.03178  0.01141  0.80968  -229.18898  -231.08522  4.99985   768
593.00  0.03212  0.03178  0.01148  0.80968  -229.05928  -230.93721  4.99985   768
594.00  0.03212  0.03178  0.01231  0.80968  -227.84773  -229.82484  4.99985   768
595.00  0.03213  0.03178  0.01301  0.80968  -226.67738  -228.57820  4.99985   768
596.00  0.03213  0.03178  0.01297  0.80968  -226.71706  -228.60567  4.99985   768
597.00  0.03212  0.03178  0.01326  0.80968  -226.32948  -228.22572  4.99985   768
598.00  0.03213  0.03178  0.01248  0.80968  -227.38234  -229.16109  4.99985   768
599.00  0.03212  0.03178  0.01171  0.80968  -228.63356  -230.49928  4.99985   768
600.00  0.03212  0.03178  0.01133  0.80968  -229.18745  -231.01350  4.99985   768
601.00  0.03213  0.03178  0.01084  0.80968  -229.99464  -231.87105  2.40627   768
602.00  0.03213  0.03178  0.01141  0.80968  -229.27443  -231.25459  1.54175   768
603.00  0.03213  0.03178  0.01182  0.80968  -228.55574  -230.45808  1.54175   768
604.00  0.03212  0.03178  0.01224  0.80968  -227.97133  -229.93776  1.54175   768
605.00  0.03211  0.03178  0.01295  0.80968  -226.83760  -228.77199  1.54175   768
606.00  0.03213  0.03178  0.01295  0.80968  -226.75673  -228.63313  1.54175   768
607.00  0.03214  0.03178  0.01288  0.80968  -226.86507  -228.73384  1.54175   768
608.00  0.03211  0.03178  0.01248  0.80968  -227.41591  -229.20991  1.54175   768
609.00  0.03212  0.03178  0.01159  0.80968  -228.81056  -230.63203  1.54175   768
610.00  0.03213  0.03178  0.01128  0.80968  -229.32173  -231.19050  1.54175   768
611.00  0.03213  0.03178  0.01107  0.80968  -229.64979  -231.52162  1.54175   768
612.00  0.03213  0.03178  0.01159  0.80968  -228.92042  -230.86397  1.53320   768
613.00  0.03212  0.03178  0.01229  0.80968  -227.86146  -229.80348  1.52954   768
614.00  0.03213  0.03178  0.01253  0.80968  -227.47389  -229.37776  1.52954   768
615.00  0.03212  0.03178  0.01280  0.80968  -227.05733  -228.96120  1.52954   768
616.00  0.03212  0.03178  0.01258  0.80968  -227.30910  -229.17940  1.52954   768
617.00  0.03212  0.03178  0.01235  0.80968  -227.64632  -229.49678  1.52954   768
618.00  0.03213  0.03178  0.01188  0.80968  -228.38179  -230.20631  1.52954   768
619.00  0.03213  0.03178  0.01136  0.80968  -229.24544  -231.12184  1.52954   768
620.00  0.03212  0.03178  0.01135  0.80968  -229.29426  -231.20424  1.52954   768
621.00  0.03212  0.03178  0.01163  0.80968  -228.89601  -230.82582  1.52954   768
622.00  0.03213  0.03178  0.01220  0.80968  -228.02779  -229.99422  1.52954   768
623.00  0.03212  0.03178  0.01289  0.80968  -226.92610  -228.84981  1.54297   768
624.00  0.03213  0.03178  0.01297  0.80968  -226.74910  -228.63008  1.55396   768
625.00  0.03214  0.03178  0.01290  0.80968  -226.83455  -228.69874  1.55396   768
626.00  0.03212  0.03178  0.01246  0.80968  -227.44490  -229.28010  1.55396   768
627.00  0.03212  0.03178  0.01192  0.80968  -228.31618  -230.13765  1.55396   768
628.00  0.03211  0.03178  0.01134  0.80968  -229.15694  -230.98451  1.55396   768
629.00  0.03212  0.03178  0.01102  0.80968  -229.72304  -231.57960  1.55396   768
630.00  0.03212  0.03178  0.01116  0.80968  -229.57350  -231.49415  1.55396   768
631.00  0.03211  0.03178  0.01170  0.80968  -228.79988  -230.74953  1.55396   768
632.00  0.03212  0.03178  0.01246  0.80968  -227.59596  -229.55019  1.55396   768
633.00  0.03213  0.03178  0.01301  0.80968  -226.69874  -228.62855  1.55396   768
634.00  0.03213  0.03178  0.01304  0.80968  -226.70180  -228.58430  1.46194   768
635.00  0.03212  0.03178  0.01289  0.80968  -226.87422  -228.75062  1.36993   768
636.00  0.03212  0.03178  0.01230  0.80968  -227.71193  -229.52577  1.36993   768
637.00  0.03213  0.03178  0.01160  0.80968  -228.82277  -230.66102  1.36993   768
638.00  0.03213  0.03178  0.01123  0.80968  -229.40108  -231.26375  1.36993   768
639.00  0.03212  0.03178  0.01105  0.80968  -229.67421  -231.56435  1.36993   768
640.00  0.03211  0.03178  0.01127  0.80968  -229.34462  -231.25307  1.36993   768
641.00  0.03212  0.03178  0.01177  0.80968  -228.68239  -230.62898  1.36993   768
642.00  0.03213  0.03178  0.01241  0.80968  -227.72108  -229.65852  1.36993   768
643.00  0.03213  0.03178  0.01282  0.80968  -227.02528  -228.92457  1.36993   768
644.00  0.03213  0.03178  0.01296  0.80968  -226.77351  -228.64686  1.36993   768
645.00  0.03213  0.03178  0.01269  0.80968  -227.13362  -228.95814  1.42815   768
646.00  0.03213  0.03178  0.01219  0.80968  -227.86757  -229.69362  1.53625   768
647.00  0.03213  0.03178  0.01154  0.80968  -228.88686  -230.71748  1.53625   768
648.00  0.03211  0.03178  0.01118  0.80968  -229.49415  -231.34462  1.53625   768
649.00  0.03212  0.03178  0.01134  0.80968  -229.28358  -231.21339  1.53625   768
650.00  0.03213  0.03178  0.01179  0.80968  -228.60609  -230.56642  1.53625   768
651.00  0.03211  0.03178  0.01249  0.80968  -227.58223  -229.53187  1.53625   768
652.00  0.03212  0.03178  0.01290  0.80968  -226.90474  -228.81319  1.53625   768
653.00  0.03213  0.03178  0.01296  0.80968  -226.74605  -228.62855  1.53625   768
654.00  0.03211  0.03178  0.01279  0.80968  -227.04512  -228.90474  1.53625   768
655.00  0.03211  0.03178  0.01243  0.80968  -227.51509  -229.36098  1.53625   768
656.00  0.03212  0.03178  0.01188  0.80968  -228.37263  -230.21089  1.60098   768
657.00  0.03211  0.03178  0.01137  0.80968  -229.15999  -230.99367  1.75201   768
658.00  0.03213  0.03178  0.01113  0.80968  -229.59181  -231.46516  1.75201   768
659.00  0.03211  0.03178  0.01143  0.80968  -229.18135  -231.09285  1.75201   768
660.00  0.03212  0.03178  0.01200  0.80968  -228.32228  -230.25514  1.75201   768
661.00  0.03212  0.03178  0.01264  0.80968  -227.31673  -229.24654  1.75201   768
662.00  0.03211  0.03178  0.01301  0.80968  -226.68501  -228.59041  1.75201   768
663.00  0.03213  0.03178  0.01299  0.80968  -226.67128  -228.55684  1.75201   768
664.00  0.03213  0.03178  0.01259  0.80968  -227.33198  -229.17024  1.75201   768
665.00  0.03211  0.03178  0.01194  0.80968  -228.27040  -230.10255  1.75201   768
666.00  0.03213  0.03178  0.01131  0.80968  -229.25612  -231.09743  1.75201   768
667.00  0.03212  0.03178  0.01096  0.80968  -229.80238  -231.68642  1.71061   768
668.00  0.03212  0.03178  0.01112  0.80968  -229.64674  -231.55672  1.47598   768
669.00  0.03213  0.03178  0.01164  0.80968  -228.86397  -230.83040  1.47598   768
670.00  0.03212  0.03178  0.01221  0.80968  -227.93318  -229.87367  1.47598   768
671.00  0.03211  0.03178  0.01271  0.80968  -227.19923  -229.14278  1.47598   768
672.00  0.03211  0.03178  0.01299  0.80968  -226.68806  -228.59956  1.47598   768
673.00  0.03212  0.03178  0.01287  0.80968  -226.88338  -228.74300  1.47598   768
674.00  0.03213  0.03178  0.01245  0.80968  -227.49373  -229.31978  1.47598   768
675.00  0.03212  0.03178  0.01176  0.80968  -228.52064  -230.33296  1.47598   768
676.00  0.03212  0.03178  0.01112  0.80968  -229.50484  -231.31715  1.47598   768
677.00  0.03212  0.03178  0.01094  0.80968  -229.85426  -231.73219  1.47598   768
678.00  0.03212  0.03178  0.01131  0.80968  -229.32936  -231.24238  1.48489   768
679.00  0.03211  0.03178  0.01192  0.80968  -228.45351  -230.39552  1.56509   768
680.00  0.03211  0.03178  0.01255  0.80968  -227.45100  -229.39607  1.56509   768
681.00  0.03213  0.03178  0.01301  0.80968  -226.72316  -228.63618  1.56509   768
682.00  0.03212  0.03178  0.01292  0.80968  -226.76741  -228.62550  1.56509   768
683.00  0.03213  0.03178  0.01252  0.80968  -227.43422  -229.27858  1.56509   768
684.00  0.03211  0.03178  0.01194  0.80968  -228.29939  -230.13307  1.56509   768
685.00  0.03211  0.03178  0.01141  0.80968  -229.11879  -230.96925  1.56509   768
686.00  0.03211  0.03178  0.01111  0.80968  -229.61165  -231.48195  1.56509   768
687.00  0.03212  0.03178  0.01119  0.80968  -229.49110  -231.39650  1.56509   768
688.00  0.03211  0.03178  0.01168  0.80968  -228.85023  -230.78767  1.56509   768
689.00  0.03211  0.03178  0.01226  0.80968  -227.93165  -229.88130  1.56509   768
690.00  0.03213  0.03178  0.01279  0.80968  -227.02986  -228.93678  1.37839   768
691.00  0.03212  0.03178  0.01296  0.80968  -226.82234  -228.68654  1.36856   768
692.00  0.03211  0.03178  0.01269  0.80968  -227.14583  -228.99019  1.36856   768
693.00  0.03212  0.03178  0.01216  0.80968  -227.96065  -229.77296  1.36856   768
694.00  0.03211  0.03178  0.01160  0.80968  -228.74495  -230.56795  1.36856   768
695.00  0.03211  0.03178  0.01108  0.80968  -229.63911  -231.46821  1.36856   768
696.00  0.03211  0.03178  0.01116  0.80968  -229.55977  -231.47890  1.36856   768
697.00  0.03212  0.03178  0.01151  0.80968  -229.03181  -230.96162  1.36856   768
698.00  0.03211  0.03178  0.01196  0.80968  -228.35890  -230.27498  1.36856   768
699.00  0.03211  0.03178  0.01253  0.80968  -227.49831  -229.42506  1.36856   768
700.00  0.03213  0.03178  0.01282  0.80968  -227.04054  -228.93526  1.36856   768
701.00  0.03212  0.03178  0.01276  0.80968  -227.05275  -228.94136  1.45713   768
702.00  0.03212  0.03178  0.01240  0.80968  -227.58528  -229.44643  1.46179   768
703.00  0.03212  0.03178  0.01191  0.80968  -228.40010  -230.24599  1.46179   768
704.00  0.03212  0.03178  0.01138  0.80968  -229.14168  -230.99367  1.46179   768
705.00  0.03212  0.03178  0.01108  0.80968  -229.65742  -231.53078  1.46179   768
706.00  0.03212  0.03178  0.01124  0.80968  -229.46059  -231.36140  1.46179   768
707.00  0.03212  0.03178  0.01178  0.80968  -228.59846  -230.52370  1.46179   768
708.00  0.03211  0.03178  0.01249  0.80968  -227.61732  -229.55781  1.46179   768
709.00  0.03211  0.03178  0.01285  0.80968  -226.94289  -228.84370  1.46179   768
710.00  0.03211  0.03178  0.01292  0.80968  -226.81776  -228.68501  1.46179   768
711.00  0.03211  0.03178  0.01263  0.80968  -227.19618  -229.02833  1.46179   768
712.00  0.03212  0.03178  0.01216  0.80968  -227.98964  -229.83247  1.54854   768
713.00  0.03212  0.03178  0.01174  0.80968  -228.59999  -230.43977  1.57745   768
714.00  0.03212  0.03178  0.01139  0.80968  -229.17982  -231.04402  1.57745   768
715.00  0.03212  0.03178  0.01128  0.80968  -229.31258  -231.20424  1.57745   768
716.00  0.03211  0.03178  0.01150  0.80968  -229.07454  -230.97993  1.57745   768
717.00  0.03212  0.03178  0.01210  0.80968  -228.19716  -230.16359  1.57745   768
718.00  0.03211  0.03178  0.01261  0.80968  -227.37623  -229.30147  1.57745   768
719.00  0.03213  0.03178  0.01288  0.80968  -226.90474  -228.82234  1.57745   768
720.00  0.03213  0.03178  0.01279  0.80968  -227.02681  -228.89711  1.57745   768
721.00  0.03211  0.03178  0.01246  0.80968  -227.46626  -229.33656  1.57745   768
722.00  0.03213  0.03178  0.01197  0.80968  -228.21089  -230.03847  1.57745   768
723.00  0.03212  0.03178  0.01152  0.80968  -228.97230  -230.81972  1.42941   768
724.00  0.03212  0.03178  0.01125  0.80968  -229.37208  -231.23628  1.36597   768
725.00  0.03210  0.03178  0.01139  0.80968  -229.22102  -231.11574  1.36597   768
726.00  0.03212  0.03178  0.01188  0.80968  -228.45656  -230.39247  1.36597   768
727.00  0.03212  0.03178  0.01240  0.80968  -227.64937  -229.55781  1.36597   768
728.00  0.03213  0.03178  0.01276  0.80968  -227.11073  -229.01002  1.36597   768
729.00  0.03211  0.03178  0.01290  0.80968  -226.85286  -228.72774  1.36597   768
730.00  0.03211  0.03178  0.01261  0.80968  -227.26790  -229.09852  1.36597   768
731.00  0.03210  0.03178  0.01218  0.80968  -227.89961  -229.75618  1.36597   768
732.00  0.03212  0.03178  0.01161  0.80968  -228.78310  -230.61067  1.36597   768
733.00  0.03211  0.03178  0.01126  0.80968  -229.37361  -231.23476  1.36597   768
734.00  0.03211  0.03178  0.01117  0.80968  -229.53535  -231.43159  1.47034   768
735.00  0.03210  0.03178  0.01159  0.80968  -228.91127  -230.85786  1.53992   768
736.00  0.03212  0.03178  0.01212  0.80968  -228.10103  -230.04915  1.53992   768
737.00  0.03211  0.03178  0.01261  0.80968  -227.37471  -229.30299  1.53992   768
738.00  0.03210  0.03178  0.01292  0.80968  -226.89711  -228.78877  1.53992   768
739.00  0.03211  0.03178  0.01286  0.80968  -226.82387  -228.70027  1.53992   768
740.00  0.03212  0.03178  0.01249  0.80968  -227.42964  -229.27248  1.53992   768
741.00  0.03212  0.03178  0.01188  0.80968  -228.35432  -230.16969  1.53992   768
742.00  0.03211  0.03178  0.01132  0.80968  -229.24696  -231.08064  1.53992   768
743.00  0.03211  0.03178  0.01110  0.80968  -229.59029  -231.45143  1.53992   768
744.00  0.03212  0.03178  0.01140  0.80968  -229.21187  -231.11421  1.53992   768
745.00  0.03211  0.03178  0.01193  0.80968  -228.41688  -230.36348  1.63117   768
746.00  0.03211  0.03178  0.01252  0.80968  -227.51204  -229.42964  1.74271   768
747.00  0.03211  0.03178  0.01285  0.80968  -226.96120  -228.86812  1.74271   768
748.00  0.03211  0.03178  0.01282  0.80968  -226.96272  -228.82539  1.74271   768
749.00  0.03210  0.03178  0.01258  0.80968  -227.32893  -229.19771  1.74271   768
750.00  0.03212  0.03178  0.01214  0.80968  -227.99422  -229.83705  1.74271   768
751.00  0.03212  0.03178  0.01168  0.80968  -228.67018  -230.52217  1.74271   768
752.00  0.03211  0.03178  0.01131  0.80968  -229.32631  -231.20271  1.74271   768
753.00  0.03211  0.03178  0.01130  0.80968  -229.34004  -231.24391  1.74271   768
754.00  0.03212  0.03178  0.01167  0.80968  -228.82277  -230.77547  1.74271   768
755.00  0.03210  0.03178  0.01228  0.80968  -227.81569  -229.78059  1.74271   768
756.00  0.03210  0.03178  0.01292  0.80968  -226.91237  -228.82387  1.74239   768
757.00  0.03211  0.03178  0.01319  0.80968  -226.38136  -228.27455  1.74179   768
758.00  0.03211  0.03178  0.01299  0.80968  -226.66670  -228.52022  1.74179   768
759.00  0.03211  0.03178  0.01247  0.80968  -227.45711  -229.27095  1.74179   768
760.00  0.03212  0.03178  0.01171  0.80968  -228.61372  -230.41994  1.74179   768
761.00  0.03210  0.03178  0.01129  0.80968  -229.28816  -231.13405  1.74179   768
762.00  0.03211  0.03178  0.01117  0.80968  -229.45448  -231.32631  1.74179   768
763.00  0.03211  0.03178  0.01138  0.80968  -229.26375  -231.16151  1.74179   768
764.00  0.03210  0.03178  0.01187  0.80968  -228.51912  -230.46876  1.74179   768
765.00  0.03210  0.03178  0.01251  0.80968  -227.48305  -229.40065  1.74179   768
766.00  0.03211  0.03178  0.01291  0.80968  -226.88490  -228.82692  1.74179   768
767.00  0.03212  0.03178  0.01300  0.80968  -226.72774  -228.61330  1.69450   768
768.00  0.03211  0.03178  0.01264  0.80968  -227.18397  -229.04512  1.58417   768
769.00  0.03211  0.03178  0.01205  0.80968  -228.09950  -229.92250  1.58417   768
770.00  0.03211  0.03178  0.01142  0.80968  -229.10811  -230.95705  1.58417   768
771.00  0.03210  0.03178  0.01113  0.80968  -229.57197  -231.44685  1.58417   768
772.00  0.03212  0.03178  0.01121  0.80968  -229.50331  -231.40108  1.58417   768
773.00  0.03210  0.03178  0.01163  0.80968  -228.84413  -230.77547  1.58417   768
774.00  0.03212  0.03178  0.01217  0.80968  -227.98964  -229.93471  1.58417   768
775.00  0.03211  0.03178  0.01273  0.80968  -227.11684  -229.02833  1.58417   768
776.00  0.03212  0.03178  0.01301  0.80968  -226.71858  -228.60872  1.58417   768
777.00  0.03211  0.03178  0.01292  0.80968  -226.79030  -228.64534  1.58417   768
778.00  0.03210  0.03178  0.01244  0.80968  -227.50441  -229.33504  1.59628   768
779.00  0.03211  0.03178  0.01179  0.80968  -228.46876  -230.27193  1.70532   768
780.00  0.03212  0.03178  0.01125  0.80968  -229.34920  -231.19203  1.70532   768
781.00  0.03212  0.03178  0.01109  0.80968  -229.55672  -231.41634  1.70532   768
782.00  0.03212  0.03178  0.01140  0.80968  -229.20882  -231.13557  1.70532   768
783.00  0.03211  0.03178  0.01188  0.80968  -228.48402  -230.43825  1.70532   768
784.00  0.03211  0.03178  0.01244  0.80968  -227.66005  -229.61122  1.70532   768
785.00  0.03211  0.03178  0.01288  0.80968  -226.92457  -228.86354  1.70532   768
786.00  0.03210  0.03178  0.01303  0.80968  -226.66975  -228.56599  1.70532   768
787.00  0.03212  0.03178  0.01286  0.80968  -226.87117  -228.74910  1.70532   768
788.00  0.03210  0.03178  0.01217  0.80968  -227.84621  -229.66005  1.70532   768
789.00  0.03211  0.03178  0.01157  0.80968  -228.86549  -230.69459  1.68802   768
790.00  0.03211  0.03178  0.01115  0.80968  -229.54451  -231.39650  1.53229   768
791.00  0.03210  0.03178  0.01130  0.80968  -229.30800  -231.22407  1.53229   768
792.00  0.03211  0.03178  0.01166  0.80968  -228.77852  -230.68086  1.53229   768
793.00  0.03211  0.03178  0.01223  0.80968  -227.93318  -229.85994  1.53229   768
794.00  0.03211  0.03178  0.01271  0.80968  -227.21602  -229.13057  1.53229   768
795.00  0.03210  0.03178  0.01291  0.80968  -226.87727  -228.76588  1.53229   768
796.00  0.03210  0.03178  0.01286  0.80968  -226.88338  -228.75062  1.53229   768
797.00  0.03211  0.03178  0.01246  0.80968  -227.49373  -229.32893  1.53229   768
798.00  0.03211  0.03178  0.01195  0.80968  -228.25819  -230.08272  1.53229   768
799.00  0.03211  0.03178  0.01138  0.80968  -229.17677  -231.02418  1.53229   768
800.00  0.03211  0.03178  0.01118  0.80968  -229.50178  -231.37971  1.53229   768
801.00  0.03211  0.03178  0.01133  0.80968  -229.29579  -231.20882  1.75654   768
802.00  0.03211  0.03178  0.01186  0.80968  -228.53438  -230.51454  1.76834   768
803.00  0.03210  0.03178  0.01256  0.80968  -227.43269  -229.38997  1.76834   768
804.00  0.03211  0.03178  0.01282  0.80968  -227.00850  -228.91847  1.76834   768
805.00  0.03211  0.03178  0.01285  0.80968  -226.89711  -228.76893  1.76834   768
806.00  0.03212  0.03178  0.01253  0.80968  -227.37776  -229.22365  1.76834   768
807.00  0.03210  0.03178  0.01198  0.80968  -228.24293  -230.06135  1.76834   768
808.00  0.03211  0.03178  0.01145  0.80968  -228.99977  -230.83192  1.76834   768
809.00  0.03210  0.03178  0.01123  0.80968  -229.41023  -231.28358  1.76834   768
810.00  0.03211  0.03178  0.01132  0.80968  -229.28358  -231.17372  1.76834   768
811.00  0.03211  0.03178  0.01161  0.80968  -228.86702  -230.78310  1.76834   768
812.00  0.03211  0.03178  0.01223  0.80968  -227.95454  -229.87977  1.53859   768
813.00  0.03210  0.03178  0.01273  0.80968  -227.15803  -229.09852  1.51306   768
814.00  0.03210  0.03178  0.01295  0.80968  -226.79487  -228.66823  1.51306   768
815.00  0.03211  0.03178  0.01275  0.80968  -227.05122  -228.91542  1.51306   768
816.00  0.03211  0.03178  0.01229  0.80968  -227.72871  -229.57155  1.51306   768
817.00  0.03212  0.03178  0.01163  0.80968  -228.74342  -230.57558  1.51306   768
818.00  0.03210  0.03178  0.01123  0.80968  -229.35683  -231.22560  1.51306   768
819.00  0.03210  0.03178  0.01112  0.80968  -229.63148  -231.54298  1.51306   768
820.00  0.03211  0.03178  0.01147  0.80968  -229.14625  -231.06081  1.51306   768
821.00  0.03211  0.03178  0.01193  0.80968  -228.38179  -230.32075  1.51306   768
822.00  0.03210  0.03178  0.01255  0.80968  -227.51509  -229.46321  1.51306   768
823.00  0.03210  0.03178  0.01298  0.80968  -226.73079  -228.64076  3.05664   768
824.00  0.03211  0.03178  0.01299  0.80968  -226.68349  -228.55226  3.57117   768
825.00  0.03211  0.03178  0.01267  0.80968  -227.10921  -228.94594  3.57117   768
826.00  0.03210  0.03178  0.01213  0.80968  -228.01100  -229.83858  3.57117   768
827.00  0.03210  0.03178  0.01151  0.80968  -228.91279  -230.72664  3.57117   768
828.00  0.03210  0.03178  0.01114  0.80968  -229.53383  -231.37361  3.57117   768
829.00  0.03210  0.03178  0.01134  0.80968  -229.29121  -231.21034  3.57117   768
830.00  0.03210  0.03178  0.01169  0.80968  -228.77699  -230.69002  3.57117   768
831.00  0.03211  0.03178  0.01222  0.80968  -227.91945  -229.85078  3.57117   768
832.00  0.03211  0.03178  0.01264  0.80968  -227.27858  -229.21907  3.57117   768
833.00  0.03212  0.03178  0.01294  0.80968  -226.75368  -228.66670  3.57117   768
834.00  0.03212  0.03178  0.01270  0.80968  -227.12446  -228.96883  4.57124   768
835.00  0.03210  0.03178  0.01226  0.80968  -227.82484  -229.67073  4.99985   768
836.00  0.03210  0.03178  0.01166  0.80968  -228.72664  -230.56642  4.99985   768
837.00  0.03211  0.03178  0.01124  0.80968  -229.37971  -231.26375  4.99985   768
838.00  0.03211  0.03178  0.01118  0.80968  -229.48042  -231.36446  4.99985   768
839.00  0.03211  0.03178  0.01141  0.80968  -229.19813  -231.12489  4.99985   768
840.00  0.03211  0.03178  0.01200  0.80968  -228.37874  -230.32991  4.99985   768
841.00  0.03211  0.03178  0.01257  0.80968  -227.40065  -229.32588  4.99985   768
842.00  0.03211  0.03178  0.01290  0.80968  -226.88338  -228.76588  4.99985   768
843.00  0.03211  0.03178  0.01285  0.80968  -226.90932  -228.77809  4.99985   768
844.00  0.03211  0.03178  0.01251  0.80968  -227.41591  -229.24654  4.99985   768
845.00  0.03210  0.03178  0.01201  0.80968  -228.15596  -229.97896  4.99985   768
846.00  0.03210  0.03178  0.01143  0.80968  -229.03487  -230.86244  4.99985   768
847.00  0.03211  0.03178  0.01118  0.80968  -229.48805  -231.34920  4.99985   768
848.00  0.03212  0.03178  0.01124  0.80968  -229.36903  -231.28206  4.99985   768
849.00  0.03210  0.03178  0.01167  0.80968  -228.78767  -230.71901  4.99985   768
850.00  0.03210  0.03178  0.01230  0.80968  -227.84010  -229.79127  4.99985   768
851.00  0.03210  0.03178  0.01285  0.80968  -227.02833  -228.95967  4.99985   768
852.00  0.03209  0.03178  0.01303  0.80968  -226.68654  -228.61482  4.99985   768
853.00  0.03209  0.03178  0.01290  0.80968  -226.83455  -228.69569  4.99985   768
854.00  0.03210  0.03178  0.01238  0.80968  -227.58833  -229.44337  4.99985   768
855.00  0.03210  0.03178  0.01180  0.80968  -228.48707  -230.30855  4.99985   768
856.00  0.03210  0.03178  0.01138  0.80968  -229.22560  -231.10200  4.99985   768
857.00  0.03209  0.03178  0.01130  0.80968  -229.30647  -231.17219  4.99985   768
858.00  0.03212  0.03178  0.01151  0.80968  -229.01350  -230.92500  4.99985   768
859.00  0.03210  0.03178  0.01198  0.80968  -228.30550  -230.22310  4.99985   768
860.00  0.03211  0.03178  0.01262  0.80968  -227.30147  -229.23585  4.99985   768
861.00  0.03211  0.03178  0.01300  0.80968  -226.68959  -228.57515  4.99985   768
862.00  0.03210  0.03178  0.01300  0.80968  -226.69722  -228.57057  4.99985   768
863.00  0.03210  0.03178  0.01268  0.80968  -227.16109  -229.00850  4.99985   768
864.00  0.03210  0.03178  0.01219  0.80968  -227.84163  -229.69514  4.99985   768
865.00  0.03210  0.03178  0.01152  0.80968  -228.93263  -230.76173  4.99985   768
866.00  0.03210  0.03178  0.01123  0.80968  -229.43007  -231.31258  4.99985   768
867.00  0.03211  0.03178  0.01129  0.80968  -229.27748  -231.20576  4.99985   768
868.00  0.03210  0.03178  0.01176  0.80968  -228.68239  -230.63661  4.99985   768
869.00  0.03210  0.03178  0.01241  0.80968  -227.71040  -229.67226  4.99985   768
870.00  0.03210  0.03178  0.01288  0.80968  -226.93983  -228.87575  4.99985   768
871.00  0.03210  0.03178  0.01293  0.80968  -226.80250  -228.68196  4.99985   768
872.00  0.03211  0.03178  0.01274  0.80968  -227.08174  -228.91695  4.99985   768
873.00  0.03211  0.03178  0.01221  0.80968  -227.84315  -229.67988  4.99985   768
874.00  0.03211  0.03178  0.01171  0.80968  -228.61067  -230.43367  4.99985   768
875.00  0.03210  0.03178  0.01128  0.80968  -229.24849  -231.10200  4.99985   768
876.00  0.03211  0.03178  0.01121  0.80968  -229.44380  -231.32783  4.99985   768
877.00  0.03211  0.03178  0.01145  0.80968  -229.08675  -230.99367  4.99985   768
878.00  0.03211  0.03178  0.01207  0.80968  -228.22157  -230.16054  4.99985   768
879.00  0.03211  0.03178  0.01271  0.80968  -227.24348  -229.17024  4.99985   768
880.00  0.03211  0.03178  0.01297  0.80968  -226.77962  -228.67128  4.99985   768
881.00  0.03212  0.03178  0.01291  0.80968  -226.82844  -228.71858  4.99985   768
882.00  0.03210  0.03178  0.01258  0.80968  -227.31825  -229.15498  4.99985   768
883.00  0.03211  0.03178  0.01202  0.80968  -228.15596  -229.99422  4.99985   768
884.00  0.03210  0.03178  0.01151  0.80968  -228.94331  -230.78310  4.99985   768
885.00  0.03210  0.03178  0.01128  0.80968  -229.35988  -231.24544  4.99985   768
886.00  0.03211  0.03178  0.01134  0.80968  -229.31563  -231.22407  4.99985   768
887.00  0.03210  0.03178  0.01186  0.80968  -228.53285  -230.49470  4.99985   768
888.00  0.03210  0.03178  0.01250  0.80968  -227.56697  -229.52577  4.99985   768
889.00  0.03211  0.03178  0.01296  0.80968  -226.73994  -228.64839  4.99985   768
890.00  0.03211  0.03178  0.01302  0.80968  -226.67280  -228.55684  4.99985   768
891.00  0.03210  0.03178  0.01278  0.80968  -227.04817  -228.87727  4.99985   768
892.00  0.03209  0.03178  0.01223  0.80968  -227.81721  -229.63258  4.99985   768
893.00  0.03210  0.03178  0.01170  0.80968  -228.65034  -230.50539  4.99985   768
894.00  0.03210  0.03178  0.01128  0.80968  -229.30495  -231.14320  4.99985   768
895.00  0.03210  0.03178  0.01127  0.80968  -229.36293  -231.24696  4.99985   768
896.00  0.03211  0.03178  0.01163  0.80968  -228.85023  -230.77241  4.99985   768
897.00  0.03209  0.03178  0.01211  0.80968  -228.07661  -230.00490  4.99985   768
898.00  0.03211  0.03178  0.01273  0.80968  -227.19008  -229.13515  4.99985   768
899.00  0.03211  0.03178  0.01293  0.80968  -226.83913  -228.71553  4.99985   768
900.00  0.03210  0.03178  0.01291  0.80968  -226.81471  -228.69874  4.99985   768
901.00  0.03210  0.03178  0.01243  0.80968  -227.56087  -229.40675  4.99985   768
902.00  0.03210  0.03178  0.01183  0.80968  -228.43062  -230.26582  4.99985   768
903.00  0.03210  0.03178  0.01129  0.80968  -229.26375  -231.10811  4.99985   768
904.00  0.03210  0.03178  0.01110  0.80968  -229.63759  -231.52162  4.99985   768
905.00  0.03211  0.03178  0.01124  0.80968  -229.45448  -231.35988  4.99985   768
906.00  0.03211  0.03178  0.01173  0.80968  -228.75410  -230.69459  4.99985   768
907.00  0.03208  0.03178  0.01240  0.80968  -227.66920  -229.61122  4.99985   768
908.00  0.03211  0.03178  0.01289  0.80968  -226.91847  -228.83302  4.99985   768
909.00  0.03209  0.03178  0.01296  0.80968  -226.79487  -228.66823  4.99985   768
910.00  0.03210  0.03178  0.01277  0.80968  -227.01613  -228.86507  4.99985   768
911.00  0.03210  0.03178  0.01228  0.80968  -227.75008  -229.56087  4.99985   768
912.00  0.03210  0.03178  0.01161  0.80968  -228.77394  -230.59999  4.99985   768
913.00  0.03210  0.03178  0.01123  0.80968  -229.40260  -231.24086  4.99985   768
914.00  0.03210  0.03178  0.01117  0.80968  -229.54146  -231.43159  4.99985   768
915.00  0.03210  0.03178  0.01152  0.80968  -229.04402  -230.97230  4.99985   768
916.00  0.03210  0.03178  0.01212  0.80968  -228.12392  -230.08577  4.99985   768
917.00  0.03210  0.03178  0.01264  0.80968  -227.30604  -229.24501  4.99985   768
918.00  0.03210  0.03178  0.01294  0.80968  -226.82997  -228.73842  4.99985   768
919.00  0.03210  0.03178  0.01296  0.80968  -226.78419  -228.68349  4.99985   768
920.00  0.03211  0.03178  0.01263  0.80968  -227.22060  -229.07106  4.99985   768
921.00  0.03209  0.03178  0.01209  0.80968  -228.04762  -229.88893  4.99985   768
922.00  0.03208  0.03178  0.01157  0.80968  -228.82735  -230.65492  4.99985   768
923.00  0.03211  0.03178  0.01133  0.80968  -229.27595  -231.17067  4.99985   768
924.00  0.03210  0.03178  0.01150  0.80968  -228.99672  -230.87617  4.99985   768
925.00  0.03210  0.03178  0.01196  0.80968  -228.35127  -230.29024  4.99985   768
926.00  0.03209  0.03178  0.01258  0.80968  -227.41591  -229.35487  4.99985   768
927.00  0.03210  0.03178  0.01300  0.80968  -226.71248  -228.59956  4.99985   768
928.00  0.03210  0.03178  0.01307  0.80968  -226.57057  -228.45766  4.99985   768
929.00  0.03211  0.03178  0.01281  0.80968  -226.94441  -228.78877  4.99985   768
930.00  0.03210  0.03178  0.01227  0.80968  -227.75008  -229.57918  4.99985   768
931.00  0.03211  0.03178  0.01161  0.80968  -228.78462  -230.60915  4.99985   768
932.00  0.03210  0.03178  0.01122  0.80968  -229.37361  -231.23781  4.99985   768
933.00  0.03210  0.03178  0.01119  0.80968  -229.48805  -231.38124  4.99985   768
934.00  0.03211  0.03178  0.01156  0.80968  -229.02113  -230.97078  4.99985   768
935.00  0.03211  0.03178  0.01219  0.80968  -228.01558  -229.97285  4.99985   768
936.00  0.03210  0.03178  0.01277  0.80968  -227.10310  -229.04664  4.99985   768
937.00  0.03210  0.03178  0.01307  0.80968  -226.61635  -228.52937  4.99985   768
938.00  0.03210  0.03178  0.01305  0.80968  -226.64534  -228.51716  4.99985   768
939.00  0.03210  0.03178  0.01265  0.80968  -227.23433  -229.06801  4.99985   768
940.00  0.03210  0.03178  0.01192  0.80968  -228.29329  -230.10713  4.99985   768
941.00  0.03209  0.03178  0.01146  0.80968  -229.00587  -230.85329  4.99985   768
942.00  0.03210  0.03178  0.01119  0.80968  -229.50636  -231.35072  4.99985   768
943.00  0.03210  0.03178  0.01138  0.80968  -229.18288  -231.06996  4.99985   768
944.00  0.03212  0.03178  0.01180  0.80968  -228.54048  -230.46419  4.99985   768
945.00  0.03210  0.03178  0.01268  0.80968  -227.29536  -229.27095  4.99985   768
946.00  0.03212  0.03178  0.01325  0.80968  -226.36763  -228.29133  4.99985   768
947.00  0.03211  0.03178  0.01330  0.80968  -226.22572  -228.11128  4.99985   768
948.00  0.03212  0.03178  0.01370  0.80968  -225.74049  -227.71150  4.99985   768
949.00  0.03211  0.03178  0.01471  0.80968  -224.07271  -225.98726  4.99985   768
950.00  0.03211  0.03178  0.01422  0.80968  -224.72121  -226.53810  4.99985   768
951.00  0.03209  0.03178  0.01400  0.80968  -225.20949  -227.11641  4.99985   768
952.00  0.03211  0.03178  0.01378  0.80968  -225.51161  -227.40175  4.99985   768
953.00  0.03210  0.03178  0.01378  0.80968  -225.52992  -227.42311  4.99985   768
954.00  0.03209  0.03178  0.01434  0.80968  -224.70289  -226.63576  4.99985   768
955.00  0.03210  0.03178  0.01442  0.80968  -224.52437  -226.41298  4.99985   768
956.00  0.03212  0.03178  0.01451  0.80968  -224.38551  -226.27565  4.99985   768
957.00  0.03211  0.03178  0.01444  0.80968  -224.46333  -226.29701  4.99985   768
958.00  0.03211  0.03178  0.01378  0.80968  -225.45363  -227.27968  4.99985   768
959.00  0.03209  0.03178  0.01308  0.80968  -226.51869  -228.31575  4.99985   768
960.00  0.03211  0.03178  0.01245  0.80968  -227.43880  -229.25416  4.99985   768
961.00  0.03210  0.03178  0.01216  0.80968  -227.99879  -229.85536  4.99985   768
962.00  0.03211  0.03178  0.01233  0.80968  -227.77754  -229.68141  4.99985   768
963.00  0.03210  0.03178  0.01267  0.80968  -227.26942  -229.18550  4.99985   768
964.00  0.03212  0.03178  0.01320  0.80968  -226.45003  -228.38136  4.99985   768
965.00  0.03211  0.03178  0.01372  0.80968  -225.62605  -227.54671  4.99985   768
966.00  0.03212  0.03178  0.01366  0.80968  -225.69014  -227.56502  4.99985   768
967.00  0.03210  0.03178  0.01323  0.80968  -226.35237  -228.20589  4.99985   768
968.00  0.03210  0.03178  0.01265  0.80968  -227.17634  -229.00545  4.99985   768
969.00  0.03211  0.03178  0.01217  0.80968  -227.98048  -229.84773  4.99985   768
970.00  0.03210  0.03178  0.01180  0.80968  -228.48250  -230.32838  4.99985   768
971.00  0.03211  0.03178  0.01158  0.80968  -228.87160  -230.76021  4.99985   768
972.00  0.03211  0.03178  0.01222  0.80968  -228.01863  -229.99727  4.99985   768
973.00  0.03213  0.03178  0.01297  0.80968  -226.86964  -228.80403  4.99985   768
974.00  0.03211  0.03178  0.01331  0.80968  -226.24861  -228.14638  4.99985   768
975.00  0.03211  0.03178  0.01329  0.80968  -226.23488  -228.10213  4.99985   768
976.00  0.03211  0.03178  0.01278  0.80968  -226.93220  -228.75520  4.99985   768
977.00  0.03210  0.03178  0.01204  0.80968  -228.10103  -229.88588  4.99985   768
978.00  0.03211  0.03178  0.01116  0.80968  -229.45296  -231.25459  4.99985   768
979.00  0.03211  0.03178  0.01053  0.80968  -230.43715  -232.26472  4.99985   768
980.00  0.03209  0.03178  0.01016  0.80968  -231.03224  -232.88423  4.99985   768
981.00  0.03209  0.03178  0.01006  0.80968  -231.22145  -233.12074  4.99985   768
982.00  0.03210  0.03178  0.01031  0.80968  -230.84914  -232.76216  4.99985   768
983.00  0.03209  0.03178  0.01058  0.80968  -230.44783  -232.36696  4.99985   768
984.00  0.03210  0.03178  0.01054  0.80968  -230.48140  -232.36848  4.99985   768
985.00  0.03209  0.03178  0.01030  0.80968  -230.84608  -232.69960  4.99985   768
986.00  0.03210  0.03178  0.00985  0.80968  -231.51137  -233.36793  4.99985   768
987.00  0.03210  0.03178  0.00916  0.80968  -232.51692  -234.36128  4.99985   768
988.00  0.03209  0.03178  0.00853  0.80968  -233.53316  -235.34853  4.99985   768
989.00  0.03211  0.03178  0.00827  0.80968  -233.96956  -235.86580  4.99985   768
990.00  0.03210  0.03178  0.00836  0.80968  -233.88869  -235.80476  4.99985   768
991.00  0.03210  0.03178  0.00892  0.80968  -232.98079  -234.90755  4.99985   768
992.00  0.03210  0.03178  0.00975  0.80968  -231.82722  -233.78755  4.99985   768
993.00  0.03211  0.03178  0.01039  0.80968  -230.75301  -232.64925  4.99985   768
994.00  0.03210  0.03178  0.01057  0.80968  -230.43257  -232.30592  4.99985   768
995.00  0.03211  0.03178  0.01040  0.80968  -230.70723  -232.55617  4.99985   768
996.00  0.03211  0.03178  0.00992  0.80968  -231.35878  -233.19856  4.99985   768
997.00  0.03210  0.03178  0.00928  0.80968  -232.33534  -234.14766  4.99985   768
998.00  0.03210  0.03178  0.00875  0.80968  -233.15016  -234.98842  4.99985   768
999.00  0.03210  0.03178  0.00835  0.80968  -233.83375  -235.69490  4.99985   768
1000.00  0.03210  0.03178  0.00848  0.80968  -233.75746  -235.68422  4.99985   768
1001.00  0.03209  0.03178  0.00892  0.80968  -233.01588  -234.95180  4.99985   768
1002.00  0.03210  0.03178  0.00936  0.80968  -232.33382  -234.26668  4.99985   768
1003.00  0.03209  0.03178  0.00965  0.80968  -231.90047  -233.82265  4.99985   768
1004.00  0.03210  0.03178  0.00942  0.80968  -232.18581  -234.02711  4.99985   768
1005.00  0.03210  0.03178  0.00886  0.80968  -232.98384  -234.80836  4.99985   768
1006.00  0.03209  0.03178  0.00817  0.80968  -234.04127  -235.86732  4.99985   768
1007.00  0.03209  0.03178  0.00750  0.80968  -235.09871  -236.91713  4.99985   768
1008.00  0.03208  0.03178  0.00708  0.80968  -235.76857  -237.61598  4.99985   768
1009.00  0.03209  0.03178  0.00699  0.80968  -235.91963  -237.80824  4.99985   768
1010.00  0.03210  0.03178  0.00729  0.80968  -235.49239  -237.40999  4.99985   768
1011.00  0.03209  0.03178  0.00774  0.80968  -234.86220  -236.77370  4.99985   768
1012.00  0.03209  0.03178  0.00811  0.80968  -234.23354  -236.13435  4.99985   768
1013.00  0.03210  0.03178  0.00821  0.80968  -234.08247  -235.96040  4.99985   768
1014.00  0.03210  0.03178  0.00794  0.80968  -234.38307  -236.22743  4.99985   768
1015.00  0.03207  0.03178  0.00747  0.80968  -235.21620  -237.05751  4.99985   768
1016.00  0.03210  0.03178  0.00679  0.80968  -236.17598  -238.00508  4.99985   768
1017.00  0.03208  0.03178  0.00635  0.80968  -236.89162  -238.75124  4.99985   768
1018.00  0.03208  0.03178  0.00619  0.80968  -237.16170  -239.04726  4.99985   768
1019.00  0.03210  0.03178  0.00655  0.80968  -236.67647  -238.61848  4.99985   768
1020.00  0.03210  0.03178  0.00720  0.80968  -235.70296  -237.65413  4.99985   768
1021.00  0.03209  0.03178  0.00785  0.80968  -234.68062  -236.63026  4.99985   768
1022.00  0.03208  0.03178  0.00830  0.80968  -233.98176  -235.90852  4.99985   768
1023.00  0.03210  0.03178  0.00829  0.80968  -233.89326  -235.75441  4.99985   768
1024.00  0.03210  0.03178  0.00789  0.80968  -234.49446  -236.33424  4.99985   768
1025.00  0.03209  0.03178  0.00735  0.80968  -235.33980  -237.15059  4.99985   768
1026.00  0.03209  0.03178  0.00676  0.80968  -236.22786  -238.05086  4.99985   768
1027.00  0.03208  0.03178  0.00635  0.80968  -236.88551  -238.75124  4.99985   768
1028.00  0.03209  0.03178  0.00630  0.80968  -236.98927  -238.86415  4.99985   768
1029.00  0.03209  0.03178  0.00666  0.80968  -236.49184  -238.41707  4.99985   768
1030.00  0.03209  0.03178  0.00721  0.80968  -235.64802  -237.57478  4.99985   768
1031.00  0.03209  0.03178  0.00764  0.80968  -234.95222  -236.86983  4.99985   768
1032.00  0.03210  0.03178  0.00772  0.80968  -234.80269  -236.70198  4.99985   768
1033.00  0.03209  0.03178  0.00737  0.80968  -235.30775  -237.15211  4.99985   768
1034.00  0.03208  0.03178  0.00675  0.80968  -236.21870  -238.05238  4.99985   768
1035.00  0.03208  0.03178  0.00601  0.80968  -237.36006  -239.18153  4.99985   768
1036.00  0.03209  0.03178  0.00543  0.80968  -238.34425  -240.20692  4.99985   768
1037.00  0.03209  0.03178  0.00525  0.80968  -238.61128  -240.50600  4.99985   768
1038.00  0.03208  0.03178  0.00552  0.80968  -238.26033  -240.19624  4.99985   768
1039.00  0.03208  0.03178  0.00617  0.80968  -237.24867  -239.20442  4.99985   768
1040.00  0.03209  0.03178  0.00674  0.80968  -236.35146  -238.29042  4.99985   768
1041.00  0.03208  0.03178  0.00713  0.80968  -235.73805  -237.63887  4.99985   768
1042.00  0.03208  0.03178  0.00701  0.80968  -235.90742  -237.76399  4.99985   768
1043.00  0.03210  0.03178  0.00656  0.80968  -236.54219  -238.34840  4.99985   768
1044.00  0.03209  0.03178  0.00588  0.80968  -237.57216  -239.38142  4.99985   768
1045.00  0.03209  0.03178  0.00536  0.80968  -238.36104  -240.18404  4.99985   768
1046.00  0.03209  0.03178  0.00507  0.80968  -238.90272  -240.75624  4.99985   768
1047.00  0.03208  0.03178  0.00532  0.80968  -238.54567  -240.47090  4.99985   768
1048.00  0.03210  0.03178  0.00580  0.80968  -237.79036  -239.73543  4.99985   768
1049.00  0.03210  0.03178  0.00649  0.80968  -236.78175  -238.75581  4.99985   768
1050.00  0.03209  0.03178  0.00707  0.80968  -235.84944  -237.79909  4.99985   768
1051.00  0.03209  0.03178  0.00716  0.80968  -235.65565  -237.53511  4.99985   768
1052.00  0.03209  0.03178  0.00688  0.80968  -236.05696  -237.89522  4.99985   768
1053.00  0.03208  0.03178  0.00624  0.80968  -237.02589  -238.84737  4.99985   768
1054.00  0.03209  0.03178  0.00560  0.80968  -238.01466  -239.86208  4.99985   768
1055.00  0.03209  0.03178  0.00505  0.80968  -238.85084  -240.68758  4.99985   768
1056.00  0.03208  0.03178  0.00491  0.80968  -239.13924  -241.03853  4.99985   768
1057.00  0.03209  0.03178  0.00527  0.80968  -238.64485  -240.57619  4.99985   768
1058.00  0.03208  0.03178  0.00582  0.80968  -237.74916  -239.68813  4.99985   768
1059.00  0.03208  0.03178  0.00647  0.80968  -236.78786  -238.73598  4.99985   768
1060.00  0.03209  0.03178  0.00675  0.80968  -236.28584  -238.15767  4.99985   768
1061.00  0.03208  0.03178  0.00663  0.80968  -236.42470  -238.27211  4.99985   768
1062.00  0.03209  0.03178  0.00617  0.80968  -237.13728  -238.96333  4.99985   768
1063.00  0.03207  0.03178  0.00548  0.80968  -238.17946  -239.98720  4.99985   768
1064.00  0.03207  0.03178  0.00491  0.80968  -239.08430  -240.93782  4.99985   768
1065.00  0.03209  0.03178  0.00467  0.80968  -239.49934  -241.36049  4.99985   768
1066.00  0.03208  0.03178  0.00475  0.80968  -239.39864  -241.31319  4.99985   768
1067.00  0.03208  0.03178  0.00518  0.80968  -238.77303  -240.70741  4.99985   768
1068.00  0.03209  0.03178  0.00573  0.80968  -237.97194  -239.92006  4.99985   768
1069.00  0.03208  0.03178  0.00629  0.80968  -237.05641  -238.99385  4.99985   768
1070.00  0.03209  0.03178  0.00646  0.80968  -236.76039  -238.64290  4.99985   768
1071.00  0.03207  0.03178  0.00615  0.80968  -237.17390  -239.01674  4.99985   768
1072.00  0.03210  0.03178  0.00562  0.80968  -237.97652  -239.80409  4.99985   768
1073.00  0.03208  0.03178  0.00490  0.80968  -239.11787  -240.94698  4.99985   768
1074.00  0.03208  0.03178  0.00449  0.80968  -239.75722  -241.61836  4.99985   768
1075.00  0.03207  0.03178  0.00448  0.80968  -239.79842  -241.69160  4.99985   768
1076.00  0.03210  0.03178  0.00479  0.80968  -239.36354  -241.27962  4.99985   768
1077.00  0.03209  0.03178  0.00535  0.80968  -238.49532  -240.41750  4.99985   768
1078.00  0.03208  0.03178  0.00588  0.80968  -237.68050  -239.61946  4.99985   768
1079.00  0.03207  0.03178  0.00625  0.80968  -237.07777  -238.99843  4.99985   768
1080.00  0.03208  0.03178  0.00613  0.80968  -237.21052  -239.07167  4.99985   768
1081.00  0.03207  0.03178  0.00571  0.80968  -237.82088  -239.65913  4.99985   768
1082.00  0.03208  0.03178  0.00514  0.80968  -238.73793  -240.58534  4.99985   768
1083.00  0.03209  0.03178  0.00449  0.80968  -239.70686  -241.54054  4.99985   768
1084.00  0.03208  0.03178  0.00421  0.80968  -240.14174  -242.03950  4.99985   768
1085.00  0.03207  0.03178  0.00437  0.80968  -239.94032  -241.86708  4.99985   768
1086.00  0.03208  0.03178  0.00494  0.80968  -239.16518  -241.12703  4.99985   768
1087.00  0.03208  0.03178  0.00560  0.80968  -238.15199  -240.11079  4.99985   768
1088.00  0.03208  0.03178  0.00608  0.80968  -237.36159  -239.29750  4.99985   768
1089.00  0.03207  0.03178  0.00622  0.80968  -237.10219  -238.99385  4.99985   768
1090.00  0.03209  0.03178  0.00606  0.80968  -237.32649  -239.17085  4.99985   768
1091.00  0.03209  0.03178  0.00558  0.80968  -238.03297  -239.86513  4.99985   768
1092.00  0.03208  0.03178  0.00499  0.80968  -238.93935  -240.76234  4.99985   768
1093.00  0.03208  0.03178  0.00465  0.80968  -239.49477  -241.34981  4.99985   768
1094.00  0.03208  0.03178  0.00472  0.80968  -239.43526  -241.35286  4.99985   768
1095.00  0.03208  0.03178  0.00522  0.80968  -238.72115  -240.65095  4.99985   768
1096.00  0.03208  0.03178  0.00588  0.80968  -237.71559  -239.65456  4.99985   768
1097.00  0.03208  0.03178  0.00656  0.80968  -236.63374  -238.57576  4.99985   768
1098.00  0.03208  0.03178  0.00682  0.80968  -236.20650  -238.11189  4.99985   768
1099.00  0.03208  0.03178  0.00682  0.80968  -236.16225  -238.04323  4.99985   768
1100.00  0.03208  0.03178  0.00635  0.80968  -236.80769  -238.62917  4.99985   768
1101.00  0.03207  0.03178  0.00571  0.80968  -237.86513  -239.72322  4.99985   768
1102.00  0.03209  0.03178  0.00511  0.80968  -238.82338  -240.67384  4.99985   768
1103.00  0.03208  0.03178  0.00493  0.80968  -239.12398  -241.03395  4.99985   768
1104.00  0.03208  0.03178  0.00514  0.80968  -238.83559  -240.77150  4.99985   768
1105.00  0.03207  0.03178  0.00560  0.80968  -238.15199  -240.08028  4.99985   768
1106.00  0.03208  0.03178  0.00626  0.80968  -237.09303  -239.03963  4.99985   768
1107.00  0.03207  0.03178  0.00663  0.80968  -236.50557  -238.39418  4.99985   768
1108.00  0.03209  0.03178  0.00662  0.80968  -236.47810  -238.34383  4.99985   768
1109.00  0.03207  0.03178  0.00634  0.80968  -236.89009  -238.72987  4.99985   768
1110.00  0.03207  0.03178  0.00582  0.80968  -237.62251  -239.44093  4.99985   768
1111.00  0.03207  0.03178  0.00527  0.80968  -238.51057  -240.34273  4.99985   768
1112.00  0.03207  0.03178  0.00495  0.80968  -239.04463  -240.90272  4.99985   768
1113.00  0.03208  0.03178  0.00497  0.80968  -239.05836  -240.96681  4.99985   768
1114.00  0.03207  0.03178  0.00547  0.80968  -238.34730  -240.28780  4.99985   768
1115.00  0.03208  0.03178  0.00623  0.80968  -237.17390  -239.12355  4.99985   768
1116.00  0.03208  0.03178  0.00694  0.80968  -236.11037  -238.08900  4.99985   768
1117.00  0.03208  0.03178  0.00733  0.80968  -235.43898  -237.35658  4.99985   768
1118.00  0.03207  0.03178  0.00740  0.80968  -235.31081  -237.19331  4.99985   768
1119.00  0.03208  0.03178  0.00703  0.80968  -235.84334  -237.70753  4.99985   768
1120.00  0.03208  0.03178  0.00650  0.80968  -236.64442  -238.50404  4.99985   768
1121.00  0.03207  0.03178  0.00610  0.80968  -237.25478  -239.12965  4.99985   768
1122.00  0.03207  0.03178  0.00599  0.80968  -237.47298  -239.34328  4.99985   768
1123.00  0.03207  0.03178  0.00627  0.80968  -237.09456  -239.02437  4.99985   768
1124.00  0.03208  0.03178  0.00684  0.80968  -236.28737  -238.22328  4.99985   768
1125.00  0.03207  0.03178  0.00742  0.80968  -235.30318  -237.24062  4.99985   768
1126.00  0.03208  0.03178  0.00791  0.80968  -234.56618  -236.47768  4.99985   768
1127.00  0.03208  0.03178  0.00788  0.80968  -234.53108  -236.40901  4.99985   768
1128.00  0.03208  0.03178  0.00753  0.80968  -235.05293  -236.86220  4.99985   768
1129.00  0.03207  0.03178  0.00691  0.80968  -235.98982  -237.80061  4.99985   768
1130.00  0.03208  0.03178  0.00617  0.80968  -237.09608  -238.90230  4.99985   768
1131.00  0.03209  0.03178  0.00576  0.80968  -237.76442  -239.62709  4.99985   768
1132.00  0.03207  0.03178  0.00580  0.80968  -237.74611  -239.65456  4.99985   768
1133.00  0.03208  0.03178  0.00618  0.80968  -237.26698  -239.21663  4.99985   768
1134.00  0.03209  0.03178  0.00697  0.80968  -236.07832  -238.03407  4.99985   768
1135.00  0.03208  0.03178  0.00744  0.80968  -235.31233  -237.24519  4.99985   768
1136.00  0.03206  0.03178  0.00773  0.80968  -234.79811  -236.72945  4.99985   768
1137.00  0.03208  0.03178  0.00756  0.80968  -235.02241  -236.90340  4.99985   768
1138.00  0.03208  0.03178  0.00711  0.80968  -235.68770  -237.52748  4.99985   768
1139.00  0.03208  0.03178  0.00652  0.80968  -236.61238  -238.44759  4.99985   768
1140.00  0.03208  0.03178  0.00605  0.80968  -237.34480  -239.19374  4.99985   768
1141.00  0.03209  0.03178  0.00588  0.80968  -237.65456  -239.53706  4.99985   768
1142.00  0.03207  0.03178  0.00619  0.80968  -237.20595  -239.12813  4.99985   768
1143.00  0.03207  0.03178  0.00693  0.80968  -236.04781  -237.99593  4.99985   768
1144.00  0.03208  0.03178  0.00768  0.80968  -234.92171  -236.85609  4.99985   768
1145.00  0.03208  0.03178  0.00824  0.80968  -234.05043  -235.96040  4.99985   768
1146.00  0.03207  0.03178  0.00836  0.80968  -233.86885  -235.74831  4.99985   768
1147.00  0.03208  0.03178  0.00816  0.80968  -234.12215  -235.97871  4.99985   768
1148.00  0.03207  0.03178  0.00769  0.80968  -234.82405  -236.67146  4.99985   768
1149.00  0.03207  0.03178  0.00721  0.80968  -235.56563  -237.40541  4.99985   768
1150.00  0.03207  0.03178  0.00704  0.80968  -235.87843  -237.76247  4.99985   768
1151.00  0.03205  0.03178  0.00711  0.80968  -235.77620  -237.69075  4.99985   768
1152.00  0.03207  0.03178  0.00763  0.80968  -235.01173  -236.95985  4.99985   768
1153.00  0.03207  0.03178  0.00831  0.80968  -234.00923  -235.97414  4.99985   768
1154.00  0.03207  0.03178  0.00886  0.80968  -233.10438  -235.03267  4.99985   768
1155.00  0.03207  0.03178  0.00908  0.80968  -232.77327  -234.66035  4.99985   768
1156.00  0.03207  0.03178  0.00895  0.80968  -232.90907  -234.76411  4.99985   768
1157.00  0.03206  0.03178  0.00840  0.80968  -233.63081  -235.44466  4.99985   768
1158.00  0.03209  0.03178  0.00764  0.80968  -234.80727  -236.60890  4.99985   768
1159.00  0.03207  0.03178  0.00718  0.80968  -235.60835  -237.43593  4.99985   768
1160.00  0.03207  0.03178  0.00694  0.80968  -235.97151  -237.84792  4.99985   768
1161.00  0.03207  0.03178  0.00721  0.80968  -235.63124  -237.55189  4.99985   768
1162.00  0.03207  0.03178  0.00782  0.80968  -234.73555  -236.68367  4.99985   768
1163.00  0.03208  0.03178  0.00845  0.80968  -233.74831  -235.68727  4.99985   768
1164.00  0.03207  0.03178  0.00890  0.80968  -233.04182  -234.97468  4.99985   768
1165.00  0.03206  0.03178  0.00894  0.80968  -232.91060  -234.78700  4.99985   768
1166.00  0.03207  0.03178  0.00864  0.80968  -233.38362  -235.23408  4.99985   768
1167.00  0.03208  0.03178  0.00805  0.80968  -234.22591  -236.06111  4.99985   768
1168.00  0.03206  0.03178  0.00739  0.80968  -235.27113  -237.10786  4.99985   768
1169.00  0.03208  0.03178  0.00739  0.80968  -235.35506  -237.26961  4.99985   768
1170.00  0.03206  0.03178  0.00817  0.80968  -234.18623  -236.16792  4.99985   768
1171.00  0.03207  0.03178  0.00888  0.80968  -233.09676  -235.08302  4.99985   768
1172.00  0.03207  0.03178  0.01007  0.80968  -231.31148  -233.30537  4.99985   768
1173.00  0.03207  0.03178  0.01079  0.80968  -230.12129  -232.05568  4.99985   768
1174.00  0.03207  0.03178  0.01118  0.80968  -229.52162  -231.41786  4.99985   768
1175.00  0.03207  0.03178  0.01132  0.80968  -229.31715  -231.19661  4.99985   768
1176.00  0.03207  0.03178  0.01094  0.80968  -229.82985  -231.66963  4.99985   768
1177.00  0.03207  0.03178  0.01048  0.80968  -230.50276  -232.31508  4.99985   768
1178.00  0.03207  0.03178  0.00996  0.80968  -231.30385  -233.12532  4.99985   768
1179.00  0.03207  0.03178  0.00996  0.80968  -231.39693  -233.29164  4.99985   768
1180.00  0.03207  0.03178  0.01039  0.80968  -230.75911  -232.66603  4.99985   768
1181.00  0.03207  0.03178  0.01101  0.80968  -229.84206  -231.80849  4.99985   768
1182.00  0.03208  0.03178  0.01174  0.80968  -228.68544  -230.63356  4.99985   768
1183.00  0.03208  0.03178  0.01202  0.80968  -228.25056  -230.15443  4.99985   768
1184.00  0.03206  0.03178  0.01200  0.80968  -228.26735  -230.15443  4.99985   768
1185.00  0.03208  0.03178  0.01144  0.80968  -229.01808  -230.83498  4.99985   768
1186.00  0.03206  0.03178  0.01071  0.80968  -230.16402  -231.99769  4.99985   768
1187.00  0.03207  0.03178  0.01015  0.80968  -231.02461  -232.87355  4.99985   768
1188.00  0.03205  0.03178  0.00968  0.80968  -231.79213  -233.65327  4.99985   768
1189.00  0.03206  0.03178  0.00980  0.80968  -231.67921  -233.58766  4.99985   768
1190.00  0.03207  0.03178  0.01030  0.80968  -230.90102  -232.83388  4.99985   768
1191.00  0.03206  0.03178  0.01087  0.80968  -230.01601  -231.94124  4.99985   768
1192.00  0.03207  0.03178  0.01152  0.80968  -229.03639  -230.95705  4.99985   768
1193.00  0.03207  0.03178  0.01161  0.80968  -228.83498  -230.72206  4.99985   768
1194.00  0.03208  0.03178  0.01141  0.80968  -229.09437  -230.93263  4.99985   768
1195.00  0.03206  0.03178  0.01094  0.80968  -229.80543  -231.62233  4.99985   768
1196.00  0.03207  0.03178  0.01023  0.80968  -230.89949  -232.70418  4.99985   768
1197.00  0.03206  0.03178  0.00994  0.80968  -231.34352  -233.23213  4.99985   768
1198.00  0.03208  0.03178  0.00992  0.80968  -231.49153  -233.36030  4.99985   768
1199.00  0.03205  0.03178  0.01039  0.80968  -230.76521  -232.72554  4.99985   768
1200.00  0.03207  0.03178  0.01120  0.80968  -229.58266  -231.54298  4.99985   768
1201.00  0.03207  0.03178  0.01181  0.80968  -228.60304  -230.54811  4.99985   768
1202.00  0.03205  0.03178  0.01241  0.80968  -227.67683  -229.62038  4.99985   768
1203.00  0.03207  0.03178  0.01252  0.80968  -227.45253  -229.32283  4.99985   768
1204.00  0.03207  0.03178  0.01222  0.80968  -227.86757  -229.72108  4.99985   768
1205.00  0.03207  0.03178  0.01179  0.80968  -228.51607  -230.36806  4.99985   768
1206.00  0.03207  0.03178  0.01092  0.80968  -229.79018  -231.57197  4.99985   768
1207.00  0.03207  0.03178  0.01029  0.80968  -230.85982  -232.72707  4.99985   768
1208.00  0.03207  0.03178  0.01056  0.80968  -230.46004  -232.34407  4.99985   768
1209.00  0.03207  0.03178  0.00973  0.80968  -231.64870  -233.43202  4.99985   768
1210.00  0.03208  0.03178  0.00903  0.80968  -232.80989  -234.68172  4.99985   768
1211.00  0.03207  0.03178  0.00975  0.80968  -231.65022  -233.50832  4.99985   768
1212.00  0.03207  0.03178  0.00898  0.80968  -232.81599  -234.62984  4.99985   768
1213.00  0.03207  0.03178  0.00860  0.80968  -233.47517  -235.36073  4.99985   768
1214.00  0.03207  0.03178  0.00782  0.80968  -234.51277  -236.24574  4.99985   768
1215.00  0.03206  0.03178  0.00655  0.80968  -236.50862  -238.31941  4.99985   768
1216.00  0.03207  0.03178  0.00630  0.80968  -237.00606  -238.91145  4.99985   768
1217.00  0.03207  0.03178  0.00568  0.80968  -237.92006  -239.75374  4.99985   768
1218.00  0.03208  0.03178  0.00618  0.80968  -237.28224  -239.24562  4.99985   768
1219.00  0.03207  0.03178  0.00693  0.80968  -236.09206  -238.04475  4.99985   768
1220.00  0.03208  0.03178  0.00734  0.80968  -235.47102  -237.42372  4.99985   768
1221.00  0.03207  0.03178  0.00778  0.80968  -234.76149  -236.67757  4.99985   768
1222.00  0.03209  0.03178  0.00759  0.80968  -234.92323  -236.76302  4.99985   768
1223.00  0.03207  0.03178  0.00708  0.80968  -235.77467  -237.62056  4.99985   768
1224.00  0.03208  0.03178  0.00650  0.80968  -236.63679  -238.43843  4.99985   768
1225.00  0.03207  0.03178  0.00563  0.80968  -237.95515  -239.74916  4.99985   768
1226.00  0.03209  0.03178  0.00523  0.80968  -238.59907  -240.47548  4.99985   768
1227.00  0.03207  0.03178  0.00532  0.80968  -238.52583  -240.41750  4.99985   768
1228.00  0.03207  0.03178  0.00569  0.80968  -237.94142  -239.86513  4.99985   768
1229.00  0.03207  0.03178  0.00649  0.80968  -236.79396  -238.74971  4.99985   768
1230.00  0.03207  0.03178  0.00706  0.80968  -235.90895  -237.83571  4.99985   768
1231.00  0.03207  0.03178  0.00713  0.80968  -235.72584  -237.59004  4.99985   768
1232.00  0.03208  0.03178  0.00703  0.80968  -235.87385  -237.74263  4.99985   768
1233.00  0.03208  0.03178  0.00649  0.80968  -236.65205  -238.49031  4.99985   768
1234.00  0.03207  0.03178  0.00592  0.80968  -237.50807  -239.35396  4.99985   768
1235.00  0.03208  0.03178  0.00558  0.80968  -238.10927  -239.97957  4.99985   768
1236.00  0.03208  0.03178  0.00544  0.80968  -238.34883  -240.25117  4.99985   768
1237.00  0.03208  0.03178  0.00587  0.80968  -237.70796  -239.64998  4.99985   768
1238.00  0.03207  0.03178  0.00659  0.80968  -236.65205  -238.62306  4.99985   768
1239.00  0.03210  0.03178  0.00742  0.80968  -235.35963  -237.32454  4.99985   768
1240.00  0.03207  0.03178  0.00790  0.80968  -234.58754  -236.50514  4.99985   768
1241.00  0.03209  0.03178  0.00790  0.80968  -234.48378  -236.31898  4.99985   768
1242.00  0.03206  0.03178  0.00742  0.80968  -235.23756  -237.04835  4.99985   768
1243.00  0.03208  0.03178  0.00656  0.80968  -236.48268  -238.27058  4.99985   768
1244.00  0.03208  0.03178  0.00580  0.80968  -237.69118  -239.51875  4.99985   768
1245.00  0.03207  0.03178  0.00538  0.80968  -238.35493  -240.19624  4.99985   768
1246.00  0.03208  0.03178  0.00538  0.80968  -238.43123  -240.34273  4.99985   768
1247.00  0.03207  0.03178  0.00603  0.80968  -237.47908  -239.45009  4.99985   768
1248.00  0.03207  0.03178  0.00676  0.80968  -236.34993  -238.28432  4.99985   768
1249.00  0.03208  0.03178  0.00733  0.80968  -235.42982  -237.36574  4.99985   768
1250.00  0.03208  0.03178  0.00744  0.80968  -235.31233  -237.19636  4.99985   768
1251.00  0.03206  0.03178  0.00716  0.80968  -235.63734  -237.48781  4.99985   768
1252.00  0.03208  0.03178  0.00655  0.80968  -236.53609  -238.37282  4.99985   768
1253.00  0.03207  0.03178  0.00576  0.80968  -237.72017  -239.54469  4.99985   768
1254.00  0.03207  0.03178  0.00513  0.80968  -238.77913  -240.63264  4.99985   768
1255.00  0.03207  0.03178  0.00484  0.80968  -239.24910  -241.12703  4.99985   768
1256.00  0.03207  0.03178  0.00506  0.80968  -238.87526  -240.79591  4.99985   768
1257.00  0.03207  0.03178  0.00567  0.80968  -238.08028  -240.03603  4.99985   768
1258.00  0.03207  0.03178  0.00634  0.80968  -236.96028  -238.87025  4.99985   768
1259.00  0.03207  0.03178  0.00655  0.80968  -236.63832  -238.54219  4.99985   768
1260.00  0.03208  0.03178  0.00673  0.80968  -236.31178  -238.18208  4.99985   768
1261.00  0.03208  0.03178  0.00642  0.80968  -236.75581  -238.59102  4.99985   768
1262.00  0.03207  0.03178  0.00593  0.80968  -237.48061  -239.32039  4.99985   768
1263.00  0.03207  0.03178  0.00562  0.80968  -238.04060  -239.87733  4.99985   768
1264.00  0.03207  0.03178  0.00531  0.80968  -238.51363  -240.39766  4.99985   768
1265.00  0.03208  0.03178  0.00567  0.80968  -238.00856  -239.95668  4.99985   768
1266.00  0.03207  0.03178  0.00617  0.80968  -237.23036  -239.17390  4.99985   768
1267.00  0.03208  0.03178  0.00681  0.80968  -236.30873  -238.25380  4.99985   768
1268.00  0.03208  0.03178  0.00718  0.80968  -235.65413  -237.58241  4.99985   768
1269.00  0.03207  0.03178  0.00740  0.80968  -235.32759  -237.23604  4.99985   768
1270.00  0.03207  0.03178  0.00719  0.80968  -235.61293  -237.46950  4.99985   768
1271.00  0.03207  0.03178  0.00672  0.80968  -236.25227  -238.10274  4.99985   768
1272.00  0.03208  0.03178  0.00631  0.80968  -236.95418  -238.80006  4.99985   768
1273.00  0.03207  0.03178  0.00586  0.80968  -237.62556  -239.47603  4.99985   768
1274.00  0.03207  0.03178  0.00584  0.80968  -237.73543  -239.63777  4.99985   768
1275.00  0.03207  0.03178  0.00619  0.80968  -237.20137  -239.12508  4.99985   768
1276.00  0.03207  0.03178  0.00693  0.80968  -236.09816  -238.06764  4.99985   768
1277.00  0.03207  0.03178  0.00758  0.80968  -235.04225  -236.96901  4.99985   768
1278.00  0.03207  0.03178  0.00790  0.80968  -234.53871  -236.44258  4.99985   768
1279.00  0.03207  0.03178  0.00795  0.80968  -234.44105  -236.30983  4.99985   768
1280.00  0.03206  0.03178  0.00744  0.80968  -235.18263  -237.01021  4.99985   768
1281.00  0.03207  0.03178  0.00687  0.80968  -236.06917  -237.92116  4.99985   768
1282.00  0.03208  0.03178  0.00629  0.80968  -236.92824  -238.76039  4.99985   768
1283.00  0.03207  0.03178  0.00597  0.80968  -237.46687  -239.34022  4.99985   768
1284.00  0.03207  0.03178  0.00596  0.80968  -237.56911  -239.47908  4.99985   768
1285.00  0.03208  0.03178  0.00625  0.80968  -237.14033  -239.09761  4.99985   768
1286.00  0.03207  0.03178  0.00691  0.80968  -236.12715  -238.06306  4.99985   768
1287.00  0.03207  0.03178  0.00742  0.80968  -235.29555  -237.24672  4.99985   768
1288.00  0.03207  0.03178  0.00761  0.80968  -234.99037  -236.88356  4.99985   768
1289.00  0.03207  0.03178  0.00739  0.80968  -235.33217  -237.19331  4.99985   768
1290.00  0.03206  0.03178  0.00685  0.80968  -236.06001  -237.88454  4.99985   768
1291.00  0.03207  0.03178  0.00626  0.80968  -237.00148  -238.83821  4.99985   768
1292.00  0.03206  0.03178  0.00596  0.80968  -237.48518  -239.32802  4.99985   768
1293.00  0.03207  0.03178  0.00603  0.80968  -237.44093  -239.33107  4.99985   768
1294.00  0.03208  0.03178  0.00635  0.80968  -236.99690  -238.91756  4.99985   768
1295.00  0.03207  0.03178  0.00691  0.80968  -236.12410  -238.04323  4.99985   768
1296.00  0.03208  0.03178  0.00747  0.80968  -235.23146  -237.17195  4.99985   768
1297.00  0.03207  0.03178  0.00768  0.80968  -234.84083  -236.73250  4.99985   768
1298.00  0.03206  0.03178  0.00764  0.80968  -234.88356  -236.74318  4.99985   768
1299.00  0.03207  0.03178  0.00726  0.80968  -235.46492  -237.32149  4.99985   768
1300.00  0.03207  0.03178  0.00661  0.80968  -236.46895  -238.30720  4.99985   768
1301.00  0.03206  0.03178  0.00605  0.80968  -237.31886  -239.16322  4.99985   768
1302.00  0.03208  0.03178  0.00595  0.80968  -237.58437  -239.50655  4.99985   768
1303.00  0.03207  0.03178  0.00618  0.80968  -237.21968  -239.13423  4.99985   768
1304.00  0.03206  0.03178  0.00672  0.80968  -236.40028  -238.35451  4.99985   768
1305.00  0.03208  0.03178  0.00723  0.80968  -235.60225  -237.54121  4.99985   768
1306.00  0.03207  0.03178  0.00758  0.80968  -235.00716  -236.91865  4.99985   768
1307.00  0.03207  0.03178  0.00748  0.80968  -235.10786  -236.96291  4.99985   768
1308.00  0.03207  0.03178  0.00712  0.80968  -235.71516  -237.55495  4.99985   768
1309.00  0.03207  0.03178  0.00652  0.80968  -236.54524  -238.36671  4.99985   768
1310.00  0.03207  0.03178  0.00590  0.80968  -237.54927  -239.37379  4.99985   768
1311.00  0.03206  0.03178  0.00556  0.80968  -238.10469  -239.95668  4.99985   768
1312.00  0.03207  0.03178  0.00558  0.80968  -238.09859  -240.00093  4.99985   768
1313.00  0.03208  0.03178  0.00601  0.80968  -237.48061  -239.42873  4.99985   768
1314.00  0.03207  0.03178  0.00667  0.80968  -236.50099  -238.44301  4.99985   768
1315.00  0.03207  0.03178  0.00711  0.80968  -235.77620  -237.67854  4.99985   768
1316.00  0.03207  0.03178  0.00730  0.80968  -235.43440  -237.33980  4.99985   768
1317.00  0.03206  0.03178  0.00713  0.80968  -235.67702  -237.53969  4.99985   768
1318.00  0.03207  0.03178  0.00654  0.80968  -236.59407  -238.42622  4.99985   768
1319.00  0.03208  0.03178  0.00599  0.80968  -237.45772  -239.32191  4.99985   768
1320.00  0.03208  0.03178  0.00561  0.80968  -238.01619  -239.88496  4.99985   768
1321.00  0.03207  0.03178  0.00541  0.80968  -238.37935  -240.28017  4.99985   768
1322.00  0.03207  0.03178  0.00576  0.80968  -237.85750  -239.78273  4.99985   768
1323.00  0.03207  0.03178  0.00636  0.80968  -236.96028  -238.89467  4.99985   768
1324.00  0.03209  0.03178  0.00692  0.80968  -236.07680  -238.00050  4.99985   768
1325.00  0.03207  0.03178  0.00728  0.80968  -235.48476  -237.38710  4.99985   768
1326.00  0.03208  0.03178  0.00729  0.80968  -235.42830  -237.31081  4.99985   768
1327.00  0.03208  0.03178  0.00690  0.80968  -235.97761  -237.80061  4.99985   768
1328.00  0.03207  0.03178  0.00625  0.80968  -236.97707  -238.79091  4.99985   768
1329.00  0.03207  0.03178  0.00573  0.80968  -237.86665  -239.72017  4.99985   768
1330.00  0.03206  0.03178  0.00548  0.80968  -238.23439  -240.11537  4.99985   768
1331.00  0.03208  0.03178  0.00566  0.80968  -238.01924  -239.93379  4.99985   768
1332.00  0.03206  0.03178  0.00617  0.80968  -237.28224  -239.21815  4.99985   768
1333.00  0.03207  0.03178  0.00678  0.80968  -236.33467  -238.28584  4.99985   768
1334.00  0.03208  0.03178  0.00729  0.80968  -235.48018  -237.42677  4.99985   768
1335.00  0.03205  0.03178  0.00753  0.80968  -235.07582  -236.98274  4.99985   768
1336.00  0.03207  0.03178  0.00733  0.80968  -235.35048  -237.22688  4.99985   768
1337.00  0.03206  0.03178  0.00683  0.80968  -236.11647  -237.96083  4.99985   768
1338.00  0.03208  0.03178  0.00604  0.80968  -237.32344  -239.13728  4.99985   768
1339.00  0.03206  0.03178  0.00542  0.80968  -238.34730  -240.18861  4.99985   768
1340.00  0.03207  0.03178  0.00521  0.80968  -238.64790  -240.52888  4.99985   768
1341.00  0.03208  0.03178  0.00550  0.80968  -238.28169  -240.20387  4.99985   768
1342.00  0.03206  0.03178  0.00609  0.80968  -237.35091  -239.27766  4.99985   768
1343.00  0.03207  0.03178  0.00670  0.80968  -236.47658  -238.41096  4.99985   768
1344.00  0.03207  0.03178  0.00708  0.80968  -235.84029  -237.73805  4.99985   768
1345.00  0.03208  0.03178  0.00701  0.80968  -235.86775  -237.71364  4.99985   768
1346.00  0.03207  0.03178  0.00666  0.80968  -236.39418  -238.24464  4.99985   768
1347.00  0.03208  0.03178  0.00608  0.80968  -237.26393  -239.09456  4.99985   768
1348.00  0.03207  0.03178  0.00546  0.80968  -238.19014  -240.01619  4.99985   768
1349.00  0.03207  0.03178  0.00506  0.80968  -238.92561  -240.78371  4.99985   768
1350.00  0.03207  0.03178  0.00516  0.80968  -238.82338  -240.76234  4.99985   768
1351.00  0.03207  0.03178  0.00564  0.80968  -238.03908  -239.98720  4.99985   768
1352.00  0.03208  0.03178  0.00632  0.80968  -237.05031  -239.01674  4.99985   768
1353.00  0.03207  0.03178  0.00684  0.80968  -236.15919  -238.08748  4.99985   768
1354.00  0.03207  0.03178  0.00711  0.80968  -235.77467  -237.68007  4.99985   768
1355.00  0.03206  0.03178  0.00689  0.80968  -236.08137  -237.93642  4.99985   768
1356.00  0.03208  0.03178  0.00631  0.80968  -236.92061  -238.73750  4.99985   768
1357.00  0.03205  0.03178  0.00560  0.80968  -238.00703  -239.82393  4.99985   768
1358.00  0.03207  0.03178  0.00511  0.80968  -238.73793  -240.56703  4.99985   768
1359.00  0.03207  0.03178  0.00493  0.80968  -239.04005  -240.91188  4.99985   768
1360.00  0.03208  0.03178  0.00522  0.80968  -238.71504  -240.63875  4.99985   768
1361.00  0.03207  0.03178  0.00595  0.80968  -237.60725  -239.54927  4.99985   768
1362.00  0.03207  0.03178  0.00667  0.80968  -236.47505  -238.42012  4.99985   768
1363.00  0.03207  0.03178  0.00716  0.80968  -235.71059  -237.63887  4.99985   768
1364.00  0.03207  0.03178  0.00720  0.80968  -235.61293  -237.46797  4.99985   768
1365.00  0.03206  0.03178  0.00680  0.80968  -236.18666  -238.01881  4.99985   768
1366.00  0.03208  0.03178  0.00615  0.80968  -237.11592  -238.94197  4.99985   768
1367.00  0.03207  0.03178  0.00547  0.80968  -238.16878  -240.01009  4.99985   768
1368.00  0.03207  0.03178  0.00516  0.80968  -238.70131  -240.59297  4.99985   768
1369.00  0.03208  0.03178  0.00512  0.80968  -238.78523  -240.67232  4.99985   768
1370.00  0.03206  0.03178  0.00548  0.80968  -238.36409  -240.31984  4.99985   768
1371.00  0.03207  0.03178  0.00613  0.80968  -237.36464  -239.32039  4.99985   768
1372.00  0.03207  0.03178  0.00672  0.80968  -236.40639  -238.34535  4.99985   768
1373.00  0.03208  0.03178  0.00700  0.80968  -235.90895  -237.81282  4.99985   768
1374.00  0.03207  0.03178  0.00681  0.80968  -236.16682  -237.99898  4.99985   768
1375.00  0.03207  0.03178  0.00622  0.80968  -237.00148  -238.81380  4.99985   768
1376.00  0.03207  0.03178  0.00550  0.80968  -238.15047  -239.96431  4.99985   768
1377.00  0.03206  0.03178  0.00504  0.80968  -238.86000  -240.69521  4.99985   768
1378.00  0.03207  0.03178  0.00490  0.80968  -239.11482  -240.99123  4.99985   768
1379.00  0.03207  0.03178  0.00526  0.80968  -238.69521  -240.63417  4.99985   768
1380.00  0.03208  0.03178  0.00580  0.80968  -237.80714  -239.75069  4.99985   768
1381.00  0.03207  0.03178  0.00643  0.80968  -236.85347  -238.80006  4.99985   768
1382.00  0.03207  0.03178  0.00677  0.80968  -236.30263  -238.21565  4.99985   768
1383.00  0.03207  0.03178  0.00678  0.80968  -236.20497  -238.08443  4.99985   768
1384.00  0.03207  0.03178  0.00648  0.80968  -236.62306  -238.46590  4.99985   768
1385.00  0.03206  0.03178  0.00582  0.80968  -237.65608  -239.49739  4.99985   768
1386.00  0.03207  0.03178  0.00527  0.80968  -238.59907  -240.45869  4.99985   768
1387.00  0.03206  0.03178  0.00497  0.80968  -239.03548  -240.91798  4.99985   768
1388.00  0.03207  0.03178  0.00515  0.80968  -238.83559  -240.76082  4.99985   768
1389.00  0.03205  0.03178  0.00564  0.80968  -238.04518  -239.99635  4.99985   768
1390.00  0.03207  0.03178  0.00630  0.80968  -237.07472  -239.01369  4.99985   768
1391.00  0.03207  0.03178  0.00675  0.80968  -236.32399  -238.24007  4.99985   768
1392.00  0.03207  0.03178  0.00702  0.80968  -235.88301  -237.77467  4.99985   768
1393.00  0.03208  0.03178  0.00687  0.80968  -236.07375  -237.93031  4.99985   768
1394.00  0.03206  0.03178  0.00640  0.80968  -236.76497  -238.58186  4.99985   768
1395.00  0.03206  0.03178  0.00572  0.80968  -237.79799  -239.61793  4.99985   768
1396.00  0.03207  0.03178  0.00527  0.80968  -238.54719  -240.40224  4.99985   768
1397.00  0.03206  0.03178  0.00511  0.80968  -238.86153  -240.71199  4.99985   768
1398.00  0.03207  0.03178  0.00546  0.80968  -238.35341  -240.29848  4.99985   768
1399.00  0.03207  0.03178  0.00600  0.80968  -237.51723  -239.46077  4.99985   768
1400.00  0.03207  0.03178  0.00664  0.80968  -236.48573  -238.45064  4.99985   768
1401.00  0.03207  0.03178  0.00687  0.80968  -236.13020  -238.02797  4.99985   768
1402.00  0.03207  0.03178  0.00694  0.80968  -236.03560  -237.93031  4.99985   768
1403.00  0.03207  0.03178  0.00658  0.80968  -236.55745  -238.40333  4.99985   768
1404.00  0.03207  0.03178  0.00593  0.80968  -237.52028  -239.36006  4.99985   768
1405.00  0.03207  0.03178  0.00540  0.80968  -238.30763  -240.14589  4.99985   768
1406.00  0.03205  0.03178  0.00510  0.80968  -238.84322  -240.70589  4.99985   768
1407.00  0.03208  0.03178  0.00512  0.80968  -238.81270  -240.68910  4.99985   768
1408.00  0.03207  0.03178  0.00551  0.80968  -238.24660  -240.16725  4.99985   768
1409.00  0.03208  0.03178  0.00611  0.80968  -237.38142  -239.31581  4.99985   768
1410.00  0.03207  0.03178  0.00672  0.80968  -236.38197  -238.30568  4.99985   768
1411.00  0.03207  0.03178  0.00685  0.80968  -236.12715  -238.01118  4.99985   768
1412.00  0.03208  0.03178  0.00662  0.80968  -236.46132  -238.30720  4.99985   768
1413.00  0.03207  0.03178  0.00613  0.80968  -237.19221  -239.01521  4.99985   768
1414.00  0.03207  0.03178  0.00554  0.80968  -238.11690  -239.96278  4.99985   768
1415.00  0.03207  0.03178  0.00514  0.80968  -238.78981  -240.65401  4.99985   768
1416.00  0.03207  0.03178  0.00503  0.80968  -238.98512  -240.89357  4.99985   768
1417.00  0.03207  0.03178  0.00531  0.80968  -238.56856  -240.50905  4.99985   768
1418.00  0.03208  0.03178  0.00594  0.80968  -237.63930  -239.59352  4.99985   768
1419.00  0.03207  0.03178  0.00665  0.80968  -236.53914  -238.48421  4.99985   768
1420.00  0.03207  0.03178  0.00699  0.80968  -235.90895  -237.83266  4.99985   768
1421.00  0.03208  0.03178  0.00701  0.80968  -235.90132  -237.79298  4.99985   768
1422.00  0.03207  0.03178  0.00657  0.80968  -236.60475  -238.42622  4.99985   768
1423.00  0.03207  0.03178  0.00600  0.80968  -237.41499  -239.24715  4.99985   768
1424.00  0.03207  0.03178  0.00542  0.80968  -238.30611  -240.13979  4.99985   768
1425.00  0.03207  0.03178  0.00513  0.80968  -238.75471  -240.60518  4.99985   768
1426.00  0.03207  0.03178  0.00527  0.80968  -238.63722  -240.53194  4.99985   768
1427.00  0.03207  0.03178  0.00582  0.80968  -237.78273  -239.72475  4.99985   768
1428.00  0.03207  0.03178  0.00632  0.80968  -237.01369  -238.94807  4.99985   768
1429.00  0.03208  0.03178  0.00678  0.80968  -236.28432  -238.18513  4.99985   768
1430.00  0.03207  0.03178  0.00696  0.80968  -235.96846  -237.85860  4.99985   768
1431.00  0.03206  0.03178  0.00670  0.80968  -236.34688  -238.21718  4.99985   768
1432.00  0.03207  0.03178  0.00615  0.80968  -237.18764  -239.02742  4.99985   768
1433.00  0.03207  0.03178  0.00555  0.80968  -238.08638  -239.92616  4.99985   768
1434.00  0.03208  0.03178  0.00506  0.80968  -238.85542  -240.72267  4.99985   768
1435.00  0.03207  0.03178  0.00497  0.80968  -239.11177  -241.03090  4.99985   768
1436.00  0.03207  0.03178  0.00543  0.80968  -238.39461  -240.34578  4.99985   768
1437.00  0.03207  0.03178  0.00589  0.80968  -237.64235  -239.59047  4.99985   768
1438.00  0.03207  0.03178  0.00643  0.80968  -236.76955  -238.71767  4.99985   768
1439.00  0.03207  0.03178  0.00674  0.80968  -236.26906  -238.16682  4.99985   768
1440.00  0.03207  0.03178  0.00663  0.80968  -236.46437  -238.30263  4.99985   768
1441.00  0.03206  0.03178  0.00620  0.80968  -237.14186  -238.96791  4.99985   768
1442.00  0.03207  0.03178  0.00563  0.80968  -237.95668  -239.78731  4.99985   768
1443.00  0.03207  0.03178  0.00505  0.80968  -238.84932  -240.66621  4.99985   768
1444.00  0.03207  0.03178  0.00483  0.80968  -239.25825  -241.13008  4.99985   768
1445.00  0.03207  0.03178  0.00510  0.80968  -238.86305  -240.79439  4.99985   768
1446.00  0.03208  0.03178  0.00571  0.80968  -237.94142  -239.89259  4.99985   768
1447.00  0.03206  0.03178  0.00643  0.80968  -236.82600  -238.76802  4.99985   768
1448.00  0.03207  0.03178  0.00688  0.80968  -236.14088  -238.07375  4.99985   768
1449.00  0.03206  0.03178  0.00704  0.80968  -235.85707  -237.75789  4.99985   768
1450.00  0.03207  0.03178  0.00666  0.80968  -236.42165  -238.28126  4.99985   768
1451.00  0.03207  0.03178  0.00616  0.80968  -237.21205  -239.05794  4.99985   768
1452.00  0.03206  0.03178  0.00554  0.80968  -238.14894  -240.00703  4.99985   768
1453.00  0.03207  0.03178  0.00513  0.80968  -238.79134  -240.65553  4.99985   768
1454.00  0.03206  0.03178  0.00524  0.80968  -238.66621  -240.59755  4.99985   768
1455.00  0.03208  0.03178  0.00556  0.80968  -238.16573  -240.08180  4.99985   768
1456.00  0.03207  0.03178  0.00619  0.80968  -237.26393  -239.21815  4.99985   768
1457.00  0.03207  0.03178  0.00674  0.80968  -236.33772  -238.26295  4.99985   768
1458.00  0.03206  0.03178  0.00697  0.80968  -235.99745  -237.88148  4.99985   768
1459.00  0.03206  0.03178  0.00677  0.80968  -236.23244  -238.08137  4.99985   768
1460.00  0.03207  0.03178  0.00639  0.80968  -236.82906  -238.64748  4.99985   768
1461.00  0.03207  0.03178  0.00567  0.80968  -237.89107  -239.70186  4.99985   768
1462.00  0.03207  0.03178  0.00513  0.80968  -238.76082  -240.59602  4.99985   768
1463.00  0.03208  0.03178  0.00498  0.80968  -238.99428  -240.87678  4.99985   768
1464.00  0.03207  0.03178  0.00516  0.80968  -238.73030  -240.65553  4.99985   768
1465.00  0.03206  0.03178  0.00574  0.80968  -237.95821  -239.91548  4.99985   768
1466.00  0.03206  0.03178  0.00633  0.80968  -237.00911  -238.96333  4.99985   768
1467.00  0.03206  0.03178  0.00678  0.80968  -236.30263  -238.23396  4.99985   768
1468.00  0.03207  0.03178  0.00685  0.80968  -236.12105  -238.01729  4.99985   768
1469.00  0.03205  0.03178  0.00656  0.80968  -236.55135  -238.41707  4.99985   768
1470.00  0.03206  0.03178  0.00589  0.80968  -237.50960  -239.32649  4.99985   768
1471.00  0.03207  0.03178  0.00531  0.80968  -238.43428  -240.29237  4.99985   768
1472.00  0.03207  0.03178  0.00493  0.80968  -239.12550  -240.97292  4.99985   768
1473.00  0.03206  0.03178  0.00494  0.80968  -239.14381  -241.02937  4.99985   768
1474.00  0.03206  0.03178  0.00542  0.80968  -238.43886  -240.39003  4.99985   768
1475.00  0.03207  0.03178  0.00622  0.80968  -237.20442  -239.16017  4.99985   768
1476.00  0.03206  0.03178  0.00682  0.80968  -236.23549  -238.15614  4.99985   768
1477.00  0.03207  0.03178  0.00704  0.80968  -235.83876  -237.71516  4.99985   768
1478.00  0.03207  0.03178  0.00697  0.80968  -235.91505  -237.77772  4.99985   768
1479.00  0.03206  0.03178  0.00652  0.80968  -236.56203  -238.38197  4.99985   768
1480.00  0.03206  0.03178  0.00588  0.80968  -237.58894  -239.40279  4.99985   768
1481.00  0.03207  0.03178  0.00535  0.80968  -238.45412  -240.31679  4.99985   768
1482.00  0.03207  0.03178  0.00514  0.80968  -238.75777  -240.66164  4.99985   768
1483.00  0.03206  0.03178  0.00533  0.80968  -238.51057  -240.42665  4.99985   768
1484.00  0.03206  0.03178  0.00595  0.80968  -237.64540  -239.60420  4.99985   768
1485.00  0.03208  0.03178  0.00656  0.80968  -236.64595  -238.59865  4.99985   768
1486.00  0.03206  0.03178  0.00698  0.80968  -235.98677  -237.91811  4.99985   768
1487.00  0.03206  0.03178  0.00705  0.80968  -235.85554  -237.73195  4.99985   768
1488.00  0.03207  0.03178  0.00672  0.80968  -236.35756  -238.21107  4.99985   768
1489.00  0.03206  0.03178  0.00612  0.80968  -237.21510  -239.04115  4.99985   768
1490.00  0.03207  0.03178  0.00544  0.80968  -238.26338  -240.06654  4.99985   768
1491.00  0.03206  0.03178  0.00499  0.80968  -238.96986  -240.81117  4.99985   768
1492.00  0.03207  0.03178  0.00489  0.80968  -239.18959  -241.07210  4.99985   768
1493.00  0.03205  0.03178  0.00536  0.80968  -238.44344  -240.39308  4.99985   768
1494.00  0.03207  0.03178  0.00610  0.80968  -237.38600  -239.32191  4.99985   768
1495.00  0.03208  0.03178  0.00660  0.80968  -236.57423  -238.49336  4.99985   768
1496.00  0.03208  0.03178  0.00689  0.80968  -236.10426  -238.00355  4.99985   768
1497.00  0.03205  0.03178  0.00676  0.80968  -236.22023  -238.09358  4.99985   768
1498.00  0.03207  0.03178  0.00630  0.80968  -236.90535  -238.73292  4.99985   768
1499.00  0.03205  0.03178  0.00567  0.80968  -237.91396  -239.74458  4.99985   768
1500.00  0.03207  0.03178  0.00510  0.80968  -238.84322  -240.70131  4.99985   768
1501.00  0.03206  0.03178  0.00481  0.80968  -239.28267  -241.15755  4.99985   768
1502.00  0.03206  0.03178  0.00511  0.80968  -238.85237  -240.79896  4.99985   768
1503.00  0.03207  0.03178  0.00575  0.80968  -237.89717  -239.87428  4.99985   768
1504.00  0.03206  0.03178  0.00642  0.80968  -236.88856  -238.84126  4.99985   768
1505.00  0.03206  0.03178  0.00694  0.80968  -236.14088  -238.06612  4.99985   768
1506.00  0.03207  0.03178  0.00701  0.80968  -235.91811  -237.79909  4.99985   768
1507.00  0.03206  0.03178  0.00664  0.80968  -236.40944  -238.23549  4.99985   768
1508.00  0.03206  0.03178  0.00606  0.80968  -237.34633  -239.16627  4.99985   768
1509.00  0.03205  0.03178  0.00544  0.80968  -238.22981  -240.03145  4.99985   768
1510.00  0.03207  0.03178  0.00500  0.80968  -238.98970  -240.80965  4.99985   768
1511.00  0.03207  0.03178  0.00495  0.80968  -239.09346  -240.99733  4.99985   768
1512.00  0.03206  0.03178  0.00548  0.80968  -238.32442  -240.26948  4.99985   768
1513.00  0.03206  0.03178  0.00612  0.80968  -237.36922  -239.30208  4.99985   768
1514.00  0.03207  0.03178  0.00672  0.80968  -236.37129  -238.29042  4.99985   768
1515.00  0.03206  0.03178  0.00692  0.80968  -236.06612  -237.97304  4.99985   768
1516.00  0.03206  0.03178  0.00669  0.80968  -236.34535  -238.19429  4.99985   768
1517.00  0.03207  0.03178  0.00622  0.80968  -237.10371  -238.92366  4.99985   768
1518.00  0.03206  0.03178  0.00555  0.80968  -238.11385  -239.94600  4.99985   768
1519.00  0.03207  0.03178  0.00498  0.80968  -238.98512  -240.84474  4.99985   768
1520.00  0.03207  0.03178  0.00474  0.80968  -239.39101  -241.28267  4.99985   768
1521.00  0.03207  0.03178  0.00493  0.80968  -239.13924  -241.05836  4.99985   768
1522.00  0.03207  0.03178  0.00560  0.80968  -238.13368  -240.10469  4.99985   768
1523.00  0.03207  0.03178  0.00626  0.80968  -237.06404  -238.98622  4.99985   768
1524.00  0.03207  0.03178  0.00670  0.80968  -236.38045  -238.30263  4.99985   768
1525.00  0.03207  0.03178  0.00671  0.80968  -236.34230  -238.19734  4.99985   768
1526.00  0.03207  0.03178  0.00640  0.80968  -236.78480  -238.62459  4.99985   768
1527.00  0.03206  0.03178  0.00581  0.80968  -237.69881  -239.50807  4.99985   768
1528.00  0.03207  0.03178  0.00517  0.80968  -238.69368  -240.50752  4.99985   768
1529.00  0.03207  0.03178  0.00486  0.80968  -239.16823  -241.03090  4.99985   768
1530.00  0.03208  0.03178  0.00492  0.80968  -239.10261  -241.00191  4.99985   768
1531.00  0.03206  0.03178  0.00537  0.80968  -238.52736  -240.47243  4.99985   768
1532.00  0.03207  0.03178  0.00602  0.80968  -237.46687  -239.41347  4.99985   768
1533.00  0.03207  0.03178  0.00660  0.80968  -236.56660  -238.50557  4.99985   768
1534.00  0.03207  0.03178  0.00690  0.80968  -236.12715  -238.04323  4.99985   768
1535.00  0.03207  0.03178  0.00667  0.80968  -236.41859  -238.28737  4.99985   768
1536.00  0.03206  0.03178  0.00628  0.80968  -236.96638  -238.81837  4.99985   768
1537.00  0.03206  0.03178  0.00567  0.80968  -237.90938  -239.75526  4.99985   768
1538.00  0.03206  0.03178  0.00513  0.80968  -238.76082  -240.60976  4.99985   768
1539.00  0.03207  0.03178  0.00503  0.80968  -238.99733  -240.88594  4.99985   768
1540.00  0.03206  0.03178  0.00531  0.80968  -238.50905  -240.42970  4.99985   768
1541.00  0.03206  0.03178  0.00587  0.80968  -237.67592  -239.62251  4.99985   768
1542.00  0.03206  0.03178  0.00645  0.80968  -236.81074  -238.73903  4.99985   768
1543.00  0.03207  0.03178  0.00676  0.80968  -236.30415  -238.18513  4.99985   768
1544.00  0.03205  0.03178  0.00683  0.80968  -236.17903  -238.05391  4.99985   768
1545.00  0.03207  0.03178  0.00650  0.80968  -236.65663  -238.48268  4.99985   768
1546.00  0.03206  0.03178  0.00591  0.80968  -237.51723  -239.34633  4.99985   768
1547.00  0.03208  0.03178  0.00526  0.80968  -238.49532  -240.32136  4.99985   768
1548.00  0.03206  0.03178  0.00486  0.80968  -239.16365  -241.03853  4.99985   768
1549.00  0.03207  0.03178  0.00507  0.80968  -238.95308  -240.89815  4.99985   768
1550.00  0.03208  0.03178  0.00559  0.80968  -238.12453  -240.07417  4.99985   768
1551.00  0.03207  0.03178  0.00622  0.80968  -237.17543  -239.12050  4.99985   768
1552.00  0.03207  0.03178  0.00670  0.80968  -236.48878  -238.41859  4.99985   768
1553.00  0.03206  0.03178  0.00683  0.80968  -236.16377  -238.06612  4.99985   768
1554.00  0.03208  0.03178  0.00669  0.80968  -236.36977  -238.23244  4.99985   768
1555.00  0.03206  0.03178  0.00617  0.80968  -237.11897  -238.95418  4.99985   768
1556.00  0.03206  0.03178  0.00549  0.80968  -238.12300  -239.94447  4.99985   768
1557.00  0.03207  0.03178  0.00499  0.80968  -238.99275  -240.84474  4.99985   768
1558.00  0.03207  0.03178  0.00488  0.80968  -239.16670  -241.04921  4.99985   768
1559.00  0.03206  0.03178  0.00531  0.80968  -238.57008  -240.48769  4.99985   768
1560.00  0.03206  0.03178  0.00591  0.80968  -237.63167  -239.57063  4.99985   768
1561.00  0.03206  0.03178  0.00646  0.80968  -236.78633  -238.70698  4.99985   768
1562.00  0.03206  0.03178  0.00682  0.80968  -236.23854  -238.14851  4.99985   768
1563.00  0.03207  0.03178  0.00682  0.80968  -236.13783  -237.99440  4.99985   768
1564.00  0.03207  0.03178  0.00653  0.80968  -236.60628  -238.46284  4.99985   768
1565.00  0.03207  0.03178  0.00583  0.80968  -237.64998  -239.46840  4.99985   768
1566.00  0.03205  0.03178  0.00521  0.80968  -238.60365  -240.43886  4.99985   768
1567.00  0.03206  0.03178  0.00492  0.80968  -239.16823  -241.05226  4.99985   768
1568.00  0.03207  0.03178  0.00507  0.80968  -238.91798  -240.84779  4.99985   768
1569.00  0.03206  0.03178  0.00569  0.80968  -237.96889  -239.93074  4.99985   768
1570.00  0.03207  0.03178  0.00639  0.80968  -236.94502  -238.92061  4.99985   768
1571.00  0.03206  0.03178  0.00679  0.80968  -236.26601  -238.16835  4.99985   768
1572.00  0.03207  0.03178  0.00697  0.80968  -235.98524  -237.89369  4.99985   768
1573.00  0.03206  0.03178  0.00667  0.80968  -236.36061  -238.20955  4.99985   768
1574.00  0.03206  0.03178  0.00617  0.80968  -237.16170  -238.98317  4.99985   768
1575.00  0.03205  0.03178  0.00549  0.80968  -238.17183  -239.97652  4.99985   768
1576.00  0.03207  0.03178  0.00494  0.80968  -238.99428  -240.83864  4.99985   768
1577.00  0.03207  0.03178  0.00479  0.80968  -239.31929  -241.17738  4.99985   768
1578.00  0.03207  0.03178  0.00522  0.80968  -238.68758  -240.62196  4.99985   768
1579.00  0.03207  0.03178  0.00593  0.80968  -237.63930  -239.58742  4.99985   768
1580.00  0.03205  0.03178  0.00657  0.80968  -236.67189  -238.62306  4.99985   768
1581.00  0.03207  0.03178  0.00690  0.80968  -236.05849  -237.96541  4.99985   768
1582.00  0.03206  0.03178  0.00685  0.80968  -236.13936  -238.01576  4.99985   768
1583.00  0.03207  0.03178  0.00643  0.80968  -236.73140  -238.57729  4.99985   768
1584.00  0.03206  0.03178  0.00583  0.80968  -237.66981  -239.50807  4.99985   768
1585.00  0.03207  0.03178  0.00520  0.80968  -238.65095  -240.49379  4.99985   768
1586.00  0.03206  0.03178  0.00493  0.80968  -239.04616  -240.92409  4.99985   768
1587.00  0.03206  0.03178  0.00506  0.80968  -238.95003  -240.86305  4.99985   768
1588.00  0.03206  0.03178  0.00561  0.80968  -238.15657  -240.11385  4.99985   768
1589.00  0.03206  0.03178  0.00629  0.80968  -237.08693  -239.02742  4.99985   768
1590.00  0.03207  0.03178  0.00679  0.80968  -236.25227  -238.16225  4.99985   768
1591.00  0.03206  0.03178  0.00696  0.80968  -235.96083  -237.85860  4.99985   768
1592.00  0.03206  0.03178  0.00673  0.80968  -236.28126  -238.14088  4.99985   768
1593.00  0.03207  0.03178  0.00617  0.80968  -237.12660  -238.92213  4.99985   768
1594.00  0.03207  0.03178  0.00547  0.80968  -238.19167  -239.99940  4.99985   768
1595.00  0.03207  0.03178  0.00502  0.80968  -238.89815  -240.74251  4.99985   768
1596.00  0.03206  0.03178  0.00499  0.80968  -238.99733  -240.88899  4.99985   768
1597.00  0.03208  0.03178  0.00531  0.80968  -238.57619  -240.49074  4.99985   768
1598.00  0.03207  0.03178  0.00588  0.80968  -237.72932  -239.69270  4.99985   768
1599.00  0.03206  0.03178  0.00646  0.80968  -236.81532  -238.77718  4.99985   768
1600.00  0.03206  0.03178  0.00677  0.80968  -236.27821  -238.18208  4.99985   768
1601.00  0.03207  0.03178  0.00680  0.80968  -236.17598  -238.05849  4.99985   768
1602.00  0.03207  0.03178  0.00635  0.80968  -236.87025  -238.71309  4.99985   768
1603.00  0.03206  0.03178  0.00579  0.80968  -237.75069  -239.59657  4.99985   768
1604.00  0.03208  0.03178  0.00519  0.80968  -238.61128  -240.45106  4.99985   768
1605.00  0.03206  0.03178  0.00494  0.80968  -239.06447  -240.95918  4.99985   768
1606.00  0.03207  0.03178  0.00509  0.80968  -238.88747  -240.81880  4.99985   768
1607.00  0.03206  0.03178  0.00557  0.80968  -238.16725  -240.08485  4.99985   768
1608.00  0.03207  0.03178  0.00621  0.80968  -237.17085  -239.12202  4.99985   768
1609.00  0.03206  0.03178  0.00664  0.80968  -236.43996  -238.32857  4.99985   768
1610.00  0.03206  0.03178  0.00675  0.80968  -236.28432  -238.14851  4.99985   768
1611.00  0.03207  0.03178  0.00650  0.80968  -236.68104  -238.52235  4.99985   768
1612.00  0.03207  0.03178  0.00603  0.80968  -237.34328  -239.17238  4.99985   768
1613.00  0.03206  0.03178  0.00541  0.80968  -238.29390  -240.11537  4.99985   768
1614.00  0.03206  0.03178  0.00498  0.80968  -239.00038  -240.85847  4.99985   768
1615.00  0.03207  0.03178  0.00499  0.80968  -238.99123  -240.88594  4.99985   768
1616.00  0.03207  0.03178  0.00529  0.80968  -238.60670  -240.53957  4.99985   768
1617.00  0.03207  0.03178  0.00590  0.80968  -237.71864  -239.69270  4.99985   768
1618.00  0.03206  0.03178  0.00652  0.80968  -236.73598  -238.69325  4.99985   768
1619.00  0.03207  0.03178  0.00689  0.80968  -236.11342  -238.02797  4.99985   768
1620.00  0.03207  0.03178  0.00666  0.80968  -236.42622  -238.29652  4.99985   768
1621.00  0.03207  0.03178  0.00628  0.80968  -236.98469  -238.81990  4.99985   768
1622.00  0.03206  0.03178  0.00580  0.80968  -237.68660  -239.52180  4.99985   768
1623.00  0.03207  0.03178  0.00521  0.80968  -238.64180  -240.46327  4.99985   768
1624.00  0.03206  0.03178  0.00501  0.80968  -238.97444  -240.84322  4.99985   768
1625.00  0.03206  0.03178  0.00518  0.80968  -238.73793  -240.64485  4.99985   768
1626.00  0.03207  0.03178  0.00559  0.80968  -238.13826  -240.05281  4.99985   768
1627.00  0.03206  0.03178  0.00623  0.80968  -237.17543  -239.11439  4.99985   768
1628.00  0.03207  0.03178  0.00670  0.80968  -236.39265  -238.29805  4.99985   768
1629.00  0.03207  0.03178  0.00679  0.80968  -236.24159  -238.10579  4.99985   768
1630.00  0.03207  0.03178  0.00650  0.80968  -236.63374  -238.48268  4.99985   768
1631.00  0.03206  0.03178  0.00592  0.80968  -237.46382  -239.26698  4.99985   768
1632.00  0.03206  0.03178  0.00532  0.80968  -238.47700  -240.34273  4.99985   768
1633.00  0.03206  0.03178  0.00494  0.80968  -239.05531  -240.92409  4.99985   768
1634.00  0.03206  0.03178  0.00495  0.80968  -239.05531  -240.95766  4.99985   768
1635.00  0.03206  0.03178  0.00530  0.80968  -238.58839  -240.54567  4.99985   768
1636.00  0.03208  0.03178  0.00596  0.80968  -237.57063  -239.53706  4.99985   768
1637.00  0.03205  0.03178  0.00647  0.80968  -236.81990  -238.74361  4.99985   768
1638.00  0.03207  0.03178  0.00677  0.80968  -236.32552  -238.22786  4.99985   768
1639.00  0.03206  0.03178  0.00652  0.80968  -236.60017  -238.45216  4.99985   768
1640.00  0.03207  0.03178  0.00617  0.80968  -237.11439  -238.95723  4.99985   768
1641.00  0.03206  0.03178  0.00550  0.80968  -238.16115  -239.97194  4.99985   768
1642.00  0.03206  0.03178  0.00510  0.80968  -238.79134  -240.64180  4.99985   768
1643.00  0.03207  0.03178  0.00497  0.80968  -239.03242  -240.89967  4.99985   768
1644.00  0.03207  0.03178  0.00515  0.80968  -238.78676  -240.70131  4.99985   768
1645.00  0.03207  0.03178  0.00572  0.80968  -237.93990  -239.88344  4.99985   768
1646.00  0.03207  0.03178  0.00640  0.80968  -236.86415  -238.80464  4.99985   768
1647.00  0.03206  0.03178  0.00682  0.80968  -236.25075  -238.15004  4.99985   768
1648.00  0.03207  0.03178  0.00684  0.80968  -236.13631  -238.02492  4.99985   768
1649.00  0.03207  0.03178  0.00643  0.80968  -236.75734  -238.59865  4.99985   768
1650.00  0.03206  0.03178  0.00585  0.80968  -237.59962  -239.45009  4.99985   768
1651.00  0.03206  0.03178  0.00530  0.80968  -238.49837  -240.33205  4.99985   768
1652.00  0.03207  0.03178  0.00500  0.80968  -238.98817  -240.86763  4.99985   768
1653.00  0.03205  0.03178  0.00505  0.80968  -238.97139  -240.89967  4.99985   768
1654.00  0.03206  0.03178  0.00554  0.80968  -238.23897  -240.18861  4.99985   768
1655.00  0.03207  0.03178  0.00627  0.80968  -237.06404  -239.00301  4.99985   768
1656.00  0.03206  0.03178  0.00673  0.80968  -236.37129  -238.31178  4.99985   768
1657.00  0.03207  0.03178  0.00686  0.80968  -236.12410  -237.99745  4.99985   768
1658.00  0.03206  0.03178  0.00662  0.80968  -236.46437  -238.31331  4.99985   768
1659.00  0.03206  0.03178  0.00609  0.80968  -237.23341  -239.04726  4.99985   768
1660.00  0.03206  0.03178  0.00544  0.80968  -238.20692  -240.00246  4.99985   768
1661.00  0.03205  0.03178  0.00500  0.80968  -238.97902  -240.81422  4.99985   768
1662.00  0.03205  0.03178  0.00493  0.80968  -239.09804  -241.00648  4.99985   768
1663.00  0.03206  0.03178  0.00519  0.80968  -238.77303  -240.69826  4.99985   768
1664.00  0.03204  0.03178  0.00580  0.80968  -237.83461  -239.77663  4.99985   768
1665.00  0.03206  0.03178  0.00652  0.80968  -236.69783  -238.64900  4.99985   768
1666.00  0.03206  0.03178  0.00676  0.80968  -236.30415  -238.18971  4.99985   768
1667.00  0.03207  0.03178  0.00674  0.80968  -236.26906  -238.14699  4.99985   768
1668.00  0.03206  0.03178  0.00642  0.80968  -236.85194  -238.70393  4.99985   768
1669.00  0.03206  0.03178  0.00574  0.80968  -237.83156  -239.66981  4.99985   768
1670.00  0.03206  0.03178  0.00512  0.80968  -238.74709  -240.59755  4.99985   768
1671.00  0.03207  0.03178  0.00481  0.80968  -239.24300  -241.11482  4.99985   768
1672.00  0.03205  0.03178  0.00493  0.80968  -239.12245  -241.05074  4.99985   768
1673.00  0.03206  0.03178  0.00556  0.80968  -238.19472  -240.13673  4.99985   768
1674.00  0.03207  0.03178  0.00622  0.80968  -237.17390  -239.11287  4.99985   768
1675.00  0.03206  0.03178  0.00668  0.80968  -236.43385  -238.32399  4.99985   768
1676.00  0.03207  0.03178  0.00691  0.80968  -236.10121  -237.99898  4.99985   768
1677.00  0.03206  0.03178  0.00676  0.80968  -236.24617  -238.09206  4.99985   768
1678.00  0.03207  0.03178  0.00614  0.80968  -237.16322  -238.96333  4.99985   768
1679.00  0.03206  0.03178  0.00555  0.80968  -238.09706  -239.92769  4.99985   768
1680.00  0.03207  0.03178  0.00505  0.80968  -238.83864  -240.70283  4.99985   768
1681.00  0.03206  0.03178  0.00492  0.80968  -239.06599  -240.96681  4.99985   768
1682.00  0.03208  0.03178  0.00521  0.80968  -238.69063  -240.61891  4.99985   768
1683.00  0.03206  0.03178  0.00583  0.80968  -237.78578  -239.73695  4.99985   768
1684.00  0.03206  0.03178  0.00652  0.80968  -236.71461  -238.65968  4.99985   768
1685.00  0.03206  0.03178  0.00689  0.80968  -236.14088  -238.06459  4.99985   768
1686.00  0.03206  0.03178  0.00687  0.80968  -236.11800  -238.00508  4.99985   768
1687.00  0.03207  0.03178  0.00653  0.80968  -236.57576  -238.42775  4.99985   768
1688.00  0.03206  0.03178  0.00588  0.80968  -237.54469  -239.38753  4.99985   768
1689.00  0.03207  0.03178  0.00523  0.80968  -238.56551  -240.40529  4.99985   768
1690.00  0.03206  0.03178  0.00483  0.80968  -239.26894  -241.11177  4.99985   768
1691.00  0.03205  0.03178  0.00492  0.80968  -239.17586  -241.07210  4.99985   768
1692.00  0.03206  0.03178  0.00545  0.80968  -238.37324  -240.32136  4.99985   768
1693.00  0.03206  0.03178  0.00621  0.80968  -237.22731  -239.19221  4.99985   768
1694.00  0.03205  0.03178  0.00673  0.80968  -236.35298  -238.27058  4.99985   768
1695.00  0.03206  0.03178  0.00690  0.80968  -236.04475  -237.90742  4.99985   768
1696.00  0.03206  0.03178  0.00670  0.80968  -236.30110  -238.15309  4.99985   768
1697.00  0.03207  0.03178  0.00623  0.80968  -237.10982  -238.94807  4.99985   768
1698.00  0.03207  0.03178  0.00557  0.80968  -238.05128  -239.88039  4.99985   768
1699.00  0.03205  0.03178  0.00501  0.80968  -238.94087  -240.79439  4.99985   768
1700.00  0.03206  0.03178  0.00483  0.80968  -239.25978  -241.15602  4.99985   768
1701.00  0.03206  0.03178  0.00511  0.80968  -238.82338  -240.74403  4.99985   768
1702.00  0.03206  0.03178  0.00586  0.80968  -237.78120  -239.76747  4.99985   768
1703.00  0.03206  0.03178  0.00652  0.80968  -236.75734  -238.70851  4.99985   768
1704.00  0.03206  0.03178  0.00692  0.80968  -236.10731  -238.01881  4.99985   768
1705.00  0.03205  0.03178  0.00688  0.80968  -236.06612  -237.95930  4.99985   768
1706.00  0.03207  0.03178  0.00653  0.80968  -236.59865  -238.44606  4.99985   768
1707.00  0.03207  0.03178  0.00597  0.80968  -237.39058  -239.21510  4.99985   768
1708.00  0.03206  0.03178  0.00526  0.80968  -238.52278  -240.33510  4.99985   768
1709.00  0.03206  0.03178  0.00488  0.80968  -239.17738  -241.02632  4.99985   768
1710.00  0.03206  0.03178  0.00492  0.80968  -239.13313  -241.02632  4.99985   768
1711.00  0.03207  0.03178  0.00543  0.80968  -238.36714  -240.28780  4.99985   768
1712.00  0.03207  0.03178  0.00613  0.80968  -237.28529  -239.24104  4.99985   768
1713.00  0.03206  0.03178  0.00668  0.80968  -236.44911  -238.37282  4.99985   768
1714.00  0.03205  0.03178  0.00691  0.80968  -236.09969  -237.99745  4.99985   768
1715.00  0.03206  0.03178  0.00664  0.80968  -236.44453  -238.27821  4.99985   768
1716.00  0.03206  0.03178  0.00608  0.80968  -237.30208  -239.14644  4.99985   768
1717.00  0.03206  0.03178  0.00542  0.80968  -238.31831  -240.15962  4.99985   768
1718.00  0.03206  0.03178  0.00491  0.80968  -239.09499  -240.95155  4.99985   768
1719.00  0.03207  0.03178  0.00478  0.80968  -239.35286  -241.25215  4.99985   768
1720.00  0.03206  0.03178  0.00516  0.80968  -238.76997  -240.71809  4.99985   768
1721.00  0.03205  0.03178  0.00581  0.80968  -237.83003  -239.78273  4.99985   768
1722.00  0.03205  0.03178  0.00640  0.80968  -236.92976  -238.86110  4.99985   768
1723.00  0.03207  0.03178  0.00675  0.80968  -236.34688  -238.23244  4.99985   768
1724.00  0.03207  0.03178  0.00675  0.80968  -236.28584  -238.13631  4.99985   768
1725.00  0.03206  0.03178  0.00642  0.80968  -236.77412  -238.61085  4.99985   768
1726.00  0.03207  0.03178  0.00580  0.80968  -237.65608  -239.46687  4.99985   768
1727.00  0.03206  0.03178  0.00525  0.80968  -238.58076  -240.40071  4.99985   768
1728.00  0.03206  0.03178  0.00497  0.80968  -239.04463  -240.92409  4.99985   768
1729.00  0.03206  0.03178  0.00510  0.80968  -238.86916  -240.78218  4.99985   768
1730.00  0.03205  0.03178  0.00572  0.80968  -237.96431  -239.91243  4.99985   768
1731.00  0.03206  0.03178  0.00632  0.80968  -237.07777  -239.00758  4.99985   768
1732.00  0.03207  0.03178  0.00676  0.80968  -236.32399  -238.25380  4.99985   768
1733.00  0.03206  0.03178  0.00687  0.80968  -236.11800  -238.00203  4.99985   768
1734.00  0.03206  0.03178  0.00662  0.80968  -236.49947  -238.34840  4.99985   768
1735.00  0.03206  0.03178  0.00617  0.80968  -237.15712  -239.02132  4.99985   768
1736.00  0.03206  0.03178  0.00562  0.80968  -237.99788  -239.83766  4.99985   768
1737.00  0.03206  0.03178  0.00507  0.80968  -238.79134  -240.63264  4.99985   768
1738.00  0.03206  0.03178  0.00495  0.80968  -239.07820  -240.98054  4.99985   768
1739.00  0.03207  0.03178  0.00534  0.80968  -238.52278  -240.46022  4.99985   768
1740.00  0.03205  0.03178  0.00597  0.80968  -237.63319  -239.57063  4.99985   768
1741.00  0.03206  0.03178  0.00661  0.80968  -236.56966  -238.50099  4.99985   768
1742.00  0.03206  0.03178  0.00679  0.80968  -236.26295  -238.14851  4.99985   768
1743.00  0.03205  0.03178  0.00671  0.80968  -236.34840  -238.20344  4.99985   768
1744.00  0.03207  0.03178  0.00625  0.80968  -237.04268  -238.86568  4.99985   768
1745.00  0.03207  0.03178  0.00563  0.80968  -237.97194  -239.79646  4.99985   768
1746.00  0.03207  0.03178  0.00518  0.80968  -238.68300  -240.52126  4.99985   768
1747.00  0.03205  0.03178  0.00489  0.80968  -239.17891  -241.06142  4.99985   768
1748.00  0.03206  0.03178  0.00506  0.80968  -238.95003  -240.85542  4.99985   768
1749.00  0.03207  0.03178  0.00566  0.80968  -238.06197  -240.05739  4.99985   768
1750.00  0.03205  0.03178  0.00621  0.80968  -237.22731  -239.16170  4.99985   768
1751.00  0.03205  0.03178  0.00671  0.80968  -236.41859  -238.34383  4.99985   768
1752.00  0.03205  0.03178  0.00692  0.80968  -236.08137  -237.99898  4.99985   768
1753.00  0.03206  0.03178  0.00655  0.80968  -236.54982  -238.38350  4.99985   768
1754.00  0.03205  0.03178  0.00596  0.80968  -237.48061  -239.32802  4.99985   768
1755.00  0.03205  0.03178  0.00546  0.80968  -238.31679  -240.14589  4.99985   768
1756.00  0.03206  0.03178  0.00511  0.80968  -238.80202  -240.68758  4.99985   768
1757.00  0.03207  0.03178  0.00507  0.80968  -238.88441  -240.76692  4.99985   768
1758.00  0.03204  0.03178  0.00547  0.80968  -238.33815  -240.26338  4.99985   768
1759.00  0.03206  0.03178  0.00612  0.80968  -237.36006  -239.30055  4.99985   768
1760.00  0.03206  0.03178  0.00677  0.80968  -236.34688  -238.27821  4.99985   768
1761.00  0.03206  0.03178  0.00693  0.80968  -236.01118  -237.89827  4.99985   768
1762.00  0.03206  0.03178  0.00688  0.80968  -236.05238  -237.92116  4.99985   768
1763.00  0.03206  0.03178  0.00636  0.80968  -236.78328  -238.59407  4.99985   768
1764.00  0.03205  0.03178  0.00572  0.80968  -237.80257  -239.61488  4.99985   768
1765.00  0.03205  0.03178  0.00523  0.80968  -238.64485  -240.50600  4.99985   768
1766.00  0.03205  0.03178  0.00522  0.80968  -238.65706  -240.55635  4.99985   768
1767.00  0.03205  0.03178  0.00531  0.80968  -238.54567  -240.46785  4.99985   768
1768.00  0.03205  0.03178  0.00574  0.80968  -237.94142  -239.91548  4.99985   768
1769.00  0.03205  0.03178  0.00663  0.80968  -236.58797  -238.55440  4.99985   768
1770.00  0.03206  0.03178  0.00714  0.80968  -235.68617  -237.60988  4.99985   768
1771.00  0.03205  0.03178  0.00707  0.80968  -235.79756  -237.66481  4.99985   768
1772.00  0.03205  0.03178  0.00651  0.80968  -236.64748  -238.49031  4.99985   768
1773.00  0.03205  0.03178  0.00593  0.80968  -237.52638  -239.36159  4.99985   768
1774.00  0.03206  0.03178  0.00558  0.80968  -238.05739  -239.90938  4.99985   768
1775.00  0.03206  0.03178  0.00519  0.80968  -238.68910  -240.51668  4.99985   768
1776.00  0.03207  0.03178  0.00522  0.80968  -238.64790  -240.53651  4.99985   768
1777.00  0.03206  0.03178  0.00548  0.80968  -238.30763  -240.21455  4.99985   768
1778.00  0.03207  0.03178  0.00623  0.80968  -237.19374  -239.14339  4.99985   768
1779.00  0.03205  0.03178  0.00695  0.80968  -236.04018  -237.99135  4.99985   768
1780.00  0.03207  0.03178  0.00726  0.80968  -235.52901  -237.42067  4.99985   768
1781.00  0.03205  0.03178  0.00699  0.80968  -235.87538  -237.71364  4.99985   768
1782.00  0.03205  0.03178  0.00623  0.80968  -237.00758  -238.82906  4.99985   768
1783.00  0.03206  0.03178  0.00567  0.80968  -237.96126  -239.80714  4.99985   768
1784.00  0.03206  0.03178  0.00537  0.80968  -238.41139  -240.28017  4.99985   768
1785.00  0.03207  0.03178  0.00525  0.80968  -238.63264  -240.54262  4.99985   768
1786.00  0.03205  0.03178  0.00540  0.80968  -238.39461  -240.33815  4.99985   768
1787.00  0.03205  0.03178  0.00587  0.80968  -237.71254  -239.66676  4.99985   768
1788.00  0.03206  0.03178  0.00659  0.80968  -236.66273  -238.60628  4.99985   768
1789.00  0.03207  0.03178  0.00714  0.80968  -235.77010  -237.70906  4.99985   768
1790.00  0.03205  0.03178  0.00724  0.80968  -235.55189  -237.42982  4.99985   768
1791.00  0.03206  0.03178  0.00674  0.80968  -236.21718  -238.03102  4.99985   768
1792.00  0.03205  0.03178  0.00596  0.80968  -237.48823  -239.28987  4.99985   768
1793.00  0.03207  0.03178  0.00553  0.80968  -238.08943  -239.93684  4.99985   768
1794.00  0.03206  0.03178  0.00531  0.80968  -238.47700  -240.31984  4.99985   768
1795.00  0.03206  0.03178  0.00526  0.80968  -238.59145  -240.48769  4.99985   768
1796.00  0.03205  0.03178  0.00565  0.80968  -238.08028  -240.01466  4.99985   768
1797.00  0.03205  0.03178  0.00629  0.80968  -237.07625  -239.02437  4.99985   768
1798.00  0.03205  0.03178  0.00697  0.80968  -236.02644  -237.97609  4.99985   768
1799.00  0.03206  0.03178  0.00735  0.80968  -235.38557  -237.29250  4.99985   768
1800.00  0.03205  0.03178  0.00704  0.80968  -235.77772  -237.60683  4.99985   768
1801.00  0.03205  0.03178  0.00627  0.80968  -236.96486  -238.78480  4.99985   768
1802.00  0.03206  0.03178  0.00564  0.80968  -237.97804  -239.81782  4.99985   768
1803.00  0.03206  0.03178  0.00536  0.80968  -238.45564  -240.33357  4.99985   768
1804.00  0.03206  0.03178  0.00521  0.80968  -238.65706  -240.54262  4.99985   768
1805.00  0.03205  0.03178  0.00538  0.80968  -238.45106  -240.38393  4.99985   768
1806.00  0.03205  0.03178  0.00598  0.80968  -237.56453  -239.52486  4.99985   768
1807.00  0.03206  0.03178  0.00664  0.80968  -236.49184  -238.42012  4.99985   768
1808.00  0.03206  0.03178  0.00726  0.80968  -235.57936  -237.51222  4.99985   768
1809.00  0.03205  0.03178  0.00725  0.80968  -235.50917  -237.35963  4.99985   768
1810.00  0.03207  0.03178  0.00677  0.80968  -236.20192  -238.01576  4.99985   768
1811.00  0.03206  0.03178  0.00613  0.80968  -237.19527  -239.00148  4.99985   768
1812.00  0.03206  0.03178  0.00548  0.80968  -238.20998  -240.02534  4.99985   768
1813.00  0.03205  0.03178  0.00525  0.80968  -238.59297  -240.49532  4.99985   768
1814.00  0.03206  0.03178  0.00543  0.80968  -238.37019  -240.28780  4.99985   768
1815.00  0.03205  0.03178  0.00583  0.80968  -237.76289  -239.70644  4.99985   768
1816.00  0.03206  0.03178  0.00657  0.80968  -236.66731  -238.63374  4.99985   768
1817.00  0.03205  0.03178  0.00714  0.80968  -235.76399  -237.70448  4.99985   768
1818.00  0.03205  0.03178  0.00741  0.80968  -235.27418  -237.18263  4.99985   768
1819.00  0.03205  0.03178  0.00730  0.80968  -235.38252  -237.22078  4.99985   768
1820.00  0.03205  0.03178  0.00654  0.80968  -236.55287  -238.37434  4.99985   768
1821.00  0.03205  0.03178  0.00593  0.80968  -237.55385  -239.41652  4.99985   768
1822.00  0.03206  0.03178  0.00567  0.80968  -237.89717  -239.77052  4.99985   768
1823.00  0.03205  0.03178  0.00546  0.80968  -238.28322  -240.15047  4.99985   768
1824.00  0.03206  0.03178  0.00565  0.80968  -238.02992  -239.94752  4.99985   768
1825.00  0.03205  0.03178  0.00626  0.80968  -237.12202  -239.07320  4.99985   768
1826.00  0.03206  0.03178  0.00699  0.80968  -235.99440  -237.93642  4.99985   768
1827.00  0.03207  0.03178  0.00751  0.80968  -235.14754  -237.03615  4.99985   768
1828.00  0.03205  0.03178  0.00741  0.80968  -235.25282  -237.10176  4.99985   768
1829.00  0.03205  0.03178  0.00702  0.80968  -235.87233  -237.73042  4.99985   768
1830.00  0.03204  0.03178  0.00631  0.80968  -236.90382  -238.70393  4.99985   768
1831.00  0.03205  0.03178  0.00562  0.80968  -237.99940  -239.82545  4.99985   768
1832.00  0.03206  0.03178  0.00537  0.80968  -238.42818  -240.31374  4.99985   768
1833.00  0.03207  0.03178  0.00552  0.80968  -238.27711  -240.19167  4.99985   768
1834.00  0.03206  0.03178  0.00577  0.80968  -237.84682  -239.75984  4.99985   768
1835.00  0.03206  0.03178  0.00641  0.80968  -236.92824  -238.90840  4.99985   768
1836.00  0.03205  0.03178  0.00714  0.80968  -235.78841  -237.73653  4.99985   768
1837.00  0.03205  0.03178  0.00750  0.80968  -235.20247  -237.10176  4.99985   768
1838.00  0.03206  0.03178  0.00718  0.80968  -235.58394  -237.42067  4.99985   768
1839.00  0.03205  0.03178  0.00658  0.80968  -236.47505  -238.29652  4.99985   768
1840.00  0.03206  0.03178  0.00595  0.80968  -237.52486  -239.33412  4.99985   768
1841.00  0.03207  0.03178  0.00552  0.80968  -238.18404  -240.03908  4.99985   768
1842.00  0.03206  0.03178  0.00544  0.80968  -238.33510  -240.19929  4.99985   768
1843.00  0.03207  0.03178  0.00571  0.80968  -237.91090  -239.83461  4.99985   768
1844.00  0.03205  0.03178  0.00628  0.80968  -237.07472  -238.99080  4.99985   768
1845.00  0.03206  0.03178  0.00688  0.80968  -236.20497  -238.13631  4.99985   768
1846.00  0.03206  0.03178  0.00741  0.80968  -235.35353  -237.26961  4.99985   768
1847.00  0.03205  0.03178  0.00743  0.80968  -235.22993  -237.08955  4.99985   768
1848.00  0.03206  0.03178  0.00707  0.80968  -235.72584  -237.56868  4.99985   768
1849.00  0.03206  0.03178  0.00643  0.80968  -236.68562  -238.52998  4.99985   768
1850.00  0.03206  0.03178  0.00574  0.80968  -237.81172  -239.63777  4.99985   768
1851.00  0.03205  0.03178  0.00558  0.80968  -238.11842  -240.01924  4.99985   768
1852.00  0.03206  0.03178  0.00582  0.80968  -237.77510  -239.70949  4.99985   768
1853.00  0.03205  0.03178  0.00628  0.80968  -237.09914  -239.04878  4.99985   768
1854.00  0.03205  0.03178  0.00698  0.80968  -236.02339  -237.97609  4.99985   768
1855.00  0.03205  0.03178  0.00741  0.80968  -235.31233  -237.22078  4.99985   768
1856.00  0.03205  0.03178  0.00758  0.80968  -235.06819  -236.96901  4.99985   768
1857.00  0.03206  0.03178  0.00737  0.80968  -235.28792  -237.12312  4.99985   768
1858.00  0.03205  0.03178  0.00675  0.80968  -236.21107  -238.03560  4.99985   768
1859.00  0.03206  0.03178  0.00614  0.80968  -237.12813  -238.94502  4.99985   768
1860.00  0.03205  0.03178  0.00568  0.80968  -237.93990  -239.77968  4.99985   768
1861.00  0.03205  0.03178  0.00561  0.80968  -238.07265  -239.96431  4.99985   768
1862.00  0.03206  0.03178  0.00608  0.80968  -237.40584  -239.32954  4.99985   768
1863.00  0.03206  0.03178  0.00671  0.80968  -236.42927  -238.38655  4.99985   768
1864.00  0.03204  0.03178  0.00732  0.80968  -235.53664  -237.46034  4.99985   768
1865.00  0.03205  0.03178  0.00754  0.80968  -235.05904  -236.97206  4.99985   768
1866.00  0.03205  0.03178  0.00748  0.80968  -235.13991  -237.01631  4.99985   768
1867.00  0.03206  0.03178  0.00707  0.80968  -235.76857  -237.61903  4.99985   768
1868.00  0.03206  0.03178  0.00640  0.80968  -236.76039  -238.59254  4.99985   768
1869.00  0.03206  0.03178  0.00579  0.80968  -237.71407  -239.55537  4.99985   768
1870.00  0.03205  0.03178  0.00567  0.80968  -238.02992  -239.93379  4.99985   768
1871.00  0.03206  0.03178  0.00582  0.80968  -237.79494  -239.70033  4.99985   768
1872.00  0.03206  0.03178  0.00631  0.80968  -237.00453  -238.96181  4.99985   768
1873.00  0.03206  0.03178  0.00694  0.80968  -236.08137  -238.03102  4.99985   768
1874.00  0.03205  0.03178  0.00744  0.80968  -235.29097  -237.19484  4.99985   768
1875.00  0.03205  0.03178  0.00751  0.80968  -235.11549  -236.98274  4.99985   768
1876.00  0.03205  0.03178  0.00727  0.80968  -235.44356  -237.26961  4.99985   768
1877.00  0.03206  0.03178  0.00670  0.80968  -236.29195  -238.12257  4.99985   768
1878.00  0.03206  0.03178  0.00607  0.80968  -237.30055  -239.12050  4.99985   768
1879.00  0.03206  0.03178  0.00575  0.80968  -237.82393  -239.67287  4.99985   768
1880.00  0.03207  0.03178  0.00578  0.80968  -237.81477  -239.72627  4.99985   768
1881.00  0.03204  0.03178  0.00624  0.80968  -237.16780  -239.10982  4.99985   768
1882.00  0.03205  0.03178  0.00690  0.80968  -236.14851  -238.10884  4.99985   768
1883.00  0.03205  0.03178  0.00747  0.80968  -235.25893  -237.19636  4.99985   768
1884.00  0.03205  0.03178  0.00765  0.80968  -234.91255  -236.81642  4.99985   768
1885.00  0.03206  0.03178  0.00754  0.80968  -235.11244  -236.99647  4.99985   768
1886.00  0.03205  0.03178  0.00715  0.80968  -235.64345  -237.48628  4.99985   768
1887.00  0.03205  0.03178  0.00644  0.80968  -236.71156  -238.52998  4.99985   768
1888.00  0.03206  0.03178  0.00594  0.80968  -237.47755  -239.32344  4.99985   768
1889.00  0.03206  0.03178  0.00571  0.80968  -237.91701  -239.79341  4.99985   768
1890.00  0.03207  0.03178  0.00592  0.80968  -237.61641  -239.52791  4.99985   768
1891.00  0.03206  0.03178  0.00651  0.80968  -236.77260  -238.71461  4.99985   768
1892.00  0.03205  0.03178  0.00723  0.80968  -235.62361  -237.56410  4.99985   768
1893.00  0.03206  0.03178  0.00773  0.80968  -234.86220  -236.76454  4.99985   768
1894.00  0.03205  0.03178  0.00769  0.80968  -234.78590  -236.64094  4.99985   768
1895.00  0.03206  0.03178  0.00738  0.80968  -235.31233  -237.12617  4.99985   768
1896.00  0.03204  0.03178  0.00681  0.80968  -236.17445  -238.00203  4.99985   768
1897.00  0.03206  0.03178  0.00613  0.80968  -237.19069  -239.02742  4.99985   768
1898.00  0.03205  0.03178  0.00581  0.80968  -237.67897  -239.54317  4.99985   768
1899.00  0.03204  0.03178  0.00583  0.80968  -237.75526  -239.67744  4.99985   768
1900.00  0.03206  0.03178  0.00636  0.80968  -236.98317  -238.92366  4.99985   768
1901.00  0.03206  0.03178  0.00693  0.80968  -236.07985  -238.04018  4.99985   768
1902.00  0.03205  0.03178  0.00750  0.80968  -235.19331  -237.15364  4.99985   768
1903.00  0.03206  0.03178  0.00780  0.80968  -234.70198  -236.59364  4.99985   768
1904.00  0.03206  0.03178  0.00770  0.80968  -234.84083  -236.70808  4.99985   768
1905.00  0.03207  0.03178  0.00721  0.80968  -235.52443  -237.34285  4.99985   768
1906.00  0.03204  0.03178  0.00643  0.80968  -236.69478  -238.50862  4.99985   768
1907.00  0.03205  0.03178  0.00585  0.80968  -237.62862  -239.46077  4.99985   768
1908.00  0.03204  0.03178  0.00563  0.80968  -238.02687  -239.89717  4.99985   768
1909.00  0.03207  0.03178  0.00588  0.80968  -237.66371  -239.58894  4.99985   768
1910.00  0.03204  0.03178  0.00651  0.80968  -236.74361  -238.67494  4.99985   768
1911.00  0.03207  0.03178  0.00717  0.80968  -235.73042  -237.65565  4.99985   768
1912.00  0.03205  0.03178  0.00759  0.80968  -235.03157  -236.95528  4.99985   768
1913.00  0.03206  0.03178  0.00768  0.80968  -234.89119  -236.74165  4.99985   768
1914.00  0.03205  0.03178  0.00732  0.80968  -235.38100  -237.24672  4.99985   768
1915.00  0.03204  0.03178  0.00673  0.80968  -236.28889  -238.11800  4.99985   768
1916.00  0.03205  0.03178  0.00605  0.80968  -237.31886  -239.15559  4.99985   768
1917.00  0.03205  0.03178  0.00551  0.80968  -238.10164  -239.95515  4.99985   768
1918.00  0.03206  0.03178  0.00560  0.80968  -238.12758  -240.05434  4.99985   768
1919.00  0.03205  0.03178  0.00618  0.80968  -237.30360  -239.27156  4.99985   768
1920.00  0.03206  0.03178  0.00695  0.80968  -236.07832  -238.03712  4.99985   768
1921.00  0.03205  0.03178  0.00750  0.80968  -235.20705  -237.14143  4.99985   768
1922.00  0.03207  0.03178  0.00779  0.80968  -234.70198  -236.57381  4.99985   768
1923.00  0.03206  0.03178  0.00759  0.80968  -234.98579  -236.83778  4.99985   768
1924.00  0.03205  0.03178  0.00709  0.80968  -235.70906  -237.53053  4.99985   768
1925.00  0.03206  0.03178  0.00646  0.80968  -236.66273  -238.48726  4.99985   768
1926.00  0.03207  0.03178  0.00594  0.80968  -237.52028  -239.35091  4.99985   768
1927.00  0.03206  0.03178  0.00577  0.80968  -237.81477  -239.67592  4.99985   768
1928.00  0.03206  0.03178  0.00599  0.80968  -237.47755  -239.38600  4.99985   768
1929.00  0.03205  0.03178  0.00667  0.80968  -236.49336  -238.44911  4.99985   768
1930.00  0.03205  0.03178  0.00738  0.80968  -235.41151  -237.36574  4.99985   768
1931.00  0.03206  0.03178  0.00785  0.80968  -234.63942  -236.56923  4.99985   768
1932.00  0.03206  0.03178  0.00782  0.80968  -234.62874  -236.49293  4.99985   768
1933.00  0.03205  0.03178  0.00746  0.80968  -235.19484  -237.04988  4.99985   768
1934.00  0.03205  0.03178  0.00676  0.80968  -236.19276  -238.00661  4.99985   768
1935.00  0.03205  0.03178  0.00618  0.80968  -237.14339  -239.00301  4.99985   768
1936.00  0.03205  0.03178  0.00580  0.80968  -237.75069  -239.61488  4.99985   768
1937.00  0.03205  0.03178  0.00583  0.80968  -237.74153  -239.64235  4.99985   768
1938.00  0.03205  0.03178  0.00626  0.80968  -237.06862  -239.00453  4.99985   768
1939.00  0.03206  0.03178  0.00694  0.80968  -236.09206  -238.03865  4.99985   768
1940.00  0.03206  0.03178  0.00747  0.80968  -235.26503  -237.18416  4.99985   768
1941.00  0.03203  0.03178  0.00758  0.80968  -235.01326  -236.89424  4.99985   768
1942.00  0.03205  0.03178  0.00739  0.80968  -235.30470  -237.15059  4.99985   768
1943.00  0.03206  0.03178  0.00690  0.80968  -235.99745  -237.81129  4.99985   768
1944.00  0.03205  0.03178  0.00623  0.80968  -237.04268  -238.87025  4.99985   768
1945.00  0.03204  0.03178  0.00577  0.80968  -237.78578  -239.63167  4.99985   768
1946.00  0.03207  0.03178  0.00559  0.80968  -238.08791  -239.97499  4.99985   768
1947.00  0.03207  0.03178  0.00595  0.80968  -237.59199  -239.50349  4.99985   768
1948.00  0.03206  0.03178  0.00644  0.80968  -236.83211  -238.78328  4.99985   768
1949.00  0.03205  0.03178  0.00715  0.80968  -235.75484  -237.70601  4.99985   768
1950.00  0.03205  0.03178  0.00760  0.80968  -235.01784  -236.95222  4.99985   768
1951.00  0.03205  0.03178  0.00759  0.80968  -235.00868  -236.89882  4.99985   768
1952.00  0.03206  0.03178  0.00723  0.80968  -235.48933  -237.34132  4.99985   768
1953.00  0.03204  0.03178  0.00670  0.80968  -236.31483  -238.16530  4.99985   768
1954.00  0.03204  0.03178  0.00610  0.80968  -237.28377  -239.11592  4.99985   768
1955.00  0.03206  0.03178  0.00590  0.80968  -237.59810  -239.49892  4.99985   768
1956.00  0.03206  0.03178  0.00598  0.80968  -237.54317  -239.43025  4.99985   768
1957.00  0.03204  0.03178  0.00650  0.80968  -236.77107  -238.72377  4.99985   768
1958.00  0.03205  0.03178  0.00722  0.80968  -235.62056  -237.55647  4.99985   768
1959.00  0.03206  0.03178  0.00769  0.80968  -234.89729  -236.81795  4.99985   768
1960.00  0.03205  0.03178  0.00783  0.80968  -234.61806  -236.48836  4.99985   768
1961.00  0.03205  0.03178  0.00756  0.80968  -235.02241  -236.86372  4.99985   768
1962.00  0.03205  0.03178  0.00711  0.80968  -235.71364  -237.53358  4.99985   768
1963.00  0.03205  0.03178  0.00654  0.80968  -236.59254  -238.43233  4.99985   768
1964.00  0.03204  0.03178  0.00607  0.80968  -237.30666  -239.15407  4.99985   768
1965.00  0.03206  0.03178  0.00601  0.80968  -237.44093  -239.34022  4.99985   768
1966.00  0.03205  0.03178  0.00624  0.80968  -237.11287  -239.04268  4.99985   768
1967.00  0.03206  0.03178  0.00688  0.80968  -236.15919  -238.12562  4.99985   768
1968.00  0.03205  0.03178  0.00753  0.80968  -235.17500  -237.11702  4.99985   768
1969.00  0.03206  0.03178  0.00782  0.80968  -234.61653  -236.51887  4.99985   768
1970.00  0.03205  0.03178  0.00775  0.80968  -234.78285  -236.65163  4.99985   768
1971.00  0.03205  0.03178  0.00724  0.80968  -235.53969  -237.36421  4.99985   768
1972.00  0.03205  0.03178  0.00658  0.80968  -236.51015  -238.34230  4.99985   768
1973.00  0.03208  0.03178  0.00607  0.80968  -237.31734  -239.15712  4.99985   768
1974.00  0.03205  0.03178  0.00572  0.80968  -237.80409  -239.66371  4.99985   768
1975.00  0.03205  0.03178  0.00589  0.80968  -237.66981  -239.57521  4.99985   768
1976.00  0.03206  0.03178  0.00637  0.80968  -236.99690  -238.92519  4.99985   768
1977.00  0.03205  0.03178  0.00702  0.80968  -235.93336  -237.85554  4.99985   768
1978.00  0.03205  0.03178  0.00751  0.80968  -235.17653  -237.09413  4.99985   768
1979.00  0.03206  0.03178  0.00767  0.80968  -234.83931  -236.72182  4.99985   768
1980.00  0.03206  0.03178  0.00748  0.80968  -235.13380  -236.98732  4.99985   768
1981.00  0.03206  0.03178  0.00695  0.80968  -235.96388  -237.80519  4.99985   768
1982.00  0.03205  0.03178  0.00629  0.80968  -236.94044  -238.77565  4.99985   768
1983.00  0.03207  0.03178  0.00585  0.80968  -237.66676  -239.54164  4.99985   768
1984.00  0.03206  0.03178  0.00583  0.80968  -237.74763  -239.63777  4.99985   768
1985.00  0.03205  0.03178  0.00625  0.80968  -237.15712  -239.11592  4.99985   768
1986.00  0.03205  0.03178  0.00707  0.80968  -235.91505  -237.88606  4.99985   768
1987.00  0.03206  0.03178  0.00771  0.80968  -234.89882  -236.84236  4.99985   768
1988.00  0.03205  0.03178  0.00794  0.80968  -234.47768  -236.38155  4.99985   768
1989.00  0.03206  0.03178  0.00791  0.80968  -234.47615  -236.31593  4.99985   768
1990.00  0.03205  0.03178  0.00751  0.80968  -235.08650  -236.92323  4.99985   768
1991.00  0.03205  0.03178  0.00694  0.80968  -235.96541  -237.78993  4.99985   768
1992.00  0.03206  0.03178  0.00633  0.80968  -236.93587  -238.76192  4.99985   768
1993.00  0.03205  0.03178  0.00607  0.80968  -237.34938  -239.20290  4.99985   768
1994.00  0.03205  0.03178  0.00615  0.80968  -237.22884  -239.11134  4.99985   768
1995.00  0.03206  0.03178  0.00672  0.80968  -236.37129  -238.32094  4.99985   768
1996.00  0.03205  0.03178  0.00745  0.80968  -235.26961  -237.21925  4.99985   768
1997.00  0.03207  0.03178  0.00798  0.80968  -234.46242  -236.39528  4.99985   768
1998.00  0.03205  0.03178  0.00805  0.80968  -234.32204  -236.21065  4.99985   768
1999.00  0.03204  0.03178  0.00777  0.80968  -234.68062  -236.53261  4.99985   768
2000.00  0.03652  0.04890  0.00711  0.80968  -235.67549  -237.47255  4.99985   768
2001.00  0.04647  0.04890  0.00775  0.80968  -234.98732  -237.08192  4.99985   768
2002.00  0.04710  0.04890  0.00978  0.80968  -231.81654  -233.83333  4.99985   768
2003.00  0.04730  0.04890  0.00896  0.80968  -232.72444  -234.44063  4.99985   768
2004.00  0.04746  0.04890  0.01003  0.80968  -231.47627  -233.61207  4.99985   768
