ASI 600A Data File
Created: Wed May  8 16:26:00 2024
A/D Sampling Rate: 1000 Hz
Comment: Mouse CP512 Cell 5
Width 0.0465
Thick 0.0232
After Activation
Width 0.0
Thick 0.0
*** Setup Parameters ***
Length Controller: 315C
Force Transducer: 406A
Initial Length: 0.0489 mm
Minimum Length: -5 Lo
Maximum Length: 5 Lo
Fiber Length: 0.0489 mm
Initial Sarcomere Length: 0 um
Diameter: 1.91919 mm
Maximum Tetanic Tension: 3 mN
Calibrate FC step size:  -20 um
Calibrate FC ramp time:  100 ms
Calibrate FC hold time:  200 ms
Force Gain-Factor:       0.6
Force Integral-Constant: 0.26 ms
Force Filter-Constant:   0.2 ms
Constant Stiffness Range: 100
dF/dL measured at Force:  34522 adu
Fiber Stiffness (adu):    0
Fiber Stiffness (mN/mm):  0
SL Gain-Factor:           0.25
SL Integral-Constant:     0.1 ms
SL Filter-Constant:       0 ms
SL Stiffness (adu):       0.3
SL Stiffness (um/mm):     1
ADC0 Offset: -28.840 mv
ADC1 Offset: -28.840 mv
DAC0 Offset: 3.336 mv
DAC1 Offset: -3.588 mv
Panel 1 size: 2
Panel 2 size: 4
Panel 3 size: 2
Panel 4 size: 5
Panel 1 signal: 0
Panel 2 signal: 1
Panel 3 signal: 2
Panel 4 signal: 6
Background (0/1): 0
Length In color:  16395263
Force  In color:  16717330
SL     In color:  16771867
Aux1   In color:  1769257
Length Out color:  255
Force  Out color:  255
Stim   Out color:  16777215
Aux2   In  color:  16747283
Length Units: um
Force Units: mN
Time Units: ms
Sarcomere Length Units: um
Scope Display1: 0
Scope Display2: 2
AUX Channels Scope Display: 0
Scope Timebase: 1
Scope Vscale:   0
Scope Lunit:    1
Scope Lmin:     0.026370
Scope Lmax:     0.026470
Scope Funit:    0
Scope Fmin:     0.157780
Scope Fmax:     0.157960
Scope AUX1_min:     10.000000
Scope AUX1_max:     16.000000
Scope AUX2_min:     8.000000
Scope AUX2_max:     14.000000
Scope L Data Scale:     1.651868
Scope F Data Scale:     0.225000
Scope AUX1 Data Scale:     1.000000
Scope AUX2 Data Scale:     1.000000
Scope SL Data Scale:     1.000000
Scope Sunit:    0
Analysis Lunit: 4
Analysis Funit: 0
Analysis Tunit: 0
Analysis Channels: 101000000010000
Analysis Readout: 1
Analysis Gaussian Filter Kernel Size (Lin):     201
Analysis Gaussian Filter Kernel Size (Fin):     50
Analysis Gaussian Filter Kernel Size (Aux1):    201
Analysis Gaussian Filter Kernel Size (Aux2):    201
Analysis Gaussian Filter Standard Deviation (Lin):     1.0
Analysis Gaussian Filter Standard Deviation (Fin):     1.0
Analysis Gaussian Filter Standard Deviation (Aux1):    1.0
Analysis Gaussian Filter Standard Deviation (Aux2):    1.0
Aux1 Name: Aux1
Aux1 Units: C
Aux1 Scale (units/volt): 100.000000
Aux1 Offset (units): 2.000000
Aux2 Name: Aux2
Aux2 Units: mv
Aux2 Scale (units/volt): 100
Aux2 Offset (units): 0
 *** Cantilever Properties ***
Cantilever Stiffness Calculation Method: 2
Cantilever Stiffness (N/m): -1.000
Cantilever Length (um): 450.000
Cantilever Thickness (um): 2.000
Cantilever Width 1 (um): 50.000
Cantilever Width 2 (um): 50.000
Cantilever Elasticity (GPa): 160.000
 *** ASI804A Test Window Properties ***
ASI804A Vscale: 0
ASI804A Timebase: 0
ASI804A Sampling Rate: 0
ASI804A Scope L_min:     999.800000
ASI804A Scope L_max:     1000.200000
ASI804A Scope F_min:     -0.040000
ASI804A Scope F_max:     0.020000
ASI804A Scope log10Rario_min:     -0.063875
ASI804A Scope log10Ratio_max:     -0.063650
ASI804A Scope L Scale Units:    4
ASI804A Scope F Scale Units:    0
ASI804A Scope L Scale:     1.000000
ASI804A Scope F Scale:     1.000000
ASI804A Scope log10Ratio Scale:     0.500000
ASI804A Data Files Directory: /home/asi/data
ASI804A Data Files Name: atp_datafile
ASI804A Font: Liberation Sans
ASI804A Font Size: 24
ASI804A pCa Combo Size: 0
ASI804A pCa Combo Active: -1
 *** Additional devices ***
ASI802D Bath Controller: 0
ASI804A ATPase Controller: 1
*** Calibration Parameters ***
Model  LOoffset  LOscale  LIoffset  LIscale  FOoffset  FOscale  FIoffset  FIscale
Number 	mm        mm/v	   mm        mm/v     mN        mN/v     mN        mN/v
308B	 0	 0.2	 0	 0.2	 0	 1	 0	 1
312C	 0	 0.15	 0	 0.15	 0	 1	 0	 1
315C	 0	 0.15	 0	 0.15	 0	 1	 0	 1
318B	 0	 0.3	 0	 0.3	 0	 1	 0	 1
322C	 0	 0.3	 0	 0.3	 0	 1	 0	 1
340A	 0	 0.005	 0	 0.005	 0	 1	 0	 1
300C	 0	 0.5	 0	 0.5	 0	 50	 0	 50
300C-LR	 0	 0.5	 0	 0.5	 0	 100	 0	 100
305C	 0	 1	 0	 1	 0	 500	 0	 500
305C-LR	 0	 1	 0	 1	 0	 1000	 0	 1000
309C	 0	 1.25	 0	 1.25	 0	 2000	 0	 2000
310C	 0	 2	 0	 2	 0	 5000	 0	 5000
310C-LR	 0	 2	 0	 2	 0	 10000	 0	 10000
???	 0	 1	 0	 1	 0	 1	 0	 1
400A	 0	 1	 0	 1	 0	 5	 0	 5
402A	 0	 1	 0	 1	 0	 50	 0	 50
403A-CF	 0	 1	 0	 1	 0	 0.2	 0	 0.2
403A	 0	 1	 0	 1	 0	 0.5	 0	 0.5
404A	 0	 1	 0	 1	 0	 10	 0	 10
405A	 0	 1	 0	 1	 0	 1	 0	 1
406A	 0	 1	 0	 1	 0.16	 0.06497	 0.16	 0.06497
407A	 0	 1	 0	 1	 0	 100	 0	 100
470A	 0	 1	 0	 1	 0	 1	 0	 1
other	 0	 1	 0	 1	 0	 1	 0	 1
none	 0	 1	 0	 1	 0	 1	 0	 1
*** Test Protocol Parameters ***
A/D Sampling Rate: 1000 Hz
Comment: Length Discrete Sine protocol for stiffness testing
Minimum Length: -5.000 (Lo)
Maximum Length: 5.000 (Lo)
PD Deadband:    0.000000 mN
Stimulus 01: 0.3 ms 100.000 Hz 10.0 ms 50.000 Hz 0.100 s
Stimulus 02: 1.2 ms 100.000 Hz 20.0 ms 2.000 Hz 100.000 s
Stimulus 03: 1.3 ms 100.000 Hz 20.0 ms 2.000 Hz 100.000 s
Stimulus 04: 1.4 ms 100.000 Hz 20.0 ms 2.000 Hz 100.000 s
Stimulus 05: 1.5 ms 100.000 Hz 20.0 ms 2.000 Hz 100.000 s
Stimulus 06: 1.6 ms 100.000 Hz 20.0 ms 2.000 Hz 100.000 s
Stimulus 07: 1.7 ms 100.000 Hz 20.0 ms 2.000 Hz 100.000 s
Stimulus 08: 1.8 ms 100.000 Hz 20.0 ms 2.000 Hz 100.000 s
Stimulus 09: 1.9 ms 100.000 Hz 20.0 ms 2.000 Hz 100.000 s
Stimulus 10: 2.2 ms 100.000 Hz 20.0 ms 2.000 Hz 100.000 s
Time (ms)	Control Function	Options
      0.0	Data-Enable		
    200.0	Length-Step		 0.65 Lo
   2000.0	Length-Step		 1 Lo
   2005.0	Data-Disable		
      0.0	Stop		
*** Force and Length Signals vs Time ***
Time (ms)  Lin (mm)  Lout (mm)  Fin (mN)  Fout (mN)  Aux1 C  Aux2 mv  SL (um)   Stimulus/Triggers
0.00  0.04867  0.04890  0.00840  0.80968  -233.71474  -235.58046  4.99985   768
1.00  0.04866  0.04890  0.00785  0.80968  -234.55550  -236.39223  4.99985   768
2.00  0.04867  0.04890  0.00725  0.80968  -235.51680  -237.34590  4.99985   768
3.00  0.04866  0.04890  0.00693  0.80968  -235.98524  -237.85249  4.99985   768
4.00  0.04867  0.04890  0.00694  0.80968  -236.05238  -237.93642  4.99985   768
5.00  0.04866  0.04890  0.00732  0.80968  -235.51222  -237.45119  4.99985   768
6.00  0.04867  0.04890  0.00789  0.80968  -234.59059  -236.51277  4.99985   768
7.00  0.04865  0.04890  0.00847  0.80968  -233.71931  -235.65065  4.99985   768
8.00  0.04865  0.04890  0.00875  0.80968  -233.22645  -235.09218  4.99985   768
9.00  0.04866  0.04890  0.00852  0.80968  -233.55910  -235.40956  4.99985   768
10.00  0.04866  0.04890  0.00804  0.80968  -234.21065  -236.03975  4.99985   768
11.00  0.04867  0.04890  0.00739  0.80968  -235.28334  -237.09413  4.99985   768
12.00  0.04867  0.04890  0.00695  0.80968  -235.92268  -237.76247  4.99985   768
13.00  0.04867  0.04890  0.00671  0.80968  -236.33925  -238.22176  4.99985   768
14.00  0.04867  0.04890  0.00697  0.80968  -235.98982  -237.93336  4.99985   768
15.00  0.04866  0.04890  0.00764  0.80968  -235.01631  -236.97359  4.99985   768
16.00  0.04865  0.04890  0.00821  0.80968  -234.10994  -236.04890  4.99985   768
17.00  0.04867  0.04890  0.00854  0.80968  -233.59724  -235.50722  4.99985   768
18.00  0.04867  0.04890  0.00862  0.80968  -233.43092  -235.32106  4.99985   768
19.00  0.04867  0.04890  0.00830  0.80968  -233.82460  -235.67659  4.99985   768
20.00  0.04867  0.04890  0.00767  0.80968  -234.79811  -236.64094  4.99985   768
21.00  0.04866  0.04890  0.00703  0.80968  -235.81740  -237.64955  4.99985   768
22.00  0.04865  0.04890  0.00666  0.80968  -236.40181  -238.27058  4.99985   768
23.00  0.04865  0.04890  0.00680  0.80968  -236.26295  -238.15919  4.99985   768
24.00  0.04866  0.04890  0.00734  0.80968  -235.39473  -237.34132  4.99985   768
25.00  0.04867  0.04890  0.00803  0.80968  -234.39833  -236.33272  4.99985   768
26.00  0.04868  0.04890  0.00856  0.80968  -233.57130  -235.49348  4.99985   768
27.00  0.04866  0.04890  0.00877  0.80968  -233.21730  -235.09370  4.99985   768
28.00  0.04867  0.04890  0.00861  0.80968  -233.42177  -235.26308  4.99985   768
29.00  0.04866  0.04890  0.00808  0.80968  -234.18166  -236.01533  4.99985   768
30.00  0.04867  0.04890  0.00737  0.80968  -235.27724  -237.08650  4.99985   768
31.00  0.04866  0.04890  0.00681  0.80968  -236.17140  -238.02492  4.99985   768
32.00  0.04866  0.04890  0.00659  0.80968  -236.53456  -238.41859  4.99985   768
33.00  0.04865  0.04890  0.00701  0.80968  -235.97304  -237.91353  4.99985   768
34.00  0.04865  0.04890  0.00772  0.80968  -234.87746  -236.84389  4.99985   768
35.00  0.04867  0.04890  0.00838  0.80968  -233.91157  -235.85512  4.99985   768
36.00  0.04866  0.04890  0.00872  0.80968  -233.27681  -235.17763  4.99985   768
37.00  0.04867  0.04890  0.00864  0.80968  -233.38057  -235.25697  4.99985   768
38.00  0.04867  0.04890  0.00823  0.80968  -233.94514  -235.78798  4.99985   768
39.00  0.04866  0.04890  0.00765  0.80968  -234.88203  -236.69130  4.99985   768
40.00  0.04866  0.04890  0.00696  0.80968  -235.89064  -237.70753  4.99985   768
41.00  0.04865  0.04890  0.00659  0.80968  -236.54524  -238.39113  4.99985   768
42.00  0.04866  0.04890  0.00668  0.80968  -236.44148  -238.34077  4.99985   768
43.00  0.04867  0.04890  0.00728  0.80968  -235.58546  -237.53053  4.99985   768
44.00  0.04867  0.04890  0.00807  0.80968  -234.36171  -236.31746  4.99985   768
45.00  0.04866  0.04890  0.00863  0.80968  -233.47060  -235.38057  4.99985   768
46.00  0.04866  0.04890  0.00879  0.80968  -233.15474  -235.03877  4.99985   768
47.00  0.04866  0.04890  0.00855  0.80968  -233.50722  -235.35158  4.99985   768
48.00  0.04867  0.04890  0.00806  0.80968  -234.21980  -236.05196  4.99985   768
49.00  0.04867  0.04890  0.00734  0.80968  -235.32149  -237.15211  4.99985   768
50.00  0.04866  0.04890  0.00682  0.80968  -236.16682  -238.04018  4.99985   768
51.00  0.04867  0.04890  0.00668  0.80968  -236.40944  -238.32857  4.99985   768
52.00  0.04866  0.04890  0.00699  0.80968  -235.98524  -237.90590  4.99985   768
53.00  0.04866  0.04890  0.00764  0.80968  -235.03310  -237.00258  4.99985   768
54.00  0.04866  0.04890  0.00836  0.80968  -233.84138  -235.77882  4.99985   768
55.00  0.04866  0.04890  0.00871  0.80968  -233.33327  -235.24171  4.99985   768
56.00  0.04866  0.04890  0.00872  0.80968  -233.24477  -235.09828  4.99985   768
57.00  0.04866  0.04890  0.00838  0.80968  -233.71474  -235.55757  4.99985   768
58.00  0.04867  0.04890  0.00771  0.80968  -234.72792  -236.52498  4.99985   768
59.00  0.04866  0.04890  0.00703  0.80968  -235.82808  -237.64040  4.99985   768
60.00  0.04865  0.04890  0.00668  0.80968  -236.39265  -238.25075  4.99985   768
61.00  0.04866  0.04890  0.00674  0.80968  -236.35146  -238.27058  4.99985   768
62.00  0.04866  0.04890  0.00721  0.80968  -235.65260  -237.58852  4.99985   768
63.00  0.04866  0.04890  0.00798  0.80968  -234.48531  -236.43648  4.99985   768
64.00  0.04867  0.04890  0.00858  0.80968  -233.52705  -235.45991  4.99985   768
65.00  0.04868  0.04890  0.00874  0.80968  -233.27681  -235.16847  4.99985   768
66.00  0.04866  0.04890  0.00849  0.80968  -233.64302  -235.51332  4.99985   768
67.00  0.04866  0.04890  0.00797  0.80968  -234.37544  -236.22743  4.99985   768
68.00  0.04866  0.04890  0.00733  0.80968  -235.34285  -237.18568  4.99985   768
69.00  0.04867  0.04890  0.00684  0.80968  -236.14851  -237.98982  4.99985   768
70.00  0.04866  0.04890  0.00677  0.80968  -236.32246  -238.22481  4.99985   768
71.00  0.04867  0.04890  0.00709  0.80968  -235.83571  -237.75789  4.99985   768
72.00  0.04866  0.04890  0.00769  0.80968  -234.96291  -236.88814  4.99985   768
73.00  0.04866  0.04890  0.00829  0.80968  -233.99092  -235.91768  4.99985   768
74.00  0.04867  0.04890  0.00870  0.80968  -233.34547  -235.24629  4.99985   768
75.00  0.04867  0.04890  0.00870  0.80968  -233.26765  -235.11201  4.99985   768
76.00  0.04867  0.04890  0.00828  0.80968  -233.90089  -235.73915  4.99985   768
77.00  0.04867  0.04890  0.00768  0.80968  -234.76759  -236.58144  4.99985   768
78.00  0.04866  0.04890  0.00712  0.80968  -235.70601  -237.53969  4.99985   768
79.00  0.04866  0.04890  0.00684  0.80968  -236.12257  -237.97151  4.99985   768
80.00  0.04867  0.04890  0.00698  0.80968  -236.02949  -237.95167  4.99985   768
81.00  0.04866  0.04890  0.00749  0.80968  -235.22383  -237.17805  4.99985   768
82.00  0.04867  0.04890  0.00810  0.80968  -234.30525  -236.23506  4.99985   768
83.00  0.04866  0.04890  0.00860  0.80968  -233.48433  -235.42940  4.99985   768
84.00  0.04866  0.04890  0.00868  0.80968  -233.34090  -235.22798  4.99985   768
85.00  0.04866  0.04890  0.00842  0.80968  -233.67964  -235.53621  4.99985   768
86.00  0.04868  0.04890  0.00781  0.80968  -234.62111  -236.45937  4.99985   768
87.00  0.04867  0.04890  0.00718  0.80968  -235.54427  -237.37031  4.99985   768
88.00  0.04867  0.04890  0.00679  0.80968  -236.22938  -238.07985  4.99985   768
89.00  0.04867  0.04890  0.00666  0.80968  -236.44911  -238.33162  4.99985   768
90.00  0.04867  0.04890  0.00706  0.80968  -235.85860  -237.78383  4.99985   768
91.00  0.04865  0.04890  0.00772  0.80968  -234.92171  -236.84389  4.99985   768
92.00  0.04868  0.04890  0.00831  0.80968  -233.91768  -235.84596  4.99985   768
93.00  0.04867  0.04890  0.00862  0.80968  -233.44008  -235.33479  4.99985   768
94.00  0.04867  0.04890  0.00854  0.80968  -233.56062  -235.41719  4.99985   768
95.00  0.04866  0.04890  0.00817  0.80968  -234.07942  -235.91768  4.99985   768
96.00  0.04868  0.04890  0.00757  0.80968  -234.96596  -236.78590  4.99985   768
97.00  0.04866  0.04890  0.00703  0.80968  -235.85097  -237.70143  4.99985   768
98.00  0.04866  0.04890  0.00673  0.80968  -236.31483  -238.19276  4.99985   768
99.00  0.04867  0.04890  0.00698  0.80968  -236.02339  -237.94252  4.99985   768
100.00  0.04866  0.04890  0.00753  0.80968  -235.15669  -237.10481  4.99985   768
101.00  0.04867  0.04890  0.00816  0.80968  -234.20302  -236.14198  4.99985   768
102.00  0.04867  0.04890  0.00858  0.80968  -233.54689  -235.47975  4.99985   768
103.00  0.04867  0.04890  0.00868  0.80968  -233.35158  -235.24171  4.99985   768
104.00  0.04865  0.04890  0.00843  0.80968  -233.66896  -235.53621  4.99985   768
105.00  0.04866  0.04890  0.00797  0.80968  -234.36323  -236.20760  4.99985   768
106.00  0.04866  0.04890  0.00727  0.80968  -235.41151  -237.21468  4.99985   768
107.00  0.04866  0.04890  0.00689  0.80968  -236.06764  -237.93031  4.99985   768
108.00  0.04866  0.04890  0.00699  0.80968  -235.93031  -237.81740  4.99985   768
109.00  0.04867  0.04890  0.00739  0.80968  -235.38100  -237.28334  4.99985   768
110.00  0.04866  0.04890  0.00798  0.80968  -234.46852  -236.41359  4.99985   768
111.00  0.04867  0.04890  0.00857  0.80968  -233.57283  -235.49348  4.99985   768
112.00  0.04865  0.04890  0.00879  0.80968  -233.19594  -235.08913  4.99985   768
113.00  0.04867  0.04890  0.00864  0.80968  -233.36531  -235.21730  4.99985   768
114.00  0.04866  0.04890  0.00816  0.80968  -234.10384  -235.95430  4.99985   768
115.00  0.04866  0.04890  0.00752  0.80968  -235.03920  -236.87898  4.99985   768
116.00  0.04866  0.04890  0.00691  0.80968  -236.03407  -237.86165  4.99985   768
117.00  0.04865  0.04890  0.00676  0.80968  -236.29652  -238.20039  4.99985   768
118.00  0.04866  0.04890  0.00705  0.80968  -235.90742  -237.83876  4.99985   768
119.00  0.04866  0.04890  0.00760  0.80968  -235.04683  -236.99190  4.99985   768
120.00  0.04867  0.04890  0.00828  0.80968  -234.04433  -235.97566  4.99985   768
121.00  0.04866  0.04890  0.00867  0.80968  -233.40498  -235.30733  4.99985   768
122.00  0.04867  0.04890  0.00861  0.80968  -233.39888  -235.26155  4.99985   768
123.00  0.04866  0.04890  0.00827  0.80968  -233.90547  -235.74068  4.99985   768
124.00  0.04867  0.04890  0.00772  0.80968  -234.76149  -236.57381  4.99985   768
125.00  0.04868  0.04890  0.00715  0.80968  -235.62666  -237.43593  4.99985   768
126.00  0.04866  0.04890  0.00667  0.80968  -236.39723  -238.23396  4.99985   768
127.00  0.04866  0.04890  0.00686  0.80968  -236.14546  -238.05391  4.99985   768
128.00  0.04865  0.04890  0.00725  0.80968  -235.61446  -237.53511  4.99985   768
129.00  0.04866  0.04890  0.00796  0.80968  -234.51430  -236.45479  4.99985   768
130.00  0.04866  0.04890  0.00856  0.80968  -233.58809  -235.52705  4.99985   768
131.00  0.04866  0.04890  0.00883  0.80968  -233.16695  -235.07234  4.99985   768
132.00  0.04866  0.04890  0.00872  0.80968  -233.27681  -235.13490  4.99985   768
133.00  0.04866  0.04890  0.00814  0.80968  -234.06569  -235.89021  4.99985   768
134.00  0.04866  0.04890  0.00750  0.80968  -235.09566  -236.92476  4.99985   768
135.00  0.04866  0.04890  0.00698  0.80968  -235.89064  -237.76247  4.99985   768
136.00  0.04866  0.04890  0.00681  0.80968  -236.22481  -238.08900  4.99985   768
137.00  0.04866  0.04890  0.00703  0.80968  -235.89979  -237.81282  4.99985   768
138.00  0.04867  0.04890  0.00768  0.80968  -234.92323  -236.87746  4.99985   768
139.00  0.04867  0.04890  0.00830  0.80968  -233.96040  -235.87801  4.99985   768
140.00  0.04867  0.04890  0.00872  0.80968  -233.28902  -235.19136  4.99985   768
141.00  0.04866  0.04890  0.00878  0.80968  -233.20662  -235.07844  4.99985   768
142.00  0.04866  0.04890  0.00848  0.80968  -233.55299  -235.37752  4.99985   768
143.00  0.04866  0.04890  0.00784  0.80968  -234.55244  -236.35255  4.99985   768
144.00  0.04867  0.04890  0.00721  0.80968  -235.51375  -237.33522  4.99985   768
145.00  0.04866  0.04890  0.00686  0.80968  -236.11189  -237.97761  4.99985   768
146.00  0.04867  0.04890  0.00684  0.80968  -236.18666  -238.07375  4.99985   768
147.00  0.04866  0.04890  0.00730  0.80968  -235.55037  -237.48170  4.99985   768
148.00  0.04866  0.04890  0.00795  0.80968  -234.52040  -236.48378  4.99985   768
149.00  0.04867  0.04890  0.00845  0.80968  -233.74983  -235.67964  4.99985   768
150.00  0.04865  0.04890  0.00867  0.80968  -233.40651  -235.31038  4.99985   768
151.00  0.04866  0.04890  0.00860  0.80968  -233.43092  -235.29512  4.99985   768
152.00  0.04866  0.04890  0.00818  0.80968  -234.08247  -235.91920  4.99985   768
153.00  0.04866  0.04890  0.00747  0.80968  -235.14448  -236.95833  4.99985   768
154.00  0.04866  0.04890  0.00688  0.80968  -236.06459  -237.91353  4.99985   768
155.00  0.04867  0.04890  0.00674  0.80968  -236.32704  -238.19734  4.99985   768
156.00  0.04866  0.04890  0.00704  0.80968  -235.89064  -237.81282  4.99985   768
157.00  0.04866  0.04890  0.00767  0.80968  -234.99800  -236.93697  4.99985   768
158.00  0.04866  0.04890  0.00831  0.80968  -233.93294  -235.85969  4.99985   768
159.00  0.04866  0.04890  0.00871  0.80968  -233.29665  -235.20814  4.99985   768
160.00  0.04867  0.04890  0.00862  0.80968  -233.39888  -235.25239  4.99985   768
161.00  0.04866  0.04890  0.00839  0.80968  -233.78035  -235.64302  4.99985   768
162.00  0.04866  0.04890  0.00781  0.80968  -234.60585  -236.42122  4.99985   768
163.00  0.04866  0.04890  0.00729  0.80968  -235.42219  -237.24367  4.99985   768
164.00  0.04865  0.04890  0.00693  0.80968  -236.01576  -237.88606  4.99985   768
165.00  0.04866  0.04890  0.00697  0.80968  -235.96083  -237.87538  4.99985   768
166.00  0.04866  0.04890  0.00742  0.80968  -235.33675  -237.29402  4.99985   768
167.00  0.04866  0.04890  0.00810  0.80968  -234.28236  -236.24727  4.99985   768
168.00  0.04867  0.04890  0.00864  0.80968  -233.47212  -235.40498  4.99985   768
169.00  0.04865  0.04890  0.00882  0.80968  -233.15016  -235.03877  4.99985   768
170.00  0.04867  0.04890  0.00854  0.80968  -233.50264  -235.34547  4.99985   768
171.00  0.04866  0.04890  0.00803  0.80968  -234.28999  -236.12215  4.99985   768
172.00  0.04865  0.04890  0.00738  0.80968  -235.24367  -237.04683  4.99985   768
173.00  0.04866  0.04890  0.00699  0.80968  -235.91505  -237.77315  4.99985   768
174.00  0.04867  0.04890  0.00680  0.80968  -236.21107  -238.07375  4.99985   768
175.00  0.04866  0.04890  0.00708  0.80968  -235.83876  -237.74568  4.99985   768
176.00  0.04866  0.04890  0.00772  0.80968  -234.85762  -236.80421  4.99985   768
177.00  0.04866  0.04890  0.00834  0.80968  -233.90700  -235.83833  4.99985   768
178.00  0.04866  0.04890  0.00868  0.80968  -233.34242  -235.23103  4.99985   768
179.00  0.04866  0.04890  0.00861  0.80968  -233.41261  -235.28444  4.99985   768
180.00  0.04866  0.04890  0.00815  0.80968  -234.08858  -235.91615  4.99985   768
181.00  0.04866  0.04890  0.00755  0.80968  -235.01479  -236.85152  4.99985   768
182.00  0.04866  0.04890  0.00702  0.80968  -235.85249  -237.68770  4.99985   768
183.00  0.04866  0.04890  0.00675  0.80968  -236.28432  -238.16072  4.99985   768
184.00  0.04867  0.04890  0.00696  0.80968  -236.04018  -237.98372  4.99985   768
185.00  0.04866  0.04890  0.00735  0.80968  -235.41151  -237.33675  4.99985   768
186.00  0.04866  0.04890  0.00803  0.80968  -234.40901  -236.36629  4.99985   768
187.00  0.04866  0.04890  0.00862  0.80968  -233.43397  -235.36531  4.99985   768
188.00  0.04866  0.04890  0.00868  0.80968  -233.31496  -235.19289  4.99985   768
189.00  0.04865  0.04890  0.00849  0.80968  -233.62166  -235.45534  4.99985   768
190.00  0.04866  0.04890  0.00793  0.80968  -234.47157  -236.29457  4.99985   768
191.00  0.04866  0.04890  0.00727  0.80968  -235.39625  -237.21620  4.99985   768
192.00  0.04866  0.04890  0.00686  0.80968  -236.09053  -237.94710  4.99985   768
193.00  0.04866  0.04890  0.00686  0.80968  -236.10731  -237.99898  4.99985   768
194.00  0.04865  0.04890  0.00722  0.80968  -235.64802  -237.57783  4.99985   768
195.00  0.04867  0.04890  0.00786  0.80968  -234.65163  -236.58449  4.99985   768
196.00  0.04866  0.04890  0.00845  0.80968  -233.73915  -235.67659  4.99985   768
197.00  0.04868  0.04890  0.00884  0.80968  -233.09981  -235.01283  4.99985   768
198.00  0.04866  0.04890  0.00878  0.80968  -233.19289  -235.05861  4.99985   768
199.00  0.04866  0.04890  0.00836  0.80968  -233.76204  -235.58809  4.99985   768
200.00  0.04441  0.03178  0.00768  0.80968  -234.81337  -236.64552  4.99985   768
201.00  0.03473  0.03178  0.00657  0.80968  -236.42775  -238.18513  4.99985   768
202.00  0.03381  0.03178  0.00563  0.80968  -237.99177  -239.82088  4.99985   768
203.00  0.03349  0.03178  0.00610  0.80968  -237.36006  -239.32191  4.99985   768
204.00  0.03328  0.03178  0.00613  0.80968  -237.27461  -239.14644  4.99985   768
205.00  0.03309  0.03178  0.00656  0.80968  -236.63679  -238.58186  4.99985   768
206.00  0.03297  0.03178  0.00736  0.80968  -235.45271  -237.37947  4.99985   768
207.00  0.03286  0.03178  0.00715  0.80968  -235.62666  -237.47560  4.99985   768
208.00  0.03281  0.03178  0.00684  0.80968  -236.17293  -238.01576  4.99985   768
209.00  0.03273  0.03178  0.00653  0.80968  -236.51167  -238.33772  4.99985   768
210.00  0.03267  0.03178  0.00555  0.80968  -238.07875  -239.85902  4.99985   768
211.00  0.03263  0.03178  0.00524  0.80968  -238.62654  -240.51668  4.99985   768
212.00  0.03259  0.03178  0.00523  0.80968  -238.60213  -240.48158  4.99985   768
213.00  0.03255  0.03178  0.00555  0.80968  -238.21761  -240.16267  4.99985   768
214.00  0.03253  0.03178  0.00632  0.80968  -237.04878  -239.01674  4.99985   768
215.00  0.03251  0.03178  0.00686  0.80968  -236.18666  -238.11342  4.99985   768
216.00  0.03248  0.03178  0.00719  0.80968  -235.64497  -237.57936  4.99985   768
217.00  0.03246  0.03178  0.00728  0.80968  -235.50612  -237.40083  4.99985   768
218.00  0.03242  0.03178  0.00665  0.80968  -236.37892  -238.20650  4.99985   768
219.00  0.03239  0.03178  0.00612  0.80968  -237.21815  -239.07625  4.99985   768
220.00  0.03239  0.03178  0.00546  0.80968  -238.21150  -240.03145  4.99985   768
221.00  0.03238  0.03178  0.00510  0.80968  -238.84627  -240.71657  4.99985   768
222.00  0.03237  0.03178  0.00549  0.80968  -238.25575  -240.19624  4.99985   768
223.00  0.03234  0.03178  0.00600  0.80968  -237.50502  -239.43178  4.99985   768
224.00  0.03233  0.03178  0.00662  0.80968  -236.56966  -238.51778  4.99985   768
225.00  0.03232  0.03178  0.00718  0.80968  -235.63277  -237.55037  4.99985   768
226.00  0.03231  0.03178  0.00722  0.80968  -235.57936  -237.44813  4.99985   768
227.00  0.03233  0.03178  0.00705  0.80968  -235.82198  -237.66634  4.99985   768
228.00  0.03231  0.03178  0.00658  0.80968  -236.50862  -238.31483  4.99985   768
229.00  0.03233  0.03178  0.00571  0.80968  -237.85139  -239.65761  4.99985   768
230.00  0.03231  0.03178  0.00529  0.80968  -238.54567  -240.42055  4.99985   768
231.00  0.03229  0.03178  0.00527  0.80968  -238.59145  -240.50447  4.99985   768
232.00  0.03230  0.03178  0.00559  0.80968  -238.15504  -240.08791  4.99985   768
233.00  0.03229  0.03178  0.00635  0.80968  -237.03047  -239.01063  4.99985   768
234.00  0.03229  0.03178  0.00693  0.80968  -236.06459  -238.02034  4.99985   768
235.00  0.03228  0.03178  0.00721  0.80968  -235.59462  -237.50459  4.99985   768
236.00  0.03228  0.03178  0.00716  0.80968  -235.70448  -237.56563  4.99985   768
237.00  0.03228  0.03178  0.00668  0.80968  -236.32552  -238.14546  4.99985   768
238.00  0.03227  0.03178  0.00598  0.80968  -237.44704  -239.26546  4.99985   768
239.00  0.03227  0.03178  0.00532  0.80968  -238.43886  -240.24965  4.99985   768
240.00  0.03225  0.03178  0.00518  0.80968  -238.71199  -240.58382  4.99985   768
241.00  0.03226  0.03178  0.00532  0.80968  -238.47853  -240.39918  4.99985   768
242.00  0.03226  0.03178  0.00588  0.80968  -237.71254  -239.65608  4.99985   768
243.00  0.03226  0.03178  0.00668  0.80968  -236.49489  -238.45064  4.99985   768
244.00  0.03227  0.03178  0.00715  0.80968  -235.70753  -237.61293  4.99985   768
245.00  0.03225  0.03178  0.00722  0.80968  -235.52138  -237.42219  4.99985   768
246.00  0.03227  0.03178  0.00693  0.80968  -235.97304  -237.81740  4.99985   768
247.00  0.03225  0.03178  0.00642  0.80968  -236.74971  -238.58186  4.99985   768
248.00  0.03224  0.03178  0.00577  0.80968  -237.77357  -239.61488  4.99985   768
249.00  0.03224  0.03178  0.00538  0.80968  -238.36409  -240.24049  4.99985   768
250.00  0.03225  0.03178  0.00533  0.80968  -238.52278  -240.42970  4.99985   768
251.00  0.03224  0.03178  0.00576  0.80968  -237.88191  -239.83156  4.99985   768
252.00  0.03225  0.03178  0.00645  0.80968  -236.87941  -238.84126  4.99985   768
253.00  0.03224  0.03178  0.00696  0.80968  -235.97304  -237.90590  4.99985   768
254.00  0.03224  0.03178  0.00719  0.80968  -235.65565  -237.52595  4.99985   768
255.00  0.03224  0.03178  0.00704  0.80968  -235.78078  -237.65871  4.99985   768
256.00  0.03224  0.03178  0.00649  0.80968  -236.66426  -238.47810  4.99985   768
257.00  0.03222  0.03178  0.00597  0.80968  -237.44704  -239.26240  4.99985   768
258.00  0.03223  0.03178  0.00541  0.80968  -238.28932  -240.12605  4.99985   768
259.00  0.03224  0.03178  0.00523  0.80968  -238.63417  -240.51515  4.99985   768
260.00  0.03222  0.03178  0.00542  0.80968  -238.41139  -240.31679  4.99985   768
261.00  0.03224  0.03178  0.00599  0.80968  -237.49739  -239.44398  4.99985   768
262.00  0.03223  0.03178  0.00674  0.80968  -236.41707  -238.35908  4.99985   768
263.00  0.03224  0.03178  0.00717  0.80968  -235.67244  -237.59309  4.99985   768
264.00  0.03222  0.03178  0.00714  0.80968  -235.72584  -237.60225  4.99985   768
265.00  0.03223  0.03178  0.00682  0.80968  -236.13936  -237.99593  4.99985   768
266.00  0.03222  0.03178  0.00618  0.80968  -237.13423  -238.97401  4.99985   768
267.00  0.03222  0.03178  0.00566  0.80968  -237.95058  -239.82240  4.99985   768
268.00  0.03222  0.03178  0.00528  0.80968  -238.56703  -240.43428  4.99985   768
269.00  0.03222  0.03178  0.00537  0.80968  -238.42818  -240.34578  4.99985   768
270.00  0.03223  0.03178  0.00585  0.80968  -237.70796  -239.63930  4.99985   768
271.00  0.03221  0.03178  0.00642  0.80968  -236.86873  -238.81074  4.99985   768
272.00  0.03220  0.03178  0.00701  0.80968  -235.95015  -237.89064  4.99985   768
273.00  0.03221  0.03178  0.00725  0.80968  -235.53969  -237.42372  4.99985   768
274.00  0.03222  0.03178  0.00707  0.80968  -235.76704  -237.60072  4.99985   768
275.00  0.03222  0.03178  0.00656  0.80968  -236.51778  -238.34077  4.99985   768
276.00  0.03223  0.03178  0.00591  0.80968  -237.50197  -239.30208  4.99985   768
277.00  0.03221  0.03178  0.00541  0.80968  -238.34273  -240.20235  4.99985   768
278.00  0.03223  0.03178  0.00525  0.80968  -238.58687  -240.48311  4.99985   768
279.00  0.03221  0.03178  0.00555  0.80968  -238.21150  -240.13673  4.99985   768
280.00  0.03223  0.03178  0.00614  0.80968  -237.30055  -239.24409  4.99985   768
281.00  0.03221  0.03178  0.00679  0.80968  -236.31789  -238.27058  4.99985   768
282.00  0.03221  0.03178  0.00728  0.80968  -235.51070  -237.43440  4.99985   768
283.00  0.03220  0.03178  0.00728  0.80968  -235.50307  -237.39625  4.99985   768
284.00  0.03221  0.03178  0.00689  0.80968  -236.06001  -237.88911  4.99985   768
285.00  0.03221  0.03178  0.00625  0.80968  -236.99385  -238.81837  4.99985   768
286.00  0.03221  0.03178  0.00555  0.80968  -238.06654  -239.88496  4.99985   768
287.00  0.03221  0.03178  0.00512  0.80968  -238.81117  -240.68605  4.99985   768
288.00  0.03221  0.03178  0.00529  0.80968  -238.64485  -240.56551  4.99985   768
289.00  0.03221  0.03178  0.00579  0.80968  -237.82240  -239.76289  4.99985   768
290.00  0.03221  0.03178  0.00650  0.80968  -236.74208  -238.67494  4.99985   768
291.00  0.03221  0.03178  0.00716  0.80968  -235.73958  -237.66786  4.99985   768
292.00  0.03221  0.03178  0.00730  0.80968  -235.48018  -237.35048  4.99985   768
293.00  0.03220  0.03178  0.00714  0.80968  -235.65413  -237.51222  4.99985   768
294.00  0.03221  0.03178  0.00658  0.80968  -236.48421  -238.30873  4.99985   768
295.00  0.03221  0.03178  0.00591  0.80968  -237.50044  -239.30818  4.99985   768
296.00  0.03220  0.03178  0.00537  0.80968  -238.40987  -240.27406  4.99985   768
297.00  0.03220  0.03178  0.00518  0.80968  -238.69978  -240.59297  4.99985   768
298.00  0.03221  0.03178  0.00546  0.80968  -238.33815  -240.27711  4.99985   768
299.00  0.03220  0.03178  0.00616  0.80968  -237.29292  -239.26851  4.99985   768
300.00  0.03219  0.03178  0.00683  0.80968  -236.24922  -238.21260  4.99985   768
301.00  0.03220  0.03178  0.00734  0.80968  -235.43745  -237.38557  4.99985   768
302.00  0.03220  0.03178  0.00740  0.80968  -235.29707  -237.16890  4.99985   768
303.00  0.03220  0.03178  0.00703  0.80968  -235.79604  -237.61446  4.99985   768
304.00  0.03220  0.03178  0.00634  0.80968  -236.88246  -238.71309  4.99985   768
305.00  0.03219  0.03178  0.00569  0.80968  -237.87733  -239.69270  4.99985   768
306.00  0.03220  0.03178  0.00528  0.80968  -238.54414  -240.41444  4.99985   768
307.00  0.03219  0.03178  0.00535  0.80968  -238.48769  -240.38545  4.99985   768
308.00  0.03220  0.03178  0.00576  0.80968  -237.85597  -239.78273  4.99985   768
309.00  0.03220  0.03178  0.00648  0.80968  -236.78633  -238.72377  4.99985   768
310.00  0.03220  0.03178  0.00706  0.80968  -235.87538  -237.80061  4.99985   768
311.00  0.03220  0.03178  0.00731  0.80968  -235.42372  -237.32301  4.99985   768
312.00  0.03220  0.03178  0.00717  0.80968  -235.64040  -237.49239  4.99985   768
313.00  0.03219  0.03178  0.00668  0.80968  -236.32399  -238.16530  4.99985   768
314.00  0.03219  0.03178  0.00598  0.80968  -237.42415  -239.24409  4.99985   768
315.00  0.03219  0.03178  0.00551  0.80968  -238.17030  -240.03297  4.99985   768
316.00  0.03218  0.03178  0.00526  0.80968  -238.60213  -240.48006  4.99985   768
317.00  0.03219  0.03178  0.00555  0.80968  -238.25117  -240.18709  4.99985   768
318.00  0.03219  0.03178  0.00626  0.80968  -237.13423  -239.10982  4.99985   768
319.00  0.03218  0.03178  0.00687  0.80968  -236.17750  -238.11952  4.99985   768
320.00  0.03219  0.03178  0.00717  0.80968  -235.69075  -237.59309  4.99985   768
321.00  0.03219  0.03178  0.00728  0.80968  -235.49849  -237.38252  4.99985   768
322.00  0.03219  0.03178  0.00699  0.80968  -235.90132  -237.73958  4.99985   768
323.00  0.03219  0.03178  0.00632  0.80968  -236.89772  -238.70546  4.99985   768
324.00  0.03219  0.03178  0.00573  0.80968  -237.81477  -239.63625  4.99985   768
325.00  0.03219  0.03178  0.00533  0.80968  -238.42360  -240.27101  4.99985   768
326.00  0.03220  0.03178  0.00540  0.80968  -238.41292  -240.31679  4.99985   768
327.00  0.03218  0.03178  0.00591  0.80968  -237.63319  -239.56605  4.99985   768
328.00  0.03219  0.03178  0.00663  0.80968  -236.57271  -238.51930  4.99985   768
329.00  0.03220  0.03178  0.00711  0.80968  -235.78841  -237.71059  4.99985   768
330.00  0.03219  0.03178  0.00729  0.80968  -235.47255  -237.38252  4.99985   768
331.00  0.03217  0.03178  0.00708  0.80968  -235.79909  -237.66786  4.99985   768
332.00  0.03218  0.03178  0.00663  0.80968  -236.43385  -238.27211  4.99985   768
333.00  0.03217  0.03178  0.00604  0.80968  -237.35854  -239.20290  4.99985   768
334.00  0.03217  0.03178  0.00552  0.80968  -238.15962  -239.99788  4.99985   768
335.00  0.03218  0.03178  0.00537  0.80968  -238.46480  -240.37477  4.99985   768
336.00  0.03219  0.03178  0.00564  0.80968  -238.05281  -239.98109  4.99985   768
337.00  0.03218  0.03178  0.00630  0.80968  -237.12813  -239.09456  4.99985   768
338.00  0.03217  0.03178  0.00691  0.80968  -236.08748  -238.01424  4.99985   768
339.00  0.03218  0.03178  0.00724  0.80968  -235.54732  -237.46187  4.99985   768
340.00  0.03218  0.03178  0.00722  0.80968  -235.57021  -237.41914  4.99985   768
341.00  0.03218  0.03178  0.00684  0.80968  -236.11952  -237.95167  4.99985   768
342.00  0.03217  0.03178  0.00627  0.80968  -236.96333  -238.78786  4.99985   768
343.00  0.03218  0.03178  0.00569  0.80968  -237.88039  -239.71407  4.99985   768
344.00  0.03217  0.03178  0.00538  0.80968  -238.38087  -240.24202  4.99985   768
345.00  0.03217  0.03178  0.00544  0.80968  -238.40987  -240.31831  4.99985   768
346.00  0.03217  0.03178  0.00589  0.80968  -237.70033  -239.64540  4.99985   768
347.00  0.03217  0.03178  0.00655  0.80968  -236.69783  -238.66884  4.99985   768
348.00  0.03218  0.03178  0.00710  0.80968  -235.82198  -237.75484  4.99985   768
349.00  0.03216  0.03178  0.00728  0.80968  -235.50307  -237.40388  4.99985   768
350.00  0.03217  0.03178  0.00707  0.80968  -235.79451  -237.66481  4.99985   768
351.00  0.03218  0.03178  0.00653  0.80968  -236.57729  -238.39418  4.99985   768
352.00  0.03217  0.03178  0.00590  0.80968  -237.56758  -239.40126  4.99985   768
353.00  0.03218  0.03178  0.00543  0.80968  -238.34273  -240.20082  4.99985   768
354.00  0.03218  0.03178  0.00531  0.80968  -238.51210  -240.41444  4.99985   768
355.00  0.03218  0.03178  0.00559  0.80968  -238.11232  -240.02687  4.99985   768
356.00  0.03217  0.03178  0.00626  0.80968  -237.13423  -239.07014  4.99985   768
357.00  0.03216  0.03178  0.00687  0.80968  -236.19734  -238.12410  4.99985   768
358.00  0.03218  0.03178  0.00726  0.80968  -235.53664  -237.44356  4.99985   768
359.00  0.03217  0.03178  0.00725  0.80968  -235.48628  -237.35963  4.99985   768
360.00  0.03218  0.03178  0.00687  0.80968  -236.07832  -237.90437  4.99985   768
361.00  0.03217  0.03178  0.00618  0.80968  -237.05794  -238.86873  4.99985   768
362.00  0.03216  0.03178  0.00565  0.80968  -237.98720  -239.81630  4.99985   768
363.00  0.03217  0.03178  0.00532  0.80968  -238.50752  -240.39156  4.99985   768
364.00  0.03216  0.03178  0.00546  0.80968  -238.33052  -240.24049  4.99985   768
365.00  0.03218  0.03178  0.00595  0.80968  -237.62251  -239.59047  4.99985   768
366.00  0.03217  0.03178  0.00663  0.80968  -236.55745  -238.50404  4.99985   768
367.00  0.03216  0.03178  0.00721  0.80968  -235.69838  -237.65260  4.99985   768
368.00  0.03217  0.03178  0.00739  0.80968  -235.31386  -237.20705  4.99985   768
369.00  0.03216  0.03178  0.00710  0.80968  -235.78383  -237.64345  4.99985   768
370.00  0.03217  0.03178  0.00663  0.80968  -236.44301  -238.28737  4.99985   768
371.00  0.03216  0.03178  0.00595  0.80968  -237.47603  -239.27766  4.99985   768
372.00  0.03217  0.03178  0.00549  0.80968  -238.21303  -240.06197  4.99985   768
373.00  0.03217  0.03178  0.00534  0.80968  -238.46327  -240.34730  4.99985   768
374.00  0.03216  0.03178  0.00564  0.80968  -238.07265  -239.98567  4.99985   768
375.00  0.03216  0.03178  0.00625  0.80968  -237.13271  -239.08235  4.99985   768
376.00  0.03217  0.03178  0.00678  0.80968  -236.31026  -238.24159  4.99985   768
377.00  0.03217  0.03178  0.00718  0.80968  -235.68312  -237.57936  4.99985   768
378.00  0.03216  0.03178  0.00718  0.80968  -235.59920  -237.47407  4.99985   768
379.00  0.03217  0.03178  0.00678  0.80968  -236.23244  -238.06306  4.99985   768
380.00  0.03217  0.03178  0.00618  0.80968  -237.14949  -238.98012  4.99985   768
381.00  0.03216  0.03178  0.00557  0.80968  -238.03755  -239.87123  4.99985   768
382.00  0.03218  0.03178  0.00524  0.80968  -238.63112  -240.52431  4.99985   768
383.00  0.03215  0.03178  0.00533  0.80968  -238.52583  -240.45717  4.99985   768
384.00  0.03217  0.03178  0.00589  0.80968  -237.71101  -239.66371  4.99985   768
385.00  0.03216  0.03178  0.00653  0.80968  -236.72682  -238.69630  4.99985   768
386.00  0.03217  0.03178  0.00711  0.80968  -235.85097  -237.78993  4.99985   768
387.00  0.03216  0.03178  0.00730  0.80968  -235.44813  -237.34895  4.99985   768
388.00  0.03217  0.03178  0.00704  0.80968  -235.81892  -237.67244  4.99985   768
389.00  0.03216  0.03178  0.00655  0.80968  -236.52083  -238.34230  4.99985   768
390.00  0.03216  0.03178  0.00595  0.80968  -237.48213  -239.30818  4.99985   768
391.00  0.03217  0.03178  0.00547  0.80968  -238.21608  -240.05586  4.99985   768
392.00  0.03216  0.03178  0.00535  0.80968  -238.46327  -240.33510  4.99985   768
393.00  0.03216  0.03178  0.00572  0.80968  -237.93074  -239.85750  4.99985   768
394.00  0.03215  0.03178  0.00628  0.80968  -237.08845  -239.03352  4.99985   768
395.00  0.03216  0.03178  0.00691  0.80968  -236.15462  -238.07985  4.99985   768
396.00  0.03216  0.03178  0.00734  0.80968  -235.40541  -237.32912  4.99985   768
397.00  0.03215  0.03178  0.00729  0.80968  -235.48933  -237.37489  4.99985   768
398.00  0.03215  0.03178  0.00689  0.80968  -236.02492  -237.85707  4.99985   768
399.00  0.03215  0.03178  0.00632  0.80968  -236.90382  -238.73292  4.99985   768
400.00  0.03215  0.03178  0.00572  0.80968  -237.88344  -239.72932  4.99985   768
401.00  0.03215  0.03178  0.00547  0.80968  -238.27559  -240.14894  4.99985   768
402.00  0.03216  0.03178  0.00550  0.80968  -238.23439  -240.15962  4.99985   768
403.00  0.03215  0.03178  0.00602  0.80968  -237.50807  -239.45619  4.99985   768
404.00  0.03216  0.03178  0.00663  0.80968  -236.54219  -238.48268  4.99985   768
405.00  0.03217  0.03178  0.00717  0.80968  -235.71364  -237.63429  4.99985   768
406.00  0.03216  0.03178  0.00728  0.80968  -235.47713  -237.35963  4.99985   768
407.00  0.03216  0.03178  0.00704  0.80968  -235.80519  -237.62971  4.99985   768
408.00  0.03215  0.03178  0.00653  0.80968  -236.57118  -238.39876  4.99985   768
409.00  0.03215  0.03178  0.00586  0.80968  -237.60268  -239.42567  4.99985   768
410.00  0.03216  0.03178  0.00544  0.80968  -238.23897  -240.09401  4.99985   768
411.00  0.03216  0.03178  0.00540  0.80968  -238.39766  -240.28627  4.99985   768
412.00  0.03215  0.03178  0.00576  0.80968  -237.86818  -239.80409  4.99985   768
413.00  0.03216  0.03178  0.00637  0.80968  -236.91756  -238.86873  4.99985   768
414.00  0.03215  0.03178  0.00691  0.80968  -236.12868  -238.08900  4.99985   768
415.00  0.03215  0.03178  0.00725  0.80968  -235.55800  -237.48018  4.99985   768
416.00  0.03216  0.03178  0.00724  0.80968  -235.55037  -237.44508  4.99985   768
417.00  0.03215  0.03178  0.00683  0.80968  -236.11952  -237.97456  4.99985   768
418.00  0.03214  0.03178  0.00627  0.80968  -237.01216  -238.85194  4.99985   768
419.00  0.03215  0.03178  0.00571  0.80968  -237.82698  -239.70033  4.99985   768
420.00  0.03215  0.03178  0.00549  0.80968  -238.26643  -240.13063  4.99985   768
421.00  0.03215  0.03178  0.00558  0.80968  -238.15810  -240.06654  4.99985   768
422.00  0.03216  0.03178  0.00620  0.80968  -237.19069  -239.13576  4.99985   768
423.00  0.03216  0.03178  0.00675  0.80968  -236.34993  -238.28889  4.99985   768
424.00  0.03215  0.03178  0.00720  0.80968  -235.63277  -237.54427  4.99985   768
425.00  0.03215  0.03178  0.00732  0.80968  -235.44508  -237.32454  4.99985   768
426.00  0.03215  0.03178  0.00705  0.80968  -235.75636  -237.60988  4.99985   768
427.00  0.03215  0.03178  0.00650  0.80968  -236.63679  -238.45064  4.99985   768
428.00  0.03214  0.03178  0.00587  0.80968  -237.58742  -239.40431  4.99985   768
429.00  0.03216  0.03178  0.00550  0.80968  -238.19167  -240.03908  4.99985   768
430.00  0.03215  0.03178  0.00539  0.80968  -238.40681  -240.31068  4.99985   768
431.00  0.03216  0.03178  0.00575  0.80968  -237.89717  -239.82698  4.99985   768
432.00  0.03216  0.03178  0.00645  0.80968  -236.85347  -238.80922  4.99985   768
433.00  0.03214  0.03178  0.00699  0.80968  -235.98372  -237.93184  4.99985   768
434.00  0.03214  0.03178  0.00740  0.80968  -235.31996  -237.22536  4.99985   768
435.00  0.03213  0.03178  0.00718  0.80968  -235.64345  -237.50612  4.99985   768
436.00  0.03213  0.03178  0.00670  0.80968  -236.31026  -238.15462  4.99985   768
437.00  0.03215  0.03178  0.00614  0.80968  -237.19984  -239.01369  4.99985   768
438.00  0.03214  0.03178  0.00559  0.80968  -238.02840  -239.87733  4.99985   768
439.00  0.03215  0.03178  0.00538  0.80968  -238.43275  -240.31374  4.99985   768
440.00  0.03216  0.03178  0.00561  0.80968  -238.09401  -239.99177  4.99985   768
441.00  0.03215  0.03178  0.00618  0.80968  -237.24257  -239.18611  4.99985   768
442.00  0.03213  0.03178  0.00680  0.80968  -236.25532  -238.16835  4.99985   768
443.00  0.03214  0.03178  0.00724  0.80968  -235.59767  -237.51680  4.99985   768
444.00  0.03214  0.03178  0.00738  0.80968  -235.33064  -237.20552  4.99985   768
445.00  0.03214  0.03178  0.00703  0.80968  -235.77772  -237.61903  4.99985   768
446.00  0.03215  0.03178  0.00647  0.80968  -236.70241  -238.52083  4.99985   768
447.00  0.03213  0.03178  0.00585  0.80968  -237.62709  -239.47298  4.99985   768
448.00  0.03216  0.03178  0.00546  0.80968  -238.29542  -240.17030  4.99985   768
449.00  0.03214  0.03178  0.00541  0.80968  -238.38850  -240.29848  4.99985   768
450.00  0.03214  0.03178  0.00585  0.80968  -237.78426  -239.74000  4.99985   768
451.00  0.03215  0.03178  0.00651  0.80968  -236.74971  -238.70698  4.99985   768
452.00  0.03214  0.03178  0.00701  0.80968  -235.95015  -237.87996  4.99985   768
453.00  0.03215  0.03178  0.00723  0.80968  -235.54579  -237.43135  4.99985   768
454.00  0.03214  0.03178  0.00713  0.80968  -235.70296  -237.57631  4.99985   768
455.00  0.03215  0.03178  0.00676  0.80968  -236.23854  -238.06612  4.99985   768
456.00  0.03214  0.03178  0.00614  0.80968  -237.18306  -239.00606  4.99985   768
457.00  0.03213  0.03178  0.00556  0.80968  -238.06502  -239.89870  4.99985   768
458.00  0.03214  0.03178  0.00529  0.80968  -238.52888  -240.39308  4.99985   768
459.00  0.03213  0.03178  0.00547  0.80968  -238.27559  -240.20540  4.99985   768
460.00  0.03215  0.03178  0.00607  0.80968  -237.40431  -239.34480  4.99985   768
461.00  0.03212  0.03178  0.00678  0.80968  -236.29500  -238.25075  4.99985   768
462.00  0.03214  0.03178  0.00719  0.80968  -235.63582  -237.53053  4.99985   768
463.00  0.03215  0.03178  0.00732  0.80968  -235.45424  -237.36269  4.99985   768
464.00  0.03213  0.03178  0.00704  0.80968  -235.78383  -237.62056  4.99985   768
465.00  0.03213  0.03178  0.00636  0.80968  -236.83821  -238.67189  4.99985   768
466.00  0.03212  0.03178  0.00582  0.80968  -237.69423  -239.54317  4.99985   768
467.00  0.03214  0.03178  0.00544  0.80968  -238.28932  -240.17488  4.99985   768
468.00  0.03214  0.03178  0.00546  0.80968  -238.33357  -240.23592  4.99985   768
469.00  0.03214  0.03178  0.00592  0.80968  -237.64845  -239.59505  4.99985   768
470.00  0.03213  0.03178  0.00665  0.80968  -236.50862  -238.45979  4.99985   768
471.00  0.03214  0.03178  0.00717  0.80968  -235.68770  -237.60225  4.99985   768
472.00  0.03213  0.03178  0.00750  0.80968  -235.15517  -237.05904  4.99985   768
473.00  0.03215  0.03178  0.00735  0.80968  -235.32606  -237.18263  4.99985   768
474.00  0.03214  0.03178  0.00678  0.80968  -236.19582  -237.99745  4.99985   768
475.00  0.03214  0.03178  0.00610  0.80968  -237.26088  -239.05489  4.99985   768
476.00  0.03213  0.03178  0.00565  0.80968  -237.94447  -239.79951  4.99985   768
477.00  0.03213  0.03178  0.00542  0.80968  -238.35341  -240.20998  4.99985   768
478.00  0.03214  0.03178  0.00568  0.80968  -237.96278  -239.88039  4.99985   768
479.00  0.03213  0.03178  0.00617  0.80968  -237.25630  -239.19984  4.99985   768
480.00  0.03213  0.03178  0.00683  0.80968  -236.22176  -238.15462  4.99985   768
481.00  0.03214  0.03178  0.00725  0.80968  -235.57478  -237.49544  4.99985   768
482.00  0.03213  0.03178  0.00726  0.80968  -235.50307  -237.39015  4.99985   768
483.00  0.03214  0.03178  0.00688  0.80968  -236.10426  -237.94862  4.99985   768
484.00  0.03213  0.03178  0.00632  0.80968  -236.86262  -238.71309  4.99985   768
485.00  0.03213  0.03178  0.00576  0.80968  -237.78426  -239.63167  4.99985   768
486.00  0.03213  0.03178  0.00535  0.80968  -238.44038  -240.28932  4.99985   768
487.00  0.03214  0.03178  0.00541  0.80968  -238.42512  -240.33357  4.99985   768
488.00  0.03213  0.03178  0.00584  0.80968  -237.74000  -239.70033  4.99985   768
489.00  0.03214  0.03178  0.00657  0.80968  -236.67342  -238.60017  4.99985   768
490.00  0.03214  0.03178  0.00712  0.80968  -235.75789  -237.66786  4.99985   768
491.00  0.03215  0.03178  0.00745  0.80968  -235.24824  -237.14601  4.99985   768
492.00  0.03213  0.03178  0.00723  0.80968  -235.49696  -237.32149  4.99985   768
493.00  0.03213  0.03178  0.00672  0.80968  -236.28737  -238.10274  4.99985   768
494.00  0.03213  0.03178  0.00609  0.80968  -237.23341  -239.07930  4.99985   768
495.00  0.03213  0.03178  0.00554  0.80968  -238.08638  -239.92158  4.99985   768
496.00  0.03214  0.03178  0.00541  0.80968  -238.38545  -240.26796  4.99985   768
497.00  0.03213  0.03178  0.00572  0.80968  -237.95210  -239.88344  4.99985   768
498.00  0.03213  0.03178  0.00627  0.80968  -237.11439  -239.06099  4.99985   768
499.00  0.03213  0.03178  0.00696  0.80968  -236.06001  -238.00661  4.99985   768
500.00  0.03213  0.03178  0.00735  0.80968  -235.42067  -237.35963  4.99985   768
501.00  0.03214  0.03178  0.00741  0.80968  -235.28029  -237.15211  4.99985   768
502.00  0.03213  0.03178  0.00707  0.80968  -235.76552  -237.61446  4.99985   768
503.00  0.03215  0.03178  0.00645  0.80968  -236.68410  -238.50252  4.99985   768
504.00  0.03212  0.03178  0.00572  0.80968  -237.85597  -239.69270  4.99985   768
505.00  0.03212  0.03178  0.00540  0.80968  -238.36867  -240.22371  4.99985   768
506.00  0.03213  0.03178  0.00542  0.80968  -238.38850  -240.28474  4.99985   768
507.00  0.03213  0.03178  0.00592  0.80968  -237.63319  -239.55995  4.99985   768
508.00  0.03214  0.03178  0.00665  0.80968  -236.53151  -238.46590  4.99985   768
509.00  0.03213  0.03178  0.00717  0.80968  -235.69380  -237.60225  4.99985   768
510.00  0.03213  0.03178  0.00744  0.80968  -235.24062  -237.12617  4.99985   768
511.00  0.03213  0.03178  0.00722  0.80968  -235.53664  -237.37947  4.99985   768
512.00  0.03213  0.03178  0.00661  0.80968  -236.46895  -238.28432  4.99985   768
513.00  0.03214  0.03178  0.00600  0.80968  -237.38295  -239.19832  4.99985   768
514.00  0.03214  0.03178  0.00541  0.80968  -238.35646  -240.20387  4.99985   768
515.00  0.03213  0.03178  0.00524  0.80968  -238.60670  -240.52278  4.99985   768
516.00  0.03212  0.03178  0.00553  0.80968  -238.23592  -240.16725  4.99985   768
517.00  0.03213  0.03178  0.00620  0.80968  -237.23799  -239.21815  4.99985   768
518.00  0.03213  0.03178  0.00695  0.80968  -236.04170  -237.98982  4.99985   768
519.00  0.03213  0.03178  0.00734  0.80968  -235.40694  -237.34437  4.99985   768
520.00  0.03212  0.03178  0.00731  0.80968  -235.39168  -237.27571  4.99985   768
521.00  0.03213  0.03178  0.00698  0.80968  -235.92268  -237.75789  4.99985   768
522.00  0.03213  0.03178  0.00629  0.80968  -236.93281  -238.73292  4.99985   768
523.00  0.03212  0.03178  0.00577  0.80968  -237.73238  -239.56758  4.99985   768
524.00  0.03212  0.03178  0.00548  0.80968  -238.23592  -240.10316  4.99985   768
525.00  0.03212  0.03178  0.00554  0.80968  -238.17183  -240.06807  4.99985   768
526.00  0.03212  0.03178  0.00598  0.80968  -237.52028  -239.45314  4.99985   768
527.00  0.03213  0.03178  0.00661  0.80968  -236.59407  -238.51472  4.99985   768
528.00  0.03213  0.03178  0.00724  0.80968  -235.61293  -237.53816  4.99985   768
529.00  0.03212  0.03178  0.00744  0.80968  -235.24214  -237.12617  4.99985   768
530.00  0.03213  0.03178  0.00718  0.80968  -235.61293  -237.48781  4.99985   768
531.00  0.03213  0.03178  0.00663  0.80968  -236.39265  -238.22328  4.99985   768
532.00  0.03212  0.03178  0.00598  0.80968  -237.45772  -239.30360  4.99985   768
533.00  0.03213  0.03178  0.00554  0.80968  -238.14131  -239.99483  4.99985   768
534.00  0.03212  0.03178  0.00545  0.80968  -238.34730  -240.23897  4.99985   768
535.00  0.03211  0.03178  0.00580  0.80968  -237.83156  -239.77052  4.99985   768
536.00  0.03211  0.03178  0.00633  0.80968  -237.01979  -238.97859  4.99985   768
537.00  0.03213  0.03178  0.00694  0.80968  -236.06001  -237.99287  4.99985   768
538.00  0.03213  0.03178  0.00729  0.80968  -235.53206  -237.43898  4.99985   768
539.00  0.03213  0.03178  0.00729  0.80968  -235.41457  -237.27876  4.99985   768
540.00  0.03213  0.03178  0.00693  0.80968  -236.00813  -237.82960  4.99985   768
541.00  0.03212  0.03178  0.00633  0.80968  -236.86415  -238.68867  4.99985   768
542.00  0.03212  0.03178  0.00575  0.80968  -237.77205  -239.59657  4.99985   768
543.00  0.03213  0.03178  0.00538  0.80968  -238.39766  -240.24355  4.99985   768
544.00  0.03212  0.03178  0.00561  0.80968  -238.10774  -240.01619  4.99985   768
545.00  0.03213  0.03178  0.00617  0.80968  -237.23341  -239.18459  4.99985   768
546.00  0.03213  0.03178  0.00676  0.80968  -236.33620  -238.29805  4.99985   768
547.00  0.03213  0.03178  0.00728  0.80968  -235.53664  -237.46797  4.99985   768
548.00  0.03213  0.03178  0.00738  0.80968  -235.34590  -237.23756  4.99985   768
549.00  0.03212  0.03178  0.00711  0.80968  -235.74416  -237.59157  4.99985   768
550.00  0.03213  0.03178  0.00660  0.80968  -236.47353  -238.31331  4.99985   768
551.00  0.03213  0.03178  0.00598  0.80968  -237.49129  -239.33260  4.99985   768
552.00  0.03213  0.03178  0.00549  0.80968  -238.18861  -240.05281  4.99985   768
553.00  0.03214  0.03178  0.00547  0.80968  -238.31068  -240.22981  4.99985   768
554.00  0.03213  0.03178  0.00581  0.80968  -237.79646  -239.70796  4.99985   768
555.00  0.03213  0.03178  0.00644  0.80968  -236.89009  -238.83363  4.99985   768
556.00  0.03213  0.03178  0.00703  0.80968  -235.94405  -237.86928  4.99985   768
557.00  0.03210  0.03178  0.00745  0.80968  -235.23909  -237.13533  4.99985   768
558.00  0.03212  0.03178  0.00733  0.80968  -235.39168  -237.22841  4.99985   768
559.00  0.03213  0.03178  0.00679  0.80968  -236.18208  -238.00813  4.99985   768
560.00  0.03212  0.03178  0.00613  0.80968  -237.18306  -239.00911  4.99985   768
561.00  0.03213  0.03178  0.00561  0.80968  -238.00398  -239.82851  4.99985   768
562.00  0.03212  0.03178  0.00536  0.80968  -238.46938  -240.34425  4.99985   768
563.00  0.03214  0.03178  0.00552  0.80968  -238.22066  -240.12758  4.99985   768
564.00  0.03213  0.03178  0.00608  0.80968  -237.40584  -239.37379  4.99985   768
565.00  0.03213  0.03178  0.00670  0.80968  -236.44301  -238.39723  4.99985   768
566.00  0.03213  0.03178  0.00716  0.80968  -235.71364  -237.63429  4.99985   768
567.00  0.03214  0.03178  0.00726  0.80968  -235.50001  -237.40541  4.99985   768
568.00  0.03212  0.03178  0.00710  0.80968  -235.74263  -237.60377  4.99985   768
569.00  0.03212  0.03178  0.00653  0.80968  -236.57576  -238.40028  4.99985   768
570.00  0.03213  0.03178  0.00585  0.80968  -237.63014  -239.46077  4.99985   768
571.00  0.03212  0.03178  0.00547  0.80968  -238.20082  -240.07722  4.99985   768
572.00  0.03213  0.03178  0.00548  0.80968  -238.28474  -240.16573  4.99985   768
573.00  0.03213  0.03178  0.00591  0.80968  -237.61946  -239.55080  4.99985   768
574.00  0.03212  0.03178  0.00651  0.80968  -236.72224  -238.65358  4.99985   768
575.00  0.03212  0.03178  0.00712  0.80968  -235.75331  -237.67396  4.99985   768
576.00  0.03212  0.03178  0.00735  0.80968  -235.40846  -237.30012  4.99985   768
577.00  0.03212  0.03178  0.00724  0.80968  -235.50764  -237.36726  4.99985   768
578.00  0.03212  0.03178  0.00681  0.80968  -236.15462  -237.99287  4.99985   768
579.00  0.03212  0.03178  0.00615  0.80968  -237.15254  -238.97554  4.99985   768
580.00  0.03212  0.03178  0.00556  0.80968  -238.06197  -239.88344  4.99985   768
581.00  0.03211  0.03178  0.00534  0.80968  -238.49226  -240.39003  4.99985   768
582.00  0.03212  0.03178  0.00553  0.80968  -238.22218  -240.15047  4.99985   768
583.00  0.03211  0.03178  0.00603  0.80968  -237.48213  -239.44551  4.99985   768
584.00  0.03212  0.03178  0.00666  0.80968  -236.52541  -238.47810  4.99985   768
585.00  0.03212  0.03178  0.00716  0.80968  -235.70143  -237.64650  4.99985   768
586.00  0.03212  0.03178  0.00725  0.80968  -235.54274  -237.41304  4.99985   768
587.00  0.03211  0.03178  0.00691  0.80968  -236.04475  -237.91658  4.99985   768
588.00  0.03214  0.03178  0.00634  0.80968  -236.89314  -238.71156  4.99985   768
589.00  0.03212  0.03178  0.00570  0.80968  -237.79188  -239.61488  4.99985   768
590.00  0.03211  0.03178  0.00526  0.80968  -238.58229  -240.41139  4.99985   768
591.00  0.03212  0.03178  0.00527  0.80968  -238.58687  -240.48616  4.99985   768
592.00  0.03212  0.03178  0.00578  0.80968  -237.86055  -239.79951  4.99985   768
593.00  0.03212  0.03178  0.00648  0.80968  -236.81074  -238.76344  4.99985   768
594.00  0.03211  0.03178  0.00708  0.80968  -235.87080  -237.80214  4.99985   768
595.00  0.03212  0.03178  0.00735  0.80968  -235.40541  -237.29555  4.99985   768
596.00  0.03212  0.03178  0.00719  0.80968  -235.56410  -237.43440  4.99985   768
597.00  0.03212  0.03178  0.00671  0.80968  -236.33620  -238.17140  4.99985   768
598.00  0.03211  0.03178  0.00604  0.80968  -237.36006  -239.20290  4.99985   768
599.00  0.03211  0.03178  0.00554  0.80968  -238.11690  -239.96278  4.99985   768
600.00  0.03212  0.03178  0.00534  0.80968  -238.46938  -240.36409  4.99985   768
601.00  0.03211  0.03178  0.00551  0.80968  -238.27101  -240.20845  4.99985   768
602.00  0.03212  0.03178  0.00613  0.80968  -237.32954  -239.29750  4.99985   768
603.00  0.03210  0.03178  0.00690  0.80968  -236.18056  -238.14241  4.99985   768
604.00  0.03211  0.03178  0.00738  0.80968  -235.34285  -237.24824  4.99985   768
605.00  0.03211  0.03178  0.00736  0.80968  -235.31843  -237.18111  4.99985   768
606.00  0.03212  0.03178  0.00709  0.80968  -235.74873  -237.57326  4.99985   768
607.00  0.03211  0.03178  0.00644  0.80968  -236.71004  -238.51320  4.99985   768
608.00  0.03211  0.03178  0.00580  0.80968  -237.68202  -239.50960  4.99985   768
609.00  0.03211  0.03178  0.00538  0.80968  -238.39613  -240.24049  4.99985   768
610.00  0.03211  0.03178  0.00541  0.80968  -238.35646  -240.27254  4.99985   768
611.00  0.03211  0.03178  0.00580  0.80968  -237.84224  -239.76137  4.99985   768
612.00  0.03211  0.03178  0.00643  0.80968  -236.84431  -238.78786  4.99985   768
613.00  0.03213  0.03178  0.00702  0.80968  -235.96541  -237.90590  4.99985   768
614.00  0.03212  0.03178  0.00737  0.80968  -235.35963  -237.26808  4.99985   768
615.00  0.03212  0.03178  0.00715  0.80968  -235.65260  -237.51375  4.99985   768
616.00  0.03212  0.03178  0.00657  0.80968  -236.54829  -238.38655  4.99985   768
617.00  0.03211  0.03178  0.00580  0.80968  -237.69575  -239.52028  4.99985   768
618.00  0.03212  0.03178  0.00537  0.80968  -238.41292  -240.27254  4.99985   768
619.00  0.03211  0.03178  0.00526  0.80968  -238.58687  -240.49989  4.99985   768
620.00  0.03211  0.03178  0.00556  0.80968  -238.21150  -240.13368  4.99985   768
621.00  0.03211  0.03178  0.00613  0.80968  -237.36769  -239.32497  4.99985   768
622.00  0.03211  0.03178  0.00675  0.80968  -236.35146  -238.28432  4.99985   768
623.00  0.03211  0.03178  0.00720  0.80968  -235.65260  -237.56563  4.99985   768
624.00  0.03211  0.03178  0.00741  0.80968  -235.29097  -237.15517  4.99985   768
625.00  0.03212  0.03178  0.00701  0.80968  -235.84486  -237.66023  4.99985   768
626.00  0.03211  0.03178  0.00627  0.80968  -236.97096  -238.76649  4.99985   768
627.00  0.03212  0.03178  0.00572  0.80968  -237.82088  -239.64998  4.99985   768
628.00  0.03211  0.03178  0.00536  0.80968  -238.44496  -240.33357  4.99985   768
629.00  0.03211  0.03178  0.00541  0.80968  -238.37935  -240.28627  4.99985   768
630.00  0.03212  0.03178  0.00598  0.80968  -237.55690  -239.52486  4.99985   768
631.00  0.03211  0.03178  0.00665  0.80968  -236.50557  -238.44606  4.99985   768
632.00  0.03212  0.03178  0.00717  0.80968  -235.69838  -237.64192  4.99985   768
633.00  0.03211  0.03178  0.00743  0.80968  -235.30775  -237.21620  4.99985   768
634.00  0.03211  0.03178  0.00730  0.80968  -235.42219  -237.29707  4.99985   768
635.00  0.03213  0.03178  0.00687  0.80968  -236.08443  -237.92879  4.99985   768
636.00  0.03212  0.03178  0.00625  0.80968  -237.02742  -238.85347  4.99985   768
637.00  0.03210  0.03178  0.00565  0.80968  -237.94142  -239.79799  4.99985   768
638.00  0.03211  0.03178  0.00536  0.80968  -238.42970  -240.30611  4.99985   768
639.00  0.03211  0.03178  0.00562  0.80968  -238.10164  -240.02840  4.99985   768
640.00  0.03210  0.03178  0.00630  0.80968  -237.05489  -238.99232  4.99985   768
641.00  0.03211  0.03178  0.00696  0.80968  -236.03407  -237.97456  4.99985   768
642.00  0.03211  0.03178  0.00736  0.80968  -235.43135  -237.32912  4.99985   768
643.00  0.03212  0.03178  0.00735  0.80968  -235.35048  -237.19789  4.99985   768
644.00  0.03212  0.03178  0.00709  0.80968  -235.73958  -237.59462  4.99985   768
645.00  0.03211  0.03178  0.00644  0.80968  -236.74208  -238.56203  4.99985   768
646.00  0.03211  0.03178  0.00588  0.80968  -237.59352  -239.43025  4.99985   768
647.00  0.03211  0.03178  0.00545  0.80968  -238.28932  -240.15352  4.99985   768
648.00  0.03210  0.03178  0.00536  0.80968  -238.46938  -240.37935  4.99985   768
649.00  0.03210  0.03178  0.00584  0.80968  -237.75526  -239.70796  4.99985   768
650.00  0.03211  0.03178  0.00645  0.80968  -236.83821  -238.78633  4.99985   768
651.00  0.03212  0.03178  0.00705  0.80968  -235.93642  -237.89064  4.99985   768
652.00  0.03212  0.03178  0.00726  0.80968  -235.52290  -237.41914  4.99985   768
653.00  0.03211  0.03178  0.00713  0.80968  -235.72279  -237.58699  4.99985   768
654.00  0.03211  0.03178  0.00663  0.80968  -236.42927  -238.27364  4.99985   768
655.00  0.03212  0.03178  0.00608  0.80968  -237.28987  -239.10982  4.99985   768
656.00  0.03210  0.03178  0.00553  0.80968  -238.13521  -239.96889  4.99985   768
657.00  0.03210  0.03178  0.00540  0.80968  -238.39461  -240.24507  4.99985   768
658.00  0.03211  0.03178  0.00568  0.80968  -237.99025  -239.90633  4.99985   768
659.00  0.03211  0.03178  0.00627  0.80968  -237.08083  -239.02132  4.99985   768
660.00  0.03211  0.03178  0.00683  0.80968  -236.22786  -238.15767  4.99985   768
661.00  0.03210  0.03178  0.00729  0.80968  -235.50764  -237.41914  4.99985   768
662.00  0.03211  0.03178  0.00737  0.80968  -235.36574  -237.24977  4.99985   768
663.00  0.03211  0.03178  0.00696  0.80968  -235.91963  -237.78230  4.99985   768
664.00  0.03210  0.03178  0.00640  0.80968  -236.79243  -238.62917  4.99985   768
665.00  0.03212  0.03178  0.00582  0.80968  -237.66676  -239.51265  4.99985   768
666.00  0.03210  0.03178  0.00551  0.80968  -238.18709  -240.06959  4.99985   768
667.00  0.03211  0.03178  0.00565  0.80968  -238.06349  -239.99788  4.99985   768
668.00  0.03211  0.03178  0.00613  0.80968  -237.30055  -239.25478  4.99985   768
669.00  0.03210  0.03178  0.00672  0.80968  -236.37740  -238.32399  4.99985   768
670.00  0.03211  0.03178  0.00721  0.80968  -235.65565  -237.58546  4.99985   768
671.00  0.03210  0.03178  0.00740  0.80968  -235.32149  -237.18416  4.99985   768
672.00  0.03211  0.03178  0.00721  0.80968  -235.58241  -237.43440  4.99985   768
673.00  0.03211  0.03178  0.00669  0.80968  -236.34840  -238.15462  4.99985   768
674.00  0.03211  0.03178  0.00606  0.80968  -237.28682  -239.10371  4.99985   768
675.00  0.03210  0.03178  0.00552  0.80968  -238.16573  -240.00398  4.99985   768
676.00  0.03211  0.03178  0.00539  0.80968  -238.37477  -240.24049  4.99985   768
677.00  0.03210  0.03178  0.00570  0.80968  -237.96431  -239.90022  4.99985   768
678.00  0.03211  0.03178  0.00632  0.80968  -237.03505  -238.96028  4.99985   768
679.00  0.03211  0.03178  0.00687  0.80968  -236.12257  -238.06917  4.99985   768
680.00  0.03211  0.03178  0.00713  0.80968  -235.73347  -237.63277  4.99985   768
681.00  0.03211  0.03178  0.00710  0.80968  -235.74568  -237.62056  4.99985   768
682.00  0.03210  0.03178  0.00673  0.80968  -236.30568  -238.16225  4.99985   768
683.00  0.03210  0.03178  0.00607  0.80968  -237.30666  -239.15254  4.99985   768
684.00  0.03210  0.03178  0.00556  0.80968  -238.04671  -239.88802  4.99985   768
685.00  0.03210  0.03178  0.00530  0.80968  -238.52736  -240.41139  4.99985   768
686.00  0.03210  0.03178  0.00547  0.80968  -238.30458  -240.22829  4.99985   768
687.00  0.03209  0.03178  0.00594  0.80968  -237.65303  -239.59657  4.99985   768
688.00  0.03210  0.03178  0.00664  0.80968  -236.53456  -238.49947  4.99985   768
689.00  0.03211  0.03178  0.00712  0.80968  -235.77162  -237.66328  4.99985   768
690.00  0.03211  0.03178  0.00724  0.80968  -235.53664  -237.41762  4.99985   768
691.00  0.03210  0.03178  0.00695  0.80968  -235.96236  -237.78993  4.99985   768
692.00  0.03210  0.03178  0.00650  0.80968  -236.63374  -238.46437  4.99985   768
693.00  0.03212  0.03178  0.00594  0.80968  -237.47755  -239.30666  4.99985   768
694.00  0.03211  0.03178  0.00554  0.80968  -238.15047  -240.00703  4.99985   768
695.00  0.03212  0.03178  0.00547  0.80968  -238.30000  -240.17030  4.99985   768
696.00  0.03210  0.03178  0.00589  0.80968  -237.70033  -239.64387  4.99985   768
697.00  0.03210  0.03178  0.00651  0.80968  -236.75429  -238.70546  4.99985   768
698.00  0.03211  0.03178  0.00706  0.80968  -235.91048  -237.84486  4.99985   768
699.00  0.03210  0.03178  0.00734  0.80968  -235.37337  -237.28029  4.99985   768
700.00  0.03211  0.03178  0.00720  0.80968  -235.60377  -237.46645  4.99985   768
701.00  0.03210  0.03178  0.00676  0.80968  -236.23549  -238.09511  4.99985   768
702.00  0.03210  0.03178  0.00611  0.80968  -237.23189  -239.06099  4.99985   768
703.00  0.03210  0.03178  0.00560  0.80968  -238.09859  -239.93074  4.99985   768
704.00  0.03211  0.03178  0.00542  0.80968  -238.29695  -240.19014  4.99985   768
705.00  0.03211  0.03178  0.00561  0.80968  -238.06349  -239.97041  4.99985   768
706.00  0.03210  0.03178  0.00616  0.80968  -237.28377  -239.21968  4.99985   768
707.00  0.03211  0.03178  0.00677  0.80968  -236.33467  -238.26448  4.99985   768
708.00  0.03211  0.03178  0.00727  0.80968  -235.51833  -237.42525  4.99985   768
709.00  0.03211  0.03178  0.00736  0.80968  -235.34590  -237.22688  4.99985   768
710.00  0.03211  0.03178  0.00701  0.80968  -235.84029  -237.67549  4.99985   768
711.00  0.03210  0.03178  0.00645  0.80968  -236.71156  -238.53761  4.99985   768
712.00  0.03210  0.03178  0.00578  0.80968  -237.74000  -239.55537  4.99985   768
713.00  0.03210  0.03178  0.00533  0.80968  -238.44344  -240.30763  4.99985   768
714.00  0.03210  0.03178  0.00533  0.80968  -238.53194  -240.44649  4.99985   768
715.00  0.03211  0.03178  0.00581  0.80968  -237.82393  -239.76289  4.99985   768
716.00  0.03210  0.03178  0.00650  0.80968  -236.77870  -238.74055  4.99985   768
717.00  0.03210  0.03178  0.00711  0.80968  -235.78993  -237.73653  4.99985   768
718.00  0.03211  0.03178  0.00741  0.80968  -235.31691  -237.22536  4.99985   768
719.00  0.03209  0.03178  0.00722  0.80968  -235.56868  -237.42372  4.99985   768
720.00  0.03209  0.03178  0.00676  0.80968  -236.24770  -238.08443  4.99985   768
721.00  0.03210  0.03178  0.00611  0.80968  -237.22578  -239.02589  4.99985   768
722.00  0.03210  0.03178  0.00547  0.80968  -238.20387  -240.03755  4.99985   768
723.00  0.03210  0.03178  0.00518  0.80968  -238.67689  -240.54719  4.99985   768
724.00  0.03211  0.03178  0.00539  0.80968  -238.44344  -240.35188  4.99985   768
725.00  0.03210  0.03178  0.00603  0.80968  -237.45924  -239.39668  4.99985   768
726.00  0.03211  0.03178  0.00673  0.80968  -236.40181  -238.34688  4.99985   768
727.00  0.03210  0.03178  0.00716  0.80968  -235.72432  -237.64802  4.99985   768
728.00  0.03211  0.03178  0.00726  0.80968  -235.47865  -237.35353  4.99985   768
729.00  0.03211  0.03178  0.00692  0.80968  -236.00661  -237.86012  4.99985   768
730.00  0.03210  0.03178  0.00624  0.80968  -237.01674  -238.84126  4.99985   768
731.00  0.03212  0.03178  0.00564  0.80968  -237.94752  -239.78426  4.99985   768
732.00  0.03210  0.03178  0.00520  0.80968  -238.65248  -240.53194  4.99985   768
733.00  0.03210  0.03178  0.00521  0.80968  -238.69368  -240.61128  4.99985   768
734.00  0.03210  0.03178  0.00564  0.80968  -238.06197  -240.02077  4.99985   768
735.00  0.03210  0.03178  0.00636  0.80968  -236.96791  -238.92976  4.99985   768
736.00  0.03210  0.03178  0.00700  0.80968  -235.93184  -237.87538  4.99985   768
737.00  0.03211  0.03178  0.00734  0.80968  -235.44508  -237.34895  4.99985   768
738.00  0.03210  0.03178  0.00726  0.80968  -235.44966  -237.31996  4.99985   768
739.00  0.03211  0.03178  0.00676  0.80968  -236.24007  -238.05086  4.99985   768
740.00  0.03210  0.03178  0.00615  0.80968  -237.17543  -239.00911  4.99985   768
741.00  0.03211  0.03178  0.00562  0.80968  -238.00093  -239.81325  4.99985   768
742.00  0.03210  0.03178  0.00539  0.80968  -238.35646  -240.22523  4.99985   768
743.00  0.03210  0.03178  0.00567  0.80968  -238.01771  -239.93532  4.99985   768
744.00  0.03210  0.03178  0.00623  0.80968  -237.17390  -239.10371  4.99985   768
745.00  0.03210  0.03178  0.00688  0.80968  -236.13631  -238.08443  4.99985   768
746.00  0.03210  0.03178  0.00727  0.80968  -235.54732  -237.46187  4.99985   768
747.00  0.03210  0.03178  0.00735  0.80968  -235.34285  -237.23756  4.99985   768
748.00  0.03210  0.03178  0.00699  0.80968  -235.90132  -237.74110  4.99985   768
749.00  0.03209  0.03178  0.00640  0.80968  -236.80464  -238.63527  4.99985   768
750.00  0.03211  0.03178  0.00568  0.80968  -237.93379  -239.76747  4.99985   768
751.00  0.03209  0.03178  0.00532  0.80968  -238.48463  -240.37172  4.99985   768
752.00  0.03210  0.03178  0.00531  0.80968  -238.57008  -240.48769  4.99985   768
753.00  0.03210  0.03178  0.00583  0.80968  -237.76747  -239.70644  4.99985   768
754.00  0.03209  0.03178  0.00637  0.80968  -236.95265  -238.89467  4.99985   768
755.00  0.03210  0.03178  0.00682  0.80968  -236.23091  -238.14699  4.99985   768
756.00  0.03208  0.03178  0.00708  0.80968  -235.79604  -237.66328  4.99985   768
757.00  0.03210  0.03178  0.00694  0.80968  -235.98067  -237.81129  4.99985   768
758.00  0.03209  0.03178  0.00650  0.80968  -236.62459  -238.44759  4.99985   768
759.00  0.03210  0.03178  0.00579  0.80968  -237.73085  -239.54774  4.99985   768
760.00  0.03210  0.03178  0.00538  0.80968  -238.36867  -240.21150  4.99985   768
761.00  0.03210  0.03178  0.00520  0.80968  -238.70589  -240.57924  4.99985   768
762.00  0.03209  0.03178  0.00548  0.80968  -238.26796  -240.20540  4.99985   768
763.00  0.03210  0.03178  0.00607  0.80968  -237.39973  -239.33870  4.99985   768
764.00  0.03210  0.03178  0.00672  0.80968  -236.42622  -238.38808  4.99985   768
765.00  0.03210  0.03178  0.00719  0.80968  -235.63277  -237.55647  4.99985   768
766.00  0.03210  0.03178  0.00715  0.80968  -235.72432  -237.59920  4.99985   768
767.00  0.03209  0.03178  0.00682  0.80968  -236.12715  -237.98219  4.99985   768
768.00  0.03210  0.03178  0.00632  0.80968  -236.92366  -238.76497  4.99985   768
769.00  0.03210  0.03178  0.00582  0.80968  -237.68813  -239.54774  4.99985   768
770.00  0.03211  0.03178  0.00549  0.80968  -238.22066  -240.08485  4.99985   768
771.00  0.03210  0.03178  0.00558  0.80968  -238.14284  -240.06349  4.99985   768
772.00  0.03210  0.03178  0.00604  0.80968  -237.42873  -239.34328  4.99985   768
773.00  0.03210  0.03178  0.00672  0.80968  -236.44301  -238.39571  4.99985   768
774.00  0.03210  0.03178  0.00729  0.80968  -235.49544  -237.42067  4.99985   768
775.00  0.03210  0.03178  0.00748  0.80968  -235.19789  -237.06209  4.99985   768
776.00  0.03211  0.03178  0.00724  0.80968  -235.54121  -237.36116  4.99985   768
777.00  0.03210  0.03178  0.00668  0.80968  -236.33162  -238.15462  4.99985   768
778.00  0.03208  0.03178  0.00605  0.80968  -237.29445  -239.12508  4.99985   768
779.00  0.03211  0.03178  0.00551  0.80968  -238.18556  -240.04823  4.99985   768
780.00  0.03210  0.03178  0.00552  0.80968  -238.20692  -240.11842  4.99985   768
781.00  0.03210  0.03178  0.00578  0.80968  -237.84224  -239.76289  4.99985   768
782.00  0.03209  0.03178  0.00633  0.80968  -237.02589  -238.98317  4.99985   768
783.00  0.03210  0.03178  0.00694  0.80968  -236.07527  -238.02797  4.99985   768
784.00  0.03210  0.03178  0.00730  0.80968  -235.50154  -237.42219  4.99985   768
785.00  0.03210  0.03178  0.00726  0.80968  -235.46339  -237.35200  4.99985   768
786.00  0.03209  0.03178  0.00677  0.80968  -236.19582  -238.04475  4.99985   768
787.00  0.03210  0.03178  0.00612  0.80968  -237.16933  -238.99080  4.99985   768
788.00  0.03210  0.03178  0.00548  0.80968  -238.17946  -239.99788  4.99985   768
789.00  0.03210  0.03178  0.00520  0.80968  -238.67689  -240.54719  4.99985   768
790.00  0.03209  0.03178  0.00541  0.80968  -238.40681  -240.31679  4.99985   768
791.00  0.03210  0.03178  0.00592  0.80968  -237.61641  -239.55232  4.99985   768
792.00  0.03210  0.03178  0.00655  0.80968  -236.66579  -238.59407  4.99985   768
793.00  0.03210  0.03178  0.00703  0.80968  -235.84639  -237.76857  4.99985   768
794.00  0.03209  0.03178  0.00730  0.80968  -235.45882  -237.37337  4.99985   768
795.00  0.03211  0.03178  0.00709  0.80968  -235.72890  -237.58852  4.99985   768
796.00  0.03210  0.03178  0.00653  0.80968  -236.60170  -238.42775  4.99985   768
797.00  0.03208  0.03178  0.00581  0.80968  -237.67287  -239.50349  4.99985   768
798.00  0.03209  0.03178  0.00533  0.80968  -238.45869  -240.32747  4.99985   768
799.00  0.03208  0.03178  0.00526  0.80968  -238.61281  -240.52278  4.99985   768
800.00  0.03210  0.03178  0.00574  0.80968  -237.95058  -239.91243  4.99985   768
801.00  0.03210  0.03178  0.00644  0.80968  -236.88094  -238.85500  4.99985   768
802.00  0.03209  0.03178  0.00713  0.80968  -235.80519  -237.75026  4.99985   768
803.00  0.03209  0.03178  0.00748  0.80968  -235.17805  -237.07124  4.99985   768
804.00  0.03211  0.03178  0.00735  0.80968  -235.39015  -237.26503  4.99985   768
805.00  0.03209  0.03178  0.00688  0.80968  -236.00050  -237.82045  4.99985   768
806.00  0.03210  0.03178  0.00626  0.80968  -236.97096  -238.78175  4.99985   768
807.00  0.03210  0.03178  0.00574  0.80968  -237.77205  -239.62251  4.99985   768
808.00  0.03210  0.03178  0.00541  0.80968  -238.37477  -240.22066  4.99985   768
809.00  0.03210  0.03178  0.00552  0.80968  -238.22829  -240.13521  4.99985   768
810.00  0.03209  0.03178  0.00600  0.80968  -237.49892  -239.43636  4.99985   768
811.00  0.03209  0.03178  0.00672  0.80968  -236.42927  -238.36366  4.99985   768
812.00  0.03210  0.03178  0.00720  0.80968  -235.62056  -237.53816  4.99985   768
813.00  0.03210  0.03178  0.00728  0.80968  -235.51527  -237.40694  4.99985   768
814.00  0.03209  0.03178  0.00699  0.80968  -235.88301  -237.73958  4.99985   768
815.00  0.03211  0.03178  0.00641  0.80968  -236.74971  -238.57881  4.99985   768
816.00  0.03209  0.03178  0.00576  0.80968  -237.78578  -239.63777  4.99985   768
817.00  0.03210  0.03178  0.00537  0.80968  -238.38240  -240.24965  4.99985   768
818.00  0.03209  0.03178  0.00529  0.80968  -238.59602  -240.48769  4.99985   768
819.00  0.03210  0.03178  0.00568  0.80968  -238.01466  -239.94447  4.99985   768
820.00  0.03210  0.03178  0.00627  0.80968  -237.07472  -239.00453  4.99985   768
821.00  0.03210  0.03178  0.00692  0.80968  -236.09206  -238.03560  4.99985   768
822.00  0.03210  0.03178  0.00722  0.80968  -235.56715  -237.46645  4.99985   768
823.00  0.03208  0.03178  0.00716  0.80968  -235.64650  -237.49696  4.99985   768
824.00  0.03209  0.03178  0.00678  0.80968  -236.20497  -238.03560  4.99985   768
825.00  0.03209  0.03178  0.00614  0.80968  -237.19832  -239.01063  4.99985   768
826.00  0.03210  0.03178  0.00554  0.80968  -238.12605  -239.95973  4.99985   768
827.00  0.03210  0.03178  0.00536  0.80968  -238.44649  -240.32136  4.99985   768
828.00  0.03209  0.03178  0.00559  0.80968  -238.14284  -240.06654  4.99985   768
829.00  0.03209  0.03178  0.00616  0.80968  -237.27309  -239.19984  4.99985   768
830.00  0.03208  0.03178  0.00677  0.80968  -236.35603  -238.29805  4.99985   768
831.00  0.03210  0.03178  0.00719  0.80968  -235.69075  -237.61293  4.99985   768
832.00  0.03211  0.03178  0.00730  0.80968  -235.45576  -237.34132  4.99985   768
833.00  0.03208  0.03178  0.00694  0.80968  -235.99898  -237.86165  4.99985   768
834.00  0.03209  0.03178  0.00648  0.80968  -236.67036  -238.50862  4.99985   768
835.00  0.03209  0.03178  0.00586  0.80968  -237.59810  -239.45314  4.99985   768
836.00  0.03209  0.03178  0.00538  0.80968  -238.35646  -240.19624  4.99985   768
837.00  0.03209  0.03178  0.00533  0.80968  -238.51057  -240.42360  4.99985   768
838.00  0.03209  0.03178  0.00578  0.80968  -237.85750  -239.77357  4.99985   768
839.00  0.03209  0.03178  0.00639  0.80968  -236.95113  -238.92061  4.99985   768
840.00  0.03208  0.03178  0.00692  0.80968  -236.06459  -237.99135  4.99985   768
841.00  0.03209  0.03178  0.00726  0.80968  -235.54732  -237.43745  4.99985   768
842.00  0.03210  0.03178  0.00706  0.80968  -235.78078  -237.63582  4.99985   768
843.00  0.03209  0.03178  0.00670  0.80968  -236.32552  -238.16072  4.99985   768
844.00  0.03210  0.03178  0.00605  0.80968  -237.28682  -239.10677  4.99985   768
845.00  0.03210  0.03178  0.00549  0.80968  -238.21913  -240.07417  4.99985   768
846.00  0.03209  0.03178  0.00529  0.80968  -238.54414  -240.43275  4.99985   768
847.00  0.03209  0.03178  0.00551  0.80968  -238.27101  -240.21608  4.99985   768
848.00  0.03210  0.03178  0.00605  0.80968  -237.44704  -239.40584  4.99985   768
849.00  0.03209  0.03178  0.00670  0.80968  -236.47200  -238.42012  4.99985   768
850.00  0.03209  0.03178  0.00720  0.80968  -235.65108  -237.59309  4.99985   768
851.00  0.03209  0.03178  0.00725  0.80968  -235.50764  -237.38252  4.99985   768
852.00  0.03210  0.03178  0.00693  0.80968  -235.96846  -237.82808  4.99985   768
853.00  0.03209  0.03178  0.00639  0.80968  -236.79854  -238.63222  4.99985   768
854.00  0.03209  0.03178  0.00571  0.80968  -237.89107  -239.69575  4.99985   768
855.00  0.03210  0.03178  0.00534  0.80968  -238.43275  -240.28169  4.99985   768
856.00  0.03209  0.03178  0.00539  0.80968  -238.43886  -240.34273  4.99985   768
857.00  0.03208  0.03178  0.00592  0.80968  -237.61793  -239.55843  4.99985   768
858.00  0.03210  0.03178  0.00662  0.80968  -236.59712  -238.52693  4.99985   768
859.00  0.03208  0.03178  0.00710  0.80968  -235.77315  -237.70448  4.99985   768
860.00  0.03209  0.03178  0.00728  0.80968  -235.52290  -237.40236  4.99985   768
861.00  0.03208  0.03178  0.00715  0.80968  -235.68770  -237.54732  4.99985   768
862.00  0.03211  0.03178  0.00665  0.80968  -236.42927  -238.26448  4.99985   768
863.00  0.03209  0.03178  0.00599  0.80968  -237.38295  -239.19832  4.99985   768
864.00  0.03209  0.03178  0.00547  0.80968  -238.25270  -240.12605  4.99985   768
865.00  0.03209  0.03178  0.00525  0.80968  -238.61891  -240.51668  4.99985   768
866.00  0.03208  0.03178  0.00556  0.80968  -238.19624  -240.13521  4.99985   768
867.00  0.03208  0.03178  0.00615  0.80968  -237.27614  -239.24257  4.99985   768
868.00  0.03209  0.03178  0.00689  0.80968  -236.16530  -238.12562  4.99985   768
869.00  0.03208  0.03178  0.00737  0.80968  -235.41457  -237.33675  4.99985   768
870.00  0.03208  0.03178  0.00729  0.80968  -235.46950  -237.36879  4.99985   768
871.00  0.03209  0.03178  0.00693  0.80968  -235.97151  -237.79909  4.99985   768
872.00  0.03208  0.03178  0.00627  0.80968  -236.96028  -238.74361  4.99985   768
873.00  0.03208  0.03178  0.00563  0.80968  -237.98720  -239.81782  4.99985   768
874.00  0.03209  0.03178  0.00534  0.80968  -238.43581  -240.29390  4.99985   768
875.00  0.03209  0.03178  0.00542  0.80968  -238.36409  -240.26643  4.99985   768
876.00  0.03209  0.03178  0.00586  0.80968  -237.70796  -239.62862  4.99985   768
877.00  0.03209  0.03178  0.00652  0.80968  -236.73445  -238.67799  4.99985   768
878.00  0.03209  0.03178  0.00716  0.80968  -235.75636  -237.68617  4.99985   768
879.00  0.03208  0.03178  0.00737  0.80968  -235.36269  -237.26961  4.99985   768
880.00  0.03209  0.03178  0.00720  0.80968  -235.52748  -237.39778  4.99985   768
881.00  0.03209  0.03178  0.00667  0.80968  -236.38655  -238.19887  4.99985   768
882.00  0.03208  0.03178  0.00601  0.80968  -237.39363  -239.23646  4.99985   768
883.00  0.03209  0.03178  0.00541  0.80968  -238.38240  -240.23897  4.99985   768
884.00  0.03209  0.03178  0.00528  0.80968  -238.58229  -240.47853  4.99985   768
885.00  0.03208  0.03178  0.00567  0.80968  -238.04671  -239.98872  4.99985   768
886.00  0.03209  0.03178  0.00626  0.80968  -237.12508  -239.07625  4.99985   768
887.00  0.03210  0.03178  0.00693  0.80968  -236.11342  -238.06154  4.99985   768
888.00  0.03209  0.03178  0.00731  0.80968  -235.47407  -237.37642  4.99985   768
889.00  0.03208  0.03178  0.00729  0.80968  -235.43898  -237.31691  4.99985   768
890.00  0.03210  0.03178  0.00692  0.80968  -236.00203  -237.82045  4.99985   768
891.00  0.03209  0.03178  0.00635  0.80968  -236.86110  -238.68867  4.99985   768
892.00  0.03210  0.03178  0.00563  0.80968  -237.98415  -239.79188  4.99985   768
893.00  0.03209  0.03178  0.00528  0.80968  -238.53041  -240.40529  4.99985   768
894.00  0.03209  0.03178  0.00541  0.80968  -238.40071  -240.29390  4.99985   768
895.00  0.03210  0.03178  0.00586  0.80968  -237.72169  -239.66371  4.99985   768
896.00  0.03209  0.03178  0.00647  0.80968  -236.82906  -238.76955  4.99985   768
897.00  0.03208  0.03178  0.00703  0.80968  -235.91658  -237.85249  4.99985   768
898.00  0.03209  0.03178  0.00722  0.80968  -235.60225  -237.49391  4.99985   768
899.00  0.03209  0.03178  0.00707  0.80968  -235.79146  -237.66328  4.99985   768
900.00  0.03209  0.03178  0.00654  0.80968  -236.55440  -238.41707  4.99985   768
901.00  0.03207  0.03178  0.00586  0.80968  -237.61488  -239.44398  4.99985   768
902.00  0.03208  0.03178  0.00539  0.80968  -238.38545  -240.24202  4.99985   768
903.00  0.03208  0.03178  0.00526  0.80968  -238.60060  -240.50752  4.99985   768
904.00  0.03209  0.03178  0.00567  0.80968  -238.03755  -239.96278  4.99985   768
905.00  0.03207  0.03178  0.00626  0.80968  -237.14339  -239.07472  4.99985   768
906.00  0.03209  0.03178  0.00685  0.80968  -236.19276  -238.11952  4.99985   768
907.00  0.03209  0.03178  0.00723  0.80968  -235.59004  -237.48781  4.99985   768
908.00  0.03208  0.03178  0.00719  0.80968  -235.61446  -237.46034  4.99985   768
909.00  0.03207  0.03178  0.00691  0.80968  -236.02644  -237.87080  4.99985   768
910.00  0.03209  0.03178  0.00631  0.80968  -236.87636  -238.69630  4.99985   768
911.00  0.03207  0.03178  0.00566  0.80968  -237.90175  -239.74763  4.99985   768
912.00  0.03208  0.03178  0.00544  0.80968  -238.34730  -240.22218  4.99985   768
913.00  0.03209  0.03178  0.00553  0.80968  -238.20540  -240.12300  4.99985   768
914.00  0.03209  0.03178  0.00601  0.80968  -237.51723  -239.47908  4.99985   768
915.00  0.03209  0.03178  0.00666  0.80968  -236.52846  -238.47810  4.99985   768
916.00  0.03208  0.03178  0.00714  0.80968  -235.75178  -237.67702  4.99985   768
917.00  0.03209  0.03178  0.00731  0.80968  -235.45576  -237.34895  4.99985   768
918.00  0.03209  0.03178  0.00702  0.80968  -235.83418  -237.70448  4.99985   768
919.00  0.03208  0.03178  0.00657  0.80968  -236.56966  -238.40333  4.99985   768
920.00  0.03208  0.03178  0.00586  0.80968  -237.61488  -239.44093  4.99985   768
921.00  0.03207  0.03178  0.00538  0.80968  -238.38240  -240.22981  4.99985   768
922.00  0.03209  0.03178  0.00530  0.80968  -238.53957  -240.43275  4.99985   768
923.00  0.03210  0.03178  0.00563  0.80968  -238.08485  -239.98872  4.99985   768
924.00  0.03209  0.03178  0.00625  0.80968  -237.10066  -239.06251  4.99985   768
925.00  0.03208  0.03178  0.00676  0.80968  -236.33620  -238.25227  4.99985   768
926.00  0.03207  0.03178  0.00703  0.80968  -235.87080  -237.76857  4.99985   768
927.00  0.03208  0.03178  0.00685  0.80968  -236.12410  -237.95930  4.99985   768
928.00  0.03209  0.03178  0.00651  0.80968  -236.61391  -238.46132  4.99985   768
929.00  0.03207  0.03178  0.00595  0.80968  -237.48671  -239.33565  4.99985   768
930.00  0.03209  0.03178  0.00536  0.80968  -238.36714  -240.20845  4.99985   768
931.00  0.03208  0.03178  0.00517  0.80968  -238.75319  -240.63875  4.99985   768
932.00  0.03208  0.03178  0.00533  0.80968  -238.50600  -240.43886  4.99985   768
933.00  0.03207  0.03178  0.00588  0.80968  -237.72017  -239.69270  4.99985   768
934.00  0.03207  0.03178  0.00661  0.80968  -236.58644  -238.53456  4.99985   768
935.00  0.03207  0.03178  0.00703  0.80968  -235.91963  -237.84029  4.99985   768
936.00  0.03208  0.03178  0.00709  0.80968  -235.79756  -237.67549  4.99985   768
937.00  0.03209  0.03178  0.00686  0.80968  -236.12562  -237.97914  4.99985   768
938.00  0.03207  0.03178  0.00635  0.80968  -236.86415  -238.68867  4.99985   768
939.00  0.03209  0.03178  0.00576  0.80968  -237.74611  -239.58131  4.99985   768
940.00  0.03208  0.03178  0.00547  0.80968  -238.26186  -240.10927  4.99985   768
941.00  0.03209  0.03178  0.00553  0.80968  -238.19472  -240.08333  4.99985   768
942.00  0.03208  0.03178  0.00594  0.80968  -237.59199  -239.51265  4.99985   768
943.00  0.03209  0.03178  0.00667  0.80968  -236.51778  -238.47200  4.99985   768
944.00  0.03209  0.03178  0.00723  0.80968  -235.60835  -237.52138  4.99985   768
945.00  0.03208  0.03178  0.00743  0.80968  -235.27571  -237.16280  4.99985   768
946.00  0.03208  0.03178  0.00723  0.80968  -235.54884  -237.38100  4.99985   768
947.00  0.03209  0.03178  0.00673  0.80968  -236.29958  -238.15004  4.99985   768
948.00  0.03208  0.03178  0.00608  0.80968  -237.27309  -239.10829  4.99985   768
949.00  0.03208  0.03178  0.00553  0.80968  -238.14894  -239.99635  4.99985   768
950.00  0.03208  0.03178  0.00534  0.80968  -238.44344  -240.32899  4.99985   768
951.00  0.03207  0.03178  0.00557  0.80968  -238.17183  -240.10316  4.99985   768
952.00  0.03207  0.03178  0.00618  0.80968  -237.23189  -239.20900  4.99985   768
953.00  0.03208  0.03178  0.00675  0.80968  -236.32704  -238.24617  4.99985   768
954.00  0.03208  0.03178  0.00711  0.80968  -235.78993  -237.69533  4.99985   768
955.00  0.03208  0.03178  0.00718  0.80968  -235.58394  -237.46797  4.99985   768
956.00  0.03208  0.03178  0.00682  0.80968  -236.15919  -237.99135  4.99985   768
957.00  0.03208  0.03178  0.00617  0.80968  -237.14033  -238.95418  4.99985   768
958.00  0.03208  0.03178  0.00551  0.80968  -238.12605  -239.94142  4.99985   768
959.00  0.03208  0.03178  0.00517  0.80968  -238.69368  -240.54872  4.99985   768
960.00  0.03207  0.03178  0.00519  0.80968  -238.73488  -240.64027  4.99985   768
961.00  0.03207  0.03178  0.00567  0.80968  -238.02992  -239.97346  4.99985   768
962.00  0.03207  0.03178  0.00644  0.80968  -236.85194  -238.78938  4.99985   768
963.00  0.03208  0.03178  0.00687  0.80968  -236.14699  -238.05238  4.99985   768
964.00  0.03209  0.03178  0.00723  0.80968  -235.60988  -237.54274  4.99985   768
965.00  0.03208  0.03178  0.00709  0.80968  -235.74873  -237.60530  4.99985   768
966.00  0.03208  0.03178  0.00662  0.80968  -236.47810  -238.32399  4.99985   768
967.00  0.03208  0.03178  0.00603  0.80968  -237.40431  -239.25020  4.99985   768
968.00  0.03208  0.03178  0.00553  0.80968  -238.11537  -239.95973  4.99985   768
969.00  0.03208  0.03178  0.00532  0.80968  -238.53346  -240.43123  4.99985   768
970.00  0.03207  0.03178  0.00574  0.80968  -237.96126  -239.93227  4.99985   768
971.00  0.03209  0.03178  0.00642  0.80968  -236.87025  -238.81990  4.99985   768
972.00  0.03208  0.03178  0.00710  0.80968  -235.82960  -237.77010  4.99985   768
973.00  0.03209  0.03178  0.00750  0.80968  -235.17653  -237.08498  4.99985   768
974.00  0.03208  0.03178  0.00753  0.80968  -235.06209  -236.92171  4.99985   768
975.00  0.03208  0.03178  0.00714  0.80968  -235.67244  -237.49086  4.99985   768
976.00  0.03209  0.03178  0.00652  0.80968  -236.54982  -238.36519  4.99985   768
977.00  0.03208  0.03178  0.00588  0.80968  -237.60725  -239.42720  4.99985   768
978.00  0.03208  0.03178  0.00545  0.80968  -238.26338  -240.11690  4.99985   768
979.00  0.03209  0.03178  0.00548  0.80968  -238.26033  -240.17183  4.99985   768
980.00  0.03209  0.03178  0.00597  0.80968  -237.58284  -239.52943  4.99985   768
981.00  0.03208  0.03178  0.00669  0.80968  -236.47047  -238.43690  4.99985   768
982.00  0.03208  0.03178  0.00716  0.80968  -235.71822  -237.65260  4.99985   768
983.00  0.03207  0.03178  0.00736  0.80968  -235.36269  -237.27266  4.99985   768
984.00  0.03208  0.03178  0.00716  0.80968  -235.65718  -237.53206  4.99985   768
985.00  0.03207  0.03178  0.00661  0.80968  -236.45827  -238.28432  4.99985   768
986.00  0.03209  0.03178  0.00594  0.80968  -237.48823  -239.30818  4.99985   768
987.00  0.03207  0.03178  0.00539  0.80968  -238.35188  -240.19167  4.99985   768
988.00  0.03209  0.03178  0.00522  0.80968  -238.63112  -240.53346  4.99985   768
989.00  0.03209  0.03178  0.00549  0.80968  -238.25728  -240.18251  4.99985   768
990.00  0.03208  0.03178  0.00618  0.80968  -237.25478  -239.19221  4.99985   768
991.00  0.03208  0.03178  0.00688  0.80968  -236.13936  -238.06459  4.99985   768
992.00  0.03208  0.03178  0.00732  0.80968  -235.44508  -237.35353  4.99985   768
993.00  0.03210  0.03178  0.00739  0.80968  -235.31538  -237.18721  4.99985   768
994.00  0.03209  0.03178  0.00691  0.80968  -235.97456  -237.80061  4.99985   768
995.00  0.03209  0.03178  0.00630  0.80968  -236.89772  -238.72224  4.99985   768
996.00  0.03209  0.03178  0.00579  0.80968  -237.74611  -239.59047  4.99985   768
997.00  0.03208  0.03178  0.00538  0.80968  -238.41902  -240.28780  4.99985   768
998.00  0.03208  0.03178  0.00543  0.80968  -238.37019  -240.29390  4.99985   768
999.00  0.03207  0.03178  0.00587  0.80968  -237.72475  -239.67134  4.99985   768
1000.00  0.03209  0.03178  0.00665  0.80968  -236.54982  -238.53761  4.99985   768
1001.00  0.03209  0.03178  0.00720  0.80968  -235.65718  -237.58852  4.99985   768
1002.00  0.03208  0.03178  0.00749  0.80968  -235.19484  -237.09871  4.99985   768
1003.00  0.03208  0.03178  0.00734  0.80968  -235.35353  -237.19026  4.99985   768
1004.00  0.03209  0.03178  0.00671  0.80968  -236.28126  -238.12105  4.99985   768
1005.00  0.03208  0.03178  0.00610  0.80968  -237.25020  -239.07320  4.99985   768
1006.00  0.03207  0.03178  0.00549  0.80968  -238.15352  -239.99330  4.99985   768
1007.00  0.03209  0.03178  0.00533  0.80968  -238.49837  -240.38240  4.99985   768
1008.00  0.03207  0.03178  0.00565  0.80968  -238.05434  -239.98720  4.99985   768
1009.00  0.03209  0.03178  0.00624  0.80968  -237.13271  -239.07167  4.99985   768
1010.00  0.03207  0.03178  0.00682  0.80968  -236.25685  -238.19124  4.99985   768
1011.00  0.03208  0.03178  0.00734  0.80968  -235.39320  -237.31386  4.99985   768
1012.00  0.03208  0.03178  0.00731  0.80968  -235.46034  -237.31691  4.99985   768
1013.00  0.03207  0.03178  0.00696  0.80968  -235.89369  -237.72890  4.99985   768
1014.00  0.03208  0.03178  0.00635  0.80968  -236.88246  -238.70241  4.99985   768
1015.00  0.03208  0.03178  0.00565  0.80968  -237.91243  -239.75526  4.99985   768
1016.00  0.03207  0.03178  0.00534  0.80968  -238.49074  -240.38545  4.99985   768
1017.00  0.03207  0.03178  0.00546  0.80968  -238.28474  -240.19014  4.99985   768
1018.00  0.03207  0.03178  0.00588  0.80968  -237.70949  -239.66524  4.99985   768
1019.00  0.03208  0.03178  0.00661  0.80968  -236.62611  -238.57423  4.99985   768
1020.00  0.03207  0.03178  0.00714  0.80968  -235.72127  -237.67091  4.99985   768
1021.00  0.03208  0.03178  0.00739  0.80968  -235.34285  -237.20552  4.99985   768
1022.00  0.03208  0.03178  0.00712  0.80968  -235.68007  -237.53664  4.99985   768
1023.00  0.03208  0.03178  0.00663  0.80968  -236.38808  -238.20650  4.99985   768
1024.00  0.03209  0.03178  0.00601  0.80968  -237.39058  -239.21052  4.99985   768
1025.00  0.03207  0.03178  0.00542  0.80968  -238.29848  -240.13673  4.99985   768
1026.00  0.03207  0.03178  0.00544  0.80968  -238.33968  -240.25117  4.99985   768
1027.00  0.03208  0.03178  0.00576  0.80968  -237.83308  -239.75069  4.99985   768
1028.00  0.03207  0.03178  0.00636  0.80968  -236.96333  -238.90077  4.99985   768
1029.00  0.03207  0.03178  0.00695  0.80968  -236.02339  -237.97456  4.99985   768
1030.00  0.03208  0.03178  0.00731  0.80968  -235.48933  -237.39778  4.99985   768
1031.00  0.03208  0.03178  0.00722  0.80968  -235.58546  -237.46645  4.99985   768
1032.00  0.03208  0.03178  0.00682  0.80968  -236.14851  -237.99593  4.99985   768
1033.00  0.03208  0.03178  0.00624  0.80968  -236.99690  -238.85042  4.99985   768
1034.00  0.03207  0.03178  0.00565  0.80968  -237.96278  -239.80867  4.99985   768
1035.00  0.03208  0.03178  0.00537  0.80968  -238.45106  -240.33205  4.99985   768
1036.00  0.03207  0.03178  0.00553  0.80968  -238.22523  -240.13979  4.99985   768
1037.00  0.03209  0.03178  0.00606  0.80968  -237.40584  -239.33870  4.99985   768
1038.00  0.03208  0.03178  0.00673  0.80968  -236.38502  -238.32704  4.99985   768
1039.00  0.03208  0.03178  0.00712  0.80968  -235.79146  -237.67854  4.99985   768
1040.00  0.03207  0.03178  0.00717  0.80968  -235.63124  -237.51375  4.99985   768
1041.00  0.03207  0.03178  0.00694  0.80968  -235.98677  -237.83266  4.99985   768
1042.00  0.03209  0.03178  0.00639  0.80968  -236.74666  -238.55745  4.99985   768
1043.00  0.03207  0.03178  0.00583  0.80968  -237.68660  -239.49281  4.99985   768
1044.00  0.03207  0.03178  0.00541  0.80968  -238.31221  -240.15504  4.99985   768
1045.00  0.03208  0.03178  0.00537  0.80968  -238.40987  -240.30916  4.99985   768
1046.00  0.03209  0.03178  0.00569  0.80968  -237.98262  -239.93227  4.99985   768
1047.00  0.03208  0.03178  0.00638  0.80968  -236.94960  -238.89925  4.99985   768
1048.00  0.03208  0.03178  0.00700  0.80968  -235.97304  -237.91505  4.99985   768
1049.00  0.03208  0.03178  0.00724  0.80968  -235.58699  -237.50612  4.99985   768
1050.00  0.03207  0.03178  0.00713  0.80968  -235.73500  -237.59309  4.99985   768
1051.00  0.03209  0.03178  0.00684  0.80968  -236.14088  -237.98677  4.99985   768
1052.00  0.03208  0.03178  0.00612  0.80968  -237.19984  -239.01216  4.99985   768
1053.00  0.03206  0.03178  0.00563  0.80968  -237.96889  -239.81630  4.99985   768
1054.00  0.03208  0.03178  0.00537  0.80968  -238.39918  -240.28169  4.99985   768
1055.00  0.03207  0.03178  0.00559  0.80968  -238.10622  -240.00703  4.99985   768
1056.00  0.03208  0.03178  0.00618  0.80968  -237.25325  -239.21358  4.99985   768
1057.00  0.03207  0.03178  0.00682  0.80968  -236.24159  -238.16682  4.99985   768
1058.00  0.03207  0.03178  0.00722  0.80968  -235.56868  -237.48323  4.99985   768
1059.00  0.03209  0.03178  0.00734  0.80968  -235.39168  -237.26198  4.99985   768
1060.00  0.03208  0.03178  0.00698  0.80968  -235.86928  -237.68617  4.99985   768
1061.00  0.03207  0.03178  0.00641  0.80968  -236.76497  -238.59407  4.99985   768
1062.00  0.03207  0.03178  0.00579  0.80968  -237.70796  -239.55537  4.99985   768
1063.00  0.03209  0.03178  0.00535  0.80968  -238.40376  -240.26033  4.99985   768
1064.00  0.03209  0.03178  0.00535  0.80968  -238.46480  -240.39308  4.99985   768
1065.00  0.03207  0.03178  0.00572  0.80968  -237.95363  -239.88191  4.99985   768
1066.00  0.03207  0.03178  0.00643  0.80968  -236.84584  -238.81837  4.99985   768
1067.00  0.03207  0.03178  0.00699  0.80968  -235.97609  -237.91658  4.99985   768
1068.00  0.03207  0.03178  0.00717  0.80968  -235.65871  -237.54884  4.99985   768
1069.00  0.03208  0.03178  0.00707  0.80968  -235.76857  -237.64040  4.99985   768
1070.00  0.03207  0.03178  0.00657  0.80968  -236.50709  -238.32704  4.99985   768
1071.00  0.03207  0.03178  0.00588  0.80968  -237.57674  -239.40736  4.99985   768
1072.00  0.03207  0.03178  0.00540  0.80968  -238.32899  -240.16878  4.99985   768
1073.00  0.03207  0.03178  0.00522  0.80968  -238.64790  -240.53346  4.99985   768
1074.00  0.03208  0.03178  0.00550  0.80968  -238.26948  -240.17335  4.99985   768
1075.00  0.03208  0.03178  0.00612  0.80968  -237.35854  -239.29903  4.99985   768
1076.00  0.03207  0.03178  0.00677  0.80968  -236.33925  -238.28737  4.99985   768
1077.00  0.03207  0.03178  0.00728  0.80968  -235.54121  -237.46339  4.99985   768
1078.00  0.03208  0.03178  0.00733  0.80968  -235.35200  -237.19636  4.99985   768
1079.00  0.03207  0.03178  0.00698  0.80968  -235.92573  -237.75026  4.99985   768
1080.00  0.03208  0.03178  0.00637  0.80968  -236.84279  -238.67189  4.99985   768
1081.00  0.03207  0.03178  0.00577  0.80968  -237.74000  -239.60878  4.99985   768
1082.00  0.03207  0.03178  0.00534  0.80968  -238.47700  -240.35341  4.99985   768
1083.00  0.03207  0.03178  0.00548  0.80968  -238.28474  -240.20692  4.99985   768
1084.00  0.03207  0.03178  0.00592  0.80968  -237.63014  -239.58742  4.99985   768
1085.00  0.03207  0.03178  0.00661  0.80968  -236.60475  -238.56813  4.99985   768
1086.00  0.03207  0.03178  0.00715  0.80968  -235.78535  -237.70296  4.99985   768
1087.00  0.03209  0.03178  0.00754  0.80968  -235.12007  -237.03462  4.99985   768
1088.00  0.03208  0.03178  0.00736  0.80968  -235.31081  -237.15974  4.99985   768
1089.00  0.03207  0.03178  0.00677  0.80968  -236.21870  -238.04475  4.99985   768
1090.00  0.03207  0.03178  0.00604  0.80968  -237.30513  -239.10219  4.99985   768
1091.00  0.03207  0.03178  0.00550  0.80968  -238.16267  -239.98720  4.99985   768
1092.00  0.03208  0.03178  0.00535  0.80968  -238.46480  -240.35646  4.99985   768
1093.00  0.03208  0.03178  0.00562  0.80968  -238.09096  -239.99788  4.99985   768
1094.00  0.03207  0.03178  0.00627  0.80968  -237.07625  -239.05031  4.99985   768
1095.00  0.03208  0.03178  0.00685  0.80968  -236.20802  -238.15004  4.99985   768
1096.00  0.03206  0.03178  0.00732  0.80968  -235.45882  -237.37642  4.99985   768
1097.00  0.03207  0.03178  0.00724  0.80968  -235.50764  -237.38252  4.99985   768
1098.00  0.03207  0.03178  0.00695  0.80968  -235.93794  -237.79756  4.99985   768
1099.00  0.03208  0.03178  0.00635  0.80968  -236.87483  -238.71309  4.99985   768
1100.00  0.03207  0.03178  0.00566  0.80968  -237.93227  -239.77205  4.99985   768
1101.00  0.03207  0.03178  0.00531  0.80968  -238.54414  -240.41902  4.99985   768
1102.00  0.03207  0.03178  0.00538  0.80968  -238.42055  -240.33510  4.99985   768
1103.00  0.03206  0.03178  0.00582  0.80968  -237.79951  -239.74763  4.99985   768
1104.00  0.03207  0.03178  0.00664  0.80968  -236.57881  -238.54524  4.99985   768
1105.00  0.03207  0.03178  0.00724  0.80968  -235.61140  -237.53358  4.99985   768
1106.00  0.03208  0.03178  0.00736  0.80968  -235.32301  -237.18874  4.99985   768
1107.00  0.03208  0.03178  0.00722  0.80968  -235.56105  -237.43135  4.99985   768
1108.00  0.03207  0.03178  0.00671  0.80968  -236.25532  -238.06612  4.99985   768
1109.00  0.03207  0.03178  0.00612  0.80968  -237.23952  -239.05183  4.99985   768
1110.00  0.03207  0.03178  0.00562  0.80968  -237.97804  -239.81172  4.99985   768
1111.00  0.03208  0.03178  0.00549  0.80968  -238.25575  -240.13826  4.99985   768
1112.00  0.03207  0.03178  0.00579  0.80968  -237.84224  -239.75679  4.99985   768
1113.00  0.03207  0.03178  0.00636  0.80968  -236.95265  -238.90840  4.99985   768
1114.00  0.03206  0.03178  0.00713  0.80968  -235.78993  -237.74263  4.99985   768
1115.00  0.03208  0.03178  0.00748  0.80968  -235.21315  -237.14143  4.99985   768
1116.00  0.03207  0.03178  0.00745  0.80968  -235.23146  -237.10329  4.99985   768
1117.00  0.03207  0.03178  0.00706  0.80968  -235.79756  -237.63277  4.99985   768
1118.00  0.03207  0.03178  0.00649  0.80968  -236.63222  -238.49184  4.99985   768
1119.00  0.03205  0.03178  0.00581  0.80968  -237.68813  -239.50655  4.99985   768
1120.00  0.03208  0.03178  0.00547  0.80968  -238.23744  -240.11995  4.99985   768
1121.00  0.03206  0.03178  0.00553  0.80968  -238.19929  -240.10622  4.99985   768
1122.00  0.03207  0.03178  0.00603  0.80968  -237.45467  -239.38142  4.99985   768
1123.00  0.03206  0.03178  0.00669  0.80968  -236.45827  -238.40333  4.99985   768
1124.00  0.03207  0.03178  0.00716  0.80968  -235.72432  -237.63124  4.99985   768
1125.00  0.03208  0.03178  0.00740  0.80968  -235.28792  -237.17958  4.99985   768
1126.00  0.03206  0.03178  0.00711  0.80968  -235.72127  -237.54121  4.99985   768
1127.00  0.03207  0.03178  0.00666  0.80968  -236.38502  -238.22481  4.99985   768
1128.00  0.03207  0.03178  0.00601  0.80968  -237.37074  -239.19832  4.99985   768
1129.00  0.03207  0.03178  0.00549  0.80968  -238.21761  -240.05586  4.99985   768
1130.00  0.03207  0.03178  0.00531  0.80968  -238.51515  -240.42055  4.99985   768
1131.00  0.03207  0.03178  0.00554  0.80968  -238.22066  -240.15047  4.99985   768
1132.00  0.03207  0.03178  0.00621  0.80968  -237.25020  -239.23189  4.99985   768
1133.00  0.03207  0.03178  0.00682  0.80968  -236.25685  -238.18971  4.99985   768
1134.00  0.03208  0.03178  0.00725  0.80968  -235.59004  -237.52138  4.99985   768
1135.00  0.03207  0.03178  0.00729  0.80968  -235.45576  -237.34895  4.99985   768
1136.00  0.03207  0.03178  0.00687  0.80968  -236.04628  -237.86317  4.99985   768
1137.00  0.03207  0.03178  0.00626  0.80968  -237.01979  -238.85957  4.99985   768
1138.00  0.03207  0.03178  0.00574  0.80968  -237.78273  -239.61946  4.99985   768
1139.00  0.03208  0.03178  0.00539  0.80968  -238.34578  -240.21303  4.99985   768
1140.00  0.03207  0.03178  0.00564  0.80968  -238.05891  -239.97194  4.99985   768
1141.00  0.03208  0.03178  0.00611  0.80968  -237.34022  -239.24715  4.99985   768
1142.00  0.03208  0.03178  0.00681  0.80968  -236.27669  -238.23091  4.99985   768
1143.00  0.03207  0.03178  0.00729  0.80968  -235.53664  -237.45119  4.99985   768
1144.00  0.03207  0.03178  0.00750  0.80968  -235.14601  -237.02547  4.99985   768
1145.00  0.03207  0.03178  0.00726  0.80968  -235.52443  -237.37184  4.99985   768
1146.00  0.03207  0.03178  0.00669  0.80968  -236.32399  -238.15767  4.99985   768
1147.00  0.03206  0.03178  0.00598  0.80968  -237.41347  -239.23494  4.99985   768
1148.00  0.03206  0.03178  0.00557  0.80968  -238.12300  -239.99635  4.99985   768
1149.00  0.03206  0.03178  0.00534  0.80968  -238.46938  -240.36714  4.99985   768
1150.00  0.03206  0.03178  0.00575  0.80968  -237.91090  -239.85750  4.99985   768
1151.00  0.03208  0.03178  0.00636  0.80968  -236.95570  -238.89467  4.99985   768
1152.00  0.03206  0.03178  0.00689  0.80968  -236.15156  -238.09511  4.99985   768
1153.00  0.03207  0.03178  0.00724  0.80968  -235.59920  -237.50764  4.99985   768
1154.00  0.03207  0.03178  0.00716  0.80968  -235.66634  -237.53664  4.99985   768
1155.00  0.03207  0.03178  0.00684  0.80968  -236.09053  -237.91505  4.99985   768
1156.00  0.03207  0.03178  0.00608  0.80968  -237.25325  -239.05641  4.99985   768
1157.00  0.03207  0.03178  0.00561  0.80968  -238.01619  -239.84834  4.99985   768
1158.00  0.03207  0.03178  0.00526  0.80968  -238.56093  -240.41444  4.99985   768
1159.00  0.03207  0.03178  0.00543  0.80968  -238.38850  -240.29542  4.99985   768
1160.00  0.03206  0.03178  0.00593  0.80968  -237.58894  -239.54622  4.99985   768
1161.00  0.03207  0.03178  0.00665  0.80968  -236.54829  -238.49641  4.99985   768
1162.00  0.03206  0.03178  0.00710  0.80968  -235.79604  -237.71364  4.99985   768
1163.00  0.03207  0.03178  0.00727  0.80968  -235.49696  -237.39625  4.99985   768
1164.00  0.03207  0.03178  0.00704  0.80968  -235.83876  -237.72127  4.99985   768
1165.00  0.03208  0.03178  0.00648  0.80968  -236.67952  -238.50557  4.99985   768
1166.00  0.03206  0.03178  0.00582  0.80968  -237.66371  -239.49434  4.99985   768
1167.00  0.03207  0.03178  0.00544  0.80968  -238.31374  -240.18861  4.99985   768
1168.00  0.03207  0.03178  0.00543  0.80968  -238.35036  -240.24355  4.99985   768
1169.00  0.03207  0.03178  0.00580  0.80968  -237.83614  -239.77815  4.99985   768
1170.00  0.03207  0.03178  0.00642  0.80968  -236.89925  -238.83821  4.99985   768
1171.00  0.03206  0.03178  0.00703  0.80968  -235.87538  -237.82198  4.99985   768
1172.00  0.03207  0.03178  0.00736  0.80968  -235.39168  -237.28029  4.99985   768
1173.00  0.03207  0.03178  0.00722  0.80968  -235.51680  -237.35200  4.99985   768
1174.00  0.03207  0.03178  0.00684  0.80968  -236.12562  -237.95778  4.99985   768
1175.00  0.03207  0.03178  0.00619  0.80968  -237.08693  -238.90688  4.99985   768
1176.00  0.03206  0.03178  0.00569  0.80968  -237.84682  -239.68965  4.99985   768
1177.00  0.03208  0.03178  0.00547  0.80968  -238.28474  -240.14741  4.99985   768
1178.00  0.03207  0.03178  0.00560  0.80968  -238.07722  -240.00246  4.99985   768
1179.00  0.03207  0.03178  0.00616  0.80968  -237.26851  -239.22273  4.99985   768
1180.00  0.03207  0.03178  0.00679  0.80968  -236.31789  -238.26448  4.99985   768
1181.00  0.03207  0.03178  0.00714  0.80968  -235.70448  -237.61598  4.99985   768
1182.00  0.03207  0.03178  0.00721  0.80968  -235.58699  -237.47407  4.99985   768
1183.00  0.03206  0.03178  0.00695  0.80968  -236.00661  -237.88301  4.99985   768
1184.00  0.03206  0.03178  0.00641  0.80968  -236.77107  -238.60780  4.99985   768
1185.00  0.03206  0.03178  0.00583  0.80968  -237.66829  -239.52028  4.99985   768
1186.00  0.03207  0.03178  0.00542  0.80968  -238.29085  -240.14894  4.99985   768
1187.00  0.03208  0.03178  0.00544  0.80968  -238.36867  -240.26796  4.99985   768
1188.00  0.03207  0.03178  0.00585  0.80968  -237.74763  -239.68660  4.99985   768
1189.00  0.03207  0.03178  0.00654  0.80968  -236.68715  -238.62306  4.99985   768
1190.00  0.03206  0.03178  0.00710  0.80968  -235.80672  -237.72127  4.99985   768
1191.00  0.03207  0.03178  0.00732  0.80968  -235.44203  -237.33064  4.99985   768
1192.00  0.03207  0.03178  0.00714  0.80968  -235.68770  -237.52138  4.99985   768
1193.00  0.03207  0.03178  0.00673  0.80968  -236.28432  -238.11342  4.99985   768
1194.00  0.03208  0.03178  0.00614  0.80968  -237.21815  -239.03963  4.99985   768
1195.00  0.03207  0.03178  0.00562  0.80968  -238.02534  -239.87886  4.99985   768
1196.00  0.03206  0.03178  0.00542  0.80968  -238.34883  -240.22676  4.99985   768
1197.00  0.03207  0.03178  0.00565  0.80968  -238.07112  -240.00093  4.99985   768
1198.00  0.03207  0.03178  0.00625  0.80968  -237.15407  -239.11592  4.99985   768
1199.00  0.03207  0.03178  0.00687  0.80968  -236.17140  -238.10884  4.99985   768
1200.00  0.03207  0.03178  0.00731  0.80968  -235.45882  -237.39625  4.99985   768
1201.00  0.03208  0.03178  0.00735  0.80968  -235.39015  -237.27724  4.99985   768
1202.00  0.03207  0.03178  0.00698  0.80968  -235.92879  -237.76094  4.99985   768
1203.00  0.03207  0.03178  0.00633  0.80968  -236.87941  -238.70546  4.99985   768
1204.00  0.03206  0.03178  0.00573  0.80968  -237.84529  -239.68813  4.99985   768
1205.00  0.03207  0.03178  0.00530  0.80968  -238.46632  -240.31984  4.99985   768
1206.00  0.03207  0.03178  0.00541  0.80968  -238.40681  -240.30611  4.99985   768
1207.00  0.03207  0.03178  0.00580  0.80968  -237.80562  -239.73238  4.99985   768
1208.00  0.03206  0.03178  0.00653  0.80968  -236.71767  -238.65510  4.99985   768
1209.00  0.03207  0.03178  0.00709  0.80968  -235.81129  -237.72737  4.99985   768
1210.00  0.03206  0.03178  0.00731  0.80968  -235.44966  -237.33217  4.99985   768
1211.00  0.03207  0.03178  0.00726  0.80968  -235.46492  -237.33369  4.99985   768
1212.00  0.03206  0.03178  0.00671  0.80968  -236.33467  -238.14088  4.99985   768
1213.00  0.03206  0.03178  0.00602  0.80968  -237.32497  -239.15559  4.99985   768
1214.00  0.03207  0.03178  0.00549  0.80968  -238.21761  -240.06807  4.99985   768
1215.00  0.03207  0.03178  0.00534  0.80968  -238.50905  -240.39918  4.99985   768
1216.00  0.03207  0.03178  0.00559  0.80968  -238.13673  -240.07112  4.99985   768
1217.00  0.03207  0.03178  0.00629  0.80968  -237.11592  -239.09761  4.99985   768
1218.00  0.03207  0.03178  0.00695  0.80968  -236.05238  -238.00508  4.99985   768
1219.00  0.03206  0.03178  0.00735  0.80968  -235.40541  -237.30623  4.99985   768
1220.00  0.03207  0.03178  0.00744  0.80968  -235.31081  -237.17653  4.99985   768
1221.00  0.03206  0.03178  0.00710  0.80968  -235.67702  -237.52138  4.99985   768
1222.00  0.03208  0.03178  0.00649  0.80968  -236.62154  -238.43080  4.99985   768
1223.00  0.03207  0.03178  0.00584  0.80968  -237.66219  -239.48823  4.99985   768
1224.00  0.03207  0.03178  0.00536  0.80968  -238.38087  -240.22371  4.99985   768
1225.00  0.03207  0.03178  0.00544  0.80968  -238.34730  -240.26186  4.99985   768
1226.00  0.03208  0.03178  0.00590  0.80968  -237.66829  -239.60725  4.99985   768
1227.00  0.03207  0.03178  0.00660  0.80968  -236.57729  -238.51472  4.99985   768
1228.00  0.03207  0.03178  0.00713  0.80968  -235.75789  -237.69838  4.99985   768
1229.00  0.03206  0.03178  0.00746  0.80968  -235.23146  -237.14143  4.99985   768
1230.00  0.03206  0.03178  0.00726  0.80968  -235.47560  -237.32759  4.99985   768
1231.00  0.03208  0.03178  0.00669  0.80968  -236.33620  -238.16682  4.99985   768
1232.00  0.03207  0.03178  0.00604  0.80968  -237.31581  -239.13576  4.99985   768
1233.00  0.03207  0.03178  0.00547  0.80968  -238.23744  -240.09401  4.99985   768
1234.00  0.03206  0.03178  0.00523  0.80968  -238.62501  -240.51668  4.99985   768
1235.00  0.03208  0.03178  0.00553  0.80968  -238.23286  -240.16725  4.99985   768
1236.00  0.03205  0.03178  0.00610  0.80968  -237.39668  -239.35243  4.99985   768
1237.00  0.03207  0.03178  0.00675  0.80968  -236.36824  -238.31331  4.99985   768
1238.00  0.03207  0.03178  0.00722  0.80968  -235.60988  -237.52138  4.99985   768
1239.00  0.03207  0.03178  0.00724  0.80968  -235.52443  -237.39015  4.99985   768
1240.00  0.03206  0.03178  0.00687  0.80968  -236.05696  -237.88759  4.99985   768
1241.00  0.03207  0.03178  0.00630  0.80968  -236.91756  -238.72835  4.99985   768
1242.00  0.03207  0.03178  0.00573  0.80968  -237.84987  -239.68507  4.99985   768
1243.00  0.03207  0.03178  0.00548  0.80968  -238.22371  -240.07722  4.99985   768
1244.00  0.03206  0.03178  0.00552  0.80968  -238.22066  -240.12147  4.99985   768
1245.00  0.03207  0.03178  0.00603  0.80968  -237.47298  -239.41499  4.99985   768
1246.00  0.03207  0.03178  0.00668  0.80968  -236.51167  -238.48268  4.99985   768
1247.00  0.03207  0.03178  0.00726  0.80968  -235.54274  -237.47865  4.99985   768
1248.00  0.03206  0.03178  0.00755  0.80968  -235.10634  -237.01326  4.99985   768
1249.00  0.03206  0.03178  0.00732  0.80968  -235.37184  -237.23451  4.99985   768
1250.00  0.03206  0.03178  0.00679  0.80968  -236.20192  -238.02644  4.99985   768
1251.00  0.03206  0.03178  0.00614  0.80968  -237.16627  -239.00911  4.99985   768
1252.00  0.03206  0.03178  0.00565  0.80968  -237.98872  -239.83766  4.99985   768
1253.00  0.03207  0.03178  0.00552  0.80968  -238.25423  -240.15810  4.99985   768
1254.00  0.03207  0.03178  0.00580  0.80968  -237.79036  -239.70644  4.99985   768
1255.00  0.03205  0.03178  0.00633  0.80968  -237.00758  -238.94197  4.99985   768
1256.00  0.03206  0.03178  0.00697  0.80968  -236.01576  -237.94099  4.99985   768
1257.00  0.03207  0.03178  0.00733  0.80968  -235.44051  -237.33522  4.99985   768
1258.00  0.03206  0.03178  0.00726  0.80968  -235.46950  -237.32759  4.99985   768
1259.00  0.03206  0.03178  0.00696  0.80968  -235.89064  -237.71669  4.99985   768
1260.00  0.03207  0.03178  0.00631  0.80968  -236.89162  -238.73140  4.99985   768
1261.00  0.03207  0.03178  0.00575  0.80968  -237.78273  -239.62251  4.99985   768
1262.00  0.03206  0.03178  0.00542  0.80968  -238.30458  -240.16267  4.99985   768
1263.00  0.03205  0.03178  0.00548  0.80968  -238.29390  -240.19929  4.99985   768
1264.00  0.03206  0.03178  0.00594  0.80968  -237.61946  -239.57216  4.99985   768
1265.00  0.03206  0.03178  0.00661  0.80968  -236.57576  -238.53456  4.99985   768
1266.00  0.03207  0.03178  0.00702  0.80968  -235.96388  -237.89217  4.99985   768
1267.00  0.03205  0.03178  0.00721  0.80968  -235.57326  -237.49391  4.99985   768
1268.00  0.03207  0.03178  0.00707  0.80968  -235.79146  -237.64497  4.99985   768
1269.00  0.03206  0.03178  0.00655  0.80968  -236.54372  -238.38197  4.99985   768
1270.00  0.03206  0.03178  0.00595  0.80968  -237.47755  -239.30513  4.99985   768
1271.00  0.03206  0.03178  0.00546  0.80968  -238.28322  -240.13216  4.99985   768
1272.00  0.03206  0.03178  0.00538  0.80968  -238.41139  -240.29237  4.99985   768
1273.00  0.03207  0.03178  0.00575  0.80968  -237.90327  -239.83308  4.99985   768
1274.00  0.03207  0.03178  0.00640  0.80968  -236.87941  -238.82448  4.99985   768
1275.00  0.03206  0.03178  0.00694  0.80968  -236.06612  -237.98067  4.99985   768
1276.00  0.03207  0.03178  0.00723  0.80968  -235.53358  -237.42830  4.99985   768
1277.00  0.03206  0.03178  0.00720  0.80968  -235.56868  -237.45119  4.99985   768
1278.00  0.03206  0.03178  0.00686  0.80968  -236.08595  -237.91963  4.99985   768
1279.00  0.03207  0.03178  0.00638  0.80968  -236.77870  -238.62306  4.99985   768
1280.00  0.03207  0.03178  0.00580  0.80968  -237.74458  -239.59962  4.99985   768
1281.00  0.03206  0.03178  0.00560  0.80968  -238.05128  -239.93990  4.99985   768
1282.00  0.03206  0.03178  0.00566  0.80968  -238.03145  -239.96126  4.99985   768
1283.00  0.03207  0.03178  0.00621  0.80968  -237.21968  -239.17390  4.99985   768
1284.00  0.03207  0.03178  0.00687  0.80968  -236.17140  -238.13783  4.99985   768
1285.00  0.03207  0.03178  0.00718  0.80968  -235.64497  -237.54884  4.99985   768
1286.00  0.03208  0.03178  0.00725  0.80968  -235.52748  -237.40846  4.99985   768
1287.00  0.03207  0.03178  0.00712  0.80968  -235.72127  -237.58089  4.99985   768
1288.00  0.03206  0.03178  0.00650  0.80968  -236.59865  -238.40028  4.99985   768
1289.00  0.03207  0.03178  0.00582  0.80968  -237.63625  -239.45009  4.99985   768
1290.00  0.03207  0.03178  0.00545  0.80968  -238.28169  -240.13521  4.99985   768
1291.00  0.03206  0.03178  0.00540  0.80968  -238.40224  -240.29237  4.99985   768
1292.00  0.03206  0.03178  0.00576  0.80968  -237.84224  -239.75221  4.99985   768
1293.00  0.03206  0.03178  0.00640  0.80968  -236.91908  -238.87331  4.99985   768
1294.00  0.03207  0.03178  0.00698  0.80968  -235.98830  -237.90590  4.99985   768
1295.00  0.03205  0.03178  0.00723  0.80968  -235.57326  -237.47560  4.99985   768
1296.00  0.03206  0.03178  0.00710  0.80968  -235.70906  -237.56410  4.99985   768
1297.00  0.03205  0.03178  0.00667  0.80968  -236.36824  -238.22481  4.99985   768
1298.00  0.03206  0.03178  0.00608  0.80968  -237.28072  -239.10677  4.99985   768
1299.00  0.03205  0.03178  0.00551  0.80968  -238.17335  -240.02840  4.99985   768
1300.00  0.03205  0.03178  0.00531  0.80968  -238.53957  -240.41750  4.99985   768
1301.00  0.03206  0.03178  0.00555  0.80968  -238.18861  -240.12453  4.99985   768
1302.00  0.03206  0.03178  0.00618  0.80968  -237.28377  -239.22426  4.99985   768
1303.00  0.03206  0.03178  0.00684  0.80968  -236.17598  -238.12715  4.99985   768
1304.00  0.03206  0.03178  0.00718  0.80968  -235.63277  -237.52901  4.99985   768
1305.00  0.03206  0.03178  0.00723  0.80968  -235.57783  -237.44508  4.99985   768
1306.00  0.03205  0.03178  0.00697  0.80968  -235.89827  -237.73347  4.99985   768
1307.00  0.03207  0.03178  0.00644  0.80968  -236.74361  -238.56813  4.99985   768
1308.00  0.03206  0.03178  0.00590  0.80968  -237.50960  -239.33260  4.99985   768
1309.00  0.03206  0.03178  0.00555  0.80968  -238.10927  -239.98262  4.99985   768
1310.00  0.03206  0.03178  0.00546  0.80968  -238.29390  -240.16573  4.99985   768
1311.00  0.03207  0.03178  0.00596  0.80968  -237.60420  -239.53554  4.99985   768
1312.00  0.03206  0.03178  0.00667  0.80968  -236.45979  -238.42317  4.99985   768
1313.00  0.03207  0.03178  0.00721  0.80968  -235.65260  -237.59462  4.99985   768
1314.00  0.03206  0.03178  0.00741  0.80968  -235.27876  -237.16890  4.99985   768
1315.00  0.03206  0.03178  0.00731  0.80968  -235.42677  -237.30928  4.99985   768
1316.00  0.03207  0.03178  0.00674  0.80968  -236.29042  -238.13173  4.99985   768
1317.00  0.03206  0.03178  0.00620  0.80968  -237.13271  -238.96638  4.99985   768
1318.00  0.03206  0.03178  0.00563  0.80968  -237.98415  -239.85292  4.99985   768
1319.00  0.03206  0.03178  0.00541  0.80968  -238.29848  -240.18556  4.99985   768
1320.00  0.03205  0.03178  0.00563  0.80968  -238.11537  -240.04213  4.99985   768
1321.00  0.03207  0.03178  0.00621  0.80968  -237.18916  -239.11897  4.99985   768
1322.00  0.03205  0.03178  0.00685  0.80968  -236.20344  -238.13631  4.99985   768
1323.00  0.03206  0.03178  0.00734  0.80968  -235.40846  -237.31081  4.99985   768
1324.00  0.03207  0.03178  0.00729  0.80968  -235.48476  -237.33217  4.99985   768
1325.00  0.03206  0.03178  0.00689  0.80968  -236.02034  -237.85097  4.99985   768
1326.00  0.03207  0.03178  0.00635  0.80968  -236.90688  -238.71919  4.99985   768
1327.00  0.03205  0.03178  0.00578  0.80968  -237.70338  -239.52028  4.99985   768
1328.00  0.03206  0.03178  0.00536  0.80968  -238.41597  -240.27559  4.99985   768
1329.00  0.03206  0.03178  0.00543  0.80968  -238.37019  -240.28474  4.99985   768
1330.00  0.03206  0.03178  0.00598  0.80968  -237.52943  -239.49892  4.99985   768
1331.00  0.03207  0.03178  0.00664  0.80968  -236.54066  -238.49031  4.99985   768
1332.00  0.03206  0.03178  0.00721  0.80968  -235.66939  -237.61446  4.99985   768
1333.00  0.03206  0.03178  0.00750  0.80968  -235.20552  -237.10786  4.99985   768
1334.00  0.03206  0.03178  0.00725  0.80968  -235.47865  -237.35048  4.99985   768
1335.00  0.03206  0.03178  0.00670  0.80968  -236.29500  -238.11952  4.99985   768
1336.00  0.03205  0.03178  0.00612  0.80968  -237.21968  -239.04726  4.99985   768
1337.00  0.03207  0.03178  0.00556  0.80968  -238.10622  -239.95210  4.99985   768
1338.00  0.03206  0.03178  0.00538  0.80968  -238.38393  -240.28322  4.99985   768
1339.00  0.03205  0.03178  0.00572  0.80968  -237.93684  -239.84224  4.99985   768
1340.00  0.03206  0.03178  0.00626  0.80968  -237.10982  -239.05336  4.99985   768
1341.00  0.03206  0.03178  0.00691  0.80968  -236.11800  -238.04628  4.99985   768
1342.00  0.03207  0.03178  0.00737  0.80968  -235.36421  -237.27266  4.99985   768
1343.00  0.03207  0.03178  0.00736  0.80968  -235.34590  -237.19636  4.99985   768
1344.00  0.03207  0.03178  0.00694  0.80968  -235.97914  -237.81282  4.99985   768
1345.00  0.03205  0.03178  0.00635  0.80968  -236.83058  -238.65510  4.99985   768
1346.00  0.03205  0.03178  0.00576  0.80968  -237.77663  -239.61488  4.99985   768
1347.00  0.03205  0.03178  0.00533  0.80968  -238.45869  -240.32136  4.99985   768
1348.00  0.03207  0.03178  0.00546  0.80968  -238.33815  -240.25575  4.99985   768
1349.00  0.03205  0.03178  0.00588  0.80968  -237.69575  -239.64693  4.99985   768
1350.00  0.03206  0.03178  0.00660  0.80968  -236.63069  -238.59560  4.99985   768
1351.00  0.03206  0.03178  0.00723  0.80968  -235.62819  -237.56563  4.99985   768
1352.00  0.03205  0.03178  0.00743  0.80968  -235.26503  -237.16127  4.99985   768
1353.00  0.03206  0.03178  0.00722  0.80968  -235.55952  -237.40236  4.99985   768
1354.00  0.03207  0.03178  0.00668  0.80968  -236.35756  -238.18971  4.99985   768
1355.00  0.03206  0.03178  0.00593  0.80968  -237.50044  -239.31123  4.99985   768
1356.00  0.03205  0.03178  0.00550  0.80968  -238.18861  -240.03145  4.99985   768
1357.00  0.03206  0.03178  0.00538  0.80968  -238.43733  -240.33052  4.99985   768
1358.00  0.03207  0.03178  0.00568  0.80968  -237.98872  -239.87428  4.99985   768
1359.00  0.03205  0.03178  0.00631  0.80968  -237.05336  -239.01979  4.99985   768
1360.00  0.03206  0.03178  0.00701  0.80968  -235.95930  -237.88759  4.99985   768
1361.00  0.03206  0.03178  0.00746  0.80968  -235.26961  -237.18568  4.99985   768
1362.00  0.03206  0.03178  0.00746  0.80968  -235.14906  -237.01021  4.99985   768
1363.00  0.03206  0.03178  0.00703  0.80968  -235.84944  -237.69838  4.99985   768
1364.00  0.03206  0.03178  0.00640  0.80968  -236.77565  -238.60628  4.99985   768
1365.00  0.03206  0.03178  0.00572  0.80968  -237.83614  -239.66829  4.99985   768
1366.00  0.03206  0.03178  0.00545  0.80968  -238.31221  -240.19929  4.99985   768
1367.00  0.03206  0.03178  0.00560  0.80968  -238.10316  -240.01771  4.99985   768
1368.00  0.03205  0.03178  0.00602  0.80968  -237.47298  -239.43483  4.99985   768
1369.00  0.03207  0.03178  0.00670  0.80968  -236.42012  -238.40486  4.99985   768
1370.00  0.03206  0.03178  0.00720  0.80968  -235.66176  -237.55647  4.99985   768
1371.00  0.03205  0.03178  0.00737  0.80968  -235.31691  -237.20857  4.99985   768
1372.00  0.03205  0.03178  0.00718  0.80968  -235.61751  -237.46492  4.99985   768
1373.00  0.03205  0.03178  0.00664  0.80968  -236.41402  -238.24464  4.99985   768
1374.00  0.03206  0.03178  0.00595  0.80968  -237.42567  -239.21968  4.99985   768
1375.00  0.03206  0.03178  0.00543  0.80968  -238.28780  -240.12453  4.99985   768
1376.00  0.03205  0.03178  0.00537  0.80968  -238.45869  -240.34120  4.99985   768
1377.00  0.03205  0.03178  0.00567  0.80968  -238.00398  -239.91396  4.99985   768
1378.00  0.03205  0.03178  0.00622  0.80968  -237.18764  -239.14491  4.99985   768
1379.00  0.03206  0.03178  0.00686  0.80968  -236.20955  -238.15309  4.99985   768
1380.00  0.03206  0.03178  0.00721  0.80968  -235.62819  -237.53511  4.99985   768
1381.00  0.03207  0.03178  0.00717  0.80968  -235.64192  -237.50917  4.99985   768
1382.00  0.03205  0.03178  0.00674  0.80968  -236.29347  -238.14241  4.99985   768
1383.00  0.03206  0.03178  0.00620  0.80968  -237.08540  -238.92519  4.99985   768
1384.00  0.03207  0.03178  0.00563  0.80968  -237.99635  -239.85139  4.99985   768
1385.00  0.03205  0.03178  0.00535  0.80968  -238.44801  -240.33968  4.99985   768
1386.00  0.03206  0.03178  0.00557  0.80968  -238.17641  -240.08791  4.99985   768
1387.00  0.03207  0.03178  0.00611  0.80968  -237.35548  -239.30208  4.99985   768
1388.00  0.03206  0.03178  0.00682  0.80968  -236.26295  -238.20802  4.99985   768
1389.00  0.03207  0.03178  0.00727  0.80968  -235.57326  -237.48018  4.99985   768
1390.00  0.03206  0.03178  0.00744  0.80968  -235.21925  -237.09108  4.99985   768
1391.00  0.03207  0.03178  0.00716  0.80968  -235.61751  -237.46034  4.99985   768
1392.00  0.03206  0.03178  0.00665  0.80968  -236.38197  -238.19734  4.99985   768
1393.00  0.03206  0.03178  0.00599  0.80968  -237.39058  -239.20595  4.99985   768
1394.00  0.03206  0.03178  0.00560  0.80968  -238.04213  -239.90480  4.99985   768
1395.00  0.03205  0.03178  0.00555  0.80968  -238.15962  -240.04976  4.99985   768
1396.00  0.03206  0.03178  0.00591  0.80968  -237.65150  -239.60115  4.99985   768
1397.00  0.03205  0.03178  0.00658  0.80968  -236.64290  -238.59560  4.99985   768
1398.00  0.03206  0.03178  0.00711  0.80968  -235.80214  -237.74263  4.99985   768
1399.00  0.03205  0.03178  0.00744  0.80968  -235.23909  -237.15669  4.99985   768
1400.00  0.03206  0.03178  0.00722  0.80968  -235.57326  -237.44966  4.99985   768
1401.00  0.03205  0.03178  0.00677  0.80968  -236.20344  -238.03712  4.99985   768
1402.00  0.03205  0.03178  0.00618  0.80968  -237.18001  -239.01674  4.99985   768
1403.00  0.03207  0.03178  0.00566  0.80968  -237.93990  -239.77052  4.99985   768
1404.00  0.03207  0.03178  0.00535  0.80968  -238.48921  -240.37019  4.99985   768
1405.00  0.03207  0.03178  0.00554  0.80968  -238.21608  -240.14284  4.99985   768
1406.00  0.03205  0.03178  0.00606  0.80968  -237.40279  -239.33717  4.99985   768
1407.00  0.03205  0.03178  0.00676  0.80968  -236.32094  -238.25838  4.99985   768
1408.00  0.03206  0.03178  0.00711  0.80968  -235.78078  -237.67091  4.99985   768
1409.00  0.03205  0.03178  0.00719  0.80968  -235.63887  -237.51527  4.99985   768
1410.00  0.03206  0.03178  0.00688  0.80968  -236.04781  -237.88759  4.99985   768
1411.00  0.03205  0.03178  0.00633  0.80968  -236.85805  -238.68104  4.99985   768
1412.00  0.03205  0.03178  0.00571  0.80968  -237.86208  -239.70186  4.99985   768
1413.00  0.03206  0.03178  0.00536  0.80968  -238.44801  -240.31068  4.99985   768
1414.00  0.03205  0.03178  0.00538  0.80968  -238.45412  -240.36104  4.99985   768
1415.00  0.03205  0.03178  0.00572  0.80968  -237.96736  -239.91243  4.99985   768
1416.00  0.03205  0.03178  0.00635  0.80968  -236.98622  -238.96028  4.99985   768
1417.00  0.03206  0.03178  0.00702  0.80968  -235.92116  -237.86775  4.99985   768
1418.00  0.03206  0.03178  0.00733  0.80968  -235.44813  -237.35658  4.99985   768
1419.00  0.03206  0.03178  0.00725  0.80968  -235.50459  -237.36421  4.99985   768
1420.00  0.03206  0.03178  0.00675  0.80968  -236.24464  -238.09663  4.99985   768
1421.00  0.03205  0.03178  0.00613  0.80968  -237.16322  -238.98317  4.99985   768
1422.00  0.03205  0.03178  0.00546  0.80968  -238.23592  -240.07875  4.99985   768
1423.00  0.03205  0.03178  0.00532  0.80968  -238.52126  -240.40529  4.99985   768
1424.00  0.03206  0.03178  0.00559  0.80968  -238.12147  -240.03145  4.99985   768
1425.00  0.03205  0.03178  0.00608  0.80968  -237.37837  -239.29903  4.99985   768
1426.00  0.03206  0.03178  0.00682  0.80968  -236.27821  -238.22328  4.99985   768
1427.00  0.03206  0.03178  0.00724  0.80968  -235.58089  -237.51222  4.99985   768
1428.00  0.03205  0.03178  0.00731  0.80968  -235.43898  -237.30012  4.99985   768
1429.00  0.03205  0.03178  0.00701  0.80968  -235.87080  -237.71516  4.99985   768
1430.00  0.03206  0.03178  0.00639  0.80968  -236.79396  -238.63222  4.99985   768
1431.00  0.03206  0.03178  0.00574  0.80968  -237.80562  -239.64845  4.99985   768
1432.00  0.03205  0.03178  0.00534  0.80968  -238.46022  -240.33357  4.99985   768
1433.00  0.03206  0.03178  0.00542  0.80968  -238.39766  -240.30305  4.99985   768
1434.00  0.03206  0.03178  0.00587  0.80968  -237.75832  -239.71407  4.99985   768
1435.00  0.03206  0.03178  0.00657  0.80968  -236.64595  -238.60780  4.99985   768
1436.00  0.03206  0.03178  0.00708  0.80968  -235.83723  -237.77315  4.99985   768
1437.00  0.03206  0.03178  0.00731  0.80968  -235.49239  -237.40236  4.99985   768
1438.00  0.03205  0.03178  0.00731  0.80968  -235.43135  -237.29250  4.99985   768
1439.00  0.03205  0.03178  0.00679  0.80968  -236.17903  -238.00355  4.99985   768
1440.00  0.03205  0.03178  0.00622  0.80968  -237.07014  -238.87483  4.99985   768
1441.00  0.03205  0.03178  0.00560  0.80968  -237.99025  -239.81477  4.99985   768
1442.00  0.03206  0.03178  0.00529  0.80968  -238.56551  -240.44344  4.99985   768
1443.00  0.03205  0.03178  0.00552  0.80968  -238.23439  -240.12910  4.99985   768
1444.00  0.03205  0.03178  0.00617  0.80968  -237.26698  -239.22121  4.99985   768
1445.00  0.03205  0.03178  0.00676  0.80968  -236.36824  -238.30873  4.99985   768
1446.00  0.03205  0.03178  0.00723  0.80968  -235.59767  -237.53358  4.99985   768
1447.00  0.03206  0.03178  0.00733  0.80968  -235.41304  -237.30012  4.99985   768
1448.00  0.03206  0.03178  0.00701  0.80968  -235.88148  -237.73347  4.99985   768
1449.00  0.03205  0.03178  0.00645  0.80968  -236.70393  -238.52235  4.99985   768
1450.00  0.03205  0.03178  0.00588  0.80968  -237.62099  -239.46687  4.99985   768
1451.00  0.03206  0.03178  0.00543  0.80968  -238.31221  -240.18709  4.99985   768
1452.00  0.03207  0.03178  0.00542  0.80968  -238.39003  -240.28932  4.99985   768
1453.00  0.03205  0.03178  0.00587  0.80968  -237.72169  -239.66524  4.99985   768
1454.00  0.03205  0.03178  0.00652  0.80968  -236.74361  -238.67799  4.99985   768
1455.00  0.03206  0.03178  0.00712  0.80968  -235.78993  -237.72890  4.99985   768
1456.00  0.03205  0.03178  0.00747  0.80968  -235.20857  -237.08345  4.99985   768
1457.00  0.03206  0.03178  0.00725  0.80968  -235.47560  -237.32454  4.99985   768
1458.00  0.03206  0.03178  0.00673  0.80968  -236.27669  -238.07832  4.99985   768
1459.00  0.03205  0.03178  0.00612  0.80968  -237.22731  -239.04115  4.99985   768
1460.00  0.03205  0.03178  0.00560  0.80968  -238.04671  -239.88649  4.99985   768
1461.00  0.03205  0.03178  0.00544  0.80968  -238.30611  -240.18709  4.99985   768
1462.00  0.03205  0.03178  0.00557  0.80968  -238.14436  -240.06197  4.99985   768
1463.00  0.03205  0.03178  0.00616  0.80968  -237.30055  -239.24257  4.99985   768
1464.00  0.03206  0.03178  0.00683  0.80968  -236.25075  -238.22023  4.99985   768
1465.00  0.03205  0.03178  0.00725  0.80968  -235.57783  -237.50612  4.99985   768
1466.00  0.03205  0.03178  0.00739  0.80968  -235.30012  -237.18111  4.99985   768
1467.00  0.03205  0.03178  0.00706  0.80968  -235.79756  -237.66939  4.99985   768
1468.00  0.03206  0.03178  0.00648  0.80968  -236.63222  -238.45827  4.99985   768
1469.00  0.03205  0.03178  0.00579  0.80968  -237.76900  -239.59810  4.99985   768
1470.00  0.03206  0.03178  0.00549  0.80968  -238.27711  -240.14589  4.99985   768
1471.00  0.03206  0.03178  0.00561  0.80968  -238.03908  -239.94752  4.99985   768
1472.00  0.03206  0.03178  0.00597  0.80968  -237.58589  -239.51570  4.99985   768
1473.00  0.03205  0.03178  0.00663  0.80968  -236.54066  -238.48421  4.99985   768
1474.00  0.03205  0.03178  0.00720  0.80968  -235.66786  -237.57631  4.99985   768
1475.00  0.03204  0.03178  0.00731  0.80968  -235.40541  -237.28792  4.99985   768
1476.00  0.03205  0.03178  0.00714  0.80968  -235.66939  -237.50764  4.99985   768
1477.00  0.03205  0.03178  0.00676  0.80968  -236.22481  -238.06459  4.99985   768
1478.00  0.03205  0.03178  0.00602  0.80968  -237.38142  -239.18306  4.99985   768
1479.00  0.03205  0.03178  0.00552  0.80968  -238.14436  -240.01314  4.99985   768
1480.00  0.03205  0.03178  0.00538  0.80968  -238.44038  -240.32899  4.99985   768
1481.00  0.03204  0.03178  0.00562  0.80968  -238.09096  -240.01924  4.99985   768
1482.00  0.03204  0.03178  0.00622  0.80968  -237.20442  -239.17085  4.99985   768
1483.00  0.03205  0.03178  0.00691  0.80968  -236.13020  -238.09511  4.99985   768
1484.00  0.03205  0.03178  0.00727  0.80968  -235.57326  -237.48476  4.99985   768
1485.00  0.03204  0.03178  0.00722  0.80968  -235.56868  -237.46034  4.99985   768
1486.00  0.03205  0.03178  0.00683  0.80968  -236.10274  -237.94862  4.99985   768
1487.00  0.03206  0.03178  0.00626  0.80968  -236.98469  -238.80159  4.99985   768
1488.00  0.03206  0.03178  0.00570  0.80968  -237.89107  -239.72475  4.99985   768
1489.00  0.03204  0.03178  0.00545  0.80968  -238.28169  -240.12758  4.99985   768
1490.00  0.03205  0.03178  0.00561  0.80968  -238.11232  -240.03297  4.99985   768
1491.00  0.03205  0.03178  0.00603  0.80968  -237.46535  -239.37685  4.99985   768
1492.00  0.03206  0.03178  0.00669  0.80968  -236.47810  -238.41859  4.99985   768
1493.00  0.03205  0.03178  0.00717  0.80968  -235.67702  -237.59920  4.99985   768
1494.00  0.03206  0.03178  0.00730  0.80968  -235.47407  -237.36879  4.99985   768
1495.00  0.03204  0.03178  0.00707  0.80968  -235.77620  -237.62514  4.99985   768
1496.00  0.03207  0.03178  0.00653  0.80968  -236.59865  -238.41554  4.99985   768
1497.00  0.03205  0.03178  0.00590  0.80968  -237.54317  -239.39058  4.99985   768
1498.00  0.03206  0.03178  0.00548  0.80968  -238.26948  -240.15047  4.99985   768
1499.00  0.03206  0.03178  0.00541  0.80968  -238.39766  -240.29390  4.99985   768
1500.00  0.03204  0.03178  0.00586  0.80968  -237.73085  -239.68507  4.99985   768
1501.00  0.03204  0.03178  0.00651  0.80968  -236.74513  -238.72224  4.99985   768
1502.00  0.03204  0.03178  0.00718  0.80968  -235.66634  -237.60377  4.99985   768
1503.00  0.03206  0.03178  0.00741  0.80968  -235.32606  -237.22078  4.99985   768
1504.00  0.03206  0.03178  0.00731  0.80968  -235.42982  -237.29250  4.99985   768
1505.00  0.03205  0.03178  0.00680  0.80968  -236.13631  -237.94099  4.99985   768
1506.00  0.03206  0.03178  0.00615  0.80968  -237.17848  -238.98927  4.99985   768
1507.00  0.03206  0.03178  0.00556  0.80968  -238.07417  -239.91396  4.99985   768
1508.00  0.03206  0.03178  0.00532  0.80968  -238.51210  -240.37019  4.99985   768
1509.00  0.03204  0.03178  0.00554  0.80968  -238.16420  -240.06197  4.99985   768
1510.00  0.03205  0.03178  0.00608  0.80968  -237.42262  -239.37685  4.99985   768
1511.00  0.03205  0.03178  0.00684  0.80968  -236.23854  -238.18513  4.99985   768
1512.00  0.03205  0.03178  0.00732  0.80968  -235.44813  -237.37031  4.99985   768
1513.00  0.03205  0.03178  0.00736  0.80968  -235.35963  -237.24519  4.99985   768
1514.00  0.03205  0.03178  0.00706  0.80968  -235.80061  -237.67244  4.99985   768
1515.00  0.03206  0.03178  0.00649  0.80968  -236.61238  -238.43385  4.99985   768
1516.00  0.03205  0.03178  0.00577  0.80968  -237.79494  -239.64082  4.99985   768
1517.00  0.03206  0.03178  0.00534  0.80968  -238.44344  -240.29390  4.99985   768
1518.00  0.03205  0.03178  0.00539  0.80968  -238.45106  -240.36562  4.99985   768
1519.00  0.03204  0.03178  0.00578  0.80968  -237.87733  -239.82698  4.99985   768
1520.00  0.03204  0.03178  0.00655  0.80968  -236.69630  -238.63832  4.99985   768
1521.00  0.03205  0.03178  0.00717  0.80968  -235.72584  -237.65413  4.99985   768
1522.00  0.03206  0.03178  0.00749  0.80968  -235.21315  -237.12160  4.99985   768
1523.00  0.03204  0.03178  0.00739  0.80968  -235.27418  -237.10939  4.99985   768
1524.00  0.03205  0.03178  0.00701  0.80968  -235.83876  -237.68007  4.99985   768
1525.00  0.03204  0.03178  0.00628  0.80968  -236.92976  -238.72530  4.99985   768
1526.00  0.03206  0.03178  0.00563  0.80968  -237.95973  -239.77510  4.99985   768
1527.00  0.03206  0.03178  0.00533  0.80968  -238.49074  -240.36256  4.99985   768
1528.00  0.03205  0.03178  0.00555  0.80968  -238.22066  -240.14589  4.99985   768
1529.00  0.03203  0.03178  0.00611  0.80968  -237.33870  -239.28682  4.99985   768
1530.00  0.03205  0.03178  0.00681  0.80968  -236.28584  -238.22633  4.99985   768
1531.00  0.03206  0.03178  0.00733  0.80968  -235.45882  -237.40083  4.99985   768
1532.00  0.03206  0.03178  0.00742  0.80968  -235.29402  -237.16585  4.99985   768
1533.00  0.03206  0.03178  0.00716  0.80968  -235.66328  -237.52290  4.99985   768
1534.00  0.03205  0.03178  0.00662  0.80968  -236.44911  -238.29500  4.99985   768
1535.00  0.03205  0.03178  0.00594  0.80968  -237.51570  -239.34328  4.99985   768
1536.00  0.03205  0.03178  0.00549  0.80968  -238.18709  -240.05891  4.99985   768
1537.00  0.03205  0.03178  0.00538  0.80968  -238.39003  -240.27864  4.99985   768
1538.00  0.03206  0.03178  0.00575  0.80968  -237.88954  -239.80409  4.99985   768
1539.00  0.03205  0.03178  0.00637  0.80968  -236.93892  -238.89009  4.99985   768
1540.00  0.03205  0.03178  0.00699  0.80968  -235.97761  -237.90590  4.99985   768
1541.00  0.03206  0.03178  0.00734  0.80968  -235.40083  -237.28029  4.99985   768
1542.00  0.03205  0.03178  0.00727  0.80968  -235.47713  -237.33827  4.99985   768
1543.00  0.03206  0.03178  0.00685  0.80968  -236.10579  -237.93336  4.99985   768
1544.00  0.03206  0.03178  0.00623  0.80968  -236.98775  -238.81074  4.99985   768
1545.00  0.03205  0.03178  0.00565  0.80968  -237.95363  -239.80409  4.99985   768
1546.00  0.03205  0.03178  0.00534  0.80968  -238.47548  -240.34578  4.99985   768
1547.00  0.03205  0.03178  0.00549  0.80968  -238.30153  -240.22829  4.99985   768
1548.00  0.03205  0.03178  0.00596  0.80968  -237.56453  -239.51723  4.99985   768
1549.00  0.03206  0.03178  0.00668  0.80968  -236.49336  -238.45979  4.99985   768
1550.00  0.03205  0.03178  0.00718  0.80968  -235.67702  -237.61293  4.99985   768
1551.00  0.03205  0.03178  0.00735  0.80968  -235.35963  -237.24824  4.99985   768
1552.00  0.03204  0.03178  0.00710  0.80968  -235.75484  -237.59920  4.99985   768
1553.00  0.03205  0.03178  0.00654  0.80968  -236.51778  -238.34383  4.99985   768
1554.00  0.03206  0.03178  0.00592  0.80968  -237.50349  -239.34785  4.99985   768
1555.00  0.03206  0.03178  0.00555  0.80968  -238.12758  -239.97041  4.99985   768
1556.00  0.03204  0.03178  0.00546  0.80968  -238.29695  -240.19319  4.99985   768
1557.00  0.03205  0.03178  0.00583  0.80968  -237.78883  -239.71559  4.99985   768
1558.00  0.03205  0.03178  0.00644  0.80968  -236.79854  -238.73598  4.99985   768
1559.00  0.03204  0.03178  0.00703  0.80968  -235.90132  -237.82503  4.99985   768
1560.00  0.03205  0.03178  0.00731  0.80968  -235.44661  -237.33675  4.99985   768
1561.00  0.03205  0.03178  0.00724  0.80968  -235.51222  -237.37794  4.99985   768
1562.00  0.03205  0.03178  0.00676  0.80968  -236.20497  -238.03255  4.99985   768
1563.00  0.03206  0.03178  0.00611  0.80968  -237.24715  -239.08083  4.99985   768
1564.00  0.03205  0.03178  0.00555  0.80968  -238.08028  -239.92616  4.99985   768
1565.00  0.03205  0.03178  0.00529  0.80968  -238.56703  -240.46480  4.99985   768
1566.00  0.03205  0.03178  0.00554  0.80968  -238.24049  -240.18098  4.99985   768
1567.00  0.03205  0.03178  0.00617  0.80968  -237.27919  -239.23341  4.99985   768
1568.00  0.03206  0.03178  0.00674  0.80968  -236.35908  -238.30415  4.99985   768
1569.00  0.03204  0.03178  0.00719  0.80968  -235.70296  -237.63582  4.99985   768
1570.00  0.03206  0.03178  0.00737  0.80968  -235.35353  -237.22993  4.99985   768
1571.00  0.03205  0.03178  0.00702  0.80968  -235.81282  -237.64192  4.99985   768
1572.00  0.03206  0.03178  0.00648  0.80968  -236.68257  -238.50557  4.99985   768
1573.00  0.03205  0.03178  0.00588  0.80968  -237.52943  -239.36311  4.99985   768
1574.00  0.03205  0.03178  0.00543  0.80968  -238.31374  -240.16573  4.99985   768
1575.00  0.03205  0.03178  0.00543  0.80968  -238.32289  -240.21761  4.99985   768
1576.00  0.03205  0.03178  0.00583  0.80968  -237.78883  -239.71712  4.99985   768
1577.00  0.03206  0.03178  0.00649  0.80968  -236.79243  -238.72530  4.99985   768
1578.00  0.03204  0.03178  0.00702  0.80968  -235.92573  -237.85707  4.99985   768
1579.00  0.03204  0.03178  0.00725  0.80968  -235.53358  -237.42677  4.99985   768
1580.00  0.03206  0.03178  0.00702  0.80968  -235.86165  -237.72279  4.99985   768
1581.00  0.03205  0.03178  0.00654  0.80968  -236.55897  -238.40791  4.99985   768
1582.00  0.03204  0.03178  0.00597  0.80968  -237.47603  -239.30971  4.99985   768
1583.00  0.03205  0.03178  0.00551  0.80968  -238.19014  -240.06044  4.99985   768
1584.00  0.03205  0.03178  0.00534  0.80968  -238.47243  -240.35188  4.99985   768
1585.00  0.03205  0.03178  0.00563  0.80968  -238.07722  -240.01771  4.99985   768
1586.00  0.03205  0.03178  0.00622  0.80968  -237.17390  -239.12660  4.99985   768
1587.00  0.03207  0.03178  0.00688  0.80968  -236.18208  -238.11342  4.99985   768
1588.00  0.03205  0.03178  0.00722  0.80968  -235.60835  -237.50307  4.99985   768
1589.00  0.03205  0.03178  0.00726  0.80968  -235.49544  -237.35963  4.99985   768
1590.00  0.03205  0.03178  0.00687  0.80968  -236.06154  -237.90132  4.99985   768
1591.00  0.03205  0.03178  0.00631  0.80968  -236.90382  -238.71309  4.99985   768
1592.00  0.03205  0.03178  0.00571  0.80968  -237.84224  -239.67744  4.99985   768
1593.00  0.03205  0.03178  0.00546  0.80968  -238.28017  -240.14284  4.99985   768
1594.00  0.03205  0.03178  0.00553  0.80968  -238.20845  -240.11842  4.99985   768
1595.00  0.03204  0.03178  0.00604  0.80968  -237.42110  -239.37074  4.99985   768
1596.00  0.03205  0.03178  0.00661  0.80968  -236.56355  -238.50557  4.99985   768
1597.00  0.03205  0.03178  0.00715  0.80968  -235.74263  -237.68770  4.99985   768
1598.00  0.03206  0.03178  0.00733  0.80968  -235.42372  -237.31843  4.99985   768
1599.00  0.03204  0.03178  0.00712  0.80968  -235.68922  -237.54884  4.99985   768
1600.00  0.03204  0.03178  0.00661  0.80968  -236.46590  -238.30263  4.99985   768
1601.00  0.03205  0.03178  0.00603  0.80968  -237.39973  -239.25783  4.99985   768
1602.00  0.03206  0.03178  0.00562  0.80968  -237.94752  -239.81630  4.99985   768
1603.00  0.03206  0.03178  0.00544  0.80968  -238.33662  -240.21761  4.99985   768
1604.00  0.03205  0.03178  0.00583  0.80968  -237.73390  -239.65303  4.99985   768
1605.00  0.03206  0.03178  0.00637  0.80968  -236.99080  -238.93281  4.99985   768
1606.00  0.03204  0.03178  0.00692  0.80968  -236.06764  -237.99593  4.99985   768
1607.00  0.03205  0.03178  0.00727  0.80968  -235.52443  -237.39931  4.99985   768
1608.00  0.03205  0.03178  0.00721  0.80968  -235.55342  -237.42525  4.99985   768
1609.00  0.03205  0.03178  0.00675  0.80968  -236.27211  -238.08137  4.99985   768
1610.00  0.03204  0.03178  0.00624  0.80968  -237.01521  -238.85194  4.99985   768
1611.00  0.03204  0.03178  0.00559  0.80968  -237.96889  -239.80104  4.99985   768
1612.00  0.03204  0.03178  0.00535  0.80968  -238.46175  -240.35036  4.99985   768
1613.00  0.03205  0.03178  0.00553  0.80968  -238.22218  -240.13979  4.99985   768
1614.00  0.03205  0.03178  0.00603  0.80968  -237.47450  -239.42567  4.99985   768
1615.00  0.03204  0.03178  0.00666  0.80968  -236.51625  -238.48421  4.99985   768
1616.00  0.03204  0.03178  0.00711  0.80968  -235.77925  -237.71059  4.99985   768
1617.00  0.03205  0.03178  0.00735  0.80968  -235.39931  -237.31691  4.99985   768
1618.00  0.03204  0.03178  0.00709  0.80968  -235.77467  -237.62819  4.99985   768
1619.00  0.03206  0.03178  0.00655  0.80968  -236.56203  -238.39571  4.99985   768
1620.00  0.03204  0.03178  0.00589  0.80968  -237.55232  -239.39210  4.99985   768
1621.00  0.03205  0.03178  0.00548  0.80968  -238.20845  -240.06502  4.99985   768
1622.00  0.03203  0.03178  0.00533  0.80968  -238.49226  -240.36714  4.99985   768
1623.00  0.03205  0.03178  0.00575  0.80968  -237.87581  -239.81935  4.99985   768
1624.00  0.03206  0.03178  0.00640  0.80968  -236.87025  -238.82143  4.99985   768
1625.00  0.03205  0.03178  0.00702  0.80968  -235.93489  -237.85249  4.99985   768
1626.00  0.03205  0.03178  0.00738  0.80968  -235.35353  -237.24824  4.99985   768
1627.00  0.03205  0.03178  0.00734  0.80968  -235.40083  -237.26350  4.99985   768
1628.00  0.03205  0.03178  0.00690  0.80968  -236.01729  -237.86165  4.99985   768
1629.00  0.03205  0.03178  0.00620  0.80968  -237.08998  -238.89925  4.99985   768
1630.00  0.03205  0.03178  0.00558  0.80968  -238.06959  -239.91701  4.99985   768
1631.00  0.03205  0.03178  0.00534  0.80968  -238.45106  -240.33662  4.99985   768
1632.00  0.03204  0.03178  0.00550  0.80968  -238.26186  -240.18404  4.99985   768
1633.00  0.03205  0.03178  0.00610  0.80968  -237.37685  -239.35548  4.99985   768
1634.00  0.03205  0.03178  0.00685  0.80968  -236.19124  -238.14851  4.99985   768
1635.00  0.03205  0.03178  0.00731  0.80968  -235.50154  -237.42982  4.99985   768
1636.00  0.03205  0.03178  0.00746  0.80968  -235.24367  -237.13228  4.99985   768
1637.00  0.03206  0.03178  0.00722  0.80968  -235.53358  -237.35658  4.99985   768
1638.00  0.03205  0.03178  0.00669  0.80968  -236.34993  -238.17140  4.99985   768
1639.00  0.03205  0.03178  0.00594  0.80968  -237.44093  -239.23646  4.99985   768
1640.00  0.03206  0.03178  0.00547  0.80968  -238.23286  -240.09553  4.99985   768
1641.00  0.03205  0.03178  0.00541  0.80968  -238.35799  -240.23897  4.99985   768
1642.00  0.03204  0.03178  0.00578  0.80968  -237.85902  -239.79188  4.99985   768
1643.00  0.03205  0.03178  0.00638  0.80968  -236.94197  -238.86720  4.99985   768
1644.00  0.03203  0.03178  0.00703  0.80968  -235.91963  -237.85554  4.99985   768
1645.00  0.03205  0.03178  0.00730  0.80968  -235.47255  -237.40236  4.99985   768
1646.00  0.03204  0.03178  0.00732  0.80968  -235.41304  -237.27571  4.99985   768
1647.00  0.03203  0.03178  0.00688  0.80968  -236.06612  -237.89979  4.99985   768
1648.00  0.03206  0.03178  0.00613  0.80968  -237.21815  -239.05031  4.99985   768
1649.00  0.03205  0.03178  0.00550  0.80968  -238.16878  -240.01924  4.99985   768
1650.00  0.03205  0.03178  0.00523  0.80968  -238.64790  -240.54262  4.99985   768
1651.00  0.03206  0.03178  0.00544  0.80968  -238.37782  -240.31679  4.99985   768
1652.00  0.03203  0.03178  0.00596  0.80968  -237.58589  -239.55385  4.99985   768
1653.00  0.03206  0.03178  0.00670  0.80968  -236.37740  -238.33620  4.99985   768
1654.00  0.03204  0.03178  0.00711  0.80968  -235.81587  -237.71364  4.99985   768
1655.00  0.03205  0.03178  0.00723  0.80968  -235.57021  -237.44051  4.99985   768
1656.00  0.03204  0.03178  0.00698  0.80968  -235.93031  -237.79146  4.99985   768
1657.00  0.03204  0.03178  0.00645  0.80968  -236.67036  -238.47963  4.99985   768
1658.00  0.03206  0.03178  0.00571  0.80968  -237.83919  -239.65303  4.99985   768
1659.00  0.03205  0.03178  0.00537  0.80968  -238.43733  -240.28932  4.99985   768
1660.00  0.03205  0.03178  0.00530  0.80968  -238.51668  -240.39918  4.99985   768
1661.00  0.03204  0.03178  0.00574  0.80968  -237.94295  -239.89412  4.99985   768
1662.00  0.03206  0.03178  0.00639  0.80968  -236.91756  -238.85652  4.99985   768
1663.00  0.03204  0.03178  0.00698  0.80968  -236.04170  -237.99593  4.99985   768
1664.00  0.03204  0.03178  0.00726  0.80968  -235.48781  -237.40236  4.99985   768
1665.00  0.03205  0.03178  0.00721  0.80968  -235.61446  -237.49849  4.99985   768
1666.00  0.03204  0.03178  0.00680  0.80968  -236.17140  -238.01576  4.99985   768
1667.00  0.03205  0.03178  0.00613  0.80968  -237.20442  -239.03810  4.99985   768
1668.00  0.03203  0.03178  0.00565  0.80968  -237.94752  -239.81325  4.99985   768
1669.00  0.03205  0.03178  0.00541  0.80968  -238.34730  -240.21608  4.99985   768
1670.00  0.03205  0.03178  0.00559  0.80968  -238.14284  -240.06959  4.99985   768
1671.00  0.03205  0.03178  0.00611  0.80968  -237.34785  -239.28987  4.99985   768
1672.00  0.03204  0.03178  0.00679  0.80968  -236.26448  -238.20344  4.99985   768
1673.00  0.03205  0.03178  0.00723  0.80968  -235.58699  -237.48628  4.99985   768
1674.00  0.03205  0.03178  0.00726  0.80968  -235.50307  -237.38252  4.99985   768
1675.00  0.03205  0.03178  0.00697  0.80968  -235.93947  -237.76247  4.99985   768
1676.00  0.03205  0.03178  0.00648  0.80968  -236.69020  -238.51930  4.99985   768
1677.00  0.03205  0.03178  0.00584  0.80968  -237.62862  -239.44246  4.99985   768
1678.00  0.03205  0.03178  0.00545  0.80968  -238.30916  -240.15199  4.99985   768
1679.00  0.03205  0.03178  0.00538  0.80968  -238.44344  -240.35188  4.99985   768
1680.00  0.03203  0.03178  0.00573  0.80968  -237.93684  -239.87428  4.99985   768
1681.00  0.03205  0.03178  0.00638  0.80968  -236.95113  -238.89619  4.99985   768
1682.00  0.03205  0.03178  0.00696  0.80968  -236.04170  -238.00050  4.99985   768
1683.00  0.03204  0.03178  0.00718  0.80968  -235.67854  -237.59462  4.99985   768
1684.00  0.03204  0.03178  0.00713  0.80968  -235.69533  -237.57783  4.99985   768
1685.00  0.03204  0.03178  0.00663  0.80968  -236.43233  -238.26601  4.99985   768
1686.00  0.03205  0.03178  0.00605  0.80968  -237.32802  -239.14491  4.99985   768
1687.00  0.03205  0.03178  0.00554  0.80968  -238.15047  -239.98415  4.99985   768
1688.00  0.03206  0.03178  0.00529  0.80968  -238.53194  -240.41444  4.99985   768
1689.00  0.03203  0.03178  0.00559  0.80968  -238.13063  -240.05128  4.99985   768
1690.00  0.03205  0.03178  0.00615  0.80968  -237.28072  -239.20595  4.99985   768
1691.00  0.03203  0.03178  0.00685  0.80968  -236.23854  -238.16988  4.99985   768
1692.00  0.03205  0.03178  0.00722  0.80968  -235.57936  -237.48170  4.99985   768
1693.00  0.03203  0.03178  0.00724  0.80968  -235.54732  -237.40846  4.99985   768
1694.00  0.03203  0.03178  0.00699  0.80968  -235.92116  -237.75026  4.99985   768
1695.00  0.03205  0.03178  0.00640  0.80968  -236.83211  -238.66273  4.99985   768
1696.00  0.03205  0.03178  0.00584  0.80968  -237.66371  -239.50655  4.99985   768
1697.00  0.03205  0.03178  0.00547  0.80968  -238.22829  -240.09706  4.99985   768
1698.00  0.03205  0.03178  0.00544  0.80968  -238.33815  -240.23744  4.99985   768
1699.00  0.03204  0.03178  0.00593  0.80968  -237.68050  -239.64693  4.99985   768
1700.00  0.03204  0.03178  0.00662  0.80968  -236.56660  -238.53914  4.99985   768
1701.00  0.03204  0.03178  0.00715  0.80968  -235.76704  -237.69228  4.99985   768
1702.00  0.03204  0.03178  0.00733  0.80968  -235.45729  -237.35506  4.99985   768
1703.00  0.03205  0.03178  0.00714  0.80968  -235.67244  -237.52290  4.99985   768
1704.00  0.03205  0.03178  0.00671  0.80968  -236.33162  -238.14699  4.99985   768
1705.00  0.03204  0.03178  0.00611  0.80968  -237.23799  -239.07625  4.99985   768
1706.00  0.03205  0.03178  0.00573  0.80968  -237.84834  -239.68660  4.99985   768
1707.00  0.03205  0.03178  0.00553  0.80968  -238.18709  -240.06807  4.99985   768
1708.00  0.03205  0.03178  0.00579  0.80968  -237.81477  -239.72322  4.99985   768
1709.00  0.03205  0.03178  0.00636  0.80968  -236.98012  -238.91908  4.99985   768
1710.00  0.03204  0.03178  0.00691  0.80968  -236.08748  -238.01271  4.99985   768
1711.00  0.03205  0.03178  0.00739  0.80968  -235.34132  -237.25130  4.99985   768
1712.00  0.03205  0.03178  0.00733  0.80968  -235.40999  -237.29402  4.99985   768
1713.00  0.03205  0.03178  0.00698  0.80968  -235.92879  -237.76704  4.99985   768
1714.00  0.03205  0.03178  0.00640  0.80968  -236.78023  -238.62001  4.99985   768
1715.00  0.03205  0.03178  0.00581  0.80968  -237.72169  -239.57216  4.99985   768
1716.00  0.03205  0.03178  0.00542  0.80968  -238.36562  -240.25117  4.99985   768
1717.00  0.03204  0.03178  0.00563  0.80968  -238.06654  -239.97499  4.99985   768
1718.00  0.03204  0.03178  0.00603  0.80968  -237.45314  -239.37837  4.99985   768
1719.00  0.03204  0.03178  0.00671  0.80968  -236.50252  -238.45521  4.99985   768
1720.00  0.03204  0.03178  0.00726  0.80968  -235.54121  -237.46034  4.99985   768
1721.00  0.03204  0.03178  0.00743  0.80968  -235.32454  -237.20705  4.99985   768
1722.00  0.03205  0.03178  0.00717  0.80968  -235.58394  -237.41457  4.99985   768
1723.00  0.03204  0.03178  0.00660  0.80968  -236.47200  -238.30873  4.99985   768
1724.00  0.03205  0.03178  0.00599  0.80968  -237.37227  -239.18916  4.99985   768
1725.00  0.03205  0.03178  0.00547  0.80968  -238.25270  -240.10469  4.99985   768
1726.00  0.03205  0.03178  0.00537  0.80968  -238.42970  -240.30000  4.99985   768
1727.00  0.03205  0.03178  0.00569  0.80968  -237.96431  -239.89107  4.99985   768
1728.00  0.03204  0.03178  0.00628  0.80968  -237.11897  -239.06709  4.99985   768
1729.00  0.03205  0.03178  0.00693  0.80968  -236.07680  -238.00355  4.99985   768
1730.00  0.03205  0.03178  0.00733  0.80968  -235.45729  -237.39015  4.99985   768
1731.00  0.03205  0.03178  0.00727  0.80968  -235.48933  -237.35506  4.99985   768
1732.00  0.03204  0.03178  0.00682  0.80968  -236.15919  -238.01271  4.99985   768
1733.00  0.03205  0.03178  0.00629  0.80968  -236.96486  -238.78938  4.99985   768
1734.00  0.03205  0.03178  0.00566  0.80968  -237.95210  -239.79188  4.99985   768
1735.00  0.03204  0.03178  0.00539  0.80968  -238.36867  -240.24507  4.99985   768
1736.00  0.03204  0.03178  0.00549  0.80968  -238.26491  -240.18404  4.99985   768
1737.00  0.03204  0.03178  0.00606  0.80968  -237.46077  -239.40431  4.99985   768
1738.00  0.03205  0.03178  0.00670  0.80968  -236.42622  -238.36366  4.99985   768
1739.00  0.03205  0.03178  0.00726  0.80968  -235.58394  -237.50154  4.99985   768
1740.00  0.03205  0.03178  0.00740  0.80968  -235.27113  -237.14143  4.99985   768
1741.00  0.03204  0.03178  0.00726  0.80968  -235.51222  -237.35658  4.99985   768
1742.00  0.03206  0.03178  0.00673  0.80968  -236.27058  -238.09206  4.99985   768
1743.00  0.03205  0.03178  0.00614  0.80968  -237.14491  -238.97096  4.99985   768
1744.00  0.03205  0.03178  0.00555  0.80968  -238.14284  -239.97804  4.99985   768
1745.00  0.03204  0.03178  0.00547  0.80968  -238.28322  -240.16878  4.99985   768
1746.00  0.03205  0.03178  0.00585  0.80968  -237.77205  -239.71254  4.99985   768
1747.00  0.03204  0.03178  0.00646  0.80968  -236.84126  -238.79854  4.99985   768
1748.00  0.03205  0.03178  0.00709  0.80968  -235.82655  -237.77620  4.99985   768
1749.00  0.03205  0.03178  0.00747  0.80968  -235.25282  -237.18111  4.99985   768
1750.00  0.03205  0.03178  0.00735  0.80968  -235.31996  -237.19179  4.99985   768
1751.00  0.03204  0.03178  0.00694  0.80968  -235.96846  -237.81740  4.99985   768
1752.00  0.03206  0.03178  0.00633  0.80968  -236.91298  -238.72377  4.99985   768
1753.00  0.03204  0.03178  0.00571  0.80968  -237.80104  -239.64235  4.99985   768
1754.00  0.03203  0.03178  0.00536  0.80968  -238.46022  -240.31068  4.99985   768
1755.00  0.03204  0.03178  0.00541  0.80968  -238.36562  -240.27559  4.99985   768
1756.00  0.03204  0.03178  0.00601  0.80968  -237.49129  -239.42873  4.99985   768
1757.00  0.03205  0.03178  0.00667  0.80968  -236.48878  -238.43385  4.99985   768
1758.00  0.03206  0.03178  0.00720  0.80968  -235.64192  -237.55189  4.99985   768
1759.00  0.03205  0.03178  0.00729  0.80968  -235.48628  -237.35506  4.99985   768
1760.00  0.03204  0.03178  0.00708  0.80968  -235.76857  -237.59614  4.99985   768
1761.00  0.03205  0.03178  0.00651  0.80968  -236.60933  -238.44301  4.99985   768
1762.00  0.03204  0.03178  0.00584  0.80968  -237.62862  -239.44551  4.99985   768
1763.00  0.03205  0.03178  0.00537  0.80968  -238.44344  -240.28780  4.99985   768
1764.00  0.03204  0.03178  0.00528  0.80968  -238.56093  -240.47548  4.99985   768
1765.00  0.03204  0.03178  0.00564  0.80968  -238.07417  -240.01924  4.99985   768
1766.00  0.03205  0.03178  0.00624  0.80968  -237.14644  -239.10829  4.99985   768
1767.00  0.03205  0.03178  0.00700  0.80968  -236.00355  -237.96388  4.99985   768
1768.00  0.03205  0.03178  0.00734  0.80968  -235.41914  -237.34132  4.99985   768
1769.00  0.03204  0.03178  0.00731  0.80968  -235.40083  -237.28487  4.99985   768
1770.00  0.03203  0.03178  0.00687  0.80968  -236.07527  -237.89217  4.99985   768
1771.00  0.03205  0.03178  0.00627  0.80968  -237.02895  -238.87636  4.99985   768
1772.00  0.03205  0.03178  0.00567  0.80968  -237.88954  -239.71254  4.99985   768
1773.00  0.03205  0.03178  0.00537  0.80968  -238.42970  -240.28780  4.99985   768
1774.00  0.03204  0.03178  0.00551  0.80968  -238.21913  -240.11537  4.99985   768
1775.00  0.03205  0.03178  0.00605  0.80968  -237.42415  -239.36464  4.99985   768
1776.00  0.03204  0.03178  0.00675  0.80968  -236.34230  -238.28584  4.99985   768
1777.00  0.03204  0.03178  0.00722  0.80968  -235.60377  -237.51527  4.99985   768
1778.00  0.03204  0.03178  0.00743  0.80968  -235.27571  -237.16280  4.99985   768
1779.00  0.03205  0.03178  0.00715  0.80968  -235.61140  -237.45729  4.99985   768
1780.00  0.03204  0.03178  0.00660  0.80968  -236.48726  -238.31789  4.99985   768
1781.00  0.03205  0.03178  0.00589  0.80968  -237.55385  -239.37837  4.99985   768
1782.00  0.03204  0.03178  0.00545  0.80968  -238.27559  -240.14741  4.99985   768
1783.00  0.03204  0.03178  0.00539  0.80968  -238.39461  -240.30763  4.99985   768
1784.00  0.03205  0.03178  0.00573  0.80968  -237.92311  -239.85902  4.99985   768
1785.00  0.03204  0.03178  0.00645  0.80968  -236.85957  -238.82906  4.99985   768
1786.00  0.03204  0.03178  0.00699  0.80968  -236.03560  -237.95167  4.99985   768
1787.00  0.03203  0.03178  0.00728  0.80968  -235.48170  -237.38863  4.99985   768
1788.00  0.03205  0.03178  0.00719  0.80968  -235.61293  -237.48323  4.99985   768
1789.00  0.03205  0.03178  0.00672  0.80968  -236.30263  -238.12562  4.99985   768
1790.00  0.03205  0.03178  0.00612  0.80968  -237.21358  -239.01979  4.99985   768
1791.00  0.03205  0.03178  0.00555  0.80968  -238.08333  -239.89717  4.99985   768
1792.00  0.03205  0.03178  0.00527  0.80968  -238.61281  -240.48921  4.99985   768
1793.00  0.03205  0.03178  0.00542  0.80968  -238.33510  -240.27559  4.99985   768
1794.00  0.03205  0.03178  0.00609  0.80968  -237.38295  -239.32802  4.99985   768
1795.00  0.03203  0.03178  0.00671  0.80968  -236.43843  -238.36977  4.99985   768
1796.00  0.03205  0.03178  0.00726  0.80968  -235.54274  -237.46339  4.99985   768
1797.00  0.03205  0.03178  0.00725  0.80968  -235.53358  -237.39931  4.99985   768
1798.00  0.03204  0.03178  0.00695  0.80968  -235.96846  -237.82045  4.99985   768
1799.00  0.03205  0.03178  0.00639  0.80968  -236.81990  -238.66579  4.99985   768
1800.00  0.03205  0.03178  0.00587  0.80968  -237.61946  -239.46840  4.99985   768
1801.00  0.03205  0.03178  0.00550  0.80968  -238.21150  -240.10011  4.99985   768
1802.00  0.03203  0.03178  0.00547  0.80968  -238.28474  -240.15352  4.99985   768
1803.00  0.03204  0.03178  0.00587  0.80968  -237.71254  -239.65913  4.99985   768
1804.00  0.03204  0.03178  0.00665  0.80968  -236.55592  -238.51778  4.99985   768
1805.00  0.03204  0.03178  0.00721  0.80968  -235.60530  -237.51375  4.99985   768
1806.00  0.03204  0.03178  0.00751  0.80968  -235.11549  -236.99953  4.99985   768
1807.00  0.03205  0.03178  0.00740  0.80968  -235.28792  -237.13533  4.99985   768
1808.00  0.03204  0.03178  0.00675  0.80968  -236.21718  -238.01424  4.99985   768
1809.00  0.03205  0.03178  0.00617  0.80968  -237.12813  -238.96028  4.99985   768
1810.00  0.03205  0.03178  0.00566  0.80968  -237.93532  -239.78426  4.99985   768
1811.00  0.03205  0.03178  0.00555  0.80968  -238.10164  -239.99177  4.99985   768
1812.00  0.03203  0.03178  0.00576  0.80968  -237.81782  -239.75374  4.99985   768
1813.00  0.03205  0.03178  0.00633  0.80968  -237.01521  -238.95875  4.99985   768
1814.00  0.03205  0.03178  0.00693  0.80968  -236.06001  -238.00966  4.99985   768
1815.00  0.03205  0.03178  0.00740  0.80968  -235.35200  -237.27876  4.99985   768
1816.00  0.03204  0.03178  0.00743  0.80968  -235.25587  -237.13228  4.99985   768
1817.00  0.03205  0.03178  0.00712  0.80968  -235.70143  -237.56715  4.99985   768
1818.00  0.03204  0.03178  0.00644  0.80968  -236.72835  -238.55745  4.99985   768
1819.00  0.03205  0.03178  0.00574  0.80968  -237.79799  -239.62556  4.99985   768
1820.00  0.03204  0.03178  0.00532  0.80968  -238.46785  -240.30916  4.99985   768
1821.00  0.03205  0.03178  0.00539  0.80968  -238.42055  -240.31831  4.99985   768
1822.00  0.03205  0.03178  0.00587  0.80968  -237.75984  -239.68507  4.99985   768
1823.00  0.03204  0.03178  0.00650  0.80968  -236.72987  -238.67342  4.99985   768
1824.00  0.03204  0.03178  0.00716  0.80968  -235.71516  -237.64497  4.99985   768
1825.00  0.03205  0.03178  0.00740  0.80968  -235.29555  -237.18263  4.99985   768
1826.00  0.03205  0.03178  0.00726  0.80968  -235.47102  -237.32301  4.99985   768
1827.00  0.03205  0.03178  0.00680  0.80968  -236.17445  -238.00508  4.99985   768
1828.00  0.03205  0.03178  0.00614  0.80968  -237.14949  -238.97554  4.99985   768
1829.00  0.03204  0.03178  0.00555  0.80968  -238.10316  -239.95058  4.99985   768
1830.00  0.03206  0.03178  0.00535  0.80968  -238.44954  -240.34730  4.99985   768
1831.00  0.03205  0.03178  0.00561  0.80968  -238.10011  -240.03908  4.99985   768
1832.00  0.03205  0.03178  0.00626  0.80968  -237.14796  -239.09914  4.99985   768
1833.00  0.03204  0.03178  0.00702  0.80968  -235.99593  -237.96846  4.99985   768
1834.00  0.03204  0.03178  0.00747  0.80968  -235.25435  -237.17500  4.99985   768
1835.00  0.03204  0.03178  0.00755  0.80968  -235.04225  -236.93086  4.99985   768
1836.00  0.03204  0.03178  0.00732  0.80968  -235.37642  -237.24824  4.99985   768
1837.00  0.03205  0.03178  0.00666  0.80968  -236.35756  -238.15004  4.99985   768
1838.00  0.03204  0.03178  0.00597  0.80968  -237.43483  -239.23494  4.99985   768
1839.00  0.03204  0.03178  0.00554  0.80968  -238.11842  -239.99330  4.99985   768
1840.00  0.03204  0.03178  0.00551  0.80968  -238.21913  -240.09553  4.99985   768
1841.00  0.03205  0.03178  0.00589  0.80968  -237.64540  -239.56453  4.99985   768
1842.00  0.03205  0.03178  0.00665  0.80968  -236.54829  -238.49031  4.99985   768
1843.00  0.03204  0.03178  0.00719  0.80968  -235.64497  -237.57631  4.99985   768
1844.00  0.03205  0.03178  0.00752  0.80968  -235.13075  -237.02699  4.99985   768
1845.00  0.03205  0.03178  0.00735  0.80968  -235.34590  -237.19942  4.99985   768
1846.00  0.03205  0.03178  0.00685  0.80968  -236.07985  -237.92421  4.99985   768
1847.00  0.03205  0.03178  0.00613  0.80968  -237.19679  -239.01674  4.99985   768
1848.00  0.03203  0.03178  0.00555  0.80968  -238.12605  -239.98720  4.99985   768
1849.00  0.03203  0.03178  0.00531  0.80968  -238.53957  -240.43733  4.99985   768
1850.00  0.03205  0.03178  0.00561  0.80968  -238.12910  -240.08180  4.99985   768
1851.00  0.03204  0.03178  0.00614  0.80968  -237.28682  -239.22426  4.99985   768
1852.00  0.03203  0.03178  0.00680  0.80968  -236.32399  -238.29347  4.99985   768
1853.00  0.03205  0.03178  0.00731  0.80968  -235.47255  -237.37184  4.99985   768
1854.00  0.03203  0.03178  0.00737  0.80968  -235.32149  -237.20094  4.99985   768
1855.00  0.03203  0.03178  0.00711  0.80968  -235.71211  -237.54884  4.99985   768
1856.00  0.03205  0.03178  0.00648  0.80968  -236.64748  -238.46132  4.99985   768
1857.00  0.03204  0.03178  0.00580  0.80968  -237.69575  -239.49892  4.99985   768
1858.00  0.03204  0.03178  0.00536  0.80968  -238.41139  -240.26491  4.99985   768
1859.00  0.03204  0.03178  0.00548  0.80968  -238.28322  -240.17946  4.99985   768
1860.00  0.03204  0.03178  0.00590  0.80968  -237.64235  -239.59199  4.99985   768
1861.00  0.03204  0.03178  0.00650  0.80968  -236.74513  -238.69173  4.99985   768
1862.00  0.03204  0.03178  0.00711  0.80968  -235.78383  -237.70906  4.99985   768
1863.00  0.03204  0.03178  0.00741  0.80968  -235.31538  -237.22383  4.99985   768
1864.00  0.03205  0.03178  0.00728  0.80968  -235.45424  -237.31843  4.99985   768
1865.00  0.03205  0.03178  0.00681  0.80968  -236.15156  -237.99745  4.99985   768
1866.00  0.03205  0.03178  0.00620  0.80968  -237.11592  -238.95875  4.99985   768
1867.00  0.03204  0.03178  0.00562  0.80968  -238.03450  -239.89717  4.99985   768
1868.00  0.03203  0.03178  0.00546  0.80968  -238.32899  -240.20235  4.99985   768
1869.00  0.03204  0.03178  0.00573  0.80968  -237.95363  -239.90480  4.99985   768
1870.00  0.03205  0.03178  0.00641  0.80968  -236.87941  -238.82906  4.99985   768
1871.00  0.03203  0.03178  0.00704  0.80968  -235.94710  -237.87843  4.99985   768
1872.00  0.03205  0.03178  0.00740  0.80968  -235.31386  -237.21010  4.99985   768
1873.00  0.03204  0.03178  0.00743  0.80968  -235.23451  -237.10939  4.99985   768
1874.00  0.03204  0.03178  0.00707  0.80968  -235.75026  -237.57783  4.99985   768
1875.00  0.03205  0.03178  0.00647  0.80968  -236.66579  -238.49184  4.99985   768
1876.00  0.03205  0.03178  0.00580  0.80968  -237.68355  -239.50349  4.99985   768
1877.00  0.03204  0.03178  0.00546  0.80968  -238.24660  -240.10469  4.99985   768
1878.00  0.03204  0.03178  0.00547  0.80968  -238.29085  -240.20082  4.99985   768
1879.00  0.03204  0.03178  0.00584  0.80968  -237.74306  -239.68965  4.99985   768
1880.00  0.03204  0.03178  0.00667  0.80968  -236.50099  -238.45369  4.99985   768
1881.00  0.03204  0.03178  0.00719  0.80968  -235.67091  -237.60835  4.99985   768
1882.00  0.03203  0.03178  0.00736  0.80968  -235.37489  -237.28487  4.99985   768
1883.00  0.03205  0.03178  0.00722  0.80968  -235.53816  -237.41304  4.99985   768
1884.00  0.03205  0.03178  0.00669  0.80968  -236.32857  -238.17140  4.99985   768
1885.00  0.03205  0.03178  0.00607  0.80968  -237.30055  -239.14796  4.99985   768
1886.00  0.03205  0.03178  0.00559  0.80968  -238.04671  -239.88954  4.99985   768
1887.00  0.03203  0.03178  0.00544  0.80968  -238.34730  -240.21761  4.99985   768
1888.00  0.03204  0.03178  0.00567  0.80968  -237.98262  -239.90327  4.99985   768
1889.00  0.03204  0.03178  0.00632  0.80968  -237.04878  -238.99843  4.99985   768
1890.00  0.03204  0.03178  0.00695  0.80968  -236.04170  -237.97609  4.99985   768
1891.00  0.03204  0.03178  0.00738  0.80968  -235.36574  -237.25740  4.99985   768
1892.00  0.03203  0.03178  0.00745  0.80968  -235.20247  -237.06819  4.99985   768
1893.00  0.03204  0.03178  0.00712  0.80968  -235.69838  -237.53358  4.99985   768
1894.00  0.03204  0.03178  0.00645  0.80968  -236.69783  -238.51320  4.99985   768
1895.00  0.03204  0.03178  0.00586  0.80968  -237.58131  -239.44856  4.99985   768
1896.00  0.03205  0.03178  0.00550  0.80968  -238.22066  -240.07570  4.99985   768
1897.00  0.03203  0.03178  0.00553  0.80968  -238.20845  -240.11537  4.99985   768
1898.00  0.03203  0.03178  0.00596  0.80968  -237.55995  -239.50807  4.99985   768
1899.00  0.03204  0.03178  0.00655  0.80968  -236.70851  -238.66121  4.99985   768
1900.00  0.03204  0.03178  0.00709  0.80968  -235.83113  -237.77772  4.99985   768
1901.00  0.03204  0.03178  0.00737  0.80968  -235.37337  -237.29707  4.99985   768
1902.00  0.03205  0.03178  0.00708  0.80968  -235.72432  -237.56868  4.99985   768
1903.00  0.03205  0.03178  0.00661  0.80968  -236.46437  -238.31026  4.99985   768
1904.00  0.03204  0.03178  0.00599  0.80968  -237.39363  -239.21358  4.99985   768
1905.00  0.03204  0.03178  0.00548  0.80968  -238.22218  -240.06502  4.99985   768
1906.00  0.03204  0.03178  0.00535  0.80968  -238.43886  -240.30916  4.99985   768
1907.00  0.03205  0.03178  0.00567  0.80968  -238.02687  -239.93990  4.99985   768
1908.00  0.03205  0.03178  0.00627  0.80968  -237.08540  -239.02742  4.99985   768
1909.00  0.03203  0.03178  0.00699  0.80968  -235.98830  -237.92268  4.99985   768
1910.00  0.03204  0.03178  0.00731  0.80968  -235.46492  -237.36269  4.99985   768
1911.00  0.03204  0.03178  0.00730  0.80968  -235.44966  -237.32149  4.99985   768
1912.00  0.03205  0.03178  0.00695  0.80968  -235.95473  -237.82198  4.99985   768
1913.00  0.03205  0.03178  0.00635  0.80968  -236.86262  -238.68562  4.99985   768
1914.00  0.03204  0.03178  0.00581  0.80968  -237.71712  -239.57521  4.99985   768
1915.00  0.03203  0.03178  0.00540  0.80968  -238.35188  -240.22829  4.99985   768
1916.00  0.03204  0.03178  0.00563  0.80968  -238.06654  -239.99177  4.99985   768
1917.00  0.03203  0.03178  0.00616  0.80968  -237.29140  -239.25020  4.99985   768
1918.00  0.03204  0.03178  0.00682  0.80968  -236.26601  -238.20192  4.99985   768
1919.00  0.03204  0.03178  0.00730  0.80968  -235.48170  -237.40236  4.99985   768
1920.00  0.03204  0.03178  0.00744  0.80968  -235.25587  -237.14448  4.99985   768
1921.00  0.03205  0.03178  0.00721  0.80968  -235.53664  -237.36726  4.99985   768
1922.00  0.03203  0.03178  0.00667  0.80968  -236.36519  -238.20497  4.99985   768
1923.00  0.03203  0.03178  0.00598  0.80968  -237.41652  -239.21205  4.99985   768
1924.00  0.03204  0.03178  0.00549  0.80968  -238.20235  -240.03755  4.99985   768
1925.00  0.03205  0.03178  0.00540  0.80968  -238.40834  -240.28017  4.99985   768
1926.00  0.03204  0.03178  0.00568  0.80968  -238.00093  -239.91701  4.99985   768
1927.00  0.03203  0.03178  0.00634  0.80968  -236.99385  -238.95723  4.99985   768
1928.00  0.03204  0.03178  0.00701  0.80968  -235.98524  -237.93031  4.99985   768
1929.00  0.03205  0.03178  0.00734  0.80968  -235.41151  -237.31996  4.99985   768
1930.00  0.03203  0.03178  0.00720  0.80968  -235.59767  -237.47713  4.99985   768
1931.00  0.03204  0.03178  0.00680  0.80968  -236.16377  -238.00355  4.99985   768
1932.00  0.03204  0.03178  0.00619  0.80968  -237.10066  -238.93434  4.99985   768
1933.00  0.03205  0.03178  0.00561  0.80968  -238.02534  -239.87733  4.99985   768
1934.00  0.03204  0.03178  0.00527  0.80968  -238.58076  -240.46175  4.99985   768
1935.00  0.03204  0.03178  0.00538  0.80968  -238.42055  -240.35188  4.99985   768
1936.00  0.03204  0.03178  0.00595  0.80968  -237.63930  -239.57674  4.99985   768
1937.00  0.03204  0.03178  0.00667  0.80968  -236.53609  -238.50404  4.99985   768
1938.00  0.03205  0.03178  0.00728  0.80968  -235.54732  -237.46797  4.99985   768
1939.00  0.03204  0.03178  0.00757  0.80968  -235.03615  -236.91560  4.99985   768
1940.00  0.03204  0.03178  0.00723  0.80968  -235.50154  -237.33980  4.99985   768
1941.00  0.03205  0.03178  0.00670  0.80968  -236.31789  -238.13478  4.99985   768
1942.00  0.03204  0.03178  0.00604  0.80968  -237.31276  -239.13118  4.99985   768
1943.00  0.03203  0.03178  0.00565  0.80968  -237.96584  -239.82393  4.99985   768
1944.00  0.03204  0.03178  0.00559  0.80968  -238.08485  -239.97499  4.99985   768
1945.00  0.03204  0.03178  0.00596  0.80968  -237.58742  -239.52028  4.99985   768
1946.00  0.03204  0.03178  0.00661  0.80968  -236.59560  -238.56355  4.99985   768
1947.00  0.03204  0.03178  0.00718  0.80968  -235.71364  -237.65565  4.99985   768
1948.00  0.03204  0.03178  0.00746  0.80968  -235.22688  -237.12923  4.99985   768
1949.00  0.03204  0.03178  0.00745  0.80968  -235.21620  -237.10023  4.99985   768
1950.00  0.03204  0.03178  0.00711  0.80968  -235.68922  -237.53816  4.99985   768
1951.00  0.03203  0.03178  0.00640  0.80968  -236.78633  -238.61543  4.99985   768
1952.00  0.03203  0.03178  0.00584  0.80968  -237.63167  -239.47145  4.99985   768
1953.00  0.03206  0.03178  0.00551  0.80968  -238.21455  -240.08791  4.99985   768
1954.00  0.03203  0.03178  0.00558  0.80968  -238.14741  -240.05128  4.99985   768
1955.00  0.03205  0.03178  0.00605  0.80968  -237.43178  -239.36464  4.99985   768
1956.00  0.03204  0.03178  0.00674  0.80968  -236.37587  -238.31636  4.99985   768
1957.00  0.03204  0.03178  0.00726  0.80968  -235.54274  -237.45729  4.99985   768
1958.00  0.03204  0.03178  0.00733  0.80968  -235.39320  -237.24977  4.99985   768
1959.00  0.03204  0.03178  0.00710  0.80968  -235.74110  -237.58089  4.99985   768
1960.00  0.03204  0.03178  0.00655  0.80968  -236.55592  -238.36366  4.99985   768
1961.00  0.03204  0.03178  0.00592  0.80968  -237.51417  -239.34480  4.99985   768
1962.00  0.03205  0.03178  0.00542  0.80968  -238.29085  -240.15504  4.99985   768
1963.00  0.03204  0.03178  0.00538  0.80968  -238.46327  -240.36714  4.99985   768
1964.00  0.03205  0.03178  0.00568  0.80968  -237.99330  -239.92921  4.99985   768
1965.00  0.03204  0.03178  0.00635  0.80968  -236.99232  -238.94960  4.99985   768
1966.00  0.03204  0.03178  0.00700  0.80968  -236.02797  -237.98372  4.99985   768
1967.00  0.03204  0.03178  0.00737  0.80968  -235.36421  -237.28944  4.99985   768
1968.00  0.03204  0.03178  0.00727  0.80968  -235.48018  -237.34132  4.99985   768
1969.00  0.03203  0.03178  0.00683  0.80968  -236.14088  -237.97761  4.99985   768
1970.00  0.03204  0.03178  0.00624  0.80968  -237.05489  -238.87788  4.99985   768
1971.00  0.03203  0.03178  0.00575  0.80968  -237.77357  -239.61793  4.99985   768
1972.00  0.03204  0.03178  0.00550  0.80968  -238.20387  -240.08333  4.99985   768
1973.00  0.03203  0.03178  0.00560  0.80968  -238.08180  -239.99025  4.99985   768
1974.00  0.03205  0.03178  0.00619  0.80968  -237.20595  -239.13881  4.99985   768
1975.00  0.03204  0.03178  0.00685  0.80968  -236.23701  -238.17598  4.99985   768
1976.00  0.03205  0.03178  0.00743  0.80968  -235.28944  -237.20705  4.99985   768
1977.00  0.03204  0.03178  0.00759  0.80968  -235.00563  -236.89577  4.99985   768
1978.00  0.03203  0.03178  0.00727  0.80968  -235.44203  -237.26503  4.99985   768
1979.00  0.03204  0.03178  0.00665  0.80968  -236.41096  -238.24312  4.99985   768
1980.00  0.03203  0.03178  0.00605  0.80968  -237.33260  -239.18764  4.99985   768
1981.00  0.03204  0.03178  0.00561  0.80968  -238.03908  -239.89717  4.99985   768
1982.00  0.03203  0.03178  0.00554  0.80968  -238.19014  -240.09248  4.99985   768
1983.00  0.03204  0.03178  0.00594  0.80968  -237.61336  -239.55232  4.99985   768
1984.00  0.03205  0.03178  0.00661  0.80968  -236.60780  -238.58034  4.99985   768
1985.00  0.03204  0.03178  0.00710  0.80968  -235.80366  -237.70906  4.99985   768
1986.00  0.03205  0.03178  0.00749  0.80968  -235.22841  -237.15974  4.99985   768
1987.00  0.03203  0.03178  0.00748  0.80968  -235.14601  -237.02089  4.99985   768
1988.00  0.03203  0.03178  0.00699  0.80968  -235.85554  -237.67702  4.99985   768
1989.00  0.03203  0.03178  0.00622  0.80968  -237.04573  -238.83363  4.99985   768
1990.00  0.03204  0.03178  0.00559  0.80968  -238.00856  -239.83003  4.99985   768
1991.00  0.03203  0.03178  0.00531  0.80968  -238.51973  -240.38698  4.99985   768
1992.00  0.03204  0.03178  0.00552  0.80968  -238.20235  -240.10011  4.99985   768
1993.00  0.03204  0.03178  0.00613  0.80968  -237.33870  -239.28072  4.99985   768
1994.00  0.03203  0.03178  0.00680  0.80968  -236.25838  -238.20650  4.99985   768
1995.00  0.03205  0.03178  0.00719  0.80968  -235.66328  -237.56715  4.99985   768
1996.00  0.03204  0.03178  0.00734  0.80968  -235.42525  -237.31843  4.99985   768
1997.00  0.03204  0.03178  0.00710  0.80968  -235.72127  -237.58394  4.99985   768
1998.00  0.03205  0.03178  0.00644  0.80968  -236.71309  -238.53151  4.99985   768
1999.00  0.03204  0.03178  0.00578  0.80968  -237.71712  -239.57063  4.99985   768
2000.00  0.03655  0.04890  0.00535  0.80968  -238.42055  -240.27711  4.99985   768
2001.00  0.04656  0.04890  0.00614  0.80968  -237.48061  -239.54011  4.99985   768
2002.00  0.04722  0.04890  0.00808  0.80968  -234.43495  -236.45937  4.99985   768
2003.00  0.04741  0.04890  0.00840  0.80968  -233.74220  -235.60030  4.99985   768
2004.00  0.04753  0.04890  0.00941  0.80968  -232.40706  -234.45741  4.99985   768
