ASI 600A Data File
Created: Wed May  8 13:21:54 2024
A/D Sampling Rate: 1000 Hz
Comment: Mouse CP512 Cell 2
Width 0.0280
Thick 0.0140
After Activation
Width 0.0
Thick 0.0
*** Setup Parameters ***
Length Controller: 315C
Force Transducer: 406A
Initial Length: 0.0578 mm
Minimum Length: -5 Lo
Maximum Length: 5 Lo
Fiber Length: 0.0578 mm
Initial Sarcomere Length: 0 um
Diameter: 1.91919 mm
Maximum Tetanic Tension: 3 mN
Calibrate FC step size:  -20 um
Calibrate FC ramp time:  100 ms
Calibrate FC hold time:  200 ms
Force Gain-Factor:       0.6
Force Integral-Constant: 0.26 ms
Force Filter-Constant:   0.2 ms
Constant Stiffness Range: 100
dF/dL measured at Force:  34522 adu
Fiber Stiffness (adu):    0
Fiber Stiffness (mN/mm):  0
SL Gain-Factor:           0.25
SL Integral-Constant:     0.1 ms
SL Filter-Constant:       0 ms
SL Stiffness (adu):       0.3
SL Stiffness (um/mm):     1
ADC0 Offset: -28.840 mv
ADC1 Offset: -28.840 mv
DAC0 Offset: 3.336 mv
DAC1 Offset: -3.588 mv
Panel 1 size: 2
Panel 2 size: 4
Panel 3 size: 2
Panel 4 size: 5
Panel 1 signal: 0
Panel 2 signal: 1
Panel 3 signal: 2
Panel 4 signal: 6
Background (0/1): 0
Length In color:  16395263
Force  In color:  16717330
SL     In color:  16771867
Aux1   In color:  1769257
Length Out color:  255
Force  Out color:  255
Stim   Out color:  16777215
Aux2   In  color:  16747283
Length Units: um
Force Units: mN
Time Units: ms
Sarcomere Length Units: um
Scope Display1: 0
Scope Display2: 2
AUX Channels Scope Display: 0
Scope Timebase: 1
Scope Vscale:   0
Scope Lunit:    1
Scope Lmin:     0.026370
Scope Lmax:     0.026470
Scope Funit:    0
Scope Fmin:     0.157780
Scope Fmax:     0.157960
Scope AUX1_min:     10.000000
Scope AUX1_max:     16.000000
Scope AUX2_min:     8.000000
Scope AUX2_max:     14.000000
Scope L Data Scale:     1.651868
Scope F Data Scale:     0.225000
Scope AUX1 Data Scale:     1.000000
Scope AUX2 Data Scale:     1.000000
Scope SL Data Scale:     1.000000
Scope Sunit:    0
Analysis Lunit: 4
Analysis Funit: 0
Analysis Tunit: 0
Analysis Channels: 101000000010000
Analysis Readout: 1
Analysis Gaussian Filter Kernel Size (Lin):     201
Analysis Gaussian Filter Kernel Size (Fin):     50
Analysis Gaussian Filter Kernel Size (Aux1):    201
Analysis Gaussian Filter Kernel Size (Aux2):    201
Analysis Gaussian Filter Standard Deviation (Lin):     1.0
Analysis Gaussian Filter Standard Deviation (Fin):     1.0
Analysis Gaussian Filter Standard Deviation (Aux1):    1.0
Analysis Gaussian Filter Standard Deviation (Aux2):    1.0
Aux1 Name: Aux1
Aux1 Units: C
Aux1 Scale (units/volt): 100.000000
Aux1 Offset (units): 2.000000
Aux2 Name: Aux2
Aux2 Units: mv
Aux2 Scale (units/volt): 100
Aux2 Offset (units): 0
 *** Cantilever Properties ***
Cantilever Stiffness Calculation Method: 2
Cantilever Stiffness (N/m): -1.000
Cantilever Length (um): 450.000
Cantilever Thickness (um): 2.000
Cantilever Width 1 (um): 50.000
Cantilever Width 2 (um): 50.000
Cantilever Elasticity (GPa): 160.000
 *** ASI804A Test Window Properties ***
ASI804A Vscale: 0
ASI804A Timebase: 0
ASI804A Sampling Rate: 0
ASI804A Scope L_min:     999.800000
ASI804A Scope L_max:     1000.200000
ASI804A Scope F_min:     -0.040000
ASI804A Scope F_max:     0.020000
ASI804A Scope log10Rario_min:     -0.063875
ASI804A Scope log10Ratio_max:     -0.063650
ASI804A Scope L Scale Units:    4
ASI804A Scope F Scale Units:    0
ASI804A Scope L Scale:     1.000000
ASI804A Scope F Scale:     1.000000
ASI804A Scope log10Ratio Scale:     0.500000
ASI804A Data Files Directory: /home/asi/data
ASI804A Data Files Name: atp_datafile
ASI804A Font: Liberation Sans
ASI804A Font Size: 24
ASI804A pCa Combo Size: 0
ASI804A pCa Combo Active: -1
 *** Additional devices ***
ASI802D Bath Controller: 0
ASI804A ATPase Controller: 1
*** Calibration Parameters ***
Model  LOoffset  LOscale  LIoffset  LIscale  FOoffset  FOscale  FIoffset  FIscale
Number 	mm        mm/v	   mm        mm/v     mN        mN/v     mN        mN/v
308B	 0	 0.2	 0	 0.2	 0	 1	 0	 1
312C	 0	 0.15	 0	 0.15	 0	 1	 0	 1
315C	 0	 0.15	 0	 0.15	 0	 1	 0	 1
318B	 0	 0.3	 0	 0.3	 0	 1	 0	 1
322C	 0	 0.3	 0	 0.3	 0	 1	 0	 1
340A	 0	 0.005	 0	 0.005	 0	 1	 0	 1
300C	 0	 0.5	 0	 0.5	 0	 50	 0	 50
300C-LR	 0	 0.5	 0	 0.5	 0	 100	 0	 100
305C	 0	 1	 0	 1	 0	 500	 0	 500
305C-LR	 0	 1	 0	 1	 0	 1000	 0	 1000
309C	 0	 1.25	 0	 1.25	 0	 2000	 0	 2000
310C	 0	 2	 0	 2	 0	 5000	 0	 5000
310C-LR	 0	 2	 0	 2	 0	 10000	 0	 10000
???	 0	 1	 0	 1	 0	 1	 0	 1
400A	 0	 1	 0	 1	 0	 5	 0	 5
402A	 0	 1	 0	 1	 0	 50	 0	 50
403A-CF	 0	 1	 0	 1	 0	 0.2	 0	 0.2
403A	 0	 1	 0	 1	 0	 0.5	 0	 0.5
404A	 0	 1	 0	 1	 0	 10	 0	 10
405A	 0	 1	 0	 1	 0	 1	 0	 1
406A	 0	 1	 0	 1	 0.16	 0.06497	 0.16	 0.06497
407A	 0	 1	 0	 1	 0	 100	 0	 100
470A	 0	 1	 0	 1	 0	 1	 0	 1
other	 0	 1	 0	 1	 0	 1	 0	 1
none	 0	 1	 0	 1	 0	 1	 0	 1
*** Test Protocol Parameters ***
A/D Sampling Rate: 1000 Hz
Comment: Length Discrete Sine protocol for stiffness testing
Minimum Length: -5.000 (Lo)
Maximum Length: 5.000 (Lo)
PD Deadband:    0.000000 mN
Stimulus 01: 0.3 ms 100.000 Hz 10.0 ms 50.000 Hz 0.100 s
Stimulus 02: 1.2 ms 100.000 Hz 20.0 ms 2.000 Hz 100.000 s
Stimulus 03: 1.3 ms 100.000 Hz 20.0 ms 2.000 Hz 100.000 s
Stimulus 04: 1.4 ms 100.000 Hz 20.0 ms 2.000 Hz 100.000 s
Stimulus 05: 1.5 ms 100.000 Hz 20.0 ms 2.000 Hz 100.000 s
Stimulus 06: 1.6 ms 100.000 Hz 20.0 ms 2.000 Hz 100.000 s
Stimulus 07: 1.7 ms 100.000 Hz 20.0 ms 2.000 Hz 100.000 s
Stimulus 08: 1.8 ms 100.000 Hz 20.0 ms 2.000 Hz 100.000 s
Stimulus 09: 1.9 ms 100.000 Hz 20.0 ms 2.000 Hz 100.000 s
Stimulus 10: 2.2 ms 100.000 Hz 20.0 ms 2.000 Hz 100.000 s
Time (ms)	Control Function	Options
      0.0	Data-Enable		
    200.0	Length-Step		 0.65 Lo
   2000.0	Length-Step		 1 Lo
   2005.0	Data-Disable		
      0.0	Stop		
*** Force and Length Signals vs Time ***
Time (ms)  Lin (mm)  Lout (mm)  Fin (mN)  Fout (mN)  Aux1 C  Aux2 mv  SL (um)   Stimulus/Triggers
0.00  0.05737  0.05780  0.01006  0.80968  -231.29164  -233.23518  4.99985   768
1.00  0.05736  0.05780  0.01069  0.80968  -230.24641  -232.18080  4.99985   768
2.00  0.05737  0.05780  0.01105  0.80968  -229.70625  -231.61623  4.99985   768
3.00  0.05737  0.05780  0.01103  0.80968  -229.68184  -231.56587  4.99985   768
4.00  0.05737  0.05780  0.01070  0.80968  -230.16096  -232.02669  4.99985   768
5.00  0.05737  0.05780  0.01005  0.80968  -231.19246  -232.99715  4.99985   768
6.00  0.05737  0.05780  0.00942  0.80968  -232.17207  -234.01491  4.99985   768
7.00  0.05736  0.05780  0.00913  0.80968  -232.63136  -234.50166  4.99985   768
8.00  0.05737  0.05780  0.00918  0.80968  -232.61763  -234.51997  4.99985   768
9.00  0.05736  0.05780  0.00968  0.80968  -231.82265  -233.77687  4.99985   768
10.00  0.05738  0.05780  0.01031  0.80968  -230.96052  -232.88728  4.99985   768
11.00  0.05736  0.05780  0.01084  0.80968  -230.04805  -231.96718  4.99985   768
12.00  0.05736  0.05780  0.01104  0.80968  -229.68947  -231.57503  4.99985   768
13.00  0.05736  0.05780  0.01084  0.80968  -229.94429  -231.77492  4.99985   768
14.00  0.05736  0.05780  0.01040  0.80968  -230.61720  -232.44325  4.99985   768
15.00  0.05735  0.05780  0.00974  0.80968  -231.64717  -233.46101  4.99985   768
16.00  0.05736  0.05780  0.00925  0.80968  -232.40553  -234.25752  4.99985   768
17.00  0.05735  0.05780  0.00918  0.80968  -232.55507  -234.44673  4.99985   768
18.00  0.05738  0.05780  0.00957  0.80968  -231.98286  -233.90199  4.99985   768
19.00  0.05736  0.05780  0.01004  0.80968  -231.28096  -233.23213  4.99985   768
20.00  0.05736  0.05780  0.01061  0.80968  -230.41426  -232.35017  4.99985   768
21.00  0.05737  0.05780  0.01097  0.80968  -229.81764  -231.72914  4.99985   768
22.00  0.05736  0.05780  0.01096  0.80968  -229.79323  -231.68184  4.99985   768
23.00  0.05736  0.05780  0.01064  0.80968  -230.27998  -232.11214  4.99985   768
24.00  0.05737  0.05780  0.01011  0.80968  -231.08717  -232.92238  4.99985   768
25.00  0.05737  0.05780  0.00947  0.80968  -232.09273  -233.93556  4.99985   768
26.00  0.05735  0.05780  0.00914  0.80968  -232.60542  -234.47114  4.99985   768
27.00  0.05736  0.05780  0.00936  0.80968  -232.30788  -234.23311  4.99985   768
28.00  0.05737  0.05780  0.00979  0.80968  -231.70515  -233.62733  4.99985   768
29.00  0.05736  0.05780  0.01041  0.80968  -230.71486  -232.65382  4.99985   768
30.00  0.05736  0.05780  0.01094  0.80968  -229.90462  -231.81306  4.99985   768
31.00  0.05737  0.05780  0.01114  0.80968  -229.56282  -231.43312  4.99985   768
32.00  0.05737  0.05780  0.01087  0.80968  -229.91530  -231.73677  4.99985   768
33.00  0.05736  0.05780  0.01044  0.80968  -230.56227  -232.39748  4.99985   768
34.00  0.05736  0.05780  0.00974  0.80968  -231.63649  -233.45033  4.99985   768
35.00  0.05737  0.05780  0.00925  0.80968  -232.41774  -234.26820  4.99985   768
36.00  0.05737  0.05780  0.00919  0.80968  -232.58406  -234.48488  4.99985   768
37.00  0.05737  0.05780  0.00952  0.80968  -232.11256  -234.03780  4.99985   768
38.00  0.05736  0.05780  0.01015  0.80968  -231.16347  -233.12685  4.99985   768
39.00  0.05736  0.05780  0.01079  0.80968  -230.16554  -232.11824  4.99985   768
40.00  0.05736  0.05780  0.01110  0.80968  -229.65132  -231.56587  4.99985   768
41.00  0.05737  0.05780  0.01104  0.80968  -229.68794  -231.56129  4.99985   768
42.00  0.05737  0.05780  0.01067  0.80968  -230.21590  -232.05110  4.99985   768
43.00  0.05737  0.05780  0.01022  0.80968  -230.93153  -232.76674  4.99985   768
44.00  0.05735  0.05780  0.00962  0.80968  -231.85469  -233.67616  4.99985   768
45.00  0.05737  0.05780  0.00922  0.80968  -232.49708  -234.35213  4.99985   768
46.00  0.05737  0.05780  0.00930  0.80968  -232.40095  -234.30025  4.99985   768
47.00  0.05737  0.05780  0.00980  0.80968  -231.67769  -233.60902  4.99985   768
48.00  0.05736  0.05780  0.01047  0.80968  -230.59279  -232.49971  4.99985   768
49.00  0.05737  0.05780  0.01094  0.80968  -229.90767  -231.82680  4.99985   768
50.00  0.05736  0.05780  0.01113  0.80968  -229.56892  -231.44075  4.99985   768
51.00  0.05735  0.05780  0.01089  0.80968  -229.90614  -231.75508  4.99985   768
52.00  0.05735  0.05780  0.01046  0.80968  -230.52717  -232.36238  4.99985   768
53.00  0.05736  0.05780  0.00986  0.80968  -231.49153  -233.31758  4.99985   768
54.00  0.05737  0.05780  0.00941  0.80968  -232.21175  -234.07747  4.99985   768
55.00  0.05737  0.05780  0.00934  0.80968  -232.30482  -234.20259  4.99985   768
56.00  0.05736  0.05780  0.00958  0.80968  -231.99965  -233.93709  4.99985   768
57.00  0.05736  0.05780  0.01018  0.80968  -231.10853  -233.04903  4.99985   768
58.00  0.05736  0.05780  0.01080  0.80968  -230.17165  -232.13197  4.99985   768
59.00  0.05736  0.05780  0.01108  0.80968  -229.63148  -231.54909  4.99985   768
60.00  0.05736  0.05780  0.01101  0.80968  -229.76271  -231.62843  4.99985   768
61.00  0.05736  0.05780  0.01066  0.80968  -230.27846  -232.11061  4.99985   768
62.00  0.05736  0.05780  0.01009  0.80968  -231.05055  -232.87660  4.99985   768
63.00  0.05736  0.05780  0.00955  0.80968  -231.97981  -233.79671  4.99985   768
64.00  0.05736  0.05780  0.00940  0.80968  -232.18581  -234.04390  4.99985   768
65.00  0.05737  0.05780  0.00957  0.80968  -231.99049  -233.89589  4.99985   768
66.00  0.05737  0.05780  0.01000  0.80968  -231.32521  -233.23671  4.99985   768
67.00  0.05736  0.05780  0.01055  0.80968  -230.55159  -232.50123  4.99985   768
68.00  0.05737  0.05780  0.01104  0.80968  -229.76729  -231.67116  4.99985   768
69.00  0.05736  0.05780  0.01103  0.80968  -229.68642  -231.55977  4.99985   768
70.00  0.05736  0.05780  0.01083  0.80968  -229.98244  -231.83748  4.99985   768
71.00  0.05737  0.05780  0.01024  0.80968  -230.86439  -232.69960  4.99985   768
72.00  0.05737  0.05780  0.00967  0.80968  -231.74483  -233.59224  4.99985   768
73.00  0.05737  0.05780  0.00927  0.80968  -232.39332  -234.25600  4.99985   768
74.00  0.05736  0.05780  0.00932  0.80968  -232.37501  -234.29719  4.99985   768
75.00  0.05737  0.05780  0.00967  0.80968  -231.86690  -233.78145  4.99985   768
76.00  0.05738  0.05780  0.01026  0.80968  -230.92085  -232.86592  4.99985   768
77.00  0.05736  0.05780  0.01084  0.80968  -230.01448  -231.95039  4.99985   768
78.00  0.05736  0.05780  0.01105  0.80968  -229.67573  -231.53993  4.99985   768
79.00  0.05737  0.05780  0.01093  0.80968  -229.84053  -231.70015  4.99985   768
80.00  0.05737  0.05780  0.01055  0.80968  -230.42036  -232.24946  4.99985   768
81.00  0.05737  0.05780  0.00994  0.80968  -231.33131  -233.13600  4.99985   768
82.00  0.05737  0.05780  0.00936  0.80968  -232.24379  -234.07594  4.99985   768
83.00  0.05737  0.05780  0.00912  0.80968  -232.62373  -234.49251  4.99985   768
84.00  0.05736  0.05780  0.00935  0.80968  -232.35365  -234.26210  4.99985   768
85.00  0.05735  0.05780  0.00993  0.80968  -231.48085  -233.43202  4.99985   768
86.00  0.05735  0.05780  0.01056  0.80968  -230.55922  -232.49971  4.99985   768
87.00  0.05737  0.05780  0.01097  0.80968  -229.84511  -231.76729  4.99985   768
88.00  0.05736  0.05780  0.01100  0.80968  -229.77797  -231.65895  4.99985   768
89.00  0.05737  0.05780  0.01072  0.80968  -230.20216  -232.05568  4.99985   768
90.00  0.05737  0.05780  0.01021  0.80968  -230.94069  -232.78657  4.99985   768
91.00  0.05737  0.05780  0.00964  0.80968  -231.80739  -233.63649  4.99985   768
92.00  0.05736  0.05780  0.00921  0.80968  -232.50014  -234.35213  4.99985   768
93.00  0.05736  0.05780  0.00918  0.80968  -232.60695  -234.50624  4.99985   768
94.00  0.05737  0.05780  0.00954  0.80968  -232.03169  -233.95540  4.99985   768
95.00  0.05737  0.05780  0.01022  0.80968  -231.05971  -233.00630  4.99985   768
96.00  0.05737  0.05780  0.01083  0.80968  -230.07551  -231.98701  4.99985   768
97.00  0.05737  0.05780  0.01104  0.80968  -229.72761  -231.60249  4.99985   768
98.00  0.05737  0.05780  0.01086  0.80968  -229.94124  -231.77949  4.99985   768
99.00  0.05737  0.05780  0.01046  0.80968  -230.55769  -232.39290  4.99985   768
100.00  0.05736  0.05780  0.00982  0.80968  -231.51594  -233.32368  4.99985   768
101.00  0.05736  0.05780  0.00935  0.80968  -232.22853  -234.05763  4.99985   768
102.00  0.05737  0.05780  0.00916  0.80968  -232.54286  -234.42537  4.99985   768
103.00  0.05737  0.05780  0.00934  0.80968  -232.39943  -234.31245  4.99985   768
104.00  0.05736  0.05780  0.00982  0.80968  -231.65633  -233.60597  4.99985   768
105.00  0.05737  0.05780  0.01054  0.80968  -230.53786  -232.49055  4.99985   768
106.00  0.05735  0.05780  0.01094  0.80968  -229.89699  -231.82985  4.99985   768
107.00  0.05737  0.05780  0.01107  0.80968  -229.66811  -231.55824  4.99985   768
108.00  0.05736  0.05780  0.01083  0.80968  -229.97633  -231.83443  4.99985   768
109.00  0.05735  0.05780  0.01023  0.80968  -230.89186  -232.70570  4.99985   768
110.00  0.05735  0.05780  0.00968  0.80968  -231.74788  -233.58308  4.99985   768
111.00  0.05737  0.05780  0.00930  0.80968  -232.36739  -234.20564  4.99985   768
112.00  0.05736  0.05780  0.00925  0.80968  -232.50166  -234.36891  4.99985   768
113.00  0.05735  0.05780  0.00961  0.80968  -231.97218  -233.89131  4.99985   768
114.00  0.05736  0.05780  0.01026  0.80968  -230.99257  -232.91475  4.99985   768
115.00  0.05736  0.05780  0.01080  0.80968  -230.13502  -232.04347  4.99985   768
116.00  0.05737  0.05780  0.01104  0.80968  -229.71998  -231.60860  4.99985   768
117.00  0.05736  0.05780  0.01098  0.80968  -229.78712  -231.63606  4.99985   768
118.00  0.05737  0.05780  0.01054  0.80968  -230.43562  -232.26625  4.99985   768
119.00  0.05736  0.05780  0.00993  0.80968  -231.34810  -233.18178  4.99985   768
120.00  0.05736  0.05780  0.00936  0.80968  -232.24684  -234.08662  4.99985   768
121.00  0.05737  0.05780  0.00917  0.80968  -232.61305  -234.48946  4.99985   768
122.00  0.05737  0.05780  0.00943  0.80968  -232.21632  -234.14613  4.99985   768
123.00  0.05737  0.05780  0.00995  0.80968  -231.47169  -233.42897  4.99985   768
124.00  0.05735  0.05780  0.01058  0.80968  -230.47987  -232.41731  4.99985   768
125.00  0.05736  0.05780  0.01103  0.80968  -229.76881  -231.69404  4.99985   768
126.00  0.05737  0.05780  0.01110  0.80968  -229.58266  -231.46211  4.99985   768
127.00  0.05738  0.05780  0.01079  0.80968  -230.08314  -231.91682  4.99985   768
128.00  0.05737  0.05780  0.01021  0.80968  -230.87202  -232.69655  4.99985   768
129.00  0.05736  0.05780  0.00953  0.80968  -231.93861  -233.74483  4.99985   768
130.00  0.05737  0.05780  0.00922  0.80968  -232.50166  -234.36281  4.99985   768
131.00  0.05737  0.05780  0.00921  0.80968  -232.49708  -234.37196  4.99985   768
132.00  0.05738  0.05780  0.00965  0.80968  -231.91115  -233.83943  4.99985   768
133.00  0.05736  0.05780  0.01031  0.80968  -230.87965  -232.82320  4.99985   768
134.00  0.05737  0.05780  0.01092  0.80968  -229.94734  -231.86800  4.99985   768
135.00  0.05737  0.05780  0.01109  0.80968  -229.61775  -231.50636  4.99985   768
136.00  0.05737  0.05780  0.01103  0.80968  -229.70930  -231.59181  4.99985   768
137.00  0.05737  0.05780  0.01055  0.80968  -230.39748  -232.21132  4.99985   768
138.00  0.05737  0.05780  0.00983  0.80968  -231.52357  -233.35573  4.99985   768
139.00  0.05736  0.05780  0.00942  0.80968  -232.20259  -234.08052  4.99985   768
140.00  0.05736  0.05780  0.00922  0.80968  -232.50929  -234.40706  4.99985   768
141.00  0.05736  0.05780  0.00951  0.80968  -232.12477  -234.04695  4.99985   768
142.00  0.05736  0.05780  0.01003  0.80968  -231.34810  -233.29469  4.99985   768
143.00  0.05736  0.05780  0.01070  0.80968  -230.32423  -232.26320  4.99985   768
144.00  0.05736  0.05780  0.01108  0.80968  -229.66658  -231.56740  4.99985   768
145.00  0.05737  0.05780  0.01114  0.80968  -229.56129  -231.41939  4.99985   768
146.00  0.05737  0.05780  0.01084  0.80968  -229.97786  -231.80543  4.99985   768
147.00  0.05736  0.05780  0.01032  0.80968  -230.74995  -232.56227  4.99985   768
148.00  0.05737  0.05780  0.00973  0.80968  -231.67464  -233.49458  4.99985   768
149.00  0.05737  0.05780  0.00931  0.80968  -232.33534  -234.18428  4.99985   768
150.00  0.05736  0.05780  0.00941  0.80968  -232.25142  -234.13698  4.99985   768
151.00  0.05736  0.05780  0.00986  0.80968  -231.57240  -233.50526  4.99985   768
152.00  0.05737  0.05780  0.01043  0.80968  -230.70265  -232.65382  4.99985   768
153.00  0.05736  0.05780  0.01088  0.80968  -230.00990  -231.92293  4.99985   768
154.00  0.05736  0.05780  0.01105  0.80968  -229.73219  -231.62538  4.99985   768
155.00  0.05736  0.05780  0.01090  0.80968  -229.87257  -231.73982  4.99985   768
156.00  0.05736  0.05780  0.01044  0.80968  -230.56227  -232.41579  4.99985   768
157.00  0.05735  0.05780  0.00987  0.80968  -231.48848  -233.33131  4.99985   768
158.00  0.05736  0.05780  0.00949  0.80968  -232.05611  -233.90047  4.99985   768
159.00  0.05737  0.05780  0.00936  0.80968  -232.36281  -234.24837  4.99985   768
160.00  0.05736  0.05780  0.00960  0.80968  -231.95082  -233.87147  4.99985   768
161.00  0.05737  0.05780  0.01021  0.80968  -231.07191  -233.01088  4.99985   768
162.00  0.05736  0.05780  0.01070  0.80968  -230.28609  -232.18843  4.99985   768
163.00  0.05736  0.05780  0.01090  0.80968  -229.97328  -231.83900  4.99985   768
164.00  0.05736  0.05780  0.01096  0.80968  -229.84816  -231.72304  4.99985   768
165.00  0.05737  0.05780  0.01061  0.80968  -230.31966  -232.15486  4.99985   768
166.00  0.05736  0.05780  0.00999  0.80968  -231.26265  -233.05971  4.99985   768
167.00  0.05736  0.05780  0.00954  0.80968  -231.96760  -233.80891  4.99985   768
168.00  0.05736  0.05780  0.00926  0.80968  -232.44368  -234.30025  4.99985   768
169.00  0.05736  0.05780  0.00932  0.80968  -232.36433  -234.28499  4.99985   768
170.00  0.05735  0.05780  0.00984  0.80968  -231.61055  -233.56477  4.99985   768
171.00  0.05737  0.05780  0.01045  0.80968  -230.66908  -232.59431  4.99985   768
172.00  0.05736  0.05780  0.01090  0.80968  -229.95497  -231.89241  4.99985   768
173.00  0.05736  0.05780  0.01101  0.80968  -229.78712  -231.67268  4.99985   768
174.00  0.05737  0.05780  0.01080  0.80968  -230.07857  -231.93971  4.99985   768
175.00  0.05737  0.05780  0.01026  0.80968  -230.84608  -232.66450  4.99985   768
176.00  0.05737  0.05780  0.00972  0.80968  -231.71278  -233.57393  4.99985   768
177.00  0.05737  0.05780  0.00931  0.80968  -232.36586  -234.21480  4.99985   768
178.00  0.05737  0.05780  0.00925  0.80968  -232.42995  -234.31856  4.99985   768
179.00  0.05736  0.05780  0.00955  0.80968  -232.01796  -233.93251  4.99985   768
180.00  0.05736  0.05780  0.01015  0.80968  -231.14210  -233.07802  4.99985   768
181.00  0.05737  0.05780  0.01077  0.80968  -230.14265  -232.05415  4.99985   768
182.00  0.05737  0.05780  0.01112  0.80968  -229.59944  -231.48500  4.99985   768
183.00  0.05736  0.05780  0.01106  0.80968  -229.65132  -231.51399  4.99985   768
184.00  0.05736  0.05780  0.01063  0.80968  -230.27540  -232.09993  4.99985   768
185.00  0.05736  0.05780  0.01005  0.80968  -231.18025  -233.01393  4.99985   768
186.00  0.05737  0.05780  0.00954  0.80968  -231.95387  -233.79213  4.99985   768
187.00  0.05737  0.05780  0.00928  0.80968  -232.35365  -234.23463  4.99985   768
188.00  0.05736  0.05780  0.00938  0.80968  -232.29414  -234.21022  4.99985   768
189.00  0.05735  0.05780  0.00989  0.80968  -231.55104  -233.51289  4.99985   768
190.00  0.05737  0.05780  0.01057  0.80968  -230.50886  -232.45393  4.99985   768
191.00  0.05737  0.05780  0.01110  0.80968  -229.65437  -231.58418  4.99985   768
192.00  0.05737  0.05780  0.01128  0.80968  -229.35530  -231.25154  4.99985   768
193.00  0.05735  0.05780  0.01095  0.80968  -229.74592  -231.56892  4.99985   768
194.00  0.05735  0.05780  0.01032  0.80968  -230.77284  -232.56990  4.99985   768
195.00  0.05737  0.05780  0.00977  0.80968  -231.58308  -233.41066  4.99985   768
196.00  0.05734  0.05780  0.00926  0.80968  -232.41011  -234.22548  4.99985   768
197.00  0.05736  0.05780  0.00926  0.80968  -232.45283  -234.34602  4.99985   768
198.00  0.05737  0.05780  0.00955  0.80968  -232.01491  -233.91572  4.99985   768
199.00  0.05736  0.05780  0.01013  0.80968  -231.16499  -233.09480  4.99985   768
200.00  0.05230  0.03757  0.01075  0.80968  -230.24336  -232.18843  4.99985   768
201.00  0.04005  0.03757  0.01057  0.80968  -230.37916  -232.20369  4.99985   768
202.00  0.03904  0.03757  0.01011  0.80968  -231.10243  -232.94221  4.99985   768
203.00  0.03874  0.03757  0.00971  0.80968  -231.72652  -233.57851  4.99985   768
204.00  0.03856  0.03757  0.00880  0.80968  -233.07997  -234.88008  4.99985   768
205.00  0.03843  0.03757  0.00799  0.80968  -234.33882  -236.16029  4.99985   768
206.00  0.03831  0.03757  0.00801  0.80968  -234.36781  -236.26100  4.99985   768
207.00  0.03824  0.03757  0.00799  0.80968  -234.42122  -236.34340  4.99985   768
208.00  0.03816  0.03757  0.00833  0.80968  -233.94362  -235.89479  4.99985   768
209.00  0.03808  0.03757  0.00922  0.80968  -232.59779  -234.54134  4.99985   768
210.00  0.03802  0.03757  0.00940  0.80968  -232.24989  -234.14613  4.99985   768
211.00  0.03796  0.03757  0.00973  0.80968  -231.76466  -233.67616  4.99985   768
212.00  0.03794  0.03757  0.00953  0.80968  -231.98134  -233.78755  4.99985   768
213.00  0.03790  0.03757  0.00878  0.80968  -233.09981  -234.92128  4.99985   768
214.00  0.03787  0.03757  0.00836  0.80968  -233.79713  -235.65370  4.99985   768
215.00  0.03785  0.03757  0.00779  0.80968  -234.62416  -236.42885  4.99985   768
216.00  0.03783  0.03757  0.00773  0.80968  -234.81184  -236.71724  4.99985   768
217.00  0.03783  0.03757  0.00844  0.80968  -233.82002  -235.76356  4.99985   768
218.00  0.03782  0.03757  0.00883  0.80968  -233.15321  -235.07387  4.99985   768
219.00  0.03779  0.03757  0.00945  0.80968  -232.23311  -234.19954  4.99985   768
220.00  0.03778  0.03757  0.00982  0.80968  -231.59682  -233.50679  4.99985   768
221.00  0.03778  0.03757  0.00961  0.80968  -231.87300  -233.74330  4.99985   768
222.00  0.03776  0.03757  0.00930  0.80968  -232.36433  -234.21175  4.99985   768
223.00  0.03776  0.03757  0.00866  0.80968  -233.32106  -235.15321  4.99985   768
224.00  0.03775  0.03757  0.00803  0.80968  -234.32509  -236.18623  4.99985   768
225.00  0.03774  0.03757  0.00798  0.80968  -234.41359  -236.30220  4.99985   768
226.00  0.03774  0.03757  0.00805  0.80968  -234.35408  -236.26253  4.99985   768
227.00  0.03773  0.03757  0.00859  0.80968  -233.59267  -235.54842  4.99985   768
228.00  0.03772  0.03757  0.00916  0.80968  -232.62373  -234.54744  4.99985   768
229.00  0.03772  0.03757  0.00958  0.80968  -231.94624  -233.86079  4.99985   768
230.00  0.03772  0.03757  0.00980  0.80968  -231.66243  -233.55562  4.99985   768
231.00  0.03771  0.03757  0.00942  0.80968  -232.13393  -233.94777  4.99985   768
232.00  0.03771  0.03757  0.00879  0.80968  -233.10896  -234.92738  4.99985   768
233.00  0.03770  0.03757  0.00829  0.80968  -233.89174  -235.72237  4.99985   768
234.00  0.03770  0.03757  0.00787  0.80968  -234.55702  -236.41359  4.99985   768
235.00  0.03770  0.03757  0.00783  0.80968  -234.64705  -236.54939  4.99985   768
236.00  0.03770  0.03757  0.00838  0.80968  -233.85054  -235.79256  4.99985   768
237.00  0.03770  0.03757  0.00889  0.80968  -233.02962  -234.98384  4.99985   768
238.00  0.03770  0.03757  0.00944  0.80968  -232.23769  -234.18123  4.99985   768
239.00  0.03769  0.03757  0.00976  0.80968  -231.68379  -233.57240  4.99985   768
240.00  0.03770  0.03757  0.00957  0.80968  -231.95235  -233.81959  4.99985   768
241.00  0.03768  0.03757  0.00916  0.80968  -232.56880  -234.42079  4.99985   768
242.00  0.03769  0.03757  0.00862  0.80968  -233.35921  -235.17610  4.99985   768
243.00  0.03768  0.03757  0.00808  0.80968  -234.24727  -236.10078  4.99985   768
244.00  0.03768  0.03757  0.00808  0.80968  -234.29610  -236.19997  4.99985   768
245.00  0.03767  0.03757  0.00834  0.80968  -233.87953  -235.79408  4.99985   768
246.00  0.03767  0.03757  0.00881  0.80968  -233.17457  -235.10896  4.99985   768
247.00  0.03769  0.03757  0.00940  0.80968  -232.27583  -234.18886  4.99985   768
248.00  0.03767  0.03757  0.00970  0.80968  -231.76771  -233.67769  4.99985   768
249.00  0.03767  0.03757  0.00979  0.80968  -231.60902  -233.47627  4.99985   768
250.00  0.03768  0.03757  0.00954  0.80968  -231.97981  -233.81959  4.99985   768
251.00  0.03768  0.03757  0.00895  0.80968  -232.87703  -234.70613  4.99985   768
252.00  0.03765  0.03757  0.00841  0.80968  -233.69643  -235.54231  4.99985   768
253.00  0.03767  0.03757  0.00807  0.80968  -234.25032  -236.12215  4.99985   768
254.00  0.03766  0.03757  0.00817  0.80968  -234.15266  -236.07027  4.99985   768
255.00  0.03766  0.03757  0.00857  0.80968  -233.54536  -235.47975  4.99985   768
256.00  0.03766  0.03757  0.00912  0.80968  -232.73360  -234.67714  4.99985   768
257.00  0.03766  0.03757  0.00957  0.80968  -232.03322  -233.99354  4.99985   768
258.00  0.03766  0.03757  0.00978  0.80968  -231.63496  -233.50069  4.99985   768
259.00  0.03765  0.03757  0.00964  0.80968  -231.81807  -233.69295  4.99985   768
260.00  0.03766  0.03757  0.00922  0.80968  -232.48183  -234.32161  4.99985   768
261.00  0.03766  0.03757  0.00864  0.80968  -233.29817  -235.10591  4.99985   768
262.00  0.03765  0.03757  0.00810  0.80968  -234.19844  -236.03059  4.99985   768
263.00  0.03765  0.03757  0.00804  0.80968  -234.30830  -236.18318  4.99985   768
264.00  0.03766  0.03757  0.00822  0.80968  -234.07942  -235.99245  4.99985   768
265.00  0.03766  0.03757  0.00891  0.80968  -233.01741  -234.95637  4.99985   768
266.00  0.03765  0.03757  0.00944  0.80968  -232.21327  -234.12935  4.99985   768
267.00  0.03766  0.03757  0.00985  0.80968  -231.56172  -233.46559  4.99985   768
268.00  0.03767  0.03757  0.00980  0.80968  -231.59682  -233.47780  4.99985   768
269.00  0.03764  0.03757  0.00932  0.80968  -232.30330  -234.15987  4.99985   768
270.00  0.03765  0.03757  0.00879  0.80968  -233.12270  -234.96248  4.99985   768
271.00  0.03764  0.03757  0.00822  0.80968  -233.99245  -235.84901  4.99985   768
272.00  0.03764  0.03757  0.00791  0.80968  -234.51735  -236.38155  4.99985   768
273.00  0.03765  0.03757  0.00810  0.80968  -234.30067  -236.22743  4.99985   768
274.00  0.03764  0.03757  0.00869  0.80968  -233.38362  -235.34242  4.99985   768
275.00  0.03764  0.03757  0.00930  0.80968  -232.47267  -234.43452  4.99985   768
276.00  0.03764  0.03757  0.00980  0.80968  -231.60292  -233.50221  4.99985   768
277.00  0.03764  0.03757  0.00995  0.80968  -231.37862  -233.26875  4.99985   768
278.00  0.03764  0.03757  0.00969  0.80968  -231.76466  -233.61513  4.99985   768
279.00  0.03764  0.03757  0.00913  0.80968  -232.57338  -234.39790  4.99985   768
280.00  0.03766  0.03757  0.00849  0.80968  -233.55910  -235.37904  4.99985   768
281.00  0.03764  0.03757  0.00805  0.80968  -234.28389  -236.12367  4.99985   768
282.00  0.03764  0.03757  0.00791  0.80968  -234.53108  -236.41206  4.99985   768
283.00  0.03763  0.03757  0.00827  0.80968  -234.01533  -235.92226  4.99985   768
284.00  0.03764  0.03757  0.00891  0.80968  -233.05098  -235.01588  4.99985   768
285.00  0.03763  0.03757  0.00950  0.80968  -232.13393  -234.06374  4.99985   768
286.00  0.03762  0.03757  0.00978  0.80968  -231.65327  -233.57240  4.99985   768
287.00  0.03763  0.03757  0.00975  0.80968  -231.65785  -233.52510  4.99985   768
288.00  0.03764  0.03757  0.00923  0.80968  -232.45436  -234.30025  4.99985   768
289.00  0.03764  0.03757  0.00866  0.80968  -233.31648  -235.17457  4.99985   768
290.00  0.03763  0.03757  0.00809  0.80968  -234.18318  -236.02449  4.99985   768
291.00  0.03763  0.03757  0.00780  0.80968  -234.69282  -236.56770  4.99985   768
292.00  0.03762  0.03757  0.00799  0.80968  -234.42732  -236.33119  4.99985   768
293.00  0.03762  0.03757  0.00849  0.80968  -233.64760  -235.59877  4.99985   768
294.00  0.03761  0.03757  0.00917  0.80968  -232.67866  -234.61763  4.99985   768
295.00  0.03763  0.03757  0.00969  0.80968  -231.79823  -233.71583  4.99985   768
296.00  0.03762  0.03757  0.00982  0.80968  -231.58156  -233.45033  4.99985   768
297.00  0.03764  0.03757  0.00956  0.80968  -231.94319  -233.76771  4.99985   768
298.00  0.03762  0.03757  0.00895  0.80968  -232.85872  -234.67256  4.99985   768
299.00  0.03763  0.03757  0.00830  0.80968  -233.83681  -235.65370  4.99985   768
300.00  0.03762  0.03757  0.00788  0.80968  -234.56007  -236.40443  4.99985   768
301.00  0.03763  0.03757  0.00785  0.80968  -234.62874  -236.50972  4.99985   768
302.00  0.03763  0.03757  0.00816  0.80968  -234.18013  -236.10231  4.99985   768
303.00  0.03762  0.03757  0.00882  0.80968  -233.20357  -235.17457  4.99985   768
304.00  0.03762  0.03757  0.00950  0.80968  -232.12630  -234.08357  4.99985   768
305.00  0.03762  0.03757  0.00978  0.80968  -231.65633  -233.55409  4.99985   768
306.00  0.03761  0.03757  0.00974  0.80968  -231.73720  -233.62276  4.99985   768
307.00  0.03761  0.03757  0.00931  0.80968  -232.33076  -234.17207  4.99985   768
308.00  0.03761  0.03757  0.00864  0.80968  -233.35310  -235.16695  4.99985   768
309.00  0.03762  0.03757  0.00804  0.80968  -234.21370  -236.04280  4.99985   768
310.00  0.03763  0.03757  0.00779  0.80968  -234.70503  -236.57228  4.99985   768
311.00  0.03761  0.03757  0.00797  0.80968  -234.47768  -236.38460  4.99985   768
312.00  0.03763  0.03757  0.00854  0.80968  -233.63844  -235.58046  4.99985   768
313.00  0.03761  0.03757  0.00920  0.80968  -232.62221  -234.56117  4.99985   768
314.00  0.03761  0.03757  0.00970  0.80968  -231.78450  -233.67921  4.99985   768
315.00  0.03761  0.03757  0.00976  0.80968  -231.66243  -233.52815  4.99985   768
316.00  0.03761  0.03757  0.00955  0.80968  -231.97523  -233.81807  4.99985   768
317.00  0.03761  0.03757  0.00898  0.80968  -232.83125  -234.65120  4.99985   768
318.00  0.03761  0.03757  0.00830  0.80968  -233.83223  -235.65523  4.99985   768
319.00  0.03761  0.03757  0.00784  0.80968  -234.59364  -236.44411  4.99985   768
320.00  0.03761  0.03757  0.00782  0.80968  -234.71419  -236.61500  4.99985   768
321.00  0.03761  0.03757  0.00812  0.80968  -234.24879  -236.18013  4.99985   768
322.00  0.03760  0.03757  0.00873  0.80968  -233.34853  -235.30427  4.99985   768
323.00  0.03761  0.03757  0.00930  0.80968  -232.45131  -234.40248  4.99985   768
324.00  0.03759  0.03757  0.00963  0.80968  -231.93556  -233.83638  4.99985   768
325.00  0.03762  0.03757  0.00956  0.80968  -231.94777  -233.83485  4.99985   768
326.00  0.03761  0.03757  0.00909  0.80968  -232.68019  -234.50166  4.99985   768
327.00  0.03760  0.03757  0.00854  0.80968  -233.43397  -235.26155  4.99985   768
328.00  0.03761  0.03757  0.00796  0.80968  -234.44105  -236.27626  4.99985   768
329.00  0.03759  0.03757  0.00779  0.80968  -234.72029  -236.58449  4.99985   768
330.00  0.03760  0.03757  0.00794  0.80968  -234.51735  -236.42122  4.99985   768
331.00  0.03760  0.03757  0.00852  0.80968  -233.65980  -235.58046  4.99985   768
332.00  0.03762  0.03757  0.00916  0.80968  -232.64509  -234.59627  4.99985   768
333.00  0.03760  0.03757  0.00965  0.80968  -231.89284  -233.81502  4.99985   768
334.00  0.03761  0.03757  0.00973  0.80968  -231.68379  -233.54188  4.99985   768
335.00  0.03760  0.03757  0.00951  0.80968  -232.06068  -233.90962  4.99985   768
336.00  0.03760  0.03757  0.00901  0.80968  -232.78242  -234.61305  4.99985   768
337.00  0.03760  0.03757  0.00837  0.80968  -233.73152  -235.57283  4.99985   768
338.00  0.03761  0.03757  0.00793  0.80968  -234.47157  -236.35255  4.99985   768
339.00  0.03759  0.03757  0.00798  0.80968  -234.46852  -236.38612  4.99985   768
340.00  0.03760  0.03757  0.00838  0.80968  -233.86122  -235.80171  4.99985   768
341.00  0.03759  0.03757  0.00904  0.80968  -232.85872  -234.82057  4.99985   768
342.00  0.03760  0.03757  0.00944  0.80968  -232.21785  -234.13698  4.99985   768
343.00  0.03759  0.03757  0.00977  0.80968  -231.69447  -233.61360  4.99985   768
344.00  0.03760  0.03757  0.00968  0.80968  -231.79365  -233.65633  4.99985   768
345.00  0.03761  0.03757  0.00935  0.80968  -232.24226  -234.08662  4.99985   768
346.00  0.03759  0.03757  0.00870  0.80968  -233.23408  -235.02351  4.99985   768
347.00  0.03759  0.03757  0.00820  0.80968  -234.07027  -235.90089  4.99985   768
348.00  0.03760  0.03757  0.00795  0.80968  -234.42732  -236.27016  4.99985   768
349.00  0.03759  0.03757  0.00814  0.80968  -234.19691  -236.11299  4.99985   768
350.00  0.03758  0.03757  0.00869  0.80968  -233.39278  -235.34395  4.99985   768
351.00  0.03757  0.03757  0.00930  0.80968  -232.42232  -234.38112  4.99985   768
352.00  0.03758  0.03757  0.00971  0.80968  -231.77992  -233.68989  4.99985   768
353.00  0.03759  0.03757  0.00973  0.80968  -231.70821  -233.59376  4.99985   768
354.00  0.03759  0.03757  0.00939  0.80968  -232.21785  -234.08357  4.99985   768
355.00  0.03758  0.03757  0.00888  0.80968  -232.97926  -234.80531  4.99985   768
356.00  0.03758  0.03757  0.00828  0.80968  -233.94667  -235.78645  4.99985   768
357.00  0.03758  0.03757  0.00793  0.80968  -234.46699  -236.35103  4.99985   768
358.00  0.03759  0.03757  0.00806  0.80968  -234.31135  -236.22133  4.99985   768
359.00  0.03757  0.03757  0.00841  0.80968  -233.86427  -235.76967  4.99985   768
360.00  0.03759  0.03757  0.00903  0.80968  -232.88161  -234.84193  4.99985   768
361.00  0.03759  0.03757  0.00964  0.80968  -231.87758  -233.81654  4.99985   768
362.00  0.03759  0.03757  0.00979  0.80968  -231.64564  -233.52663  4.99985   768
363.00  0.03759  0.03757  0.00965  0.80968  -231.82570  -233.65327  4.99985   768
364.00  0.03759  0.03757  0.00933  0.80968  -232.31856  -234.15224  4.99985   768
365.00  0.03759  0.03757  0.00863  0.80968  -233.34853  -235.15169  4.99985   768
366.00  0.03759  0.03757  0.00822  0.80968  -234.03059  -235.88869  4.99985   768
367.00  0.03758  0.03757  0.00805  0.80968  -234.29610  -236.16182  4.99985   768
368.00  0.03759  0.03757  0.00823  0.80968  -234.08095  -235.98787  4.99985   768
369.00  0.03758  0.03757  0.00873  0.80968  -233.30275  -235.27071  4.99985   768
370.00  0.03759  0.03757  0.00947  0.80968  -232.21785  -234.17207  4.99985   768
371.00  0.03758  0.03757  0.00976  0.80968  -231.72041  -233.61513  4.99985   768
372.00  0.03757  0.03757  0.00984  0.80968  -231.55104  -233.43507  4.99985   768
373.00  0.03758  0.03757  0.00950  0.80968  -232.03017  -233.88521  4.99985   768
374.00  0.03757  0.03757  0.00887  0.80968  -232.97926  -234.81447  4.99985   768
375.00  0.03759  0.03757  0.00827  0.80968  -233.90089  -235.73915  4.99985   768
376.00  0.03758  0.03757  0.00801  0.80968  -234.41511  -236.31288  4.99985   768
377.00  0.03759  0.03757  0.00800  0.80968  -234.40901  -236.30525  4.99985   768
378.00  0.03757  0.03757  0.00844  0.80968  -233.76814  -235.69643  4.99985   768
379.00  0.03758  0.03757  0.00903  0.80968  -232.89687  -234.81294  4.99985   768
380.00  0.03758  0.03757  0.00953  0.80968  -232.09730  -234.01338  4.99985   768
381.00  0.03758  0.03757  0.00972  0.80968  -231.75856  -233.64107  4.99985   768
382.00  0.03758  0.03757  0.00962  0.80968  -231.85316  -233.71431  4.99985   768
383.00  0.03758  0.03757  0.00919  0.80968  -232.49403  -234.31703  4.99985   768
384.00  0.03758  0.03757  0.00857  0.80968  -233.49501  -235.31038  4.99985   768
385.00  0.03757  0.03757  0.00816  0.80968  -234.14503  -235.98024  4.99985   768
386.00  0.03757  0.03757  0.00803  0.80968  -234.34492  -236.24269  4.99985   768
387.00  0.03758  0.03757  0.00822  0.80968  -234.11146  -236.00770  4.99985   768
388.00  0.03757  0.03757  0.00876  0.80968  -233.28902  -235.24782  4.99985   768
389.00  0.03758  0.03757  0.00942  0.80968  -232.27736  -234.23463  4.99985   768
390.00  0.03758  0.03757  0.00977  0.80968  -231.68989  -233.59376  4.99985   768
391.00  0.03759  0.03757  0.00982  0.80968  -231.58308  -233.48543  4.99985   768
392.00  0.03757  0.03757  0.00949  0.80968  -232.03169  -233.86690  4.99985   768
393.00  0.03758  0.03757  0.00899  0.80968  -232.84804  -234.68782  4.99985   768
394.00  0.03757  0.03757  0.00844  0.80968  -233.65828  -235.51179  4.99985   768
395.00  0.03757  0.03757  0.00811  0.80968  -234.14656  -236.00008  4.99985   768
396.00  0.03756  0.03757  0.00819  0.80968  -234.14046  -236.03212  4.99985   768
397.00  0.03758  0.03757  0.00857  0.80968  -233.54994  -235.45839  4.99985   768
398.00  0.03757  0.03757  0.00910  0.80968  -232.72444  -234.66035  4.99985   768
399.00  0.03758  0.03757  0.00964  0.80968  -231.87910  -233.79060  4.99985   768
400.00  0.03758  0.03757  0.00978  0.80968  -231.64107  -233.51442  4.99985   768
401.00  0.03758  0.03757  0.00959  0.80968  -231.90962  -233.77229  4.99985   768
402.00  0.03757  0.03757  0.00908  0.80968  -232.61305  -234.43910  4.99985   768
403.00  0.03758  0.03757  0.00839  0.80968  -233.70711  -235.53163  4.99985   768
404.00  0.03757  0.03757  0.00801  0.80968  -234.32204  -236.18623  4.99985   768
405.00  0.03756  0.03757  0.00781  0.80968  -234.69130  -236.57381  4.99985   768
406.00  0.03757  0.03757  0.00809  0.80968  -234.31288  -236.26100  4.99985   768
407.00  0.03757  0.03757  0.00859  0.80968  -233.53163  -235.47822  4.99985   768
408.00  0.03757  0.03757  0.00933  0.80968  -232.40553  -234.36128  4.99985   768
409.00  0.03758  0.03757  0.00960  0.80968  -231.94929  -233.84096  4.99985   768
410.00  0.03756  0.03757  0.00948  0.80968  -232.07136  -233.93556  4.99985   768
411.00  0.03757  0.03757  0.00926  0.80968  -232.38417  -234.23769  4.99985   768
412.00  0.03757  0.03757  0.00867  0.80968  -233.26918  -235.08760  4.99985   768
413.00  0.03756  0.03757  0.00809  0.80968  -234.20149  -236.03212  4.99985   768
414.00  0.03756  0.03757  0.00790  0.80968  -234.52498  -236.40901  4.99985   768
415.00  0.03757  0.03757  0.00802  0.80968  -234.38612  -236.27473  4.99985   768
416.00  0.03756  0.03757  0.00854  0.80968  -233.61250  -235.55910  4.99985   768
417.00  0.03757  0.03757  0.00921  0.80968  -232.60542  -234.51997  4.99985   768
418.00  0.03757  0.03757  0.00969  0.80968  -231.85011  -233.78908  4.99985   768
419.00  0.03756  0.03757  0.00984  0.80968  -231.51442  -233.40761  4.99985   768
420.00  0.03756  0.03757  0.00965  0.80968  -231.80128  -233.67311  4.99985   768
421.00  0.03756  0.03757  0.00909  0.80968  -232.67103  -234.49403  4.99985   768
422.00  0.03756  0.03757  0.00844  0.80968  -233.64455  -235.48585  4.99985   768
423.00  0.03756  0.03757  0.00802  0.80968  -234.33424  -236.20912  4.99985   768
424.00  0.03756  0.03757  0.00795  0.80968  -234.46547  -236.36171  4.99985   768
425.00  0.03756  0.03757  0.00824  0.80968  -234.07179  -236.00313  4.99985   768
426.00  0.03756  0.03757  0.00886  0.80968  -233.09676  -235.04945  4.99985   768
427.00  0.03756  0.03757  0.00939  0.80968  -232.29567  -234.20869  4.99985   768
428.00  0.03757  0.03757  0.00965  0.80968  -231.87300  -233.76771  4.99985   768
429.00  0.03755  0.03757  0.00957  0.80968  -231.97676  -233.84553  4.99985   768
430.00  0.03755  0.03757  0.00919  0.80968  -232.49403  -234.32619  4.99985   768
431.00  0.03756  0.03757  0.00855  0.80968  -233.47212  -235.27071  4.99985   768
432.00  0.03756  0.03757  0.00799  0.80968  -234.31593  -236.15572  4.99985   768
433.00  0.03755  0.03757  0.00777  0.80968  -234.70961  -236.56465  4.99985   768
434.00  0.03757  0.03757  0.00787  0.80968  -234.63942  -236.54634  4.99985   768
435.00  0.03754  0.03757  0.00844  0.80968  -233.80781  -235.75288  4.99985   768
436.00  0.03755  0.03757  0.00910  0.80968  -232.75954  -234.69087  4.99985   768
437.00  0.03756  0.03757  0.00959  0.80968  -232.01643  -233.92946  4.99985   768
438.00  0.03755  0.03757  0.00971  0.80968  -231.75398  -233.65938  4.99985   768
439.00  0.03756  0.03757  0.00953  0.80968  -232.02101  -233.88521  4.99985   768
440.00  0.03755  0.03757  0.00893  0.80968  -232.89992  -234.71376  4.99985   768
441.00  0.03756  0.03757  0.00829  0.80968  -233.87953  -235.69948  4.99985   768
442.00  0.03756  0.03757  0.00796  0.80968  -234.42732  -236.31441  4.99985   768
443.00  0.03756  0.03757  0.00790  0.80968  -234.55702  -236.45479  4.99985   768
444.00  0.03757  0.03757  0.00824  0.80968  -234.05196  -235.99397  4.99985   768
445.00  0.03757  0.03757  0.00891  0.80968  -233.04488  -234.99147  4.99985   768
446.00  0.03755  0.03757  0.00952  0.80968  -232.09883  -234.00575  4.99985   768
447.00  0.03756  0.03757  0.00992  0.80968  -231.47017  -233.38930  4.99985   768
448.00  0.03756  0.03757  0.00987  0.80968  -231.48085  -233.34047  4.99985   768
449.00  0.03755  0.03757  0.00943  0.80968  -232.12782  -233.95387  4.99985   768
450.00  0.03756  0.03757  0.00871  0.80968  -233.23561  -235.04030  4.99985   768
451.00  0.03755  0.03757  0.00827  0.80968  -233.88258  -235.74220  4.99985   768
452.00  0.03756  0.03757  0.00804  0.80968  -234.29915  -236.15877  4.99985   768
453.00  0.03755  0.03757  0.00812  0.80968  -234.23506  -236.16487  4.99985   768
454.00  0.03756  0.03757  0.00870  0.80968  -233.37294  -235.32259  4.99985   768
455.00  0.03754  0.03757  0.00923  0.80968  -232.50319  -234.44978  4.99985   768
456.00  0.03755  0.03757  0.00969  0.80968  -231.83485  -233.76314  4.99985   768
457.00  0.03755  0.03757  0.00992  0.80968  -231.46406  -233.36336  4.99985   768
458.00  0.03755  0.03757  0.00962  0.80968  -231.80128  -233.63801  4.99985   768
459.00  0.03755  0.03757  0.00904  0.80968  -232.75038  -234.57948  4.99985   768
460.00  0.03754  0.03757  0.00845  0.80968  -233.59877  -235.44466  4.99985   768
461.00  0.03756  0.03757  0.00805  0.80968  -234.30067  -236.13435  4.99985   768
462.00  0.03755  0.03757  0.00798  0.80968  -234.38307  -236.27931  4.99985   768
463.00  0.03754  0.03757  0.00840  0.80968  -233.85207  -235.78035  4.99985   768
464.00  0.03757  0.03757  0.00894  0.80968  -232.99147  -234.93196  4.99985   768
465.00  0.03756  0.03757  0.00950  0.80968  -232.12324  -234.03627  4.99985   768
466.00  0.03756  0.03757  0.00984  0.80968  -231.58461  -233.48085  4.99985   768
467.00  0.03755  0.03757  0.00987  0.80968  -231.47475  -233.34352  4.99985   768
468.00  0.03753  0.03757  0.00940  0.80968  -232.17207  -233.98286  4.99985   768
469.00  0.03755  0.03757  0.00881  0.80968  -233.09370  -234.92433  4.99985   768
470.00  0.03755  0.03757  0.00825  0.80968  -233.92836  -235.78798  4.99985   768
471.00  0.03755  0.03757  0.00802  0.80968  -234.35255  -236.23354  4.99985   768
472.00  0.03754  0.03757  0.00817  0.80968  -234.15114  -236.08095  4.99985   768
473.00  0.03755  0.03757  0.00868  0.80968  -233.41261  -235.37599  4.99985   768
474.00  0.03755  0.03757  0.00930  0.80968  -232.45436  -234.39180  4.99985   768
475.00  0.03754  0.03757  0.00979  0.80968  -231.68989  -233.62886  4.99985   768
476.00  0.03756  0.03757  0.00991  0.80968  -231.40761  -233.28554  4.99985   768
477.00  0.03755  0.03757  0.00964  0.80968  -231.80739  -233.66853  4.99985   768
478.00  0.03755  0.03757  0.00898  0.80968  -232.81752  -234.62526  4.99985   768
479.00  0.03755  0.03757  0.00838  0.80968  -233.73457  -235.55452  4.99985   768
480.00  0.03754  0.03757  0.00805  0.80968  -234.29915  -236.16182  4.99985   768
481.00  0.03755  0.03757  0.00805  0.80968  -234.28694  -236.16029  4.99985   768
482.00  0.03755  0.03757  0.00838  0.80968  -233.83986  -235.75288  4.99985   768
483.00  0.03755  0.03757  0.00895  0.80968  -232.98079  -234.91975  4.99985   768
484.00  0.03754  0.03757  0.00954  0.80968  -232.11714  -234.04237  4.99985   768
485.00  0.03754  0.03757  0.00982  0.80968  -231.61207  -233.49306  4.99985   768
486.00  0.03754  0.03757  0.00970  0.80968  -231.74940  -233.61513  4.99985   768
487.00  0.03753  0.03757  0.00921  0.80968  -232.48183  -234.31551  4.99985   768
488.00  0.03755  0.03757  0.00858  0.80968  -233.39888  -235.23714  4.99985   768
489.00  0.03754  0.03757  0.00803  0.80968  -234.33882  -236.20454  4.99985   768
490.00  0.03754  0.03757  0.00793  0.80968  -234.50972  -236.40749  4.99985   768
491.00  0.03755  0.03757  0.00819  0.80968  -234.14961  -236.08400  4.99985   768
492.00  0.03754  0.03757  0.00868  0.80968  -233.41566  -235.35615  4.99985   768
493.00  0.03755  0.03757  0.00929  0.80968  -232.45131  -234.37196  4.99985   768
494.00  0.03755  0.03757  0.00979  0.80968  -231.70210  -233.62581  4.99985   768
495.00  0.03754  0.03757  0.00995  0.80968  -231.39235  -233.28249  4.99985   768
496.00  0.03754  0.03757  0.00958  0.80968  -231.89894  -233.71126  4.99985   768
497.00  0.03756  0.03757  0.00904  0.80968  -232.68172  -234.51540  4.99985   768
498.00  0.03755  0.03757  0.00843  0.80968  -233.67049  -235.47822  4.99985   768
499.00  0.03755  0.03757  0.00802  0.80968  -234.33119  -236.17708  4.99985   768
500.00  0.03754  0.03757  0.00804  0.80968  -234.34798  -236.23354  4.99985   768
501.00  0.03755  0.03757  0.00858  0.80968  -233.58046  -235.52400  4.99985   768
502.00  0.03753  0.03757  0.00915  0.80968  -232.71529  -234.66646  4.99985   768
503.00  0.03754  0.03757  0.00963  0.80968  -231.91267  -233.84859  4.99985   768
504.00  0.03753  0.03757  0.00988  0.80968  -231.50679  -233.40150  4.99985   768
505.00  0.03756  0.03757  0.00980  0.80968  -231.59224  -233.46864  4.99985   768
506.00  0.03755  0.03757  0.00930  0.80968  -232.32008  -234.15529  4.99985   768
507.00  0.03753  0.03757  0.00857  0.80968  -233.43703  -235.26918  4.99985   768
508.00  0.03755  0.03757  0.00796  0.80968  -234.38307  -236.22438  4.99985   768
509.00  0.03755  0.03757  0.00787  0.80968  -234.55550  -236.46394  4.99985   768
510.00  0.03753  0.03757  0.00812  0.80968  -234.26405  -236.17860  4.99985   768
511.00  0.03755  0.03757  0.00868  0.80968  -233.43092  -235.37141  4.99985   768
512.00  0.03753  0.03757  0.00927  0.80968  -232.43758  -234.35976  4.99985   768
513.00  0.03755  0.03757  0.00962  0.80968  -231.90352  -233.79365  4.99985   768
514.00  0.03754  0.03757  0.00958  0.80968  -231.94319  -233.80434  4.99985   768
515.00  0.03753  0.03757  0.00939  0.80968  -232.19038  -234.03322  4.99985   768
516.00  0.03755  0.03757  0.00874  0.80968  -233.16695  -234.97621  4.99985   768
517.00  0.03754  0.03757  0.00819  0.80968  -234.09468  -235.92836  4.99985   768
518.00  0.03754  0.03757  0.00783  0.80968  -234.63789  -236.50209  4.99985   768
519.00  0.03756  0.03757  0.00782  0.80968  -234.71266  -236.60432  4.99985   768
520.00  0.03755  0.03757  0.00828  0.80968  -233.99855  -235.94514  4.99985   768
521.00  0.03755  0.03757  0.00896  0.80968  -232.95180  -234.91060  4.99985   768
522.00  0.03755  0.03757  0.00945  0.80968  -232.23158  -234.15834  4.99985   768
523.00  0.03754  0.03757  0.00971  0.80968  -231.79060  -233.69447  4.99985   768
524.00  0.03754  0.03757  0.00947  0.80968  -232.11104  -233.98439  4.99985   768
525.00  0.03754  0.03757  0.00899  0.80968  -232.79158  -234.63594  4.99985   768
526.00  0.03755  0.03757  0.00844  0.80968  -233.64607  -235.46754  4.99985   768
527.00  0.03753  0.03757  0.00797  0.80968  -234.42580  -236.27931  4.99985   768
528.00  0.03754  0.03757  0.00787  0.80968  -234.57838  -236.45784  4.99985   768
529.00  0.03754  0.03757  0.00807  0.80968  -234.32814  -236.24727  4.99985   768
530.00  0.03754  0.03757  0.00868  0.80968  -233.38209  -235.32716  4.99985   768
531.00  0.03754  0.03757  0.00936  0.80968  -232.33687  -234.25294  4.99985   768
532.00  0.03753  0.03757  0.00974  0.80968  -231.77382  -233.66548  4.99985   768
533.00  0.03754  0.03757  0.00979  0.80968  -231.61055  -233.47169  4.99985   768
534.00  0.03754  0.03757  0.00944  0.80968  -232.09273  -233.93251  4.99985   768
535.00  0.03753  0.03757  0.00873  0.80968  -233.18220  -235.00215  4.99985   768
536.00  0.03754  0.03757  0.00815  0.80968  -234.12062  -235.95735  4.99985   768
537.00  0.03755  0.03757  0.00782  0.80968  -234.66383  -236.52040  4.99985   768
538.00  0.03754  0.03757  0.00784  0.80968  -234.66688  -236.59669  4.99985   768
539.00  0.03754  0.03757  0.00834  0.80968  -233.91005  -235.87190  4.99985   768
540.00  0.03753  0.03757  0.00901  0.80968  -232.92280  -234.89534  4.99985   768
541.00  0.03752  0.03757  0.00948  0.80968  -232.11561  -234.04085  4.99985   768
542.00  0.03754  0.03757  0.00975  0.80968  -231.71431  -233.60902  4.99985   768
543.00  0.03753  0.03757  0.00960  0.80968  -231.89436  -233.74635  4.99985   768
544.00  0.03753  0.03757  0.00902  0.80968  -232.74275  -234.57033  4.99985   768
545.00  0.03755  0.03757  0.00836  0.80968  -233.78645  -235.59419  4.99985   768
546.00  0.03754  0.03757  0.00797  0.80968  -234.39680  -236.25337  4.99985   768
547.00  0.03755  0.03757  0.00775  0.80968  -234.76149  -236.61653  4.99985   768
548.00  0.03754  0.03757  0.00800  0.80968  -234.42732  -236.32967  4.99985   768
549.00  0.03753  0.03757  0.00866  0.80968  -233.42482  -235.37141  4.99985   768
550.00  0.03754  0.03757  0.00928  0.80968  -232.51082  -234.44520  4.99985   768
551.00  0.03753  0.03757  0.00967  0.80968  -231.86079  -233.76924  4.99985   768
552.00  0.03755  0.03757  0.00976  0.80968  -231.68379  -233.56020  4.99985   768
553.00  0.03753  0.03757  0.00940  0.80968  -232.20412  -234.04542  4.99985   768
554.00  0.03754  0.03757  0.00886  0.80968  -233.03572  -234.87550  4.99985   768
555.00  0.03753  0.03757  0.00824  0.80968  -233.93294  -235.77577  4.99985   768
556.00  0.03754  0.03757  0.00784  0.80968  -234.61958  -236.50514  4.99985   768
557.00  0.03753  0.03757  0.00791  0.80968  -234.58296  -236.48836  4.99985   768
558.00  0.03754  0.03757  0.00848  0.80968  -233.73152  -235.68880  4.99985   768
559.00  0.03753  0.03757  0.00912  0.80968  -232.72444  -234.67561  4.99985   768
560.00  0.03753  0.03757  0.00953  0.80968  -232.03780  -233.96150  4.99985   768
561.00  0.03752  0.03757  0.00979  0.80968  -231.65327  -233.52815  4.99985   768
562.00  0.03753  0.03757  0.00965  0.80968  -231.78450  -233.65633  4.99985   768
563.00  0.03753  0.03757  0.00916  0.80968  -232.55049  -234.37654  4.99985   768
564.00  0.03754  0.03757  0.00856  0.80968  -233.46754  -235.27376  4.99985   768
565.00  0.03753  0.03757  0.00806  0.80968  -234.21980  -236.05348  4.99985   768
566.00  0.03752  0.03757  0.00795  0.80968  -234.46547  -236.35713  4.99985   768
567.00  0.03753  0.03757  0.00830  0.80968  -233.99245  -235.92226  4.99985   768
568.00  0.03753  0.03757  0.00888  0.80968  -233.07997  -235.01741  4.99985   768
569.00  0.03753  0.03757  0.00947  0.80968  -232.20869  -234.13850  4.99985   768
570.00  0.03753  0.03757  0.00986  0.80968  -231.52510  -233.44881  4.99985   768
571.00  0.03754  0.03757  0.00985  0.80968  -231.49763  -233.38624  4.99985   768
572.00  0.03754  0.03757  0.00952  0.80968  -232.04237  -233.89589  4.99985   768
573.00  0.03753  0.03757  0.00896  0.80968  -232.85719  -234.69240  4.99985   768
574.00  0.03754  0.03757  0.00843  0.80968  -233.71016  -235.54994  4.99985   768
575.00  0.03753  0.03757  0.00817  0.80968  -234.12215  -236.02296  4.99985   768
576.00  0.03754  0.03757  0.00827  0.80968  -233.97108  -235.88258  4.99985   768
577.00  0.03752  0.03757  0.00868  0.80968  -233.40498  -235.33327  4.99985   768
578.00  0.03753  0.03757  0.00938  0.80968  -232.32008  -234.26820  4.99985   768
579.00  0.03753  0.03757  0.00991  0.80968  -231.46559  -233.38014  4.99985   768
580.00  0.03752  0.03757  0.01001  0.80968  -231.30080  -233.18941  4.99985   768
581.00  0.03752  0.03757  0.00989  0.80968  -231.44575  -233.28706  4.99985   768
582.00  0.03753  0.03757  0.00942  0.80968  -232.12935  -233.95540  4.99985   768
583.00  0.03754  0.03757  0.00876  0.80968  -233.14406  -234.96706  4.99985   768
584.00  0.03753  0.03757  0.00840  0.80968  -233.71779  -235.56215  4.99985   768
585.00  0.03753  0.03757  0.00834  0.80968  -233.85664  -235.76051  4.99985   768
586.00  0.03752  0.03757  0.00861  0.80968  -233.49654  -235.41566  4.99985   768
587.00  0.03753  0.03757  0.00924  0.80968  -232.56880  -234.52302  4.99985   768
588.00  0.03754  0.03757  0.00981  0.80968  -231.66853  -233.61970  4.99985   768
589.00  0.03753  0.03757  0.01010  0.80968  -231.20314  -233.12074  4.99985   768
590.00  0.03753  0.03757  0.01006  0.80968  -231.21077  -233.08412  4.99985   768
591.00  0.03752  0.03757  0.00965  0.80968  -231.81349  -233.64870  4.99985   768
592.00  0.03752  0.03757  0.00905  0.80968  -232.71223  -234.53676  4.99985   768
593.00  0.03751  0.03757  0.00848  0.80968  -233.56673  -235.42482  4.99985   768
594.00  0.03754  0.03757  0.00828  0.80968  -233.92989  -235.80934  4.99985   768
595.00  0.03753  0.03757  0.00833  0.80968  -233.91157  -235.80019  4.99985   768
596.00  0.03752  0.03757  0.00882  0.80968  -233.19289  -235.14253  4.99985   768
597.00  0.03753  0.03757  0.00949  0.80968  -232.16444  -234.10493  4.99985   768
598.00  0.03753  0.03757  0.01002  0.80968  -231.31911  -233.22603  4.99985   768
599.00  0.03754  0.03757  0.01021  0.80968  -231.00935  -232.89796  4.99985   768
600.00  0.03753  0.03757  0.01010  0.80968  -231.12990  -232.97121  4.99985   768
601.00  0.03752  0.03757  0.00970  0.80968  -231.71126  -233.54341  4.99985   768
602.00  0.03751  0.03757  0.00903  0.80968  -232.75038  -234.58101  4.99985   768
603.00  0.03753  0.03757  0.00860  0.80968  -233.45686  -235.30580  4.99985   768
604.00  0.03752  0.03757  0.00850  0.80968  -233.65370  -235.56215  4.99985   768
605.00  0.03751  0.03757  0.00888  0.80968  -233.10438  -235.04030  4.99985   768
606.00  0.03753  0.03757  0.00948  0.80968  -232.21175  -234.17207  4.99985   768
607.00  0.03753  0.03757  0.01019  0.80968  -231.07649  -233.04597  4.99985   768
608.00  0.03752  0.03757  0.01051  0.80968  -230.55006  -232.44325  4.99985   768
609.00  0.03752  0.03757  0.01052  0.80968  -230.47224  -232.36543  4.99985   768
610.00  0.03754  0.03757  0.01019  0.80968  -230.97121  -232.81099  4.99985   768
611.00  0.03753  0.03757  0.00958  0.80968  -231.87453  -233.67158  4.99985   768
612.00  0.03753  0.03757  0.00900  0.80968  -232.82667  -234.66798  4.99985   768
613.00  0.03752  0.03757  0.00875  0.80968  -233.23103  -235.08302  4.99985   768
614.00  0.03753  0.03757  0.00883  0.80968  -233.13338  -235.02351  4.99985   768
615.00  0.03753  0.03757  0.00934  0.80968  -232.39485  -234.31398  4.99985   768
616.00  0.03751  0.03757  0.00999  0.80968  -231.36641  -233.31758  4.99985   768
617.00  0.03752  0.03757  0.01042  0.80968  -230.71638  -232.62331  4.99985   768
618.00  0.03750  0.03757  0.01059  0.80968  -230.38069  -232.26778  4.99985   768
619.00  0.03753  0.03757  0.01038  0.80968  -230.69807  -232.55464  4.99985   768
620.00  0.03752  0.03757  0.00984  0.80968  -231.49611  -233.34657  4.99985   768
621.00  0.03753  0.03757  0.00933  0.80968  -232.31245  -234.15224  4.99985   768
622.00  0.03751  0.03757  0.00882  0.80968  -233.09370  -234.93349  4.99985   768
623.00  0.03752  0.03757  0.00876  0.80968  -233.23866  -235.14253  4.99985   768
624.00  0.03753  0.03757  0.00916  0.80968  -232.67256  -234.62373  4.99985   768
625.00  0.03751  0.03757  0.00968  0.80968  -231.84859  -233.79823  4.99985   768
626.00  0.03751  0.03757  0.01033  0.80968  -230.89339  -232.84151  4.99985   768
627.00  0.03753  0.03757  0.01089  0.80968  -229.97175  -231.88478  4.99985   768
628.00  0.03752  0.03757  0.01104  0.80968  -229.67573  -231.54909  4.99985   768
629.00  0.03752  0.03757  0.01078  0.80968  -230.05568  -231.89241  4.99985   768
630.00  0.03752  0.03757  0.01021  0.80968  -230.92238  -232.72859  4.99985   768
631.00  0.03753  0.03757  0.00972  0.80968  -231.73415  -233.56935  4.99985   768
632.00  0.03752  0.03757  0.00954  0.80968  -232.00575  -233.88673  4.99985   768
633.00  0.03753  0.03757  0.00984  0.80968  -231.62886  -233.54341  4.99985   768
634.00  0.03752  0.03757  0.01042  0.80968  -230.70418  -232.64925  4.99985   768
635.00  0.03752  0.03757  0.01103  0.80968  -229.81001  -231.72761  4.99985   768
636.00  0.03753  0.03757  0.01134  0.80968  -229.28969  -231.19813  4.99985   768
637.00  0.03752  0.03757  0.01135  0.80968  -229.23018  -231.11726  4.99985   768
638.00  0.03752  0.03757  0.01110  0.80968  -229.60707  -231.46516  4.99985   768
639.00  0.03752  0.03757  0.01080  0.80968  -230.01143  -231.88020  4.99985   768
640.00  0.03752  0.03757  0.01032  0.80968  -230.78657  -232.62636  4.99985   768
641.00  0.03751  0.03757  0.00983  0.80968  -231.55104  -233.41066  4.99985   768
642.00  0.03751  0.03757  0.00975  0.80968  -231.70668  -233.61513  4.99985   768
643.00  0.03753  0.03757  0.00985  0.80968  -231.56630  -233.46101  4.99985   768
644.00  0.03752  0.03757  0.01054  0.80968  -230.53633  -232.48903  4.99985   768
645.00  0.03751  0.03757  0.01108  0.80968  -229.68794  -231.59181  4.99985   768
646.00  0.03752  0.03757  0.01119  0.80968  -229.49415  -231.36903  4.99985   768
647.00  0.03753  0.03757  0.01106  0.80968  -229.66963  -231.51399  4.99985   768
648.00  0.03751  0.03757  0.01075  0.80968  -230.13502  -231.96413  4.99985   768
649.00  0.03752  0.03757  0.01023  0.80968  -230.90559  -232.73622  4.99985   768
650.00  0.03752  0.03757  0.00989  0.80968  -231.48238  -233.32979  4.99985   768
651.00  0.03751  0.03757  0.00983  0.80968  -231.56782  -233.42744  4.99985   768
652.00  0.03753  0.03757  0.00993  0.80968  -231.44118  -233.35268  4.99985   768
653.00  0.03752  0.03757  0.01045  0.80968  -230.68587  -232.62636  4.99985   768
654.00  0.03751  0.03757  0.01120  0.80968  -229.57350  -231.52620  4.99985   768
655.00  0.03752  0.03757  0.01168  0.80968  -228.79378  -230.72359  4.99985   768
656.00  0.03752  0.03757  0.01177  0.80968  -228.62440  -230.52217  4.99985   768
657.00  0.03752  0.03757  0.01178  0.80968  -228.60304  -230.48860  4.99985   768
658.00  0.03751  0.03757  0.01143  0.80968  -229.06843  -230.91279  4.99985   768
659.00  0.03752  0.03757  0.01115  0.80968  -229.55824  -231.41328  4.99985   768
660.00  0.03752  0.03757  0.01109  0.80968  -229.64979  -231.53078  4.99985   768
661.00  0.03750  0.03757  0.01116  0.80968  -229.48500  -231.40413  4.99985   768
662.00  0.03752  0.03757  0.01191  0.80968  -228.48707  -230.45503  4.99985   768
663.00  0.03750  0.03757  0.01276  0.80968  -227.13209  -229.08937  4.99985   768
664.00  0.03751  0.03757  0.01350  0.80968  -225.99531  -227.93733  4.99985   768
665.00  0.03752  0.03757  0.01386  0.80968  -225.38344  -227.26900  4.99985   768
666.00  0.03753  0.03757  0.01380  0.80968  -225.43837  -227.28883  4.99985   768
667.00  0.03751  0.03757  0.01334  0.80968  -226.12807  -227.95869  4.99985   768
668.00  0.03751  0.03757  0.01288  0.80968  -226.80556  -228.65755  4.99985   768
669.00  0.03751  0.03757  0.01257  0.80968  -227.32283  -229.17482  4.99985   768
670.00  0.03751  0.03757  0.01250  0.80968  -227.49983  -229.37318  4.99985   768
671.00  0.03751  0.03757  0.01276  0.80968  -227.12599  -229.04817  4.99985   768
672.00  0.03751  0.03757  0.01322  0.80968  -226.44545  -228.38289  4.99985   768
673.00  0.03751  0.03757  0.01389  0.80968  -225.41853  -227.37886  4.99985   768
674.00  0.03751  0.03757  0.01442  0.80968  -224.59303  -226.53047  4.99985   768
675.00  0.03751  0.03757  0.01467  0.80968  -224.14900  -226.04066  4.99985   768
676.00  0.03752  0.03757  0.01443  0.80968  -224.48469  -226.35499  4.99985   768
677.00  0.03752  0.03757  0.01382  0.80968  -225.36360  -227.15455  4.99985   768
678.00  0.03753  0.03757  0.01332  0.80968  -226.14943  -227.98463  4.99985   768
679.00  0.03751  0.03757  0.01318  0.80968  -226.40883  -228.28065  4.99985   768
680.00  0.03752  0.03757  0.01347  0.80968  -226.02431  -227.94191  4.99985   768
681.00  0.03751  0.03757  0.01418  0.80968  -225.00654  -226.95924  4.99985   768
682.00  0.03751  0.03757  0.01510  0.80968  -223.54170  -225.50813  4.99985   768
683.00  0.03751  0.03757  0.01575  0.80968  -222.52241  -224.46138  4.99985   768
684.00  0.03753  0.03757  0.01617  0.80968  -221.85408  -223.76405  4.99985   768
685.00  0.03752  0.03757  0.01631  0.80968  -221.64503  -223.51991  4.99985   768
686.00  0.03752  0.03757  0.01624  0.80968  -221.72285  -223.59315  4.99985   768
687.00  0.03752  0.03757  0.01605  0.80968  -221.97462  -223.85560  4.99985   768
688.00  0.03751  0.03757  0.01587  0.80968  -222.31795  -224.18367  4.99985   768
689.00  0.03752  0.03757  0.01598  0.80968  -222.16078  -224.06770  4.99985   768
690.00  0.03752  0.03757  0.01662  0.80968  -221.27272  -223.24068  4.99985   768
691.00  0.03752  0.03757  0.01763  0.80968  -219.72243  -221.73921  4.99985   768
692.00  0.03752  0.03757  0.01877  0.80968  -217.96004  -219.94630  4.99985   768
693.00  0.03750  0.03757  0.01952  0.80968  -216.72713  -218.67982  4.99985   768
694.00  0.03751  0.03757  0.01992  0.80968  -216.08320  -217.98707  4.99985   768
695.00  0.03751  0.03757  0.01986  0.80968  -216.15797  -218.02370  4.99985   768
696.00  0.03751  0.03757  0.01960  0.80968  -216.53486  -218.36244  4.99985   768
697.00  0.03751  0.03757  0.01943  0.80968  -216.78663  -218.66304  4.99985   768
698.00  0.03751  0.03757  0.01943  0.80968  -216.81410  -218.69966  4.99985   768
699.00  0.03752  0.03757  0.01978  0.80968  -216.31972  -218.25868  4.99985   768
700.00  0.03751  0.03757  0.02040  0.80968  -215.40724  -217.35536  4.99985   768
701.00  0.03751  0.03757  0.02126  0.80968  -214.12092  -216.09804  4.99985   768
702.00  0.03751  0.03757  0.02202  0.80968  -212.87275  -214.80409  4.99985   768
703.00  0.03752  0.03757  0.02243  0.80968  -212.24104  -214.16322  4.99985   768
704.00  0.03751  0.03757  0.02252  0.80968  -212.09761  -213.99690  4.99985   768
705.00  0.03750  0.03757  0.02223  0.80968  -212.46229  -214.31428  4.99985   768
706.00  0.03750  0.03757  0.02172  0.80968  -213.27711  -215.11995  4.99985   768
707.00  0.03751  0.03757  0.02137  0.80968  -213.80659  -215.67537  4.99985   768
708.00  0.03750  0.03757  0.02142  0.80968  -213.83864  -215.76082  4.99985   768
709.00  0.03751  0.03757  0.02200  0.80968  -212.91548  -214.85444  4.99985   768
710.00  0.03751  0.03757  0.02260  0.80968  -212.03810  -213.97401  4.99985   768
711.00  0.03751  0.03757  0.02317  0.80968  -211.14851  -213.07832  4.99985   768
712.00  0.03751  0.03757  0.02374  0.80968  -210.29402  -212.22078  4.99985   768
713.00  0.03749  0.03757  0.02393  0.80968  -209.93849  -211.78895  4.99985   768
714.00  0.03750  0.03757  0.02373  0.80968  -210.18568  -212.02241  4.99985   768
715.00  0.03751  0.03757  0.02325  0.80968  -210.89979  -212.71516  4.99985   768
716.00  0.03750  0.03757  0.02245  0.80968  -212.11592  -213.91603  4.99985   768
717.00  0.03750  0.03757  0.02220  0.80968  -212.56605  -214.46992  4.99985   768
718.00  0.03751  0.03757  0.02255  0.80968  -212.09913  -214.01369  4.99985   768
719.00  0.03750  0.03757  0.02320  0.80968  -211.12105  -213.06459  4.99985   768
720.00  0.03749  0.03757  0.02397  0.80968  -209.95222  -211.90950  4.99985   768
721.00  0.03751  0.03757  0.02455  0.80968  -209.01076  -210.95430  4.99985   768
722.00  0.03750  0.03757  0.02470  0.80968  -208.69490  -210.58351  4.99985   768
723.00  0.03749  0.03757  0.02452  0.80968  -208.99244  -210.84138  4.99985   768
724.00  0.03750  0.03757  0.02403  0.80968  -209.70350  -211.53261  4.99985   768
725.00  0.03749  0.03757  0.02350  0.80968  -210.50459  -212.34895  4.99985   768
726.00  0.03750  0.03757  0.02310  0.80968  -211.12715  -212.99898  4.99985   768
727.00  0.03749  0.03757  0.02306  0.80968  -211.28126  -213.16682  4.99985   768
728.00  0.03750  0.03757  0.02341  0.80968  -210.76246  -212.67396  4.99985   768
729.00  0.03750  0.03757  0.02407  0.80968  -209.78895  -211.70961  4.99985   768
730.00  0.03750  0.03757  0.02485  0.80968  -208.57741  -210.54078  4.99985   768
731.00  0.03751  0.03757  0.02537  0.80968  -207.73207  -209.61305  4.99985   768
732.00  0.03751  0.03757  0.02538  0.80968  -207.65272  -209.52150  4.99985   768
733.00  0.03749  0.03757  0.02516  0.80968  -208.00062  -209.83735  4.99985   768
734.00  0.03750  0.03757  0.02459  0.80968  -208.83833  -210.66438  4.99985   768
735.00  0.03750  0.03757  0.02399  0.80968  -209.78438  -211.60737  4.99985   768
736.00  0.03749  0.03757  0.02376  0.80968  -210.17347  -212.06514  4.99985   768
737.00  0.03751  0.03757  0.02402  0.80968  -209.78285  -211.70808  4.99985   768
738.00  0.03750  0.03757  0.02448  0.80968  -209.13893  -211.08552  4.99985   768
739.00  0.03750  0.03757  0.02524  0.80968  -207.99147  -209.96248  4.99985   768
740.00  0.03750  0.03757  0.02585  0.80968  -207.01491  -208.94624  4.99985   768
741.00  0.03750  0.03757  0.02625  0.80968  -206.44117  -208.36641  4.99985   768
742.00  0.03749  0.03757  0.02625  0.80968  -206.30995  -208.17415  4.99985   768
743.00  0.03751  0.03757  0.02577  0.80968  -207.02406  -208.84706  4.99985   768
744.00  0.03749  0.03757  0.02530  0.80968  -207.78700  -209.62526  4.99985   768
745.00  0.03749  0.03757  0.02515  0.80968  -208.02504  -209.89686  4.99985   768
746.00  0.03750  0.03757  0.02516  0.80968  -208.01741  -209.91517  4.99985   768
747.00  0.03751  0.03757  0.02557  0.80968  -207.41621  -209.33687  4.99985   768
748.00  0.03750  0.03757  0.02640  0.80968  -206.22603  -208.17872  4.99985   768
749.00  0.03749  0.03757  0.02707  0.80968  -205.11671  -207.02974  4.99985   768
750.00  0.03750  0.03757  0.02737  0.80968  -204.64064  -206.54146  4.99985   768
751.00  0.03749  0.03757  0.02739  0.80968  -204.58418  -206.44380  4.99985   768
752.00  0.03749  0.03757  0.02690  0.80968  -205.26014  -207.06636  4.99985   768
753.00  0.03749  0.03757  0.02602  0.80968  -206.62123  -208.42439  4.99985   768
754.00  0.03750  0.03757  0.02540  0.80968  -207.61305  -209.45436  4.99985   768
755.00  0.03749  0.03757  0.02509  0.80968  -208.12880  -210.00520  4.99985   768
756.00  0.03749  0.03757  0.02511  0.80968  -208.13185  -210.03724  4.99985   768
757.00  0.03750  0.03757  0.02553  0.80968  -207.52607  -209.44978  4.99985   768
758.00  0.03750  0.03757  0.02588  0.80968  -206.99354  -208.92183  4.99985   768
759.00  0.03750  0.03757  0.02610  0.80968  -206.56935  -208.45796  4.99985   768
760.00  0.03750  0.03757  0.02578  0.80968  -207.03016  -208.88063  4.99985   768
761.00  0.03750  0.03757  0.02533  0.80968  -207.71986  -209.55507  4.99985   768
762.00  0.03750  0.03757  0.02447  0.80968  -209.01838  -210.80476  4.99985   768
763.00  0.03749  0.03757  0.02372  0.80968  -210.15211  -211.96290  4.99985   768
764.00  0.03751  0.03757  0.02327  0.80968  -210.89674  -212.71669  4.99985   768
765.00  0.03750  0.03757  0.02318  0.80968  -211.10731  -212.99440  4.99985   768
766.00  0.03751  0.03757  0.02388  0.80968  -210.10328  -212.06514  4.99985   768
767.00  0.03751  0.03757  0.02479  0.80968  -208.65523  -210.61860  4.99985   768
768.00  0.03751  0.03757  0.02560  0.80968  -207.44215  -209.39790  4.99985   768
769.00  0.03751  0.03757  0.02591  0.80968  -206.90504  -208.79670  4.99985   768
770.00  0.03751  0.03757  0.02542  0.80968  -207.50319  -209.29567  4.99985   768
771.00  0.03752  0.03757  0.02019  0.80968  -215.06392  -216.36201  4.99985   768
772.00  0.03752  0.03757  0.01708  0.80968  -220.26106  -221.99098  4.99985   768
773.00  0.03753  0.03757  0.01618  0.80968  -221.58247  -223.28187  4.99985   768
774.00  0.03752  0.03757  0.01331  0.80968  -226.13264  -227.86714  4.99985   768
775.00  0.03752  0.03757  0.01309  0.80968  -226.62092  -228.54005  4.99985   768
776.00  0.03753  0.03757  0.01312  0.80968  -226.39509  -228.20741  4.99985   768
777.00  0.03753  0.03757  0.01309  0.80968  -226.62092  -228.57667  4.99985   768
778.00  0.03752  0.03757  0.01334  0.80968  -226.23335  -228.13112  4.99985   768
779.00  0.03752  0.03757  0.01321  0.80968  -226.30965  -228.09907  4.99985   768
780.00  0.03752  0.03757  0.01255  0.80968  -227.30604  -229.10768  4.99985   768
781.00  0.03752  0.03757  0.01204  0.80968  -228.17122  -230.03847  4.99985   768
782.00  0.03752  0.03757  0.01129  0.80968  -229.22407  -231.00893  4.99985   768
783.00  0.03752  0.03757  0.01061  0.80968  -230.29677  -232.10756  4.99985   768
784.00  0.03754  0.03757  0.01102  0.80968  -229.84663  -231.78560  4.99985   768
785.00  0.03754  0.03757  0.01098  0.80968  -229.80849  -231.68031  4.99985   768
786.00  0.03752  0.03757  0.01134  0.80968  -229.34767  -231.28969  4.99985   768
787.00  0.03754  0.03757  0.01217  0.80968  -228.01405  -229.95607  4.99985   768
788.00  0.03753  0.03757  0.01212  0.80968  -228.07051  -229.97743  4.99985   768
789.00  0.03753  0.03757  0.01236  0.80968  -227.72261  -229.65089  4.99985   768
790.00  0.03754  0.03757  0.01182  0.80968  -228.39552  -230.18342  4.99985   768
791.00  0.03753  0.03757  0.01091  0.80968  -229.86952  -231.70930  4.99985   768
792.00  0.03755  0.03757  0.01073  0.80968  -230.17470  -232.04195  4.99985   768
793.00  0.03754  0.03757  0.01023  0.80968  -230.86745  -232.69655  4.99985   768
794.00  0.03756  0.03757  0.01054  0.80968  -230.57905  -232.53328  3.59703   768
795.00  0.03755  0.03757  0.01119  0.80968  -229.52009  -231.43770  1.88248   768
796.00  0.03756  0.03757  0.01142  0.80968  -229.13405  -231.02876  1.88248   768
797.00  0.03755  0.03757  0.01220  0.80968  -228.00185  -229.96217  1.88248   768
798.00  0.03756  0.03757  0.01223  0.80968  -227.83858  -229.67988  1.88248   768
799.00  0.03755  0.03757  0.01170  0.80968  -228.66713  -230.51301  1.88248   768
800.00  0.03756  0.03757  0.01146  0.80968  -229.02266  -230.86244  1.88248   768
801.00  0.03754  0.03757  0.01064  0.80968  -230.26625  -232.08162  1.88248   768
802.00  0.03755  0.03757  0.01029  0.80968  -230.87508  -232.74995  1.88248   768
803.00  0.03755  0.03757  0.01046  0.80968  -230.64772  -232.55311  1.88248   768
804.00  0.03755  0.03757  0.01059  0.80968  -230.41884  -232.32271  1.88248   768
805.00  0.03756  0.03757  0.01126  0.80968  -229.46669  -231.44685  1.82127   768
806.00  0.03754  0.03757  0.01180  0.80968  -228.56337  -230.48402  1.47446   768
807.00  0.03754  0.03757  0.01217  0.80968  -228.02016  -229.95912  1.47446   768
808.00  0.03755  0.03757  0.01243  0.80968  -227.58375  -229.48762  1.47446   768
809.00  0.03756  0.03757  0.01192  0.80968  -228.31618  -230.13765  1.47446   768
810.00  0.03755  0.03757  0.01128  0.80968  -229.29732  -231.15236  1.47446   768
811.00  0.03755  0.03757  0.01072  0.80968  -230.13502  -231.94276  1.47446   768
812.00  0.03757  0.03757  0.01031  0.80968  -230.81557  -232.67519  1.47446   768
813.00  0.03755  0.03757  0.01061  0.80968  -230.41579  -232.34560  1.47446   768
814.00  0.03755  0.03757  0.01109  0.80968  -229.69557  -231.59181  1.47446   768
815.00  0.03756  0.03757  0.01161  0.80968  -228.87465  -230.82124  1.47446   768
816.00  0.03756  0.03757  0.01222  0.80968  -227.92097  -229.83400  1.44299   768
817.00  0.03756  0.03757  0.01223  0.80968  -227.89656  -229.75770  1.34857   768
818.00  0.03755  0.03757  0.01191  0.80968  -228.31923  -230.16511  1.34857   768
819.00  0.03757  0.03757  0.01142  0.80968  -229.07454  -230.90517  1.34857   768
820.00  0.03756  0.03757  0.01062  0.80968  -230.33186  -232.14876  1.34857   768
821.00  0.03756  0.03757  0.01032  0.80968  -230.84761  -232.73012  1.34857   768
822.00  0.03755  0.03757  0.01039  0.80968  -230.75453  -232.66603  1.34857   768
823.00  0.03756  0.03757  0.01054  0.80968  -230.52870  -232.45393  1.34857   768
824.00  0.03756  0.03757  0.01113  0.80968  -229.62080  -231.57960  1.34857   768
825.00  0.03756  0.03757  0.01164  0.80968  -228.83498  -230.77699  1.34857   768
826.00  0.03758  0.03757  0.01183  0.80968  -228.48860  -230.38789  1.34857   768
827.00  0.03756  0.03757  0.01191  0.80968  -228.36043  -230.23836  1.36348   768
828.00  0.03755  0.03757  0.01145  0.80968  -229.01808  -230.83803  1.64673   768
829.00  0.03755  0.03757  0.01084  0.80968  -229.96413  -231.76271  1.64673   768
830.00  0.03756  0.03757  0.01014  0.80968  -231.01546  -232.84303  1.64673   768
831.00  0.03755  0.03757  0.00974  0.80968  -231.69600  -233.54799  1.64673   768
832.00  0.03755  0.03757  0.01014  0.80968  -231.15279  -233.06886  1.64673   768
833.00  0.03754  0.03757  0.01078  0.80968  -230.17317  -232.11671  1.64673   768
834.00  0.03755  0.03757  0.01133  0.80968  -229.32173  -231.25001  1.64673   768
835.00  0.03754  0.03757  0.01160  0.80968  -228.83498  -230.74342  1.64673   768
836.00  0.03754  0.03757  0.01170  0.80968  -228.69002  -230.57100  1.64673   768
837.00  0.03753  0.03757  0.01154  0.80968  -228.92348  -230.81056  1.64673   768
838.00  0.03754  0.03757  0.01112  0.80968  -229.55214  -231.41328  1.65939   768
839.00  0.03753  0.03757  0.01069  0.80968  -230.23421  -232.11214  1.89987   768
840.00  0.03752  0.03757  0.01044  0.80968  -230.63246  -232.49055  1.89987   768
841.00  0.03751  0.03757  0.01006  0.80968  -231.18788  -233.06123  1.89987   768
842.00  0.03751  0.03757  0.01025  0.80968  -230.99562  -232.94679  1.89987   768
843.00  0.03749  0.03757  0.01095  0.80968  -229.88936  -231.81001  1.89987   768
844.00  0.03750  0.03757  0.01137  0.80968  -229.32173  -231.26832  1.89987   768
845.00  0.03750  0.03757  0.01203  0.80968  -228.18800  -230.09035  1.89987   768
846.00  0.03748  0.03757  0.01153  0.80968  -228.89754  -230.71748  1.89987   768
847.00  0.03751  0.03757  0.01135  0.80968  -229.20424  -231.04707  1.89987   768
848.00  0.03749  0.03757  0.01089  0.80968  -229.88936  -231.73830  1.89987   768
849.00  0.03750  0.03757  0.01047  0.80968  -230.54396  -232.35780  1.89987   768
850.00  0.03751  0.03757  0.01027  0.80968  -230.89186  -232.76979  1.89400   768
851.00  0.03749  0.03757  0.01037  0.80968  -230.78810  -232.71181  1.89148   768
852.00  0.03749  0.03757  0.01071  0.80968  -230.24031  -232.14265  1.89148   768
853.00  0.03750  0.03757  0.01119  0.80968  -229.55061  -231.50484  1.89148   768
854.00  0.03750  0.03757  0.01141  0.80968  -229.14625  -231.05318  1.89148   768
855.00  0.03751  0.03757  0.01123  0.80968  -229.43617  -231.31410  1.89148   768
856.00  0.03749  0.03757  0.01129  0.80968  -229.32478  -231.23170  1.89148   768
857.00  0.03750  0.03757  0.01091  0.80968  -229.86037  -231.71693  1.89148   768
858.00  0.03749  0.03757  0.01047  0.80968  -230.59279  -232.43867  1.89148   768
859.00  0.03749  0.03757  0.01015  0.80968  -231.04445  -232.89186  1.89148   768
860.00  0.03751  0.03757  0.00993  0.80968  -231.43355  -233.31758  1.89148   768
861.00  0.03749  0.03757  0.01045  0.80968  -230.62483  -232.57143  1.68824   768
862.00  0.03749  0.03757  0.01114  0.80968  -229.59334  -231.54603  1.65237   768
863.00  0.03750  0.03757  0.01160  0.80968  -228.87465  -230.78157  1.65237   768
864.00  0.03750  0.03757  0.01186  0.80968  -228.47487  -230.35737  1.65237   768
865.00  0.03750  0.03757  0.01151  0.80968  -228.91432  -230.74495  1.65237   768
866.00  0.03750  0.03757  0.01081  0.80968  -230.00990  -231.82222  1.65237   768
867.00  0.03750  0.03757  0.01024  0.80968  -230.89033  -232.71333  1.65237   768
868.00  0.03748  0.03757  0.00985  0.80968  -231.53578  -233.38472  1.65237   768
869.00  0.03749  0.03757  0.00993  0.80968  -231.46406  -233.37251  1.65237   768
870.00  0.03748  0.03757  0.01036  0.80968  -230.78657  -232.73012  1.65237   768
871.00  0.03749  0.03757  0.01080  0.80968  -230.16402  -232.09840  1.65237   768
872.00  0.03749  0.03757  0.01129  0.80968  -229.42091  -231.36140  2.32390   768
873.00  0.03749  0.03757  0.01161  0.80968  -228.86702  -230.77699  2.61169   768
874.00  0.03749  0.03757  0.01158  0.80968  -228.87770  -230.75410  2.61169   768
875.00  0.03750  0.03757  0.01144  0.80968  -229.05012  -230.92500  2.61169   768
876.00  0.03748  0.03757  0.01087  0.80968  -229.97481  -231.79170  2.61169   768
877.00  0.03749  0.03757  0.01009  0.80968  -231.11769  -232.91322  2.61169   768
878.00  0.03749  0.03757  0.00954  0.80968  -231.99049  -233.83943  2.61169   768
879.00  0.03748  0.03757  0.00972  0.80968  -231.84859  -233.77534  2.61169   768
880.00  0.03748  0.03757  0.01051  0.80968  -230.62483  -232.56380  2.61169   768
881.00  0.03750  0.03757  0.01111  0.80968  -229.66048  -231.56282  2.61169   768
882.00  0.03750  0.03757  0.01146  0.80968  -229.11116  -231.01961  2.61169   768
883.00  0.03749  0.03757  0.01160  0.80968  -228.84260  -230.71748  2.03802   768
884.00  0.03748  0.03757  0.01137  0.80968  -229.17372  -231.04249  1.65558   768
885.00  0.03749  0.03757  0.01111  0.80968  -229.53688  -231.38124  1.65558   768
886.00  0.03751  0.03757  0.01046  0.80968  -230.50886  -232.33949  1.65558   768
887.00  0.03749  0.03757  0.00989  0.80968  -231.49000  -233.33742  1.65558   768
888.00  0.03749  0.03757  0.00986  0.80968  -231.56172  -233.46101  1.65558   768
889.00  0.03748  0.03757  0.01019  0.80968  -231.06581  -233.00478  1.65558   768
890.00  0.03750  0.03757  0.01094  0.80968  -229.95344  -231.91988  1.65558   768
891.00  0.03750  0.03757  0.01151  0.80968  -229.02266  -230.95552  1.65558   768
892.00  0.03748  0.03757  0.01176  0.80968  -228.63203  -230.52217  1.65558   768
893.00  0.03750  0.03757  0.01169  0.80968  -228.68239  -230.57710  1.65558   768
894.00  0.03748  0.03757  0.01135  0.80968  -229.14168  -230.97230  1.65611   768
895.00  0.03749  0.03757  0.01076  0.80968  -230.08467  -231.90767  1.65665   768
896.00  0.03748  0.03757  0.01016  0.80968  -230.98646  -232.80031  1.65665   768
897.00  0.03751  0.03757  0.00980  0.80968  -231.60902  -233.45949  1.65665   768
898.00  0.03749  0.03757  0.01000  0.80968  -231.34657  -233.25044  1.65665   768
899.00  0.03749  0.03757  0.01046  0.80968  -230.63399  -232.55769  1.65665   768
900.00  0.03749  0.03757  0.01118  0.80968  -229.57960  -231.52925  1.65665   768
901.00  0.03748  0.03757  0.01186  0.80968  -228.54048  -230.46724  1.65665   768
902.00  0.03749  0.03757  0.01186  0.80968  -228.44740  -230.30702  1.65665   768
903.00  0.03748  0.03757  0.01146  0.80968  -229.06386  -230.90517  1.65665   768
904.00  0.03749  0.03757  0.01088  0.80968  -229.89241  -231.73067  1.65665   768
905.00  0.03749  0.03757  0.01023  0.80968  -230.88423  -232.71638  1.58701   768
906.00  0.03749  0.03757  0.00982  0.80968  -231.57545  -233.45186  1.48254   768
907.00  0.03750  0.03757  0.00977  0.80968  -231.67921  -233.56935  1.48254   768
908.00  0.03748  0.03757  0.00994  0.80968  -231.45949  -233.38472  1.48254   768
909.00  0.03748  0.03757  0.01061  0.80968  -230.49513  -232.46004  1.48254   768
910.00  0.03749  0.03757  0.01141  0.80968  -229.21034  -231.16456  1.48254   768
911.00  0.03748  0.03757  0.01176  0.80968  -228.54201  -230.42757  1.48254   768
912.00  0.03749  0.03757  0.01164  0.80968  -228.74495  -230.59694  1.48254   768
913.00  0.03749  0.03757  0.01119  0.80968  -229.42854  -231.26070  1.48254   768
914.00  0.03750  0.03757  0.01053  0.80968  -230.41884  -232.23268  1.48254   768
915.00  0.03750  0.03757  0.00997  0.80968  -231.28859  -233.12685  1.48254   768
916.00  0.03749  0.03757  0.00976  0.80968  -231.70363  -233.56477  1.52523   768
917.00  0.03749  0.03757  0.01010  0.80968  -231.23518  -233.15279  1.65329   768
918.00  0.03748  0.03757  0.01052  0.80968  -230.56990  -232.49818  1.65329   768
919.00  0.03748  0.03757  0.01110  0.80968  -229.67726  -231.62080  1.65329   768
920.00  0.03748  0.03757  0.01159  0.80968  -228.90822  -230.84871  1.65329   768
921.00  0.03748  0.03757  0.01182  0.80968  -228.53438  -230.42451  1.65329   768
922.00  0.03747  0.03757  0.01177  0.80968  -228.58626  -230.45351  1.65329   768
923.00  0.03749  0.03757  0.01134  0.80968  -229.21339  -231.06081  1.65329   768
924.00  0.03749  0.03757  0.01071  0.80968  -230.14265  -231.99312  1.65329   768
925.00  0.03747  0.03757  0.01020  0.80968  -230.98341  -232.83998  1.65329   768
926.00  0.03749  0.03757  0.01013  0.80968  -231.17110  -233.07039  1.65329   768
927.00  0.03749  0.03757  0.01055  0.80968  -230.51649  -232.44325  1.60694   768
928.00  0.03749  0.03757  0.01127  0.80968  -229.41176  -231.33852  1.46790   768
929.00  0.03748  0.03757  0.01184  0.80968  -228.54506  -230.44740  1.46790   768
930.00  0.03749  0.03757  0.01204  0.80968  -228.18953  -230.07814  1.46790   768
931.00  0.03749  0.03757  0.01190  0.80968  -228.33449  -230.17732  1.46790   768
932.00  0.03749  0.03757  0.01152  0.80968  -228.89906  -230.73122  1.46790   768
933.00  0.03748  0.03757  0.01090  0.80968  -229.88783  -231.70625  1.46790   768
934.00  0.03748  0.03757  0.01030  0.80968  -230.79878  -232.62941  1.46790   768
935.00  0.03748  0.03757  0.01010  0.80968  -231.14363  -233.01546  1.46790   768
936.00  0.03749  0.03757  0.01035  0.80968  -230.75453  -232.67824  1.46790   768
937.00  0.03749  0.03757  0.01068  0.80968  -230.35170  -232.27388  1.46790   768
938.00  0.03749  0.03757  0.01116  0.80968  -229.58418  -231.52467  1.46790   768
939.00  0.03748  0.03757  0.01151  0.80968  -229.00740  -230.93111  1.46954   768
940.00  0.03749  0.03757  0.01165  0.80968  -228.77394  -230.66408  1.46973   768
941.00  0.03748  0.03757  0.01151  0.80968  -228.98756  -230.87007  1.46973   768
942.00  0.03749  0.03757  0.01104  0.80968  -229.63606  -231.46211  1.46973   768
943.00  0.03748  0.03757  0.01030  0.80968  -230.81557  -232.61568  1.46973   768
944.00  0.03748  0.03757  0.00968  0.80968  -231.75551  -233.58766  1.46973   768
945.00  0.03749  0.03757  0.00963  0.80968  -231.88673  -233.77840  1.46973   768
946.00  0.03748  0.03757  0.01007  0.80968  -231.28706  -233.22450  1.46973   768
947.00  0.03748  0.03757  0.01081  0.80968  -230.13655  -232.06789  1.46973   768
948.00  0.03748  0.03757  0.01141  0.80968  -229.21644  -231.11574  1.46973   768
949.00  0.03749  0.03757  0.01164  0.80968  -228.76631  -230.66255  1.46973   768
950.00  0.03748  0.03757  0.01160  0.80968  -228.86092  -230.73122  1.34857   768
951.00  0.03748  0.03757  0.01136  0.80968  -229.16456  -231.02418  1.34857   768
952.00  0.03749  0.03757  0.01076  0.80968  -230.09230  -231.89699  1.34857   768
953.00  0.03748  0.03757  0.01019  0.80968  -230.99257  -232.83388  1.34857   768
954.00  0.03749  0.03757  0.00987  0.80968  -231.48390  -233.37251  1.34857   768
955.00  0.03748  0.03757  0.00996  0.80968  -231.40761  -233.31758  1.34857   768
956.00  0.03748  0.03757  0.01058  0.80968  -230.52107  -232.51192  1.34857   768
957.00  0.03750  0.03757  0.01142  0.80968  -229.21492  -231.17677  1.34857   768
958.00  0.03748  0.03757  0.01187  0.80968  -228.48250  -230.40163  1.34857   768
959.00  0.03749  0.03757  0.01197  0.80968  -228.23378  -230.12392  1.34857   768
960.00  0.03748  0.03757  0.01162  0.80968  -228.76936  -230.62440  1.34857   768
961.00  0.03749  0.03757  0.01119  0.80968  -229.44075  -231.27748  1.82854   768
962.00  0.03748  0.03757  0.01062  0.80968  -230.25557  -232.07857  1.88187   768
963.00  0.03748  0.03757  0.01013  0.80968  -231.02156  -232.83998  1.88187   768
964.00  0.03749  0.03757  0.01010  0.80968  -231.15889  -233.03682  1.88187   768
965.00  0.03748  0.03757  0.01038  0.80968  -230.76063  -232.68892  1.88187   768
966.00  0.03749  0.03757  0.01097  0.80968  -229.86952  -231.81917  1.88187   768
967.00  0.03748  0.03757  0.01154  0.80968  -228.97688  -230.89448  1.88187   768
968.00  0.03749  0.03757  0.01172  0.80968  -228.68696  -230.58626  1.88187   768
969.00  0.03748  0.03757  0.01170  0.80968  -228.69002  -230.56795  1.88187   768
970.00  0.03749  0.03757  0.01126  0.80968  -229.32020  -231.17372  1.88187   768
971.00  0.03749  0.03757  0.01054  0.80968  -230.38374  -232.21132  1.88187   768
972.00  0.03748  0.03757  0.00992  0.80968  -231.40150  -233.23823  1.69424   768
973.00  0.03748  0.03757  0.00966  0.80968  -231.83028  -233.72346  1.64734   768
974.00  0.03748  0.03757  0.00979  0.80968  -231.67158  -233.59529  1.64734   768
975.00  0.03749  0.03757  0.01038  0.80968  -230.80183  -232.74843  1.64734   768
976.00  0.03749  0.03757  0.01100  0.80968  -229.80543  -231.76118  1.64734   768
977.00  0.03749  0.03757  0.01139  0.80968  -229.23476  -231.13252  1.64734   768
978.00  0.03748  0.03757  0.01150  0.80968  -229.00282  -230.86854  1.64734   768
979.00  0.03748  0.03757  0.01132  0.80968  -229.21950  -231.06081  1.64734   768
980.00  0.03749  0.03757  0.01077  0.80968  -230.06941  -231.89088  1.64734   768
981.00  0.03748  0.03757  0.01022  0.80968  -230.91322  -232.73469  1.64734   768
982.00  0.03748  0.03757  0.00990  0.80968  -231.44270  -233.30537  1.64734   768
983.00  0.03750  0.03757  0.00997  0.80968  -231.36488  -233.26875  1.79355   768
984.00  0.03748  0.03757  0.01034  0.80968  -230.82472  -232.74385  1.89102   768
985.00  0.03748  0.03757  0.01093  0.80968  -229.95344  -231.89546  1.89102   768
986.00  0.03750  0.03757  0.01148  0.80968  -229.07606  -231.00435  1.89102   768
987.00  0.03750  0.03757  0.01163  0.80968  -228.81666  -230.71901  1.89102   768
988.00  0.03749  0.03757  0.01154  0.80968  -228.90822  -230.78310  1.89102   768
989.00  0.03748  0.03757  0.01116  0.80968  -229.46821  -231.33241  1.89102   768
990.00  0.03748  0.03757  0.01048  0.80968  -230.51802  -232.35322  1.89102   768
991.00  0.03750  0.03757  0.01009  0.80968  -231.12837  -232.99715  1.89102   768
992.00  0.03748  0.03757  0.00999  0.80968  -231.32368  -233.22908  1.89102   768
993.00  0.03749  0.03757  0.01018  0.80968  -231.06581  -232.98952  1.89102   768
994.00  0.03746  0.03757  0.01065  0.80968  -230.31660  -232.25099  1.74939   768
995.00  0.03748  0.03757  0.01134  0.80968  -229.33089  -231.26985  1.65497   768
996.00  0.03748  0.03757  0.01166  0.80968  -228.76326  -230.65340  1.65497   768
997.00  0.03747  0.03757  0.01158  0.80968  -228.83803  -230.70680  1.65497   768
998.00  0.03748  0.03757  0.01125  0.80968  -229.34157  -231.16456  1.65497   768
999.00  0.03749  0.03757  0.01053  0.80968  -230.40510  -232.20979  1.65497   768
1000.00  0.03748  0.03757  0.00997  0.80968  -231.31148  -233.14210  1.65497   768
1001.00  0.03748  0.03757  0.00970  0.80968  -231.74330  -233.62428  1.65497   768
1002.00  0.03749  0.03757  0.00981  0.80968  -231.60750  -233.49306  1.65497   768
1003.00  0.03748  0.03757  0.01023  0.80968  -231.05360  -233.01393  1.65497   768
1004.00  0.03748  0.03757  0.01082  0.80968  -230.12282  -232.05873  1.65497   768
1005.00  0.03748  0.03757  0.01136  0.80968  -229.26985  -231.21339  2.70142   768
1006.00  0.03748  0.03757  0.01144  0.80968  -229.13100  -231.02724  3.98041   768
1007.00  0.03748  0.03757  0.01139  0.80968  -229.15846  -231.03334  3.98041   768
1008.00  0.03747  0.03757  0.01085  0.80968  -229.93361  -231.77644  3.98041   768
1009.00  0.03749  0.03757  0.01032  0.80968  -230.73775  -232.58211  3.98041   768
1010.00  0.03749  0.03757  0.00993  0.80968  -231.40761  -233.28706  3.98041   768
1011.00  0.03748  0.03757  0.00988  0.80968  -231.53883  -233.40150  3.98041   768
1012.00  0.03748  0.03757  0.01006  0.80968  -231.26417  -233.16957  3.98041   768
1013.00  0.03748  0.03757  0.01073  0.80968  -230.23573  -232.17317  3.98041   768
1014.00  0.03748  0.03757  0.01140  0.80968  -229.19661  -231.14473  3.98041   768
1015.00  0.03747  0.03757  0.01170  0.80968  -228.70680  -230.61220  3.98041   768
1016.00  0.03748  0.03757  0.01176  0.80968  -228.60304  -230.47945  4.28624   768
1017.00  0.03747  0.03757  0.01146  0.80968  -228.99214  -230.84108  4.99985   768
1018.00  0.03748  0.03757  0.01086  0.80968  -229.91682  -231.70625  4.99985   768
1019.00  0.03748  0.03757  0.01024  0.80968  -230.89033  -232.75148  4.99985   768
1020.00  0.03748  0.03757  0.00997  0.80968  -231.33436  -233.22145  4.99985   768
1021.00  0.03749  0.03757  0.00993  0.80968  -231.43965  -233.35420  4.99985   768
1022.00  0.03748  0.03757  0.01044  0.80968  -230.69044  -232.65382  4.99985   768
1023.00  0.03748  0.03757  0.01104  0.80968  -229.74135  -231.66658  4.99985   768
1024.00  0.03748  0.03757  0.01145  0.80968  -229.13557  -231.05623  4.99985   768
1025.00  0.03748  0.03757  0.01156  0.80968  -228.91585  -230.81056  4.99985   768
1026.00  0.03749  0.03757  0.01138  0.80968  -229.15541  -231.01808  4.99985   768
1027.00  0.03748  0.03757  0.01093  0.80968  -229.82832  -231.66505  4.99985   768
1028.00  0.03749  0.03757  0.01038  0.80968  -230.65840  -232.47530  4.99985   768
1029.00  0.03749  0.03757  0.00986  0.80968  -231.48543  -233.31605  4.99985   768
1030.00  0.03748  0.03757  0.00971  0.80968  -231.72194  -233.59682  4.99985   768
1031.00  0.03748  0.03757  0.00999  0.80968  -231.37404  -233.28554  4.99985   768
1032.00  0.03749  0.03757  0.01057  0.80968  -230.50276  -232.44478  4.99985   768
1033.00  0.03750  0.03757  0.01122  0.80968  -229.49721  -231.44075  4.99985   768
1034.00  0.03749  0.03757  0.01157  0.80968  -228.88686  -230.76631  4.99985   768
1035.00  0.03748  0.03757  0.01150  0.80968  -229.03334  -230.89143  4.99985   768
1036.00  0.03748  0.03757  0.01115  0.80968  -229.53383  -231.37819  4.99985   768
1037.00  0.03749  0.03757  0.01054  0.80968  -230.41731  -232.25252  4.99985   768
1038.00  0.03749  0.03757  0.01004  0.80968  -231.19093  -233.05513  4.99985   768
1039.00  0.03749  0.03757  0.00980  0.80968  -231.61513  -233.49000  4.99985   768
1040.00  0.03748  0.03757  0.01002  0.80968  -231.33742  -233.26265  4.99985   768
1041.00  0.03748  0.03757  0.01052  0.80968  -230.59279  -232.53633  4.99985   768
1042.00  0.03749  0.03757  0.01124  0.80968  -229.48042  -231.45906  4.99985   768
1043.00  0.03749  0.03757  0.01169  0.80968  -228.83803  -230.74342  4.99985   768
1044.00  0.03748  0.03757  0.01187  0.80968  -228.46419  -230.35127  4.99985   768
1045.00  0.03747  0.03757  0.01167  0.80968  -228.71748  -230.56032  4.99985   768
1046.00  0.03748  0.03757  0.01111  0.80968  -229.56587  -231.37514  4.99985   768
1047.00  0.03748  0.03757  0.01044  0.80968  -230.55617  -232.38527  4.99985   768
1048.00  0.03747  0.03757  0.00999  0.80968  -231.27333  -233.10548  4.99985   768
1049.00  0.03749  0.03757  0.00991  0.80968  -231.47780  -233.36030  4.99985   768
1050.00  0.03747  0.03757  0.01029  0.80968  -230.90864  -232.83845  4.99985   768
1051.00  0.03749  0.03757  0.01097  0.80968  -229.89241  -231.81764  4.99985   768
1052.00  0.03747  0.03757  0.01155  0.80968  -229.00435  -230.94636  4.99985   768
1053.00  0.03749  0.03757  0.01186  0.80968  -228.48707  -230.39400  4.99985   768
1054.00  0.03747  0.03757  0.01178  0.80968  -228.57710  -230.44893  4.99985   768
1055.00  0.03749  0.03757  0.01143  0.80968  -229.09743  -230.94331  4.99985   768
1056.00  0.03747  0.03757  0.01068  0.80968  -230.24489  -232.07246  4.99985   768
1057.00  0.03747  0.03757  0.01009  0.80968  -231.13905  -232.96663  4.99985   768
1058.00  0.03748  0.03757  0.00983  0.80968  -231.56477  -233.43507  4.99985   768
1059.00  0.03748  0.03757  0.00991  0.80968  -231.51747  -233.42592  4.99985   768
1060.00  0.03749  0.03757  0.01047  0.80968  -230.67061  -232.60805  4.99985   768
1061.00  0.03747  0.03757  0.01102  0.80968  -229.82527  -231.78255  4.99985   768
1062.00  0.03748  0.03757  0.01192  0.80968  -228.43519  -230.36958  4.99985   768
1063.00  0.03748  0.03757  0.01165  0.80968  -228.69765  -230.51759  4.99985   768
1064.00  0.03749  0.03757  0.01151  0.80968  -228.99824  -230.88991  4.99985   768
1065.00  0.03748  0.03757  0.01103  0.80968  -229.62538  -231.39497  4.99985   768
1066.00  0.03748  0.03757  0.01013  0.80968  -231.08717  -232.91475  4.99985   768
1067.00  0.03749  0.03757  0.01022  0.80968  -230.96663  -232.85676  4.99985   768
1068.00  0.03747  0.03757  0.00979  0.80968  -231.59682  -233.46712  4.99985   768
1069.00  0.03749  0.03757  0.01041  0.80968  -230.79420  -232.76826  4.99985   768
1070.00  0.03747  0.03757  0.01110  0.80968  -229.66353  -231.58876  4.99985   768
1071.00  0.03747  0.03757  0.01128  0.80968  -229.36446  -231.28206  4.99985   768
1072.00  0.03748  0.03757  0.01184  0.80968  -228.53743  -230.47487  4.99985   768
1073.00  0.03748  0.03757  0.01145  0.80968  -229.03029  -230.86397  4.99985   768
1074.00  0.03750  0.03757  0.01116  0.80968  -229.50789  -231.37819  4.99985   768
1075.00  0.03748  0.03757  0.01060  0.80968  -230.35170  -232.16096  4.99985   768
1076.00  0.03749  0.03757  0.00975  0.80968  -231.58613  -233.40150  4.99985   768
1077.00  0.03748  0.03757  0.00959  0.80968  -231.89894  -233.79823  4.99985   768
1078.00  0.03749  0.03757  0.00943  0.80968  -232.19954  -234.05305  4.99985   768
1079.00  0.03747  0.03757  0.00985  0.80968  -231.60597  -233.56477  4.99985   768
1080.00  0.03748  0.03757  0.01064  0.80968  -230.38679  -232.31660  4.99985   768
1081.00  0.03748  0.03757  0.01079  0.80968  -230.11061  -231.95802  4.99985   768
1082.00  0.03748  0.03757  0.01112  0.80968  -229.60097  -231.49263  4.99985   768
1083.00  0.03748  0.03757  0.01098  0.80968  -229.77186  -231.61165  4.99985   768
1084.00  0.03748  0.03757  0.01043  0.80968  -230.58516  -232.42342  4.99985   768
1085.00  0.03748  0.03757  0.01021  0.80968  -230.98799  -232.86592  4.99985   768
1086.00  0.03745  0.03757  0.00999  0.80968  -231.30842  -233.16041  4.99985   768
1087.00  0.03748  0.03757  0.01032  0.80968  -230.89033  -232.85829  4.99985   768
1088.00  0.03749  0.03757  0.01115  0.80968  -229.62385  -231.59791  4.99985   768
1089.00  0.03748  0.03757  0.01190  0.80968  -228.53590  -230.51912  4.99985   768
1090.00  0.03747  0.03757  0.01330  0.80968  -226.40425  -228.44240  4.99985   768
1091.00  0.03748  0.03757  0.01404  0.80968  -225.14387  -227.08436  4.99985   768
1092.00  0.03747  0.03757  0.01459  0.80968  -224.33516  -226.28328  4.99985   768
1093.00  0.03748  0.03757  0.01486  0.80968  -223.82857  -225.70497  4.99985   768
1094.00  0.03746  0.03757  0.01556  0.80968  -222.89015  -224.87489  4.99985   768
1095.00  0.03746  0.03757  0.01551  0.80968  -222.81080  -224.63685  4.99985   768
1096.00  0.03747  0.03757  0.01582  0.80968  -222.47359  -224.42018  4.99985   768
1097.00  0.03747  0.03757  0.01700  0.80968  -220.63338  -222.60438  4.99985   768
1098.00  0.03746  0.03757  0.01734  0.80968  -220.09321  -222.01387  4.99985   768
1099.00  0.03746  0.03757  0.01850  0.80968  -218.40407  -220.39796  4.99985   768
1100.00  0.03747  0.03757  0.01894  0.80968  -217.50990  -219.37410  4.99985   768
1101.00  0.03747  0.03757  0.01857  0.80968  -218.14467  -220.03023  4.99985   768
1102.00  0.03747  0.03757  0.01862  0.80968  -218.03175  -219.88374  4.99985   768
1103.00  0.03747  0.03757  0.01747  0.80968  -219.69191  -221.46303  4.99985   768
1104.00  0.03748  0.03757  0.01690  0.80968  -220.76155  -222.64100  4.99985   768
1105.00  0.03747  0.03757  0.01656  0.80968  -221.15523  -222.97670  4.99985   768
1106.00  0.03746  0.03757  0.01598  0.80968  -222.14705  -224.03261  4.99985   768
1107.00  0.03748  0.03757  0.01688  0.80968  -220.83327  -222.81343  4.99985   768
1108.00  0.03748  0.03757  0.01717  0.80968  -220.31142  -222.20918  4.99985   768
1109.00  0.03747  0.03757  0.01764  0.80968  -219.66444  -221.64461  4.99985   768
1110.00  0.03748  0.03757  0.01833  0.80968  -218.55513  -220.46663  4.99985   768
1111.00  0.03748  0.03757  0.01805  0.80968  -218.90608  -220.74586  4.99985   768
1112.00  0.03748  0.03757  0.01794  0.80968  -219.14564  -221.00679  4.99985   768
1113.00  0.03747  0.03757  0.01790  0.80968  -219.16395  -221.01747  4.99985   768
1114.00  0.03746  0.03757  0.01771  0.80968  -219.47523  -221.35927  4.99985   768
1115.00  0.03747  0.03757  0.01815  0.80968  -218.84199  -220.77028  4.99985   768
1116.00  0.03746  0.03757  0.01883  0.80968  -217.82576  -219.77235  4.99985   768
1117.00  0.03748  0.03757  0.01987  0.80968  -216.26326  -218.24342  4.99985   768
1118.00  0.03747  0.03757  0.02114  0.80968  -214.34675  -216.33302  4.99985   768
1119.00  0.03747  0.03757  0.02209  0.80968  -212.83003  -214.79646  4.99985   768
1120.00  0.03745  0.03757  0.02256  0.80968  -212.05183  -213.98317  4.99985   768
1121.00  0.03747  0.03757  0.02264  0.80968  -211.85499  -213.72072  4.99985   768
1122.00  0.03746  0.03757  0.02238  0.80968  -212.32496  -214.19984  4.99985   768
1123.00  0.03747  0.03757  0.02235  0.80968  -212.35090  -214.25783  4.99985   768
1124.00  0.03746  0.03757  0.02229  0.80968  -212.43178  -214.32191  4.99985   768
1125.00  0.03746  0.03757  0.02261  0.80968  -211.95723  -213.85499  4.99985   768
1126.00  0.03748  0.03757  0.02347  0.80968  -210.79451  -212.82503  4.99985   768
1127.00  0.03748  0.03757  0.02417  0.80968  -209.52803  -211.45326  4.99985   768
1128.00  0.03746  0.03757  0.02450  0.80968  -209.06569  -210.96803  4.99985   768
1129.00  0.03748  0.03757  0.02529  0.80968  -207.86482  -209.79005  4.99985   768
1130.00  0.03746  0.03757  0.02458  0.80968  -208.80171  -210.56672  4.99985   768
1131.00  0.03746  0.03757  0.02389  0.80968  -209.94307  -211.80269  4.99985   768
1132.00  0.03747  0.03757  0.02352  0.80968  -210.43440  -212.22993  4.99985   768
1133.00  0.03747  0.03757  0.02235  0.80968  -212.24562  -214.02131  4.99985   768
1134.00  0.03746  0.03757  0.02261  0.80968  -212.08540  -214.02589  4.99985   768
1135.00  0.03747  0.03757  0.02268  0.80968  -211.77412  -213.60933  4.99985   768
1136.00  0.03746  0.03757  0.02303  0.80968  -211.39723  -213.35451  4.99985   768
1137.00  0.03747  0.03757  0.02406  0.80968  -209.76607  -211.75081  4.99985   768
1138.00  0.03747  0.03757  0.02433  0.80968  -209.29915  -211.20607  4.99985   768
1139.00  0.03746  0.03757  0.02470  0.80968  -208.80018  -210.74525  4.99985   768
1140.00  0.03746  0.03757  0.02486  0.80968  -208.50264  -210.36531  4.99985   768
1141.00  0.03747  0.03757  0.02437  0.80968  -209.21827  -211.06569  4.99985   768
1142.00  0.03745  0.03757  0.02440  0.80968  -209.19386  -211.09926  4.99985   768
1143.00  0.03745  0.03757  0.02454  0.80968  -208.98329  -210.87800  4.99985   768
1144.00  0.03745  0.03757  0.02505  0.80968  -208.29664  -210.27070  4.99985   768
1145.00  0.03747  0.03757  0.02626  0.80968  -206.46406  -208.45033  4.99985   768
1146.00  0.03746  0.03757  0.02724  0.80968  -204.90614  -206.86189  4.99985   768
1147.00  0.03747  0.03757  0.02822  0.80968  -203.44130  -205.41078  4.99985   768
1148.00  0.03746  0.03757  0.02903  0.80968  -202.12904  -204.02376  4.99985   768
1149.00  0.03746  0.03757  0.02903  0.80968  -202.06343  -203.92457  4.99985   768
1150.00  0.03746  0.03757  0.02890  0.80968  -202.26027  -204.13362  4.99985   768
1151.00  0.03747  0.03757  0.02838  0.80968  -202.98811  -204.79280  4.99985   768
1152.00  0.03746  0.03757  0.02782  0.80968  -203.86091  -205.69612  4.99985   768
1153.00  0.03745  0.03757  0.02761  0.80968  -204.25459  -206.14473  4.99985   768
1154.00  0.03746  0.03757  0.02772  0.80968  -204.14930  -206.06538  4.99985   768
1155.00  0.03745  0.03757  0.02817  0.80968  -203.46418  -205.40315  4.99985   768
1156.00  0.03746  0.03757  0.02866  0.80968  -202.67531  -204.59596  4.99985   768
1157.00  0.03746  0.03757  0.02876  0.80968  -202.50593  -204.39302  4.99985   768
1158.00  0.03747  0.03757  0.02855  0.80968  -202.79738  -204.65242  4.99985   768
1159.00  0.03745  0.03757  0.02797  0.80968  -203.61830  -205.43977  4.99985   768
1160.00  0.03745  0.03757  0.02715  0.80968  -204.88478  -206.67421  4.99985   768
1161.00  0.03746  0.03757  0.02651  0.80968  -205.87202  -207.70723  4.99985   768
1162.00  0.03746  0.03757  0.02621  0.80968  -206.41066  -208.27028  4.99985   768
1163.00  0.03745  0.03757  0.02632  0.80968  -206.26875  -208.14058  4.99985   768
1164.00  0.03746  0.03757  0.02666  0.80968  -205.78657  -207.71028  4.99985   768
1165.00  0.03745  0.03757  0.02744  0.80968  -204.61775  -206.56434  4.99985   768
1166.00  0.03745  0.03757  0.02814  0.80968  -203.49928  -205.41993  4.99985   768
1167.00  0.03744  0.03757  0.02857  0.80968  -202.80806  -204.72566  4.99985   768
1168.00  0.03745  0.03757  0.02869  0.80968  -202.61122  -204.48610  4.99985   768
1169.00  0.03743  0.03757  0.02859  0.80968  -202.72413  -204.59596  4.99985   768
1170.00  0.03745  0.03757  0.02841  0.80968  -203.02778  -204.89198  4.99985   768
1171.00  0.03747  0.03757  0.02840  0.80968  -203.07356  -204.98048  4.99985   768
1172.00  0.03744  0.03757  0.02863  0.80968  -202.71498  -204.62953  4.99985   768
1173.00  0.03746  0.03757  0.02901  0.80968  -202.15193  -204.07258  4.99985   768
1174.00  0.03744  0.03757  0.02935  0.80968  -201.65907  -203.62092  4.99985   768
1175.00  0.03745  0.03757  0.02999  0.80968  -200.69166  -202.63826  4.99985   768
1176.00  0.03746  0.03757  0.03067  0.80968  -199.54115  -201.48469  4.99985   768
1177.00  0.03746  0.03757  0.03063  0.80968  -199.60219  -201.43586  4.99985   768
1178.00  0.03744  0.03757  0.03031  0.80968  -200.08131  -201.91804  4.99985   768
1179.00  0.03745  0.03757  0.02969  0.80968  -200.94648  -202.74354  4.99985   768
1180.00  0.03745  0.03757  0.02895  0.80968  -202.19008  -204.03596  4.99985   768
1181.00  0.03745  0.03757  0.02914  0.80968  -201.88032  -203.73842  4.99985   768
1182.00  0.03745  0.03757  0.02889  0.80968  -202.28315  -204.15193  4.99985   768
1183.00  0.03745  0.03757  0.02907  0.80968  -202.00850  -203.88490  4.99985   768
1184.00  0.03745  0.03757  0.02891  0.80968  -202.25264  -204.13362  4.99985   768
1185.00  0.03745  0.03757  0.02821  0.80968  -203.01405  -204.65242  4.99985   768
1186.00  0.03747  0.03757  0.02122  0.80968  -213.26338  -214.40126  4.99985   768
1187.00  0.03746  0.03757  0.01745  0.80968  -220.03523  -222.04286  4.99985   768
1188.00  0.03747  0.03757  0.01824  0.80968  -218.14467  -219.63502  4.99985   768
1189.00  0.03746  0.03757  0.01194  0.80968  -227.84926  -229.25569  4.99985   768
1190.00  0.03746  0.03757  0.01332  0.80968  -226.73842  -229.12294  4.99985   768
1191.00  0.03746  0.03757  0.01191  0.80968  -227.80196  -229.15651  4.99985   768
1192.00  0.03746  0.03757  0.00935  0.80968  -232.39485  -234.32008  4.99985   768
1193.00  0.03747  0.03757  0.01337  0.80968  -226.45613  -228.67128  4.99985   768
1194.00  0.03745  0.03757  0.01020  0.80968  -230.65230  -232.11824  4.99985   768
1195.00  0.03747  0.03757  0.01122  0.80968  -229.76881  -231.94734  4.99985   768
1196.00  0.03746  0.03757  0.01315  0.80968  -226.32338  -228.12807  4.99985   768
1197.00  0.03746  0.03757  0.00939  0.80968  -232.02711  -233.66090  4.99985   768
1198.00  0.03747  0.03757  0.01088  0.80968  -230.19759  -232.29524  4.99985   768
1199.00  0.03747  0.03757  0.01021  0.80968  -230.60347  -232.14723  4.99985   768
1200.00  0.03745  0.03757  0.00836  0.80968  -233.94820  -235.90242  4.99985   768
1201.00  0.03746  0.03757  0.01072  0.80968  -230.37306  -232.46309  4.99985   768
1202.00  0.03746  0.03757  0.00948  0.80968  -231.85316  -233.49916  4.99985   768
1203.00  0.03746  0.03757  0.01056  0.80968  -230.78657  -232.96052  4.99985   768
1204.00  0.03748  0.03757  0.01204  0.80968  -228.17122  -230.06593  4.99985   768
1205.00  0.03747  0.03757  0.01022  0.80968  -230.83540  -232.58058  4.99985   768
1206.00  0.03747  0.03757  0.01154  0.80968  -229.10658  -231.15541  4.99985   768
1207.00  0.03747  0.03757  0.01081  0.80968  -229.82069  -231.51399  4.99985   768
1208.00  0.03745  0.03757  0.00906  0.80968  -232.79005  -234.66646  4.99985   768
1209.00  0.03746  0.03757  0.01036  0.80968  -230.81404  -232.75453  4.99985   768
1210.00  0.03745  0.03757  0.00901  0.80968  -232.66646  -234.39332  4.99985   768
1211.00  0.03748  0.03757  0.00952  0.80968  -232.29109  -234.37349  4.99985   768
1212.00  0.03746  0.03757  0.01094  0.80968  -229.88325  -231.76576  4.99985   768
1213.00  0.03746  0.03757  0.01047  0.80968  -230.60499  -232.46767  4.99985   768
1214.00  0.03746  0.03757  0.01205  0.80968  -228.35432  -230.41994  4.99985   768
1215.00  0.03746  0.03757  0.01193  0.80968  -228.17732  -229.91945  4.99985   768
1216.00  0.03745  0.03757  0.01101  0.80968  -229.77339  -231.63301  4.99985   768
1217.00  0.03747  0.03757  0.01155  0.80968  -228.90364  -230.80751  4.99985   768
1218.00  0.03745  0.03757  0.00993  0.80968  -231.27638  -232.98646  4.99985   768
1219.00  0.03745  0.03757  0.00990  0.80968  -231.52968  -233.51137  4.99985   768
1220.00  0.03746  0.03757  0.01061  0.80968  -230.38679  -232.27235  4.99985   768
1221.00  0.03745  0.03757  0.01011  0.80968  -231.16652  -233.05360  4.99985   768
1222.00  0.03746  0.03757  0.01120  0.80968  -229.58571  -231.61165  4.99985   768
1223.00  0.03746  0.03757  0.01150  0.80968  -228.98756  -230.82887  4.99985   768
1224.00  0.03745  0.03757  0.01103  0.80968  -229.75813  -231.66658  4.99985   768
1225.00  0.03746  0.03757  0.01138  0.80968  -229.19661  -231.10048  4.99985   768
1226.00  0.03747  0.03757  0.01026  0.80968  -230.74232  -232.48598  4.99985   768
1227.00  0.03747  0.03757  0.00966  0.80968  -231.86690  -233.74940  4.99985   768
1228.00  0.03746  0.03757  0.00966  0.80968  -231.76771  -233.61513  4.99985   768
1229.00  0.03745  0.03757  0.00896  0.80968  -232.87703  -234.71376  4.99985   768
1230.00  0.03745  0.03757  0.00982  0.80968  -231.72346  -233.72652  4.99985   768
1231.00  0.03746  0.03757  0.01043  0.80968  -230.64467  -232.49513  4.99985   768
1232.00  0.03746  0.03757  0.01056  0.80968  -230.51649  -232.46156  4.99985   768
1233.00  0.03746  0.03757  0.01136  0.80968  -229.27443  -231.18745  4.99985   768
1234.00  0.03746  0.03757  0.01081  0.80968  -229.95039  -231.72456  4.99985   768
1235.00  0.03746  0.03757  0.01054  0.80968  -230.50734  -232.41273  4.99985   768
1236.00  0.03746  0.03757  0.01026  0.80968  -230.81557  -232.62483  4.99985   768
1237.00  0.03746  0.03757  0.00934  0.80968  -232.23769  -234.06526  4.99985   768
1238.00  0.03746  0.03757  0.00948  0.80968  -232.17207  -234.11867  4.99985   768
1239.00  0.03744  0.03757  0.00952  0.80968  -232.03322  -233.92030  4.99985   768
1240.00  0.03745  0.03757  0.00997  0.80968  -231.45644  -233.43660  4.99985   768
1241.00  0.03745  0.03757  0.01097  0.80968  -229.89546  -231.86800  4.99985   768
1242.00  0.03746  0.03757  0.01129  0.80968  -229.34004  -231.25612  4.99985   768
1243.00  0.03746  0.03757  0.01163  0.80968  -228.89296  -230.82735  4.99985   768
1244.00  0.03745  0.03757  0.01170  0.80968  -228.66713  -230.50844  4.99985   768
1245.00  0.03747  0.03757  0.01097  0.80968  -229.74745  -231.55214  4.99985   768
1246.00  0.03745  0.03757  0.01057  0.80968  -230.35322  -232.21132  4.99985   768
1247.00  0.03746  0.03757  0.01009  0.80968  -231.11311  -232.92848  4.99985   768
1248.00  0.03746  0.03757  0.00994  0.80968  -231.41524  -233.30080  4.99985   768
1249.00  0.03746  0.03757  0.01045  0.80968  -230.66145  -232.58363  4.99985   768
1250.00  0.03745  0.03757  0.01079  0.80968  -230.14418  -232.04500  4.99985   768
1251.00  0.03746  0.03757  0.01134  0.80968  -229.32020  -231.26222  4.99985   768
1252.00  0.03745  0.03757  0.01161  0.80968  -228.86092  -230.73884  4.99985   768
1253.00  0.03746  0.03757  0.01117  0.80968  -229.46974  -231.33546  4.99985   768
1254.00  0.03747  0.03757  0.01082  0.80968  -229.97481  -231.83595  4.99985   768
1255.00  0.03745  0.03757  0.00997  0.80968  -231.25655  -233.04903  4.99985   768
1256.00  0.03746  0.03757  0.00935  0.80968  -232.28499  -234.14155  4.99985   768
1257.00  0.03746  0.03757  0.00924  0.80968  -232.46657  -234.36281  4.99985   768
1258.00  0.03746  0.03757  0.00939  0.80968  -232.30177  -234.23006  4.99985   768
1259.00  0.03746  0.03757  0.00989  0.80968  -231.51747  -233.49000  4.99985   768
1260.00  0.03745  0.03757  0.01062  0.80968  -230.39290  -232.34407  4.99985   768
1261.00  0.03746  0.03757  0.01102  0.80968  -229.77492  -231.66963  4.99985   768
1262.00  0.03746  0.03757  0.01126  0.80968  -229.40108  -231.30189  4.99985   768
1263.00  0.03745  0.03757  0.01094  0.80968  -229.83290  -231.65742  4.99985   768
1264.00  0.03746  0.03757  0.01041  0.80968  -230.60805  -232.42036  4.99985   768
1265.00  0.03745  0.03757  0.00987  0.80968  -231.45338  -233.27333  4.99985   768
1266.00  0.03747  0.03757  0.00956  0.80968  -231.95082  -233.79823  4.99985   768
1267.00  0.03746  0.03757  0.00964  0.80968  -231.91267  -233.80739  4.99985   768
1268.00  0.03745  0.03757  0.01006  0.80968  -231.25197  -233.18025  4.99985   768
1269.00  0.03744  0.03757  0.01061  0.80968  -230.44478  -232.38985  4.99985   768
1270.00  0.03746  0.03757  0.01132  0.80968  -229.38887  -231.33241  4.99985   768
1271.00  0.03746  0.03757  0.01172  0.80968  -228.73732  -230.64119  4.99985   768
1272.00  0.03745  0.03757  0.01166  0.80968  -228.75716  -230.63508  4.99985   768
1273.00  0.03744  0.03757  0.01141  0.80968  -229.14931  -231.02571  4.99985   768
1274.00  0.03746  0.03757  0.01083  0.80968  -229.98549  -231.80086  4.99985   768
1275.00  0.03744  0.03757  0.01037  0.80968  -230.73775  -232.60347  4.99985   768
1276.00  0.03748  0.03757  0.01025  0.80968  -230.89949  -232.78810  4.99985   768
1277.00  0.03747  0.03757  0.01042  0.80968  -230.72554  -232.63399  4.99985   768
1278.00  0.03745  0.03757  0.01099  0.80968  -229.88325  -231.81764  4.99985   768
1279.00  0.03744  0.03757  0.01149  0.80968  -229.06233  -230.97383  4.99985   768
1280.00  0.03746  0.03757  0.01184  0.80968  -228.48860  -230.39705  4.99985   768
1281.00  0.03745  0.03757  0.01182  0.80968  -228.47792  -230.32838  4.99985   768
1282.00  0.03746  0.03757  0.01131  0.80968  -229.22407  -231.04402  4.99985   768
1283.00  0.03745  0.03757  0.01057  0.80968  -230.33339  -232.13960  4.99985   768
1284.00  0.03745  0.03757  0.00991  0.80968  -231.41524  -233.23976  4.99985   768
1285.00  0.03746  0.03757  0.00954  0.80968  -231.98897  -233.83790  4.99985   768
1286.00  0.03747  0.03757  0.00949  0.80968  -232.12019  -234.01796  4.99985   768
1287.00  0.03745  0.03757  0.00984  0.80968  -231.61360  -233.55104  4.99985   768
1288.00  0.03746  0.03757  0.01041  0.80968  -230.75301  -232.70723  4.99985   768
1289.00  0.03745  0.03757  0.01114  0.80968  -229.65590  -231.61317  4.99985   768
1290.00  0.03745  0.03757  0.01143  0.80968  -229.11269  -231.02113  4.99985   768
1291.00  0.03746  0.03757  0.01133  0.80968  -229.27138  -231.14320  4.99985   768
1292.00  0.03744  0.03757  0.01093  0.80968  -229.82222  -231.66048  4.99985   768
1293.00  0.03746  0.03757  0.01034  0.80968  -230.76063  -232.62788  4.99985   768
1294.00  0.03746  0.03757  0.00998  0.80968  -231.31453  -233.16499  4.99985   768
1295.00  0.03745  0.03757  0.00986  0.80968  -231.51594  -233.38167  4.99985   768
1296.00  0.03745  0.03757  0.01007  0.80968  -231.19856  -233.11769  4.99985   768
1297.00  0.03746  0.03757  0.01073  0.80968  -230.29066  -232.23421  4.99985   768
1298.00  0.03744  0.03757  0.01127  0.80968  -229.41786  -231.31563  4.99985   768
1299.00  0.03746  0.03757  0.01178  0.80968  -228.61372  -230.53743  4.99985   768
1300.00  0.03745  0.03757  0.01204  0.80968  -228.18800  -230.06593  4.99985   768
1301.00  0.03745  0.03757  0.01167  0.80968  -228.70222  -230.54658  4.99985   768
1302.00  0.03746  0.03757  0.01116  0.80968  -229.49568  -231.34004  4.99985   768
1303.00  0.03745  0.03757  0.01051  0.80968  -230.47377  -232.29524  4.99985   768
1304.00  0.03745  0.03757  0.01022  0.80968  -230.94832  -232.83082  4.99985   768
1305.00  0.03745  0.03757  0.01038  0.80968  -230.76521  -232.68434  4.99985   768
1306.00  0.03745  0.03757  0.01092  0.80968  -230.01295  -231.98244  4.99985   768
1307.00  0.03746  0.03757  0.01172  0.80968  -228.77089  -230.73732  4.99985   768
1308.00  0.03745  0.03757  0.01232  0.80968  -227.78975  -229.73482  4.99985   768
1309.00  0.03745  0.03757  0.01245  0.80968  -227.55476  -229.43880  4.99985   768
1310.00  0.03746  0.03757  0.01232  0.80968  -227.70735  -229.57765  4.99985   768
1311.00  0.03745  0.03757  0.01154  0.80968  -228.86854  -230.67018  4.99985   768
1312.00  0.03745  0.03757  0.01065  0.80968  -230.24336  -232.03889  4.99985   768
1313.00  0.03745  0.03757  0.00986  0.80968  -231.42439  -233.23976  4.99985   768
1314.00  0.03745  0.03757  0.00950  0.80968  -232.06831  -233.92183  4.99985   768
1315.00  0.03745  0.03757  0.00962  0.80968  -231.88673  -233.77992  4.99985   768
1316.00  0.03746  0.03757  0.01014  0.80968  -231.17110  -233.11311  4.99985   768
1317.00  0.03745  0.03757  0.01070  0.80968  -230.29066  -232.19759  4.99985   768
1318.00  0.03746  0.03757  0.01106  0.80968  -229.69252  -231.59181  4.99985   768
1319.00  0.03746  0.03757  0.01110  0.80968  -229.60554  -231.49263  4.99985   768
1320.00  0.03745  0.03757  0.01076  0.80968  -230.08009  -231.94429  4.99985   768
1321.00  0.03746  0.03757  0.01026  0.80968  -230.88728  -232.71791  4.99985   768
1322.00  0.03745  0.03757  0.00975  0.80968  -231.66395  -233.52510  4.99985   768
1323.00  0.03745  0.03757  0.00953  0.80968  -232.03780  -233.92946  4.99985   768
1324.00  0.03745  0.03757  0.00972  0.80968  -231.79213  -233.71736  4.99985   768
1325.00  0.03745  0.03757  0.01030  0.80968  -230.91322  -232.86745  4.99985   768
1326.00  0.03745  0.03757  0.01115  0.80968  -229.65590  -231.62843  4.99985   768
1327.00  0.03746  0.03757  0.01172  0.80968  -228.72664  -230.64119  4.99985   768
1328.00  0.03745  0.03757  0.01203  0.80968  -228.22768  -230.14223  4.99985   768
1329.00  0.03745  0.03757  0.01198  0.80968  -228.26124  -230.11323  4.99985   768
1330.00  0.03746  0.03757  0.01146  0.80968  -229.01961  -230.84413  4.99985   768
1331.00  0.03746  0.03757  0.01088  0.80968  -229.89546  -231.71846  4.99985   768
1332.00  0.03745  0.03757  0.01028  0.80968  -230.83235  -232.65840  4.99985   768
1333.00  0.03745  0.03757  0.01008  0.80968  -231.16804  -233.01698  4.99985   768
1334.00  0.03745  0.03757  0.01040  0.80968  -230.75606  -232.68587  4.99985   768
1335.00  0.03745  0.03757  0.01101  0.80968  -229.81917  -231.76576  4.99985   768
1336.00  0.03745  0.03757  0.01170  0.80968  -228.75563  -230.71443  4.99985   768
1337.00  0.03745  0.03757  0.01207  0.80968  -228.17122  -230.08577  4.99985   768
1338.00  0.03746  0.03757  0.01207  0.80968  -228.16511  -230.03999  4.99985   768
1339.00  0.03745  0.03757  0.01167  0.80968  -228.69459  -230.55116  4.99985   768
1340.00  0.03745  0.03757  0.01106  0.80968  -229.61470  -231.42549  4.99985   768
1341.00  0.03744  0.03757  0.01044  0.80968  -230.57753  -232.42799  4.99985   768
1342.00  0.03745  0.03757  0.01003  0.80968  -231.24129  -233.09785  4.99985   768
1343.00  0.03745  0.03757  0.01002  0.80968  -231.27943  -233.18635  4.99985   768
1344.00  0.03745  0.03757  0.01028  0.80968  -230.92696  -232.84761  4.99985   768
1345.00  0.03745  0.03757  0.01082  0.80968  -230.12739  -232.04957  4.99985   768
1346.00  0.03745  0.03757  0.01119  0.80968  -229.50331  -231.40413  4.99985   768
1347.00  0.03746  0.03757  0.01122  0.80968  -229.46516  -231.32936  4.99985   768
1348.00  0.03745  0.03757  0.01084  0.80968  -229.93666  -231.74898  4.99985   768
1349.00  0.03745  0.03757  0.01034  0.80968  -230.72554  -232.57143  4.99985   768
1350.00  0.03746  0.03757  0.00979  0.80968  -231.56172  -233.39998  4.99985   768
1351.00  0.03745  0.03757  0.00950  0.80968  -232.07747  -233.93098  4.99985   768
1352.00  0.03745  0.03757  0.00955  0.80968  -231.99812  -233.90657  4.99985   768
1353.00  0.03745  0.03757  0.01001  0.80968  -231.38930  -233.32979  4.99985   768
1354.00  0.03745  0.03757  0.01077  0.80968  -230.16554  -232.14418  4.99985   768
1355.00  0.03744  0.03757  0.01135  0.80968  -229.32326  -231.26375  4.99985   768
1356.00  0.03745  0.03757  0.01192  0.80968  -228.43672  -230.36806  4.99985   768
1357.00  0.03745  0.03757  0.01197  0.80968  -228.27650  -230.17122  4.99985   768
1358.00  0.03745  0.03757  0.01168  0.80968  -228.68086  -230.53438  4.99985   768
1359.00  0.03745  0.03757  0.01123  0.80968  -229.38124  -231.21339  4.99985   768
1360.00  0.03747  0.03757  0.01071  0.80968  -230.16096  -232.00685  4.99985   768
1361.00  0.03745  0.03757  0.01049  0.80968  -230.55006  -232.42342  4.99985   768
1362.00  0.03745  0.03757  0.01075  0.80968  -230.17165  -232.08314  4.99985   768
1363.00  0.03743  0.03757  0.01114  0.80968  -229.59791  -231.50178  4.99985   768
1364.00  0.03745  0.03757  0.01169  0.80968  -228.76021  -230.68849  4.99985   768
1365.00  0.03745  0.03757  0.01207  0.80968  -228.16359  -230.07051  4.99985   768
1366.00  0.03746  0.03757  0.01197  0.80968  -228.24904  -230.11171  4.99985   768
1367.00  0.03745  0.03757  0.01169  0.80968  -228.68086  -230.51454  4.99985   768
1368.00  0.03745  0.03757  0.01106  0.80968  -229.61012  -231.42396  4.99985   768
1369.00  0.03744  0.03757  0.01044  0.80968  -230.56837  -232.40816  4.99985   768
1370.00  0.03745  0.03757  0.00995  0.80968  -231.36336  -233.23518  4.99985   768
1371.00  0.03746  0.03757  0.01000  0.80968  -231.34047  -233.25655  4.99985   768
1372.00  0.03744  0.03757  0.01026  0.80968  -230.95747  -232.87660  4.99985   768
1373.00  0.03745  0.03757  0.01092  0.80968  -229.96107  -231.93208  4.99985   768
1374.00  0.03746  0.03757  0.01138  0.80968  -229.21644  -231.14473  4.99985   768
1375.00  0.03745  0.03757  0.01155  0.80968  -228.94636  -230.83040  4.99985   768
1376.00  0.03745  0.03757  0.01141  0.80968  -229.06843  -230.94179  4.99985   768
1377.00  0.03745  0.03757  0.01087  0.80968  -229.88783  -231.70778  4.99985   768
1378.00  0.03745  0.03757  0.01015  0.80968  -231.02156  -232.84303  4.99985   768
1379.00  0.03745  0.03757  0.00965  0.80968  -231.82722  -233.67158  4.99985   768
1380.00  0.03744  0.03757  0.00943  0.80968  -232.17512  -234.02864  4.99985   768
1381.00  0.03744  0.03757  0.00978  0.80968  -231.72346  -233.65175  4.99985   768
1382.00  0.03745  0.03757  0.01035  0.80968  -230.84456  -232.78505  4.99985   768
1383.00  0.03745  0.03757  0.01120  0.80968  -229.53078  -231.47890  4.99985   768
1384.00  0.03744  0.03757  0.01172  0.80968  -228.70833  -230.63203  4.99985   768
1385.00  0.03746  0.03757  0.01186  0.80968  -228.46419  -230.33754  4.99985   768
1386.00  0.03745  0.03757  0.01170  0.80968  -228.66408  -230.51607  4.99985   768
1387.00  0.03745  0.03757  0.01116  0.80968  -229.48347  -231.32478  4.99985   768
1388.00  0.03744  0.03757  0.01073  0.80968  -230.16859  -232.02363  4.99985   768
1389.00  0.03744  0.03757  0.01043  0.80968  -230.65077  -232.54549  4.99985   768
1390.00  0.03746  0.03757  0.01066  0.80968  -230.36543  -232.29524  4.99985   768
1391.00  0.03744  0.03757  0.01114  0.80968  -229.62385  -231.57350  4.99985   768
1392.00  0.03743  0.03757  0.01179  0.80968  -228.64882  -230.60609  4.99985   768
1393.00  0.03745  0.03757  0.01234  0.80968  -227.76686  -229.69057  4.99985   768
1394.00  0.03746  0.03757  0.01243  0.80968  -227.60206  -229.49068  4.99985   768
1395.00  0.03746  0.03757  0.01218  0.80968  -227.91487  -229.75313  4.99985   768
1396.00  0.03744  0.03757  0.01152  0.80968  -228.89296  -230.70680  4.99985   768
1397.00  0.03745  0.03757  0.01077  0.80968  -230.05568  -231.86037  4.99985   768
1398.00  0.03744  0.03757  0.01020  0.80968  -230.96663  -232.80488  4.99985   768
1399.00  0.03745  0.03757  0.01001  0.80968  -231.27638  -233.15736  4.99985   768
1400.00  0.03745  0.03757  0.01016  0.80968  -231.09633  -232.99562  4.99985   768
1401.00  0.03745  0.03757  0.01070  0.80968  -230.26472  -232.21132  4.99985   768
1402.00  0.03745  0.03757  0.01128  0.80968  -229.37056  -231.30800  4.99985   768
1403.00  0.03746  0.03757  0.01154  0.80968  -228.97841  -230.87160  4.99985   768
1404.00  0.03745  0.03757  0.01152  0.80968  -228.92653  -230.80446  4.99985   768
1405.00  0.03745  0.03757  0.01106  0.80968  -229.63454  -231.48195  4.99985   768
1406.00  0.03744  0.03757  0.01041  0.80968  -230.62483  -232.45546  4.99985   768
1407.00  0.03745  0.03757  0.00984  0.80968  -231.53273  -233.36946  4.99985   768
1408.00  0.03745  0.03757  0.00955  0.80968  -232.00117  -233.87910  4.99985   768
1409.00  0.03744  0.03757  0.00964  0.80968  -231.88978  -233.80281  4.99985   768
1410.00  0.03745  0.03757  0.01015  0.80968  -231.16804  -233.09633  4.99985   768
1411.00  0.03745  0.03757  0.01096  0.80968  -229.94429  -231.89241  4.99985   768
1412.00  0.03744  0.03757  0.01157  0.80968  -228.90364  -230.82887  4.99985   768
1413.00  0.03745  0.03757  0.01187  0.80968  -228.43062  -230.32533  4.99985   768
1414.00  0.03745  0.03757  0.01173  0.80968  -228.64577  -230.50996  4.99985   768
1415.00  0.03744  0.03757  0.01132  0.80968  -229.27138  -231.10200  4.99985   768
1416.00  0.03746  0.03757  0.01065  0.80968  -230.22200  -232.02669  4.99985   768
1417.00  0.03744  0.03757  0.01023  0.80968  -230.92848  -232.77284  4.99985   768
1418.00  0.03745  0.03757  0.01015  0.80968  -231.08717  -232.98036  4.99985   768
1419.00  0.03744  0.03757  0.01055  0.80968  -230.54396  -232.47072  4.99985   768
1420.00  0.03746  0.03757  0.01125  0.80968  -229.45753  -231.43465  4.99985   768
1421.00  0.03744  0.03757  0.01193  0.80968  -228.41383  -230.37416  4.99985   768
1422.00  0.03745  0.03757  0.01231  0.80968  -227.75770  -229.66920  4.99985   768
1423.00  0.03744  0.03757  0.01231  0.80968  -227.72261  -229.60512  4.99985   768
1424.00  0.03744  0.03757  0.01188  0.80968  -228.37874  -230.22157  4.99985   768
1425.00  0.03745  0.03757  0.01126  0.80968  -229.31258  -231.13252  4.99985   768
1426.00  0.03746  0.03757  0.01048  0.80968  -230.46309  -232.27540  4.99985   768
1427.00  0.03744  0.03757  0.01013  0.80968  -231.10853  -232.96968  4.99985   768
1428.00  0.03745  0.03757  0.01012  0.80968  -231.17110  -233.07191  4.99985   768
1429.00  0.03745  0.03757  0.01047  0.80968  -230.62331  -232.54701  4.99985   768
1430.00  0.03744  0.03757  0.01101  0.80968  -229.81459  -231.72761  4.99985   768
1431.00  0.03744  0.03757  0.01145  0.80968  -229.13100  -231.05470  4.99985   768
1432.00  0.03745  0.03757  0.01157  0.80968  -228.88228  -230.75716  4.99985   768
1433.00  0.03746  0.03757  0.01134  0.80968  -229.23323  -231.08217  4.99985   768
1434.00  0.03745  0.03757  0.01076  0.80968  -230.07094  -231.87105  4.99985   768
1435.00  0.03744  0.03757  0.00995  0.80968  -231.32216  -233.15889  4.99985   768
1436.00  0.03745  0.03757  0.00954  0.80968  -232.00117  -233.86537  4.99985   768
1437.00  0.03744  0.03757  0.00946  0.80968  -232.19343  -234.07442  4.99985   768
1438.00  0.03745  0.03757  0.00980  0.80968  -231.66395  -233.61513  4.99985   768
1439.00  0.03745  0.03757  0.01049  0.80968  -230.65535  -232.62331  4.99985   768
1440.00  0.03745  0.03757  0.01112  0.80968  -229.68794  -231.61775  4.99985   768
1441.00  0.03744  0.03757  0.01163  0.80968  -228.86397  -230.81514  4.99985   768
1442.00  0.03745  0.03757  0.01175  0.80968  -228.61067  -230.50844  4.99985   768
1443.00  0.03745  0.03757  0.01151  0.80968  -228.92500  -230.76478  4.99985   768
1444.00  0.03744  0.03757  0.01109  0.80968  -229.62080  -231.47584  4.99985   768
1445.00  0.03744  0.03757  0.01052  0.80968  -230.46004  -232.28303  4.99985   768
1446.00  0.03744  0.03757  0.01027  0.80968  -230.87660  -232.74690  4.99985   768
1447.00  0.03744  0.03757  0.01036  0.80968  -230.78352  -232.66603  4.99985   768
1448.00  0.03743  0.03757  0.01095  0.80968  -229.88783  -231.82069  4.99985   768
1449.00  0.03745  0.03757  0.01152  0.80968  -229.04402  -230.98451  4.99985   768
1450.00  0.03744  0.03757  0.01203  0.80968  -228.21089  -230.13307  4.99985   768
1451.00  0.03745  0.03757  0.01211  0.80968  -228.07051  -229.94234  4.99985   768
1452.00  0.03743  0.03757  0.01186  0.80968  -228.40010  -230.25056  4.99985   768
1453.00  0.03743  0.03757  0.01119  0.80968  -229.40871  -231.22713  4.99985   768
1454.00  0.03743  0.03757  0.01058  0.80968  -230.36238  -232.20521  4.99985   768
1455.00  0.03746  0.03757  0.01001  0.80968  -231.23976  -233.09175  4.99985   768
1456.00  0.03744  0.03757  0.00995  0.80968  -231.38014  -233.28554  4.99985   768
1457.00  0.03745  0.03757  0.01023  0.80968  -231.03834  -232.98189  4.99985   768
1458.00  0.03745  0.03757  0.01076  0.80968  -230.19453  -232.13045  4.99985   768
1459.00  0.03744  0.03757  0.01134  0.80968  -229.35530  -231.30495  4.99985   768
1460.00  0.03744  0.03757  0.01162  0.80968  -228.83498  -230.72206  4.99985   768
1461.00  0.03745  0.03757  0.01151  0.80968  -228.98299  -230.84566  4.99985   768
1462.00  0.03744  0.03757  0.01102  0.80968  -229.67268  -231.50484  4.99985   768
1463.00  0.03744  0.03757  0.01042  0.80968  -230.61568  -232.43410  4.99985   768
1464.00  0.03745  0.03757  0.00987  0.80968  -231.46254  -233.27791  4.99985   768
1465.00  0.03745  0.03757  0.00963  0.80968  -231.87910  -233.74330  4.99985   768
1466.00  0.03745  0.03757  0.00981  0.80968  -231.61818  -233.51289  4.99985   768
1467.00  0.03745  0.03757  0.01035  0.80968  -230.85829  -232.81099  4.99985   768
1468.00  0.03746  0.03757  0.01097  0.80968  -229.88631  -231.82222  4.99985   768
1469.00  0.03746  0.03757  0.01153  0.80968  -229.01045  -230.96773  4.99985   768
1470.00  0.03744  0.03757  0.01174  0.80968  -228.64882  -230.54201  4.99985   768
1471.00  0.03745  0.03757  0.01160  0.80968  -228.79683  -230.66865  4.99985   768
1472.00  0.03743  0.03757  0.01115  0.80968  -229.50789  -231.35988  4.99985   768
1473.00  0.03745  0.03757  0.01069  0.80968  -230.19453  -232.05110  4.99985   768
1474.00  0.03744  0.03757  0.01039  0.80968  -230.71181  -232.59279  4.99985   768
1475.00  0.03744  0.03757  0.01048  0.80968  -230.58516  -232.48292  4.99985   768
1476.00  0.03742  0.03757  0.01089  0.80968  -230.04347  -231.98396  4.99985   768
1477.00  0.03745  0.03757  0.01159  0.80968  -228.93873  -230.90211  4.99985   768
1478.00  0.03745  0.03757  0.01212  0.80968  -228.07814  -229.98659  4.99985   768
1479.00  0.03745  0.03757  0.01233  0.80968  -227.72414  -229.61427  4.99985   768
1480.00  0.03744  0.03757  0.01215  0.80968  -227.96522  -229.78212  4.99985   768
1481.00  0.03743  0.03757  0.01167  0.80968  -228.67476  -230.50233  4.99985   768
1482.00  0.03745  0.03757  0.01085  0.80968  -229.92750  -231.73677  4.99985   768
1483.00  0.03743  0.03757  0.01019  0.80968  -230.95290  -232.77589  4.99985   768
1484.00  0.03744  0.03757  0.00990  0.80968  -231.43202  -233.29622  4.99985   768
1485.00  0.03744  0.03757  0.00999  0.80968  -231.35268  -233.26265  4.99985   768
1486.00  0.03744  0.03757  0.01048  0.80968  -230.60042  -232.55311  4.99985   768
1487.00  0.03744  0.03757  0.01109  0.80968  -229.70778  -231.63759  4.99985   768
1488.00  0.03744  0.03757  0.01149  0.80968  -229.06691  -231.00740  4.99985   768
1489.00  0.03743  0.03757  0.01151  0.80968  -228.97841  -230.83955  4.99985   768
1490.00  0.03744  0.03757  0.01123  0.80968  -229.41176  -231.28053  4.99985   768
1491.00  0.03744  0.03757  0.01067  0.80968  -230.21895  -232.05568  4.99985   768
1492.00  0.03744  0.03757  0.01009  0.80968  -231.11616  -232.95595  4.99985   768
1493.00  0.03745  0.03757  0.00965  0.80968  -231.87453  -233.73872  4.99985   768
1494.00  0.03745  0.03757  0.00962  0.80968  -231.94014  -233.82417  4.99985   768
1495.00  0.03744  0.03757  0.01003  0.80968  -231.34199  -233.25349  4.99985   768
1496.00  0.03744  0.03757  0.01070  0.80968  -230.32728  -232.27235  4.99985   768
1497.00  0.03745  0.03757  0.01137  0.80968  -229.23781  -231.18745  4.99985   768
1498.00  0.03745  0.03757  0.01167  0.80968  -228.76173  -230.65645  4.99985   768
1499.00  0.03745  0.03757  0.01161  0.80968  -228.81972  -230.67018  4.99985   768
1500.00  0.03745  0.03757  0.01124  0.80968  -229.36140  -231.20729  4.99985   768
1501.00  0.03745  0.03757  0.01061  0.80968  -230.33491  -232.15181  4.99985   768
1502.00  0.03744  0.03757  0.01020  0.80968  -230.98952  -232.84914  4.99985   768
1503.00  0.03743  0.03757  0.01001  0.80968  -231.28554  -233.17110  4.99985   768
1504.00  0.03744  0.03757  0.01029  0.80968  -230.94221  -232.87660  4.99985   768
1505.00  0.03744  0.03757  0.01095  0.80968  -229.94734  -231.91225  4.99985   768
1506.00  0.03744  0.03757  0.01167  0.80968  -228.80904  -230.79072  4.99985   768
1507.00  0.03744  0.03757  0.01215  0.80968  -227.99879  -229.92860  4.99985   768
1508.00  0.03744  0.03757  0.01229  0.80968  -227.78212  -229.67836  4.99985   768
1509.00  0.03744  0.03757  0.01189  0.80968  -228.36806  -230.21089  4.99985   768
1510.00  0.03743  0.03757  0.01125  0.80968  -229.31410  -231.12794  4.99985   768
1511.00  0.03744  0.03757  0.01067  0.80968  -230.20216  -232.05568  4.99985   768
1512.00  0.03743  0.03757  0.01012  0.80968  -231.08259  -232.90559  4.99985   768
1513.00  0.03744  0.03757  0.00992  0.80968  -231.43812  -233.30385  4.99985   768
1514.00  0.03744  0.03757  0.01021  0.80968  -231.01851  -232.92390  4.99985   768
1515.00  0.03744  0.03757  0.01066  0.80968  -230.36696  -232.29372  4.99985   768
1516.00  0.03744  0.03757  0.01116  0.80968  -229.55672  -231.45753  4.99985   768
1517.00  0.03745  0.03757  0.01138  0.80968  -229.17677  -231.07759  4.99985   768
1518.00  0.03743  0.03757  0.01128  0.80968  -229.31258  -231.18440  4.99985   768
1519.00  0.03743  0.03757  0.01075  0.80968  -230.13197  -231.94276  4.99985   768
1520.00  0.03743  0.03757  0.01009  0.80968  -231.10853  -232.93458  4.99985   768
1521.00  0.03744  0.03757  0.00959  0.80968  -231.91115  -233.78603  4.99985   768
1522.00  0.03743  0.03757  0.00943  0.80968  -232.17665  -234.07136  4.99985   768
1523.00  0.03744  0.03757  0.00971  0.80968  -231.83180  -233.75551  4.99985   768
1524.00  0.03744  0.03757  0.01031  0.80968  -230.91475  -232.88576  4.99985   768
1525.00  0.03744  0.03757  0.01088  0.80968  -229.99922  -231.94887  4.99985   768
1526.00  0.03743  0.03757  0.01132  0.80968  -229.35225  -231.27748  4.99985   768
1527.00  0.03744  0.03757  0.01150  0.80968  -229.02724  -230.90974  4.99985   768
1528.00  0.03744  0.03757  0.01135  0.80968  -229.18745  -231.03639  4.99985   768
1529.00  0.03744  0.03757  0.01082  0.80968  -229.95955  -231.77797  4.99985   768
1530.00  0.03744  0.03757  0.01024  0.80968  -230.88881  -232.71486  4.99985   768
1531.00  0.03744  0.03757  0.00993  0.80968  -231.38319  -233.26875  4.99985   768
1532.00  0.03744  0.03757  0.01008  0.80968  -231.21535  -233.13142  4.99985   768
1533.00  0.03743  0.03757  0.01059  0.80968  -230.46767  -232.38527  4.99985   768
1534.00  0.03746  0.03757  0.01112  0.80968  -229.64369  -231.55977  4.99985   768
1535.00  0.03744  0.03757  0.01157  0.80968  -228.96162  -230.88991  4.99985   768
1536.00  0.03745  0.03757  0.01196  0.80968  -228.32991  -230.24751  4.99985   768
1537.00  0.03743  0.03757  0.01192  0.80968  -228.34669  -230.21547  4.99985   768
1538.00  0.03744  0.03757  0.01149  0.80968  -228.98146  -230.84108  4.99985   768
1539.00  0.03745  0.03757  0.01079  0.80968  -230.02058  -231.83595  4.99985   768
1540.00  0.03743  0.03757  0.01022  0.80968  -230.95595  -232.81709  4.99985   768
1541.00  0.03743  0.03757  0.00994  0.80968  -231.41981  -233.28401  4.99985   768
1542.00  0.03743  0.03757  0.01027  0.80968  -230.96968  -232.90864  4.99985   768
1543.00  0.03743  0.03757  0.01082  0.80968  -230.15791  -232.09535  4.99985   768
1544.00  0.03744  0.03757  0.01115  0.80968  -229.59029  -231.49415  4.99985   768
1545.00  0.03744  0.03757  0.01136  0.80968  -229.23781  -231.15388  4.99985   768
1546.00  0.03742  0.03757  0.01145  0.80968  -229.11726  -230.99367  4.99985   768
1547.00  0.03744  0.03757  0.01110  0.80968  -229.56587  -231.39345  4.99985   768
1548.00  0.03744  0.03757  0.01046  0.80968  -230.53633  -232.33644  4.99985   768
1549.00  0.03744  0.03757  0.00981  0.80968  -231.55104  -233.38014  4.99985   768
1550.00  0.03744  0.03757  0.00953  0.80968  -232.02559  -233.89589  4.99985   768
1551.00  0.03744  0.03757  0.00961  0.80968  -231.95387  -233.85774  4.99985   768
1552.00  0.03742  0.03757  0.01007  0.80968  -231.25197  -233.17720  4.99985   768
1553.00  0.03745  0.03757  0.01060  0.80968  -230.44936  -232.40205  4.99985   768
1554.00  0.03745  0.03757  0.01106  0.80968  -229.72761  -231.66048  4.99985   768
1555.00  0.03745  0.03757  0.01132  0.80968  -229.33546  -231.24849  4.99985   768
1556.00  0.03745  0.03757  0.01120  0.80968  -229.42549  -231.28053  4.99985   768
1557.00  0.03743  0.03757  0.01093  0.80968  -229.87868  -231.73067  4.99985   768
1558.00  0.03743  0.03757  0.01035  0.80968  -230.70113  -232.52412  4.99985   768
1559.00  0.03743  0.03757  0.00997  0.80968  -231.37099  -233.23823  4.99985   768
1560.00  0.03744  0.03757  0.00990  0.80968  -231.49916  -233.39998  4.99985   768
1561.00  0.03743  0.03757  0.01033  0.80968  -230.88576  -232.83693  4.99985   768
1562.00  0.03744  0.03757  0.01093  0.80968  -229.96107  -231.88325  4.99985   768
1563.00  0.03744  0.03757  0.01144  0.80968  -229.14625  -231.05012  4.99985   768
1564.00  0.03744  0.03757  0.01181  0.80968  -228.57100  -230.47639  4.99985   768
1565.00  0.03743  0.03757  0.01183  0.80968  -228.47792  -230.34364  4.99985   768
1566.00  0.03744  0.03757  0.01154  0.80968  -228.92805  -230.76173  4.99985   768
1567.00  0.03743  0.03757  0.01094  0.80968  -229.77949  -231.58723  4.99985   768
1568.00  0.03743  0.03757  0.01037  0.80968  -230.67366  -232.53023  4.99985   768
1569.00  0.03743  0.03757  0.01005  0.80968  -231.21535  -233.06734  4.99985   768
1570.00  0.03743  0.03757  0.01020  0.80968  -231.07191  -232.98799  4.99985   768
1571.00  0.03744  0.03757  0.01045  0.80968  -230.63856  -232.55159  4.99985   768
1572.00  0.03743  0.03757  0.01094  0.80968  -229.92903  -231.87562  4.99985   768
1573.00  0.03743  0.03757  0.01144  0.80968  -229.15388  -231.09132  4.99985   768
1574.00  0.03743  0.03757  0.01152  0.80968  -228.96773  -230.85481  4.99985   768
1575.00  0.03744  0.03757  0.01124  0.80968  -229.41176  -231.25154  4.99985   768
1576.00  0.03745  0.03757  0.01073  0.80968  -230.07857  -231.92293  4.99985   768
1577.00  0.03742  0.03757  0.01013  0.80968  -231.06428  -232.89186  4.99985   768
1578.00  0.03743  0.03757  0.00969  0.80968  -231.76161  -233.61970  4.99985   768
1579.00  0.03743  0.03757  0.00972  0.80968  -231.72804  -233.60750  4.99985   768
1580.00  0.03743  0.03757  0.00985  0.80968  -231.56477  -233.44728  4.99985   768
1581.00  0.03744  0.03757  0.01034  0.80968  -230.84151  -232.76826  4.99985   768
1582.00  0.03744  0.03757  0.01097  0.80968  -229.85274  -231.78407  4.99985   768
1583.00  0.03744  0.03757  0.01147  0.80968  -229.09285  -231.00435  4.99985   768
1584.00  0.03744  0.03757  0.01146  0.80968  -229.06233  -230.92805  4.99985   768
1585.00  0.03744  0.03757  0.01111  0.80968  -229.57503  -231.42702  4.99985   768
1586.00  0.03743  0.03757  0.01047  0.80968  -230.51497  -232.34865  4.99985   768
1587.00  0.03743  0.03757  0.00995  0.80968  -231.34657  -233.20314  4.99985   768
1588.00  0.03743  0.03757  0.00983  0.80968  -231.58919  -233.47780  4.99985   768
1589.00  0.03744  0.03757  0.00997  0.80968  -231.40303  -233.31453  4.99985   768
1590.00  0.03743  0.03757  0.01046  0.80968  -230.68434  -232.65230  4.99985   768
1591.00  0.03744  0.03757  0.01120  0.80968  -229.57045  -231.53535  4.99985   768
1592.00  0.03744  0.03757  0.01168  0.80968  -228.75716  -230.68391  4.99985   768
1593.00  0.03743  0.03757  0.01195  0.80968  -228.32686  -230.21242  4.99985   768
1594.00  0.03745  0.03757  0.01188  0.80968  -228.39705  -230.25514  4.99985   768
1595.00  0.03745  0.03757  0.01126  0.80968  -229.27138  -231.08980  4.99985   768
1596.00  0.03743  0.03757  0.01067  0.80968  -230.26930  -232.10603  4.99985   768
1597.00  0.03744  0.03757  0.01016  0.80968  -231.01088  -232.83235  4.99985   768
1598.00  0.03744  0.03757  0.01002  0.80968  -231.27180  -233.15279  4.99985   768
1599.00  0.03744  0.03757  0.01027  0.80968  -230.94374  -232.84761  4.99985   768
1600.00  0.03743  0.03757  0.01078  0.80968  -230.17622  -232.11366  4.99985   768
1601.00  0.03744  0.03757  0.01138  0.80968  -229.22407  -231.15388  4.99985   768
1602.00  0.03743  0.03757  0.01165  0.80968  -228.81514  -230.70528  4.99985   768
1603.00  0.03744  0.03757  0.01158  0.80968  -228.85939  -230.74800  4.99985   768
1604.00  0.03743  0.03757  0.01113  0.80968  -229.52162  -231.37208  4.99985   768
1605.00  0.03743  0.03757  0.01048  0.80968  -230.54396  -232.37154  4.99985   768
1606.00  0.03744  0.03757  0.00991  0.80968  -231.40303  -233.23976  4.99985   768
1607.00  0.03745  0.03757  0.00969  0.80968  -231.80891  -233.69447  4.99985   768
1608.00  0.03743  0.03757  0.00966  0.80968  -231.84401  -233.76619  4.99985   768
1609.00  0.03742  0.03757  0.01020  0.80968  -231.06581  -233.00783  4.99985   768
1610.00  0.03744  0.03757  0.01086  0.80968  -230.06483  -232.00380  4.99985   768
1611.00  0.03743  0.03757  0.01128  0.80968  -229.37514  -231.29579  4.99985   768
1612.00  0.03743  0.03757  0.01149  0.80968  -229.07149  -230.94026  4.99985   768
1613.00  0.03743  0.03757  0.01130  0.80968  -229.30952  -231.14931  4.99985   768
1614.00  0.03745  0.03757  0.01082  0.80968  -229.97633  -231.78255  4.99985   768
1615.00  0.03743  0.03757  0.01032  0.80968  -230.77589  -232.62025  4.99985   768
1616.00  0.03745  0.03757  0.00992  0.80968  -231.38777  -233.23518  4.99985   768
1617.00  0.03744  0.03757  0.00986  0.80968  -231.55257  -233.43202  4.99985   768
1618.00  0.03742  0.03757  0.01020  0.80968  -231.02614  -232.96968  4.99985   768
1619.00  0.03745  0.03757  0.01081  0.80968  -230.13655  -232.08925  4.99985   768
1620.00  0.03743  0.03757  0.01139  0.80968  -229.25612  -231.18288  4.99985   768
1621.00  0.03744  0.03757  0.01171  0.80968  -228.70680  -230.62440  4.99985   768
1622.00  0.03742  0.03757  0.01170  0.80968  -228.67171  -230.56032  4.99985   768
1623.00  0.03744  0.03757  0.01129  0.80968  -229.29426  -231.13252  4.99985   768
1624.00  0.03743  0.03757  0.01075  0.80968  -230.10603  -231.94887  4.99985   768
1625.00  0.03743  0.03757  0.01028  0.80968  -230.85676  -232.70723  4.99985   768
1626.00  0.03743  0.03757  0.01007  0.80968  -231.21077  -233.07954  4.99985   768
1627.00  0.03744  0.03757  0.01021  0.80968  -231.07039  -233.01240  4.99985   768
1628.00  0.03744  0.03757  0.01068  0.80968  -230.32118  -232.24794  4.99985   768
1629.00  0.03743  0.03757  0.01124  0.80968  -229.44380  -231.37971  4.99985   768
1630.00  0.03744  0.03757  0.01169  0.80968  -228.73427  -230.64119  4.99985   768
1631.00  0.03744  0.03757  0.01172  0.80968  -228.65797  -230.53743  4.99985   768
1632.00  0.03744  0.03757  0.01140  0.80968  -229.09437  -230.93111  4.99985   768
1633.00  0.03744  0.03757  0.01081  0.80968  -230.00532  -231.81001  4.99985   768
1634.00  0.03745  0.03757  0.01016  0.80968  -230.99867  -232.83082  4.99985   768
1635.00  0.03743  0.03757  0.00972  0.80968  -231.67311  -233.53731  4.99985   768
1636.00  0.03744  0.03757  0.00970  0.80968  -231.81502  -233.70973  4.99985   768
1637.00  0.03743  0.03757  0.01010  0.80968  -231.19398  -233.12990  4.99985   768
1638.00  0.03744  0.03757  0.01058  0.80968  -230.46156  -232.42036  4.99985   768
1639.00  0.03744  0.03757  0.01119  0.80968  -229.54909  -231.48958  4.99985   768
1640.00  0.03744  0.03757  0.01153  0.80968  -228.96467  -230.89296  4.99985   768
1641.00  0.03744  0.03757  0.01146  0.80968  -229.05318  -230.93263  4.99985   768
1642.00  0.03743  0.03757  0.01117  0.80968  -229.46211  -231.31410  4.99985   768
1643.00  0.03744  0.03757  0.01055  0.80968  -230.43257  -232.26930  4.99985   768
1644.00  0.03744  0.03757  0.01006  0.80968  -231.18788  -233.03072  4.99985   768
1645.00  0.03744  0.03757  0.00979  0.80968  -231.64107  -233.48390  4.99985   768
1646.00  0.03744  0.03757  0.01003  0.80968  -231.27028  -233.17567  4.99985   768
1647.00  0.03744  0.03757  0.01045  0.80968  -230.69655  -232.60347  4.99985   768
1648.00  0.03745  0.03757  0.01110  0.80968  -229.66811  -231.59181  4.99985   768
1649.00  0.03744  0.03757  0.01157  0.80968  -228.94026  -230.85481  4.99985   768
1650.00  0.03744  0.03757  0.01162  0.80968  -228.78767  -230.66102  4.99985   768
1651.00  0.03744  0.03757  0.01143  0.80968  -229.14320  -230.99214  4.99985   768
1652.00  0.03744  0.03757  0.01087  0.80968  -229.94429  -231.75661  4.99985   768
1653.00  0.03744  0.03757  0.01027  0.80968  -230.83693  -232.67824  4.99985   768
1654.00  0.03744  0.03757  0.00989  0.80968  -231.44728  -233.31758  4.99985   768
1655.00  0.03743  0.03757  0.00987  0.80968  -231.54036  -233.43507  4.99985   768
1656.00  0.03743  0.03757  0.01024  0.80968  -231.02156  -232.96052  4.99985   768
1657.00  0.03744  0.03757  0.01082  0.80968  -230.13655  -232.08925  4.99985   768
1658.00  0.03745  0.03757  0.01129  0.80968  -229.36446  -231.28511  4.99985   768
1659.00  0.03744  0.03757  0.01150  0.80968  -229.01198  -230.91890  4.99985   768
1660.00  0.03744  0.03757  0.01144  0.80968  -229.08217  -230.94789  4.99985   768
1661.00  0.03745  0.03757  0.01097  0.80968  -229.77339  -231.61165  4.99985   768
1662.00  0.03743  0.03757  0.01029  0.80968  -230.78657  -232.59126  4.99985   768
1663.00  0.03744  0.03757  0.00978  0.80968  -231.61818  -233.43812  4.99985   768
1664.00  0.03744  0.03757  0.00961  0.80968  -231.92335  -233.80434  4.99985   768
1665.00  0.03744  0.03757  0.00983  0.80968  -231.57545  -233.47780  4.99985   768
1666.00  0.03742  0.03757  0.01029  0.80968  -230.91170  -232.84761  4.99985   768
1667.00  0.03744  0.03757  0.01097  0.80968  -229.88020  -231.81306  4.99985   768
1668.00  0.03744  0.03757  0.01142  0.80968  -229.15999  -231.08980  4.99985   768
1669.00  0.03745  0.03757  0.01146  0.80968  -229.02876  -230.89906  4.99985   768
1670.00  0.03744  0.03757  0.01120  0.80968  -229.41786  -231.27290  4.99985   768
1671.00  0.03743  0.03757  0.01067  0.80968  -230.22658  -232.04652  4.99985   768
1672.00  0.03742  0.03757  0.01010  0.80968  -231.12685  -232.97273  4.99985   768
1673.00  0.03743  0.03757  0.00978  0.80968  -231.66243  -233.52815  4.99985   768
1674.00  0.03743  0.03757  0.00977  0.80968  -231.67616  -233.56630  4.99985   768
1675.00  0.03743  0.03757  0.01024  0.80968  -231.04140  -232.99104  4.99985   768
1676.00  0.03742  0.03757  0.01094  0.80968  -229.94429  -231.89546  4.99985   768
1677.00  0.03744  0.03757  0.01149  0.80968  -229.06843  -230.99519  4.99985   768
1678.00  0.03743  0.03757  0.01185  0.80968  -228.53743  -230.42604  4.99985   768
1679.00  0.03744  0.03757  0.01173  0.80968  -228.59846  -230.44282  4.99985   768
1680.00  0.03743  0.03757  0.01128  0.80968  -229.28511  -231.08980  4.99985   768
1681.00  0.03743  0.03757  0.01055  0.80968  -230.37459  -232.18843  4.99985   768
1682.00  0.03744  0.03757  0.00990  0.80968  -231.40608  -233.22603  4.99985   768
1683.00  0.03743  0.03757  0.00968  0.80968  -231.78603  -233.64564  4.99985   768
1684.00  0.03744  0.03757  0.00985  0.80968  -231.59071  -233.50679  4.99985   768
1685.00  0.03744  0.03757  0.01045  0.80968  -230.68281  -232.62178  4.99985   768
1686.00  0.03743  0.03757  0.01114  0.80968  -229.66353  -231.61165  4.99985   768
1687.00  0.03743  0.03757  0.01163  0.80968  -228.84566  -230.77852  4.99985   768
1688.00  0.03744  0.03757  0.01165  0.80968  -228.73122  -230.60152  4.99985   768
1689.00  0.03743  0.03757  0.01136  0.80968  -229.21797  -231.07912  4.99985   768
1690.00  0.03744  0.03757  0.01065  0.80968  -230.23268  -232.05720  4.99985   768
1691.00  0.03744  0.03757  0.00999  0.80968  -231.30080  -233.13753  4.99985   768
1692.00  0.03742  0.03757  0.00962  0.80968  -231.88673  -233.74483  4.99985   768
1693.00  0.03744  0.03757  0.00957  0.80968  -232.02101  -233.92030  4.99985   768
1694.00  0.03744  0.03757  0.01000  0.80968  -231.37099  -233.29622  4.99985   768
1695.00  0.03744  0.03757  0.01066  0.80968  -230.37306  -232.31813  4.99985   768
1696.00  0.03742  0.03757  0.01125  0.80968  -229.40260  -231.32478  4.99985   768
1697.00  0.03743  0.03757  0.01154  0.80968  -228.94636  -230.81819  4.99985   768
1698.00  0.03743  0.03757  0.01147  0.80968  -229.03181  -230.88228  4.99985   768
1699.00  0.03744  0.03757  0.01104  0.80968  -229.64674  -231.46516  4.99985   768
1700.00  0.03743  0.03757  0.01051  0.80968  -230.47072  -232.29372  4.99985   768
1701.00  0.03744  0.03757  0.00997  0.80968  -231.30232  -233.14821  4.99985   768
1702.00  0.03743  0.03757  0.00981  0.80968  -231.58461  -233.46254  4.99985   768
1703.00  0.03742  0.03757  0.01001  0.80968  -231.36183  -233.27486  4.99985   768
1704.00  0.03743  0.03757  0.01063  0.80968  -230.39595  -232.35628  4.99985   768
1705.00  0.03742  0.03757  0.01119  0.80968  -229.52925  -231.47584  4.99985   768
1706.00  0.03743  0.03757  0.01163  0.80968  -228.87617  -230.80141  4.99985   768
1707.00  0.03743  0.03757  0.01174  0.80968  -228.65340  -230.56032  4.99985   768
1708.00  0.03744  0.03757  0.01146  0.80968  -229.01198  -230.87160  4.99985   768
1709.00  0.03743  0.03757  0.01091  0.80968  -229.85121  -231.68794  4.99985   768
1710.00  0.03743  0.03757  0.01035  0.80968  -230.75758  -232.59889  4.99985   768
1711.00  0.03742  0.03757  0.00994  0.80968  -231.37099  -233.21229  4.99985   768
1712.00  0.03742  0.03757  0.00997  0.80968  -231.39387  -233.29927  4.99985   768
1713.00  0.03743  0.03757  0.01038  0.80968  -230.78963  -232.72096  4.99985   768
1714.00  0.03743  0.03757  0.01103  0.80968  -229.77949  -231.72761  4.99985   768
1715.00  0.03743  0.03757  0.01148  0.80968  -229.06081  -230.97230  4.99985   768
1716.00  0.03743  0.03757  0.01170  0.80968  -228.69002  -230.57405  4.99985   768
1717.00  0.03743  0.03757  0.01149  0.80968  -229.00130  -230.84413  4.99985   768
1718.00  0.03743  0.03757  0.01097  0.80968  -229.79323  -231.62080  4.99985   768
1719.00  0.03744  0.03757  0.01032  0.80968  -230.75453  -232.57295  4.99985   768
1720.00  0.03742  0.03757  0.00973  0.80968  -231.69905  -233.55562  4.99985   768
1721.00  0.03743  0.03757  0.00957  0.80968  -231.99202  -233.88216  4.99985   768
1722.00  0.03744  0.03757  0.00979  0.80968  -231.65785  -233.60139  4.99985   768
1723.00  0.03744  0.03757  0.01029  0.80968  -230.92696  -232.88270  4.99985   768
1724.00  0.03743  0.03757  0.01099  0.80968  -229.86189  -231.82985  4.99985   768
1725.00  0.03742  0.03757  0.01139  0.80968  -229.23170  -231.14015  4.99985   768
1726.00  0.03742  0.03757  0.01141  0.80968  -229.12642  -230.98604  4.99985   768
1727.00  0.03741  0.03757  0.01109  0.80968  -229.57960  -231.42091  4.99985   768
1728.00  0.03743  0.03757  0.01057  0.80968  -230.37459  -232.20369  4.99985   768
1729.00  0.03743  0.03757  0.00995  0.80968  -231.30537  -233.13295  4.99985   768
1730.00  0.03743  0.03757  0.00975  0.80968  -231.69142  -233.55867  4.99985   768
1731.00  0.03743  0.03757  0.00977  0.80968  -231.66395  -233.55104  4.99985   768
1732.00  0.03743  0.03757  0.01018  0.80968  -231.08717  -233.00935  4.99985   768
1733.00  0.03743  0.03757  0.01095  0.80968  -229.94429  -231.89241  4.99985   768
1734.00  0.03744  0.03757  0.01159  0.80968  -228.90822  -230.83650  4.99985   768
1735.00  0.03742  0.03757  0.01184  0.80968  -228.50996  -230.40468  4.99985   768
1736.00  0.03742  0.03757  0.01170  0.80968  -228.68849  -230.55269  4.99985   768
1737.00  0.03744  0.03757  0.01131  0.80968  -229.24544  -231.09437  4.99985   768
1738.00  0.03744  0.03757  0.01057  0.80968  -230.34407  -232.17622  4.99985   768
1739.00  0.03743  0.03757  0.01014  0.80968  -231.06428  -232.93764  4.99985   768
1740.00  0.03743  0.03757  0.01000  0.80968  -231.30842  -233.20467  4.99985   768
1741.00  0.03742  0.03757  0.01015  0.80968  -231.12227  -233.04140  4.99985   768
1742.00  0.03743  0.03757  0.01071  0.80968  -230.27693  -232.23115  4.99985   768
1743.00  0.03742  0.03757  0.01131  0.80968  -229.32936  -231.25307  4.99985   768
1744.00  0.03743  0.03757  0.01173  0.80968  -228.67171  -230.58626  4.99985   768
1745.00  0.03742  0.03757  0.01164  0.80968  -228.76478  -230.62593  4.99985   768
1746.00  0.03743  0.03757  0.01140  0.80968  -229.07759  -230.92042  4.99985   768
1747.00  0.03743  0.03757  0.01078  0.80968  -230.02669  -231.82832  4.99985   768
1748.00  0.03743  0.03757  0.01015  0.80968  -230.97578  -232.80794  4.99985   768
1749.00  0.03742  0.03757  0.00975  0.80968  -231.67311  -233.51900  4.99985   768
1750.00  0.03742  0.03757  0.00978  0.80968  -231.68227  -233.57240  4.99985   768
1751.00  0.03742  0.03757  0.01009  0.80968  -231.18178  -233.10701  4.99985   768
1752.00  0.03741  0.03757  0.01072  0.80968  -230.25099  -232.20674  4.99985   768
1753.00  0.03743  0.03757  0.01119  0.80968  -229.52620  -231.42702  4.99985   768
1754.00  0.03743  0.03757  0.01134  0.80968  -229.24696  -231.16151  4.99985   768
1755.00  0.03743  0.03757  0.01119  0.80968  -229.44075  -231.31410  4.99985   768
1756.00  0.03743  0.03757  0.01067  0.80968  -230.22963  -232.06636  4.99985   768
1757.00  0.03742  0.03757  0.01011  0.80968  -231.12532  -232.96510  4.99985   768
1758.00  0.03743  0.03757  0.00977  0.80968  -231.64564  -233.52815  4.99985   768
1759.00  0.03742  0.03757  0.00969  0.80968  -231.76771  -233.66548  4.99985   768
1760.00  0.03744  0.03757  0.00993  0.80968  -231.46254  -233.39082  4.99985   768
1761.00  0.03741  0.03757  0.01057  0.80968  -230.48598  -232.41884  4.99985   768
1762.00  0.03743  0.03757  0.01111  0.80968  -229.64217  -231.56740  4.99985   768
1763.00  0.03742  0.03757  0.01145  0.80968  -229.11574  -231.00740  4.99985   768
1764.00  0.03743  0.03757  0.01154  0.80968  -228.95705  -230.82735  4.99985   768
1765.00  0.03742  0.03757  0.01124  0.80968  -229.37666  -231.19966  4.99985   768
1766.00  0.03743  0.03757  0.01064  0.80968  -230.23726  -232.05263  4.99985   768
1767.00  0.03744  0.03757  0.01016  0.80968  -231.05513  -232.90102  4.99985   768
1768.00  0.03744  0.03757  0.00983  0.80968  -231.56020  -233.40150  4.99985   768
1769.00  0.03743  0.03757  0.00989  0.80968  -231.51594  -233.42439  4.99985   768
1770.00  0.03743  0.03757  0.01048  0.80968  -230.66145  -232.63246  4.99985   768
1771.00  0.03744  0.03757  0.01104  0.80968  -229.81306  -231.75966  4.99985   768
1772.00  0.03743  0.03757  0.01143  0.80968  -229.14931  -231.06691  4.99985   768
1773.00  0.03742  0.03757  0.01154  0.80968  -228.96467  -230.87007  4.99985   768
1774.00  0.03743  0.03757  0.01138  0.80968  -229.15388  -231.02418  4.99985   768
1775.00  0.03743  0.03757  0.01078  0.80968  -230.05720  -231.87257  4.99985   768
1776.00  0.03742  0.03757  0.01022  0.80968  -230.90712  -232.74995  4.99985   768
1777.00  0.03742  0.03757  0.00980  0.80968  -231.59071  -233.46254  4.99985   768
1778.00  0.03743  0.03757  0.00977  0.80968  -231.66243  -233.53883  4.99985   768
1779.00  0.03743  0.03757  0.01000  0.80968  -231.37862  -233.29164  4.99985   768
1780.00  0.03743  0.03757  0.01059  0.80968  -230.45851  -232.39442  4.99985   768
1781.00  0.03742  0.03757  0.01110  0.80968  -229.67573  -231.58571  4.99985   768
1782.00  0.03743  0.03757  0.01139  0.80968  -229.20424  -231.08980  4.99985   768
1783.00  0.03743  0.03757  0.01133  0.80968  -229.22102  -231.09743  4.99985   768
1784.00  0.03744  0.03757  0.01097  0.80968  -229.77949  -231.61928  4.99985   768
1785.00  0.03742  0.03757  0.01041  0.80968  -230.65535  -232.47682  4.99985   768
1786.00  0.03743  0.03757  0.00983  0.80968  -231.51442  -233.36793  4.99985   768
1787.00  0.03743  0.03757  0.00959  0.80968  -231.97066  -233.85011  4.99985   768
1788.00  0.03743  0.03757  0.00977  0.80968  -231.72499  -233.63801  4.99985   768
1789.00  0.03743  0.03757  0.01028  0.80968  -230.95747  -232.91475  4.99985   768
1790.00  0.03742  0.03757  0.01095  0.80968  -229.96413  -231.93513  4.99985   768
1791.00  0.03742  0.03757  0.01146  0.80968  -229.10200  -231.03487  4.99985   768
1792.00  0.03742  0.03757  0.01160  0.80968  -228.85481  -230.73732  4.99985   768
1793.00  0.03743  0.03757  0.01127  0.80968  -229.26680  -231.11269  4.99985   768
1794.00  0.03742  0.03757  0.01077  0.80968  -230.05568  -231.88478  4.99985   768
1795.00  0.03744  0.03757  0.01016  0.80968  -231.00325  -232.83082  4.99985   768
1796.00  0.03743  0.03757  0.00970  0.80968  -231.73262  -233.58156  4.99985   768
1797.00  0.03743  0.03757  0.00960  0.80968  -231.94014  -233.82570  4.99985   768
1798.00  0.03743  0.03757  0.00996  0.80968  -231.37556  -233.29469  4.99985   768
1799.00  0.03743  0.03757  0.01053  0.80968  -230.55922  -232.48598  4.99985   768
1800.00  0.03743  0.03757  0.01114  0.80968  -229.60554  -231.53688  4.99985   768
1801.00  0.03744  0.03757  0.01149  0.80968  -229.05318  -230.95705  4.99985   768
1802.00  0.03742  0.03757  0.01136  0.80968  -229.19508  -231.05775  4.99985   768
1803.00  0.03743  0.03757  0.01097  0.80968  -229.74287  -231.59639  4.99985   768
1804.00  0.03743  0.03757  0.01040  0.80968  -230.61262  -232.45546  4.99985   768
1805.00  0.03744  0.03757  0.00973  0.80968  -231.66701  -233.51594  4.99985   768
1806.00  0.03743  0.03757  0.00952  0.80968  -232.06831  -233.94014  4.99985   768
1807.00  0.03742  0.03757  0.00971  0.80968  -231.77840  -233.70210  4.99985   768
1808.00  0.03743  0.03757  0.01015  0.80968  -231.14668  -233.09633  4.99985   768
1809.00  0.03744  0.03757  0.01082  0.80968  -230.11061  -232.06331  4.99985   768
1810.00  0.03744  0.03757  0.01129  0.80968  -229.36751  -231.30189  4.99985   768
1811.00  0.03743  0.03757  0.01153  0.80968  -228.99061  -230.85329  4.99985   768
1812.00  0.03743  0.03757  0.01129  0.80968  -229.29732  -231.12642  4.99985   768
1813.00  0.03742  0.03757  0.01069  0.80968  -230.17317  -231.98854  4.99985   768
1814.00  0.03743  0.03757  0.01006  0.80968  -231.19704  -233.02461  4.99985   768
1815.00  0.03743  0.03757  0.00972  0.80968  -231.72652  -233.56782  4.99985   768
1816.00  0.03743  0.03757  0.00968  0.80968  -231.81807  -233.70058  4.99985   768
1817.00  0.03744  0.03757  0.00999  0.80968  -231.38167  -233.29469  4.99985   768
1818.00  0.03744  0.03757  0.01062  0.80968  -230.41731  -232.36696  4.99985   768
1819.00  0.03743  0.03757  0.01117  0.80968  -229.57960  -231.50789  4.99985   768
1820.00  0.03744  0.03757  0.01152  0.80968  -228.99519  -230.88380  4.99985   768
1821.00  0.03743  0.03757  0.01148  0.80968  -229.05470  -230.91890  4.99985   768
1822.00  0.03743  0.03757  0.01115  0.80968  -229.52315  -231.37208  4.99985   768
1823.00  0.03743  0.03757  0.01055  0.80968  -230.39748  -232.24946  4.99985   768
1824.00  0.03743  0.03757  0.00998  0.80968  -231.28859  -233.13295  4.99985   768
1825.00  0.03742  0.03757  0.00980  0.80968  -231.62123  -233.51289  4.99985   768
1826.00  0.03744  0.03757  0.00992  0.80968  -231.41066  -233.33284  4.99985   768
1827.00  0.03741  0.03757  0.01036  0.80968  -230.80794  -232.74995  4.99985   768
1828.00  0.03742  0.03757  0.01099  0.80968  -229.81764  -231.76424  4.99985   768
1829.00  0.03743  0.03757  0.01140  0.80968  -229.18440  -231.09743  4.99985   768
1830.00  0.03742  0.03757  0.01150  0.80968  -229.01350  -230.87007  4.99985   768
1831.00  0.03743  0.03757  0.01121  0.80968  -229.39650  -231.23781  4.99985   768
1832.00  0.03743  0.03757  0.01074  0.80968  -230.08925  -231.91835  4.99985   768
1833.00  0.03742  0.03757  0.01011  0.80968  -231.08870  -232.91627  4.99985   768
1834.00  0.03742  0.03757  0.00974  0.80968  -231.69142  -233.53883  4.99985   768
1835.00  0.03743  0.03757  0.00972  0.80968  -231.77229  -233.64870  4.99985   768
1836.00  0.03743  0.03757  0.01001  0.80968  -231.33589  -233.27486  4.99985   768
1837.00  0.03743  0.03757  0.01069  0.80968  -230.33644  -232.29677  4.99985   768
1838.00  0.03742  0.03757  0.01118  0.80968  -229.55672  -231.48042  4.99985   768
1839.00  0.03742  0.03757  0.01140  0.80968  -229.20729  -231.11269  4.99985   768
1840.00  0.03743  0.03757  0.01133  0.80968  -229.27443  -231.14778  4.99985   768
1841.00  0.03742  0.03757  0.01098  0.80968  -229.78102  -231.63759  4.99985   768
1842.00  0.03742  0.03757  0.01037  0.80968  -230.69197  -232.52107  4.99985   768
1843.00  0.03742  0.03757  0.00992  0.80968  -231.34199  -233.19704  4.99985   768
1844.00  0.03743  0.03757  0.00976  0.80968  -231.66243  -233.53731  4.99985   768
1845.00  0.03742  0.03757  0.00984  0.80968  -231.54646  -233.43812  4.99985   768
1846.00  0.03742  0.03757  0.01041  0.80968  -230.74995  -232.69044  4.99985   768
1847.00  0.03742  0.03757  0.01102  0.80968  -229.82069  -231.75508  4.99985   768
1848.00  0.03743  0.03757  0.01147  0.80968  -229.08064  -230.98756  4.99985   768
1849.00  0.03743  0.03757  0.01152  0.80968  -228.97230  -230.83192  4.99985   768
1850.00  0.03743  0.03757  0.01123  0.80968  -229.36293  -231.19966  4.99985   768
1851.00  0.03744  0.03757  0.01068  0.80968  -230.20979  -232.04042  4.99985   768
1852.00  0.03743  0.03757  0.01014  0.80968  -231.04597  -232.89949  4.99985   768
1853.00  0.03743  0.03757  0.00984  0.80968  -231.56172  -233.44270  4.99985   768
1854.00  0.03743  0.03757  0.00983  0.80968  -231.57851  -233.48695  4.99985   768
1855.00  0.03742  0.03757  0.01017  0.80968  -231.08870  -233.01698  4.99985   768
1856.00  0.03742  0.03757  0.01084  0.80968  -230.10756  -232.08314  4.99985   768
1857.00  0.03743  0.03757  0.01133  0.80968  -229.32936  -231.25917  4.99985   768
1858.00  0.03742  0.03757  0.01156  0.80968  -228.92500  -230.81666  4.99985   768
1859.00  0.03740  0.03757  0.01147  0.80968  -229.04707  -230.92042  4.99985   768
1860.00  0.03743  0.03757  0.01109  0.80968  -229.60707  -231.42702  4.99985   768
1861.00  0.03741  0.03757  0.01038  0.80968  -230.60957  -232.42952  4.99985   768
1862.00  0.03742  0.03757  0.00983  0.80968  -231.52663  -233.35268  4.99985   768
1863.00  0.03743  0.03757  0.00967  0.80968  -231.81349  -233.69295  4.99985   768
1864.00  0.03743  0.03757  0.00989  0.80968  -231.49458  -233.38319  4.99985   768
1865.00  0.03742  0.03757  0.01044  0.80968  -230.67976  -232.60499  4.99985   768
1866.00  0.03742  0.03757  0.01094  0.80968  -229.91530  -231.83595  4.99985   768
1867.00  0.03743  0.03757  0.01143  0.80968  -229.19813  -231.10963  4.99985   768
1868.00  0.03742  0.03757  0.01155  0.80968  -228.91585  -230.78920  4.99985   768
1869.00  0.03743  0.03757  0.01126  0.80968  -229.32020  -231.15694  4.99985   768
1870.00  0.03742  0.03757  0.01065  0.80968  -230.27235  -232.11519  4.99985   768
1871.00  0.03743  0.03757  0.00998  0.80968  -231.27333  -233.11922  4.99985   768
1872.00  0.03742  0.03757  0.00963  0.80968  -231.90047  -233.76619  4.99985   768
1873.00  0.03742  0.03757  0.00973  0.80968  -231.77229  -233.70363  4.99985   768
1874.00  0.03743  0.03757  0.01025  0.80968  -231.01851  -232.96358  4.99985   768
1875.00  0.03742  0.03757  0.01081  0.80968  -230.13197  -232.06483  4.99985   768
1876.00  0.03743  0.03757  0.01130  0.80968  -229.34462  -231.28969  4.99985   768
1877.00  0.03743  0.03757  0.01153  0.80968  -228.97383  -230.86549  4.99985   768
1878.00  0.03742  0.03757  0.01150  0.80968  -228.97383  -230.81972  4.99985   768
1879.00  0.03743  0.03757  0.01095  0.80968  -229.80238  -231.62233  4.99985   768
1880.00  0.03742  0.03757  0.01020  0.80968  -230.96052  -232.75301  4.99985   768
1881.00  0.03743  0.03757  0.00972  0.80968  -231.70515  -233.55104  4.99985   768
1882.00  0.03743  0.03757  0.00962  0.80968  -231.85469  -233.73262  4.99985   768
1883.00  0.03743  0.03757  0.00990  0.80968  -231.49763  -233.40761  4.99985   768
1884.00  0.03742  0.03757  0.01045  0.80968  -230.66298  -232.58974  4.99985   768
1885.00  0.03743  0.03757  0.01109  0.80968  -229.68184  -231.62385  4.99985   768
1886.00  0.03741  0.03757  0.01149  0.80968  -229.04249  -230.97078  4.99985   768
1887.00  0.03743  0.03757  0.01156  0.80968  -228.90517  -230.78462  4.99985   768
1888.00  0.03741  0.03757  0.01115  0.80968  -229.52620  -231.38277  4.99985   768
1889.00  0.03742  0.03757  0.01049  0.80968  -230.48598  -232.31050  4.99985   768
1890.00  0.03742  0.03757  0.00996  0.80968  -231.32368  -233.16957  4.99985   768
1891.00  0.03743  0.03757  0.00957  0.80968  -231.97066  -233.84401  4.99985   768
1892.00  0.03742  0.03757  0.00966  0.80968  -231.85011  -233.75246  4.99985   768
1893.00  0.03743  0.03757  0.01002  0.80968  -231.38930  -233.31605  4.99985   768
1894.00  0.03741  0.03757  0.01059  0.80968  -230.47530  -232.42036  4.99985   768
1895.00  0.03742  0.03757  0.01117  0.80968  -229.57045  -231.49568  4.99985   768
1896.00  0.03742  0.03757  0.01153  0.80968  -228.99214  -230.89601  4.99985   768
1897.00  0.03742  0.03757  0.01133  0.80968  -229.23170  -231.05623  4.99985   768
1898.00  0.03742  0.03757  0.01081  0.80968  -230.02363  -231.83443  4.99985   768
1899.00  0.03743  0.03757  0.01014  0.80968  -231.02919  -232.83998  4.99985   768
1900.00  0.03741  0.03757  0.00967  0.80968  -231.76924  -233.61207  4.99985   768
1901.00  0.03742  0.03757  0.00959  0.80968  -231.91572  -233.80739  4.99985   768
1902.00  0.03741  0.03757  0.00986  0.80968  -231.58766  -233.49306  4.99985   768
1903.00  0.03743  0.03757  0.01038  0.80968  -230.81862  -232.75911  4.99985   768
1904.00  0.03742  0.03757  0.01093  0.80968  -229.93666  -231.88020  4.99985   768
1905.00  0.03742  0.03757  0.01145  0.80968  -229.12947  -231.04555  4.99985   768
1906.00  0.03742  0.03757  0.01151  0.80968  -228.99061  -230.88228  4.99985   768
1907.00  0.03743  0.03757  0.01123  0.80968  -229.35225  -231.20576  4.99985   768
1908.00  0.03742  0.03757  0.01059  0.80968  -230.33491  -232.15944  4.99985   768
1909.00  0.03743  0.03757  0.00995  0.80968  -231.33742  -233.17720  4.99985   768
1910.00  0.03742  0.03757  0.00963  0.80968  -231.86079  -233.73720  4.99985   768
1911.00  0.03742  0.03757  0.00977  0.80968  -231.69295  -233.59376  4.99985   768
1912.00  0.03742  0.03757  0.01020  0.80968  -231.05360  -232.97426  4.99985   768
1913.00  0.03741  0.03757  0.01074  0.80968  -230.17927  -232.11671  4.99985   768
1914.00  0.03741  0.03757  0.01127  0.80968  -229.37666  -231.27901  4.99985   768
1915.00  0.03742  0.03757  0.01158  0.80968  -228.89296  -230.77241  4.99985   768
1916.00  0.03742  0.03757  0.01140  0.80968  -229.11726  -230.97536  4.99985   768
1917.00  0.03742  0.03757  0.01091  0.80968  -229.83443  -231.66505  4.99985   768
1918.00  0.03743  0.03757  0.01026  0.80968  -230.85219  -232.67671  4.99985   768
1919.00  0.03742  0.03757  0.00983  0.80968  -231.54799  -233.39693  4.99985   768
1920.00  0.03743  0.03757  0.00968  0.80968  -231.82112  -233.72041  4.99985   768
1921.00  0.03742  0.03757  0.00988  0.80968  -231.50679  -233.42439  4.99985   768
1922.00  0.03742  0.03757  0.01034  0.80968  -230.86134  -232.81709  4.99985   768
1923.00  0.03742  0.03757  0.01094  0.80968  -229.92293  -231.87410  4.99985   768
1924.00  0.03742  0.03757  0.01134  0.80968  -229.27748  -231.19050  4.99985   768
1925.00  0.03743  0.03757  0.01138  0.80968  -229.19050  -231.08217  4.99985   768
1926.00  0.03743  0.03757  0.01102  0.80968  -229.71236  -231.54451  4.99985   768
1927.00  0.03744  0.03757  0.01052  0.80968  -230.49361  -232.31508  4.99985   768
1928.00  0.03743  0.03757  0.00993  0.80968  -231.34505  -233.17567  4.99985   768
1929.00  0.03743  0.03757  0.00958  0.80968  -231.90810  -233.76466  4.99985   768
1930.00  0.03742  0.03757  0.00965  0.80968  -231.84706  -233.75551  4.99985   768
1931.00  0.03741  0.03757  0.01002  0.80968  -231.35115  -233.26570  4.99985   768
1932.00  0.03743  0.03757  0.01073  0.80968  -230.23726  -232.18843  4.99985   768
1933.00  0.03742  0.03757  0.01125  0.80968  -229.40718  -231.31715  4.99985   768
1934.00  0.03742  0.03757  0.01151  0.80968  -229.01655  -230.89754  4.99985   768
1935.00  0.03742  0.03757  0.01140  0.80968  -229.12184  -230.98756  4.99985   768
1936.00  0.03744  0.03757  0.01095  0.80968  -229.80238  -231.63454  4.99985   768
1937.00  0.03742  0.03757  0.01042  0.80968  -230.60957  -232.45851  4.99985   768
1938.00  0.03744  0.03757  0.00987  0.80968  -231.48238  -233.31300  4.99985   768
1939.00  0.03742  0.03757  0.00976  0.80968  -231.70210  -233.60139  4.99985   768
1940.00  0.03743  0.03757  0.01004  0.80968  -231.28096  -233.22298  4.99985   768
1941.00  0.03743  0.03757  0.01071  0.80968  -230.30440  -232.27388  4.99985   768
1942.00  0.03742  0.03757  0.01129  0.80968  -229.38734  -231.33852  4.99985   768
1943.00  0.03742  0.03757  0.01161  0.80968  -228.86854  -230.76173  4.99985   768
1944.00  0.03743  0.03757  0.01171  0.80968  -228.65950  -230.54201  4.99985   768
1945.00  0.03742  0.03757  0.01143  0.80968  -229.05775  -230.90059  4.99985   768
1946.00  0.03743  0.03757  0.01079  0.80968  -230.05568  -231.86037  4.99985   768
1947.00  0.03742  0.03757  0.01021  0.80968  -230.91017  -232.73012  4.99985   768
1948.00  0.03743  0.03757  0.00987  0.80968  -231.45186  -233.30080  4.99985   768
1949.00  0.03742  0.03757  0.00978  0.80968  -231.68379  -233.58308  4.99985   768
1950.00  0.03742  0.03757  0.01020  0.80968  -231.03224  -232.96510  4.99985   768
1951.00  0.03743  0.03757  0.01086  0.80968  -230.05263  -231.99159  4.99985   768
1952.00  0.03742  0.03757  0.01138  0.80968  -229.22102  -231.16304  4.99985   768
1953.00  0.03743  0.03757  0.01158  0.80968  -228.92805  -230.81514  4.99985   768
1954.00  0.03744  0.03757  0.01135  0.80968  -229.21492  -231.06233  4.99985   768
1955.00  0.03743  0.03757  0.01080  0.80968  -230.01295  -231.86037  4.99985   768
1956.00  0.03743  0.03757  0.01020  0.80968  -230.93611  -232.78810  4.99985   768
1957.00  0.03743  0.03757  0.00971  0.80968  -231.73109  -233.59682  4.99985   768
1958.00  0.03742  0.03757  0.00957  0.80968  -231.95998  -233.86232  4.99985   768
1959.00  0.03743  0.03757  0.00989  0.80968  -231.51594  -233.46101  4.99985   768
1960.00  0.03743  0.03757  0.01060  0.80968  -230.48598  -232.43715  4.99985   768
1961.00  0.03743  0.03757  0.01112  0.80968  -229.66505  -231.59639  4.99985   768
1962.00  0.03741  0.03757  0.01142  0.80968  -229.12337  -231.00740  4.99985   768
1963.00  0.03742  0.03757  0.01144  0.80968  -229.06538  -230.93111  4.99985   768
1964.00  0.03742  0.03757  0.01107  0.80968  -229.58723  -231.40565  4.99985   768
1965.00  0.03743  0.03757  0.01054  0.80968  -230.39748  -232.21895  4.99985   768
1966.00  0.03743  0.03757  0.01015  0.80968  -231.05055  -232.90254  4.99985   768
1967.00  0.03742  0.03757  0.00982  0.80968  -231.54341  -233.40456  4.99985   768
1968.00  0.03743  0.03757  0.00977  0.80968  -231.68379  -233.57545  4.99985   768
1969.00  0.03743  0.03757  0.01038  0.80968  -230.81557  -232.77894  4.99985   768
1970.00  0.03742  0.03757  0.01111  0.80968  -229.69710  -231.67421  4.99985   768
1971.00  0.03743  0.03757  0.01157  0.80968  -228.93263  -230.85329  4.99985   768
1972.00  0.03742  0.03757  0.01160  0.80968  -228.82735  -230.71138  4.99985   768
1973.00  0.03743  0.03757  0.01129  0.80968  -229.30647  -231.17067  4.99985   768
1974.00  0.03742  0.03757  0.01092  0.80968  -229.86647  -231.71846  4.99985   768
1975.00  0.03742  0.03757  0.01044  0.80968  -230.58821  -232.44020  4.99985   768
1976.00  0.03743  0.03757  0.00995  0.80968  -231.38472  -233.22450  4.99985   768
1977.00  0.03744  0.03757  0.00962  0.80968  -231.85774  -233.72194  4.99985   768
1978.00  0.03742  0.03757  0.00993  0.80968  -231.49306  -233.41676  4.99985   768
1979.00  0.03742  0.03757  0.01059  0.80968  -230.44325  -232.39595  4.99985   768
1980.00  0.03742  0.03757  0.01124  0.80968  -229.46211  -231.39345  4.99985   768
1981.00  0.03742  0.03757  0.01154  0.80968  -228.95247  -230.82277  4.99985   768
1982.00  0.03742  0.03757  0.01125  0.80968  -229.31715  -231.16304  4.99985   768
1983.00  0.03742  0.03757  0.01080  0.80968  -230.03584  -231.86494  4.99985   768
1984.00  0.03743  0.03757  0.01040  0.80968  -230.62941  -232.46919  4.99985   768
1985.00  0.03742  0.03757  0.01000  0.80968  -231.26875  -233.13295  4.99985   768
1986.00  0.03743  0.03757  0.00965  0.80968  -231.81959  -233.67158  4.99985   768
1987.00  0.03742  0.03757  0.00963  0.80968  -231.91572  -233.82265  4.99985   768
1988.00  0.03744  0.03757  0.01017  0.80968  -231.14058  -233.09938  4.99985   768
1989.00  0.03742  0.03757  0.01081  0.80968  -230.12282  -232.06636  4.99985   768
1990.00  0.03742  0.03757  0.01124  0.80968  -229.44685  -231.37666  4.99985   768
1991.00  0.03741  0.03757  0.01129  0.80968  -229.33241  -231.21339  4.99985   768
1992.00  0.03744  0.03757  0.01097  0.80968  -229.75203  -231.61165  4.99985   768
1993.00  0.03742  0.03757  0.01064  0.80968  -230.33339  -232.16249  4.99985   768
1994.00  0.03743  0.03757  0.01008  0.80968  -231.12685  -232.95595  4.99985   768
1995.00  0.03742  0.03757  0.00972  0.80968  -231.71583  -233.56477  4.99985   768
1996.00  0.03742  0.03757  0.00963  0.80968  -231.89131  -233.77992  4.99985   768
1997.00  0.03742  0.03757  0.00992  0.80968  -231.47017  -233.40456  4.99985   768
1998.00  0.03744  0.03757  0.01059  0.80968  -230.46004  -232.39137  4.99985   768
1999.00  0.03742  0.03757  0.01106  0.80968  -229.71998  -231.64674  4.99985   768
2000.00  0.04293  0.05780  0.01128  0.80968  -229.30495  -231.17830  4.99985   768
2001.00  0.05526  0.05780  0.01267  0.80968  -227.58070  -229.76076  4.99985   768
2002.00  0.05585  0.05780  0.01491  0.80968  -223.80263  -225.74617  4.99985   768
2003.00  0.05602  0.05780  0.01315  0.80968  -226.16316  -227.78322  4.99985   768
2004.00  0.05615  0.05780  0.01339  0.80968  -226.29744  -228.34779  4.99985   768
