ASI 600A Data File
Created: Wed May  8 13:18:47 2024
A/D Sampling Rate: 1000 Hz
Comment: Mouse CP512 Cell 2
Width 0.0280
Thick 0.0140
After Activation
Width 0.0
Thick 0.0
*** Setup Parameters ***
Length Controller: 315C
Force Transducer: 406A
Initial Length: 0.0578 mm
Minimum Length: -5 Lo
Maximum Length: 5 Lo
Fiber Length: 0.0578 mm
Initial Sarcomere Length: 0 um
Diameter: 1.91919 mm
Maximum Tetanic Tension: 3 mN
Calibrate FC step size:  -20 um
Calibrate FC ramp time:  100 ms
Calibrate FC hold time:  200 ms
Force Gain-Factor:       0.6
Force Integral-Constant: 0.26 ms
Force Filter-Constant:   0.2 ms
Constant Stiffness Range: 100
dF/dL measured at Force:  34522 adu
Fiber Stiffness (adu):    0
Fiber Stiffness (mN/mm):  0
SL Gain-Factor:           0.25
SL Integral-Constant:     0.1 ms
SL Filter-Constant:       0 ms
SL Stiffness (adu):       0.3
SL Stiffness (um/mm):     1
ADC0 Offset: -28.840 mv
ADC1 Offset: -28.840 mv
DAC0 Offset: 3.336 mv
DAC1 Offset: -3.588 mv
Panel 1 size: 2
Panel 2 size: 4
Panel 3 size: 2
Panel 4 size: 5
Panel 1 signal: 0
Panel 2 signal: 1
Panel 3 signal: 2
Panel 4 signal: 6
Background (0/1): 0
Length In color:  16395263
Force  In color:  16717330
SL     In color:  16771867
Aux1   In color:  1769257
Length Out color:  255
Force  Out color:  255
Stim   Out color:  16777215
Aux2   In  color:  16747283
Length Units: um
Force Units: mN
Time Units: ms
Sarcomere Length Units: um
Scope Display1: 0
Scope Display2: 2
AUX Channels Scope Display: 0
Scope Timebase: 1
Scope Vscale:   0
Scope Lunit:    1
Scope Lmin:     0.026370
Scope Lmax:     0.026470
Scope Funit:    0
Scope Fmin:     0.157780
Scope Fmax:     0.157960
Scope AUX1_min:     10.000000
Scope AUX1_max:     16.000000
Scope AUX2_min:     8.000000
Scope AUX2_max:     14.000000
Scope L Data Scale:     1.651868
Scope F Data Scale:     0.225000
Scope AUX1 Data Scale:     1.000000
Scope AUX2 Data Scale:     1.000000
Scope SL Data Scale:     1.000000
Scope Sunit:    0
Analysis Lunit: 4
Analysis Funit: 0
Analysis Tunit: 0
Analysis Channels: 101000000010000
Analysis Readout: 1
Analysis Gaussian Filter Kernel Size (Lin):     201
Analysis Gaussian Filter Kernel Size (Fin):     50
Analysis Gaussian Filter Kernel Size (Aux1):    201
Analysis Gaussian Filter Kernel Size (Aux2):    201
Analysis Gaussian Filter Standard Deviation (Lin):     1.0
Analysis Gaussian Filter Standard Deviation (Fin):     1.0
Analysis Gaussian Filter Standard Deviation (Aux1):    1.0
Analysis Gaussian Filter Standard Deviation (Aux2):    1.0
Aux1 Name: Aux1
Aux1 Units: C
Aux1 Scale (units/volt): 100.000000
Aux1 Offset (units): 2.000000
Aux2 Name: Aux2
Aux2 Units: mv
Aux2 Scale (units/volt): 100
Aux2 Offset (units): 0
 *** Cantilever Properties ***
Cantilever Stiffness Calculation Method: 2
Cantilever Stiffness (N/m): -1.000
Cantilever Length (um): 450.000
Cantilever Thickness (um): 2.000
Cantilever Width 1 (um): 50.000
Cantilever Width 2 (um): 50.000
Cantilever Elasticity (GPa): 160.000
 *** ASI804A Test Window Properties ***
ASI804A Vscale: 0
ASI804A Timebase: 0
ASI804A Sampling Rate: 0
ASI804A Scope L_min:     999.800000
ASI804A Scope L_max:     1000.200000
ASI804A Scope F_min:     -0.040000
ASI804A Scope F_max:     0.020000
ASI804A Scope log10Rario_min:     -0.063875
ASI804A Scope log10Ratio_max:     -0.063650
ASI804A Scope L Scale Units:    4
ASI804A Scope F Scale Units:    0
ASI804A Scope L Scale:     1.000000
ASI804A Scope F Scale:     1.000000
ASI804A Scope log10Ratio Scale:     0.500000
ASI804A Data Files Directory: /home/asi/data
ASI804A Data Files Name: atp_datafile
ASI804A Font: Liberation Sans
ASI804A Font Size: 24
ASI804A pCa Combo Size: 0
ASI804A pCa Combo Active: -1
 *** Additional devices ***
ASI802D Bath Controller: 0
ASI804A ATPase Controller: 1
*** Calibration Parameters ***
Model  LOoffset  LOscale  LIoffset  LIscale  FOoffset  FOscale  FIoffset  FIscale
Number 	mm        mm/v	   mm        mm/v     mN        mN/v     mN        mN/v
308B	 0	 0.2	 0	 0.2	 0	 1	 0	 1
312C	 0	 0.15	 0	 0.15	 0	 1	 0	 1
315C	 0	 0.15	 0	 0.15	 0	 1	 0	 1
318B	 0	 0.3	 0	 0.3	 0	 1	 0	 1
322C	 0	 0.3	 0	 0.3	 0	 1	 0	 1
340A	 0	 0.005	 0	 0.005	 0	 1	 0	 1
300C	 0	 0.5	 0	 0.5	 0	 50	 0	 50
300C-LR	 0	 0.5	 0	 0.5	 0	 100	 0	 100
305C	 0	 1	 0	 1	 0	 500	 0	 500
305C-LR	 0	 1	 0	 1	 0	 1000	 0	 1000
309C	 0	 1.25	 0	 1.25	 0	 2000	 0	 2000
310C	 0	 2	 0	 2	 0	 5000	 0	 5000
310C-LR	 0	 2	 0	 2	 0	 10000	 0	 10000
???	 0	 1	 0	 1	 0	 1	 0	 1
400A	 0	 1	 0	 1	 0	 5	 0	 5
402A	 0	 1	 0	 1	 0	 50	 0	 50
403A-CF	 0	 1	 0	 1	 0	 0.2	 0	 0.2
403A	 0	 1	 0	 1	 0	 0.5	 0	 0.5
404A	 0	 1	 0	 1	 0	 10	 0	 10
405A	 0	 1	 0	 1	 0	 1	 0	 1
406A	 0	 1	 0	 1	 0.16	 0.06497	 0.16	 0.06497
407A	 0	 1	 0	 1	 0	 100	 0	 100
470A	 0	 1	 0	 1	 0	 1	 0	 1
other	 0	 1	 0	 1	 0	 1	 0	 1
none	 0	 1	 0	 1	 0	 1	 0	 1
*** Test Protocol Parameters ***
A/D Sampling Rate: 1000 Hz
Comment: Length Discrete Sine protocol for stiffness testing
Minimum Length: -5.000 (Lo)
Maximum Length: 5.000 (Lo)
PD Deadband:    0.000000 mN
Stimulus 01: 0.3 ms 100.000 Hz 10.0 ms 50.000 Hz 0.100 s
Stimulus 02: 1.2 ms 100.000 Hz 20.0 ms 2.000 Hz 100.000 s
Stimulus 03: 1.3 ms 100.000 Hz 20.0 ms 2.000 Hz 100.000 s
Stimulus 04: 1.4 ms 100.000 Hz 20.0 ms 2.000 Hz 100.000 s
Stimulus 05: 1.5 ms 100.000 Hz 20.0 ms 2.000 Hz 100.000 s
Stimulus 06: 1.6 ms 100.000 Hz 20.0 ms 2.000 Hz 100.000 s
Stimulus 07: 1.7 ms 100.000 Hz 20.0 ms 2.000 Hz 100.000 s
Stimulus 08: 1.8 ms 100.000 Hz 20.0 ms 2.000 Hz 100.000 s
Stimulus 09: 1.9 ms 100.000 Hz 20.0 ms 2.000 Hz 100.000 s
Stimulus 10: 2.2 ms 100.000 Hz 20.0 ms 2.000 Hz 100.000 s
Time (ms)	Control Function	Options
      0.0	Data-Enable		
    200.0	Length-Step		 0.65 Lo
   2000.0	Length-Step		 1 Lo
   2005.0	Data-Disable		
      0.0	Stop		
*** Force and Length Signals vs Time ***
Time (ms)  Lin (mm)  Lout (mm)  Fin (mN)  Fout (mN)  Aux1 C  Aux2 mv  SL (um)   Stimulus/Triggers
0.00  0.05734  0.05780  0.01034  0.80968  -230.73927  -232.61110  4.99985   768
1.00  0.05733  0.05780  0.01043  0.80968  -230.66908  -232.56837  4.99985   768
2.00  0.05734  0.05780  0.01081  0.80968  -230.07857  -231.99159  4.99985   768
3.00  0.05732  0.05780  0.01146  0.80968  -229.14473  -231.08217  4.99985   768
4.00  0.05732  0.05780  0.01191  0.80968  -228.40620  -230.31465  4.99985   768
5.00  0.05733  0.05780  0.01208  0.80968  -228.08577  -229.94386  4.99985   768
6.00  0.05733  0.05780  0.01188  0.80968  -228.37569  -230.24141  4.99985   768
7.00  0.05733  0.05780  0.01139  0.80968  -229.09590  -230.91737  4.99985   768
8.00  0.05732  0.05780  0.01079  0.80968  -229.96870  -231.78712  4.99985   768
9.00  0.05731  0.05780  0.01029  0.80968  -230.82625  -232.67976  4.99985   768
10.00  0.05733  0.05780  0.01018  0.80968  -231.03377  -232.91017  4.99985   768
11.00  0.05731  0.05780  0.01046  0.80968  -230.64009  -232.57143  4.99985   768
12.00  0.05733  0.05780  0.01095  0.80968  -229.90004  -231.84053  4.99985   768
13.00  0.05732  0.05780  0.01156  0.80968  -228.99977  -230.96162  4.99985   768
14.00  0.05733  0.05780  0.01193  0.80968  -228.37111  -230.27650  4.99985   768
15.00  0.05732  0.05780  0.01189  0.80968  -228.41231  -230.27956  4.99985   768
16.00  0.05733  0.05780  0.01161  0.80968  -228.80751  -230.67018  4.99985   768
17.00  0.05734  0.05780  0.01101  0.80968  -229.64979  -231.45296  4.99985   768
18.00  0.05733  0.05780  0.01037  0.80968  -230.69044  -232.51802  4.99985   768
19.00  0.05733  0.05780  0.01011  0.80968  -231.13447  -232.99409  4.99985   768
20.00  0.05732  0.05780  0.01023  0.80968  -230.96052  -232.86134  4.99985   768
21.00  0.05733  0.05780  0.01060  0.80968  -230.42342  -232.33186  4.99985   768
22.00  0.05734  0.05780  0.01126  0.80968  -229.41939  -231.35225  4.99985   768
23.00  0.05733  0.05780  0.01180  0.80968  -228.56795  -230.48097  4.99985   768
24.00  0.05734  0.05780  0.01203  0.80968  -228.19258  -230.09645  4.99985   768
25.00  0.05734  0.05780  0.01186  0.80968  -228.43519  -230.27803  4.99985   768
26.00  0.05732  0.05780  0.01143  0.80968  -229.03944  -230.87465  4.99985   768
27.00  0.05733  0.05780  0.01080  0.80968  -230.04805  -231.88325  4.99985   768
28.00  0.05733  0.05780  0.01044  0.80968  -230.61110  -232.49055  4.99985   768
29.00  0.05733  0.05780  0.01032  0.80968  -230.82472  -232.73012  4.99985   768
30.00  0.05733  0.05780  0.01051  0.80968  -230.57448  -232.51497  4.99985   768
31.00  0.05734  0.05780  0.01110  0.80968  -229.71693  -231.66353  4.99985   768
32.00  0.05733  0.05780  0.01179  0.80968  -228.64424  -230.60152  4.99985   768
33.00  0.05733  0.05780  0.01215  0.80968  -228.02473  -229.92250  4.99985   768
34.00  0.05734  0.05780  0.01207  0.80968  -228.11934  -229.99116  4.99985   768
35.00  0.05732  0.05780  0.01180  0.80968  -228.47182  -230.30397  4.99985   768
36.00  0.05732  0.05780  0.01124  0.80968  -229.38124  -231.21339  4.99985   768
37.00  0.05732  0.05780  0.01060  0.80968  -230.30897  -232.11061  4.99985   768
38.00  0.05732  0.05780  0.01030  0.80968  -230.80794  -232.67976  4.99985   768
39.00  0.05733  0.05780  0.01035  0.80968  -230.76369  -232.63399  4.99985   768
40.00  0.05734  0.05780  0.01083  0.80968  -230.10908  -232.05568  4.99985   768
41.00  0.05733  0.05780  0.01142  0.80968  -229.20882  -231.14168  4.99985   768
42.00  0.05732  0.05780  0.01188  0.80968  -228.42299  -230.35585  4.99985   768
43.00  0.05732  0.05780  0.01204  0.80968  -228.17427  -230.06441  4.99985   768
44.00  0.05732  0.05780  0.01183  0.80968  -228.48860  -230.36500  4.99985   768
45.00  0.05734  0.05780  0.01137  0.80968  -229.14778  -230.97688  4.99985   768
46.00  0.05732  0.05780  0.01064  0.80968  -230.24336  -232.07246  4.99985   768
47.00  0.05733  0.05780  0.01020  0.80968  -230.98952  -232.85829  4.99985   768
48.00  0.05732  0.05780  0.01014  0.80968  -231.07649  -232.96510  4.99985   768
49.00  0.05731  0.05780  0.01033  0.80968  -230.84914  -232.76369  4.99985   768
50.00  0.05733  0.05780  0.01098  0.80968  -229.91530  -231.87562  4.99985   768
51.00  0.05734  0.05780  0.01159  0.80968  -228.91127  -230.83650  4.99985   768
52.00  0.05732  0.05780  0.01187  0.80968  -228.46113  -230.33296  4.99985   768
53.00  0.05732  0.05780  0.01189  0.80968  -228.39400  -230.26430  4.99985   768
54.00  0.05733  0.05780  0.01162  0.80968  -228.78157  -230.62746  4.99985   768
55.00  0.05733  0.05780  0.01099  0.80968  -229.72304  -231.51552  4.99985   768
56.00  0.05733  0.05780  0.01037  0.80968  -230.68434  -232.51649  4.99985   768
57.00  0.05734  0.05780  0.01017  0.80968  -231.05055  -232.91322  4.99985   768
58.00  0.05734  0.05780  0.01022  0.80968  -230.97273  -232.87508  4.99985   768
59.00  0.05733  0.05780  0.01068  0.80968  -230.31050  -232.23115  4.99985   768
60.00  0.05732  0.05780  0.01133  0.80968  -229.35530  -231.29732  4.99985   768
61.00  0.05733  0.05780  0.01176  0.80968  -228.62746  -230.54964  4.99985   768
62.00  0.05733  0.05780  0.01200  0.80968  -228.23836  -230.14833  4.99985   768
63.00  0.05733  0.05780  0.01195  0.80968  -228.31312  -230.19716  4.99985   768
64.00  0.05733  0.05780  0.01140  0.80968  -229.11421  -230.94331  4.99985   768
65.00  0.05732  0.05780  0.01089  0.80968  -229.92140  -231.77339  4.99985   768
66.00  0.05733  0.05780  0.01042  0.80968  -230.58974  -232.44173  4.99985   768
67.00  0.05734  0.05780  0.01035  0.80968  -230.76826  -232.69197  4.99985   768
68.00  0.05734  0.05780  0.01059  0.80968  -230.45088  -232.36238  4.99985   768
69.00  0.05733  0.05780  0.01122  0.80968  -229.45448  -231.38429  4.99985   768
70.00  0.05734  0.05780  0.01169  0.80968  -228.78004  -230.68544  4.99985   768
71.00  0.05733  0.05780  0.01198  0.80968  -228.26582  -230.14833  4.99985   768
72.00  0.05734  0.05780  0.01196  0.80968  -228.25209  -230.12392  4.99985   768
73.00  0.05733  0.05780  0.01162  0.80968  -228.77547  -230.63203  4.99985   768
74.00  0.05734  0.05780  0.01106  0.80968  -229.60249  -231.42244  4.99985   768
75.00  0.05732  0.05780  0.01051  0.80968  -230.45241  -232.27540  4.99985   768
76.00  0.05733  0.05780  0.01022  0.80968  -230.93001  -232.78657  4.99985   768
77.00  0.05732  0.05780  0.01033  0.80968  -230.86439  -232.78047  4.99985   768
78.00  0.05734  0.05780  0.01072  0.80968  -230.26167  -232.21437  4.99985   768
79.00  0.05732  0.05780  0.01122  0.80968  -229.47279  -231.39955  4.99985   768
80.00  0.05733  0.05780  0.01163  0.80968  -228.86702  -230.80751  4.99985   768
81.00  0.05732  0.05780  0.01184  0.80968  -228.46876  -230.35737  4.99985   768
82.00  0.05733  0.05780  0.01158  0.80968  -228.85023  -230.69765  4.99985   768
83.00  0.05733  0.05780  0.01106  0.80968  -229.59791  -231.43159  4.99985   768
84.00  0.05733  0.05780  0.01053  0.80968  -230.42494  -232.25862  4.99985   768
85.00  0.05734  0.05780  0.01014  0.80968  -231.09022  -232.93611  4.99985   768
86.00  0.05734  0.05780  0.01015  0.80968  -231.07039  -232.96815  4.99985   768
87.00  0.05732  0.05780  0.01045  0.80968  -230.65382  -232.56532  4.99985   768
88.00  0.05733  0.05780  0.01097  0.80968  -229.85579  -231.78560  4.99985   768
89.00  0.05733  0.05780  0.01149  0.80968  -229.07301  -230.97536  4.99985   768
90.00  0.05734  0.05780  0.01180  0.80968  -228.56337  -230.45045  4.99985   768
91.00  0.05734  0.05780  0.01175  0.80968  -228.62440  -230.49013  4.99985   768
92.00  0.05732  0.05780  0.01136  0.80968  -229.13863  -230.97230  4.99985   768
93.00  0.05733  0.05780  0.01081  0.80968  -230.00380  -231.81459  4.99985   768
94.00  0.05733  0.05780  0.01032  0.80968  -230.78657  -232.64467  4.99985   768
95.00  0.05733  0.05780  0.01011  0.80968  -231.12227  -233.00783  4.99985   768
96.00  0.05733  0.05780  0.01036  0.80968  -230.81404  -232.73622  4.99985   768
97.00  0.05733  0.05780  0.01085  0.80968  -230.06941  -232.02058  4.99985   768
98.00  0.05731  0.05780  0.01146  0.80968  -229.11116  -231.05012  4.99985   768
99.00  0.05732  0.05780  0.01193  0.80968  -228.40620  -230.32228  4.99985   768
100.00  0.05733  0.05780  0.01198  0.80968  -228.23683  -230.11781  4.99985   768
101.00  0.05732  0.05780  0.01176  0.80968  -228.55116  -230.40010  4.99985   768
102.00  0.05733  0.05780  0.01119  0.80968  -229.41786  -231.23933  4.99985   768
103.00  0.05733  0.05780  0.01064  0.80968  -230.25709  -232.06331  4.99985   768
104.00  0.05733  0.05780  0.01034  0.80968  -230.75758  -232.61568  4.99985   768
105.00  0.05732  0.05780  0.01034  0.80968  -230.80031  -232.68587  4.99985   768
106.00  0.05733  0.05780  0.01080  0.80968  -230.15639  -232.09230  4.99985   768
107.00  0.05733  0.05780  0.01140  0.80968  -229.20119  -231.12489  4.99985   768
108.00  0.05732  0.05780  0.01194  0.80968  -228.35890  -230.27650  4.99985   768
109.00  0.05733  0.05780  0.01212  0.80968  -228.04610  -229.93318  4.99985   768
110.00  0.05733  0.05780  0.01190  0.80968  -228.37721  -230.25209  4.99985   768
111.00  0.05732  0.05780  0.01143  0.80968  -229.05928  -230.88533  4.99985   768
112.00  0.05734  0.05780  0.01080  0.80968  -230.04652  -231.88478  4.99985   768
113.00  0.05733  0.05780  0.01026  0.80968  -230.87202  -232.71791  4.99985   768
114.00  0.05733  0.05780  0.01013  0.80968  -231.14516  -233.02156  4.99985   768
115.00  0.05734  0.05780  0.01029  0.80968  -230.90102  -232.81099  4.99985   768
116.00  0.05733  0.05780  0.01089  0.80968  -230.01906  -231.96718  4.99985   768
117.00  0.05733  0.05780  0.01145  0.80968  -229.11726  -231.05775  4.99985   768
118.00  0.05733  0.05780  0.01181  0.80968  -228.52675  -230.42146  4.99985   768
119.00  0.05734  0.05780  0.01186  0.80968  -228.43367  -230.30244  4.99985   768
120.00  0.05733  0.05780  0.01150  0.80968  -228.94026  -230.76936  4.99985   768
121.00  0.05733  0.05780  0.01094  0.80968  -229.80391  -231.62233  4.99985   768
122.00  0.05733  0.05780  0.01040  0.80968  -230.63704  -232.45393  4.99985   768
123.00  0.05734  0.05780  0.01006  0.80968  -231.19398  -233.05665  4.99985   768
124.00  0.05733  0.05780  0.01008  0.80968  -231.19704  -233.08412  4.99985   768
125.00  0.05733  0.05780  0.01055  0.80968  -230.50123  -232.43867  4.99985   768
126.00  0.05733  0.05780  0.01116  0.80968  -229.53993  -231.47279  4.99985   768
127.00  0.05733  0.05780  0.01165  0.80968  -228.85329  -230.79072  4.99985   768
128.00  0.05732  0.05780  0.01201  0.80968  -228.27040  -230.18648  4.99985   768
129.00  0.05734  0.05780  0.01193  0.80968  -228.29787  -230.16054  4.99985   768
130.00  0.05732  0.05780  0.01151  0.80968  -228.96162  -230.81361  4.99985   768
131.00  0.05733  0.05780  0.01095  0.80968  -229.79018  -231.62538  4.99985   768
132.00  0.05732  0.05780  0.01046  0.80968  -230.56074  -232.41884  4.99985   768
133.00  0.05734  0.05780  0.01030  0.80968  -230.86592  -232.74995  4.99985   768
134.00  0.05732  0.05780  0.01058  0.80968  -230.49361  -232.40663  4.99985   768
135.00  0.05734  0.05780  0.01116  0.80968  -229.55366  -231.48958  4.99985   768
136.00  0.05733  0.05780  0.01178  0.80968  -228.63814  -230.57558  4.99985   768
137.00  0.05733  0.05780  0.01208  0.80968  -228.10713  -229.98506  4.99985   768
138.00  0.05734  0.05780  0.01214  0.80968  -227.98353  -229.86146  4.99985   768
139.00  0.05732  0.05780  0.01181  0.80968  -228.47639  -230.32228  4.99985   768
140.00  0.05733  0.05780  0.01133  0.80968  -229.17830  -231.00282  4.99985   768
141.00  0.05734  0.05780  0.01068  0.80968  -230.21132  -232.00990  4.99985   768
142.00  0.05734  0.05780  0.01028  0.80968  -230.85524  -232.72249  4.99985   768
143.00  0.05734  0.05780  0.01029  0.80968  -230.90102  -232.80031  4.99985   768
144.00  0.05734  0.05780  0.01075  0.80968  -230.23878  -232.20369  4.99985   768
145.00  0.05733  0.05780  0.01129  0.80968  -229.36140  -231.29426  4.99985   768
146.00  0.05733  0.05780  0.01171  0.80968  -228.73884  -230.65645  4.99985   768
147.00  0.05733  0.05780  0.01201  0.80968  -228.25667  -230.15901  4.99985   768
148.00  0.05733  0.05780  0.01183  0.80968  -228.47639  -230.36348  4.99985   768
149.00  0.05734  0.05780  0.01132  0.80968  -229.21034  -231.01961  4.99985   768
150.00  0.05733  0.05780  0.01077  0.80968  -230.07399  -231.90767  4.99985   768
151.00  0.05732  0.05780  0.01031  0.80968  -230.85219  -232.70570  4.99985   768
152.00  0.05733  0.05780  0.01008  0.80968  -231.18025  -233.03682  4.99985   768
153.00  0.05732  0.05780  0.01033  0.80968  -230.82930  -232.74385  4.99985   768
154.00  0.05733  0.05780  0.01084  0.80968  -230.05873  -231.98244  4.99985   768
155.00  0.05732  0.05780  0.01140  0.80968  -229.21339  -231.12489  4.99985   768
156.00  0.05733  0.05780  0.01183  0.80968  -228.51607  -230.42146  4.99985   768
157.00  0.05733  0.05780  0.01189  0.80968  -228.39552  -230.24599  4.99985   768
158.00  0.05735  0.05780  0.01154  0.80968  -228.90211  -230.75258  4.99985   768
159.00  0.05733  0.05780  0.01103  0.80968  -229.65437  -231.47890  4.99985   768
160.00  0.05733  0.05780  0.01050  0.80968  -230.51344  -232.35628  4.99985   768
161.00  0.05733  0.05780  0.01019  0.80968  -231.01698  -232.89186  4.99985   768
162.00  0.05734  0.05780  0.01035  0.80968  -230.81251  -232.73775  4.99985   768
163.00  0.05733  0.05780  0.01071  0.80968  -230.28609  -232.20369  4.99985   768
164.00  0.05732  0.05780  0.01137  0.80968  -229.26375  -231.21797  4.99985   768
165.00  0.05732  0.05780  0.01194  0.80968  -228.40925  -230.34517  4.99985   768
166.00  0.05733  0.05780  0.01216  0.80968  -227.95912  -229.83552  4.99985   768
167.00  0.05732  0.05780  0.01200  0.80968  -228.25667  -230.11781  4.99985   768
168.00  0.05733  0.05780  0.01151  0.80968  -228.91432  -230.72206  4.99985   768
169.00  0.05733  0.05780  0.01096  0.80968  -229.77186  -231.60249  4.99985   768
170.00  0.05733  0.05780  0.01041  0.80968  -230.59889  -232.43104  4.99985   768
171.00  0.05734  0.05780  0.01037  0.80968  -230.75148  -232.64772  4.99985   768
172.00  0.05732  0.05780  0.01063  0.80968  -230.35933  -232.25252  4.99985   768
173.00  0.05734  0.05780  0.01117  0.80968  -229.60097  -231.53841  4.99985   768
174.00  0.05732  0.05780  0.01177  0.80968  -228.63508  -230.57252  4.99985   768
175.00  0.05732  0.05780  0.01208  0.80968  -228.10408  -229.98353  4.99985   768
176.00  0.05733  0.05780  0.01211  0.80968  -228.07661  -229.94539  4.99985   768
177.00  0.05733  0.05780  0.01178  0.80968  -228.54201  -230.40163  4.99985   768
178.00  0.05732  0.05780  0.01109  0.80968  -229.54603  -231.38124  4.99985   768
179.00  0.05733  0.05780  0.01050  0.80968  -230.49513  -232.32881  4.99985   768
180.00  0.05733  0.05780  0.01018  0.80968  -231.01851  -232.89491  4.99985   768
181.00  0.05733  0.05780  0.01031  0.80968  -230.82320  -232.75911  4.99985   768
182.00  0.05734  0.05780  0.01072  0.80968  -230.28609  -232.23573  4.99985   768
183.00  0.05733  0.05780  0.01146  0.80968  -229.13557  -231.08064  4.99985   768
184.00  0.05733  0.05780  0.01194  0.80968  -228.37111  -230.28108  4.99985   768
185.00  0.05732  0.05780  0.01202  0.80968  -228.18495  -230.06288  4.99985   768
186.00  0.05732  0.05780  0.01192  0.80968  -228.35127  -230.21699  4.99985   768
187.00  0.05733  0.05780  0.01141  0.80968  -229.08522  -230.88991  4.99985   768
188.00  0.05734  0.05780  0.01081  0.80968  -230.00532  -231.81917  4.99985   768
189.00  0.05734  0.05780  0.01030  0.80968  -230.81862  -232.64619  4.99985   768
190.00  0.05733  0.05780  0.01022  0.80968  -230.95747  -232.82777  4.99985   768
191.00  0.05734  0.05780  0.01044  0.80968  -230.65230  -232.56227  4.99985   768
192.00  0.05732  0.05780  0.01101  0.80968  -229.81001  -231.74592  4.99985   768
193.00  0.05733  0.05780  0.01154  0.80968  -228.99061  -230.92042  4.99985   768
194.00  0.05733  0.05780  0.01183  0.80968  -228.50691  -230.41994  4.99985   768
195.00  0.05733  0.05780  0.01186  0.80968  -228.44893  -230.34517  4.99985   768
196.00  0.05732  0.05780  0.01152  0.80968  -228.92500  -230.76936  4.99985   768
197.00  0.05733  0.05780  0.01095  0.80968  -229.79933  -231.63148  4.99985   768
198.00  0.05734  0.05780  0.01039  0.80968  -230.67061  -232.51344  4.99985   768
199.00  0.05732  0.05780  0.01015  0.80968  -231.02156  -232.91170  4.99985   768
200.00  0.05207  0.03757  0.01032  0.80968  -230.85371  -232.75606  4.99985   768
201.00  0.03987  0.03757  0.01029  0.80968  -230.83693  -232.70265  4.99985   768
202.00  0.03894  0.03757  0.01028  0.80968  -230.86287  -232.75301  4.99985   768
203.00  0.03865  0.03757  0.01086  0.80968  -230.06636  -232.01753  4.99985   768
204.00  0.03849  0.03757  0.01077  0.80968  -230.08314  -231.91072  4.99985   768
205.00  0.03837  0.03757  0.01020  0.80968  -230.93306  -232.76521  4.99985   768
206.00  0.03827  0.03757  0.01001  0.80968  -231.25502  -233.10243  4.99985   768
207.00  0.03818  0.03757  0.00913  0.80968  -232.48335  -234.26057  4.99985   768
208.00  0.03810  0.03757  0.00863  0.80968  -233.44313  -235.30580  4.99985   768
209.00  0.03802  0.03757  0.00885  0.80968  -233.09981  -234.97163  4.99985   768
210.00  0.03795  0.03757  0.00879  0.80968  -233.18068  -235.09828  4.99985   768
211.00  0.03790  0.03757  0.00953  0.80968  -232.16749  -234.17665  4.99985   768
212.00  0.03788  0.03757  0.01012  0.80968  -231.16499  -233.06734  4.99985   768
213.00  0.03785  0.03757  0.01022  0.80968  -230.98799  -232.91475  4.99985   768
214.00  0.03782  0.03757  0.01050  0.80968  -230.58668  -232.49208  4.99985   768
215.00  0.03781  0.03757  0.00989  0.80968  -231.38472  -233.16804  4.99985   768
216.00  0.03779  0.03757  0.00920  0.80968  -232.50319  -234.35365  4.99985   768
217.00  0.03778  0.03757  0.00888  0.80968  -233.00978  -234.86635  4.99985   768
218.00  0.03777  0.03757  0.00838  0.80968  -233.73610  -235.59572  4.99985   768
219.00  0.03774  0.03757  0.00866  0.80968  -233.42329  -235.35463  4.99985   768
220.00  0.03773  0.03757  0.00926  0.80968  -232.47267  -234.40095  4.99985   768
221.00  0.03773  0.03757  0.00961  0.80968  -231.95845  -233.86537  4.99985   768
222.00  0.03772  0.03757  0.01026  0.80968  -230.98341  -232.91933  4.99985   768
223.00  0.03770  0.03757  0.01028  0.80968  -230.85829  -232.70418  4.99985   768
224.00  0.03770  0.03757  0.01001  0.80968  -231.28401  -233.15279  4.99985   768
225.00  0.03770  0.03757  0.00962  0.80968  -231.82112  -233.63649  4.99985   768
226.00  0.03769  0.03757  0.00892  0.80968  -232.87245  -234.68324  4.99985   768
227.00  0.03769  0.03757  0.00847  0.80968  -233.61861  -235.49043  4.99985   768
228.00  0.03768  0.03757  0.00852  0.80968  -233.60335  -235.50874  4.99985   768
229.00  0.03767  0.03757  0.00868  0.80968  -233.35005  -235.29512  4.99985   768
230.00  0.03767  0.03757  0.00939  0.80968  -232.32313  -234.28651  4.99985   768
231.00  0.03767  0.03757  0.00994  0.80968  -231.42897  -233.36488  4.99985   768
232.00  0.03765  0.03757  0.01015  0.80968  -231.11922  -233.02461  4.99985   768
233.00  0.03766  0.03757  0.01024  0.80968  -230.88881  -232.75453  4.99985   768
234.00  0.03765  0.03757  0.00977  0.80968  -231.59376  -233.44118  4.99985   768
235.00  0.03764  0.03757  0.00927  0.80968  -232.38722  -234.20564  4.99985   768
236.00  0.03765  0.03757  0.00879  0.80968  -233.13185  -234.96400  4.99985   768
237.00  0.03765  0.03757  0.00852  0.80968  -233.57283  -235.44618  4.99985   768
238.00  0.03766  0.03757  0.00871  0.80968  -233.32716  -235.22645  4.99985   768
239.00  0.03765  0.03757  0.00932  0.80968  -232.41011  -234.34145  4.99985   768
240.00  0.03764  0.03757  0.00987  0.80968  -231.56782  -233.49916  4.99985   768
241.00  0.03765  0.03757  0.01039  0.80968  -230.75758  -232.67824  4.99985   768
242.00  0.03763  0.03757  0.01044  0.80968  -230.59126  -232.46004  4.99985   768
243.00  0.03764  0.03757  0.01022  0.80968  -230.98799  -232.84456  4.99985   768
244.00  0.03764  0.03757  0.00970  0.80968  -231.71431  -233.54646  4.99985   768
245.00  0.03763  0.03757  0.00901  0.80968  -232.77479  -234.61153  4.99985   768
246.00  0.03763  0.03757  0.00876  0.80968  -233.21272  -235.10133  4.99985   768
247.00  0.03762  0.03757  0.00869  0.80968  -233.36073  -235.27681  4.99985   768
248.00  0.03762  0.03757  0.00896  0.80968  -232.96095  -234.87398  4.99985   768
249.00  0.03762  0.03757  0.00964  0.80968  -231.95540  -233.92030  4.99985   768
250.00  0.03762  0.03757  0.01008  0.80968  -231.17873  -233.10396  4.99985   768
251.00  0.03763  0.03757  0.01029  0.80968  -230.88881  -232.79573  4.99985   768
252.00  0.03762  0.03757  0.01036  0.80968  -230.73775  -232.60652  4.99985   768
253.00  0.03762  0.03757  0.00986  0.80968  -231.45949  -233.27791  4.99985   768
254.00  0.03760  0.03757  0.00925  0.80968  -232.41011  -234.23921  4.99985   768
255.00  0.03762  0.03757  0.00868  0.80968  -233.27071  -235.08150  4.99985   768
256.00  0.03763  0.03757  0.00846  0.80968  -233.66743  -235.54994  4.99985   768
257.00  0.03761  0.03757  0.00869  0.80968  -233.35310  -235.25850  4.99985   768
258.00  0.03762  0.03757  0.00927  0.80968  -232.47420  -234.42842  4.99985   768
259.00  0.03762  0.03757  0.00978  0.80968  -231.68989  -233.60902  4.99985   768
260.00  0.03761  0.03757  0.01026  0.80968  -230.93611  -232.85371  4.99985   768
261.00  0.03761  0.03757  0.01035  0.80968  -230.75453  -232.63246  4.99985   768
262.00  0.03760  0.03757  0.01010  0.80968  -231.12837  -233.01698  4.99985   768
263.00  0.03760  0.03757  0.00951  0.80968  -232.00575  -233.83180  4.99985   768
264.00  0.03760  0.03757  0.00900  0.80968  -232.79921  -234.65425  4.99985   768
265.00  0.03760  0.03757  0.00868  0.80968  -233.36073  -235.25087  4.99985   768
266.00  0.03760  0.03757  0.00863  0.80968  -233.46449  -235.37447  4.99985   768
267.00  0.03759  0.03757  0.00902  0.80968  -232.84804  -234.77937  4.99985   768
268.00  0.03760  0.03757  0.00966  0.80968  -231.94929  -233.91420  4.99985   768
269.00  0.03760  0.03757  0.01022  0.80968  -231.00325  -232.90864  4.99985   768
270.00  0.03760  0.03757  0.01048  0.80968  -230.59889  -232.46919  4.99985   768
271.00  0.03760  0.03757  0.01037  0.80968  -230.70418  -232.55617  4.99985   768
272.00  0.03760  0.03757  0.00997  0.80968  -231.28706  -233.10853  4.99985   768
273.00  0.03759  0.03757  0.00939  0.80968  -232.20259  -234.01186  4.99985   768
274.00  0.03759  0.03757  0.00900  0.80968  -232.83430  -234.68782  4.99985   768
275.00  0.03759  0.03757  0.00886  0.80968  -233.09676  -234.97011  4.99985   768
276.00  0.03758  0.03757  0.00902  0.80968  -232.86177  -234.78395  4.99985   768
277.00  0.03759  0.03757  0.00953  0.80968  -232.08662  -234.03322  4.99985   768
278.00  0.03760  0.03757  0.01012  0.80968  -231.19093  -233.12532  4.99985   768
279.00  0.03757  0.03757  0.01050  0.80968  -230.58363  -232.50429  4.99985   768
280.00  0.03759  0.03757  0.01047  0.80968  -230.57753  -232.46614  4.99985   768
281.00  0.03759  0.03757  0.01017  0.80968  -231.02309  -232.88423  4.99985   768
282.00  0.03758  0.03757  0.00963  0.80968  -231.86232  -233.67921  4.99985   768
283.00  0.03759  0.03757  0.00894  0.80968  -232.88771  -234.74428  4.99985   768
284.00  0.03757  0.03757  0.00875  0.80968  -233.22340  -235.10133  4.99985   768
285.00  0.03759  0.03757  0.00878  0.80968  -233.18373  -235.05403  4.99985   768
286.00  0.03759  0.03757  0.00905  0.80968  -232.80379  -234.73054  4.99985   768
287.00  0.03758  0.03757  0.00963  0.80968  -231.93251  -233.86079  4.99985   768
288.00  0.03758  0.03757  0.01016  0.80968  -231.09633  -233.02003  4.99985   768
289.00  0.03758  0.03757  0.01035  0.80968  -230.78352  -232.66603  4.99985   768
290.00  0.03759  0.03757  0.01023  0.80968  -230.92696  -232.76826  4.99985   768
291.00  0.03758  0.03757  0.00967  0.80968  -231.75246  -233.57698  4.99985   768
292.00  0.03758  0.03757  0.00908  0.80968  -232.65272  -234.48488  4.99985   768
293.00  0.03758  0.03757  0.00868  0.80968  -233.30885  -235.16542  4.99985   768
294.00  0.03758  0.03757  0.00855  0.80968  -233.58046  -235.48128  4.99985   768
295.00  0.03759  0.03757  0.00884  0.80968  -233.12575  -235.06166  4.99985   768
296.00  0.03757  0.03757  0.00942  0.80968  -232.26057  -234.20412  4.99985   768
297.00  0.03758  0.03757  0.00997  0.80968  -231.44423  -233.39693  4.99985   768
298.00  0.03757  0.03757  0.01037  0.80968  -230.79726  -232.72859  4.99985   768
299.00  0.03757  0.03757  0.01047  0.80968  -230.55159  -232.42494  4.99985   768
300.00  0.03757  0.03757  0.01016  0.80968  -230.96663  -232.82930  4.99985   768
301.00  0.03758  0.03757  0.00958  0.80968  -231.89894  -233.72194  4.99985   768
302.00  0.03758  0.03757  0.00902  0.80968  -232.76564  -234.60542  4.99985   768
303.00  0.03758  0.03757  0.00867  0.80968  -233.32106  -235.17000  4.99985   768
304.00  0.03756  0.03757  0.00873  0.80968  -233.31343  -235.22798  4.99985   768
305.00  0.03756  0.03757  0.00914  0.80968  -232.67561  -234.59779  4.99985   768
306.00  0.03756  0.03757  0.00976  0.80968  -231.76771  -233.71126  4.99985   768
307.00  0.03756  0.03757  0.01027  0.80968  -230.91627  -232.83235  4.99985   768
308.00  0.03757  0.03757  0.01051  0.80968  -230.53633  -232.43562  4.99985   768
309.00  0.03757  0.03757  0.01040  0.80968  -230.62941  -232.47682  4.99985   768
310.00  0.03757  0.03757  0.00995  0.80968  -231.31605  -233.16652  4.99985   768
311.00  0.03756  0.03757  0.00923  0.80968  -232.44368  -234.25447  4.99985   768
312.00  0.03757  0.03757  0.00869  0.80968  -233.29817  -235.16389  4.99985   768
313.00  0.03755  0.03757  0.00849  0.80968  -233.67049  -235.55299  4.99985   768
314.00  0.03756  0.03757  0.00879  0.80968  -233.22340  -235.17305  4.99985   768
315.00  0.03756  0.03757  0.00935  0.80968  -232.39027  -234.34145  4.99985   768
316.00  0.03756  0.03757  0.00991  0.80968  -231.49916  -233.43660  4.99985   768
317.00  0.03756  0.03757  0.01022  0.80968  -230.99867  -232.91170  4.99985   768
318.00  0.03755  0.03757  0.01031  0.80968  -230.82167  -232.69807  4.99985   768
319.00  0.03755  0.03757  0.00988  0.80968  -231.45644  -233.26723  4.99985   768
320.00  0.03755  0.03757  0.00934  0.80968  -232.23921  -234.07747  4.99985   768
321.00  0.03756  0.03757  0.00874  0.80968  -233.17915  -235.01283  4.99985   768
322.00  0.03756  0.03757  0.00836  0.80968  -233.80324  -235.64302  4.99985   768
323.00  0.03756  0.03757  0.00844  0.80968  -233.70711  -235.61250  4.99985   768
324.00  0.03756  0.03757  0.00897  0.80968  -232.95943  -234.90144  4.99985   768
325.00  0.03756  0.03757  0.00954  0.80968  -232.12324  -234.07899  4.99985   768
326.00  0.03755  0.03757  0.01017  0.80968  -231.11159  -233.05818  4.99985   768
327.00  0.03756  0.03757  0.01043  0.80968  -230.67061  -232.57600  4.99985   768
328.00  0.03756  0.03757  0.01031  0.80968  -230.83082  -232.70265  4.99985   768
329.00  0.03755  0.03757  0.00982  0.80968  -231.54951  -233.38930  4.99985   768
330.00  0.03756  0.03757  0.00921  0.80968  -232.46046  -234.29719  4.99985   768
331.00  0.03754  0.03757  0.00880  0.80968  -233.16237  -235.02199  4.99985   768
332.00  0.03755  0.03757  0.00860  0.80968  -233.46602  -235.36684  4.99985   768
333.00  0.03756  0.03757  0.00893  0.80968  -233.04640  -234.98842  4.99985   768
334.00  0.03756  0.03757  0.00952  0.80968  -232.11561  -234.07136  4.99985   768
335.00  0.03755  0.03757  0.01002  0.80968  -231.30690  -233.21535  4.99985   768
336.00  0.03756  0.03757  0.01043  0.80968  -230.64162  -232.54549  4.99985   768
337.00  0.03755  0.03757  0.01036  0.80968  -230.71791  -232.56685  4.99985   768
338.00  0.03754  0.03757  0.01005  0.80968  -231.19856  -233.04597  4.99985   768
339.00  0.03755  0.03757  0.00951  0.80968  -231.99354  -233.81197  4.99985   768
340.00  0.03755  0.03757  0.00891  0.80968  -232.90907  -234.72444  4.99985   768
341.00  0.03755  0.03757  0.00861  0.80968  -233.37447  -235.23866  4.99985   768
342.00  0.03755  0.03757  0.00876  0.80968  -233.25087  -235.15016  4.99985   768
343.00  0.03754  0.03757  0.00919  0.80968  -232.62526  -234.57796  4.99985   768
344.00  0.03755  0.03757  0.00970  0.80968  -231.83790  -233.79060  4.99985   768
345.00  0.03754  0.03757  0.01014  0.80968  -231.10548  -233.03072  4.99985   768
346.00  0.03754  0.03757  0.01024  0.80968  -230.96510  -232.86287  4.99985   768
347.00  0.03754  0.03757  0.01009  0.80968  -231.18941  -233.07649  4.99985   768
348.00  0.03753  0.03757  0.00967  0.80968  -231.73415  -233.56630  4.99985   768
349.00  0.03754  0.03757  0.00912  0.80968  -232.60237  -234.44520  4.99985   768
350.00  0.03754  0.03757  0.00867  0.80968  -233.31496  -235.16389  4.99985   768
351.00  0.03755  0.03757  0.00854  0.80968  -233.56215  -235.44313  4.99985   768
352.00  0.03754  0.03757  0.00887  0.80968  -233.08913  -235.00978  4.99985   768
353.00  0.03753  0.03757  0.00941  0.80968  -232.28804  -234.22243  4.99985   768
354.00  0.03754  0.03757  0.01003  0.80968  -231.33894  -233.26417  4.99985   768
355.00  0.03754  0.03757  0.01031  0.80968  -230.83540  -232.70875  4.99985   768
356.00  0.03754  0.03757  0.01026  0.80968  -230.88270  -232.75606  4.99985   768
357.00  0.03754  0.03757  0.00993  0.80968  -231.35268  -233.18483  4.99985   768
358.00  0.03753  0.03757  0.00941  0.80968  -232.17665  -234.00270  4.99985   768
359.00  0.03753  0.03757  0.00892  0.80968  -232.92738  -234.76564  4.99985   768
360.00  0.03753  0.03757  0.00862  0.80968  -233.40651  -235.28596  4.99985   768
361.00  0.03753  0.03757  0.00874  0.80968  -233.31038  -235.24019  4.99985   768
362.00  0.03753  0.03757  0.00922  0.80968  -232.54439  -234.49251  4.99985   768
363.00  0.03752  0.03757  0.00978  0.80968  -231.72499  -233.68837  4.99985   768
364.00  0.03754  0.03757  0.01032  0.80968  -230.88728  -232.81557  4.99985   768
365.00  0.03752  0.03757  0.01047  0.80968  -230.62178  -232.50734  4.99985   768
366.00  0.03753  0.03757  0.01023  0.80968  -230.87050  -232.73775  4.99985   768
367.00  0.03753  0.03757  0.00982  0.80968  -231.54951  -233.37862  4.99985   768
368.00  0.03754  0.03757  0.00915  0.80968  -232.57185  -234.39485  4.99985   768
369.00  0.03753  0.03757  0.00871  0.80968  -233.27223  -235.11507  4.99985   768
370.00  0.03753  0.03757  0.00873  0.80968  -233.23714  -235.12880  4.99985   768
371.00  0.03754  0.03757  0.00899  0.80968  -232.90602  -234.82667  4.99985   768
372.00  0.03753  0.03757  0.00959  0.80968  -232.00728  -233.92946  4.99985   768
373.00  0.03754  0.03757  0.01022  0.80968  -231.00172  -232.92848  4.99985   768
374.00  0.03753  0.03757  0.01045  0.80968  -230.63856  -232.50276  4.99985   768
375.00  0.03754  0.03757  0.01038  0.80968  -230.71944  -232.57448  4.99985   768
376.00  0.03754  0.03757  0.01001  0.80968  -231.25807  -233.08412  4.99985   768
377.00  0.03754  0.03757  0.00935  0.80968  -232.28194  -234.10951  4.99985   768
378.00  0.03753  0.03757  0.00880  0.80968  -233.11507  -234.96858  4.99985   768
379.00  0.03754  0.03757  0.00859  0.80968  -233.45076  -235.32564  4.99985   768
380.00  0.03753  0.03757  0.00877  0.80968  -233.24324  -235.17915  4.99985   768
381.00  0.03752  0.03757  0.00926  0.80968  -232.52760  -234.47572  4.99985   768
382.00  0.03753  0.03757  0.00987  0.80968  -231.59071  -233.53273  4.99985   768
383.00  0.03753  0.03757  0.01040  0.80968  -230.80183  -232.72707  4.99985   768
384.00  0.03755  0.03757  0.01048  0.80968  -230.56227  -232.44936  4.99985   768
385.00  0.03752  0.03757  0.01021  0.80968  -230.94984  -232.78963  4.99985   768
386.00  0.03752  0.03757  0.00961  0.80968  -231.81349  -233.61360  4.99985   768
387.00  0.03752  0.03757  0.00898  0.80968  -232.82515  -234.63747  4.99985   768
388.00  0.03753  0.03757  0.00854  0.80968  -233.50722  -235.36378  4.99985   768
389.00  0.03753  0.03757  0.00843  0.80968  -233.71168  -235.58656  4.99985   768
390.00  0.03753  0.03757  0.00889  0.80968  -233.06624  -234.98537  4.99985   768
391.00  0.03753  0.03757  0.00947  0.80968  -232.19801  -234.14003  4.99985   768
392.00  0.03754  0.03757  0.01003  0.80968  -231.33436  -233.26570  4.99985   768
393.00  0.03753  0.03757  0.01039  0.80968  -230.74232  -232.67213  4.99985   768
394.00  0.03753  0.03757  0.01029  0.80968  -230.82625  -232.70113  4.99985   768
395.00  0.03752  0.03757  0.00987  0.80968  -231.49000  -233.30995  4.99985   768
396.00  0.03752  0.03757  0.00930  0.80968  -232.35060  -234.19038  4.99985   768
397.00  0.03752  0.03757  0.00873  0.80968  -233.20814  -235.06013  4.99985   768
398.00  0.03752  0.03757  0.00854  0.80968  -233.53316  -235.42635  4.99985   768
399.00  0.03754  0.03757  0.00873  0.80968  -233.29207  -235.21883  4.99985   768
400.00  0.03751  0.03757  0.00924  0.80968  -232.59169  -234.54134  4.99985   768
401.00  0.03753  0.03757  0.00986  0.80968  -231.58919  -233.54494  4.99985   768
402.00  0.03753  0.03757  0.01032  0.80968  -230.83540  -232.75148  4.99985   768
403.00  0.03751  0.03757  0.01044  0.80968  -230.63704  -232.51344  4.99985   768
404.00  0.03751  0.03757  0.01019  0.80968  -230.97121  -232.79420  4.99985   768
405.00  0.03752  0.03757  0.00968  0.80968  -231.74635  -233.56630  4.99985   768
406.00  0.03751  0.03757  0.00910  0.80968  -232.62373  -234.46962  4.99985   768
407.00  0.03752  0.03757  0.00858  0.80968  -233.46297  -235.30427  4.99985   768
408.00  0.03750  0.03757  0.00870  0.80968  -233.30733  -235.21272  4.99985   768
409.00  0.03752  0.03757  0.00901  0.80968  -232.90144  -234.83430  4.99985   768
410.00  0.03752  0.03757  0.00969  0.80968  -231.84096  -233.80739  4.99985   768
411.00  0.03751  0.03757  0.01023  0.80968  -231.01546  -232.94832  4.99985   768
412.00  0.03753  0.03757  0.01048  0.80968  -230.60652  -232.49971  4.99985   768
413.00  0.03751  0.03757  0.01039  0.80968  -230.70570  -232.59737  4.99985   768
414.00  0.03751  0.03757  0.00991  0.80968  -231.39845  -233.22298  4.99985   768
415.00  0.03751  0.03757  0.00936  0.80968  -232.25752  -234.09883  4.99985   768
416.00  0.03752  0.03757  0.00883  0.80968  -233.06166  -234.92128  4.99985   768
417.00  0.03751  0.03757  0.00856  0.80968  -233.47212  -235.35310  4.99985   768
418.00  0.03752  0.03757  0.00870  0.80968  -233.32564  -235.24324  4.99985   768
419.00  0.03751  0.03757  0.00928  0.80968  -232.47725  -234.41621  4.99985   768
420.00  0.03750  0.03757  0.00993  0.80968  -231.46406  -233.39540  4.99985   768
421.00  0.03751  0.03757  0.01034  0.80968  -230.84456  -232.75148  4.99985   768
422.00  0.03751  0.03757  0.01041  0.80968  -230.68281  -232.51955  4.99985   768
423.00  0.03752  0.03757  0.01011  0.80968  -231.04903  -232.88881  4.99985   768
424.00  0.03752  0.03757  0.00951  0.80968  -232.00117  -233.84859  4.99985   768
425.00  0.03753  0.03757  0.00898  0.80968  -232.81752  -234.64204  4.99985   768
426.00  0.03752  0.03757  0.00848  0.80968  -233.63081  -235.48280  4.99985   768
427.00  0.03751  0.03757  0.00844  0.80968  -233.74525  -235.64912  4.99985   768
428.00  0.03752  0.03757  0.00878  0.80968  -233.23561  -235.17000  4.99985   768
429.00  0.03751  0.03757  0.00944  0.80968  -232.24684  -234.21022  4.99985   768
430.00  0.03752  0.03757  0.01002  0.80968  -231.36641  -233.30537  4.99985   768
431.00  0.03751  0.03757  0.01033  0.80968  -230.83845  -232.75606  4.99985   768
432.00  0.03751  0.03757  0.01021  0.80968  -230.99257  -232.85371  4.99985   768
433.00  0.03753  0.03757  0.00982  0.80968  -231.53120  -233.37862  4.99985   768
434.00  0.03750  0.03757  0.00924  0.80968  -232.45283  -234.27125  4.99985   768
435.00  0.03751  0.03757  0.00876  0.80968  -233.17000  -235.01741  4.99985   768
436.00  0.03751  0.03757  0.00858  0.80968  -233.47670  -235.35768  4.99985   768
437.00  0.03751  0.03757  0.00874  0.80968  -233.26765  -235.15169  4.99985   768
438.00  0.03751  0.03757  0.00929  0.80968  -232.48640  -234.43300  4.99985   768
439.00  0.03752  0.03757  0.00989  0.80968  -231.52968  -233.45644  4.99985   768
440.00  0.03751  0.03757  0.01036  0.80968  -230.79420  -232.69960  4.99985   768
441.00  0.03751  0.03757  0.01049  0.80968  -230.54549  -232.41579  4.99985   768
442.00  0.03750  0.03757  0.01023  0.80968  -230.95290  -232.78352  4.99985   768
443.00  0.03749  0.03757  0.00961  0.80968  -231.82875  -233.65022  4.99985   768
444.00  0.03751  0.03757  0.00907  0.80968  -232.67103  -234.53065  4.99985   768
445.00  0.03752  0.03757  0.00878  0.80968  -233.15321  -235.02809  4.99985   768
446.00  0.03751  0.03757  0.00877  0.80968  -233.24629  -235.17610  4.99985   768
447.00  0.03751  0.03757  0.00916  0.80968  -232.67103  -234.62373  4.99985   768
448.00  0.03751  0.03757  0.00962  0.80968  -231.94014  -233.87300  4.99985   768
449.00  0.03751  0.03757  0.01020  0.80968  -231.05513  -232.98494  4.99985   768
450.00  0.03751  0.03757  0.01039  0.80968  -230.69960  -232.60652  4.99985   768
451.00  0.03752  0.03757  0.01025  0.80968  -230.95290  -232.80336  4.99985   768
452.00  0.03752  0.03757  0.00983  0.80968  -231.56325  -233.38777  4.99985   768
453.00  0.03750  0.03757  0.00922  0.80968  -232.46504  -234.28804  4.99985   768
454.00  0.03750  0.03757  0.00870  0.80968  -233.25239  -235.07997  4.99985   768
455.00  0.03751  0.03757  0.00851  0.80968  -233.59572  -235.45839  4.99985   768
456.00  0.03750  0.03757  0.00868  0.80968  -233.36684  -235.26613  4.99985   768
457.00  0.03750  0.03757  0.00913  0.80968  -232.71376  -234.64509  4.99985   768
458.00  0.03750  0.03757  0.00983  0.80968  -231.58156  -233.52052  4.99985   768
459.00  0.03749  0.03757  0.01017  0.80968  -231.07649  -232.96510  4.99985   768
460.00  0.03751  0.03757  0.01014  0.80968  -231.09633  -232.96663  4.99985   768
461.00  0.03750  0.03757  0.00982  0.80968  -231.56325  -233.43050  4.99985   768
462.00  0.03751  0.03757  0.00929  0.80968  -232.33687  -234.17665  4.99985   768
463.00  0.03750  0.03757  0.00873  0.80968  -233.21883  -235.07387  4.99985   768
464.00  0.03750  0.03757  0.00851  0.80968  -233.60792  -235.49806  4.99985   768
465.00  0.03751  0.03757  0.00861  0.80968  -233.48738  -235.39888  4.99985   768
466.00  0.03750  0.03757  0.00903  0.80968  -232.86787  -234.81752  4.99985   768
467.00  0.03751  0.03757  0.00968  0.80968  -231.91115  -233.86537  4.99985   768
468.00  0.03749  0.03757  0.01030  0.80968  -230.91780  -232.85066  4.99985   768
469.00  0.03749  0.03757  0.01039  0.80968  -230.72249  -232.60805  4.99985   768
470.00  0.03750  0.03757  0.01033  0.80968  -230.79878  -232.66908  4.99985   768
471.00  0.03751  0.03757  0.00987  0.80968  -231.43660  -233.23671  4.99985   768
472.00  0.03750  0.03757  0.00924  0.80968  -232.39638  -234.21175  4.99985   768
473.00  0.03751  0.03757  0.00884  0.80968  -233.05861  -234.89687  4.99985   768
474.00  0.03750  0.03757  0.00874  0.80968  -233.24171  -235.12270  4.99985   768
475.00  0.03751  0.03757  0.00902  0.80968  -232.86330  -234.79158  4.99985   768
476.00  0.03750  0.03757  0.00957  0.80968  -232.04390  -233.99049  4.99985   768
477.00  0.03750  0.03757  0.01017  0.80968  -231.10853  -233.04140  4.99985   768
478.00  0.03750  0.03757  0.01053  0.80968  -230.52870  -232.43715  4.99985   768
479.00  0.03751  0.03757  0.01049  0.80968  -230.54549  -232.42189  4.99985   768
480.00  0.03750  0.03757  0.01023  0.80968  -230.94527  -232.80794  4.99985   768
481.00  0.03751  0.03757  0.00958  0.80968  -231.88521  -233.72499  4.99985   768
482.00  0.03750  0.03757  0.00902  0.80968  -232.74123  -234.55507  4.99985   768
483.00  0.03749  0.03757  0.00872  0.80968  -233.31953  -235.21120  4.99985   768
484.00  0.03750  0.03757  0.00878  0.80968  -233.18526  -235.09523  4.99985   768
485.00  0.03749  0.03757  0.00919  0.80968  -232.62831  -234.58101  4.99985   768
486.00  0.03749  0.03757  0.00990  0.80968  -231.52357  -233.46101  4.99985   768
487.00  0.03750  0.03757  0.01032  0.80968  -230.84303  -232.74385  4.99985   768
488.00  0.03750  0.03757  0.01041  0.80968  -230.66450  -232.53938  4.99985   768
489.00  0.03749  0.03757  0.01027  0.80968  -230.85829  -232.69807  4.99985   768
490.00  0.03748  0.03757  0.00971  0.80968  -231.70363  -233.51594  4.99985   768
491.00  0.03749  0.03757  0.00909  0.80968  -232.66951  -234.49403  4.99985   768
492.00  0.03749  0.03757  0.00870  0.80968  -233.28291  -235.14253  4.99985   768
493.00  0.03748  0.03757  0.00851  0.80968  -233.59572  -235.47670  4.99985   768
494.00  0.03750  0.03757  0.00887  0.80968  -233.11507  -235.05861  4.99985   768
495.00  0.03748  0.03757  0.00949  0.80968  -232.17055  -234.13393  4.99985   768
496.00  0.03748  0.03757  0.01009  0.80968  -231.22908  -233.16804  4.99985   768
497.00  0.03750  0.03757  0.01040  0.80968  -230.70113  -232.62331  4.99985   768
498.00  0.03749  0.03757  0.01042  0.80968  -230.66450  -232.55006  4.99985   768
499.00  0.03750  0.03757  0.01009  0.80968  -231.13753  -232.96968  4.99985   768
500.00  0.03750  0.03757  0.00955  0.80968  -231.97371  -233.80586  4.99985   768
501.00  0.03748  0.03757  0.00901  0.80968  -232.82362  -234.66188  4.99985   768
502.00  0.03750  0.03757  0.00871  0.80968  -233.25850  -235.10591  4.99985   768
503.00  0.03749  0.03757  0.00875  0.80968  -233.26613  -235.16084  4.99985   768
504.00  0.03748  0.03757  0.00929  0.80968  -232.45741  -234.38570  4.99985   768
505.00  0.03749  0.03757  0.00995  0.80968  -231.46406  -233.39387  4.99985   768
506.00  0.03750  0.03757  0.01045  0.80968  -230.63399  -232.54396  4.99985   768
507.00  0.03750  0.03757  0.01053  0.80968  -230.49055  -232.36543  4.99985   768
508.00  0.03750  0.03757  0.01023  0.80968  -230.91322  -232.74843  4.99985   768
509.00  0.03749  0.03757  0.00971  0.80968  -231.71736  -233.55562  4.99985   768
510.00  0.03750  0.03757  0.00914  0.80968  -232.60237  -234.43605  4.99985   768
511.00  0.03749  0.03757  0.00863  0.80968  -233.38972  -235.24477  4.99985   768
512.00  0.03749  0.03757  0.00853  0.80968  -233.59267  -235.49806  4.99985   768
513.00  0.03750  0.03757  0.00889  0.80968  -233.05708  -235.00368  4.99985   768
514.00  0.03749  0.03757  0.00949  0.80968  -232.16292  -234.12019  4.99985   768
515.00  0.03749  0.03757  0.01002  0.80968  -231.34657  -233.29317  4.99985   768
516.00  0.03749  0.03757  0.01034  0.80968  -230.82320  -232.73927  4.99985   768
517.00  0.03750  0.03757  0.01033  0.80968  -230.76521  -232.61262  4.99985   768
518.00  0.03749  0.03757  0.00993  0.80968  -231.41218  -233.25655  4.99985   768
519.00  0.03750  0.03757  0.00940  0.80968  -232.11714  -233.92641  4.99985   768
520.00  0.03749  0.03757  0.00887  0.80968  -233.00215  -234.83278  4.99985   768
521.00  0.03750  0.03757  0.00850  0.80968  -233.58961  -235.44618  4.99985   768
522.00  0.03750  0.03757  0.00865  0.80968  -233.41872  -235.32106  4.99985   768
523.00  0.03750  0.03757  0.00905  0.80968  -232.82973  -234.74885  4.99985   768
524.00  0.03750  0.03757  0.00977  0.80968  -231.69905  -233.65785  4.99985   768
525.00  0.03749  0.03757  0.01029  0.80968  -230.90254  -232.83845  4.99985   768
526.00  0.03750  0.03757  0.01046  0.80968  -230.58516  -232.46614  4.99985   768
527.00  0.03749  0.03757  0.01021  0.80968  -230.96510  -232.82930  4.99985   768
528.00  0.03749  0.03757  0.00965  0.80968  -231.77382  -233.61513  4.99985   768
529.00  0.03749  0.03757  0.00909  0.80968  -232.66341  -234.50777  4.99985   768
530.00  0.03749  0.03757  0.00850  0.80968  -233.58961  -235.44771  4.99985   768
531.00  0.03748  0.03757  0.00844  0.80968  -233.70711  -235.59114  4.99985   768
532.00  0.03749  0.03757  0.00878  0.80968  -233.20509  -235.13032  4.99985   768
533.00  0.03749  0.03757  0.00928  0.80968  -232.45131  -234.39943  4.99985   768
534.00  0.03748  0.03757  0.00991  0.80968  -231.46406  -233.40913  4.99985   768
535.00  0.03749  0.03757  0.01028  0.80968  -230.92085  -232.81557  4.99985   768
536.00  0.03748  0.03757  0.01029  0.80968  -230.86745  -232.74538  4.99985   768
537.00  0.03748  0.03757  0.00997  0.80968  -231.30080  -233.11922  4.99985   768
538.00  0.03749  0.03757  0.00939  0.80968  -232.18275  -234.00423  4.99985   768
539.00  0.03748  0.03757  0.00878  0.80968  -233.10286  -234.91212  4.99985   768
540.00  0.03750  0.03757  0.00852  0.80968  -233.56367  -235.42635  4.99985   768
541.00  0.03750  0.03757  0.00868  0.80968  -233.39888  -235.30275  4.99985   768
542.00  0.03748  0.03757  0.00908  0.80968  -232.75648  -234.67561  4.99985   768
543.00  0.03749  0.03757  0.00972  0.80968  -231.82265  -233.79518  4.99985   768
544.00  0.03749  0.03757  0.01022  0.80968  -231.02461  -232.93916  4.99985   768
545.00  0.03749  0.03757  0.01038  0.80968  -230.73622  -232.63704  4.99985   768
546.00  0.03748  0.03757  0.01018  0.80968  -231.02003  -232.89186  4.99985   768
547.00  0.03748  0.03757  0.00972  0.80968  -231.71736  -233.55104  4.99985   768
548.00  0.03747  0.03757  0.00914  0.80968  -232.59474  -234.44978  4.99985   768
549.00  0.03749  0.03757  0.00869  0.80968  -233.31190  -235.16695  4.99985   768
550.00  0.03749  0.03757  0.00869  0.80968  -233.35463  -235.24782  4.99985   768
551.00  0.03750  0.03757  0.00892  0.80968  -232.98842  -234.91365  4.99985   768
552.00  0.03749  0.03757  0.00956  0.80968  -232.07289  -234.03017  4.99985   768
553.00  0.03747  0.03757  0.01006  0.80968  -231.27180  -233.17873  4.99985   768
554.00  0.03748  0.03757  0.01036  0.80968  -230.74995  -232.64314  4.99985   768
555.00  0.03746  0.03757  0.01030  0.80968  -230.82320  -232.67366  4.99985   768
556.00  0.03748  0.03757  0.00994  0.80968  -231.38472  -233.22755  4.99985   768
557.00  0.03749  0.03757  0.00940  0.80968  -232.14766  -233.95082  4.99985   768
558.00  0.03748  0.03757  0.00879  0.80968  -233.11201  -234.95332  4.99985   768
559.00  0.03748  0.03757  0.00866  0.80968  -233.36226  -235.24934  4.99985   768
560.00  0.03749  0.03757  0.00875  0.80968  -233.24934  -235.15474  4.99985   768
561.00  0.03748  0.03757  0.00924  0.80968  -232.56422  -234.51387  4.99985   768
562.00  0.03749  0.03757  0.00988  0.80968  -231.54951  -233.50526  4.99985   768
563.00  0.03748  0.03757  0.01032  0.80968  -230.87355  -232.78352  4.99985   768
564.00  0.03747  0.03757  0.01039  0.80968  -230.73164  -232.63093  4.99985   768
565.00  0.03748  0.03757  0.01017  0.80968  -231.01698  -232.88728  4.99985   768
566.00  0.03748  0.03757  0.00961  0.80968  -231.84248  -233.68989  4.99985   768
567.00  0.03747  0.03757  0.00901  0.80968  -232.77632  -234.61305  4.99985   768
568.00  0.03749  0.03757  0.00870  0.80968  -233.28596  -235.14253  4.99985   768
569.00  0.03747  0.03757  0.00864  0.80968  -233.39735  -235.27376  4.99985   768
570.00  0.03748  0.03757  0.00897  0.80968  -232.97163  -234.89992  4.99985   768
571.00  0.03748  0.03757  0.00951  0.80968  -232.11867  -234.03932  4.99985   768
572.00  0.03747  0.03757  0.01010  0.80968  -231.22908  -233.13905  4.99985   768
573.00  0.03746  0.03757  0.01038  0.80968  -230.76674  -232.65535  4.99985   768
574.00  0.03748  0.03757  0.01036  0.80968  -230.74232  -232.60957  4.99985   768
575.00  0.03749  0.03757  0.00997  0.80968  -231.32674  -233.14973  4.99985   768
576.00  0.03747  0.03757  0.00935  0.80968  -232.23616  -234.07289  4.99985   768
577.00  0.03748  0.03757  0.00879  0.80968  -233.12117  -234.97774  4.99985   768
578.00  0.03748  0.03757  0.00850  0.80968  -233.60640  -235.47365  4.99985   768
579.00  0.03747  0.03757  0.00872  0.80968  -233.30885  -235.22798  4.99985   768
580.00  0.03748  0.03757  0.00927  0.80968  -232.52150  -234.49556  4.99985   768
581.00  0.03748  0.03757  0.00991  0.80968  -231.50221  -233.44270  4.99985   768
582.00  0.03749  0.03757  0.01036  0.80968  -230.79115  -232.72096  4.99985   768
583.00  0.03748  0.03757  0.01044  0.80968  -230.59737  -232.46461  4.99985   768
584.00  0.03748  0.03757  0.01020  0.80968  -230.95290  -232.81709  4.99985   768
585.00  0.03747  0.03757  0.00964  0.80968  -231.81349  -233.62581  4.99985   768
586.00  0.03747  0.03757  0.00915  0.80968  -232.57796  -234.41774  4.99985   768
587.00  0.03747  0.03757  0.00871  0.80968  -233.26002  -235.09981  4.99985   768
588.00  0.03748  0.03757  0.00860  0.80968  -233.46449  -235.35310  4.99985   768
589.00  0.03748  0.03757  0.00896  0.80968  -232.91212  -234.81905  4.99985   768
590.00  0.03747  0.03757  0.00953  0.80968  -232.07594  -234.00117  4.99985   768
591.00  0.03749  0.03757  0.01014  0.80968  -231.15736  -233.08565  4.99985   768
592.00  0.03748  0.03757  0.01044  0.80968  -230.64009  -232.52412  4.99985   768
593.00  0.03748  0.03757  0.01036  0.80968  -230.72554  -232.59279  4.99985   768
594.00  0.03748  0.03757  0.00994  0.80968  -231.37862  -233.24129  4.99985   768
595.00  0.03748  0.03757  0.00920  0.80968  -232.46504  -234.29109  4.99985   768
596.00  0.03748  0.03757  0.00874  0.80968  -233.20967  -235.06929  4.99985   768
597.00  0.03748  0.03757  0.00858  0.80968  -233.51332  -235.40041  4.99985   768
598.00  0.03748  0.03757  0.00877  0.80968  -233.25392  -235.16695  4.99985   768
599.00  0.03747  0.03757  0.00917  0.80968  -232.61763  -234.55354  4.99985   768
600.00  0.03747  0.03757  0.00976  0.80968  -231.78603  -233.73415  4.99985   768
601.00  0.03747  0.03757  0.01032  0.80968  -230.86439  -232.76979  4.99985   768
602.00  0.03747  0.03757  0.01042  0.80968  -230.63704  -232.51955  4.99985   768
603.00  0.03746  0.03757  0.01024  0.80968  -230.90407  -232.73469  4.99985   768
604.00  0.03747  0.03757  0.00974  0.80968  -231.63496  -233.44575  4.99985   768
605.00  0.03748  0.03757  0.00914  0.80968  -232.60390  -234.43605  4.99985   768
606.00  0.03749  0.03757  0.00885  0.80968  -233.06776  -234.92738  4.99985   768
607.00  0.03748  0.03757  0.00896  0.80968  -232.94874  -234.84193  4.99985   768
608.00  0.03748  0.03757  0.00931  0.80968  -232.38570  -234.28194  4.99985   768
609.00  0.03748  0.03757  0.00993  0.80968  -231.51137  -233.47780  4.99985   768
610.00  0.03748  0.03757  0.01051  0.80968  -230.56990  -232.50734  4.99985   768
611.00  0.03747  0.03757  0.01071  0.80968  -230.19453  -232.10603  4.99985   768
612.00  0.03747  0.03757  0.01068  0.80968  -230.27846  -232.16249  4.99985   768
613.00  0.03747  0.03757  0.01030  0.80968  -230.78963  -232.65077  4.99985   768
614.00  0.03747  0.03757  0.00984  0.80968  -231.54494  -233.40913  4.99985   768
615.00  0.03747  0.03757  0.00932  0.80968  -232.29109  -234.15529  4.99985   768
616.00  0.03748  0.03757  0.00917  0.80968  -232.58406  -234.45894  4.99985   768
617.00  0.03746  0.03757  0.00941  0.80968  -232.31703  -234.24531  4.99985   768
618.00  0.03747  0.03757  0.00994  0.80968  -231.48848  -233.43660  4.99985   768
619.00  0.03747  0.03757  0.01053  0.80968  -230.55922  -232.48140  4.99985   768
620.00  0.03747  0.03757  0.01097  0.80968  -229.85579  -231.78102  4.99985   768
621.00  0.03747  0.03757  0.01098  0.80968  -229.78560  -231.65590  4.99985   768
622.00  0.03748  0.03757  0.01077  0.80968  -230.10145  -231.95497  4.99985   768
623.00  0.03747  0.03757  0.01019  0.80968  -230.96052  -232.78200  4.99985   768
624.00  0.03747  0.03757  0.00963  0.80968  -231.81654  -233.64870  4.99985   768
625.00  0.03745  0.03757  0.00934  0.80968  -232.26515  -234.11409  4.99985   768
626.00  0.03747  0.03757  0.00942  0.80968  -232.24837  -234.16597  4.99985   768
627.00  0.03746  0.03757  0.00984  0.80968  -231.61207  -233.56020  4.99985   768
628.00  0.03746  0.03757  0.01058  0.80968  -230.50581  -232.47987  4.99985   768
629.00  0.03746  0.03757  0.01115  0.80968  -229.57808  -231.52162  4.99985   768
630.00  0.03747  0.03757  0.01141  0.80968  -229.15388  -231.06233  4.99985   768
631.00  0.03747  0.03757  0.01145  0.80968  -229.08369  -230.96315  4.99985   768
632.00  0.03746  0.03757  0.01097  0.80968  -229.78255  -231.62691  4.99985   768
633.00  0.03746  0.03757  0.01059  0.80968  -230.33034  -232.17775  4.99985   768
634.00  0.03745  0.03757  0.01017  0.80968  -231.04750  -232.90712  4.99985   768
635.00  0.03747  0.03757  0.01019  0.80968  -231.04903  -232.91933  4.99985   768
636.00  0.03747  0.03757  0.01045  0.80968  -230.62178  -232.52565  4.99985   768
637.00  0.03746  0.03757  0.01107  0.80968  -229.74440  -231.69099  4.99985   768
638.00  0.03747  0.03757  0.01181  0.80968  -228.58626  -230.53285  4.99985   768
639.00  0.03747  0.03757  0.01222  0.80968  -227.90724  -229.79433  4.99985   768
640.00  0.03746  0.03757  0.01236  0.80968  -227.68904  -229.58375  4.99985   768
641.00  0.03747  0.03757  0.01209  0.80968  -228.01100  -229.86909  4.99985   768
642.00  0.03747  0.03757  0.01152  0.80968  -228.93263  -230.74953  4.99985   768
643.00  0.03748  0.03757  0.01097  0.80968  -229.80696  -231.62385  4.99985   768
644.00  0.03747  0.03757  0.01068  0.80968  -230.28151  -232.17012  4.99985   768
645.00  0.03745  0.03757  0.01068  0.80968  -230.25557  -232.17317  4.99985   768
646.00  0.03747  0.03757  0.01110  0.80968  -229.68336  -231.62080  4.99985   768
647.00  0.03747  0.03757  0.01164  0.80968  -228.84871  -230.78462  4.99985   768
648.00  0.03745  0.03757  0.01203  0.80968  -228.24293  -230.15901  4.99985   768
649.00  0.03747  0.03757  0.01223  0.80968  -227.91334  -229.80348  4.99985   768
650.00  0.03745  0.03757  0.01215  0.80968  -227.99422  -229.85383  4.99985   768
651.00  0.03747  0.03757  0.01166  0.80968  -228.73884  -230.57710  4.99985   768
652.00  0.03745  0.03757  0.01100  0.80968  -229.70625  -231.51247  4.99985   768
653.00  0.03746  0.03757  0.01054  0.80968  -230.44325  -232.28761  4.99985   768
654.00  0.03746  0.03757  0.01027  0.80968  -230.90407  -232.77132  4.99985   768
655.00  0.03745  0.03757  0.01047  0.80968  -230.62941  -232.52260  4.99985   768
656.00  0.03745  0.03757  0.01090  0.80968  -229.95802  -231.89546  4.99985   768
657.00  0.03746  0.03757  0.01142  0.80968  -229.18440  -231.12642  4.99985   768
658.00  0.03745  0.03757  0.01179  0.80968  -228.59083  -230.50081  4.99985   768
659.00  0.03746  0.03757  0.01182  0.80968  -228.56795  -230.43977  4.99985   768
660.00  0.03744  0.03757  0.01144  0.80968  -229.02571  -230.87312  4.99985   768
661.00  0.03745  0.03757  0.01075  0.80968  -230.07551  -231.90004  4.99985   768
662.00  0.03746  0.03757  0.01007  0.80968  -231.14210  -232.97731  4.99985   768
663.00  0.03746  0.03757  0.00957  0.80968  -231.94777  -233.80891  4.99985   768
664.00  0.03745  0.03757  0.00950  0.80968  -232.10799  -233.99965  4.99985   768
665.00  0.03746  0.03757  0.00971  0.80968  -231.78145  -233.72194  4.99985   768
666.00  0.03744  0.03757  0.01014  0.80968  -231.18330  -233.09938  4.99985   768
667.00  0.03745  0.03757  0.01035  0.80968  -230.84914  -232.74843  4.99985   768
668.00  0.03745  0.03757  0.01023  0.80968  -230.96052  -232.82625  4.99985   768
669.00  0.03745  0.03757  0.00975  0.80968  -231.63801  -233.45033  4.99985   768
670.00  0.03745  0.03757  0.00901  0.80968  -232.73970  -234.54439  4.99985   768
671.00  0.03746  0.03757  0.00836  0.80968  -233.75899  -235.57893  4.99985   768
672.00  0.03746  0.03757  0.00761  0.80968  -234.89424  -236.70198  4.99985   768
673.00  0.03745  0.03757  0.00730  0.80968  -235.43440  -237.30928  4.99985   768
674.00  0.03746  0.03757  0.00726  0.80968  -235.51070  -237.38863  4.99985   768
675.00  0.03745  0.03757  0.00738  0.80968  -235.34743  -237.23756  4.99985   768
676.00  0.03745  0.03757  0.00771  0.80968  -234.89271  -236.80269  4.99985   768
677.00  0.03746  0.03757  0.00775  0.80968  -234.74623  -236.62874  4.99985   768
678.00  0.03747  0.03757  0.00746  0.80968  -235.17500  -237.03462  4.99985   768
679.00  0.03746  0.03757  0.00686  0.80968  -236.06459  -237.88301  4.99985   768
680.00  0.03745  0.03757  0.00595  0.80968  -237.44398  -239.26240  4.99985   768
681.00  0.03745  0.03757  0.00502  0.80968  -238.91951  -240.73793  4.99985   768
682.00  0.03746  0.03757  0.00469  0.80968  -239.46883  -241.34828  4.99985   768
683.00  0.03745  0.03757  0.00470  0.80968  -239.49324  -241.37727  4.99985   768
684.00  0.03746  0.03757  0.00493  0.80968  -239.16060  -241.07667  4.99985   768
685.00  0.03745  0.03757  0.00547  0.80968  -238.28017  -240.20845  4.99985   768
686.00  0.03746  0.03757  0.00565  0.80968  -238.02229  -239.89870  4.99985   768
687.00  0.03745  0.03757  0.00569  0.80968  -237.94752  -239.81172  4.99985   768
688.00  0.03747  0.03757  0.00551  0.80968  -238.15047  -240.01619  4.99985   768
689.00  0.03746  0.03757  0.00503  0.80968  -238.89815  -240.72420  4.99985   768
690.00  0.03747  0.03757  0.00447  0.80968  -239.76942  -241.60615  4.99985   768
691.00  0.03746  0.03757  0.00445  0.80968  -239.85182  -241.74196  4.99985   768
692.00  0.03745  0.03757  0.00459  0.80968  -239.58174  -241.47646  4.99985   768
693.00  0.03746  0.03757  0.00442  0.80968  -239.87471  -241.76942  4.99985   768
694.00  0.03747  0.03757  0.00733  0.80968  -236.05849  -238.52693  4.99985   768
695.00  0.03746  0.03757  0.01182  0.80968  -228.35585  -230.18190  4.99985   768
696.00  0.03746  0.03757  0.00828  0.80968  -233.94820  -235.75136  4.99985   768
697.00  0.03747  0.03757  0.01300  0.80968  -227.36403  -229.89656  4.99985   768
698.00  0.03748  0.03757  0.01146  0.80968  -228.30397  -229.52577  4.99985   768
699.00  0.03747  0.03757  0.00914  0.80968  -233.00215  -235.14406  4.99985   768
700.00  0.03746  0.03757  0.01357  0.80968  -225.98921  -228.10823  4.99985   768
701.00  0.03748  0.03757  0.00844  0.80968  -233.11964  -234.40401  4.99985   768
702.00  0.03747  0.03757  0.01101  0.80968  -230.39748  -232.85676  4.99985   768
703.00  0.03747  0.03757  0.01323  0.80968  -226.09144  -227.79237  4.99985   768
704.00  0.03746  0.03757  0.00934  0.80968  -232.34755  -234.13240  4.99985   768
705.00  0.03747  0.03757  0.01428  0.80968  -225.17897  -227.50398  4.99985   768
706.00  0.03747  0.03757  0.01245  0.80968  -226.98714  -228.37678  4.99985   768
707.00  0.03747  0.03757  0.01102  0.80968  -230.10451  -232.25557  4.99985   768
708.00  0.03745  0.03757  0.01397  0.80968  -225.16676  -227.05385  4.99985   768
709.00  0.03747  0.03757  0.00980  0.80968  -231.18635  -232.64619  4.99985   768
710.00  0.03746  0.03757  0.01106  0.80968  -230.13197  -232.41579  4.99985   768
711.00  0.03746  0.03757  0.01188  0.80968  -228.15291  -229.83858  4.99985   768
712.00  0.03746  0.03757  0.00937  0.80968  -232.27125  -234.09730  4.99985   768
713.00  0.03745  0.03757  0.01291  0.80968  -227.20534  -229.47237  4.99985   768
714.00  0.03745  0.03757  0.01210  0.80968  -227.79433  -229.43880  4.99985   768
715.00  0.03747  0.03757  0.01147  0.80968  -229.29732  -231.34920  4.99985   768
716.00  0.03747  0.03757  0.01398  0.80968  -225.24916  -227.21254  4.99985   768
717.00  0.03746  0.03757  0.01130  0.80968  -229.01808  -230.60762  4.99985   768
718.00  0.03745  0.03757  0.01157  0.80968  -229.13100  -231.21034  4.99985   768
719.00  0.03747  0.03757  0.01195  0.80968  -228.10255  -229.78975  4.99985   768
720.00  0.03747  0.03757  0.00970  0.80968  -231.71278  -233.49458  4.99985   768
721.00  0.03745  0.03757  0.01168  0.80968  -228.97688  -231.11116  4.99985   768
722.00  0.03746  0.03757  0.01156  0.80968  -228.71290  -230.41841  4.99985   768
723.00  0.03747  0.03757  0.01133  0.80968  -229.43007  -231.45601  4.99985   768
724.00  0.03747  0.03757  0.01347  0.80968  -226.08992  -228.09450  3.42245   768
725.00  0.03746  0.03757  0.01204  0.80968  -228.01710  -229.71345  2.57309   768
726.00  0.03745  0.03757  0.01230  0.80968  -227.97133  -229.98201  2.57309   768
727.00  0.03745  0.03757  0.01252  0.80968  -227.30757  -229.07716  2.57309   768
728.00  0.03746  0.03757  0.01037  0.80968  -230.63399  -232.39442  2.57309   768
729.00  0.03746  0.03757  0.01118  0.80968  -229.60097  -231.61165  2.57309   768
730.00  0.03747  0.03757  0.01074  0.80968  -230.04347  -231.80543  2.57309   768
731.00  0.03746  0.03757  0.01043  0.80968  -230.78657  -232.77284  2.57309   768
732.00  0.03746  0.03757  0.01218  0.80968  -228.08729  -230.10560  2.57309   768
733.00  0.03745  0.03757  0.01169  0.80968  -228.63203  -230.43519  2.57309   768
734.00  0.03745  0.03757  0.01213  0.80968  -228.15901  -230.18190  2.57309   768
735.00  0.03745  0.03757  0.01271  0.80968  -227.06496  -228.90932  2.01636   768
736.00  0.03747  0.03757  0.01134  0.80968  -229.17067  -230.92958  1.64520   768
737.00  0.03746  0.03757  0.01165  0.80968  -228.83803  -230.76326  1.64520   768
738.00  0.03747  0.03757  0.01095  0.80968  -229.69099  -231.41176  1.64520   768
739.00  0.03747  0.03757  0.01010  0.80968  -231.21382  -233.11159  1.64520   768
740.00  0.03747  0.03757  0.01119  0.80968  -229.59334  -231.53383  1.64520   768
741.00  0.03746  0.03757  0.01087  0.80968  -229.86037  -231.70320  1.64520   768
742.00  0.03745  0.03757  0.01151  0.80968  -229.10200  -231.10811  1.64520   768
743.00  0.03745  0.03757  0.01262  0.80968  -227.28163  -229.20534  1.64520   768
744.00  0.03746  0.03757  0.01191  0.80968  -228.34517  -230.17580  1.64520   768
745.00  0.03747  0.03757  0.01205  0.80968  -228.19563  -230.11018  1.64520   768
746.00  0.03746  0.03757  0.01137  0.80968  -229.05623  -230.83650  1.65042   768
747.00  0.03747  0.03757  0.01056  0.80968  -230.44630  -232.32576  1.65680   768
748.00  0.03747  0.03757  0.01112  0.80968  -229.68031  -231.62385  1.65680   768
749.00  0.03747  0.03757  0.01066  0.80968  -230.22505  -232.04500  1.65680   768
750.00  0.03748  0.03757  0.01095  0.80968  -229.96870  -231.94887  1.65680   768
751.00  0.03746  0.03757  0.01175  0.80968  -228.63966  -230.53133  1.65680   768
752.00  0.03747  0.03757  0.01163  0.80968  -228.82735  -230.71290  1.65680   768
753.00  0.03746  0.03757  0.01234  0.80968  -227.79127  -229.74245  1.65680   768
754.00  0.03746  0.03757  0.01233  0.80968  -227.65394  -229.46626  1.65680   768
755.00  0.03746  0.03757  0.01138  0.80968  -229.13863  -230.94942  1.65680   768
756.00  0.03746  0.03757  0.01112  0.80968  -229.54298  -231.37056  1.65680   768
757.00  0.03747  0.03757  0.01034  0.80968  -230.70570  -232.49666  1.75165   768
758.00  0.03747  0.03757  0.01024  0.80968  -231.02766  -232.97121  1.89392   768
759.00  0.03746  0.03757  0.01090  0.80968  -229.89546  -231.80696  1.89392   768
760.00  0.03746  0.03757  0.01101  0.80968  -229.79780  -231.72304  1.89392   768
761.00  0.03748  0.03757  0.01175  0.80968  -228.71901  -230.69612  1.89392   768
762.00  0.03747  0.03757  0.01218  0.80968  -227.96980  -229.85994  1.89392   768
763.00  0.03747  0.03757  0.01194  0.80968  -228.30244  -230.19105  1.89392   768
764.00  0.03747  0.03757  0.01185  0.80968  -228.43825  -230.30550  1.89392   768
765.00  0.03746  0.03757  0.01103  0.80968  -229.65742  -231.45143  1.89392   768
766.00  0.03746  0.03757  0.01047  0.80968  -230.62636  -232.50276  1.89392   768
767.00  0.03748  0.03757  0.01046  0.80968  -230.56227  -232.44630  1.89392   768
768.00  0.03747  0.03757  0.01026  0.80968  -230.87050  -232.74538  1.81003   768
769.00  0.03746  0.03757  0.01070  0.80968  -230.29066  -232.23421  1.47446   768
770.00  0.03746  0.03757  0.01127  0.80968  -229.43465  -231.34462  1.47446   768
771.00  0.03747  0.03757  0.01178  0.80968  -228.64882  -230.59083  1.47446   768
772.00  0.03746  0.03757  0.01221  0.80968  -227.92250  -229.81569  1.47446   768
773.00  0.03746  0.03757  0.01200  0.80968  -228.18800  -230.01405  1.47446   768
774.00  0.03747  0.03757  0.01146  0.80968  -229.05318  -230.86702  1.47446   768
775.00  0.03747  0.03757  0.01089  0.80968  -229.88020  -231.69862  1.47446   768
776.00  0.03747  0.03757  0.01011  0.80968  -231.07344  -232.90407  1.47446   768
777.00  0.03747  0.03757  0.01025  0.80968  -230.99715  -232.93153  1.47446   768
778.00  0.03748  0.03757  0.01065  0.80968  -230.33949  -232.27540  1.47446   768
779.00  0.03747  0.03757  0.01098  0.80968  -229.87257  -231.81612  1.47742   768
780.00  0.03747  0.03757  0.01178  0.80968  -228.65950  -230.61372  1.48926   768
781.00  0.03747  0.03757  0.01214  0.80968  -228.04457  -229.95607  1.48926   768
782.00  0.03746  0.03757  0.01210  0.80968  -228.07661  -229.98811  1.48926   768
783.00  0.03747  0.03757  0.01196  0.80968  -228.26277  -230.10408  1.48926   768
784.00  0.03745  0.03757  0.01125  0.80968  -229.32631  -231.13710  1.48926   768
785.00  0.03747  0.03757  0.01073  0.80968  -230.15486  -231.99007  1.48926   768
786.00  0.03746  0.03757  0.01039  0.80968  -230.65993  -232.49971  1.48926   768
787.00  0.03746  0.03757  0.01023  0.80968  -230.96663  -232.84761  1.48926   768
788.00  0.03747  0.03757  0.01075  0.80968  -230.22658  -232.16096  1.48926   768
789.00  0.03746  0.03757  0.01134  0.80968  -229.31258  -231.22713  1.48926   768
790.00  0.03746  0.03757  0.01203  0.80968  -228.28108  -230.23378  1.48926   768
791.00  0.03746  0.03757  0.01237  0.80968  -227.68446  -229.55629  1.64610   768
792.00  0.03746  0.03757  0.01199  0.80968  -228.17580  -230.01710  1.65436   768
793.00  0.03747  0.03757  0.01141  0.80968  -229.07606  -230.92042  1.65436   768
794.00  0.03746  0.03757  0.01078  0.80968  -230.02211  -231.84816  1.65436   768
795.00  0.03748  0.03757  0.01028  0.80968  -230.87660  -232.74080  1.65436   768
796.00  0.03746  0.03757  0.01023  0.80968  -230.96052  -232.85676  1.65436   768
797.00  0.03747  0.03757  0.01038  0.80968  -230.76674  -232.67671  1.65436   768
798.00  0.03746  0.03757  0.01087  0.80968  -230.07094  -232.02058  1.65436   768
799.00  0.03745  0.03757  0.01146  0.80968  -229.12642  -231.05470  1.65436   768
800.00  0.03747  0.03757  0.01192  0.80968  -228.41078  -230.34822  1.65436   768
801.00  0.03744  0.03757  0.01221  0.80968  -227.94539  -229.85231  1.65436   768
802.00  0.03747  0.03757  0.01200  0.80968  -228.18495  -230.00185  1.65985   768
803.00  0.03746  0.03757  0.01125  0.80968  -229.32478  -231.12642  1.65985   768
804.00  0.03747  0.03757  0.01064  0.80968  -230.24794  -232.06331  1.65985   768
805.00  0.03747  0.03757  0.01013  0.80968  -231.08259  -232.91475  1.65985   768
806.00  0.03746  0.03757  0.01018  0.80968  -231.07344  -232.96663  1.65985   768
807.00  0.03746  0.03757  0.01079  0.80968  -230.15791  -232.10298  1.65985   768
808.00  0.03746  0.03757  0.01145  0.80968  -229.17982  -231.10811  1.65985   768
809.00  0.03747  0.03757  0.01213  0.80968  -228.05678  -229.99116  1.65985   768
810.00  0.03745  0.03757  0.01245  0.80968  -227.60512  -229.50746  1.65985   768
811.00  0.03746  0.03757  0.01214  0.80968  -227.97743  -229.82027  1.65985   768
812.00  0.03747  0.03757  0.01164  0.80968  -228.73732  -230.59389  1.65985   768
813.00  0.03745  0.03757  0.01100  0.80968  -229.73830  -231.56435  1.64597   768
814.00  0.03747  0.03757  0.01054  0.80968  -230.47072  -232.33949  1.64352   768
815.00  0.03746  0.03757  0.01047  0.80968  -230.63856  -232.51497  1.64352   768
816.00  0.03746  0.03757  0.01052  0.80968  -230.56074  -232.45698  1.64352   768
817.00  0.03746  0.03757  0.01099  0.80968  -229.89088  -231.86037  1.64352   768
818.00  0.03746  0.03757  0.01154  0.80968  -228.98756  -230.91279  1.64352   768
819.00  0.03746  0.03757  0.01203  0.80968  -228.23988  -230.16206  1.64352   768
820.00  0.03746  0.03757  0.01220  0.80968  -227.94539  -229.80653  1.64352   768
821.00  0.03745  0.03757  0.01191  0.80968  -228.33906  -230.16817  1.64352   768
822.00  0.03747  0.03757  0.01120  0.80968  -229.39497  -231.19356  1.64352   768
823.00  0.03746  0.03757  0.01061  0.80968  -230.33491  -232.14265  1.64352   768
824.00  0.03747  0.03757  0.01016  0.80968  -231.04140  -232.90102  1.65256   768
825.00  0.03746  0.03757  0.01023  0.80968  -231.00478  -232.89796  1.65482   768
826.00  0.03747  0.03757  0.01069  0.80968  -230.29066  -232.22353  1.65482   768
827.00  0.03746  0.03757  0.01120  0.80968  -229.52162  -231.45448  1.65482   768
828.00  0.03746  0.03757  0.01160  0.80968  -228.91432  -230.82582  1.65482   768
829.00  0.03747  0.03757  0.01168  0.80968  -228.73884  -230.64729  1.65482   768
830.00  0.03745  0.03757  0.01169  0.80968  -228.74037  -230.63966  1.65482   768
831.00  0.03745  0.03757  0.01129  0.80968  -229.30037  -231.14320  1.65482   768
832.00  0.03747  0.03757  0.01073  0.80968  -230.11671  -231.93361  1.65482   768
833.00  0.03745  0.03757  0.01028  0.80968  -230.88576  -232.74690  1.65482   768
834.00  0.03747  0.03757  0.01023  0.80968  -231.01240  -232.91170  1.65482   768
835.00  0.03745  0.03757  0.01055  0.80968  -230.54854  -232.47377  1.53808   768
836.00  0.03747  0.03757  0.01128  0.80968  -229.41786  -231.37666  1.47522   768
837.00  0.03745  0.03757  0.01187  0.80968  -228.43062  -230.33449  1.47522   768
838.00  0.03746  0.03757  0.01191  0.80968  -228.38484  -230.26735  1.47522   768
839.00  0.03745  0.03757  0.01182  0.80968  -228.50691  -230.35585  1.47522   768
840.00  0.03746  0.03757  0.01148  0.80968  -229.00587  -230.84566  1.47522   768
841.00  0.03745  0.03757  0.01105  0.80968  -229.65590  -231.51247  1.47522   768
842.00  0.03746  0.03757  0.01071  0.80968  -230.20369  -232.03432  1.47522   768
843.00  0.03747  0.03757  0.01041  0.80968  -230.65230  -232.51649  1.47522   768
844.00  0.03746  0.03757  0.01031  0.80968  -230.81709  -232.72859  1.47522   768
845.00  0.03746  0.03757  0.01068  0.80968  -230.33949  -232.27235  1.47522   768
846.00  0.03745  0.03757  0.01128  0.80968  -229.45601  -231.42396  1.72278   768
847.00  0.03745  0.03757  0.01184  0.80968  -228.52064  -230.43672  1.88782   768
848.00  0.03745  0.03757  0.01221  0.80968  -227.96828  -229.88588  1.88782   768
849.00  0.03747  0.03757  0.01202  0.80968  -228.15901  -230.01405  1.88782   768
850.00  0.03745  0.03757  0.01131  0.80968  -229.27595  -231.08369  1.88782   768
851.00  0.03746  0.03757  0.01060  0.80968  -230.35475  -232.17012  1.88782   768
852.00  0.03745  0.03757  0.01020  0.80968  -231.01240  -232.85219  1.88782   768
853.00  0.03746  0.03757  0.01019  0.80968  -231.02461  -232.91322  1.88782   768
854.00  0.03745  0.03757  0.01046  0.80968  -230.67824  -232.59279  1.88782   768
855.00  0.03746  0.03757  0.01105  0.80968  -229.74898  -231.67726  1.88782   768
856.00  0.03744  0.03757  0.01152  0.80968  -228.97993  -230.89143  1.88782   768
857.00  0.03745  0.03757  0.01173  0.80968  -228.69002  -230.58626  1.70153   768
858.00  0.03745  0.03757  0.01178  0.80968  -228.54201  -230.39705  1.47385   768
859.00  0.03746  0.03757  0.01145  0.80968  -229.07454  -230.93263  1.47385   768
860.00  0.03747  0.03757  0.01093  0.80968  -229.82832  -231.68947  1.47385   768
861.00  0.03746  0.03757  0.01039  0.80968  -230.67366  -232.51497  1.47385   768
862.00  0.03747  0.03757  0.01006  0.80968  -231.20467  -233.07802  1.47385   768
863.00  0.03745  0.03757  0.01004  0.80968  -231.26417  -233.18483  1.47385   768
864.00  0.03745  0.03757  0.01063  0.80968  -230.42647  -232.38832  1.47385   768
865.00  0.03745  0.03757  0.01131  0.80968  -229.33546  -231.27138  1.47385   768
866.00  0.03745  0.03757  0.01174  0.80968  -228.70375  -230.63356  1.47385   768
867.00  0.03746  0.03757  0.01208  0.80968  -228.14680  -230.04610  1.47385   768
868.00  0.03746  0.03757  0.01184  0.80968  -228.42604  -230.28108  1.47412   768
869.00  0.03746  0.03757  0.01132  0.80968  -229.21034  -231.03181  1.47476   768
870.00  0.03746  0.03757  0.01076  0.80968  -230.11214  -231.92750  1.47476   768
871.00  0.03745  0.03757  0.01030  0.80968  -230.79420  -232.62941  1.47476   768
872.00  0.03746  0.03757  0.01029  0.80968  -230.85676  -232.74843  1.47476   768
873.00  0.03745  0.03757  0.01050  0.80968  -230.59431  -232.50734  1.47476   768
874.00  0.03746  0.03757  0.01109  0.80968  -229.66811  -231.61012  1.47476   768
875.00  0.03748  0.03757  0.01156  0.80968  -228.97383  -230.89906  1.47476   768
876.00  0.03745  0.03757  0.01191  0.80968  -228.40010  -230.29481  1.47476   768
877.00  0.03743  0.03757  0.01199  0.80968  -228.25972  -230.16511  1.47476   768
878.00  0.03746  0.03757  0.01150  0.80968  -228.95857  -230.78310  1.47476   768
879.00  0.03745  0.03757  0.01085  0.80968  -229.93971  -231.77492  1.51928   768
880.00  0.03746  0.03757  0.01034  0.80968  -230.74843  -232.58974  1.65283   768
881.00  0.03746  0.03757  0.01013  0.80968  -231.11922  -233.01240  1.65283   768
882.00  0.03745  0.03757  0.01025  0.80968  -230.93306  -232.85066  1.65283   768
883.00  0.03745  0.03757  0.01084  0.80968  -230.16554  -232.10908  1.65283   768
884.00  0.03746  0.03757  0.01137  0.80968  -229.25917  -231.19813  1.65283   768
885.00  0.03745  0.03757  0.01182  0.80968  -228.59083  -230.49623  1.65283   768
886.00  0.03746  0.03757  0.01197  0.80968  -228.30855  -230.19563  1.65283   768
887.00  0.03745  0.03757  0.01172  0.80968  -228.63051  -230.47792  1.65283   768
888.00  0.03747  0.03757  0.01120  0.80968  -229.39802  -231.21339  1.65283   768
889.00  0.03745  0.03757  0.01054  0.80968  -230.41884  -232.23421  1.65283   768
890.00  0.03745  0.03757  0.01009  0.80968  -231.14668  -233.00783  1.59119   768
891.00  0.03747  0.03757  0.01003  0.80968  -231.26265  -233.13600  1.34460   768
892.00  0.03745  0.03757  0.01038  0.80968  -230.78657  -232.70113  1.34460   768
893.00  0.03745  0.03757  0.01104  0.80968  -229.84968  -231.81001  1.34460   768
894.00  0.03747  0.03757  0.01155  0.80968  -228.96010  -230.88991  1.34460   768
895.00  0.03745  0.03757  0.01179  0.80968  -228.59541  -230.50844  1.34460   768
896.00  0.03746  0.03757  0.01179  0.80968  -228.58626  -230.46571  1.34460   768
897.00  0.03745  0.03757  0.01146  0.80968  -229.01503  -230.87923  1.34460   768
898.00  0.03745  0.03757  0.01086  0.80968  -229.94124  -231.77339  1.34460   768
899.00  0.03746  0.03757  0.01031  0.80968  -230.81862  -232.63551  1.34460   768
900.00  0.03744  0.03757  0.01008  0.80968  -231.22145  -233.09633  1.34460   768
901.00  0.03745  0.03757  0.01035  0.80968  -230.83998  -232.75606  1.35979   768
902.00  0.03746  0.03757  0.01082  0.80968  -230.08162  -232.00227  1.64841   768
903.00  0.03746  0.03757  0.01136  0.80968  -229.27901  -231.21339  1.64841   768
904.00  0.03745  0.03757  0.01174  0.80968  -228.66713  -230.57710  1.64841   768
905.00  0.03746  0.03757  0.01194  0.80968  -228.31923  -230.20021  1.64841   768
906.00  0.03747  0.03757  0.01173  0.80968  -228.61830  -230.45808  1.64841   768
907.00  0.03746  0.03757  0.01124  0.80968  -229.35225  -231.16762  1.64841   768
908.00  0.03746  0.03757  0.01062  0.80968  -230.22963  -232.05873  1.64841   768
909.00  0.03744  0.03757  0.01006  0.80968  -231.18635  -233.03529  1.64841   768
910.00  0.03746  0.03757  0.01000  0.80968  -231.37556  -233.26112  1.64841   768
911.00  0.03746  0.03757  0.01029  0.80968  -230.91933  -232.86592  1.64841   768
912.00  0.03745  0.03757  0.01093  0.80968  -229.95039  -231.90156  1.64841   768
913.00  0.03746  0.03757  0.01157  0.80968  -228.95705  -230.90059  1.47751   768
914.00  0.03746  0.03757  0.01190  0.80968  -228.43519  -230.36043  1.47751   768
915.00  0.03746  0.03757  0.01180  0.80968  -228.51301  -230.38789  1.47751   768
916.00  0.03745  0.03757  0.01144  0.80968  -229.06843  -230.90974  1.47751   768
917.00  0.03746  0.03757  0.01082  0.80968  -230.00075  -231.84663  1.47751   768
918.00  0.03745  0.03757  0.01038  0.80968  -230.72096  -232.56685  1.47751   768
919.00  0.03746  0.03757  0.01017  0.80968  -231.04292  -232.90559  1.47751   768
920.00  0.03745  0.03757  0.01027  0.80968  -230.87965  -232.76369  1.47751   768
921.00  0.03746  0.03757  0.01065  0.80968  -230.38222  -232.30287  1.47751   768
922.00  0.03746  0.03757  0.01114  0.80968  -229.56740  -231.48805  1.47751   768
923.00  0.03745  0.03757  0.01167  0.80968  -228.83345  -230.75105  1.47751   768
924.00  0.03744  0.03757  0.01184  0.80968  -228.47639  -230.34669  1.47453   768
925.00  0.03745  0.03757  0.01170  0.80968  -228.63051  -230.49318  1.47400   768
926.00  0.03744  0.03757  0.01118  0.80968  -229.42549  -231.25154  1.47400   768
927.00  0.03745  0.03757  0.01060  0.80968  -230.30897  -232.14723  1.47400   768
928.00  0.03746  0.03757  0.01016  0.80968  -231.07802  -232.94069  1.47400   768
929.00  0.03745  0.03757  0.01030  0.80968  -230.87202  -232.76979  1.47400   768
930.00  0.03746  0.03757  0.01054  0.80968  -230.53633  -232.47682  1.47400   768
931.00  0.03746  0.03757  0.01111  0.80968  -229.67421  -231.62385  1.47400   768
932.00  0.03745  0.03757  0.01175  0.80968  -228.69917  -230.64119  1.47400   768
933.00  0.03745  0.03757  0.01204  0.80968  -228.12849  -230.04915  1.47400   768
934.00  0.03745  0.03757  0.01200  0.80968  -228.25514  -230.11018  1.47400   768
935.00  0.03745  0.03757  0.01156  0.80968  -228.85634  -230.68544  1.60510   768
936.00  0.03746  0.03757  0.01094  0.80968  -229.79933  -231.62538  1.63788   768
937.00  0.03745  0.03757  0.01039  0.80968  -230.65687  -232.49818  1.63788   768
938.00  0.03745  0.03757  0.01025  0.80968  -230.91322  -232.79573  1.63788   768
939.00  0.03746  0.03757  0.01043  0.80968  -230.65687  -232.57143  1.63788   768
940.00  0.03746  0.03757  0.01094  0.80968  -229.90767  -231.84663  1.63788   768
941.00  0.03746  0.03757  0.01148  0.80968  -229.10506  -231.03029  1.63788   768
942.00  0.03745  0.03757  0.01187  0.80968  -228.49165  -230.38179  1.63788   768
943.00  0.03745  0.03757  0.01205  0.80968  -228.17427  -230.07661  1.63788   768
944.00  0.03746  0.03757  0.01176  0.80968  -228.57405  -230.41688  1.63788   768
945.00  0.03745  0.03757  0.01112  0.80968  -229.53841  -231.37666  1.63788   768
946.00  0.03745  0.03757  0.01051  0.80968  -230.44936  -232.28151  1.64145   768
947.00  0.03746  0.03757  0.01004  0.80968  -231.26723  -233.13447  1.64383   768
948.00  0.03744  0.03757  0.01000  0.80968  -231.32216  -233.22908  1.64383   768
949.00  0.03745  0.03757  0.01043  0.80968  -230.70113  -232.62483  1.64383   768
950.00  0.03745  0.03757  0.01102  0.80968  -229.85579  -231.82069  1.64383   768
951.00  0.03745  0.03757  0.01163  0.80968  -228.89754  -230.82887  1.64383   768
952.00  0.03743  0.03757  0.01189  0.80968  -228.37416  -230.27040  1.64383   768
953.00  0.03745  0.03757  0.01193  0.80968  -228.34059  -230.21547  1.64383   768
954.00  0.03745  0.03757  0.01145  0.80968  -229.02876  -230.86244  1.64383   768
955.00  0.03745  0.03757  0.01089  0.80968  -229.87562  -231.68947  1.64383   768
956.00  0.03746  0.03757  0.01036  0.80968  -230.73622  -232.54396  1.64383   768
957.00  0.03745  0.03757  0.01011  0.80968  -231.12837  -233.01240  1.54092   768
958.00  0.03745  0.03757  0.01040  0.80968  -230.78810  -232.71181  1.47232   768
959.00  0.03745  0.03757  0.01097  0.80968  -229.88020  -231.81764  1.47232   768
960.00  0.03744  0.03757  0.01155  0.80968  -228.96467  -230.91127  1.47232   768
961.00  0.03744  0.03757  0.01202  0.80968  -228.25056  -230.17732  1.47232   768
962.00  0.03745  0.03757  0.01211  0.80968  -228.08577  -229.97591  1.47232   768
963.00  0.03746  0.03757  0.01192  0.80968  -228.33296  -230.20631  1.47232   768
964.00  0.03745  0.03757  0.01142  0.80968  -229.06233  -230.91737  1.47232   768
965.00  0.03745  0.03757  0.01088  0.80968  -229.90156  -231.73982  1.47232   768
966.00  0.03744  0.03757  0.01038  0.80968  -230.68587  -232.52870  1.47232   768
967.00  0.03745  0.03757  0.01030  0.80968  -230.83845  -232.72401  1.47232   768
968.00  0.03745  0.03757  0.01069  0.80968  -230.35475  -232.29524  1.64029   768
969.00  0.03745  0.03757  0.01132  0.80968  -229.35377  -231.28053  1.89224   768
970.00  0.03744  0.03757  0.01175  0.80968  -228.65340  -230.58168  1.89224   768
971.00  0.03746  0.03757  0.01206  0.80968  -228.14528  -230.03236  1.89224   768
972.00  0.03745  0.03757  0.01189  0.80968  -228.36195  -230.20631  1.89224   768
973.00  0.03745  0.03757  0.01134  0.80968  -229.15999  -230.97230  1.89224   768
974.00  0.03746  0.03757  0.01079  0.80968  -230.04957  -231.88631  1.89224   768
975.00  0.03746  0.03757  0.01031  0.80968  -230.82014  -232.64619  1.89224   768
976.00  0.03744  0.03757  0.01010  0.80968  -231.17415  -233.02614  1.89224   768
977.00  0.03745  0.03757  0.01018  0.80968  -231.05055  -232.97121  1.89224   768
978.00  0.03744  0.03757  0.01068  0.80968  -230.34560  -232.29982  1.89224   768
979.00  0.03745  0.03757  0.01123  0.80968  -229.48653  -231.43770  2.01315   768
980.00  0.03745  0.03757  0.01166  0.80968  -228.81056  -230.75105  2.19452   768
981.00  0.03746  0.03757  0.01181  0.80968  -228.55116  -230.40468  2.19452   768
982.00  0.03745  0.03757  0.01150  0.80968  -228.97688  -230.83650  2.19452   768
983.00  0.03746  0.03757  0.01106  0.80968  -229.64827  -231.51704  2.19452   768
984.00  0.03746  0.03757  0.01052  0.80968  -230.42799  -232.26778  2.19452   768
985.00  0.03745  0.03757  0.01008  0.80968  -231.21687  -233.07497  2.19452   768
986.00  0.03747  0.03757  0.01016  0.80968  -231.09480  -232.99562  2.19452   768
987.00  0.03745  0.03757  0.01063  0.80968  -230.37764  -232.31355  2.19452   768
988.00  0.03746  0.03757  0.01112  0.80968  -229.62538  -231.56282  2.19452   768
989.00  0.03745  0.03757  0.01180  0.80968  -228.58473  -230.50844  2.19452   768
990.00  0.03745  0.03757  0.01205  0.80968  -228.17427  -230.07661  2.89585   768
991.00  0.03746  0.03757  0.01202  0.80968  -228.17427  -230.02779  4.99985   768
992.00  0.03746  0.03757  0.01164  0.80968  -228.72664  -230.57252  4.99985   768
993.00  0.03746  0.03757  0.01111  0.80968  -229.55214  -231.36903  4.99985   768
994.00  0.03745  0.03757  0.01048  0.80968  -230.53786  -232.38527  4.99985   768
995.00  0.03745  0.03757  0.01024  0.80968  -230.95442  -232.83082  4.99985   768
996.00  0.03745  0.03757  0.01039  0.80968  -230.72859  -232.66603  4.99985   768
997.00  0.03745  0.03757  0.01083  0.80968  -230.09993  -232.05263  4.99985   768
998.00  0.03745  0.03757  0.01137  0.80968  -229.25764  -231.19203  4.99985   768
999.00  0.03745  0.03757  0.01175  0.80968  -228.65034  -230.54811  4.99985   768
1000.00  0.03745  0.03757  0.01182  0.80968  -228.59236  -230.48250  4.99985   768
1001.00  0.03745  0.03757  0.01156  0.80968  -228.91279  -230.77089  4.99985   768
1002.00  0.03745  0.03757  0.01100  0.80968  -229.73219  -231.53688  4.99985   768
1003.00  0.03744  0.03757  0.01033  0.80968  -230.74843  -232.54701  4.99985   768
1004.00  0.03745  0.03757  0.00994  0.80968  -231.39082  -233.23671  4.99985   768
1005.00  0.03746  0.03757  0.00995  0.80968  -231.41524  -233.30080  4.99985   768
1006.00  0.03746  0.03757  0.01034  0.80968  -230.83998  -232.76216  4.99985   768
1007.00  0.03746  0.03757  0.01091  0.80968  -230.00685  -231.93361  4.99985   768
1008.00  0.03747  0.03757  0.01140  0.80968  -229.18593  -231.10048  4.99985   768
1009.00  0.03745  0.03757  0.01154  0.80968  -228.96162  -230.81666  4.99985   768
1010.00  0.03745  0.03757  0.01137  0.80968  -229.15388  -231.01503  4.99985   768
1011.00  0.03744  0.03757  0.01104  0.80968  -229.65895  -231.51857  4.99985   768
1012.00  0.03745  0.03757  0.01059  0.80968  -230.36848  -232.22047  4.99985   768
1013.00  0.03746  0.03757  0.01012  0.80968  -231.09480  -232.95900  4.99985   768
1014.00  0.03746  0.03757  0.00997  0.80968  -231.35115  -233.24281  4.99985   768
1015.00  0.03744  0.03757  0.01021  0.80968  -231.04292  -232.94984  4.99985   768
1016.00  0.03745  0.03757  0.01079  0.80968  -230.17775  -232.13808  4.99985   768
1017.00  0.03745  0.03757  0.01144  0.80968  -229.12489  -231.05470  4.99985   768
1018.00  0.03745  0.03757  0.01183  0.80968  -228.49776  -230.40925  4.99985   768
1019.00  0.03745  0.03757  0.01189  0.80968  -228.41078  -230.28566  4.99985   768
1020.00  0.03744  0.03757  0.01163  0.80968  -228.73122  -230.55879  4.99985   768
1021.00  0.03744  0.03757  0.01118  0.80968  -229.45601  -231.29884  4.99985   768
1022.00  0.03744  0.03757  0.01066  0.80968  -230.21590  -232.04347  4.99985   768
1023.00  0.03745  0.03757  0.01027  0.80968  -230.86439  -232.71028  4.99985   768
1024.00  0.03745  0.03757  0.01027  0.80968  -230.93306  -232.84151  4.99985   768
1025.00  0.03745  0.03757  0.01063  0.80968  -230.39900  -232.32118  4.99985   768
1026.00  0.03745  0.03757  0.01120  0.80968  -229.51247  -231.43465  4.99985   768
1027.00  0.03744  0.03757  0.01160  0.80968  -228.87312  -230.81514  4.99985   768
1028.00  0.03746  0.03757  0.01174  0.80968  -228.66408  -230.55879  4.99985   768
1029.00  0.03744  0.03757  0.01156  0.80968  -228.90364  -230.76784  4.99985   768
1030.00  0.03745  0.03757  0.01111  0.80968  -229.55824  -231.40413  4.99985   768
1031.00  0.03745  0.03757  0.01063  0.80968  -230.30287  -232.15333  4.99985   768
1032.00  0.03744  0.03757  0.01016  0.80968  -231.07191  -232.94374  4.99985   768
1033.00  0.03744  0.03757  0.01004  0.80968  -231.20772  -233.11006  4.99985   768
1034.00  0.03745  0.03757  0.01029  0.80968  -230.85371  -232.76674  4.99985   768
1035.00  0.03743  0.03757  0.01080  0.80968  -230.12892  -232.07246  4.99985   768
1036.00  0.03745  0.03757  0.01121  0.80968  -229.48042  -231.38582  4.99985   768
1037.00  0.03745  0.03757  0.01161  0.80968  -228.83803  -230.75105  4.99985   768
1038.00  0.03745  0.03757  0.01158  0.80968  -228.87312  -230.72359  4.99985   768
1039.00  0.03744  0.03757  0.01130  0.80968  -229.26375  -231.11269  4.99985   768
1040.00  0.03745  0.03757  0.01082  0.80968  -229.99769  -231.83595  4.99985   768
1041.00  0.03746  0.03757  0.01041  0.80968  -230.61873  -232.45241  4.99985   768
1042.00  0.03746  0.03757  0.01007  0.80968  -231.20314  -233.06428  4.99985   768
1043.00  0.03745  0.03757  0.01020  0.80968  -231.03377  -232.94069  4.99985   768
1044.00  0.03745  0.03757  0.01066  0.80968  -230.37306  -232.33339  4.99985   768
1045.00  0.03745  0.03757  0.01145  0.80968  -229.17525  -231.14015  4.99985   768
1046.00  0.03744  0.03757  0.01199  0.80968  -228.32533  -230.27345  4.99985   768
1047.00  0.03746  0.03757  0.01225  0.80968  -227.88283  -229.80196  4.99985   768
1048.00  0.03746  0.03757  0.01211  0.80968  -228.02931  -229.89656  4.99985   768
1049.00  0.03745  0.03757  0.01154  0.80968  -228.88686  -230.70070  4.99985   768
1050.00  0.03745  0.03757  0.01113  0.80968  -229.60707  -231.46974  4.99985   768
1051.00  0.03745  0.03757  0.01054  0.80968  -230.40510  -232.22353  4.99985   768
1052.00  0.03744  0.03757  0.01033  0.80968  -230.83540  -232.71638  4.99985   768
1053.00  0.03744  0.03757  0.01056  0.80968  -230.46767  -232.38374  4.99985   768
1054.00  0.03746  0.03757  0.01107  0.80968  -229.73219  -231.65437  4.99985   768
1055.00  0.03745  0.03757  0.01156  0.80968  -228.96925  -230.87770  4.99985   768
1056.00  0.03745  0.03757  0.01184  0.80968  -228.49470  -230.36500  4.99985   768
1057.00  0.03745  0.03757  0.01182  0.80968  -228.49928  -230.34822  4.99985   768
1058.00  0.03747  0.03757  0.01148  0.80968  -228.98909  -230.83040  4.99985   768
1059.00  0.03745  0.03757  0.01090  0.80968  -229.87868  -231.71236  4.99985   768
1060.00  0.03747  0.03757  0.01021  0.80968  -230.90254  -232.71944  4.99985   768
1061.00  0.03746  0.03757  0.00985  0.80968  -231.56020  -233.43965  4.99985   768
1062.00  0.03745  0.03757  0.00993  0.80968  -231.44423  -233.35420  4.99985   768
1063.00  0.03745  0.03757  0.01031  0.80968  -230.89796  -232.83845  4.99985   768
1064.00  0.03744  0.03757  0.01104  0.80968  -229.78255  -231.75050  4.99985   768
1065.00  0.03745  0.03757  0.01146  0.80968  -229.12031  -231.05012  4.99985   768
1066.00  0.03745  0.03757  0.01171  0.80968  -228.73274  -230.62593  4.99985   768
1067.00  0.03746  0.03757  0.01154  0.80968  -228.91279  -230.77394  4.99985   768
1068.00  0.03745  0.03757  0.01094  0.80968  -229.79170  -231.57960  4.99985   768
1069.00  0.03746  0.03757  0.01038  0.80968  -230.70113  -232.53786  4.99985   768
1070.00  0.03745  0.03757  0.00992  0.80968  -231.36793  -233.19246  4.99985   768
1071.00  0.03745  0.03757  0.00982  0.80968  -231.59376  -233.49763  4.99985   768
1072.00  0.03744  0.03757  0.00954  0.80968  -231.96913  -233.79060  4.99985   768
1073.00  0.03745  0.03757  0.00964  0.80968  -231.88368  -233.80891  4.99985   768
1074.00  0.03745  0.03757  0.01040  0.80968  -230.71944  -232.66145  4.99985   768
1075.00  0.03743  0.03757  0.01023  0.80968  -230.93458  -232.77894  4.99985   768
1076.00  0.03743  0.03757  0.01014  0.80968  -231.11159  -233.00325  4.99985   768
1077.00  0.03744  0.03757  0.00966  0.80968  -231.77382  -233.58461  4.99985   768
1078.00  0.03744  0.03757  0.00871  0.80968  -233.17763  -234.99452  4.99985   768
1079.00  0.03744  0.03757  0.00808  0.80968  -234.20912  -236.07484  4.99985   768
1080.00  0.03743  0.03757  0.00764  0.80968  -234.89882  -236.73555  4.99985   768
1081.00  0.03744  0.03757  0.00750  0.80968  -235.18721  -237.09566  4.99985   768
1082.00  0.03742  0.03757  0.00817  0.80968  -234.20149  -236.16945  4.99985   768
1083.00  0.03743  0.03757  0.00856  0.80968  -233.54842  -235.45839  4.99985   768
1084.00  0.03743  0.03757  0.00908  0.80968  -232.77327  -234.73054  4.99985   768
1085.00  0.03745  0.03757  0.00965  0.80968  -231.89894  -233.80586  4.99985   768
1086.00  0.03745  0.03757  0.00935  0.80968  -232.23311  -234.05458  4.99985   768
1087.00  0.03744  0.03757  0.00921  0.80968  -232.52150  -234.40248  4.99985   768
1088.00  0.03745  0.03757  0.00891  0.80968  -232.89229  -234.70766  4.99985   768
1089.00  0.03745  0.03757  0.00835  0.80968  -233.84291  -235.69643  4.99985   768
1090.00  0.03745  0.03757  0.00853  0.80968  -233.62471  -235.52095  4.99985   768
1091.00  0.03745  0.03757  0.00871  0.80968  -233.24324  -235.15321  4.99985   768
1092.00  0.03747  0.03757  0.00911  0.80968  -232.75191  -234.69850  4.99985   768
1093.00  0.03744  0.03757  0.00981  0.80968  -231.61970  -233.52815  4.99985   768
1094.00  0.03743  0.03757  0.00981  0.80968  -231.62428  -233.50832  4.99985   768
1095.00  0.03746  0.03757  0.00973  0.80968  -231.70973  -233.58308  4.99985   768
1096.00  0.03743  0.03757  0.00924  0.80968  -232.40858  -234.24531  4.99985   768
1097.00  0.03745  0.03757  0.00852  0.80968  -233.52858  -235.37141  4.99985   768
1098.00  0.03744  0.03757  0.00820  0.80968  -234.05043  -235.92683  4.99985   768
1099.00  0.03743  0.03757  0.00769  0.80968  -234.80116  -236.65926  4.99985   768
1100.00  0.03743  0.03757  0.00769  0.80968  -234.89882  -236.81642  4.99985   768
1101.00  0.03745  0.03757  0.00834  0.80968  -233.87648  -235.82307  4.99985   768
1102.00  0.03745  0.03757  0.00914  0.80968  -232.76869  -234.73817  4.99985   768
1103.00  0.03744  0.03757  0.01035  0.80968  -230.86134  -232.82625  4.99985   768
1104.00  0.03744  0.03757  0.01071  0.80968  -230.21590  -232.10145  4.99985   768
1105.00  0.03744  0.03757  0.01077  0.80968  -230.11214  -232.00227  4.99985   768
1106.00  0.03743  0.03757  0.01056  0.80968  -230.42189  -232.24184  4.99985   768
1107.00  0.03744  0.03757  0.01025  0.80968  -230.90102  -232.76674  4.99985   768
1108.00  0.03744  0.03757  0.00995  0.80968  -231.33742  -233.20314  4.99985   768
1109.00  0.03744  0.03757  0.01001  0.80968  -231.36488  -233.26570  4.99985   768
1110.00  0.03742  0.03757  0.01047  0.80968  -230.64162  -232.57753  4.99985   768
1111.00  0.03744  0.03757  0.01089  0.80968  -230.01143  -231.94124  4.99985   768
1112.00  0.03744  0.03757  0.01166  0.80968  -228.83955  -230.82124  4.99985   768
1113.00  0.03744  0.03757  0.01189  0.80968  -228.39857  -230.27193  4.99985   768
1114.00  0.03744  0.03757  0.01166  0.80968  -228.75258  -230.64271  4.99985   768
1115.00  0.03743  0.03757  0.01145  0.80968  -229.06996  -230.91585  4.99985   768
1116.00  0.03744  0.03757  0.01067  0.80968  -230.22810  -232.05263  4.99985   768
1117.00  0.03743  0.03757  0.00997  0.80968  -231.39235  -233.24129  4.99985   768
1118.00  0.03744  0.03757  0.00976  0.80968  -231.67158  -233.51900  4.99985   768
1119.00  0.03743  0.03757  0.00970  0.80968  -231.79060  -233.68074  4.99985   768
1120.00  0.03743  0.03757  0.01023  0.80968  -231.00478  -232.94679  4.99985   768
1121.00  0.03744  0.03757  0.01063  0.80968  -230.35017  -232.25709  4.99985   768
1122.00  0.03742  0.03757  0.01115  0.80968  -229.58266  -231.49873  4.99985   768
1123.00  0.03744  0.03757  0.01137  0.80968  -229.22102  -231.09437  4.99985   768
1124.00  0.03744  0.03757  0.01121  0.80968  -229.43312  -231.29426  4.99985   768
1125.00  0.03742  0.03757  0.01100  0.80968  -229.76118  -231.61165  4.99985   768
1126.00  0.03744  0.03757  0.01048  0.80968  -230.54854  -232.36696  4.99985   768
1127.00  0.03742  0.03757  0.01030  0.80968  -230.87355  -232.78200  4.99985   768
1128.00  0.03743  0.03757  0.01065  0.80968  -230.42647  -232.39748  4.99985   768
1129.00  0.03743  0.03757  0.01202  0.80968  -228.31007  -230.32381  4.99985   768
1130.00  0.03742  0.03757  0.01293  0.80968  -226.93373  -228.92305  4.99985   768
1131.00  0.03744  0.03757  0.01433  0.80968  -224.81581  -226.84938  4.99985   768
1132.00  0.03743  0.03757  0.01521  0.80968  -223.36622  -225.29451  4.99985   768
1133.00  0.03743  0.03757  0.01541  0.80968  -222.99086  -224.89625  4.99985   768
1134.00  0.03743  0.03757  0.01541  0.80968  -222.99391  -224.83674  4.99985   768
1135.00  0.03743  0.03757  0.01466  0.80968  -224.07881  -225.89265  4.99985   768
1136.00  0.03743  0.03757  0.01442  0.80968  -224.53352  -226.42213  4.99985   768
1137.00  0.03742  0.03757  0.01429  0.80968  -224.70442  -226.55946  4.99985   768
1138.00  0.03742  0.03757  0.01452  0.80968  -224.42366  -226.34889  4.99985   768
1139.00  0.03742  0.03757  0.01527  0.80968  -223.31282  -225.27009  4.99985   768
1140.00  0.03743  0.03757  0.01614  0.80968  -221.95631  -223.89986  4.99985   768
1141.00  0.03742  0.03757  0.01667  0.80968  -221.09724  -223.02705  4.99985   768
1142.00  0.03745  0.03757  0.01690  0.80968  -220.69899  -222.56166  4.99985   768
1143.00  0.03742  0.03757  0.01674  0.80968  -220.96754  -222.83784  4.99985   768
1144.00  0.03742  0.03757  0.01631  0.80968  -221.58858  -223.42225  4.99985   768
1145.00  0.03743  0.03757  0.01558  0.80968  -222.68263  -224.50715  4.99985   768
1146.00  0.03743  0.03757  0.01518  0.80968  -223.38606  -225.26704  4.99985   768
1147.00  0.03743  0.03757  0.01518  0.80968  -223.36622  -225.25941  4.99985   768
1148.00  0.03742  0.03757  0.01536  0.80968  -223.13887  -225.05800  4.99985   768
1149.00  0.03743  0.03757  0.01609  0.80968  -222.00514  -223.98836  4.99985   768
1150.00  0.03742  0.03757  0.01665  0.80968  -221.19490  -223.10792  4.99985   768
1151.00  0.03744  0.03757  0.01693  0.80968  -220.71425  -222.61659  4.99985   768
1152.00  0.03743  0.03757  0.01707  0.80968  -220.44722  -222.34041  4.99985   768
1153.00  0.03743  0.03757  0.01665  0.80968  -220.99501  -222.83021  4.99985   768
1154.00  0.03743  0.03757  0.01620  0.80968  -221.74727  -223.59773  4.99985   768
1155.00  0.03743  0.03757  0.01606  0.80968  -221.98225  -223.83272  4.99985   768
1156.00  0.03743  0.03757  0.01600  0.80968  -222.12416  -224.01887  4.99985   768
1157.00  0.03742  0.03757  0.01666  0.80968  -221.15065  -223.10945  4.99985   768
1158.00  0.03742  0.03757  0.01748  0.80968  -219.85518  -221.82466  4.99985   768
1159.00  0.03742  0.03757  0.01856  0.80968  -218.33540  -220.32625  4.99985   768
1160.00  0.03742  0.03757  0.01948  0.80968  -216.79121  -218.73170  4.99985   768
1161.00  0.03742  0.03757  0.02004  0.80968  -215.98555  -217.92299  4.99985   768
1162.00  0.03743  0.03757  0.02022  0.80968  -215.59492  -217.48964  4.99985   768
1163.00  0.03743  0.03757  0.01973  0.80968  -216.35023  -218.19917  4.99985   768
1164.00  0.03742  0.03757  0.01963  0.80968  -216.51655  -218.38838  4.99985   768
1165.00  0.03742  0.03757  0.01931  0.80968  -216.98958  -218.85377  4.99985   768
1166.00  0.03743  0.03757  0.01953  0.80968  -216.72713  -218.68745  4.99985   768
1167.00  0.03742  0.03757  0.02006  0.80968  -215.87568  -217.77803  4.99985   768
1168.00  0.03743  0.03757  0.02046  0.80968  -215.31416  -217.26686  4.99985   768
1169.00  0.03742  0.03757  0.02110  0.80968  -214.28724  -216.21248  4.99985   768
1170.00  0.03742  0.03757  0.02108  0.80968  -214.25368  -216.08888  4.99985   768
1171.00  0.03743  0.03757  0.02098  0.80968  -214.43983  -216.29640  4.99985   768
1172.00  0.03742  0.03757  0.02052  0.80968  -215.07002  -216.87929  4.99985   768
1173.00  0.03743  0.03757  0.01983  0.80968  -216.17018  -217.99013  4.99985   768
1174.00  0.03743  0.03757  0.01941  0.80968  -216.82326  -218.66151  4.99985   768
1175.00  0.03744  0.03757  0.01916  0.80968  -217.20778  -219.07197  4.99985   768
1176.00  0.03744  0.03757  0.01929  0.80968  -217.08266  -219.00178  4.99985   768
1177.00  0.03742  0.03757  0.01988  0.80968  -216.20070  -218.13661  4.99985   768
1178.00  0.03742  0.03757  0.02037  0.80968  -215.44844  -217.38435  4.99985   768
1179.00  0.03744  0.03757  0.02095  0.80968  -214.54512  -216.49629  4.99985   768
1180.00  0.03742  0.03757  0.02117  0.80968  -214.18654  -216.07667  4.99985   768
1181.00  0.03742  0.03757  0.02111  0.80968  -214.24147  -216.13618  4.99985   768
1182.00  0.03742  0.03757  0.02098  0.80968  -214.39711  -216.26741  4.99985   768
1183.00  0.03741  0.03757  0.02064  0.80968  -214.92659  -216.77858  4.99985   768
1184.00  0.03741  0.03757  0.02049  0.80968  -215.22566  -217.11275  4.99985   768
1185.00  0.03740  0.03757  0.02067  0.80968  -214.98610  -216.88844  4.99985   768
1186.00  0.03742  0.03757  0.02113  0.80968  -214.28114  -216.19874  4.99985   768
1187.00  0.03742  0.03757  0.02179  0.80968  -213.27864  -215.22828  4.99985   768
1188.00  0.03742  0.03757  0.02236  0.80968  -212.37379  -214.28834  4.99985   768
1189.00  0.03742  0.03757  0.02268  0.80968  -211.83668  -213.71461  4.99985   768
1190.00  0.03742  0.03757  0.02267  0.80968  -211.83668  -213.68104  4.99985   768
1191.00  0.03742  0.03757  0.02215  0.80968  -212.60878  -214.43178  4.99985   768
1192.00  0.03742  0.03757  0.02161  0.80968  -213.39766  -215.22828  4.99985   768
1193.00  0.03741  0.03757  0.02113  0.80968  -214.19264  -216.03853  4.99985   768
1194.00  0.03742  0.03757  0.02092  0.80968  -214.54054  -216.41542  4.99985   768
1195.00  0.03742  0.03757  0.02106  0.80968  -214.37117  -216.27046  4.99985   768
1196.00  0.03742  0.03757  0.02145  0.80968  -213.78370  -215.72420  4.99985   768
1197.00  0.03743  0.03757  0.02195  0.80968  -213.01924  -214.95210  4.99985   768
1198.00  0.03741  0.03757  0.02216  0.80968  -212.65913  -214.55842  4.99985   768
1199.00  0.03741  0.03757  0.02212  0.80968  -212.67592  -214.55385  4.99985   768
1200.00  0.03741  0.03757  0.02162  0.80968  -213.37782  -215.21303  4.99985   768
1201.00  0.03741  0.03757  0.02099  0.80968  -214.36201  -216.18043  4.99985   768
1202.00  0.03742  0.03757  0.02034  0.80968  -215.38435  -217.19362  4.99985   768
1203.00  0.03741  0.03757  0.01996  0.80968  -215.99623  -217.84822  4.99985   768
1204.00  0.03742  0.03757  0.01991  0.80968  -216.11220  -217.98860  4.99985   768
1205.00  0.03742  0.03757  0.02031  0.80968  -215.53236  -217.44539  4.99985   768
1206.00  0.03743  0.03757  0.02089  0.80968  -214.62904  -216.56953  4.99985   768
1207.00  0.03742  0.03757  0.02144  0.80968  -213.78370  -215.71657  4.99985   768
1208.00  0.03741  0.03757  0.02193  0.80968  -212.98109  -214.89869  4.99985   768
1209.00  0.03741  0.03757  0.02203  0.80968  -212.85902  -214.73237  4.99985   768
1210.00  0.03741  0.03757  0.02183  0.80968  -213.10621  -214.95515  4.99985   768
1211.00  0.03742  0.03757  0.02156  0.80968  -213.54719  -215.41444  4.99985   768
1212.00  0.03742  0.03757  0.02134  0.80968  -213.86458  -215.74861  4.99985   768
1213.00  0.03740  0.03757  0.02145  0.80968  -213.75166  -215.67232  4.99985   768
1214.00  0.03742  0.03757  0.02187  0.80968  -213.13368  -215.08790  4.99985   768
1215.00  0.03743  0.03757  0.02259  0.80968  -212.07472  -214.04725  4.99985   768
1216.00  0.03742  0.03757  0.02336  0.80968  -210.87691  -212.82655  4.99985   768
1217.00  0.03741  0.03757  0.02419  0.80968  -209.57991  -211.55549  4.99985   768
1218.00  0.03742  0.03757  0.02459  0.80968  -208.91615  -210.79561  4.99985   768
1219.00  0.03742  0.03757  0.02468  0.80968  -208.74983  -210.62471  4.99985   768
1220.00  0.03741  0.03757  0.02429  0.80968  -209.30525  -211.12672  4.99985   768
1221.00  0.03741  0.03757  0.02351  0.80968  -210.49086  -212.29707  4.99985   768
1222.00  0.03742  0.03757  0.02343  0.80968  -210.67549  -212.53816  4.99985   768
1223.00  0.03741  0.03757  0.02318  0.80968  -211.08442  -212.97304  4.99985   768
1224.00  0.03741  0.03757  0.02382  0.80968  -210.21010  -212.17195  4.99985   768
1225.00  0.03742  0.03757  0.02461  0.80968  -208.86732  -210.78798  4.99985   768
1226.00  0.03741  0.03757  0.02482  0.80968  -208.56672  -210.47975  4.99985   768
1227.00  0.03743  0.03757  0.02534  0.80968  -207.78547  -209.71834  4.99985   768
1228.00  0.03741  0.03757  0.02510  0.80968  -208.06013  -209.88313  4.99985   768
1229.00  0.03742  0.03757  0.02465  0.80968  -208.80781  -210.66591  4.99985   768
1230.00  0.03741  0.03757  0.02425  0.80968  -209.37544  -211.22133  4.99985   768
1231.00  0.03742  0.03757  0.02348  0.80968  -210.54426  -212.38862  4.99985   768
1232.00  0.03741  0.03757  0.02360  0.80968  -210.45118  -212.36116  4.99985   768
1233.00  0.03740  0.03757  0.02373  0.80968  -210.29707  -212.19179  4.99985   768
1234.00  0.03742  0.03757  0.02412  0.80968  -209.70045  -211.65162  4.99985   768
1235.00  0.03740  0.03757  0.02503  0.80968  -208.27223  -210.22188  4.99985   768
1236.00  0.03742  0.03757  0.02529  0.80968  -207.82667  -209.71223  4.99985   768
1237.00  0.03741  0.03757  0.02550  0.80968  -207.55049  -209.45588  4.99985   768
1238.00  0.03742  0.03757  0.02548  0.80968  -207.48030  -209.32313  4.99985   768
1239.00  0.03741  0.03757  0.02498  0.80968  -208.23713  -210.06166  4.99985   768
1240.00  0.03741  0.03757  0.02479  0.80968  -208.55757  -210.42940  4.99985   768
1241.00  0.03741  0.03757  0.02470  0.80968  -208.74525  -210.60029  4.99985   768
1242.00  0.03741  0.03757  0.02482  0.80968  -208.56367  -210.47059  4.99985   768
1243.00  0.03740  0.03757  0.02561  0.80968  -207.44215  -209.41011  4.99985   768
1244.00  0.03741  0.03757  0.02629  0.80968  -206.34504  -208.29011  4.99985   768
1245.00  0.03742  0.03757  0.02693  0.80968  -205.39290  -207.35627  4.99985   768
1246.00  0.03740  0.03757  0.02736  0.80968  -204.69710  -206.60249  4.99985   768
1247.00  0.03743  0.03757  0.02712  0.80968  -204.97023  -206.82832  4.99985   768
1248.00  0.03740  0.03757  0.02683  0.80968  -205.45851  -207.31965  4.99985   768
1249.00  0.03741  0.03757  0.02599  0.80968  -206.66395  -208.45796  4.99985   768
1250.00  0.03740  0.03757  0.02529  0.80968  -207.71071  -209.57185  4.99985   768
1251.00  0.03742  0.03757  0.02518  0.80968  -207.94111  -209.81447  4.99985   768
1252.00  0.03740  0.03757  0.02506  0.80968  -208.14253  -210.01588  4.99985   768
1253.00  0.03741  0.03757  0.02549  0.80968  -207.57033  -209.50776  4.99985   768
1254.00  0.03742  0.03757  0.02596  0.80968  -206.81654  -208.70820  4.99985   768
1255.00  0.03741  0.03757  0.02612  0.80968  -206.54646  -208.43812  4.99985   768
1256.00  0.03742  0.03757  0.02627  0.80968  -206.29011  -208.16041  4.99985   768
1257.00  0.03741  0.03757  0.02579  0.80968  -206.99507  -208.81196  4.99985   768
1258.00  0.03741  0.03757  0.02511  0.80968  -208.04182  -209.85719  4.99985   768
1259.00  0.03742  0.03757  0.02461  0.80968  -208.77882  -210.61555  4.99985   768
1260.00  0.03741  0.03757  0.02426  0.80968  -209.38154  -211.25184  4.99985   768
1261.00  0.03741  0.03757  0.02437  0.80968  -209.30220  -211.23201  4.99985   768
1262.00  0.03741  0.03757  0.02484  0.80968  -208.56978  -210.49806  4.99985   768
1263.00  0.03740  0.03757  0.02552  0.80968  -207.58406  -209.56727  4.99985   768
1264.00  0.03742  0.03757  0.02625  0.80968  -206.41829  -208.37404  4.99985   768
1265.00  0.03739  0.03757  0.02652  0.80968  -205.94221  -207.84303  4.99985   768
1266.00  0.03742  0.03757  0.02652  0.80968  -205.91475  -207.80031  4.99985   768
1267.00  0.03741  0.03757  0.02631  0.80968  -206.21840  -208.07649  4.99985   768
1268.00  0.03740  0.03757  0.02578  0.80968  -206.97828  -208.80739  4.99985   768
1269.00  0.03740  0.03757  0.02536  0.80968  -207.69392  -209.51997  4.99985   768
1270.00  0.03739  0.03757  0.02543  0.80968  -207.65272  -209.53676  4.99985   768
1271.00  0.03741  0.03757  0.02570  0.80968  -207.25447  -209.16292  4.99985   768
1272.00  0.03741  0.03757  0.02644  0.80968  -206.16194  -208.10701  4.99985   768
1273.00  0.03741  0.03757  0.02711  0.80968  -205.09230  -207.02058  4.99985   768
1274.00  0.03740  0.03757  0.02749  0.80968  -204.48958  -206.38582  4.99985   768
1275.00  0.03741  0.03757  0.02757  0.80968  -204.36598  -206.24391  4.99985   768
1276.00  0.03740  0.03757  0.02723  0.80968  -204.81001  -206.64827  4.99985   768
1277.00  0.03741  0.03757  0.02672  0.80968  -205.59126  -207.43257  4.99985   768
1278.00  0.03742  0.03757  0.02604  0.80968  -206.59376  -208.39845  4.99985   768
1279.00  0.03741  0.03757  0.02546  0.80968  -207.54439  -209.41316  4.99985   768
1280.00  0.03741  0.03757  0.02537  0.80968  -207.68629  -209.58253  4.99985   768
1281.00  0.03741  0.03757  0.02565  0.80968  -207.32466  -209.24379  4.99985   768
1282.00  0.03740  0.03757  0.02611  0.80968  -206.66701  -208.61513  4.99985   768
1283.00  0.03742  0.03757  0.02653  0.80968  -205.95442  -207.85371  4.99985   768
1284.00  0.03742  0.03757  0.02656  0.80968  -205.87202  -207.75148  4.99985   768
1285.00  0.03742  0.03757  0.02636  0.80968  -206.10548  -207.96663  4.99985   768
1286.00  0.03742  0.03757  0.02580  0.80968  -206.95997  -208.77076  4.99985   768
1287.00  0.03741  0.03757  0.02511  0.80968  -208.01588  -209.81447  4.99985   768
1288.00  0.03742  0.03757  0.02468  0.80968  -208.73305  -210.55909  4.99985   768
1289.00  0.03740  0.03757  0.02452  0.80968  -208.99550  -210.89479  4.99985   768
1290.00  0.03741  0.03757  0.02487  0.80968  -208.49501  -210.41719  4.99985   768
1291.00  0.03740  0.03757  0.02547  0.80968  -207.62068  -209.55659  4.99985   768
1292.00  0.03740  0.03757  0.02609  0.80968  -206.65938  -208.60292  4.99985   768
1293.00  0.03740  0.03757  0.02660  0.80968  -205.85066  -207.76521  4.99985   768
1294.00  0.03741  0.03757  0.02667  0.80968  -205.71028  -207.59889  4.99985   768
1295.00  0.03741  0.03757  0.02653  0.80968  -205.89644  -207.75758  4.99985   768
1296.00  0.03740  0.03757  0.02603  0.80968  -206.66090  -208.49763  4.99985   768
1297.00  0.03741  0.03757  0.02562  0.80968  -207.30635  -209.16139  4.99985   768
1298.00  0.03740  0.03757  0.02550  0.80968  -207.53065  -209.42384  4.99985   768
1299.00  0.03740  0.03757  0.02569  0.80968  -207.29872  -209.20564  4.99985   768
1300.00  0.03741  0.03757  0.02622  0.80968  -206.41676  -208.37404  4.99985   768
1301.00  0.03740  0.03757  0.02684  0.80968  -205.51344  -207.45393  4.99985   768
1302.00  0.03740  0.03757  0.02741  0.80968  -204.59181  -206.49873  4.99985   768
1303.00  0.03741  0.03757  0.02757  0.80968  -204.30494  -206.16456  4.99985   768
1304.00  0.03742  0.03757  0.02737  0.80968  -204.61317  -206.45295  4.99985   768
1305.00  0.03740  0.03757  0.02683  0.80968  -205.36085  -207.16707  4.99985   768
1306.00  0.03740  0.03757  0.02620  0.80968  -206.36793  -208.18483  4.99985   768
1307.00  0.03741  0.03757  0.02558  0.80968  -207.32924  -209.14613  4.99985   768
1308.00  0.03740  0.03757  0.02533  0.80968  -207.80378  -209.65730  4.99985   768
1309.00  0.03741  0.03757  0.02548  0.80968  -207.55507  -209.45894  4.99985   768
1310.00  0.03741  0.03757  0.02592  0.80968  -206.90962  -208.83485  4.99985   768
1311.00  0.03741  0.03757  0.02635  0.80968  -206.22908  -208.16652  4.99985   768
1312.00  0.03741  0.03757  0.02652  0.80968  -205.94984  -207.83845  4.99985   768
1313.00  0.03741  0.03757  0.02638  0.80968  -206.11921  -208.00020  4.99985   768
1314.00  0.03740  0.03757  0.02598  0.80968  -206.71278  -208.55256  4.99985   768
1315.00  0.03741  0.03757  0.02543  0.80968  -207.56880  -209.40706  4.99985   768
1316.00  0.03741  0.03757  0.02484  0.80968  -208.44008  -210.29054  4.99985   768
1317.00  0.03740  0.03757  0.02465  0.80968  -208.86580  -210.72999  4.99985   768
1318.00  0.03740  0.03757  0.02486  0.80968  -208.53010  -210.42787  4.99985   768
1319.00  0.03741  0.03757  0.02538  0.80968  -207.74428  -209.68782  4.99985   768
1320.00  0.03740  0.03757  0.02610  0.80968  -206.67463  -208.61207  4.99985   768
1321.00  0.03742  0.03757  0.02660  0.80968  -205.85066  -207.74537  4.99985   768
1322.00  0.03742  0.03757  0.02687  0.80968  -205.42189  -207.31508  4.99985   768
1323.00  0.03740  0.03757  0.02683  0.80968  -205.41426  -207.28456  4.99985   768
1324.00  0.03741  0.03757  0.02646  0.80968  -205.98494  -207.80336  4.99985   768
1325.00  0.03740  0.03757  0.02589  0.80968  -206.87605  -208.70668  4.99985   768
1326.00  0.03741  0.03757  0.02555  0.80968  -207.37654  -209.23616  4.99985   768
1327.00  0.03742  0.03757  0.02555  0.80968  -207.47877  -209.38875  4.99985   768
1328.00  0.03741  0.03757  0.02590  0.80968  -206.94166  -208.87147  4.99985   768
1329.00  0.03741  0.03757  0.02643  0.80968  -206.15278  -208.09175  4.99985   768
1330.00  0.03740  0.03757  0.02698  0.80968  -205.31965  -207.26167  4.99985   768
1331.00  0.03741  0.03757  0.02730  0.80968  -204.71998  -206.62080  4.99985   768
1332.00  0.03741  0.03757  0.02724  0.80968  -204.84053  -206.72151  4.99985   768
1333.00  0.03740  0.03757  0.02685  0.80968  -205.36848  -207.19301  4.99985   768
1334.00  0.03741  0.03757  0.02619  0.80968  -206.41676  -208.24739  4.99985   768
1335.00  0.03741  0.03757  0.02564  0.80968  -207.21785  -209.06068  4.99985   768
1336.00  0.03740  0.03757  0.02536  0.80968  -207.67409  -209.53218  4.99985   768
1337.00  0.03740  0.03757  0.02540  0.80968  -207.68171  -209.57338  4.99985   768
1338.00  0.03741  0.03757  0.02569  0.80968  -207.22700  -209.14461  4.99985   768
1339.00  0.03742  0.03757  0.02611  0.80968  -206.58613  -208.49611  4.99985   768
1340.00  0.03740  0.03757  0.02638  0.80968  -206.14363  -208.03071  4.99985   768
1341.00  0.03740  0.03757  0.02644  0.80968  -206.06276  -207.93458  4.99985   768
1342.00  0.03740  0.03757  0.02621  0.80968  -206.33131  -208.16957  4.99985   768
1343.00  0.03740  0.03757  0.02557  0.80968  -207.29109  -209.10951  4.99985   768
1344.00  0.03742  0.03757  0.02500  0.80968  -208.25239  -210.10591  4.99985   768
1345.00  0.03742  0.03757  0.02468  0.80968  -208.73762  -210.60335  4.99985   768
1346.00  0.03741  0.03757  0.02464  0.80968  -208.87495  -210.77730  4.99985   768
1347.00  0.03741  0.03757  0.02505  0.80968  -208.27833  -210.23256  4.99985   768
1348.00  0.03741  0.03757  0.02570  0.80968  -207.27736  -209.21785  4.99985   768
1349.00  0.03741  0.03757  0.02637  0.80968  -206.20619  -208.13447  4.99985   768
1350.00  0.03740  0.03757  0.02676  0.80968  -205.62788  -207.53633  4.99985   768
1351.00  0.03741  0.03757  0.02680  0.80968  -205.49055  -207.37153  4.99985   768
1352.00  0.03741  0.03757  0.02658  0.80968  -205.76368  -207.60499  4.99985   768
1353.00  0.03740  0.03757  0.02622  0.80968  -206.35878  -208.19093  4.99985   768
1354.00  0.03740  0.03757  0.02577  0.80968  -207.05458  -208.90352  4.99985   768
1355.00  0.03740  0.03757  0.02566  0.80968  -207.25752  -209.10493  4.99985   768
1356.00  0.03740  0.03757  0.02580  0.80968  -207.07289  -208.96608  4.99985   768
1357.00  0.03740  0.03757  0.02625  0.80968  -206.41066  -208.33589  4.99985   768
1358.00  0.03739  0.03757  0.02689  0.80968  -205.41426  -207.34407  4.99985   768
1359.00  0.03740  0.03757  0.02713  0.80968  -205.00685  -206.90461  4.99985   768
1360.00  0.03741  0.03757  0.02714  0.80968  -205.00075  -206.87257  4.99985   768
1361.00  0.03740  0.03757  0.02683  0.80968  -205.41731  -207.25252  4.99985   768
1362.00  0.03741  0.03757  0.02620  0.80968  -206.37098  -208.20619  4.99985   768
1363.00  0.03740  0.03757  0.02557  0.80968  -207.35975  -209.20411  4.99985   768
1364.00  0.03740  0.03757  0.02516  0.80968  -207.99757  -209.85719  4.99985   768
1365.00  0.03741  0.03757  0.02518  0.80968  -208.01893  -209.93196  4.99985   768
1366.00  0.03740  0.03757  0.02546  0.80968  -207.59932  -209.51997  4.99985   768
1367.00  0.03739  0.03757  0.02591  0.80968  -206.90352  -208.81196  4.99985   768
1368.00  0.03740  0.03757  0.02636  0.80968  -206.21229  -208.15126  4.99985   768
1369.00  0.03741  0.03757  0.02642  0.80968  -206.04750  -207.91017  4.99985   768
1370.00  0.03740  0.03757  0.02630  0.80968  -206.22755  -208.07344  4.99985   768
1371.00  0.03741  0.03757  0.02580  0.80968  -206.96760  -208.78297  4.99985   768
1372.00  0.03740  0.03757  0.02516  0.80968  -207.95180  -209.78547  4.99985   768
1373.00  0.03740  0.03757  0.02477  0.80968  -208.62166  -210.46449  4.99985   768
1374.00  0.03740  0.03757  0.02469  0.80968  -208.70863  -210.58961  4.99985   768
1375.00  0.03742  0.03757  0.02497  0.80968  -208.35615  -210.27223  4.99985   768
1376.00  0.03740  0.03757  0.02561  0.80968  -207.42537  -209.36128  4.99985   768
1377.00  0.03742  0.03757  0.02619  0.80968  -206.54799  -208.49458  4.99985   768
1378.00  0.03741  0.03757  0.02667  0.80968  -205.75300  -207.68739  4.99985   768
1379.00  0.03740  0.03757  0.02679  0.80968  -205.54396  -207.44172  4.99985   768
1380.00  0.03740  0.03757  0.02660  0.80968  -205.77589  -207.63856  4.99985   768
1381.00  0.03740  0.03757  0.02620  0.80968  -206.38777  -208.23213  4.99985   768
1382.00  0.03741  0.03757  0.02571  0.80968  -207.12935  -208.96760  4.99985   768
1383.00  0.03739  0.03757  0.02550  0.80968  -207.52302  -209.40553  4.99985   768
1384.00  0.03740  0.03757  0.02568  0.80968  -207.29109  -209.19191  4.99985   768
1385.00  0.03740  0.03757  0.02613  0.80968  -206.58461  -208.54036  4.99985   768
1386.00  0.03740  0.03757  0.02672  0.80968  -205.64467  -207.54701  4.99985   768
1387.00  0.03740  0.03757  0.02722  0.80968  -204.91530  -206.83900  4.99985   768
1388.00  0.03741  0.03757  0.02742  0.80968  -204.54146  -206.40565  4.99985   768
1389.00  0.03741  0.03757  0.02707  0.80968  -205.01753  -206.84511  4.99985   768
1390.00  0.03740  0.03757  0.02659  0.80968  -205.79725  -207.61720  4.99985   768
1391.00  0.03740  0.03757  0.02588  0.80968  -206.81654  -208.61665  4.99985   768
1392.00  0.03740  0.03757  0.02535  0.80968  -207.70918  -209.54439  4.99985   768
1393.00  0.03741  0.03757  0.02506  0.80968  -208.12880  -210.01741  4.99985   768
1394.00  0.03740  0.03757  0.02523  0.80968  -207.97011  -209.88771  4.99985   768
1395.00  0.03741  0.03757  0.02568  0.80968  -207.31550  -209.26057  4.99985   768
1396.00  0.03740  0.03757  0.02622  0.80968  -206.42897  -208.37251  4.99985   768
1397.00  0.03741  0.03757  0.02653  0.80968  -205.96052  -207.88728  4.99985   768
1398.00  0.03740  0.03757  0.02648  0.80968  -205.99257  -207.85982  4.99985   768
1399.00  0.03740  0.03757  0.02612  0.80968  -206.50221  -208.35267  4.99985   768
1400.00  0.03739  0.03757  0.02559  0.80968  -207.34907  -209.16292  4.99985   768
1401.00  0.03740  0.03757  0.02494  0.80968  -208.34395  -210.18373  4.99985   768
1402.00  0.03740  0.03757  0.02472  0.80968  -208.70558  -210.55909  4.99985   768
1403.00  0.03740  0.03757  0.02478  0.80968  -208.62318  -210.51179  4.99985   768
1404.00  0.03740  0.03757  0.02531  0.80968  -207.83125  -209.75648  4.99985   768
1405.00  0.03740  0.03757  0.02607  0.80968  -206.72041  -208.65785  4.99985   768
1406.00  0.03740  0.03757  0.02659  0.80968  -205.88270  -207.78352  4.99985   768
1407.00  0.03740  0.03757  0.02693  0.80968  -205.34254  -207.23420  4.99985   768
1408.00  0.03741  0.03757  0.02685  0.80968  -205.38984  -207.26472  4.99985   768
1409.00  0.03740  0.03757  0.02649  0.80968  -205.93458  -207.75148  4.99985   768
1410.00  0.03740  0.03757  0.02594  0.80968  -206.76466  -208.59987  4.99985   768
1411.00  0.03740  0.03757  0.02554  0.80968  -207.43300  -209.29262  4.99985   768
1412.00  0.03740  0.03757  0.02556  0.80968  -207.42537  -209.33839  4.99985   768
1413.00  0.03740  0.03757  0.02585  0.80968  -207.03016  -208.95997  4.99985   768
1414.00  0.03740  0.03757  0.02649  0.80968  -206.07954  -208.02766  4.99985   768
1415.00  0.03740  0.03757  0.02713  0.80968  -205.07399  -207.01906  4.99985   768
1416.00  0.03739  0.03757  0.02731  0.80968  -204.74440  -206.62996  4.99985   768
1417.00  0.03741  0.03757  0.02727  0.80968  -204.70778  -206.54451  4.99985   768
1418.00  0.03738  0.03757  0.02677  0.80968  -205.49666  -207.32423  4.99985   768
1419.00  0.03739  0.03757  0.02620  0.80968  -206.36488  -208.16499  4.99985   768
1420.00  0.03738  0.03757  0.02546  0.80968  -207.50624  -209.31398  4.99985   768
1421.00  0.03740  0.03757  0.02516  0.80968  -207.99757  -209.86024  4.99985   768
1422.00  0.03740  0.03757  0.02506  0.80968  -208.19746  -210.06166  4.99985   768
1423.00  0.03740  0.03757  0.02544  0.80968  -207.65120  -209.58711  4.99985   768
1424.00  0.03740  0.03757  0.02606  0.80968  -206.66701  -208.60292  4.99985   768
1425.00  0.03739  0.03757  0.02655  0.80968  -205.92543  -207.83235  4.99985   768
1426.00  0.03740  0.03757  0.02654  0.80968  -205.85982  -207.72401  4.99985   768
1427.00  0.03740  0.03757  0.02635  0.80968  -206.16346  -208.02156  4.99985   768
1428.00  0.03739  0.03757  0.02577  0.80968  -207.05610  -208.87758  4.99985   768
1429.00  0.03740  0.03757  0.02521  0.80968  -207.93043  -209.75496  4.99985   768
1430.00  0.03739  0.03757  0.02476  0.80968  -208.62013  -210.47517  4.99985   768
1431.00  0.03740  0.03757  0.02463  0.80968  -208.88258  -210.76204  4.99985   768
1432.00  0.03739  0.03757  0.02507  0.80968  -208.24324  -210.20357  4.99985   768
1433.00  0.03739  0.03757  0.02575  0.80968  -207.21327  -209.17207  4.99985   768
1434.00  0.03740  0.03757  0.02645  0.80968  -206.14210  -208.07191  4.99985   768
1435.00  0.03739  0.03757  0.02683  0.80968  -205.44020  -207.35170  4.99985   768
1436.00  0.03740  0.03757  0.02681  0.80968  -205.45851  -207.31508  4.99985   768
1437.00  0.03739  0.03757  0.02646  0.80968  -205.99257  -207.81251  4.99985   768
1438.00  0.03739  0.03757  0.02594  0.80968  -206.77839  -208.60750  4.99985   768
1439.00  0.03740  0.03757  0.02551  0.80968  -207.43910  -209.27125  4.99985   768
1440.00  0.03740  0.03757  0.02532  0.80968  -207.80684  -209.65425  4.99985   768
1441.00  0.03741  0.03757  0.02548  0.80968  -207.57490  -209.48793  4.99985   768
1442.00  0.03739  0.03757  0.02609  0.80968  -206.66701  -208.60597  4.99985   768
1443.00  0.03740  0.03757  0.02680  0.80968  -205.59126  -207.53938  4.99985   768
1444.00  0.03740  0.03757  0.02726  0.80968  -204.82374  -206.74135  4.99985   768
1445.00  0.03740  0.03757  0.02726  0.80968  -204.77492  -206.65437  4.99985   768
1446.00  0.03739  0.03757  0.02691  0.80968  -205.32118  -207.16707  4.99985   768
1447.00  0.03740  0.03757  0.02629  0.80968  -206.22450  -208.05665  4.99985   768
1448.00  0.03739  0.03757  0.02561  0.80968  -207.29719  -209.12477  4.99985   768
1449.00  0.03740  0.03757  0.02518  0.80968  -207.93043  -209.79005  4.99985   768
1450.00  0.03740  0.03757  0.02492  0.80968  -208.45686  -210.33326  4.99985   768
1451.00  0.03739  0.03757  0.02511  0.80968  -208.17000  -210.09065  4.99985   768
1452.00  0.03739  0.03757  0.02567  0.80968  -207.27736  -209.20259  4.99985   768
1453.00  0.03740  0.03757  0.02618  0.80968  -206.53425  -208.45338  4.99985   768
1454.00  0.03740  0.03757  0.02644  0.80968  -206.07191  -207.93611  4.99985   768
1455.00  0.03739  0.03757  0.02636  0.80968  -206.12227  -207.96510  4.99985   768
1456.00  0.03740  0.03757  0.02593  0.80968  -206.79823  -208.64107  4.99985   768
1457.00  0.03740  0.03757  0.02535  0.80968  -207.66035  -209.48335  4.99985   768
1458.00  0.03740  0.03757  0.02487  0.80968  -208.45534  -210.29359  4.99985   768
1459.00  0.03739  0.03757  0.02463  0.80968  -208.82460  -210.67964  4.99985   768
1460.00  0.03740  0.03757  0.02486  0.80968  -208.57435  -210.49348  4.99985   768
1461.00  0.03739  0.03757  0.02541  0.80968  -207.69850  -209.64357  4.99985   768
1462.00  0.03740  0.03757  0.02613  0.80968  -206.63649  -208.60139  4.99985   768
1463.00  0.03739  0.03757  0.02664  0.80968  -205.80641  -207.74690  4.99985   768
1464.00  0.03739  0.03757  0.02704  0.80968  -205.18995  -207.10908  4.99985   768
1465.00  0.03740  0.03757  0.02682  0.80968  -205.51344  -207.35475  4.99985   768
1466.00  0.03740  0.03757  0.02634  0.80968  -206.15431  -207.98036  4.99985   768
1467.00  0.03739  0.03757  0.02578  0.80968  -207.05763  -208.87910  4.99985   768
1468.00  0.03739  0.03757  0.02537  0.80968  -207.66798  -209.49556  4.99985   768
1469.00  0.03739  0.03757  0.02539  0.80968  -207.68477  -209.57795  4.99985   768
1470.00  0.03740  0.03757  0.02580  0.80968  -207.10798  -209.04542  4.99985   768
1471.00  0.03740  0.03757  0.02643  0.80968  -206.14210  -208.07496  4.99985   768
1472.00  0.03739  0.03757  0.02694  0.80968  -205.34102  -207.24794  4.99985   768
1473.00  0.03740  0.03757  0.02711  0.80968  -205.04805  -206.91530  4.99985   768
1474.00  0.03740  0.03757  0.02701  0.80968  -205.15638  -207.02058  4.99985   768
1475.00  0.03739  0.03757  0.02656  0.80968  -205.81404  -207.64772  4.99985   768
1476.00  0.03741  0.03757  0.02590  0.80968  -206.79213  -208.61055  4.99985   768
1477.00  0.03740  0.03757  0.02521  0.80968  -207.90449  -209.73512  4.99985   768
1478.00  0.03738  0.03757  0.02488  0.80968  -208.43092  -210.30732  4.99985   768
1479.00  0.03740  0.03757  0.02500  0.80968  -208.32869  -210.23866  4.99985   768
1480.00  0.03739  0.03757  0.02539  0.80968  -207.72139  -209.66646  4.99985   768
1481.00  0.03739  0.03757  0.02593  0.80968  -206.89741  -208.83790  4.99985   768
1482.00  0.03738  0.03757  0.02630  0.80968  -206.30842  -208.22145  4.99985   768
1483.00  0.03740  0.03757  0.02635  0.80968  -206.25197  -208.13447  4.99985   768
1484.00  0.03739  0.03757  0.02611  0.80968  -206.49458  -208.32368  4.99985   768
1485.00  0.03739  0.03757  0.02551  0.80968  -207.44673  -209.26515  4.99985   768
1486.00  0.03740  0.03757  0.02506  0.80968  -208.13032  -209.95180  4.99985   768
1487.00  0.03739  0.03757  0.02469  0.80968  -208.71779  -210.54536  4.99985   768
1488.00  0.03741  0.03757  0.02467  0.80968  -208.76356  -210.63844  4.99985   768
1489.00  0.03740  0.03757  0.02513  0.80968  -208.15016  -210.07387  4.99985   768
1490.00  0.03739  0.03757  0.02578  0.80968  -207.12172  -209.05916  4.99985   768
1491.00  0.03739  0.03757  0.02641  0.80968  -206.18025  -208.10396  4.99985   768
1492.00  0.03742  0.03757  0.02684  0.80968  -205.44325  -207.34407  4.99985   768
1493.00  0.03738  0.03757  0.02687  0.80968  -205.36543  -207.23115  4.99985   768
1494.00  0.03740  0.03757  0.02642  0.80968  -206.01393  -207.86592  4.99985   768
1495.00  0.03739  0.03757  0.02589  0.80968  -206.87300  -208.70363  4.99985   768
1496.00  0.03740  0.03757  0.02576  0.80968  -207.03322  -208.89436  4.99985   768
1497.00  0.03741  0.03757  0.02055  0.80968  -214.42305  -215.63875  4.99985   768
1498.00  0.03741  0.03757  0.01465  0.80968  -223.83314  -225.31892  4.99985   768
1499.00  0.03741  0.03757  0.01739  0.80968  -220.08711  -222.21986  4.99985   768
1500.00  0.03742  0.03757  0.01351  0.80968  -225.59096  -227.10268  4.99985   768
1501.00  0.03741  0.03757  0.01182  0.80968  -228.63661  -230.58168  4.99985   768
1502.00  0.03741  0.03757  0.01393  0.80968  -225.00654  -226.75783  4.99985   768
1503.00  0.03742  0.03757  0.01024  0.80968  -230.68587  -232.31660  4.99985   768
1504.00  0.03741  0.03757  0.01099  0.80968  -230.16402  -232.34102  4.99985   768
1505.00  0.03741  0.03757  0.01096  0.80968  -229.40718  -230.90974  4.99985   768
1506.00  0.03741  0.03757  0.00866  0.80968  -233.39735  -235.29207  4.99985   768
1507.00  0.03741  0.03757  0.01101  0.80968  -230.01906  -232.15028  4.99985   768
1508.00  0.03741  0.03757  0.00953  0.80968  -231.73262  -233.30690  4.99985   768
1509.00  0.03742  0.03757  0.01016  0.80968  -231.33894  -233.48390  4.99985   768
1510.00  0.03741  0.03757  0.01228  0.80968  -227.78822  -229.74092  4.99985   768
1511.00  0.03741  0.03757  0.01003  0.80968  -231.15126  -232.87508  4.99985   768
1512.00  0.03741  0.03757  0.01160  0.80968  -229.05928  -231.13252  4.99985   768
1513.00  0.03741  0.03757  0.01125  0.80968  -229.16762  -230.88533  4.99985   768
1514.00  0.03741  0.03757  0.00948  0.80968  -232.19191  -234.08968  4.99985   768
1515.00  0.03741  0.03757  0.01086  0.80968  -230.01601  -231.96565  4.99985   768
1516.00  0.03742  0.03757  0.00953  0.80968  -231.85774  -233.56935  4.99985   768
1517.00  0.03741  0.03757  0.00971  0.80968  -231.97371  -234.06679  4.99985   768
1518.00  0.03740  0.03757  0.01109  0.80968  -229.64369  -231.56282  4.99985   768
1519.00  0.03741  0.03757  0.01049  0.80968  -230.49513  -232.30745  4.99985   768
1520.00  0.03742  0.03757  0.01187  0.80968  -228.61372  -230.66560  4.99985   768
1521.00  0.03742  0.03757  0.01147  0.80968  -228.88380  -230.60609  4.99985   768
1522.00  0.03741  0.03757  0.01014  0.80968  -231.04903  -232.88576  4.99985   768
1523.00  0.03740  0.03757  0.01072  0.80968  -230.22658  -232.12129  4.99985   768
1524.00  0.03741  0.03757  0.00955  0.80968  -231.87910  -233.64107  4.99985   768
1525.00  0.03741  0.03757  0.00956  0.80968  -232.09883  -234.05763  4.99985   768
1526.00  0.03741  0.03757  0.01054  0.80968  -230.47530  -232.37611  4.99985   768
1527.00  0.03740  0.03757  0.01051  0.80968  -230.56685  -232.47224  4.99985   768
1528.00  0.03740  0.03757  0.01195  0.80968  -228.49013  -230.55269  4.99985   768
1529.00  0.03742  0.03757  0.01242  0.80968  -227.54103  -229.37929  4.99985   768
1530.00  0.03740  0.03757  0.01189  0.80968  -228.44130  -230.34364  4.99985   768
1531.00  0.03741  0.03757  0.01247  0.80968  -227.57002  -229.50593  4.99985   768
1532.00  0.03742  0.03757  0.01159  0.80968  -228.74800  -230.49165  4.99985   768
1533.00  0.03742  0.03757  0.01089  0.80968  -229.97023  -231.83748  4.99985   768
1534.00  0.03740  0.03757  0.01095  0.80968  -229.82374  -231.69404  4.99985   768
1535.00  0.03741  0.03757  0.01032  0.80968  -230.75911  -232.58974  4.99985   768
1536.00  0.03741  0.03757  0.01064  0.80968  -230.41273  -232.36238  4.99985   768
1537.00  0.03741  0.03757  0.01108  0.80968  -229.64064  -231.50789  4.99985   768
1538.00  0.03741  0.03757  0.01100  0.80968  -229.80391  -231.70015  4.99985   768
1539.00  0.03741  0.03757  0.01166  0.80968  -228.80751  -230.72664  4.99985   768
1540.00  0.03741  0.03757  0.01124  0.80968  -229.29732  -231.09437  4.99985   768
1541.00  0.03741  0.03757  0.01079  0.80968  -230.12587  -232.00685  4.99985   768
1542.00  0.03741  0.03757  0.01094  0.80968  -229.85579  -231.70015  4.99985   768
1543.00  0.03741  0.03757  0.01026  0.80968  -230.79268  -232.61873  4.99985   768
1544.00  0.03742  0.03757  0.01034  0.80968  -230.85982  -232.78657  4.99985   768
1545.00  0.03740  0.03757  0.01040  0.80968  -230.68892  -232.55159  4.99985   768
1546.00  0.03741  0.03757  0.01038  0.80968  -230.77742  -232.72096  4.99985   768
1547.00  0.03742  0.03757  0.01136  0.80968  -229.33699  -231.31563  4.99985   768
1548.00  0.03740  0.03757  0.01176  0.80968  -228.64577  -230.56184  4.99985   768
1549.00  0.03742  0.03757  0.01190  0.80968  -228.46724  -230.40773  4.99985   768
1550.00  0.03740  0.03757  0.01206  0.80968  -228.09340  -229.95302  4.99985   768
1551.00  0.03739  0.03757  0.01133  0.80968  -229.22713  -231.04860  4.99985   768
1552.00  0.03741  0.03757  0.01089  0.80968  -229.94582  -231.78560  4.99985   768
1553.00  0.03740  0.03757  0.01055  0.80968  -230.42189  -232.25252  4.99985   768
1554.00  0.03741  0.03757  0.01031  0.80968  -230.84456  -232.72707  4.99985   768
1555.00  0.03740  0.03757  0.01077  0.80968  -230.16859  -232.06178  4.99985   768
1556.00  0.03741  0.03757  0.01118  0.80968  -229.52772  -231.43770  4.99985   768
1557.00  0.03741  0.03757  0.01184  0.80968  -228.56642  -230.52522  4.99985   768
1558.00  0.03740  0.03757  0.01243  0.80968  -227.56544  -229.46779  4.99985   768
1559.00  0.03742  0.03757  0.01234  0.80968  -227.71498  -229.57612  4.99985   768
1560.00  0.03740  0.03757  0.01263  0.80968  -227.34877  -229.29536  4.99985   768
1561.00  0.03741  0.03757  0.01230  0.80968  -227.67836  -229.47542  4.99985   768
1562.00  0.03742  0.03757  0.01149  0.80968  -229.02113  -230.87617  4.99985   768
1563.00  0.03741  0.03757  0.01176  0.80968  -228.66408  -230.58778  4.99985   768
1564.00  0.03741  0.03757  0.01153  0.80968  -228.95705  -230.82277  4.99985   768
1565.00  0.03742  0.03757  0.01209  0.80968  -228.22768  -230.22005  4.99985   768
1566.00  0.03740  0.03757  0.01280  0.80968  -227.03749  -228.96883  4.99985   768
1567.00  0.03740  0.03757  0.01268  0.80968  -227.22060  -229.09700  4.99985   768
1568.00  0.03740  0.03757  0.01318  0.80968  -226.48054  -228.41493  4.99985   768
1569.00  0.03740  0.03757  0.01284  0.80968  -226.86964  -228.66975  4.99985   768
1570.00  0.03740  0.03757  0.01229  0.80968  -227.76839  -229.62038  4.99985   768
1571.00  0.03741  0.03757  0.01207  0.80968  -228.07509  -229.89809  4.99985   768
1572.00  0.03740  0.03757  0.01140  0.80968  -229.11574  -230.95247  4.99985   768
1573.00  0.03741  0.03757  0.01156  0.80968  -228.96467  -230.89448  4.99985   768
1574.00  0.03741  0.03757  0.01197  0.80968  -228.32686  -230.21699  4.99985   768
1575.00  0.03739  0.03757  0.01228  0.80968  -227.88740  -229.81569  4.99985   768
1576.00  0.03742  0.03757  0.01309  0.80968  -226.64381  -228.59956  4.99985   768
1577.00  0.03740  0.03757  0.01321  0.80968  -226.34627  -228.22267  4.99985   768
1578.00  0.03740  0.03757  0.01316  0.80968  -226.46071  -228.36458  4.99985   768
1579.00  0.03740  0.03757  0.01310  0.80968  -226.54005  -228.40272  4.99985   768
1580.00  0.03741  0.03757  0.01249  0.80968  -227.45711  -229.28621  4.99985   768
1581.00  0.03740  0.03757  0.01217  0.80968  -227.95149  -229.84010  4.99985   768
1582.00  0.03742  0.03757  0.01205  0.80968  -228.19411  -230.06441  4.99985   768
1583.00  0.03740  0.03757  0.01204  0.80968  -228.20479  -230.11629  4.99985   768
1584.00  0.03742  0.03757  0.01268  0.80968  -227.27400  -229.23433  4.99985   768
1585.00  0.03740  0.03757  0.01320  0.80968  -226.41035  -228.30659  4.99985   768
1586.00  0.03741  0.03757  0.01350  0.80968  -225.98463  -227.90376  4.99985   768
1587.00  0.03740  0.03757  0.01375  0.80968  -225.56502  -227.43989  4.99985   768
1588.00  0.03741  0.03757  0.01349  0.80968  -225.92665  -227.77711  4.99985   768
1589.00  0.03741  0.03757  0.01325  0.80968  -226.30049  -228.15706  4.99985   768
1590.00  0.03740  0.03757  0.01289  0.80968  -226.75062  -228.56752  4.99985   768
1591.00  0.03740  0.03757  0.01217  0.80968  -227.96370  -229.80043  4.99985   768
1592.00  0.03741  0.03757  0.01234  0.80968  -227.72108  -229.61885  4.99985   768
1593.00  0.03742  0.03757  0.01235  0.80968  -227.68294  -229.58375  4.99985   768
1594.00  0.03741  0.03757  0.01288  0.80968  -226.99477  -228.95662  4.99985   768
1595.00  0.03741  0.03757  0.01347  0.80968  -226.04262  -227.96632  4.99985   768
1596.00  0.03740  0.03757  0.01341  0.80968  -226.06856  -227.94038  4.99985   768
1597.00  0.03742  0.03757  0.01334  0.80968  -226.21504  -228.10213  4.99985   768
1598.00  0.03741  0.03757  0.01289  0.80968  -226.79640  -228.61635  4.99985   768
1599.00  0.03741  0.03757  0.01217  0.80968  -227.94234  -229.76991  4.99985   768
1600.00  0.03742  0.03757  0.01171  0.80968  -228.61220  -230.45961  4.99985   768
1601.00  0.03741  0.03757  0.01139  0.80968  -229.15388  -231.02266  4.99985   768
1602.00  0.03740  0.03757  0.01146  0.80968  -229.12184  -231.03944  4.99985   768
1603.00  0.03741  0.03757  0.01212  0.80968  -228.08882  -230.03084  4.99985   768
1604.00  0.03742  0.03757  0.01269  0.80968  -227.23433  -229.15651  4.99985   768
1605.00  0.03742  0.03757  0.01322  0.80968  -226.41493  -228.33864  4.99985   768
1606.00  0.03741  0.03757  0.01347  0.80968  -225.98768  -227.87935  4.99985   768
1607.00  0.03742  0.03757  0.01324  0.80968  -226.30812  -228.14790  4.99985   768
1608.00  0.03741  0.03757  0.01287  0.80968  -226.86507  -228.69874  4.99985   768
1609.00  0.03740  0.03757  0.01228  0.80968  -227.73329  -229.56544  4.99985   768
1610.00  0.03743  0.03757  0.01188  0.80968  -228.38942  -230.24599  4.99985   768
1611.00  0.03742  0.03757  0.01206  0.80968  -228.20326  -230.13002  4.99985   768
1612.00  0.03741  0.03757  0.01243  0.80968  -227.65242  -229.58986  4.99985   768
1613.00  0.03740  0.03757  0.01304  0.80968  -226.72621  -228.67738  4.99985   768
1614.00  0.03741  0.03757  0.01365  0.80968  -225.78474  -227.73439  4.99985   768
1615.00  0.03741  0.03757  0.01381  0.80968  -225.45668  -227.34682  4.99985   768
1616.00  0.03741  0.03757  0.01373  0.80968  -225.60164  -227.46583  4.99985   768
1617.00  0.03741  0.03757  0.01330  0.80968  -226.18452  -228.03041  4.99985   768
1618.00  0.03741  0.03757  0.01274  0.80968  -227.07716  -228.91237  4.99985   768
1619.00  0.03740  0.03757  0.01233  0.80968  -227.69667  -229.54713  4.99985   768
1620.00  0.03741  0.03757  0.01220  0.80968  -227.93013  -229.79890  4.99985   768
1621.00  0.03742  0.03757  0.01239  0.80968  -227.67683  -229.57918  4.99985   768
1622.00  0.03742  0.03757  0.01279  0.80968  -227.06496  -228.97493  4.99985   768
1623.00  0.03741  0.03757  0.01330  0.80968  -226.30965  -228.22725  4.99985   768
1624.00  0.03741  0.03757  0.01378  0.80968  -225.50551  -227.40938  4.99985   768
1625.00  0.03740  0.03757  0.01371  0.80968  -225.62453  -227.48872  4.99985   768
1626.00  0.03741  0.03757  0.01331  0.80968  -226.18758  -228.02125  4.99985   768
1627.00  0.03742  0.03757  0.01277  0.80968  -227.00545  -228.85133  4.99985   768
1628.00  0.03741  0.03757  0.01207  0.80968  -228.07204  -229.89503  4.99985   768
1629.00  0.03741  0.03757  0.01156  0.80968  -228.87312  -230.72206  4.99985   768
1630.00  0.03741  0.03757  0.01148  0.80968  -229.07759  -230.98146  4.99985   768
1631.00  0.03742  0.03757  0.01175  0.80968  -228.67018  -230.60457  4.99985   768
1632.00  0.03742  0.03757  0.01229  0.80968  -227.88893  -229.84621  4.99985   768
1633.00  0.03740  0.03757  0.01289  0.80968  -226.88338  -228.81319  4.99985   768
1634.00  0.03741  0.03757  0.01327  0.80968  -226.26845  -228.16469  4.99985   768
1635.00  0.03741  0.03757  0.01322  0.80968  -226.34627  -228.21351  4.99985   768
1636.00  0.03741  0.03757  0.01297  0.80968  -226.71400  -228.55684  4.99985   768
1637.00  0.03740  0.03757  0.01248  0.80968  -227.46626  -229.30757  4.99985   768
1638.00  0.03741  0.03757  0.01206  0.80968  -228.10103  -229.92403  4.99985   768
1639.00  0.03741  0.03757  0.01186  0.80968  -228.44435  -230.30244  4.99985   768
1640.00  0.03741  0.03757  0.01213  0.80968  -228.08577  -230.00185  4.99985   768
1641.00  0.03742  0.03757  0.01265  0.80968  -227.27095  -229.19466  4.99985   768
1642.00  0.03739  0.03757  0.01329  0.80968  -226.31880  -228.27608  4.99985   768
1643.00  0.03742  0.03757  0.01374  0.80968  -225.61232  -227.51466  4.99985   768
1644.00  0.03741  0.03757  0.01390  0.80968  -225.36360  -227.27968  4.99985   768
1645.00  0.03742  0.03757  0.01359  0.80968  -225.73744  -227.57875  4.99985   768
1646.00  0.03740  0.03757  0.01304  0.80968  -226.59193  -228.41798  4.99985   768
1647.00  0.03741  0.03757  0.01230  0.80968  -227.75923  -229.60206  4.99985   768
1648.00  0.03740  0.03757  0.01198  0.80968  -228.22310  -230.09035  4.99985   768
1649.00  0.03741  0.03757  0.01200  0.80968  -228.28871  -230.19258  4.99985   768
1650.00  0.03741  0.03757  0.01236  0.80968  -227.74702  -229.68751  4.99985   768
1651.00  0.03741  0.03757  0.01293  0.80968  -226.86507  -228.80250  4.99985   768
1652.00  0.03740  0.03757  0.01354  0.80968  -225.94649  -227.85799  4.99985   768
1653.00  0.03740  0.03757  0.01382  0.80968  -225.44752  -227.32240  4.99985   768
1654.00  0.03741  0.03757  0.01355  0.80968  -225.81068  -227.65199  4.99985   768
1655.00  0.03740  0.03757  0.01314  0.80968  -226.43935  -228.26082  4.99985   768
1656.00  0.03741  0.03757  0.01260  0.80968  -227.25569  -229.08479  4.99985   768
1657.00  0.03741  0.03757  0.01207  0.80968  -228.12086  -229.94386  4.99985   768
1658.00  0.03742  0.03757  0.01182  0.80968  -228.46571  -230.34517  4.99985   768
1659.00  0.03741  0.03757  0.01194  0.80968  -228.34975  -230.26430  4.99985   768
1660.00  0.03740  0.03757  0.01234  0.80968  -227.78364  -229.70277  4.99985   768
1661.00  0.03741  0.03757  0.01282  0.80968  -226.98866  -228.93373  4.99985   768
1662.00  0.03741  0.03757  0.01313  0.80968  -226.55073  -228.47597  4.99985   768
1663.00  0.03741  0.03757  0.01315  0.80968  -226.46223  -228.33406  4.99985   768
1664.00  0.03741  0.03757  0.01292  0.80968  -226.80098  -228.66670  4.99985   768
1665.00  0.03740  0.03757  0.01238  0.80968  -227.58833  -229.42964  4.99985   768
1666.00  0.03739  0.03757  0.01198  0.80968  -228.20936  -230.07204  4.99985   768
1667.00  0.03741  0.03757  0.01178  0.80968  -228.61220  -230.49165  4.99985   768
1668.00  0.03740  0.03757  0.01192  0.80968  -228.40925  -230.31007  4.99985   768
1669.00  0.03741  0.03757  0.01235  0.80968  -227.76076  -229.68446  4.99985   768
1670.00  0.03741  0.03757  0.01295  0.80968  -226.87575  -228.82387  4.99985   768
1671.00  0.03742  0.03757  0.01347  0.80968  -225.98158  -227.88240  4.99985   768
1672.00  0.03740  0.03757  0.01372  0.80968  -225.61079  -227.49635  4.99985   768
1673.00  0.03740  0.03757  0.01369  0.80968  -225.64589  -227.50093  4.99985   768
1674.00  0.03741  0.03757  0.01325  0.80968  -226.24098  -228.06550  4.99985   768
1675.00  0.03741  0.03757  0.01258  0.80968  -227.31978  -229.13972  4.99985   768
1676.00  0.03741  0.03757  0.01210  0.80968  -228.08119  -229.93623  4.99985   768
1677.00  0.03742  0.03757  0.01200  0.80968  -228.23225  -230.12697  4.99985   768
1678.00  0.03741  0.03757  0.01208  0.80968  -228.14070  -230.04457  4.99985   768
1679.00  0.03741  0.03757  0.01246  0.80968  -227.61275  -229.55324  4.99985   768
1680.00  0.03740  0.03757  0.01308  0.80968  -226.66823  -228.62703  4.99985   768
1681.00  0.03742  0.03757  0.01356  0.80968  -225.88850  -227.81984  4.99985   768
1682.00  0.03741  0.03757  0.01354  0.80968  -225.86409  -227.73439  4.99985   768
1683.00  0.03740  0.03757  0.01305  0.80968  -226.55531  -228.41493  4.99985   768
1684.00  0.03742  0.03757  0.01274  0.80968  -227.06801  -228.90474  4.99985   768
1685.00  0.03739  0.03757  0.01219  0.80968  -227.91945  -229.77907  4.99985   768
1686.00  0.03739  0.03757  0.01183  0.80968  -228.47945  -230.30702  4.99985   768
1687.00  0.03741  0.03757  0.01196  0.80968  -228.33449  -230.22615  4.99985   768
1688.00  0.03741  0.03757  0.01227  0.80968  -227.87367  -229.80348  4.99985   768
1689.00  0.03741  0.03757  0.01285  0.80968  -226.97951  -228.90321  4.99985   768
1690.00  0.03740  0.03757  0.01335  0.80968  -226.19978  -228.10060  4.99985   768
1691.00  0.03740  0.03757  0.01359  0.80968  -225.80763  -227.69166  4.99985   768
1692.00  0.03740  0.03757  0.01335  0.80968  -226.14332  -227.99837  4.99985   768
1693.00  0.03740  0.03757  0.01278  0.80968  -227.00239  -228.83302  4.99985   768
1694.00  0.03742  0.03757  0.01213  0.80968  -227.99116  -229.81569  4.99985   768
1695.00  0.03740  0.03757  0.01171  0.80968  -228.66408  -230.51301  4.99985   768
1696.00  0.03741  0.03757  0.01165  0.80968  -228.78004  -230.68544  4.99985   768
1697.00  0.03740  0.03757  0.01189  0.80968  -228.46571  -230.41383  4.99985   768
1698.00  0.03740  0.03757  0.01251  0.80968  -227.55171  -229.49831  4.99985   768
1699.00  0.03740  0.03757  0.01321  0.80968  -226.45766  -228.41188  4.99985   768
1700.00  0.03739  0.03757  0.01368  0.80968  -225.65504  -227.58028  4.99985   768
1701.00  0.03741  0.03757  0.01375  0.80968  -225.53297  -227.40327  4.99985   768
1702.00  0.03741  0.03757  0.01343  0.80968  -226.01210  -227.82136  4.99985   768
1703.00  0.03740  0.03757  0.01283  0.80968  -226.89101  -228.72316  4.99985   768
1704.00  0.03741  0.03757  0.01229  0.80968  -227.73482  -229.55629  4.99985   768
1705.00  0.03741  0.03757  0.01193  0.80968  -228.30244  -230.16206  4.99985   768
1706.00  0.03740  0.03757  0.01190  0.80968  -228.42451  -230.29481  4.99985   768
1707.00  0.03740  0.03757  0.01224  0.80968  -227.92097  -229.84621  4.99985   768
1708.00  0.03742  0.03757  0.01281  0.80968  -227.06801  -229.00850  4.99985   768
1709.00  0.03739  0.03757  0.01338  0.80968  -226.16469  -228.09907  4.99985   768
1710.00  0.03740  0.03757  0.01362  0.80968  -225.72371  -227.62910  4.99985   768
1711.00  0.03740  0.03757  0.01344  0.80968  -225.98616  -227.84425  4.99985   768
1712.00  0.03741  0.03757  0.01286  0.80968  -226.84828  -228.67280  4.99985   768
1713.00  0.03741  0.03757  0.01223  0.80968  -227.82942  -229.67988  4.99985   768
1714.00  0.03740  0.03757  0.01183  0.80968  -228.47945  -230.34059  4.99985   768
1715.00  0.03742  0.03757  0.01177  0.80968  -228.59999  -230.50233  4.99985   768
1716.00  0.03740  0.03757  0.01196  0.80968  -228.29787  -230.22005  4.99985   768
1717.00  0.03740  0.03757  0.01251  0.80968  -227.52577  -229.47847  4.99985   768
1718.00  0.03739  0.03757  0.01313  0.80968  -226.54768  -228.48207  4.99985   768
1719.00  0.03742  0.03757  0.01359  0.80968  -225.80305  -227.70235  4.99985   768
1720.00  0.03740  0.03757  0.01362  0.80968  -225.76796  -227.65199  4.99985   768
1721.00  0.03741  0.03757  0.01331  0.80968  -226.16164  -227.97700  4.99985   768
1722.00  0.03740  0.03757  0.01276  0.80968  -227.00545  -228.81471  4.99985   768
1723.00  0.03741  0.03757  0.01208  0.80968  -228.04457  -229.87520  4.99985   768
1724.00  0.03741  0.03757  0.01177  0.80968  -228.58626  -230.43825  4.99985   768
1725.00  0.03740  0.03757  0.01180  0.80968  -228.58626  -230.48707  4.99985   768
1726.00  0.03740  0.03757  0.01228  0.80968  -227.84773  -229.80348  4.99985   768
1727.00  0.03741  0.03757  0.01284  0.80968  -227.01918  -228.96120  4.99985   768
1728.00  0.03741  0.03757  0.01336  0.80968  -226.21809  -228.14027  4.99985   768
1729.00  0.03740  0.03757  0.01352  0.80968  -225.93733  -227.83967  4.99985   768
1730.00  0.03741  0.03757  0.01346  0.80968  -225.97548  -227.85341  4.99985   768
1731.00  0.03740  0.03757  0.01311  0.80968  -226.50954  -228.33864  4.99985   768
1732.00  0.03740  0.03757  0.01256  0.80968  -227.32130  -229.15956  4.99985   768
1733.00  0.03742  0.03757  0.01206  0.80968  -228.11171  -229.97438  4.99985   768
1734.00  0.03740  0.03757  0.01188  0.80968  -228.46571  -230.34517  4.99985   768
1735.00  0.03740  0.03757  0.01223  0.80968  -227.90114  -229.82027  4.99985   768
1736.00  0.03742  0.03757  0.01277  0.80968  -227.10615  -229.02528  4.99985   768
1737.00  0.03740  0.03757  0.01337  0.80968  -226.18300  -228.12349  4.99985   768
1738.00  0.03741  0.03757  0.01367  0.80968  -225.69166  -227.58180  4.99985   768
1739.00  0.03740  0.03757  0.01352  0.80968  -225.84273  -227.68251  4.99985   768
1740.00  0.03741  0.03757  0.01325  0.80968  -226.29591  -228.14943  4.99985   768
1741.00  0.03740  0.03757  0.01280  0.80968  -226.97035  -228.78267  4.99985   768
1742.00  0.03739  0.03757  0.01220  0.80968  -227.88588  -229.70735  4.99985   768
1743.00  0.03741  0.03757  0.01189  0.80968  -228.36958  -230.23836  4.99985   768
1744.00  0.03741  0.03757  0.01194  0.80968  -228.38179  -230.28871  4.99985   768
1745.00  0.03741  0.03757  0.01231  0.80968  -227.79585  -229.72108  4.99985   768
1746.00  0.03740  0.03757  0.01297  0.80968  -226.81624  -228.79335  4.99985   768
1747.00  0.03740  0.03757  0.01341  0.80968  -226.12044  -228.03346  4.99985   768
1748.00  0.03742  0.03757  0.01359  0.80968  -225.78017  -227.68098  4.99985   768
1749.00  0.03741  0.03757  0.01337  0.80968  -226.08382  -227.94801  4.99985   768
1750.00  0.03740  0.03757  0.01293  0.80968  -226.76436  -228.60109  4.99985   768
1751.00  0.03740  0.03757  0.01235  0.80968  -227.64021  -229.46779  4.99985   768
1752.00  0.03741  0.03757  0.01198  0.80968  -228.23073  -230.07661  4.99985   768
1753.00  0.03741  0.03757  0.01186  0.80968  -228.45198  -230.31770  4.99985   768
1754.00  0.03740  0.03757  0.01204  0.80968  -228.20479  -230.12392  4.99985   768
1755.00  0.03740  0.03757  0.01255  0.80968  -227.43117  -229.34267  4.99985   768
1756.00  0.03741  0.03757  0.01314  0.80968  -226.54310  -228.47749  4.99985   768
1757.00  0.03740  0.03757  0.01341  0.80968  -226.08076  -227.97853  4.99985   768
1758.00  0.03741  0.03757  0.01343  0.80968  -226.03499  -227.91139  4.99985   768
1759.00  0.03741  0.03757  0.01317  0.80968  -226.38747  -228.23945  4.99985   768
1760.00  0.03742  0.03757  0.01264  0.80968  -227.19923  -229.03444  4.99985   768
1761.00  0.03740  0.03757  0.01210  0.80968  -228.04304  -229.88740  4.99985   768
1762.00  0.03740  0.03757  0.01189  0.80968  -228.41994  -230.29024  4.99985   768
1763.00  0.03740  0.03757  0.01202  0.80968  -228.26277  -230.20631  4.99985   768
1764.00  0.03741  0.03757  0.01255  0.80968  -227.45100  -229.39302  4.99985   768
1765.00  0.03741  0.03757  0.01319  0.80968  -226.53395  -228.48360  4.99985   768
1766.00  0.03741  0.03757  0.01354  0.80968  -225.90529  -227.82289  4.99985   768
1767.00  0.03741  0.03757  0.01364  0.80968  -225.73591  -227.62605  4.99985   768
1768.00  0.03740  0.03757  0.01354  0.80968  -225.83967  -227.70235  4.99985   768
1769.00  0.03740  0.03757  0.01299  0.80968  -226.63618  -228.45460  4.99985   768
1770.00  0.03740  0.03757  0.01237  0.80968  -227.62038  -229.45100  4.99985   768
1771.00  0.03741  0.03757  0.01201  0.80968  -228.21394  -230.05678  4.99985   768
1772.00  0.03740  0.03757  0.01201  0.80968  -228.23378  -230.11781  4.99985   768
1773.00  0.03741  0.03757  0.01239  0.80968  -227.70582  -229.62343  4.99985   768
1774.00  0.03740  0.03757  0.01293  0.80968  -226.84065  -228.77504  4.99985   768
1775.00  0.03740  0.03757  0.01346  0.80968  -226.08076  -227.99531  4.99985   768
1776.00  0.03740  0.03757  0.01368  0.80968  -225.63216  -227.53450  4.99985   768
1777.00  0.03741  0.03757  0.01367  0.80968  -225.65962  -227.54518  4.99985   768
1778.00  0.03740  0.03757  0.01335  0.80968  -226.14485  -228.00600  4.99985   768
1779.00  0.03740  0.03757  0.01271  0.80968  -227.06801  -228.88185  4.99985   768
1780.00  0.03741  0.03757  0.01214  0.80968  -228.00032  -229.84621  4.99985   768
1781.00  0.03741  0.03757  0.01207  0.80968  -228.14528  -230.05830  4.99985   768
1782.00  0.03739  0.03757  0.01211  0.80968  -228.10713  -230.02321  4.99985   768
1783.00  0.03740  0.03757  0.01255  0.80968  -227.47999  -229.41896  4.99985   768
1784.00  0.03740  0.03757  0.01323  0.80968  -226.40730  -228.35847  4.99985   768
1785.00  0.03742  0.03757  0.01364  0.80968  -225.77864  -227.67946  4.99985   768
1786.00  0.03740  0.03757  0.01358  0.80968  -225.79237  -227.64894  4.99985   768
1787.00  0.03740  0.03757  0.01328  0.80968  -226.21199  -228.04872  4.99985   768
1788.00  0.03741  0.03757  0.01273  0.80968  -227.07411  -228.89863  4.99985   768
1789.00  0.03740  0.03757  0.01211  0.80968  -228.01558  -229.82332  4.99985   768
1790.00  0.03740  0.03757  0.01172  0.80968  -228.65034  -230.51454  4.99985   768
1791.00  0.03741  0.03757  0.01176  0.80968  -228.65950  -230.54353  4.99985   768
1792.00  0.03739  0.03757  0.01219  0.80968  -228.00185  -229.94844  4.99985   768
1793.00  0.03741  0.03757  0.01287  0.80968  -226.94441  -228.89711  4.99985   768
1794.00  0.03741  0.03757  0.01344  0.80968  -226.08229  -228.01362  4.99985   768
1795.00  0.03741  0.03757  0.01365  0.80968  -225.70692  -227.60164  4.99985   768
1796.00  0.03740  0.03757  0.01358  0.80968  -225.79390  -227.68251  4.99985   768
1797.00  0.03741  0.03757  0.01320  0.80968  -226.36458  -228.21046  4.99985   768
1798.00  0.03741  0.03757  0.01256  0.80968  -227.31367  -229.15040  4.99985   768
1799.00  0.03741  0.03757  0.01204  0.80968  -228.12849  -229.97285  4.99985   768
1800.00  0.03741  0.03757  0.01182  0.80968  -228.49013  -230.37111  4.99985   768
1801.00  0.03741  0.03757  0.01204  0.80968  -228.21547  -230.13154  4.99985   768
1802.00  0.03740  0.03757  0.01252  0.80968  -227.50593  -229.42354  4.99985   768
1803.00  0.03740  0.03757  0.01320  0.80968  -226.47444  -228.41646  4.99985   768
1804.00  0.03740  0.03757  0.01367  0.80968  -225.71760  -227.62300  4.99985   768
1805.00  0.03741  0.03757  0.01378  0.80968  -225.50703  -227.38496  4.99985   768
1806.00  0.03740  0.03757  0.01351  0.80968  -225.86104  -227.69166  4.99985   768
1807.00  0.03741  0.03757  0.01304  0.80968  -226.59041  -228.42409  4.99985   768
1808.00  0.03741  0.03757  0.01242  0.80968  -227.54713  -229.37318  4.99985   768
1809.00  0.03741  0.03757  0.01206  0.80968  -228.13917  -230.01558  4.99985   768
1810.00  0.03741  0.03757  0.01195  0.80968  -228.29481  -230.16054  4.99985   768
1811.00  0.03740  0.03757  0.01236  0.80968  -227.77754  -229.72719  4.99985   768
1812.00  0.03741  0.03757  0.01293  0.80968  -226.89253  -228.84523  4.99985   768
1813.00  0.03740  0.03757  0.01342  0.80968  -226.10670  -228.02431  4.99985   768
1814.00  0.03740  0.03757  0.01368  0.80968  -225.67183  -227.60011  4.99985   768
1815.00  0.03740  0.03757  0.01354  0.80968  -225.89155  -227.76185  4.99985   768
1816.00  0.03741  0.03757  0.01304  0.80968  -226.57210  -228.40272  4.99985   768
1817.00  0.03742  0.03757  0.01239  0.80968  -227.56850  -229.38234  4.99985   768
1818.00  0.03740  0.03757  0.01184  0.80968  -228.43367  -230.26582  4.99985   768
1819.00  0.03741  0.03757  0.01157  0.80968  -228.89448  -230.75716  4.99985   768
1820.00  0.03740  0.03757  0.01179  0.80968  -228.59999  -230.50233  4.99985   768
1821.00  0.03741  0.03757  0.01228  0.80968  -227.84773  -229.76533  4.99985   768
1822.00  0.03741  0.03757  0.01293  0.80968  -226.86812  -228.80861  4.99985   768
1823.00  0.03742  0.03757  0.01333  0.80968  -226.22725  -228.13112  4.99985   768
1824.00  0.03741  0.03757  0.01347  0.80968  -225.96174  -227.83510  4.99985   768
1825.00  0.03740  0.03757  0.01331  0.80968  -226.20436  -228.05330  4.99985   768
1826.00  0.03741  0.03757  0.01280  0.80968  -226.95051  -228.78572  4.99985   768
1827.00  0.03739  0.03757  0.01220  0.80968  -227.90419  -229.75618  4.99985   768
1828.00  0.03741  0.03757  0.01182  0.80968  -228.49928  -230.35737  4.99985   768
1829.00  0.03741  0.03757  0.01174  0.80968  -228.67781  -230.58778  4.99985   768
1830.00  0.03740  0.03757  0.01213  0.80968  -228.13765  -230.08119  4.99985   768
1831.00  0.03741  0.03757  0.01283  0.80968  -227.03902  -229.00850  4.99985   768
1832.00  0.03740  0.03757  0.01336  0.80968  -226.19063  -228.11891  4.99985   768
1833.00  0.03741  0.03757  0.01363  0.80968  -225.80153  -227.70082  4.99985   768
1834.00  0.03741  0.03757  0.01353  0.80968  -225.88240  -227.74812  4.99985   768
1835.00  0.03741  0.03757  0.01311  0.80968  -226.43019  -228.26845  4.99985   768
1836.00  0.03742  0.03757  0.01244  0.80968  -227.48610  -229.29841  4.99985   768
1837.00  0.03740  0.03757  0.01202  0.80968  -228.18037  -230.02473  4.99985   768
1838.00  0.03741  0.03757  0.01182  0.80968  -228.48707  -230.35585  4.99985   768
1839.00  0.03740  0.03757  0.01195  0.80968  -228.36043  -230.26277  4.99985   768
1840.00  0.03741  0.03757  0.01250  0.80968  -227.53950  -229.47999  4.99985   768
1841.00  0.03741  0.03757  0.01306  0.80968  -226.66365  -228.59498  4.99985   768
1842.00  0.03740  0.03757  0.01352  0.80968  -225.93886  -227.85646  4.99985   768
1843.00  0.03740  0.03757  0.01358  0.80968  -225.81984  -227.68709  4.99985   768
1844.00  0.03740  0.03757  0.01328  0.80968  -226.22420  -228.08992  4.99985   768
1845.00  0.03741  0.03757  0.01267  0.80968  -227.13209  -228.95357  4.99985   768
1846.00  0.03740  0.03757  0.01207  0.80968  -228.11171  -229.95759  4.99985   768
1847.00  0.03741  0.03757  0.01176  0.80968  -228.58473  -230.46724  4.99985   768
1848.00  0.03740  0.03757  0.01169  0.80968  -228.69917  -230.59846  4.99985   768
1849.00  0.03740  0.03757  0.01211  0.80968  -228.15138  -230.08577  4.99985   768
1850.00  0.03740  0.03757  0.01261  0.80968  -227.30604  -229.26179  4.99985   768
1851.00  0.03740  0.03757  0.01308  0.80968  -226.63161  -228.54616  4.99985   768
1852.00  0.03740  0.03757  0.01325  0.80968  -226.33253  -228.21809  4.99985   768
1853.00  0.03740  0.03757  0.01330  0.80968  -226.22114  -228.07161  4.99985   768
1854.00  0.03742  0.03757  0.01293  0.80968  -226.78572  -228.61787  4.99985   768
1855.00  0.03742  0.03757  0.01237  0.80968  -227.61580  -229.41286  4.99985   768
1856.00  0.03741  0.03757  0.01192  0.80968  -228.32991  -230.17580  4.99985   768
1857.00  0.03740  0.03757  0.01181  0.80968  -228.50844  -230.37721  4.99985   768
1858.00  0.03741  0.03757  0.01212  0.80968  -228.09492  -230.03541  4.99985   768
1859.00  0.03740  0.03757  0.01274  0.80968  -227.17024  -229.09852  4.99985   768
1860.00  0.03741  0.03757  0.01332  0.80968  -226.28065  -228.22267  4.99985   768
1861.00  0.03741  0.03757  0.01353  0.80968  -225.93581  -227.83662  4.99985   768
1862.00  0.03740  0.03757  0.01360  0.80968  -225.76948  -227.64284  4.99985   768
1863.00  0.03741  0.03757  0.01325  0.80968  -226.28371  -228.14638  4.99985   768
1864.00  0.03740  0.03757  0.01271  0.80968  -227.12294  -228.95662  4.99985   768
1865.00  0.03740  0.03757  0.01214  0.80968  -227.94081  -229.78975  4.99985   768
1866.00  0.03741  0.03757  0.01192  0.80968  -228.37111  -230.24904  4.99985   768
1867.00  0.03740  0.03757  0.01183  0.80968  -228.48402  -230.37416  4.99985   768
1868.00  0.03742  0.03757  0.01237  0.80968  -227.67531  -229.62953  4.99985   768
1869.00  0.03740  0.03757  0.01301  0.80968  -226.74910  -228.68806  4.99985   768
1870.00  0.03740  0.03757  0.01337  0.80968  -226.15095  -228.05177  4.99985   768
1871.00  0.03741  0.03757  0.01347  0.80968  -225.97548  -227.83205  4.99985   768
1872.00  0.03741  0.03757  0.01328  0.80968  -226.20741  -228.02431  4.99985   768
1873.00  0.03741  0.03757  0.01276  0.80968  -227.00850  -228.83150  4.99985   768
1874.00  0.03740  0.03757  0.01216  0.80968  -227.95149  -229.76991  4.99985   768
1875.00  0.03740  0.03757  0.01188  0.80968  -228.34212  -230.22310  4.99985   768
1876.00  0.03741  0.03757  0.01182  0.80968  -228.51454  -230.40163  4.99985   768
1877.00  0.03741  0.03757  0.01205  0.80968  -228.17885  -230.10103  4.99985   768
1878.00  0.03740  0.03757  0.01261  0.80968  -227.35487  -229.29841  4.99985   768
1879.00  0.03741  0.03757  0.01314  0.80968  -226.51869  -228.45308  4.99985   768
1880.00  0.03740  0.03757  0.01347  0.80968  -226.03346  -227.94954  4.99985   768
1881.00  0.03740  0.03757  0.01348  0.80968  -225.95259  -227.82899  4.99985   768
1882.00  0.03741  0.03757  0.01310  0.80968  -226.48512  -228.35084  4.99985   768
1883.00  0.03740  0.03757  0.01244  0.80968  -227.47542  -229.28010  4.99985   768
1884.00  0.03740  0.03757  0.01202  0.80968  -228.20479  -230.07509  4.99985   768
1885.00  0.03741  0.03757  0.01181  0.80968  -228.53438  -230.41688  4.99985   768
1886.00  0.03741  0.03757  0.01206  0.80968  -228.15748  -230.08424  4.99985   768
1887.00  0.03739  0.03757  0.01261  0.80968  -227.36403  -229.28621  4.99985   768
1888.00  0.03740  0.03757  0.01320  0.80968  -226.45460  -228.38441  4.99985   768
1889.00  0.03741  0.03757  0.01370  0.80968  -225.65352  -227.56502  4.99985   768
1890.00  0.03741  0.03757  0.01391  0.80968  -225.30257  -227.18507  4.99985   768
1891.00  0.03740  0.03757  0.01368  0.80968  -225.62147  -227.46278  4.99985   768
1892.00  0.03740  0.03757  0.01318  0.80968  -226.36915  -228.17689  4.99985   768
1893.00  0.03741  0.03757  0.01248  0.80968  -227.46779  -229.28773  4.99985   768
1894.00  0.03739  0.03757  0.01198  0.80968  -228.25667  -230.13765  4.99985   768
1895.00  0.03741  0.03757  0.01179  0.80968  -228.54506  -230.43062  4.99985   768
1896.00  0.03740  0.03757  0.01209  0.80968  -228.17122  -230.10560  4.99985   768
1897.00  0.03739  0.03757  0.01269  0.80968  -227.26942  -229.22822  4.99985   768
1898.00  0.03741  0.03757  0.01321  0.80968  -226.40578  -228.34016  4.99985   768
1899.00  0.03739  0.03757  0.01357  0.80968  -225.89155  -227.81221  4.99985   768
1900.00  0.03739  0.03757  0.01357  0.80968  -225.76796  -227.63368  4.99985   768
1901.00  0.03740  0.03757  0.01309  0.80968  -226.53090  -228.36915  4.99985   768
1902.00  0.03740  0.03757  0.01252  0.80968  -227.35029  -229.17634  4.99985   768
1903.00  0.03741  0.03757  0.01188  0.80968  -228.34975  -230.16664  4.99985   768
1904.00  0.03740  0.03757  0.01162  0.80968  -228.77241  -230.64577  4.99985   768
1905.00  0.03740  0.03757  0.01183  0.80968  -228.53438  -230.45656  4.99985   768
1906.00  0.03741  0.03757  0.01223  0.80968  -227.90419  -229.81569  4.99985   768
1907.00  0.03742  0.03757  0.01292  0.80968  -226.90169  -228.84370  4.99985   768
1908.00  0.03740  0.03757  0.01348  0.80968  -226.01515  -227.94038  4.99985   768
1909.00  0.03741  0.03757  0.01365  0.80968  -225.67641  -227.58028  4.99985   768
1910.00  0.03739  0.03757  0.01338  0.80968  -226.08229  -227.93886  4.99985   768
1911.00  0.03740  0.03757  0.01293  0.80968  -226.78877  -228.64534  4.99985   768
1912.00  0.03740  0.03757  0.01233  0.80968  -227.65700  -229.49373  4.99985   768
1913.00  0.03740  0.03757  0.01196  0.80968  -228.27956  -230.14986  4.99985   768
1914.00  0.03741  0.03757  0.01184  0.80968  -228.52980  -230.44282  4.99985   768
1915.00  0.03740  0.03757  0.01223  0.80968  -227.94234  -229.86146  4.99985   768
1916.00  0.03740  0.03757  0.01289  0.80968  -226.94746  -228.90626  4.99985   768
1917.00  0.03740  0.03757  0.01349  0.80968  -225.99531  -227.94191  4.99985   768
1918.00  0.03740  0.03757  0.01386  0.80968  -225.44600  -227.32698  4.99985   768
1919.00  0.03741  0.03757  0.01384  0.80968  -225.38801  -227.24000  4.99985   768
1920.00  0.03740  0.03757  0.01344  0.80968  -225.98158  -227.81984  4.99985   768
1921.00  0.03740  0.03757  0.01295  0.80968  -226.70790  -228.53242  4.99985   768
1922.00  0.03741  0.03757  0.01234  0.80968  -227.67683  -229.48152  4.99985   768
1923.00  0.03740  0.03757  0.01207  0.80968  -228.11018  -229.96828  4.99985   768
1924.00  0.03741  0.03757  0.01209  0.80968  -228.16054  -230.06288  4.99985   768
1925.00  0.03739  0.03757  0.01260  0.80968  -227.38692  -229.32130  4.99985   768
1926.00  0.03739  0.03757  0.01314  0.80968  -226.52327  -228.45155  4.99985   768
1927.00  0.03740  0.03757  0.01358  0.80968  -225.82136  -227.74049  4.99985   768
1928.00  0.03739  0.03757  0.01368  0.80968  -225.64589  -227.53602  4.99985   768
1929.00  0.03741  0.03757  0.01344  0.80968  -226.03499  -227.90376  4.99985   768
1930.00  0.03740  0.03757  0.01290  0.80968  -226.79945  -228.64229  4.99985   768
1931.00  0.03741  0.03757  0.01229  0.80968  -227.75160  -229.58986  4.99985   768
1932.00  0.03740  0.03757  0.01183  0.80968  -228.45351  -230.31312  4.99985   768
1933.00  0.03739  0.03757  0.01177  0.80968  -228.61830  -230.48860  4.99985   768
1934.00  0.03739  0.03757  0.01210  0.80968  -228.14986  -230.09035  4.99985   768
1935.00  0.03739  0.03757  0.01273  0.80968  -227.20381  -229.12141  4.99985   768
1936.00  0.03741  0.03757  0.01333  0.80968  -226.24556  -228.18300  4.99985   768
1937.00  0.03740  0.03757  0.01357  0.80968  -225.82899  -227.73286  4.99985   768
1938.00  0.03741  0.03757  0.01359  0.80968  -225.78169  -227.64284  4.99985   768
1939.00  0.03740  0.03757  0.01316  0.80968  -226.42714  -228.24251  4.99985   768
1940.00  0.03740  0.03757  0.01261  0.80968  -227.21754  -229.04054  4.99985   768
1941.00  0.03740  0.03757  0.01205  0.80968  -228.09035  -229.93013  4.99985   768
1942.00  0.03741  0.03757  0.01190  0.80968  -228.44435  -230.31465  4.99985   768
1943.00  0.03740  0.03757  0.01208  0.80968  -228.16054  -230.07661  4.99985   768
1944.00  0.03741  0.03757  0.01258  0.80968  -227.39302  -229.35640  4.99985   768
1945.00  0.03742  0.03757  0.01317  0.80968  -226.50496  -228.43019  4.99985   768
1946.00  0.03740  0.03757  0.01354  0.80968  -225.89613  -227.81221  4.99985   768
1947.00  0.03740  0.03757  0.01360  0.80968  -225.78932  -227.69014  4.99985   768
1948.00  0.03741  0.03757  0.01343  0.80968  -225.97853  -227.85036  4.99985   768
1949.00  0.03741  0.03757  0.01288  0.80968  -226.78572  -228.62398  4.99985   768
1950.00  0.03741  0.03757  0.01232  0.80968  -227.75313  -229.57918  4.99985   768
1951.00  0.03740  0.03757  0.01202  0.80968  -228.19868  -230.08882  4.99985   768
1952.00  0.03741  0.03757  0.01189  0.80968  -228.40315  -230.28566  4.99985   768
1953.00  0.03741  0.03757  0.01231  0.80968  -227.81416  -229.75465  4.99985   768
1954.00  0.03740  0.03757  0.01287  0.80968  -226.94899  -228.87117  4.99985   768
1955.00  0.03741  0.03757  0.01345  0.80968  -226.05940  -227.96785  4.99985   768
1956.00  0.03740  0.03757  0.01354  0.80968  -225.87324  -227.73134  4.99985   768
1957.00  0.03740  0.03757  0.01340  0.80968  -226.08992  -227.94649  4.99985   768
1958.00  0.03742  0.03757  0.01289  0.80968  -226.78572  -228.59651  4.99985   768
1959.00  0.03740  0.03757  0.01226  0.80968  -227.79585  -229.62953  4.99985   768
1960.00  0.03741  0.03757  0.01182  0.80968  -228.48555  -230.33296  4.99985   768
1961.00  0.03740  0.03757  0.01158  0.80968  -228.86092  -230.74495  4.99985   768
1962.00  0.03740  0.03757  0.01181  0.80968  -228.54964  -230.47334  4.99985   768
1963.00  0.03739  0.03757  0.01238  0.80968  -227.76076  -229.73024  4.99985   768
1964.00  0.03741  0.03757  0.01303  0.80968  -226.72468  -228.67891  4.99985   768
1965.00  0.03741  0.03757  0.01347  0.80968  -226.01973  -227.94343  4.99985   768
1966.00  0.03740  0.03757  0.01350  0.80968  -225.95106  -227.81679  4.99985   768
1967.00  0.03740  0.03757  0.01315  0.80968  -226.43324  -228.29133  4.99985   768
1968.00  0.03739  0.03757  0.01254  0.80968  -227.34114  -229.15651  4.99985   768
1969.00  0.03740  0.03757  0.01199  0.80968  -228.18190  -230.01405  4.99985   768
1970.00  0.03740  0.03757  0.01170  0.80968  -228.68849  -230.56489  4.99985   768
1971.00  0.03740  0.03757  0.01186  0.80968  -228.48860  -230.38942  4.99985   768
1972.00  0.03741  0.03757  0.01229  0.80968  -227.83247  -229.75923  4.99985   768
1973.00  0.03740  0.03757  0.01292  0.80968  -226.92000  -228.86812  4.99985   768
1974.00  0.03740  0.03757  0.01342  0.80968  -226.09602  -228.00142  4.99985   768
1975.00  0.03741  0.03757  0.01366  0.80968  -225.72981  -227.60469  4.99985   768
1976.00  0.03741  0.03757  0.01352  0.80968  -225.86104  -227.72371  4.99985   768
1977.00  0.03740  0.03757  0.01300  0.80968  -226.64229  -228.47597  4.99985   768
1978.00  0.03740  0.03757  0.01234  0.80968  -227.64021  -229.46321  4.99985   768
1979.00  0.03743  0.03757  0.01191  0.80968  -228.35890  -230.22005  4.99985   768
1980.00  0.03740  0.03757  0.01163  0.80968  -228.82735  -230.73884  4.99985   768
1981.00  0.03740  0.03757  0.01197  0.80968  -228.33144  -230.26124  4.99985   768
1982.00  0.03741  0.03757  0.01263  0.80968  -227.34877  -229.31215  4.99985   768
1983.00  0.03739  0.03757  0.01314  0.80968  -226.53395  -228.47139  4.99985   768
1984.00  0.03742  0.03757  0.01355  0.80968  -225.89461  -227.82899  4.99985   768
1985.00  0.03740  0.03757  0.01358  0.80968  -225.82594  -227.68098  4.99985   768
1986.00  0.03740  0.03757  0.01315  0.80968  -226.41035  -228.20894  4.99985   768
1987.00  0.03741  0.03757  0.01247  0.80968  -227.42049  -229.24043  4.99985   768
1988.00  0.03741  0.03757  0.01189  0.80968  -228.34975  -230.16969  4.99985   768
1989.00  0.03741  0.03757  0.01140  0.80968  -229.12489  -230.94636  4.99985   768
1990.00  0.03741  0.03757  0.01152  0.80968  -229.01961  -230.92653  4.99985   768
1991.00  0.03741  0.03757  0.01204  0.80968  -228.22768  -230.16511  4.99985   768
1992.00  0.03739  0.03757  0.01268  0.80968  -227.26637  -229.18703  4.99985   768
1993.00  0.03740  0.03757  0.01324  0.80968  -226.38441  -228.32338  4.99985   768
1994.00  0.03741  0.03757  0.01342  0.80968  -226.08839  -227.99684  4.99985   768
1995.00  0.03740  0.03757  0.01331  0.80968  -226.20741  -228.06703  4.99985   768
1996.00  0.03740  0.03757  0.01284  0.80968  -226.90932  -228.74757  4.99985   768
1997.00  0.03740  0.03757  0.01221  0.80968  -227.86909  -229.70125  4.99985   768
1998.00  0.03740  0.03757  0.01169  0.80968  -228.67476  -230.52675  4.99985   768
1999.00  0.03740  0.03757  0.01163  0.80968  -228.84413  -230.75410  4.99985   768
2000.00  0.04291  0.05780  0.01187  0.80968  -228.39552  -230.29787  4.99985   768
2001.00  0.05522  0.05780  0.01407  0.80968  -225.54671  -227.83815  4.99985   768
2002.00  0.05583  0.05780  0.01719  0.80968  -220.37703  -222.38466  4.99985   768
2003.00  0.05599  0.05780  0.01627  0.80968  -221.47261  -223.14149  4.99985   768
2004.00  0.05611  0.05780  0.01716  0.80968  -220.51131  -222.56319  4.99985   768
