ASI 600A Data File
Created: Wed May  8 13:16:31 2024
A/D Sampling Rate: 1000 Hz
Comment: Mouse CP512 Cell 2
Width 0.0280
Thick 0.0140
After Activation
Width 0.0
Thick 0.0
*** Setup Parameters ***
Length Controller: 315C
Force Transducer: 406A
Initial Length: 0.0578 mm
Minimum Length: -5 Lo
Maximum Length: 5 Lo
Fiber Length: 0.0578 mm
Initial Sarcomere Length: 0 um
Diameter: 1.91919 mm
Maximum Tetanic Tension: 3 mN
Calibrate FC step size:  -20 um
Calibrate FC ramp time:  100 ms
Calibrate FC hold time:  200 ms
Force Gain-Factor:       0.6
Force Integral-Constant: 0.26 ms
Force Filter-Constant:   0.2 ms
Constant Stiffness Range: 100
dF/dL measured at Force:  34522 adu
Fiber Stiffness (adu):    0
Fiber Stiffness (mN/mm):  0
SL Gain-Factor:           0.25
SL Integral-Constant:     0.1 ms
SL Filter-Constant:       0 ms
SL Stiffness (adu):       0.3
SL Stiffness (um/mm):     1
ADC0 Offset: -28.840 mv
ADC1 Offset: -28.840 mv
DAC0 Offset: 3.336 mv
DAC1 Offset: -3.588 mv
Panel 1 size: 2
Panel 2 size: 4
Panel 3 size: 2
Panel 4 size: 5
Panel 1 signal: 0
Panel 2 signal: 1
Panel 3 signal: 2
Panel 4 signal: 6
Background (0/1): 0
Length In color:  16395263
Force  In color:  16717330
SL     In color:  16771867
Aux1   In color:  1769257
Length Out color:  255
Force  Out color:  255
Stim   Out color:  16777215
Aux2   In  color:  16747283
Length Units: um
Force Units: mN
Time Units: ms
Sarcomere Length Units: um
Scope Display1: 0
Scope Display2: 2
AUX Channels Scope Display: 0
Scope Timebase: 1
Scope Vscale:   0
Scope Lunit:    1
Scope Lmin:     0.026370
Scope Lmax:     0.026470
Scope Funit:    0
Scope Fmin:     0.157780
Scope Fmax:     0.157960
Scope AUX1_min:     10.000000
Scope AUX1_max:     16.000000
Scope AUX2_min:     8.000000
Scope AUX2_max:     14.000000
Scope L Data Scale:     1.651868
Scope F Data Scale:     0.225000
Scope AUX1 Data Scale:     1.000000
Scope AUX2 Data Scale:     1.000000
Scope SL Data Scale:     1.000000
Scope Sunit:    0
Analysis Lunit: 4
Analysis Funit: 0
Analysis Tunit: 0
Analysis Channels: 101000000010000
Analysis Readout: 1
Analysis Gaussian Filter Kernel Size (Lin):     201
Analysis Gaussian Filter Kernel Size (Fin):     50
Analysis Gaussian Filter Kernel Size (Aux1):    201
Analysis Gaussian Filter Kernel Size (Aux2):    201
Analysis Gaussian Filter Standard Deviation (Lin):     1.0
Analysis Gaussian Filter Standard Deviation (Fin):     1.0
Analysis Gaussian Filter Standard Deviation (Aux1):    1.0
Analysis Gaussian Filter Standard Deviation (Aux2):    1.0
Aux1 Name: Aux1
Aux1 Units: C
Aux1 Scale (units/volt): 100.000000
Aux1 Offset (units): 2.000000
Aux2 Name: Aux2
Aux2 Units: mv
Aux2 Scale (units/volt): 100
Aux2 Offset (units): 0
 *** Cantilever Properties ***
Cantilever Stiffness Calculation Method: 2
Cantilever Stiffness (N/m): -1.000
Cantilever Length (um): 450.000
Cantilever Thickness (um): 2.000
Cantilever Width 1 (um): 50.000
Cantilever Width 2 (um): 50.000
Cantilever Elasticity (GPa): 160.000
 *** ASI804A Test Window Properties ***
ASI804A Vscale: 0
ASI804A Timebase: 0
ASI804A Sampling Rate: 0
ASI804A Scope L_min:     999.800000
ASI804A Scope L_max:     1000.200000
ASI804A Scope F_min:     -0.040000
ASI804A Scope F_max:     0.020000
ASI804A Scope log10Rario_min:     -0.063875
ASI804A Scope log10Ratio_max:     -0.063650
ASI804A Scope L Scale Units:    4
ASI804A Scope F Scale Units:    0
ASI804A Scope L Scale:     1.000000
ASI804A Scope F Scale:     1.000000
ASI804A Scope log10Ratio Scale:     0.500000
ASI804A Data Files Directory: /home/asi/data
ASI804A Data Files Name: atp_datafile
ASI804A Font: Liberation Sans
ASI804A Font Size: 24
ASI804A pCa Combo Size: 0
ASI804A pCa Combo Active: -1
 *** Additional devices ***
ASI802D Bath Controller: 0
ASI804A ATPase Controller: 1
*** Calibration Parameters ***
Model  LOoffset  LOscale  LIoffset  LIscale  FOoffset  FOscale  FIoffset  FIscale
Number 	mm        mm/v	   mm        mm/v     mN        mN/v     mN        mN/v
308B	 0	 0.2	 0	 0.2	 0	 1	 0	 1
312C	 0	 0.15	 0	 0.15	 0	 1	 0	 1
315C	 0	 0.15	 0	 0.15	 0	 1	 0	 1
318B	 0	 0.3	 0	 0.3	 0	 1	 0	 1
322C	 0	 0.3	 0	 0.3	 0	 1	 0	 1
340A	 0	 0.005	 0	 0.005	 0	 1	 0	 1
300C	 0	 0.5	 0	 0.5	 0	 50	 0	 50
300C-LR	 0	 0.5	 0	 0.5	 0	 100	 0	 100
305C	 0	 1	 0	 1	 0	 500	 0	 500
305C-LR	 0	 1	 0	 1	 0	 1000	 0	 1000
309C	 0	 1.25	 0	 1.25	 0	 2000	 0	 2000
310C	 0	 2	 0	 2	 0	 5000	 0	 5000
310C-LR	 0	 2	 0	 2	 0	 10000	 0	 10000
???	 0	 1	 0	 1	 0	 1	 0	 1
400A	 0	 1	 0	 1	 0	 5	 0	 5
402A	 0	 1	 0	 1	 0	 50	 0	 50
403A-CF	 0	 1	 0	 1	 0	 0.2	 0	 0.2
403A	 0	 1	 0	 1	 0	 0.5	 0	 0.5
404A	 0	 1	 0	 1	 0	 10	 0	 10
405A	 0	 1	 0	 1	 0	 1	 0	 1
406A	 0	 1	 0	 1	 0.16	 0.06497	 0.16	 0.06497
407A	 0	 1	 0	 1	 0	 100	 0	 100
470A	 0	 1	 0	 1	 0	 1	 0	 1
other	 0	 1	 0	 1	 0	 1	 0	 1
none	 0	 1	 0	 1	 0	 1	 0	 1
*** Test Protocol Parameters ***
A/D Sampling Rate: 1000 Hz
Comment: Length Discrete Sine protocol for stiffness testing
Minimum Length: -5.000 (Lo)
Maximum Length: 5.000 (Lo)
PD Deadband:    0.000000 mN
Stimulus 01: 0.3 ms 100.000 Hz 10.0 ms 50.000 Hz 0.100 s
Stimulus 02: 1.2 ms 100.000 Hz 20.0 ms 2.000 Hz 100.000 s
Stimulus 03: 1.3 ms 100.000 Hz 20.0 ms 2.000 Hz 100.000 s
Stimulus 04: 1.4 ms 100.000 Hz 20.0 ms 2.000 Hz 100.000 s
Stimulus 05: 1.5 ms 100.000 Hz 20.0 ms 2.000 Hz 100.000 s
Stimulus 06: 1.6 ms 100.000 Hz 20.0 ms 2.000 Hz 100.000 s
Stimulus 07: 1.7 ms 100.000 Hz 20.0 ms 2.000 Hz 100.000 s
Stimulus 08: 1.8 ms 100.000 Hz 20.0 ms 2.000 Hz 100.000 s
Stimulus 09: 1.9 ms 100.000 Hz 20.0 ms 2.000 Hz 100.000 s
Stimulus 10: 2.2 ms 100.000 Hz 20.0 ms 2.000 Hz 100.000 s
Time (ms)	Control Function	Options
      0.0	Data-Enable		
    200.0	Length-Step		 0.65 Lo
   2000.0	Length-Step		 1 Lo
   2005.0	Data-Disable		
      0.0	Stop		
*** Force and Length Signals vs Time ***
Time (ms)  Lin (mm)  Lout (mm)  Fin (mN)  Fout (mN)  Aux1 C  Aux2 mv  SL (um)   Stimulus/Triggers
0.00  0.05734  0.05780  0.01304  0.80968  -226.69569  -228.65144  4.99985   768
1.00  0.05735  0.05780  0.01372  0.80968  -225.67183  -227.61079  4.99985   768
2.00  0.05734  0.05780  0.01415  0.80968  -224.98366  -226.90584  4.99985   768
3.00  0.05734  0.05780  0.01412  0.80968  -224.94551  -226.79903  4.99985   768
4.00  0.05734  0.05780  0.01373  0.80968  -225.53908  -227.39564  4.99985   768
5.00  0.05733  0.05780  0.01308  0.80968  -226.50038  -228.33406  4.99985   768
6.00  0.05734  0.05780  0.01249  0.80968  -227.46321  -229.31825  4.99985   768
7.00  0.05734  0.05780  0.01211  0.80968  -228.06288  -229.90266  4.99985   768
8.00  0.05735  0.05780  0.01236  0.80968  -227.76839  -229.70125  4.99985   768
9.00  0.05734  0.05780  0.01291  0.80968  -226.90779  -228.85438  4.99985   768
10.00  0.05733  0.05780  0.01364  0.80968  -225.76948  -227.70235  4.99985   768
11.00  0.05735  0.05780  0.01427  0.80968  -224.77461  -226.70289  4.99985   768
12.00  0.05734  0.05780  0.01445  0.80968  -224.46791  -226.33974  4.99985   768
13.00  0.05733  0.05780  0.01417  0.80968  -224.86769  -226.69832  4.99985   768
14.00  0.05734  0.05780  0.01362  0.80968  -225.64131  -227.46431  4.99985   768
15.00  0.05734  0.05780  0.01296  0.80968  -226.70637  -228.51411  4.99985   768
16.00  0.05734  0.05780  0.01241  0.80968  -227.55629  -229.42659  4.99985   768
17.00  0.05734  0.05780  0.01233  0.80968  -227.73482  -229.63563  4.99985   768
18.00  0.05733  0.05780  0.01263  0.80968  -227.34724  -229.27705  4.99985   768
19.00  0.05734  0.05780  0.01328  0.80968  -226.34779  -228.30049  4.99985   768
20.00  0.05734  0.05780  0.01395  0.80968  -225.32088  -227.27510  4.99985   768
21.00  0.05733  0.05780  0.01435  0.80968  -224.66322  -226.57167  4.99985   768
22.00  0.05735  0.05780  0.01438  0.80968  -224.55031  -226.42061  4.99985   768
23.00  0.05734  0.05780  0.01392  0.80968  -225.24458  -227.08131  4.99985   768
24.00  0.05734  0.05780  0.01337  0.80968  -226.08839  -227.93123  4.99985   768
25.00  0.05734  0.05780  0.01265  0.80968  -227.15803  -228.96730  4.99985   768
26.00  0.05733  0.05780  0.01220  0.80968  -227.93318  -229.77602  4.99985   768
27.00  0.05735  0.05780  0.01224  0.80968  -227.90419  -229.78517  4.99985   768
28.00  0.05734  0.05780  0.01280  0.80968  -227.07869  -229.02681  4.99985   768
29.00  0.05734  0.05780  0.01357  0.80968  -225.91139  -227.85799  4.99985   768
30.00  0.05734  0.05780  0.01408  0.80968  -225.07979  -226.98671  4.99985   768
31.00  0.05735  0.05780  0.01422  0.80968  -224.78987  -226.65712  4.99985   768
32.00  0.05735  0.05780  0.01398  0.80968  -225.18202  -227.01875  4.99985   768
33.00  0.05735  0.05780  0.01351  0.80968  -225.85036  -227.68861  4.99985   768
34.00  0.05733  0.05780  0.01286  0.80968  -226.82081  -228.64992  4.99985   768
35.00  0.05733  0.05780  0.01232  0.80968  -227.66157  -229.49983  4.99985   768
36.00  0.05734  0.05780  0.01219  0.80968  -227.98811  -229.87520  4.99985   768
37.00  0.05733  0.05780  0.01251  0.80968  -227.49373  -229.43574  4.99985   768
38.00  0.05735  0.05780  0.01314  0.80968  -226.57210  -228.52937  4.99985   768
39.00  0.05735  0.05780  0.01388  0.80968  -225.43837  -227.39717  4.99985   768
40.00  0.05734  0.05780  0.01428  0.80968  -224.76240  -226.67390  4.99985   768
41.00  0.05736  0.05780  0.01417  0.80968  -224.86006  -226.72883  4.99985   768
42.00  0.05734  0.05780  0.01378  0.80968  -225.50093  -227.34071  4.99985   768
43.00  0.05732  0.05780  0.01309  0.80968  -226.48054  -228.28981  4.99985   768
44.00  0.05735  0.05780  0.01255  0.80968  -227.34724  -229.16261  4.99985   768
45.00  0.05734  0.05780  0.01212  0.80968  -228.00185  -229.86604  4.99985   768
46.00  0.05735  0.05780  0.01230  0.80968  -227.78212  -229.66157  4.99985   768
47.00  0.05734  0.05780  0.01271  0.80968  -227.17787  -229.10615  4.99985   768
48.00  0.05734  0.05780  0.01351  0.80968  -225.99531  -227.93886  4.99985   768
49.00  0.05735  0.05780  0.01405  0.80968  -225.13472  -227.03859  4.99985   768
50.00  0.05733  0.05780  0.01429  0.80968  -224.71205  -226.58998  4.99985   768
51.00  0.05734  0.05780  0.01398  0.80968  -225.15608  -227.00349  4.99985   768
52.00  0.05734  0.05780  0.01342  0.80968  -226.01362  -227.83510  4.99985   768
53.00  0.05734  0.05780  0.01280  0.80968  -226.92457  -228.74910  4.99985   768
54.00  0.05734  0.05780  0.01229  0.80968  -227.73787  -229.60206  4.99985   768
55.00  0.05735  0.05780  0.01229  0.80968  -227.79280  -229.69667  4.99985   768
56.00  0.05734  0.05780  0.01263  0.80968  -227.30757  -229.24806  4.99985   768
57.00  0.05735  0.05780  0.01329  0.80968  -226.30659  -228.26997  4.99985   768
58.00  0.05735  0.05780  0.01391  0.80968  -225.36207  -227.30714  4.99985   768
59.00  0.05735  0.05780  0.01424  0.80968  -224.80055  -226.70289  4.99985   768
60.00  0.05734  0.05780  0.01426  0.80968  -224.74409  -226.59303  4.99985   768
61.00  0.05733  0.05780  0.01374  0.80968  -225.48720  -227.29799  4.99985   768
62.00  0.05735  0.05780  0.01316  0.80968  -226.37373  -228.19063  4.99985   768
63.00  0.05734  0.05780  0.01255  0.80968  -227.33351  -229.15346  4.99985   768
64.00  0.05734  0.05780  0.01225  0.80968  -227.83552  -229.69820  4.99985   768
65.00  0.05734  0.05780  0.01247  0.80968  -227.56850  -229.49068  4.99985   768
66.00  0.05734  0.05780  0.01299  0.80968  -226.73689  -228.66365  4.99985   768
67.00  0.05734  0.05780  0.01366  0.80968  -225.76338  -227.70540  4.99985   768
68.00  0.05732  0.05780  0.01413  0.80968  -224.99434  -226.91957  4.99985   768
69.00  0.05734  0.05780  0.01419  0.80968  -224.87379  -226.74257  4.99985   768
70.00  0.05734  0.05780  0.01402  0.80968  -225.12556  -226.99281  4.99985   768
71.00  0.05734  0.05780  0.01341  0.80968  -225.97853  -227.80153  4.99985   768
72.00  0.05734  0.05780  0.01272  0.80968  -227.06801  -228.89558  4.99985   768
73.00  0.05734  0.05780  0.01219  0.80968  -227.89503  -229.74092  4.99985   768
74.00  0.05735  0.05780  0.01221  0.80968  -227.99422  -229.89961  4.99985   768
75.00  0.05734  0.05780  0.01252  0.80968  -227.46321  -229.39455  4.99985   768
76.00  0.05733  0.05780  0.01319  0.80968  -226.45766  -228.41341  4.99985   768
77.00  0.05734  0.05780  0.01381  0.80968  -225.50551  -227.39870  4.99985   768
78.00  0.05734  0.05780  0.01410  0.80968  -225.02333  -226.90736  4.99985   768
79.00  0.05736  0.05780  0.01390  0.80968  -225.32393  -227.15913  4.99985   768
80.00  0.05734  0.05780  0.01349  0.80968  -225.84425  -227.66572  4.99985   768
81.00  0.05734  0.05780  0.01298  0.80968  -226.65907  -228.46223  4.99985   768
82.00  0.05734  0.05780  0.01235  0.80968  -227.67073  -229.49678  4.99985   768
83.00  0.05735  0.05780  0.01215  0.80968  -228.02016  -229.87672  4.99985   768
84.00  0.05735  0.05780  0.01236  0.80968  -227.72871  -229.65089  4.99985   768
85.00  0.05733  0.05780  0.01294  0.80968  -226.86354  -228.82387  4.99985   768
86.00  0.05733  0.05780  0.01363  0.80968  -225.81373  -227.75117  4.99985   768
87.00  0.05733  0.05780  0.01415  0.80968  -224.96687  -226.91194  4.99985   768
88.00  0.05734  0.05780  0.01425  0.80968  -224.76546  -226.65864  4.99985   768
89.00  0.05733  0.05780  0.01397  0.80968  -225.20643  -227.04622  4.99985   768
90.00  0.05734  0.05780  0.01339  0.80968  -226.01820  -227.86256  4.99985   768
91.00  0.05734  0.05780  0.01272  0.80968  -227.13362  -228.95051  4.99985   768
92.00  0.05733  0.05780  0.01234  0.80968  -227.65394  -229.50288  4.99985   768
93.00  0.05734  0.05780  0.01230  0.80968  -227.76076  -229.65852  4.99985   768
94.00  0.05734  0.05780  0.01271  0.80968  -227.20686  -229.13362  4.99985   768
95.00  0.05735  0.05780  0.01341  0.80968  -226.14485  -228.09907  4.99985   768
96.00  0.05735  0.05780  0.01411  0.80968  -225.00654  -226.92262  4.99985   768
97.00  0.05734  0.05780  0.01433  0.80968  -224.64339  -226.52589  4.99985   768
98.00  0.05734  0.05780  0.01427  0.80968  -224.71052  -226.55794  4.99985   768
99.00  0.05734  0.05780  0.01380  0.80968  -225.41090  -227.23543  4.99985   768
100.00  0.05734  0.05780  0.01312  0.80968  -226.44240  -228.25471  4.99985   768
101.00  0.05734  0.05780  0.01257  0.80968  -227.34877  -229.19771  4.99985   768
102.00  0.05734  0.05780  0.01233  0.80968  -227.71498  -229.57460  4.99985   768
103.00  0.05735  0.05780  0.01247  0.80968  -227.56544  -229.48915  4.99985   768
104.00  0.05734  0.05780  0.01302  0.80968  -226.72774  -228.69417  4.99985   768
105.00  0.05735  0.05780  0.01375  0.80968  -225.62453  -227.58943  4.99985   768
106.00  0.05735  0.05780  0.01418  0.80968  -224.93178  -226.83107  4.99985   768
107.00  0.05734  0.05780  0.01420  0.80968  -224.83412  -226.71205  4.99985   768
108.00  0.05734  0.05780  0.01387  0.80968  -225.29036  -227.12251  4.99985   768
109.00  0.05733  0.05780  0.01333  0.80968  -226.10365  -227.94343  4.99985   768
110.00  0.05734  0.05780  0.01269  0.80968  -227.11531  -228.92763  4.99985   768
111.00  0.05733  0.05780  0.01225  0.80968  -227.78975  -229.63869  4.99985   768
112.00  0.05735  0.05780  0.01220  0.80968  -227.91945  -229.77907  4.99985   768
113.00  0.05734  0.05780  0.01260  0.80968  -227.37166  -229.28010  4.99985   768
114.00  0.05734  0.05780  0.01325  0.80968  -226.36610  -228.30812  4.99985   768
115.00  0.05735  0.05780  0.01387  0.80968  -225.42311  -227.35902  4.99985   768
116.00  0.05735  0.05780  0.01415  0.80968  -224.97145  -226.86464  4.99985   768
117.00  0.05733  0.05780  0.01405  0.80968  -225.06300  -226.92415  4.99985   768
118.00  0.05734  0.05780  0.01350  0.80968  -225.82594  -227.66420  4.99985   768
119.00  0.05734  0.05780  0.01294  0.80968  -226.71706  -228.53853  4.99985   768
120.00  0.05734  0.05780  0.01246  0.80968  -227.53187  -229.38539  4.99985   768
121.00  0.05734  0.05780  0.01219  0.80968  -227.96065  -229.82179  4.99985   768
122.00  0.05732  0.05780  0.01242  0.80968  -227.64174  -229.58070  4.99985   768
123.00  0.05734  0.05780  0.01306  0.80968  -226.69569  -228.64076  4.99985   768
124.00  0.05734  0.05780  0.01373  0.80968  -225.59401  -227.55281  4.99985   768
125.00  0.05735  0.05780  0.01420  0.80968  -224.87837  -226.79445  4.99985   768
126.00  0.05733  0.05780  0.01416  0.80968  -224.90126  -226.75172  4.99985   768
127.00  0.05734  0.05780  0.01378  0.80968  -225.44142  -227.27205  4.99985   768
128.00  0.05734  0.05780  0.01328  0.80968  -226.22114  -228.04719  4.99985   768
129.00  0.05735  0.05780  0.01272  0.80968  -227.05733  -228.87575  4.99985   768
130.00  0.05735  0.05780  0.01234  0.80968  -227.65242  -229.49525  4.99985   768
131.00  0.05733  0.05780  0.01236  0.80968  -227.70888  -229.60206  4.99985   768
132.00  0.05736  0.05780  0.01284  0.80968  -226.99171  -228.92457  4.99985   768
133.00  0.05735  0.05780  0.01347  0.80968  -226.05635  -228.00142  4.99985   768
134.00  0.05732  0.05780  0.01403  0.80968  -225.18355  -227.11336  4.99985   768
135.00  0.05734  0.05780  0.01424  0.80968  -224.81123  -226.69069  4.99985   768
136.00  0.05736  0.05780  0.01405  0.80968  -225.05080  -226.92567  4.99985   768
137.00  0.05734  0.05780  0.01354  0.80968  -225.80763  -227.63826  4.99985   768
138.00  0.05735  0.05780  0.01290  0.80968  -226.79793  -228.62703  4.99985   768
139.00  0.05736  0.05780  0.01238  0.80968  -227.64632  -229.50136  4.99985   768
140.00  0.05736  0.05780  0.01220  0.80968  -227.95454  -229.83858  4.99985   768
141.00  0.05733  0.05780  0.01251  0.80968  -227.56239  -229.48152  4.99985   768
142.00  0.05734  0.05780  0.01310  0.80968  -226.59956  -228.55531  4.99985   768
143.00  0.05734  0.05780  0.01374  0.80968  -225.62453  -227.54213  4.99985   768
144.00  0.05734  0.05780  0.01405  0.80968  -225.13319  -227.00960  4.99985   768
145.00  0.05734  0.05780  0.01409  0.80968  -224.98671  -226.84785  4.99985   768
146.00  0.05734  0.05780  0.01380  0.80968  -225.43837  -227.26594  4.99985   768
147.00  0.05735  0.05780  0.01316  0.80968  -226.37678  -228.18452  4.99985   768
148.00  0.05735  0.05780  0.01253  0.80968  -227.37471  -229.20076  4.99985   768
149.00  0.05734  0.05780  0.01220  0.80968  -227.89046  -229.75008  4.99985   768
150.00  0.05735  0.05780  0.01240  0.80968  -227.66157  -229.57765  4.99985   768
151.00  0.05735  0.05780  0.01296  0.80968  -226.82081  -228.76588  4.99985   768
152.00  0.05735  0.05780  0.01365  0.80968  -225.77711  -227.73134  4.99985   768
153.00  0.05735  0.05780  0.01418  0.80968  -224.93330  -226.85091  4.99985   768
154.00  0.05734  0.05780  0.01433  0.80968  -224.68764  -226.59151  4.99985   768
155.00  0.05735  0.05780  0.01418  0.80968  -224.87227  -226.72883  4.99985   768
156.00  0.05734  0.05780  0.01357  0.80968  -225.74049  -227.57722  4.99985   768
157.00  0.05734  0.05780  0.01293  0.80968  -226.75673  -228.56904  4.99985   768
158.00  0.05735  0.05780  0.01231  0.80968  -227.73482  -229.56392  4.99985   768
159.00  0.05734  0.05780  0.01222  0.80968  -227.95302  -229.85689  4.99985   768
160.00  0.05734  0.05780  0.01254  0.80968  -227.44948  -229.36403  4.99985   768
161.00  0.05733  0.05780  0.01327  0.80968  -226.36610  -228.32185  4.99985   768
162.00  0.05735  0.05780  0.01393  0.80968  -225.29951  -227.22932  4.99985   768
163.00  0.05733  0.05780  0.01437  0.80968  -224.63576  -226.52894  4.99985   768
164.00  0.05734  0.05780  0.01430  0.80968  -224.70900  -226.54878  4.99985   768
165.00  0.05734  0.05780  0.01387  0.80968  -225.30104  -227.12862  4.99985   768
166.00  0.05735  0.05780  0.01324  0.80968  -226.28065  -228.09602  4.99985   768
167.00  0.05733  0.05780  0.01262  0.80968  -227.24348  -229.05275  4.99985   768
168.00  0.05735  0.05780  0.01220  0.80968  -227.89503  -229.78364  4.99985   768
169.00  0.05735  0.05780  0.01224  0.80968  -227.91182  -229.81416  4.99985   768
170.00  0.05735  0.05780  0.01286  0.80968  -226.98103  -228.94899  4.99985   768
171.00  0.05734  0.05780  0.01356  0.80968  -225.91597  -227.88240  4.99985   768
172.00  0.05735  0.05780  0.01427  0.80968  -224.85701  -226.81123  4.99985   768
173.00  0.05734  0.05780  0.01440  0.80968  -224.53657  -226.41908  4.99985   768
174.00  0.05734  0.05780  0.01417  0.80968  -224.87074  -226.71510  4.99985   768
175.00  0.05735  0.05780  0.01364  0.80968  -225.67183  -227.50246  4.99985   768
176.00  0.05735  0.05780  0.01303  0.80968  -226.57973  -228.39662  4.99985   768
177.00  0.05734  0.05780  0.01241  0.80968  -227.54256  -229.37929  4.99985   768
178.00  0.05735  0.05780  0.01225  0.80968  -227.82637  -229.71498  4.99985   768
179.00  0.05734  0.05780  0.01265  0.80968  -227.31825  -229.24348  4.99985   768
180.00  0.05735  0.05780  0.01324  0.80968  -226.39967  -228.32338  4.99985   768
181.00  0.05735  0.05780  0.01390  0.80968  -225.36513  -227.29341  4.99985   768
182.00  0.05734  0.05780  0.01435  0.80968  -224.67543  -226.58845  4.99985   768
183.00  0.05734  0.05780  0.01435  0.80968  -224.59456  -226.45112  4.99985   768
184.00  0.05735  0.05780  0.01396  0.80968  -225.15150  -226.98671  4.99985   768
185.00  0.05734  0.05780  0.01330  0.80968  -226.17842  -227.99837  4.99985   768
186.00  0.05735  0.05780  0.01259  0.80968  -227.26332  -229.09242  4.99985   768
187.00  0.05734  0.05780  0.01225  0.80968  -227.86757  -229.74092  4.99985   768
188.00  0.05734  0.05780  0.01236  0.80968  -227.72719  -229.65242  4.99985   768
189.00  0.05734  0.05780  0.01277  0.80968  -227.11684  -229.05427  4.99985   768
190.00  0.05734  0.05780  0.01349  0.80968  -226.01515  -227.96937  4.99985   768
191.00  0.05734  0.05780  0.01410  0.80968  -225.14845  -227.05842  4.99985   768
192.00  0.05734  0.05780  0.01422  0.80968  -224.79597  -226.68001  4.99985   768
193.00  0.05735  0.05780  0.01405  0.80968  -225.05537  -226.90126  4.99985   768
194.00  0.05734  0.05780  0.01349  0.80968  -225.89155  -227.70540  4.99985   768
195.00  0.05734  0.05780  0.01274  0.80968  -227.03291  -228.82539  4.99985   768
196.00  0.05735  0.05780  0.01225  0.80968  -227.78975  -229.61275  4.99985   768
197.00  0.05735  0.05780  0.01214  0.80968  -228.05983  -229.94081  4.99985   768
198.00  0.05735  0.05780  0.01247  0.80968  -227.55781  -229.47084  4.99985   768
199.00  0.05736  0.05780  0.01300  0.80968  -226.79182  -228.72621  4.99985   768
200.00  0.05211  0.03757  0.01384  0.80968  -225.46736  -227.45820  4.99985   768
201.00  0.03996  0.03757  0.01331  0.80968  -226.07008  -227.82747  4.99985   768
202.00  0.03902  0.03757  0.01220  0.80968  -227.84926  -229.60969  4.99985   768
203.00  0.03872  0.03757  0.01202  0.80968  -228.23988  -230.17580  4.99985   768
204.00  0.03853  0.03757  0.01081  0.80968  -229.91377  -231.64674  4.99985   768
205.00  0.03841  0.03757  0.00950  0.80968  -231.98439  -233.77992  4.99985   768
206.00  0.03830  0.03757  0.00965  0.80968  -231.89589  -233.79671  4.99985   768
207.00  0.03821  0.03757  0.00922  0.80968  -232.49556  -234.34907  4.99985   768
208.00  0.03814  0.03757  0.00947  0.80968  -232.23769  -234.19496  4.99985   768
209.00  0.03809  0.03757  0.01084  0.80968  -230.11824  -232.07551  4.99985   768
210.00  0.03801  0.03757  0.01084  0.80968  -230.01753  -231.88325  4.99985   768
211.00  0.03797  0.03757  0.01119  0.80968  -229.57503  -231.50484  4.99985   768
212.00  0.03792  0.03757  0.01112  0.80968  -229.46364  -231.25001  4.99985   768
213.00  0.03789  0.03757  0.01017  0.80968  -230.98646  -232.80488  4.99985   768
214.00  0.03786  0.03757  0.00993  0.80968  -231.39387  -233.25807  4.99985   768
215.00  0.03785  0.03757  0.00914  0.80968  -232.53523  -234.29872  4.99985   768
216.00  0.03783  0.03757  0.00882  0.80968  -233.16695  -235.07387  4.99985   768
217.00  0.03781  0.03757  0.00952  0.80968  -232.10036  -234.06221  4.99985   768
218.00  0.03779  0.03757  0.00973  0.80968  -231.77229  -233.67921  4.99985   768
219.00  0.03779  0.03757  0.01067  0.80968  -230.40510  -232.40663  4.99985   768
220.00  0.03778  0.03757  0.01120  0.80968  -229.47584  -231.36751  4.99985   768
221.00  0.03775  0.03757  0.01075  0.80968  -230.14113  -231.99769  4.99985   768
222.00  0.03776  0.03757  0.01067  0.80968  -230.28151  -232.15181  4.99985   768
223.00  0.03775  0.03757  0.00997  0.80968  -231.29164  -233.09633  4.99985   768
224.00  0.03774  0.03757  0.00912  0.80968  -232.62221  -234.46199  4.99985   768
225.00  0.03774  0.03757  0.00913  0.80968  -232.68629  -234.58406  4.99985   768
226.00  0.03774  0.03757  0.00901  0.80968  -232.82667  -234.68477  4.99985   768
227.00  0.03772  0.03757  0.00956  0.80968  -232.06526  -234.03474  4.99985   768
228.00  0.03772  0.03757  0.01043  0.80968  -230.72859  -232.66298  4.99985   768
229.00  0.03772  0.03757  0.01082  0.80968  -230.06331  -231.97175  4.99985   768
230.00  0.03771  0.03757  0.01118  0.80968  -229.52009  -231.41328  4.99985   768
231.00  0.03771  0.03757  0.01091  0.80968  -229.87410  -231.70778  4.99985   768
232.00  0.03770  0.03757  0.01030  0.80968  -230.78352  -232.59737  4.99985   768
233.00  0.03770  0.03757  0.00983  0.80968  -231.50526  -233.34199  4.99985   768
234.00  0.03769  0.03757  0.00917  0.80968  -232.54896  -234.37959  4.99985   768
235.00  0.03770  0.03757  0.00908  0.80968  -232.77174  -234.69850  4.99985   768
236.00  0.03770  0.03757  0.00961  0.80968  -231.95845  -233.89284  4.99985   768
237.00  0.03768  0.03757  0.00997  0.80968  -231.41524  -233.34199  4.99985   768
238.00  0.03769  0.03757  0.01073  0.80968  -230.25862  -232.23573  4.99985   768
239.00  0.03768  0.03757  0.01107  0.80968  -229.65132  -231.53688  4.99985   768
240.00  0.03770  0.03757  0.01086  0.80968  -229.96260  -231.84511  4.99985   768
241.00  0.03767  0.03757  0.01074  0.80968  -230.18233  -232.03432  4.99985   768
242.00  0.03768  0.03757  0.00988  0.80968  -231.37099  -233.16652  4.99985   768
243.00  0.03768  0.03757  0.00929  0.80968  -232.40858  -234.24989  4.99985   768
244.00  0.03767  0.03757  0.00909  0.80968  -232.68019  -234.55507  4.99985   768
245.00  0.03767  0.03757  0.00918  0.80968  -232.60847  -234.50777  4.99985   768
246.00  0.03766  0.03757  0.00985  0.80968  -231.62123  -233.56477  4.99985   768
247.00  0.03767  0.03757  0.01060  0.80968  -230.45088  -232.37916  4.99985   768
248.00  0.03766  0.03757  0.01099  0.80968  -229.84511  -231.75050  4.99985   768
249.00  0.03766  0.03757  0.01114  0.80968  -229.53841  -231.39955  4.99985   768
250.00  0.03767  0.03757  0.01091  0.80968  -229.86189  -231.68947  4.99985   768
251.00  0.03765  0.03757  0.01040  0.80968  -230.63704  -232.49208  4.99985   768
252.00  0.03765  0.03757  0.00975  0.80968  -231.60902  -233.43507  4.99985   768
253.00  0.03766  0.03757  0.00928  0.80968  -232.41164  -234.28194  4.99985   768
254.00  0.03765  0.03757  0.00912  0.80968  -232.69392  -234.58253  4.99985   768
255.00  0.03765  0.03757  0.00959  0.80968  -231.98744  -233.94319  4.99985   768
256.00  0.03766  0.03757  0.01020  0.80968  -231.07039  -233.04140  4.99985   768
257.00  0.03764  0.03757  0.01089  0.80968  -229.99312  -231.94582  4.99985   768
258.00  0.03764  0.03757  0.01122  0.80968  -229.44075  -231.35225  4.99985   768
259.00  0.03764  0.03757  0.01108  0.80968  -229.63759  -231.48805  4.99985   768
260.00  0.03765  0.03757  0.01070  0.80968  -230.14265  -231.96870  4.99985   768
261.00  0.03764  0.03757  0.00999  0.80968  -231.27333  -233.08717  4.99985   768
262.00  0.03764  0.03757  0.00938  0.80968  -232.19649  -234.03474  4.99985   768
263.00  0.03764  0.03757  0.00912  0.80968  -232.63747  -234.48793  4.99985   768
264.00  0.03765  0.03757  0.00930  0.80968  -232.39485  -234.30177  4.99985   768
265.00  0.03764  0.03757  0.00985  0.80968  -231.60445  -233.55104  4.99985   768
266.00  0.03765  0.03757  0.01054  0.80968  -230.56227  -232.51955  4.99985   768
267.00  0.03763  0.03757  0.01099  0.80968  -229.80543  -231.72609  4.99985   768
268.00  0.03763  0.03757  0.01108  0.80968  -229.65132  -231.53078  4.99985   768
269.00  0.03764  0.03757  0.01073  0.80968  -230.15181  -231.98244  4.99985   768
270.00  0.03764  0.03757  0.01013  0.80968  -231.03529  -232.88576  4.99985   768
271.00  0.03762  0.03757  0.00946  0.80968  -232.08815  -233.91420  4.99985   768
272.00  0.03764  0.03757  0.00896  0.80968  -232.88161  -234.74733  4.99985   768
273.00  0.03763  0.03757  0.00896  0.80968  -232.91975  -234.82210  4.99985   768
274.00  0.03762  0.03757  0.00947  0.80968  -232.20717  -234.15681  4.99985   768
275.00  0.03762  0.03757  0.01004  0.80968  -231.36336  -233.30080  4.99985   768
276.00  0.03763  0.03757  0.01067  0.80968  -230.32118  -232.26778  4.99985   768
277.00  0.03763  0.03757  0.01101  0.80968  -229.75813  -231.65285  4.99985   768
278.00  0.03762  0.03757  0.01082  0.80968  -230.00990  -231.85579  4.99985   768
279.00  0.03762  0.03757  0.01046  0.80968  -230.52260  -232.33949  4.99985   768
280.00  0.03764  0.03757  0.00979  0.80968  -231.57851  -233.38472  4.99985   768
281.00  0.03763  0.03757  0.00922  0.80968  -232.49403  -234.32619  4.99985   768
282.00  0.03762  0.03757  0.00907  0.80968  -232.72444  -234.61000  4.99985   768
283.00  0.03761  0.03757  0.00929  0.80968  -232.42232  -234.34602  4.99985   768
284.00  0.03762  0.03757  0.00999  0.80968  -231.42592  -233.38930  4.99985   768
285.00  0.03761  0.03757  0.01070  0.80968  -230.31050  -232.24641  4.99985   768
286.00  0.03761  0.03757  0.01119  0.80968  -229.49568  -231.41023  4.99985   768
287.00  0.03762  0.03757  0.01123  0.80968  -229.40108  -231.29121  4.99985   768
288.00  0.03761  0.03757  0.01082  0.80968  -230.00685  -231.85579  4.99985   768
289.00  0.03761  0.03757  0.01029  0.80968  -230.78505  -232.63704  4.99985   768
290.00  0.03762  0.03757  0.00962  0.80968  -231.84248  -233.67311  4.99985   768
291.00  0.03762  0.03757  0.00914  0.80968  -232.66035  -234.51387  4.99985   768
292.00  0.03762  0.03757  0.00914  0.80968  -232.62526  -234.52608  4.99985   768
293.00  0.03761  0.03757  0.00964  0.80968  -231.91725  -233.85164  4.99985   768
294.00  0.03761  0.03757  0.01029  0.80968  -230.95900  -232.91627  4.99985   768
295.00  0.03761  0.03757  0.01099  0.80968  -229.82680  -231.75050  4.99985   768
296.00  0.03761  0.03757  0.01123  0.80968  -229.38887  -231.27443  4.99985   768
297.00  0.03761  0.03757  0.01095  0.80968  -229.82222  -231.65132  4.99985   768
298.00  0.03761  0.03757  0.01052  0.80968  -230.43562  -232.28456  4.99985   768
299.00  0.03762  0.03757  0.00977  0.80968  -231.52205  -233.32826  4.99985   768
300.00  0.03761  0.03757  0.00924  0.80968  -232.45741  -234.32313  4.99985   768
301.00  0.03760  0.03757  0.00906  0.80968  -232.73207  -234.60542  4.99985   768
302.00  0.03760  0.03757  0.00933  0.80968  -232.39027  -234.32466  4.99985   768
303.00  0.03759  0.03757  0.00993  0.80968  -231.52357  -233.47017  4.99985   768
304.00  0.03761  0.03757  0.01062  0.80968  -230.44173  -232.41426  4.99985   768
305.00  0.03760  0.03757  0.01105  0.80968  -229.71541  -231.63759  4.99985   768
306.00  0.03759  0.03757  0.01108  0.80968  -229.66658  -231.55061  4.99985   768
307.00  0.03760  0.03757  0.01076  0.80968  -230.10145  -231.94276  4.99985   768
308.00  0.03760  0.03757  0.01014  0.80968  -231.08412  -232.92543  4.99985   768
309.00  0.03759  0.03757  0.00945  0.80968  -232.08052  -233.87605  4.99985   768
310.00  0.03759  0.03757  0.00901  0.80968  -232.79768  -234.64815  4.99985   768
311.00  0.03760  0.03757  0.00912  0.80968  -232.70918  -234.59779  4.99985   768
312.00  0.03760  0.03757  0.00961  0.80968  -231.97523  -233.89284  4.99985   768
313.00  0.03759  0.03757  0.01037  0.80968  -230.81099  -232.77437  4.99985   768
314.00  0.03758  0.03757  0.01104  0.80968  -229.80543  -231.73219  4.99985   768
315.00  0.03759  0.03757  0.01130  0.80968  -229.29579  -231.19050  4.99985   768
316.00  0.03760  0.03757  0.01112  0.80968  -229.53535  -231.38124  4.99985   768
317.00  0.03759  0.03757  0.01070  0.80968  -230.17317  -232.01143  4.99985   768
318.00  0.03758  0.03757  0.00998  0.80968  -231.30690  -233.11464  4.99985   768
319.00  0.03759  0.03757  0.00941  0.80968  -232.20869  -234.07289  4.99985   768
320.00  0.03758  0.03757  0.00925  0.80968  -232.46504  -234.35365  4.99985   768
321.00  0.03759  0.03757  0.00944  0.80968  -232.19649  -234.13240  4.99985   768
322.00  0.03759  0.03757  0.01000  0.80968  -231.38777  -233.34810  4.99985   768
323.00  0.03759  0.03757  0.01071  0.80968  -230.29066  -232.24641  4.99985   768
324.00  0.03759  0.03757  0.01109  0.80968  -229.60554  -231.53078  4.99985   768
325.00  0.03758  0.03757  0.01118  0.80968  -229.51704  -231.37666  4.99985   768
326.00  0.03758  0.03757  0.01081  0.80968  -230.06636  -231.89699  4.99985   768
327.00  0.03758  0.03757  0.01021  0.80968  -230.90712  -232.72707  4.99985   768
328.00  0.03759  0.03757  0.00953  0.80968  -231.96608  -233.78145  4.99985   768
329.00  0.03760  0.03757  0.00917  0.80968  -232.55354  -234.40706  4.99985   768
330.00  0.03757  0.03757  0.00924  0.80968  -232.50166  -234.39027  4.99985   768
331.00  0.03759  0.03757  0.00972  0.80968  -231.81654  -233.74483  4.99985   768
332.00  0.03758  0.03757  0.01043  0.80968  -230.70265  -232.64619  4.99985   768
333.00  0.03760  0.03757  0.01090  0.80968  -229.99312  -231.90767  4.99985   768
334.00  0.03758  0.03757  0.01111  0.80968  -229.60554  -231.50484  4.99985   768
335.00  0.03758  0.03757  0.01095  0.80968  -229.81612  -231.69404  4.99985   768
336.00  0.03759  0.03757  0.01046  0.80968  -230.53328  -232.38374  4.99985   768
337.00  0.03758  0.03757  0.00977  0.80968  -231.59682  -233.43202  4.99985   768
338.00  0.03760  0.03757  0.00929  0.80968  -232.40095  -234.27736  4.99985   768
339.00  0.03759  0.03757  0.00925  0.80968  -232.45894  -234.35670  4.99985   768
340.00  0.03759  0.03757  0.00950  0.80968  -232.14766  -234.09425  4.99985   768
341.00  0.03759  0.03757  0.01010  0.80968  -231.26265  -233.21535  4.99985   768
342.00  0.03758  0.03757  0.01077  0.80968  -230.18385  -232.11824  4.99985   768
343.00  0.03758  0.03757  0.01116  0.80968  -229.54909  -231.44533  4.99985   768
344.00  0.03759  0.03757  0.01114  0.80968  -229.48500  -231.35377  4.99985   768
345.00  0.03757  0.03757  0.01072  0.80968  -230.13045  -231.95802  4.99985   768
346.00  0.03759  0.03757  0.01000  0.80968  -231.22603  -233.02309  4.99985   768
347.00  0.03758  0.03757  0.00936  0.80968  -232.23311  -234.06374  4.99985   768
348.00  0.03758  0.03757  0.00907  0.80968  -232.71529  -234.57948  4.99985   768
349.00  0.03759  0.03757  0.00926  0.80968  -232.47725  -234.38112  4.99985   768
350.00  0.03757  0.03757  0.00967  0.80968  -231.88673  -233.82570  4.99985   768
351.00  0.03756  0.03757  0.01044  0.80968  -230.71486  -232.66450  4.99985   768
352.00  0.03758  0.03757  0.01110  0.80968  -229.67573  -231.61928  4.99985   768
353.00  0.03758  0.03757  0.01118  0.80968  -229.49110  -231.37819  4.99985   768
354.00  0.03757  0.03757  0.01092  0.80968  -229.88478  -231.74440  4.99985   768
355.00  0.03758  0.03757  0.01032  0.80968  -230.75758  -232.59126  4.99985   768
356.00  0.03758  0.03757  0.00952  0.80968  -231.96608  -233.78450  4.99985   768
357.00  0.03756  0.03757  0.00902  0.80968  -232.77479  -234.63899  4.99985   768
358.00  0.03758  0.03757  0.00891  0.80968  -232.95637  -234.84956  4.99985   768
359.00  0.03756  0.03757  0.00921  0.80968  -232.60390  -234.53828  4.99985   768
360.00  0.03757  0.03757  0.00998  0.80968  -231.41218  -233.35420  4.99985   768
361.00  0.03758  0.03757  0.01063  0.80968  -230.38832  -232.31508  4.99985   768
362.00  0.03758  0.03757  0.01108  0.80968  -229.68184  -231.57655  4.99985   768
363.00  0.03757  0.03757  0.01111  0.80968  -229.63454  -231.49263  4.99985   768
364.00  0.03756  0.03757  0.01069  0.80968  -230.18996  -232.01753  4.99985   768
365.00  0.03756  0.03757  0.01003  0.80968  -231.21535  -233.03224  4.99985   768
366.00  0.03757  0.03757  0.00939  0.80968  -232.16139  -233.98744  4.99985   768
367.00  0.03758  0.03757  0.00909  0.80968  -232.68172  -234.54744  4.99985   768
368.00  0.03756  0.03757  0.00919  0.80968  -232.59474  -234.51997  4.99985   768
369.00  0.03757  0.03757  0.00983  0.80968  -231.65480  -233.61970  4.99985   768
370.00  0.03757  0.03757  0.01054  0.80968  -230.56685  -232.53175  4.99985   768
371.00  0.03756  0.03757  0.01108  0.80968  -229.71846  -231.64522  4.99985   768
372.00  0.03755  0.03757  0.01123  0.80968  -229.40871  -231.30800  4.99985   768
373.00  0.03757  0.03757  0.01104  0.80968  -229.64674  -231.50178  4.99985   768
374.00  0.03757  0.03757  0.01041  0.80968  -230.60499  -232.42799  4.99985   768
375.00  0.03757  0.03757  0.00981  0.80968  -231.59376  -233.41981  4.99985   768
376.00  0.03757  0.03757  0.00927  0.80968  -232.40553  -234.24531  4.99985   768
377.00  0.03757  0.03757  0.00903  0.80968  -232.81447  -234.67714  4.99985   768
378.00  0.03756  0.03757  0.00944  0.80968  -232.22700  -234.15529  4.99985   768
379.00  0.03757  0.03757  0.01009  0.80968  -231.25807  -233.19856  4.99985   768
380.00  0.03756  0.03757  0.01076  0.80968  -230.17165  -232.08925  4.99985   768
381.00  0.03756  0.03757  0.01113  0.80968  -229.64217  -231.52925  4.99985   768
382.00  0.03757  0.03757  0.01114  0.80968  -229.53688  -231.40871  4.99985   768
383.00  0.03756  0.03757  0.01056  0.80968  -230.41579  -232.23268  4.99985   768
384.00  0.03756  0.03757  0.00991  0.80968  -231.40150  -233.23823  4.99985   768
385.00  0.03757  0.03757  0.00936  0.80968  -232.22700  -234.07594  4.99985   768
386.00  0.03756  0.03757  0.00902  0.80968  -232.79005  -234.67714  4.99985   768
387.00  0.03755  0.03757  0.00921  0.80968  -232.58864  -234.51845  4.99985   768
388.00  0.03756  0.03757  0.00977  0.80968  -231.76009  -233.70668  4.99985   768
389.00  0.03755  0.03757  0.01041  0.80968  -230.75148  -232.72096  4.99985   768
390.00  0.03757  0.03757  0.01094  0.80968  -229.92140  -231.85579  4.99985   768
391.00  0.03756  0.03757  0.01118  0.80968  -229.55214  -231.44838  4.99985   768
392.00  0.03756  0.03757  0.01088  0.80968  -229.94429  -231.79323  4.99985   768
393.00  0.03756  0.03757  0.01033  0.80968  -230.71944  -232.52870  4.99985   768
394.00  0.03756  0.03757  0.00973  0.80968  -231.65327  -233.48085  4.99985   768
395.00  0.03756  0.03757  0.00929  0.80968  -232.35365  -234.19343  4.99985   768
396.00  0.03755  0.03757  0.00923  0.80968  -232.51387  -234.39332  4.99985   768
397.00  0.03756  0.03757  0.00963  0.80968  -231.94319  -233.88826  4.99985   768
398.00  0.03754  0.03757  0.01029  0.80968  -230.94527  -232.88423  4.99985   768
399.00  0.03756  0.03757  0.01095  0.80968  -229.89546  -231.84816  4.99985   768
400.00  0.03755  0.03757  0.01132  0.80968  -229.28053  -231.17677  4.99985   768
401.00  0.03757  0.03757  0.01122  0.80968  -229.42396  -231.28969  4.99985   768
402.00  0.03755  0.03757  0.01077  0.80968  -230.11519  -231.95955  4.99985   768
403.00  0.03755  0.03757  0.01004  0.80968  -231.18635  -233.01088  4.99985   768
404.00  0.03755  0.03757  0.00940  0.80968  -232.20717  -234.05305  4.99985   768
405.00  0.03756  0.03757  0.00916  0.80968  -232.60542  -234.50014  4.99985   768
406.00  0.03754  0.03757  0.00931  0.80968  -232.43910  -234.35823  4.99985   768
407.00  0.03755  0.03757  0.00986  0.80968  -231.59834  -233.54646  4.99985   768
408.00  0.03756  0.03757  0.01049  0.80968  -230.62483  -232.58058  4.99985   768
409.00  0.03755  0.03757  0.01105  0.80968  -229.77644  -231.70625  4.99985   768
410.00  0.03756  0.03757  0.01114  0.80968  -229.53535  -231.39345  4.99985   768
411.00  0.03755  0.03757  0.01079  0.80968  -230.02363  -231.85579  4.99985   768
412.00  0.03756  0.03757  0.01023  0.80968  -230.89796  -232.70265  4.99985   768
413.00  0.03755  0.03757  0.00950  0.80968  -232.00117  -233.79518  4.99985   768
414.00  0.03755  0.03757  0.00903  0.80968  -232.79005  -234.65120  4.99985   768
415.00  0.03755  0.03757  0.00904  0.80968  -232.80531  -234.70003  4.99985   768
416.00  0.03754  0.03757  0.00946  0.80968  -232.23158  -234.15529  4.99985   768
417.00  0.03757  0.03757  0.01015  0.80968  -231.15279  -233.09785  4.99985   768
418.00  0.03756  0.03757  0.01085  0.80968  -230.07857  -232.03279  4.99985   768
419.00  0.03755  0.03757  0.01109  0.80968  -229.68184  -231.58723  4.99985   768
420.00  0.03755  0.03757  0.01103  0.80968  -229.69099  -231.54451  4.99985   768
421.00  0.03756  0.03757  0.01059  0.80968  -230.39748  -232.24794  4.99985   768
422.00  0.03755  0.03757  0.00992  0.80968  -231.34047  -233.16194  4.99985   768
423.00  0.03755  0.03757  0.00926  0.80968  -232.39027  -234.22548  4.99985   768
424.00  0.03756  0.03757  0.00904  0.80968  -232.76106  -234.66035  4.99985   768
425.00  0.03756  0.03757  0.00926  0.80968  -232.49251  -234.41316  4.99985   768
426.00  0.03755  0.03757  0.00991  0.80968  -231.50984  -233.44881  4.99985   768
427.00  0.03756  0.03757  0.01059  0.80968  -230.49208  -232.42799  4.99985   768
428.00  0.03754  0.03757  0.01101  0.80968  -229.77186  -231.67421  4.99985   768
429.00  0.03755  0.03757  0.01117  0.80968  -229.51552  -231.38277  4.99985   768
430.00  0.03756  0.03757  0.01088  0.80968  -229.90156  -231.72761  4.99985   768
431.00  0.03754  0.03757  0.01024  0.80968  -230.85676  -232.67366  4.99985   768
432.00  0.03756  0.03757  0.00962  0.80968  -231.81959  -233.66853  4.99985   768
433.00  0.03753  0.03757  0.00922  0.80968  -232.50166  -234.34755  4.99985   768
434.00  0.03755  0.03757  0.00915  0.80968  -232.62221  -234.52608  4.99985   768
435.00  0.03754  0.03757  0.00948  0.80968  -232.17512  -234.11867  4.99985   768
436.00  0.03754  0.03757  0.01014  0.80968  -231.19093  -233.14973  4.99985   768
437.00  0.03755  0.03757  0.01081  0.80968  -230.13350  -232.08162  4.99985   768
438.00  0.03754  0.03757  0.01104  0.80968  -229.72914  -231.63454  4.99985   768
439.00  0.03756  0.03757  0.01087  0.80968  -229.96107  -231.82374  4.99985   768
440.00  0.03753  0.03757  0.01043  0.80968  -230.57600  -232.42494  4.99985   768
441.00  0.03755  0.03757  0.00975  0.80968  -231.70973  -233.53578  4.99985   768
442.00  0.03755  0.03757  0.00917  0.80968  -232.58101  -234.40553  4.99985   768
443.00  0.03754  0.03757  0.00899  0.80968  -232.86177  -234.74123  4.99985   768
444.00  0.03753  0.03757  0.00912  0.80968  -232.67714  -234.60695  4.99985   768
445.00  0.03755  0.03757  0.00973  0.80968  -231.79365  -233.74635  4.99985   768
446.00  0.03755  0.03757  0.01046  0.80968  -230.64314  -232.57448  4.99985   768
447.00  0.03755  0.03757  0.01096  0.80968  -229.87410  -231.80238  4.99985   768
448.00  0.03754  0.03757  0.01096  0.80968  -229.81917  -231.67268  4.99985   768
449.00  0.03753  0.03757  0.01077  0.80968  -230.06026  -231.90309  4.99985   768
450.00  0.03753  0.03757  0.01017  0.80968  -230.94221  -232.78810  4.99985   768
451.00  0.03753  0.03757  0.00959  0.80968  -231.90962  -233.73872  4.99985   768
452.00  0.03754  0.03757  0.00911  0.80968  -232.68324  -234.55202  4.99985   768
453.00  0.03754  0.03757  0.00909  0.80968  -232.71376  -234.61916  4.99985   768
454.00  0.03754  0.03757  0.00958  0.80968  -232.02711  -233.98286  4.99985   768
455.00  0.03754  0.03757  0.01037  0.80968  -230.82472  -232.79726  4.99985   768
456.00  0.03753  0.03757  0.01106  0.80968  -229.73067  -231.67879  4.99985   768
457.00  0.03753  0.03757  0.01131  0.80968  -229.31410  -231.23323  4.99985   768
458.00  0.03754  0.03757  0.01118  0.80968  -229.45296  -231.32020  4.99985   768
459.00  0.03753  0.03757  0.01069  0.80968  -230.21132  -232.04347  4.99985   768
460.00  0.03754  0.03757  0.01011  0.80968  -231.07954  -232.89949  4.99985   768
461.00  0.03754  0.03757  0.00952  0.80968  -231.97829  -233.79823  4.99985   768
462.00  0.03754  0.03757  0.00919  0.80968  -232.54439  -234.41926  4.99985   768
463.00  0.03753  0.03757  0.00946  0.80968  -232.16139  -234.06068  4.99985   768
464.00  0.03754  0.03757  0.00996  0.80968  -231.43507  -233.35420  4.99985   768
465.00  0.03753  0.03757  0.01076  0.80968  -230.20979  -232.16249  4.99985   768
466.00  0.03755  0.03757  0.01121  0.80968  -229.55214  -231.45448  4.99985   768
467.00  0.03754  0.03757  0.01121  0.80968  -229.42549  -231.28816  4.99985   768
468.00  0.03754  0.03757  0.01083  0.80968  -230.00075  -231.85884  4.99985   768
469.00  0.03754  0.03757  0.01022  0.80968  -230.91017  -232.74080  4.99985   768
470.00  0.03753  0.03757  0.00956  0.80968  -231.92641  -233.75703  4.99985   768
471.00  0.03754  0.03757  0.00920  0.80968  -232.53218  -234.41926  4.99985   768
472.00  0.03752  0.03757  0.00919  0.80968  -232.59474  -234.49556  4.99985   768
473.00  0.03754  0.03757  0.00961  0.80968  -231.97371  -233.91115  4.99985   768
474.00  0.03754  0.03757  0.01023  0.80968  -231.07344  -233.00783  4.99985   768
475.00  0.03752  0.03757  0.01090  0.80968  -230.01906  -231.97481  4.99985   768
476.00  0.03754  0.03757  0.01123  0.80968  -229.44075  -231.32783  4.99985   768
477.00  0.03752  0.03757  0.01099  0.80968  -229.73372  -231.58113  4.99985   768
478.00  0.03753  0.03757  0.01046  0.80968  -230.57600  -232.39442  4.99985   768
479.00  0.03755  0.03757  0.00982  0.80968  -231.51442  -233.32216  4.99985   768
480.00  0.03753  0.03757  0.00922  0.80968  -232.45741  -234.29262  4.99985   768
481.00  0.03754  0.03757  0.00909  0.80968  -232.68477  -234.56270  4.99985   768
482.00  0.03754  0.03757  0.00943  0.80968  -232.24226  -234.17360  4.99985   768
483.00  0.03753  0.03757  0.01004  0.80968  -231.31148  -233.25655  4.99985   768
484.00  0.03753  0.03757  0.01075  0.80968  -230.21437  -232.16096  4.99985   768
485.00  0.03753  0.03757  0.01110  0.80968  -229.69099  -231.61012  4.99985   768
486.00  0.03753  0.03757  0.01119  0.80968  -229.49415  -231.38582  4.99985   768
487.00  0.03752  0.03757  0.01081  0.80968  -230.01906  -231.87715  4.99985   768
488.00  0.03753  0.03757  0.01024  0.80968  -230.90254  -232.74080  4.99985   768
489.00  0.03753  0.03757  0.00959  0.80968  -231.86995  -233.71431  4.99985   768
490.00  0.03752  0.03757  0.00919  0.80968  -232.54896  -234.42384  4.99985   768
491.00  0.03754  0.03757  0.00927  0.80968  -232.44826  -234.37044  4.99985   768
492.00  0.03754  0.03757  0.00985  0.80968  -231.61818  -233.55867  4.99985   768
493.00  0.03752  0.03757  0.01047  0.80968  -230.65535  -232.59737  4.99985   768
494.00  0.03753  0.03757  0.01112  0.80968  -229.63301  -231.54146  4.99985   768
495.00  0.03752  0.03757  0.01129  0.80968  -229.31868  -231.19050  4.99985   768
496.00  0.03752  0.03757  0.01104  0.80968  -229.68336  -231.51094  4.99985   768
497.00  0.03753  0.03757  0.01052  0.80968  -230.44020  -232.27540  4.99985   768
498.00  0.03753  0.03757  0.00988  0.80968  -231.44881  -233.26417  4.99985   768
499.00  0.03753  0.03757  0.00920  0.80968  -232.48183  -234.30635  4.99985   768
500.00  0.03752  0.03757  0.00910  0.80968  -232.67866  -234.55507  4.99985   768
501.00  0.03752  0.03757  0.00938  0.80968  -232.32924  -234.24531  4.99985   768
502.00  0.03751  0.03757  0.01004  0.80968  -231.34657  -233.29622  4.99985   768
503.00  0.03751  0.03757  0.01072  0.80968  -230.28151  -232.22810  4.99985   768
504.00  0.03752  0.03757  0.01109  0.80968  -229.65590  -231.57655  4.99985   768
505.00  0.03755  0.03757  0.01109  0.80968  -229.59791  -231.49568  4.99985   768
506.00  0.03752  0.03757  0.01075  0.80968  -230.11671  -231.96413  4.99985   768
507.00  0.03753  0.03757  0.01010  0.80968  -231.08412  -232.89949  4.99985   768
508.00  0.03753  0.03757  0.00950  0.80968  -231.98439  -233.82265  4.99985   768
509.00  0.03753  0.03757  0.00902  0.80968  -232.80073  -234.66188  4.99985   768
510.00  0.03753  0.03757  0.00910  0.80968  -232.75801  -234.66493  4.99985   768
511.00  0.03752  0.03757  0.00964  0.80968  -231.91115  -233.83638  4.99985   768
512.00  0.03753  0.03757  0.01043  0.80968  -230.74080  -232.68281  4.99985   768
513.00  0.03751  0.03757  0.01113  0.80968  -229.59029  -231.52772  4.99985   768
514.00  0.03753  0.03757  0.01131  0.80968  -229.28664  -231.16151  4.99985   768
515.00  0.03752  0.03757  0.01122  0.80968  -229.41786  -231.28664  4.99985   768
516.00  0.03753  0.03757  0.01077  0.80968  -230.07857  -231.89241  4.99985   768
517.00  0.03754  0.03757  0.01006  0.80968  -231.16194  -233.02003  4.99985   768
518.00  0.03752  0.03757  0.00952  0.80968  -232.01338  -233.86232  4.99985   768
519.00  0.03753  0.03757  0.00934  0.80968  -232.32161  -234.21022  4.99985   768
520.00  0.03752  0.03757  0.00959  0.80968  -231.98439  -233.90352  4.99985   768
521.00  0.03753  0.03757  0.01020  0.80968  -231.10396  -233.09175  4.99985   768
522.00  0.03752  0.03757  0.01092  0.80968  -229.95650  -231.89851  4.99985   768
523.00  0.03751  0.03757  0.01129  0.80968  -229.40871  -231.34157  4.99985   768
524.00  0.03751  0.03757  0.01133  0.80968  -229.21339  -231.10200  4.99985   768
525.00  0.03753  0.03757  0.01096  0.80968  -229.81306  -231.66048  4.99985   768
526.00  0.03751  0.03757  0.01040  0.80968  -230.64772  -232.45088  4.99985   768
527.00  0.03750  0.03757  0.00975  0.80968  -231.62123  -233.45796  4.99985   768
528.00  0.03752  0.03757  0.00935  0.80968  -232.28041  -234.12630  4.99985   768
529.00  0.03752  0.03757  0.00943  0.80968  -232.20564  -234.08510  4.99985   768
530.00  0.03752  0.03757  0.00979  0.80968  -231.70363  -233.62886  4.99985   768
531.00  0.03752  0.03757  0.01053  0.80968  -230.55159  -232.49208  4.99985   768
532.00  0.03751  0.03757  0.01103  0.80968  -229.78102  -231.70167  4.99985   768
533.00  0.03751  0.03757  0.01121  0.80968  -229.44990  -231.33546  4.99985   768
534.00  0.03751  0.03757  0.01104  0.80968  -229.66505  -231.52772  4.99985   768
535.00  0.03750  0.03757  0.01052  0.80968  -230.47682  -232.30745  4.99985   768
536.00  0.03751  0.03757  0.00983  0.80968  -231.53883  -233.36793  4.99985   768
537.00  0.03750  0.03757  0.00935  0.80968  -232.29567  -234.15376  4.99985   768
538.00  0.03750  0.03757  0.00929  0.80968  -232.41316  -234.34297  4.99985   768
539.00  0.03752  0.03757  0.00963  0.80968  -231.92030  -233.84706  4.99985   768
540.00  0.03751  0.03757  0.01029  0.80968  -230.94832  -232.91322  4.99985   768
541.00  0.03751  0.03757  0.01097  0.80968  -229.88020  -231.81917  4.99985   768
542.00  0.03750  0.03757  0.01137  0.80968  -229.25764  -231.18440  4.99985   768
543.00  0.03752  0.03757  0.01144  0.80968  -229.03029  -230.87312  4.99985   768
544.00  0.03751  0.03757  0.01107  0.80968  -229.58723  -231.41328  4.99985   768
545.00  0.03751  0.03757  0.01044  0.80968  -230.57905  -232.38679  4.99985   768
546.00  0.03751  0.03757  0.00992  0.80968  -231.36183  -233.18330  4.99985   768
547.00  0.03752  0.03757  0.00952  0.80968  -232.01796  -233.86995  4.99985   768
548.00  0.03751  0.03757  0.00966  0.80968  -231.87300  -233.77077  4.99985   768
549.00  0.03752  0.03757  0.01012  0.80968  -231.16041  -233.08870  4.99985   768
550.00  0.03750  0.03757  0.01085  0.80968  -230.10298  -232.06483  4.99985   768
551.00  0.03750  0.03757  0.01127  0.80968  -229.37819  -231.29884  4.99985   768
552.00  0.03750  0.03757  0.01136  0.80968  -229.21492  -231.09437  4.99985   768
553.00  0.03751  0.03757  0.01115  0.80968  -229.53383  -231.41328  4.99985   768
554.00  0.03751  0.03757  0.01055  0.80968  -230.40053  -232.22200  4.99985   768
555.00  0.03750  0.03757  0.01000  0.80968  -231.26875  -233.10853  4.99985   768
556.00  0.03751  0.03757  0.00956  0.80968  -231.96303  -233.82112  4.99985   768
557.00  0.03749  0.03757  0.00941  0.80968  -232.20869  -234.07136  4.99985   768
558.00  0.03752  0.03757  0.00964  0.80968  -231.93709  -233.85622  4.99985   768
559.00  0.03751  0.03757  0.01028  0.80968  -230.92543  -232.88728  4.99985   768
560.00  0.03751  0.03757  0.01091  0.80968  -229.97023  -231.88783  4.99985   768
561.00  0.03751  0.03757  0.01131  0.80968  -229.31258  -231.23018  4.99985   768
562.00  0.03751  0.03757  0.01119  0.80968  -229.44227  -231.29426  4.99985   768
563.00  0.03750  0.03757  0.01083  0.80968  -229.97786  -231.78712  4.99985   768
564.00  0.03751  0.03757  0.01010  0.80968  -231.05971  -232.87660  4.99985   768
565.00  0.03752  0.03757  0.00954  0.80968  -231.97218  -233.80281  4.99985   768
566.00  0.03752  0.03757  0.00940  0.80968  -232.24531  -234.12935  4.99985   768
567.00  0.03750  0.03757  0.00970  0.80968  -231.78755  -233.73262  4.99985   768
568.00  0.03750  0.03757  0.01059  0.80968  -230.49971  -232.48903  4.99985   768
569.00  0.03751  0.03757  0.01127  0.80968  -229.42396  -231.36140  4.99985   768
570.00  0.03750  0.03757  0.01140  0.80968  -229.16151  -231.06081  4.99985   768
571.00  0.03750  0.03757  0.01156  0.80968  -228.96162  -230.88380  4.99985   768
572.00  0.03751  0.03757  0.01154  0.80968  -228.91127  -230.78920  4.99985   768
573.00  0.03749  0.03757  0.01101  0.80968  -229.70473  -231.55061  4.99985   768
574.00  0.03750  0.03757  0.01042  0.80968  -230.66298  -232.51344  4.99985   768
575.00  0.03750  0.03757  0.00989  0.80968  -231.42439  -233.25960  4.99985   768
576.00  0.03749  0.03757  0.00940  0.80968  -232.15224  -234.01186  4.99985   768
577.00  0.03749  0.03757  0.00968  0.80968  -231.84553  -233.78755  4.99985   768
578.00  0.03748  0.03757  0.01054  0.80968  -230.58668  -232.55006  4.99985   768
579.00  0.03750  0.03757  0.01137  0.80968  -229.26680  -231.19356  4.99985   768
580.00  0.03750  0.03757  0.01173  0.80968  -228.67781  -230.57710  4.99985   768
581.00  0.03750  0.03757  0.01157  0.80968  -228.87465  -230.71901  4.99985   768
582.00  0.03750  0.03757  0.01085  0.80968  -229.90614  -231.70015  4.99985   768
583.00  0.03750  0.03757  0.01005  0.80968  -231.19551  -233.00630  4.99985   768
584.00  0.03749  0.03757  0.00965  0.80968  -231.79060  -233.65327  4.99985   768
585.00  0.03749  0.03757  0.00949  0.80968  -232.09578  -233.97676  4.99985   768
586.00  0.03750  0.03757  0.00965  0.80968  -231.90352  -233.83333  4.99985   768
587.00  0.03748  0.03757  0.01013  0.80968  -231.19093  -233.12990  4.99985   768
588.00  0.03750  0.03757  0.01063  0.80968  -230.41579  -232.36848  4.99985   768
589.00  0.03748  0.03757  0.01104  0.80968  -229.73067  -231.64369  4.99985   768
590.00  0.03749  0.03757  0.01122  0.80968  -229.45906  -231.35530  4.99985   768
591.00  0.03749  0.03757  0.01102  0.80968  -229.66353  -231.50789  4.99985   768
592.00  0.03751  0.03757  0.01037  0.80968  -230.68587  -232.51192  4.99985   768
593.00  0.03750  0.03757  0.00989  0.80968  -231.41829  -233.26723  4.99985   768
594.00  0.03750  0.03757  0.00952  0.80968  -232.02254  -233.86690  4.99985   768
595.00  0.03750  0.03757  0.00940  0.80968  -232.22090  -234.11714  4.99985   768
596.00  0.03749  0.03757  0.01006  0.80968  -231.30385  -233.25349  4.99985   768
597.00  0.03749  0.03757  0.01080  0.80968  -230.15639  -232.10298  4.99985   768
598.00  0.03750  0.03757  0.01160  0.80968  -228.92500  -230.86244  4.99985   768
599.00  0.03748  0.03757  0.01199  0.80968  -228.27650  -230.18648  4.99985   768
600.00  0.03749  0.03757  0.01171  0.80968  -228.62440  -230.46113  4.99985   768
601.00  0.03748  0.03757  0.01104  0.80968  -229.61165  -231.41481  4.99985   768
602.00  0.03749  0.03757  0.01038  0.80968  -230.65382  -232.51344  4.99985   768
603.00  0.03749  0.03757  0.00995  0.80968  -231.36183  -233.22603  4.99985   768
604.00  0.03748  0.03757  0.00971  0.80968  -231.74025  -233.62428  4.99985   768
605.00  0.03750  0.03757  0.00994  0.80968  -231.44728  -233.38930  4.99985   768
606.00  0.03749  0.03757  0.01037  0.80968  -230.79878  -232.72554  4.99985   768
607.00  0.03749  0.03757  0.01089  0.80968  -229.96565  -231.90919  4.99985   768
608.00  0.03749  0.03757  0.01153  0.80968  -229.02876  -230.96773  4.99985   768
609.00  0.03749  0.03757  0.01162  0.80968  -228.80751  -230.66408  4.99985   768
610.00  0.03749  0.03757  0.01110  0.80968  -229.53078  -231.34920  4.99985   768
611.00  0.03747  0.03757  0.01033  0.80968  -230.73012  -232.51955  4.99985   768
612.00  0.03747  0.03757  0.00956  0.80968  -231.89131  -233.70668  4.99985   768
613.00  0.03747  0.03757  0.00907  0.80968  -232.68477  -234.51234  4.99985   768
614.00  0.03748  0.03757  0.00911  0.80968  -232.72139  -234.61916  4.99985   768
615.00  0.03748  0.03757  0.00955  0.80968  -232.05000  -233.99049  4.99985   768
616.00  0.03747  0.03757  0.01022  0.80968  -231.07649  -233.03682  4.99985   768
617.00  0.03749  0.03757  0.01076  0.80968  -230.19453  -232.12129  4.99985   768
618.00  0.03748  0.03757  0.01101  0.80968  -229.76424  -231.65437  4.99985   768
619.00  0.03750  0.03757  0.01069  0.80968  -230.20369  -232.05110  4.99985   768
620.00  0.03748  0.03757  0.01008  0.80968  -231.13600  -232.97731  4.99985   768
621.00  0.03748  0.03757  0.00929  0.80968  -232.33839  -234.16444  4.99985   768
622.00  0.03749  0.03757  0.00871  0.80968  -233.27681  -235.11354  4.99985   768
623.00  0.03748  0.03757  0.00841  0.80968  -233.73152  -235.61250  4.99985   768
624.00  0.03747  0.03757  0.00860  0.80968  -233.51790  -235.42177  4.99985   768
625.00  0.03747  0.03757  0.00914  0.80968  -232.71376  -234.67256  4.99985   768
626.00  0.03749  0.03757  0.01009  0.80968  -231.25197  -233.23366  4.99985   768
627.00  0.03748  0.03757  0.01069  0.80968  -230.29219  -232.18538  4.99985   768
628.00  0.03748  0.03757  0.01032  0.80968  -230.73012  -232.55464  4.99985   768
629.00  0.03747  0.03757  0.00993  0.80968  -231.36488  -233.19551  4.99985   768
630.00  0.03748  0.03757  0.00887  0.80968  -232.97468  -234.75191  4.99985   768
631.00  0.03748  0.03757  0.00854  0.80968  -233.51942  -235.37294  4.99985   768
632.00  0.03746  0.03757  0.00806  0.80968  -234.22896  -236.04280  4.99985   768
633.00  0.03749  0.03757  0.00775  0.80968  -234.83931  -236.75386  4.99985   768
634.00  0.03748  0.03757  0.00805  0.80968  -234.31898  -236.22896  4.99985   768
635.00  0.03746  0.03757  0.00903  0.80968  -232.93196  -234.93806  4.99985   768
636.00  0.03747  0.03757  0.00964  0.80968  -231.92335  -233.87453  4.99985   768
637.00  0.03747  0.03757  0.00963  0.80968  -231.87758  -233.72957  4.99985   768
638.00  0.03749  0.03757  0.00909  0.80968  -232.62526  -234.45283  4.99985   768
639.00  0.03749  0.03757  0.00814  0.80968  -234.09468  -235.91615  4.99985   768
640.00  0.03748  0.03757  0.00750  0.80968  -235.04683  -236.88051  4.99985   768
641.00  0.03747  0.03757  0.00682  0.80968  -236.11494  -237.94099  4.99985   768
642.00  0.03748  0.03757  0.00623  0.80968  -237.08845  -238.93739  4.99985   768
643.00  0.03748  0.03757  0.00614  0.80968  -237.25478  -239.13271  4.99985   768
644.00  0.03747  0.03757  0.00684  0.80968  -236.26448  -238.20650  4.99985   768
645.00  0.03749  0.03757  0.00757  0.80968  -235.08498  -237.04225  4.99985   768
646.00  0.03748  0.03757  0.00790  0.80968  -234.55092  -236.44258  4.99985   768
647.00  0.03749  0.03757  0.00748  0.80968  -235.09260  -236.90797  4.99985   768
648.00  0.03748  0.03757  0.00674  0.80968  -236.22328  -238.02949  4.99985   768
649.00  0.03747  0.03757  0.00606  0.80968  -237.29445  -239.12660  4.99985   768
650.00  0.03749  0.03757  0.00559  0.80968  -238.06502  -239.88802  4.99985   768
651.00  0.03748  0.03757  0.00498  0.80968  -238.97444  -240.80507  4.99985   768
652.00  0.03749  0.03757  0.00445  0.80968  -239.80147  -241.66109  4.99985   768
653.00  0.03748  0.03757  0.00438  0.80968  -239.97847  -241.87929  4.99985   768
654.00  0.03747  0.03757  0.00493  0.80968  -239.14839  -241.09956  4.99985   768
655.00  0.03748  0.03757  0.00547  0.80968  -238.38393  -240.33815  4.99985   768
656.00  0.03748  0.03757  0.00570  0.80968  -237.95668  -239.84376  4.99985   768
657.00  0.03748  0.03757  0.00538  0.80968  -238.35646  -240.19014  4.99985   768
658.00  0.03747  0.03757  0.00464  0.80968  -239.49171  -241.31166  4.99985   768
659.00  0.03749  0.03757  0.00382  0.80968  -240.73988  -242.55067  4.99985   768
660.00  0.03746  0.03757  0.00310  0.80968  -241.78664  -243.59895  4.99985   768
661.00  0.03749  0.03757  0.00254  0.80968  -242.71284  -244.52211  4.99985   768
662.00  0.03748  0.03757  0.00248  0.80968  -242.85628  -244.76625  4.99985   768
663.00  0.03748  0.03757  0.00279  0.80968  -242.40309  -244.32680  4.99985   768
664.00  0.03747  0.03757  0.00323  0.80968  -241.73781  -243.64626  4.99985   768
665.00  0.03748  0.03757  0.00347  0.80968  -241.36549  -243.25868  4.99985   768
666.00  0.03748  0.03757  0.00324  0.80968  -241.58522  -243.44942  4.99985   768
667.00  0.03749  0.03757  0.00254  0.80968  -242.68538  -244.47176  4.99985   768
668.00  0.03748  0.03757  0.00171  0.80968  -243.98085  -245.81148  4.99985   768
669.00  0.03748  0.03757  0.00091  0.80968  -245.22444  -247.04744  4.99985   768
670.00  0.03748  0.03757  0.00024  0.80968  -246.24220  -248.09724  4.99985   768
671.00  0.03748  0.03757  0.00007  0.80968  -246.53365  -248.42989  4.99985   768
672.00  0.03747  0.03757  0.00032  0.80968  -246.21779  -248.13844  4.99985   768
673.00  0.03747  0.03757  0.00078  0.80968  -245.53725  -247.48384  4.99985   768
674.00  0.03748  0.03757  0.00106  0.80968  -245.07643  -246.97420  4.99985   768
675.00  0.03747  0.03757  0.00096  0.80968  -245.18324  -247.05202  4.99985   768
676.00  0.03749  0.03757  0.00067  0.80968  -245.56471  -247.41212  4.99985   768
677.00  0.03748  0.03757  0.00014  0.80968  -246.42073  -248.24678  4.99985   768
678.00  0.03747  0.03757  -0.00030  0.80968  -247.11501  -248.95784  4.99985   768
679.00  0.03749  0.03757  -0.00063  0.80968  -247.56056  -249.39729  4.99985   768
680.00  0.03748  0.03757  -0.00133  0.80968  -248.61800  -250.41811  4.99985   768
681.00  0.03749  0.03757  -0.00045  0.80968  -247.80318  -249.99696  4.99985   768
682.00  0.03749  0.03757  0.00643  0.80968  -237.48518  -240.05434  4.99985   768
683.00  0.03747  0.03757  0.00740  0.80968  -234.80879  -236.30983  4.99985   768
684.00  0.03747  0.03757  0.00720  0.80968  -236.22023  -238.60323  4.99985   768
685.00  0.03748  0.03757  0.01287  0.80968  -227.13209  -229.33046  4.99985   768
686.00  0.03748  0.03757  0.00823  0.80968  -233.35463  -234.60542  4.99985   768
687.00  0.03750  0.03757  0.01054  0.80968  -231.19856  -233.74025  4.99985   768
688.00  0.03748  0.03757  0.01211  0.80968  -227.68141  -229.26942  4.99985   768
689.00  0.03748  0.03757  0.00678  0.80968  -236.10274  -237.77315  4.99985   768
690.00  0.03748  0.03757  0.01226  0.80968  -228.41536  -230.87465  4.99985   768
691.00  0.03748  0.03757  0.01068  0.80968  -229.73982  -231.16304  4.99985   768
692.00  0.03747  0.03757  0.00968  0.80968  -232.26973  -234.52302  4.99985   768
693.00  0.03749  0.03757  0.01452  0.80968  -224.38551  -226.37941  4.99985   768
694.00  0.03748  0.03757  0.01033  0.80968  -230.39290  -231.83137  4.99985   768
695.00  0.03748  0.03757  0.01216  0.80968  -228.57558  -230.94484  4.99985   768
696.00  0.03747  0.03757  0.01272  0.80968  -226.70180  -228.21504  4.99985   768
697.00  0.03747  0.03757  0.00894  0.80968  -232.83888  -234.56422  4.99985   768
698.00  0.03748  0.03757  0.01207  0.80968  -228.43214  -230.66255  4.99985   768
699.00  0.03748  0.03757  0.01021  0.80968  -230.56837  -232.06178  4.99985   768
700.00  0.03749  0.03757  0.00971  0.80968  -232.07899  -234.20412  4.99985   768
701.00  0.03748  0.03757  0.01320  0.80968  -226.52022  -228.56599  4.99985   768
702.00  0.03748  0.03757  0.01082  0.80968  -229.83290  -231.49568  4.99985   768
703.00  0.03748  0.03757  0.01245  0.80968  -227.93928  -230.16511  4.99985   768
704.00  0.03748  0.03757  0.01309  0.80968  -226.29133  -227.97395  4.05846   768
705.00  0.03748  0.03757  0.01043  0.80968  -230.62941  -232.43104  3.95386   768
706.00  0.03748  0.03757  0.01209  0.80968  -228.29939  -230.36348  3.95386   768
707.00  0.03748  0.03757  0.01040  0.80968  -230.34407  -231.89394  3.95386   768
708.00  0.03748  0.03757  0.00942  0.80968  -232.37959  -234.40095  3.95386   768
709.00  0.03748  0.03757  0.01156  0.80968  -229.00130  -231.00282  3.95386   768
710.00  0.03747  0.03757  0.01014  0.80968  -230.95747  -232.66603  3.95386   768
711.00  0.03746  0.03757  0.01177  0.80968  -228.89601  -231.03944  3.95386   768
712.00  0.03748  0.03757  0.01301  0.80968  -226.59193  -228.41188  3.95386   768
713.00  0.03746  0.03757  0.01129  0.80968  -229.27748  -231.06996  3.95386   768
714.00  0.03748  0.03757  0.01265  0.80968  -227.32893  -229.33656  3.95386   768
715.00  0.03748  0.03757  0.01150  0.80968  -228.76784  -230.41841  1.99876   768
716.00  0.03748  0.03757  0.01025  0.80968  -231.01088  -232.91017  1.65375   768
717.00  0.03748  0.03757  0.01108  0.80968  -229.60860  -231.50636  1.65375   768
718.00  0.03749  0.03757  0.00963  0.80968  -231.79823  -233.56172  1.65375   768
719.00  0.03748  0.03757  0.01049  0.80968  -230.80641  -232.88728  1.65375   768
720.00  0.03748  0.03757  0.01158  0.80968  -228.86397  -230.75716  1.65375   768
721.00  0.03747  0.03757  0.01116  0.80968  -229.54909  -231.46516  1.65375   768
722.00  0.03748  0.03757  0.01266  0.80968  -227.35029  -229.39455  1.65375   768
723.00  0.03747  0.03757  0.01208  0.80968  -227.96370  -229.69667  1.65375   768
724.00  0.03747  0.03757  0.01120  0.80968  -229.50941  -231.39192  1.65375   768
725.00  0.03748  0.03757  0.01148  0.80968  -228.96620  -230.81361  1.65375   768
726.00  0.03748  0.03757  0.00998  0.80968  -231.20009  -232.93916  1.52168   768
727.00  0.03748  0.03757  0.01010  0.80968  -231.28859  -233.24281  1.47766   768
728.00  0.03746  0.03757  0.01049  0.80968  -230.49513  -232.35780  1.47766   768
729.00  0.03749  0.03757  0.01031  0.80968  -230.90864  -232.83388  1.47766   768
730.00  0.03748  0.03757  0.01192  0.80968  -228.51149  -230.53438  1.47766   768
731.00  0.03747  0.03757  0.01209  0.80968  -228.03541  -229.85994  1.47766   768
732.00  0.03748  0.03757  0.01198  0.80968  -228.35280  -230.28261  1.47766   768
733.00  0.03748  0.03757  0.01240  0.80968  -227.56697  -229.44337  1.47766   768
734.00  0.03747  0.03757  0.01103  0.80968  -229.59791  -231.32783  1.47766   768
735.00  0.03748  0.03757  0.01047  0.80968  -230.62025  -232.53175  1.47766   768
736.00  0.03748  0.03757  0.01039  0.80968  -230.64009  -232.47682  1.47766   768
737.00  0.03748  0.03757  0.00985  0.80968  -231.58613  -233.47475  1.47456   768
738.00  0.03749  0.03757  0.01054  0.80968  -230.53328  -232.50734  1.47324   768
739.00  0.03749  0.03757  0.01099  0.80968  -229.84663  -231.75203  1.47324   768
740.00  0.03749  0.03757  0.01140  0.80968  -229.24544  -231.23323  1.47324   768
741.00  0.03748  0.03757  0.01231  0.80968  -227.87520  -229.81416  1.47324   768
742.00  0.03748  0.03757  0.01192  0.80968  -228.28108  -230.09950  1.47324   768
743.00  0.03747  0.03757  0.01160  0.80968  -228.85176  -230.70985  1.47324   768
744.00  0.03746  0.03757  0.01092  0.80968  -229.75203  -231.50484  1.47324   768
745.00  0.03748  0.03757  0.00986  0.80968  -231.49000  -233.30385  1.47324   768
746.00  0.03747  0.03757  0.00999  0.80968  -231.32368  -233.23823  1.47324   768
747.00  0.03748  0.03757  0.01018  0.80968  -231.01393  -232.89644  1.47324   768
748.00  0.03749  0.03757  0.01064  0.80968  -230.42494  -232.39748  1.40534   768
749.00  0.03748  0.03757  0.01142  0.80968  -229.16609  -231.08369  1.34979   768
750.00  0.03747  0.03757  0.01151  0.80968  -228.98299  -230.87160  1.34979   768
751.00  0.03748  0.03757  0.01196  0.80968  -228.38026  -230.31465  1.34979   768
752.00  0.03748  0.03757  0.01204  0.80968  -228.18342  -230.02779  1.34979   768
753.00  0.03748  0.03757  0.01126  0.80968  -229.32478  -231.14778  1.34979   768
754.00  0.03748  0.03757  0.01059  0.80968  -230.35322  -232.19911  1.34979   768
755.00  0.03746  0.03757  0.00986  0.80968  -231.45186  -233.27943  1.34979   768
756.00  0.03748  0.03757  0.00967  0.80968  -231.86995  -233.79213  1.34979   768
757.00  0.03746  0.03757  0.01049  0.80968  -230.64009  -232.59889  1.34979   768
758.00  0.03748  0.03757  0.01102  0.80968  -229.77644  -231.71998  1.34979   768
759.00  0.03747  0.03757  0.01181  0.80968  -228.63814  -230.58931  1.49536   768
760.00  0.03747  0.03757  0.01213  0.80968  -228.02016  -229.90419  1.64093   768
761.00  0.03747  0.03757  0.01186  0.80968  -228.40773  -230.24141  1.64093   768
762.00  0.03748  0.03757  0.01150  0.80968  -228.97230  -230.81514  1.64093   768
763.00  0.03748  0.03757  0.01074  0.80968  -230.05110  -231.84663  1.64093   768
764.00  0.03748  0.03757  0.01016  0.80968  -231.04140  -232.87813  1.64093   768
765.00  0.03749  0.03757  0.01000  0.80968  -231.30385  -233.18483  1.64093   768
766.00  0.03748  0.03757  0.00996  0.80968  -231.37404  -233.27028  1.64093   768
767.00  0.03748  0.03757  0.01045  0.80968  -230.70265  -232.66298  1.64093   768
768.00  0.03747  0.03757  0.01123  0.80968  -229.49415  -231.45296  1.64093   768
769.00  0.03748  0.03757  0.01174  0.80968  -228.67476  -230.58778  1.64093   768
770.00  0.03748  0.03757  0.01197  0.80968  -228.35890  -230.28566  1.64290   768
771.00  0.03748  0.03757  0.01170  0.80968  -228.61372  -230.45351  1.64749   768
772.00  0.03747  0.03757  0.01100  0.80968  -229.70625  -231.52620  1.64749   768
773.00  0.03746  0.03757  0.01032  0.80968  -230.76979  -232.58363  1.64749   768
774.00  0.03746  0.03757  0.00970  0.80968  -231.75551  -233.58613  1.64749   768
775.00  0.03747  0.03757  0.00982  0.80968  -231.59224  -233.52205  1.64749   768
776.00  0.03746  0.03757  0.01038  0.80968  -230.82014  -232.75606  1.64749   768
777.00  0.03746  0.03757  0.01102  0.80968  -229.79475  -231.73524  1.64749   768
778.00  0.03747  0.03757  0.01167  0.80968  -228.79225  -230.74647  1.64749   768
779.00  0.03748  0.03757  0.01194  0.80968  -228.33601  -230.20326  1.64749   768
780.00  0.03748  0.03757  0.01168  0.80968  -228.66865  -230.51301  1.64749   768
781.00  0.03747  0.03757  0.01133  0.80968  -229.22255  -231.05623  1.57234   768
782.00  0.03747  0.03757  0.01077  0.80968  -230.09688  -231.90919  1.34689   768
783.00  0.03748  0.03757  0.01032  0.80968  -230.79268  -232.64772  1.34689   768
784.00  0.03747  0.03757  0.01001  0.80968  -231.30080  -233.15584  1.34689   768
785.00  0.03747  0.03757  0.01006  0.80968  -231.25807  -233.18788  1.34689   768
786.00  0.03747  0.03757  0.01054  0.80968  -230.49971  -232.46004  1.34689   768
787.00  0.03747  0.03757  0.01124  0.80968  -229.50789  -231.47127  1.34689   768
788.00  0.03747  0.03757  0.01178  0.80968  -228.62135  -230.55269  1.34689   768
789.00  0.03747  0.03757  0.01214  0.80968  -228.07814  -229.98201  1.34689   768
790.00  0.03746  0.03757  0.01169  0.80968  -228.67476  -230.50233  1.34689   768
791.00  0.03746  0.03757  0.01093  0.80968  -229.80849  -231.62385  1.34689   768
792.00  0.03746  0.03757  0.01020  0.80968  -230.95137  -232.76826  1.36575   768
793.00  0.03747  0.03757  0.00982  0.80968  -231.52510  -233.38167  1.47263   768
794.00  0.03747  0.03757  0.00986  0.80968  -231.52663  -233.41066  1.47263   768
795.00  0.03746  0.03757  0.01032  0.80968  -230.86439  -232.77589  1.47263   768
796.00  0.03748  0.03757  0.01096  0.80968  -229.88173  -231.82985  1.47263   768
797.00  0.03747  0.03757  0.01144  0.80968  -229.13405  -231.04555  1.47263   768
798.00  0.03746  0.03757  0.01161  0.80968  -228.83498  -230.71596  1.47263   768
799.00  0.03747  0.03757  0.01161  0.80968  -228.80446  -230.69612  1.47263   768
800.00  0.03748  0.03757  0.01139  0.80968  -229.12489  -230.97078  1.47263   768
801.00  0.03747  0.03757  0.01072  0.80968  -230.14265  -231.94887  1.47263   768
802.00  0.03746  0.03757  0.01008  0.80968  -231.14516  -233.00020  1.47263   768
803.00  0.03747  0.03757  0.00973  0.80968  -231.70973  -233.59376  1.51378   768
804.00  0.03748  0.03757  0.01001  0.80968  -231.40761  -233.34199  1.88416   768
805.00  0.03746  0.03757  0.01071  0.80968  -230.31508  -232.28456  1.88416   768
806.00  0.03747  0.03757  0.01150  0.80968  -229.06691  -231.02724  1.88416   768
807.00  0.03748  0.03757  0.01194  0.80968  -228.36348  -230.27193  1.88416   768
808.00  0.03747  0.03757  0.01198  0.80968  -228.29024  -230.16817  1.88416   768
809.00  0.03746  0.03757  0.01144  0.80968  -229.08522  -230.91890  1.88416   768
810.00  0.03747  0.03757  0.01092  0.80968  -229.80238  -231.63148  1.88416   768
811.00  0.03747  0.03757  0.01042  0.80968  -230.60957  -232.42647  1.88416   768
812.00  0.03747  0.03757  0.01009  0.80968  -231.16652  -233.03224  1.88416   768
813.00  0.03747  0.03757  0.01007  0.80968  -231.20009  -233.07344  1.88416   768
814.00  0.03748  0.03757  0.01045  0.80968  -230.66450  -232.59279  1.88416   768
815.00  0.03747  0.03757  0.01104  0.80968  -229.77339  -231.69710  1.68182   768
816.00  0.03746  0.03757  0.01163  0.80968  -228.87160  -230.81209  1.64612   768
817.00  0.03747  0.03757  0.01197  0.80968  -228.31160  -230.20479  1.64612   768
818.00  0.03747  0.03757  0.01179  0.80968  -228.51912  -230.39094  1.64612   768
819.00  0.03748  0.03757  0.01127  0.80968  -229.29121  -231.12642  1.64612   768
820.00  0.03746  0.03757  0.01053  0.80968  -230.43867  -232.27388  1.64612   768
821.00  0.03747  0.03757  0.00992  0.80968  -231.42897  -233.26265  1.64612   768
822.00  0.03748  0.03757  0.00966  0.80968  -231.86537  -233.76314  1.64612   768
823.00  0.03747  0.03757  0.00998  0.80968  -231.42134  -233.35115  1.64612   768
824.00  0.03746  0.03757  0.01068  0.80968  -230.38679  -232.34102  1.64612   768
825.00  0.03745  0.03757  0.01138  0.80968  -229.28511  -231.23170  1.64612   768
826.00  0.03746  0.03757  0.01179  0.80968  -228.61525  -230.49928  1.49506   768
827.00  0.03746  0.03757  0.01175  0.80968  -228.59541  -230.44740  1.47827   768
828.00  0.03746  0.03757  0.01135  0.80968  -229.20424  -231.04555  1.47827   768
829.00  0.03747  0.03757  0.01080  0.80968  -230.03889  -231.84511  1.47827   768
830.00  0.03747  0.03757  0.01029  0.80968  -230.78047  -232.61873  1.47827   768
831.00  0.03746  0.03757  0.00983  0.80968  -231.54036  -233.37556  1.47827   768
832.00  0.03748  0.03757  0.00997  0.80968  -231.38319  -233.29622  1.47827   768
833.00  0.03747  0.03757  0.01044  0.80968  -230.66603  -232.60194  1.47827   768
834.00  0.03746  0.03757  0.01109  0.80968  -229.67573  -231.61165  1.47827   768
835.00  0.03748  0.03757  0.01170  0.80968  -228.79683  -230.73579  1.47827   768
836.00  0.03747  0.03757  0.01196  0.80968  -228.31007  -230.21547  1.47827   768
837.00  0.03746  0.03757  0.01184  0.80968  -228.45808  -230.32838  1.61263   768
838.00  0.03746  0.03757  0.01132  0.80968  -229.23628  -231.05928  1.65741   768
839.00  0.03746  0.03757  0.01056  0.80968  -230.36696  -232.19301  1.65741   768
840.00  0.03747  0.03757  0.00983  0.80968  -231.54341  -233.36336  1.65741   768
841.00  0.03746  0.03757  0.00968  0.80968  -231.84859  -233.75856  1.65741   768
842.00  0.03747  0.03757  0.01014  0.80968  -231.12532  -233.06123  1.65741   768
843.00  0.03746  0.03757  0.01091  0.80968  -229.97328  -231.92750  1.65741   768
844.00  0.03745  0.03757  0.01169  0.80968  -228.75563  -230.70680  1.65741   768
845.00  0.03748  0.03757  0.01204  0.80968  -228.17580  -230.07967  1.65741   768
846.00  0.03747  0.03757  0.01183  0.80968  -228.46419  -230.28871  1.65741   768
847.00  0.03746  0.03757  0.01141  0.80968  -229.08827  -230.92500  1.65741   768
848.00  0.03746  0.03757  0.01089  0.80968  -229.90462  -231.72304  1.53180   768
849.00  0.03747  0.03757  0.01021  0.80968  -230.91780  -232.74538  1.47797   768
850.00  0.03748  0.03757  0.00979  0.80968  -231.59376  -233.44270  1.47797   768
851.00  0.03746  0.03757  0.00975  0.80968  -231.72652  -233.62581  1.47797   768
852.00  0.03746  0.03757  0.01019  0.80968  -231.08870  -233.02919  1.47797   768
853.00  0.03746  0.03757  0.01103  0.80968  -229.84663  -231.83290  1.47797   768
854.00  0.03746  0.03757  0.01175  0.80968  -228.71290  -230.65187  1.47797   768
855.00  0.03745  0.03757  0.01199  0.80968  -228.27345  -230.16969  1.47797   768
856.00  0.03746  0.03757  0.01186  0.80968  -228.41994  -230.29939  1.47797   768
857.00  0.03746  0.03757  0.01125  0.80968  -229.32478  -231.14473  1.47797   768
858.00  0.03747  0.03757  0.01040  0.80968  -230.58974  -232.39137  1.47797   768
859.00  0.03748  0.03757  0.00989  0.80968  -231.43812  -233.29164  1.47881   768
860.00  0.03747  0.03757  0.00983  0.80968  -231.60139  -233.48085  1.47949   768
861.00  0.03747  0.03757  0.01011  0.80968  -231.17262  -233.09022  1.47949   768
862.00  0.03746  0.03757  0.01075  0.80968  -230.21132  -232.15181  1.47949   768
863.00  0.03748  0.03757  0.01145  0.80968  -229.17830  -231.12184  1.47949   768
864.00  0.03747  0.03757  0.01186  0.80968  -228.49928  -230.40010  1.47949   768
865.00  0.03747  0.03757  0.01191  0.80968  -228.39705  -230.27040  1.47949   768
866.00  0.03748  0.03757  0.01160  0.80968  -228.77852  -230.61372  1.47949   768
867.00  0.03747  0.03757  0.01098  0.80968  -229.73067  -231.55672  1.47949   768
868.00  0.03747  0.03757  0.01032  0.80968  -230.74232  -232.56990  1.47949   768
869.00  0.03748  0.03757  0.00982  0.80968  -231.53731  -233.41371  1.47949   768
870.00  0.03747  0.03757  0.00970  0.80968  -231.81197  -233.72652  1.55791   768
871.00  0.03747  0.03757  0.01027  0.80968  -230.99257  -232.95595  1.65375   768
872.00  0.03746  0.03757  0.01107  0.80968  -229.76424  -231.72761  1.65375   768
873.00  0.03747  0.03757  0.01176  0.80968  -228.68239  -230.62898  1.65375   768
874.00  0.03746  0.03757  0.01201  0.80968  -228.26430  -230.15291  1.65375   768
875.00  0.03746  0.03757  0.01177  0.80968  -228.55421  -230.39857  1.65375   768
876.00  0.03746  0.03757  0.01118  0.80968  -229.40260  -231.20576  1.65375   768
877.00  0.03747  0.03757  0.01051  0.80968  -230.45241  -232.27540  1.65375   768
878.00  0.03747  0.03757  0.00995  0.80968  -231.33894  -233.17567  1.65375   768
879.00  0.03746  0.03757  0.00979  0.80968  -231.59376  -233.43812  1.65375   768
880.00  0.03746  0.03757  0.00989  0.80968  -231.56477  -233.46101  1.65375   768
881.00  0.03748  0.03757  0.01045  0.80968  -230.66145  -232.59279  1.65220   768
882.00  0.03746  0.03757  0.01112  0.80968  -229.70015  -231.64369  1.64932   768
883.00  0.03748  0.03757  0.01162  0.80968  -228.83498  -230.75105  1.64932   768
884.00  0.03745  0.03757  0.01179  0.80968  -228.57405  -230.45198  1.64932   768
885.00  0.03747  0.03757  0.01145  0.80968  -229.04249  -230.88533  1.64932   768
886.00  0.03747  0.03757  0.01075  0.80968  -230.08772  -231.89546  1.64932   768
887.00  0.03746  0.03757  0.00999  0.80968  -231.24281  -233.07954  1.64932   768
888.00  0.03746  0.03757  0.00951  0.80968  -232.07136  -233.92946  1.64932   768
889.00  0.03747  0.03757  0.00958  0.80968  -232.01796  -233.93556  1.64932   768
890.00  0.03745  0.03757  0.01013  0.80968  -231.19398  -233.16804  1.64932   768
891.00  0.03746  0.03757  0.01089  0.80968  -230.01906  -231.97175  1.64932   768
892.00  0.03746  0.03757  0.01143  0.80968  -229.13252  -231.04707  1.72046   768
893.00  0.03746  0.03757  0.01170  0.80968  -228.71290  -230.61830  1.88644   768
894.00  0.03746  0.03757  0.01158  0.80968  -228.85786  -230.69307  1.88644   768
895.00  0.03747  0.03757  0.01111  0.80968  -229.53841  -231.38124  1.88644   768
896.00  0.03746  0.03757  0.01057  0.80968  -230.34254  -232.14265  1.88644   768
897.00  0.03748  0.03757  0.00997  0.80968  -231.31300  -233.13295  1.88644   768
898.00  0.03747  0.03757  0.00976  0.80968  -231.69600  -233.56477  1.88644   768
899.00  0.03745  0.03757  0.00989  0.80968  -231.52815  -233.42439  1.88644   768
900.00  0.03745  0.03757  0.01055  0.80968  -230.50886  -232.46156  1.88644   768
901.00  0.03746  0.03757  0.01120  0.80968  -229.55824  -231.51247  1.88644   768
902.00  0.03746  0.03757  0.01168  0.80968  -228.76326  -230.69612  1.88644   768
903.00  0.03748  0.03757  0.01167  0.80968  -228.74953  -230.65492  1.88644   768
904.00  0.03746  0.03757  0.01132  0.80968  -229.21034  -231.05012  1.46881   768
905.00  0.03747  0.03757  0.01069  0.80968  -230.21742  -232.05415  1.46881   768
906.00  0.03746  0.03757  0.01011  0.80968  -231.08412  -232.94069  1.46881   768
907.00  0.03747  0.03757  0.00981  0.80968  -231.65633  -233.51289  1.46881   768
908.00  0.03746  0.03757  0.00986  0.80968  -231.52510  -233.43202  1.46881   768
909.00  0.03746  0.03757  0.01032  0.80968  -230.90712  -232.84914  1.46881   768
910.00  0.03746  0.03757  0.01104  0.80968  -229.77492  -231.71541  1.46881   768
911.00  0.03747  0.03757  0.01162  0.80968  -228.91127  -230.83650  1.46881   768
912.00  0.03747  0.03757  0.01183  0.80968  -228.49318  -230.36958  1.46881   768
913.00  0.03745  0.03757  0.01164  0.80968  -228.74800  -230.58321  1.46881   768
914.00  0.03747  0.03757  0.01124  0.80968  -229.35530  -231.18440  1.50424   768
915.00  0.03747  0.03757  0.01043  0.80968  -230.56227  -232.36085  2.17743   768
916.00  0.03748  0.03757  0.00989  0.80968  -231.44881  -233.29164  2.17743   768
917.00  0.03746  0.03757  0.00985  0.80968  -231.58308  -233.47932  2.17743   768
918.00  0.03747  0.03757  0.01005  0.80968  -231.26570  -233.20161  2.17743   768
919.00  0.03747  0.03757  0.01063  0.80968  -230.42036  -232.38374  2.17743   768
920.00  0.03746  0.03757  0.01129  0.80968  -229.40718  -231.35988  2.17743   768
921.00  0.03746  0.03757  0.01169  0.80968  -228.73579  -230.63356  2.17743   768
922.00  0.03746  0.03757  0.01166  0.80968  -228.83345  -230.71596  2.17743   768
923.00  0.03747  0.03757  0.01138  0.80968  -229.13710  -230.99367  2.17743   768
924.00  0.03745  0.03757  0.01081  0.80968  -230.01448  -231.83137  2.17743   768
925.00  0.03746  0.03757  0.01021  0.80968  -230.96052  -232.80336  2.17743   768
926.00  0.03747  0.03757  0.00987  0.80968  -231.49306  -233.34352  4.85873   768
927.00  0.03746  0.03757  0.00989  0.80968  -231.49458  -233.40303  4.99985   768
928.00  0.03746  0.03757  0.01028  0.80968  -230.95595  -232.86897  4.99985   768
929.00  0.03746  0.03757  0.01107  0.80968  -229.74592  -231.69252  4.99985   768
930.00  0.03745  0.03757  0.01168  0.80968  -228.79072  -230.71290  4.99985   768
931.00  0.03746  0.03757  0.01185  0.80968  -228.44282  -230.31312  4.99985   768
932.00  0.03746  0.03757  0.01178  0.80968  -228.55727  -230.41231  4.99985   768
933.00  0.03745  0.03757  0.01119  0.80968  -229.39192  -231.20729  4.99985   768
934.00  0.03746  0.03757  0.01038  0.80968  -230.63704  -232.44630  4.99985   768
935.00  0.03746  0.03757  0.00999  0.80968  -231.32826  -233.18941  4.99985   768
936.00  0.03747  0.03757  0.00979  0.80968  -231.63649  -233.51900  4.99985   768
937.00  0.03747  0.03757  0.01008  0.80968  -231.23823  -233.18788  4.99985   768
938.00  0.03747  0.03757  0.01073  0.80968  -230.28151  -232.24031  4.99985   768
939.00  0.03747  0.03757  0.01139  0.80968  -229.25154  -231.18288  4.99985   768
940.00  0.03747  0.03757  0.01182  0.80968  -228.52522  -230.45503  4.99985   768
941.00  0.03748  0.03757  0.01183  0.80968  -228.53895  -230.41841  4.99985   768
942.00  0.03746  0.03757  0.01146  0.80968  -229.00587  -230.85176  4.99985   768
943.00  0.03748  0.03757  0.01074  0.80968  -230.11671  -231.90309  4.99985   768
944.00  0.03747  0.03757  0.01012  0.80968  -231.08107  -232.92085  4.99985   768
945.00  0.03747  0.03757  0.00984  0.80968  -231.54341  -233.41066  4.99985   768
946.00  0.03746  0.03757  0.00998  0.80968  -231.34657  -233.22908  4.99985   768
947.00  0.03746  0.03757  0.01038  0.80968  -230.77437  -232.70113  4.99985   768
948.00  0.03746  0.03757  0.01104  0.80968  -229.79780  -231.75203  4.99985   768
949.00  0.03746  0.03757  0.01158  0.80968  -228.90974  -230.84413  4.99985   768
950.00  0.03746  0.03757  0.01177  0.80968  -228.55421  -230.42757  4.99985   768
951.00  0.03746  0.03757  0.01171  0.80968  -228.67171  -230.54658  4.99985   768
952.00  0.03746  0.03757  0.01117  0.80968  -229.44685  -231.27290  4.99985   768
953.00  0.03746  0.03757  0.01056  0.80968  -230.41121  -232.24489  4.99985   768
954.00  0.03746  0.03757  0.01025  0.80968  -230.92696  -232.82014  4.99985   768
955.00  0.03745  0.03757  0.01004  0.80968  -231.25502  -233.11464  4.99985   768
956.00  0.03747  0.03757  0.01037  0.80968  -230.77894  -232.71791  4.99985   768
957.00  0.03745  0.03757  0.01094  0.80968  -229.93513  -231.88631  4.99985   768
958.00  0.03745  0.03757  0.01144  0.80968  -229.09895  -231.03639  4.99985   768
959.00  0.03746  0.03757  0.01185  0.80968  -228.52217  -230.43825  4.99985   768
960.00  0.03745  0.03757  0.01189  0.80968  -228.38942  -230.24599  4.99985   768
961.00  0.03746  0.03757  0.01149  0.80968  -228.96315  -230.77852  4.99985   768
962.00  0.03745  0.03757  0.01082  0.80968  -229.96870  -231.77949  4.99985   768
963.00  0.03745  0.03757  0.01002  0.80968  -231.19093  -232.98646  4.99985   768
964.00  0.03747  0.03757  0.00971  0.80968  -231.72041  -233.58613  4.99985   768
965.00  0.03747  0.03757  0.00986  0.80968  -231.54494  -233.47780  4.99985   768
966.00  0.03745  0.03757  0.01034  0.80968  -230.85371  -232.76674  4.99985   768
967.00  0.03744  0.03757  0.01081  0.80968  -230.10756  -232.02363  4.99985   768
968.00  0.03744  0.03757  0.01110  0.80968  -229.67573  -231.58876  4.99985   768
969.00  0.03744  0.03757  0.01118  0.80968  -229.48347  -231.36140  4.99985   768
970.00  0.03745  0.03757  0.01050  0.80968  -230.47072  -232.29982  4.99985   768
971.00  0.03744  0.03757  0.00997  0.80968  -231.32979  -233.17873  4.99985   768
972.00  0.03745  0.03757  0.00927  0.80968  -232.35365  -234.18581  4.99985   768
973.00  0.03744  0.03757  0.00844  0.80968  -233.67964  -235.52095  4.99985   768
974.00  0.03744  0.03757  0.00854  0.80968  -233.58351  -235.50111  4.99985   768
975.00  0.03744  0.03757  0.00887  0.80968  -233.07997  -235.01131  4.99985   768
976.00  0.03745  0.03757  0.00951  0.80968  -232.15681  -234.11409  4.99985   768
977.00  0.03744  0.03757  0.01048  0.80968  -230.64772  -232.60805  4.99985   768
978.00  0.03745  0.03757  0.01062  0.80968  -230.31966  -232.20216  4.99985   768
979.00  0.03745  0.03757  0.01060  0.80968  -230.37459  -232.25099  4.99985   768
980.00  0.03744  0.03757  0.01006  0.80968  -231.12379  -232.90712  4.99985   768
981.00  0.03744  0.03757  0.00916  0.80968  -232.51692  -234.30025  4.99985   768
982.00  0.03744  0.03757  0.00855  0.80968  -233.49959  -235.34090  4.99985   768
983.00  0.03745  0.03757  0.00790  0.80968  -234.48683  -236.30525  4.99985   768
984.00  0.03744  0.03757  0.00783  0.80968  -234.69893  -236.60890  4.99985   768
985.00  0.03744  0.03757  0.00823  0.80968  -234.09468  -236.03212  4.99985   768
986.00  0.03744  0.03757  0.00858  0.80968  -233.52553  -235.46602  4.99985   768
987.00  0.03744  0.03757  0.00918  0.80968  -232.66798  -234.61458  4.99985   768
988.00  0.03744  0.03757  0.00925  0.80968  -232.42384  -234.30025  4.99985   768
989.00  0.03744  0.03757  0.00888  0.80968  -232.99910  -234.85719  4.99985   768
990.00  0.03743  0.03757  0.00843  0.80968  -233.69948  -235.54231  4.99985   768
991.00  0.03743  0.03757  0.00763  0.80968  -234.93697  -236.75996  4.99985   768
992.00  0.03745  0.03757  0.00711  0.80968  -235.71669  -237.55342  4.99985   768
993.00  0.03742  0.03757  0.00717  0.80968  -235.66481  -237.53358  4.99985   768
994.00  0.03742  0.03757  0.00745  0.80968  -235.26656  -237.19026  4.99985   768
995.00  0.03743  0.03757  0.00818  0.80968  -234.17097  -236.12520  4.99985   768
996.00  0.03743  0.03757  0.00888  0.80968  -233.04945  -234.97468  4.99985   768
997.00  0.03743  0.03757  0.00946  0.80968  -232.19343  -234.12172  4.99985   768
998.00  0.03743  0.03757  0.00967  0.80968  -231.77687  -233.65175  4.99985   768
999.00  0.03742  0.03757  0.00921  0.80968  -232.49861  -234.32466  4.99985   768
1000.00  0.03743  0.03757  0.00863  0.80968  -233.38209  -235.21883  4.99985   768
1001.00  0.03742  0.03757  0.00803  0.80968  -234.28236  -236.09163  4.99985   768
1002.00  0.03743  0.03757  0.00779  0.80968  -234.71724  -236.61653  4.99985   768
1003.00  0.03742  0.03757  0.00808  0.80968  -234.32051  -236.24879  4.99985   768
1004.00  0.03744  0.03757  0.00897  0.80968  -232.97468  -234.95180  4.99985   768
1005.00  0.03742  0.03757  0.00974  0.80968  -231.81044  -233.78603  4.99985   768
1006.00  0.03743  0.03757  0.01059  0.80968  -230.48903  -232.47072  4.99985   768
1007.00  0.03744  0.03757  0.01080  0.80968  -230.05263  -231.90919  4.99985   768
1008.00  0.03742  0.03757  0.01069  0.80968  -230.25404  -232.12587  4.99985   768
1009.00  0.03743  0.03757  0.01042  0.80968  -230.60652  -232.45546  4.99985   768
1010.00  0.03742  0.03757  0.00964  0.80968  -231.75398  -233.53883  4.99985   768
1011.00  0.03742  0.03757  0.00933  0.80968  -232.32771  -234.19343  4.99985   768
1012.00  0.03743  0.03757  0.00942  0.80968  -232.25447  -234.14155  4.99985   768
1013.00  0.03741  0.03757  0.00984  0.80968  -231.58919  -233.51594  4.99985   768
1014.00  0.03744  0.03757  0.01089  0.80968  -230.07246  -232.07094  4.99985   768
1015.00  0.03743  0.03757  0.01176  0.80968  -228.69002  -230.64424  4.99985   768
1016.00  0.03742  0.03757  0.01348  0.80968  -226.16469  -228.23183  4.99985   768
1017.00  0.03742  0.03757  0.01384  0.80968  -225.36818  -227.23085  4.99985   768
1018.00  0.03742  0.03757  0.01412  0.80968  -225.08436  -227.05995  4.99985   768
1019.00  0.03742  0.03757  0.01460  0.80968  -224.28633  -226.16884  4.99985   768
1020.00  0.03742  0.03757  0.01418  0.80968  -224.86769  -226.74257  4.99985   768
1021.00  0.03742  0.03757  0.01489  0.80968  -223.92622  -225.91402  4.99985   768
1022.00  0.03741  0.03757  0.01541  0.80968  -223.01222  -224.93288  4.99985   768
1023.00  0.03741  0.03757  0.01638  0.80968  -221.66487  -223.68623  4.99985   768
1024.00  0.03740  0.03757  0.01752  0.80968  -219.89638  -221.83687  4.99985   768
1025.00  0.03742  0.03757  0.01811  0.80968  -218.90608  -220.86183  4.99985   768
1026.00  0.03741  0.03757  0.01897  0.80968  -217.58467  -219.52974  4.99985   768
1027.00  0.03741  0.03757  0.01868  0.80968  -217.93562  -219.75252  4.99985   768
1028.00  0.03742  0.03757  0.01885  0.80968  -217.76777  -219.69606  4.99985   768
1029.00  0.03742  0.03757  0.01879  0.80968  -217.79677  -219.62587  4.99985   768
1030.00  0.03741  0.03757  0.01856  0.80968  -218.14924  -220.02260  4.99985   768
1031.00  0.03741  0.03757  0.01912  0.80968  -217.39393  -219.33290  4.99985   768
1032.00  0.03742  0.03757  0.01959  0.80968  -216.65999  -218.59285  4.99985   768
1033.00  0.03741  0.03757  0.02092  0.80968  -214.64735  -216.66719  4.99985   768
1034.00  0.03740  0.03757  0.02178  0.80968  -213.26033  -215.20234  4.99985   768
1035.00  0.03742  0.03757  0.02218  0.80968  -212.65761  -214.58742  4.99985   768
1036.00  0.03741  0.03757  0.02248  0.80968  -212.13423  -214.02131  4.99985   768
1037.00  0.03741  0.03757  0.02205  0.80968  -212.77052  -214.61793  4.99985   768
1038.00  0.03741  0.03757  0.02195  0.80968  -213.01008  -214.92616  4.99985   768
1039.00  0.03740  0.03757  0.02172  0.80968  -213.26185  -215.11384  4.99985   768
1040.00  0.03741  0.03757  0.02176  0.80968  -213.27711  -215.20845  4.99985   768
1041.00  0.03739  0.03757  0.02259  0.80968  -212.09456  -214.05488  4.99985   768
1042.00  0.03741  0.03757  0.02321  0.80968  -211.09663  -213.02797  4.99985   768
1043.00  0.03740  0.03757  0.02432  0.80968  -209.42274  -211.40901  4.99985   768
1044.00  0.03740  0.03757  0.02526  0.80968  -207.93654  -209.87398  4.99985   768
1045.00  0.03741  0.03757  0.02560  0.80968  -207.36738  -209.26820  4.99985   768
1046.00  0.03740  0.03757  0.02684  0.80968  -205.61873  -207.63398  4.99985   768
1047.00  0.03740  0.03757  0.02706  0.80968  -205.06025  -206.91072  4.99985   768
1048.00  0.03740  0.03757  0.02758  0.80968  -204.37361  -206.32631  4.99985   768
1049.00  0.03740  0.03757  0.02808  0.80968  -203.57863  -205.48250  4.99985   768
1050.00  0.03739  0.03757  0.02841  0.80968  -203.11171  -205.06135  4.99985   768
1051.00  0.03740  0.03757  0.02906  0.80968  -202.07106  -203.98103  4.99985   768
1052.00  0.03740  0.03757  0.02956  0.80968  -201.32185  -203.27760  4.99985   768
1053.00  0.03740  0.03757  0.03046  0.80968  -200.02333  -202.02791  4.99985   768
1054.00  0.03740  0.03757  0.03105  0.80968  -198.95979  -200.84840  4.99985   768
1055.00  0.03740  0.03757  0.03085  0.80968  -199.29701  -201.18562  4.99985   768
1056.00  0.03741  0.03757  0.03087  0.80968  -199.27260  -201.13527  4.99985   768
1057.00  0.03739  0.03757  0.03009  0.80968  -200.34987  -202.15455  4.99985   768
1058.00  0.03740  0.03757  0.02956  0.80968  -201.26539  -203.12196  4.99985   768
1059.00  0.03739  0.03757  0.02952  0.80968  -201.29439  -203.18452  4.99985   768
1060.00  0.03741  0.03757  0.02937  0.80968  -201.55226  -203.43629  4.99985   768
1061.00  0.03739  0.03757  0.03024  0.80968  -200.30867  -202.28120  4.99985   768
1062.00  0.03740  0.03757  0.03081  0.80968  -199.38856  -201.26191  4.99985   768
1063.00  0.03740  0.03757  0.03104  0.80968  -199.03151  -200.93538  4.99985   768
1064.00  0.03742  0.03757  0.03123  0.80968  -198.67903  -200.56611  4.99985   768
1065.00  0.03740  0.03757  0.03069  0.80968  -199.48164  -201.28785  4.99985   768
1066.00  0.03741  0.03757  0.03031  0.80968  -200.10725  -201.97755  4.99985   768
1067.00  0.03738  0.03757  0.02996  0.80968  -200.58485  -202.42311  4.99985   768
1068.00  0.03740  0.03757  0.02946  0.80968  -201.41493  -203.28370  4.99985   768
1069.00  0.03740  0.03757  0.02971  0.80968  -201.09602  -203.02736  4.99985   768
1070.00  0.03739  0.03757  0.03020  0.80968  -200.33918  -202.28425  4.99985   768
1071.00  0.03740  0.03757  0.03113  0.80968  -199.00099  -201.00709  4.99985   768
1072.00  0.03740  0.03757  0.03227  0.80968  -197.19130  -199.16841  4.99985   768
1073.00  0.03739  0.03757  0.03291  0.80968  -196.17964  -198.10792  4.99985   768
1074.00  0.03739  0.03757  0.03330  0.80968  -195.57386  -197.47773  4.99985   768
1075.00  0.03741  0.03757  0.03333  0.80968  -195.45637  -197.35414  4.99985   768
1076.00  0.03737  0.03757  0.03319  0.80968  -195.70662  -197.59675  4.99985   768
1077.00  0.03738  0.03757  0.03346  0.80968  -195.34193  -197.21986  4.99985   768
1078.00  0.03740  0.03757  0.03338  0.80968  -195.38160  -197.22444  4.99985   768
1079.00  0.03739  0.03757  0.03371  0.80968  -194.98335  -196.93605  4.99985   768
1080.00  0.03740  0.03757  0.03470  0.80968  -193.46968  -195.41932  4.99985   768
1081.00  0.03738  0.03757  0.03522  0.80968  -192.59077  -194.52058  4.99985   768
1082.00  0.03739  0.03757  0.03593  0.80968  -191.60200  -193.54249  4.99985   768
1083.00  0.03742  0.03757  0.03621  0.80968  -191.01606  -192.89705  4.99985   768
1084.00  0.03740  0.03757  0.03607  0.80968  -191.28614  -193.16102  4.99985   768
1085.00  0.03739  0.03757  0.03607  0.80968  -191.23121  -193.12440  4.99985   768
1086.00  0.03739  0.03757  0.03542  0.80968  -192.17726  -193.98500  4.99985   768
1087.00  0.03739  0.03757  0.03524  0.80968  -192.56483  -194.47023  4.99985   768
1088.00  0.03739  0.03757  0.03562  0.80968  -192.00026  -193.93159  4.99985   768
1089.00  0.03740  0.03757  0.03582  0.80968  -191.73018  -193.62947  4.99985   768
1090.00  0.03738  0.03757  0.03642  0.80968  -190.84059  -192.81160  4.99985   768
1091.00  0.03739  0.03757  0.03707  0.80968  -189.81520  -191.73890  4.99985   768
1092.00  0.03738  0.03757  0.03721  0.80968  -189.53749  -191.42457  4.99985   768
1093.00  0.03738  0.03757  0.03726  0.80968  -189.40168  -191.26130  4.99985   768
1094.00  0.03739  0.03757  0.03662  0.80968  -190.34163  -192.15242  4.99985   768
1095.00  0.03739  0.03757  0.03618  0.80968  -191.07863  -192.91993  4.99985   768
1096.00  0.03739  0.03757  0.03595  0.80968  -191.43415  -193.26020  4.99985   768
1097.00  0.03740  0.03757  0.03543  0.80968  -192.18947  -194.03230  4.99985   768
1098.00  0.03739  0.03757  0.03591  0.80968  -191.61726  -193.57606  4.99985   768
1099.00  0.03739  0.03757  0.03685  0.80968  -190.14936  -192.09596  4.99985   768
1100.00  0.03739  0.03757  0.03728  0.80968  -189.47340  -191.41389  4.99985   768
1101.00  0.03740  0.03757  0.03803  0.80968  -188.32899  -190.28016  4.99985   768
1102.00  0.03739  0.03757  0.03817  0.80968  -188.04976  -189.90327  4.99985   768
1103.00  0.03739  0.03757  0.03799  0.80968  -188.34272  -190.22371  4.99985   768
1104.00  0.03740  0.03757  0.03781  0.80968  -188.55177  -190.41597  4.99985   768
1105.00  0.03739  0.03757  0.03720  0.80968  -189.50087  -191.33912  4.99985   768
1106.00  0.03739  0.03757  0.03707  0.80968  -189.77552  -191.68245  4.99985   768
1107.00  0.03739  0.03757  0.03733  0.80968  -189.37117  -191.28114  4.99985   768
1108.00  0.03738  0.03757  0.03780  0.80968  -188.67231  -190.61128  4.99985   768
1109.00  0.03737  0.03757  0.03851  0.80968  -187.58284  -189.52790  4.99985   768
1110.00  0.03740  0.03757  0.03906  0.80968  -186.71614  -188.62611  4.99985   768
1111.00  0.03739  0.03757  0.03922  0.80968  -186.41401  -188.30568  4.99985   768
1112.00  0.03739  0.03757  0.03910  0.80968  -186.56202  -188.39723  4.99985   768
1113.00  0.03737  0.03757  0.03842  0.80968  -187.58894  -189.37532  4.99985   768
1114.00  0.03739  0.03757  0.03784  0.80968  -188.52888  -190.35951  4.99985   768
1115.00  0.03740  0.03757  0.03729  0.80968  -189.33455  -191.17585  4.99985   768
1116.00  0.03737  0.03757  0.03692  0.80968  -189.94947  -191.78468  4.99985   768
1117.00  0.03739  0.03757  0.03716  0.80968  -189.64582  -191.56038  4.99985   768
1118.00  0.03739  0.03757  0.03768  0.80968  -188.85695  -190.81422  4.99985   768
1119.00  0.03739  0.03757  0.03822  0.80968  -188.06349  -189.98872  4.99985   768
1120.00  0.03738  0.03757  0.03869  0.80968  -187.27766  -189.20900  4.99985   768
1121.00  0.03739  0.03757  0.03877  0.80968  -187.14186  -189.02742  4.99985   768
1122.00  0.03738  0.03757  0.03838  0.80968  -187.68660  -189.53248  4.99985   768
1123.00  0.03740  0.03757  0.03813  0.80968  -188.05586  -189.89717  4.99985   768
1124.00  0.03738  0.03757  0.03779  0.80968  -188.69215  -190.57313  4.99985   768
1125.00  0.03737  0.03757  0.03765  0.80968  -188.82643  -190.69520  4.99985   768
1126.00  0.03738  0.03757  0.03756  0.80968  -188.94545  -190.82948  4.99985   768
1127.00  0.03739  0.03757  0.03849  0.80968  -187.67286  -189.65455  4.99985   768
1128.00  0.03739  0.03757  0.03897  0.80968  -186.86720  -188.76344  4.99985   768
1129.00  0.03738  0.03757  0.03980  0.80968  -185.67854  -187.64802  4.99985   768
1130.00  0.03739  0.03757  0.04055  0.80968  -184.36781  -186.23506  4.99985   768
1131.00  0.03740  0.03757  0.04001  0.80968  -185.17347  -187.02699  4.99985   768
1132.00  0.03740  0.03757  0.04011  0.80968  -185.09108  -187.00105  4.99985   768
1133.00  0.03738  0.03757  0.03971  0.80968  -185.54426  -187.31233  4.99985   768
1134.00  0.03738  0.03757  0.03907  0.80968  -186.67341  -188.56813  4.99985   768
1135.00  0.03739  0.03757  0.03948  0.80968  -186.08137  -188.00813  4.99985   768
1136.00  0.03739  0.03757  0.03939  0.80968  -186.13173  -188.00660  4.99985   768
1137.00  0.03739  0.03757  0.04023  0.80968  -185.02394  -187.02241  4.99985   768
1138.00  0.03738  0.03757  0.04093  0.80968  -183.86732  -185.80781  4.99985   768
1139.00  0.03738  0.03757  0.04104  0.80968  -183.66896  -185.56520  4.99985   768
1140.00  0.03738  0.03757  0.04131  0.80968  -183.22493  -185.13490  4.99985   768
1141.00  0.03738  0.03757  0.04087  0.80968  -183.80934  -185.61860  4.99985   768
1142.00  0.03741  0.03757  0.03998  0.80968  -185.22383  -187.03920  4.99985   768
1143.00  0.03739  0.03757  0.03969  0.80968  -185.60072  -187.41456  4.99985   768
1144.00  0.03739  0.03757  0.03893  0.80968  -186.81074  -188.63374  4.99985   768
1145.00  0.03738  0.03757  0.03879  0.80968  -187.12965  -189.03352  4.99985   768
1146.00  0.03738  0.03757  0.03950  0.80968  -186.04322  -187.98219  4.99985   768
1147.00  0.03739  0.03757  0.03993  0.80968  -185.38252  -187.30317  4.99985   768
1148.00  0.03740  0.03757  0.04072  0.80968  -184.21980  -186.19538  4.99985   768
1149.00  0.03738  0.03757  0.04120  0.80968  -183.36073  -185.23103  4.99985   768
1150.00  0.03737  0.03757  0.04084  0.80968  -183.90394  -185.73610  4.99985   768
1151.00  0.03737  0.03757  0.04093  0.80968  -183.84138  -185.75898  4.99985   768
1152.00  0.03739  0.03757  0.04047  0.80968  -184.45326  -186.26710  4.99985   768
1153.00  0.03739  0.03757  0.04012  0.80968  -185.06056  -186.95527  4.99985   768
1154.00  0.03738  0.03757  0.04067  0.80968  -184.25337  -186.19386  4.99985   768
1155.00  0.03738  0.03757  0.04098  0.80968  -183.81086  -185.74678  4.99985   768
1156.00  0.03738  0.03757  0.04224  0.80968  -181.90351  -183.93403  4.99985   768
1157.00  0.03739  0.03757  0.04313  0.80968  -180.44630  -182.36238  4.99985   768
1158.00  0.03737  0.03757  0.04364  0.80968  -179.70777  -181.68336  4.99985   768
1159.00  0.03738  0.03757  0.04431  0.80968  -178.61525  -180.50233  4.99985   768
1160.00  0.03739  0.03757  0.04376  0.80968  -179.39039  -181.21492  4.99985   768
1161.00  0.03737  0.03757  0.04347  0.80968  -179.90004  -181.76728  4.99985   768
1162.00  0.03739  0.03757  0.04316  0.80968  -180.32576  -182.14723  4.99985   768
1163.00  0.03739  0.03757  0.04276  0.80968  -180.97425  -182.83998  4.99985   768
1164.00  0.03739  0.03757  0.04325  0.80968  -180.33186  -182.25709  4.99985   768
1165.00  0.03738  0.03757  0.04358  0.80968  -179.78407  -181.69557  4.99985   768
1166.00  0.03739  0.03757  0.04426  0.80968  -178.75563  -180.70985  4.99985   768
1167.00  0.03738  0.03757  0.04490  0.80968  -177.70430  -179.62648  4.99985   768
1168.00  0.03737  0.03757  0.04495  0.80968  -177.64173  -179.52272  4.99985   768
1169.00  0.03738  0.03757  0.04470  0.80968  -177.97285  -179.81874  4.99985   768
1170.00  0.03737  0.03757  0.04398  0.80968  -179.03944  -180.85176  4.99985   768
1171.00  0.03739  0.03757  0.04326  0.80968  -180.11824  -181.94276  4.99985   768
1172.00  0.03739  0.03757  0.04347  0.80968  -179.80543  -181.67878  4.99985   768
1173.00  0.03740  0.03757  0.03320  0.80968  -194.34248  -194.90052  4.99985   768
1174.00  0.03739  0.03757  0.02162  0.80968  -212.61793  -213.62764  4.99985   768
1175.00  0.03742  0.03757  0.02570  0.80968  -207.43605  -209.72444  4.99985   768
1176.00  0.03739  0.03757  0.01819  0.80968  -218.01954  -219.17268  4.99985   768
1177.00  0.03741  0.03757  0.01365  0.80968  -225.76948  -227.59248  4.99985   768
1178.00  0.03740  0.03757  0.01823  0.80968  -218.36592  -220.13399  4.99985   768
1179.00  0.03742  0.03757  0.01117  0.80968  -229.03334  -230.43062  4.99985   768
1180.00  0.03741  0.03757  0.01118  0.80968  -230.08925  -232.42342  4.99985   768
1181.00  0.03741  0.03757  0.01262  0.80968  -226.59498  -227.96174  4.99985   768
1182.00  0.03740  0.03757  0.00775  0.80968  -234.58754  -236.29610  4.99985   768
1183.00  0.03740  0.03757  0.01148  0.80968  -229.77492  -232.28609  4.99985   768
1184.00  0.03739  0.03757  0.01002  0.80968  -230.57905  -231.84511  4.99985   768
1185.00  0.03740  0.03757  0.00863  0.80968  -233.72389  -235.85512  4.99985   768
1186.00  0.03741  0.03757  0.01371  0.80968  -225.91749  -228.17842  4.99985   768
1187.00  0.03739  0.03757  0.00913  0.80968  -232.14613  -233.50526  4.99985   768
1188.00  0.03740  0.03757  0.01058  0.80968  -230.85676  -233.12379  4.99985   768
1189.00  0.03740  0.03757  0.01246  0.80968  -227.29536  -229.01308  4.99985   768
1190.00  0.03740  0.03757  0.00778  0.80968  -234.61806  -236.29304  4.99985   768
1191.00  0.03740  0.03757  0.01100  0.80968  -230.14113  -232.37764  4.99985   768
1192.00  0.03739  0.03757  0.01002  0.80968  -230.79573  -232.27540  4.99985   768
1193.00  0.03741  0.03757  0.00841  0.80968  -234.07790  -236.19234  4.99985   768
1194.00  0.03741  0.03757  0.01240  0.80968  -227.82179  -229.94386  4.99985   768
1195.00  0.03740  0.03757  0.01031  0.80968  -230.47530  -232.00075  4.99985   768
1196.00  0.03740  0.03757  0.01140  0.80968  -229.57503  -231.81001  4.99985   768
1197.00  0.03740  0.03757  0.01250  0.80968  -227.22212  -228.94136  4.99985   768
1198.00  0.03742  0.03757  0.00900  0.80968  -232.63136  -234.27431  4.99985   768
1199.00  0.03740  0.03757  0.01086  0.80968  -230.22353  -232.36085  4.99985   768
1200.00  0.03740  0.03757  0.01002  0.80968  -231.00783  -232.66756  4.99985   768
1201.00  0.03740  0.03757  0.00912  0.80968  -232.83583  -234.85719  4.99985   768
1202.00  0.03739  0.03757  0.01177  0.80968  -228.72359  -230.77394  4.99985   768
1203.00  0.03741  0.03757  0.01113  0.80968  -229.52467  -231.33546  4.99985   768
1204.00  0.03740  0.03757  0.01272  0.80968  -227.45863  -229.65394  4.99985   768
1205.00  0.03741  0.03757  0.01429  0.80968  -224.65559  -226.51979  4.99985   768
1206.00  0.03740  0.03757  0.01282  0.80968  -226.90779  -228.70943  4.99985   768
1207.00  0.03742  0.03757  0.01350  0.80968  -225.97853  -227.94649  4.99985   768
1208.00  0.03740  0.03757  0.01217  0.80968  -227.74550  -229.39149  4.99985   768
1209.00  0.03742  0.03757  0.01084  0.80968  -230.00990  -231.87410  4.99985   768
1210.00  0.03741  0.03757  0.01132  0.80968  -229.29884  -231.17677  4.99985   768
1211.00  0.03740  0.03757  0.01021  0.80968  -230.90102  -232.67061  4.99985   768
1212.00  0.03742  0.03757  0.01072  0.80968  -230.34407  -232.35780  4.99985   768
1213.00  0.03740  0.03757  0.01171  0.80968  -228.64729  -230.53133  4.99985   768
1214.00  0.03740  0.03757  0.01145  0.80968  -229.10353  -230.99214  4.99985   768
1215.00  0.03742  0.03757  0.01216  0.80968  -228.04762  -229.97438  4.99985   768
1216.00  0.03739  0.03757  0.01165  0.80968  -228.63508  -230.40315  4.99985   768
1217.00  0.03740  0.03757  0.01085  0.80968  -230.02363  -231.87715  4.99985   768
1218.00  0.03741  0.03757  0.01067  0.80968  -230.26472  -232.09077  4.99985   768
1219.00  0.03740  0.03757  0.00982  0.80968  -231.48238  -233.28401  4.99985   768
1220.00  0.03740  0.03757  0.00993  0.80968  -231.53120  -233.49458  4.99985   768
1221.00  0.03740  0.03757  0.01030  0.80968  -230.82167  -232.73622  4.99985   768
1222.00  0.03741  0.03757  0.01080  0.80968  -230.19453  -232.17470  4.99985   768
1223.00  0.03740  0.03757  0.01207  0.80968  -228.29329  -230.28718  4.99985   768
1224.00  0.03740  0.03757  0.01258  0.80968  -227.33046  -229.22822  4.99985   768
1225.00  0.03739  0.03757  0.01270  0.80968  -227.24806  -229.15346  4.99985   768
1226.00  0.03740  0.03757  0.01267  0.80968  -227.10768  -228.93678  4.99985   768
1227.00  0.03740  0.03757  0.01157  0.80968  -228.78004  -230.54506  4.99985   768
1228.00  0.03740  0.03757  0.01096  0.80968  -229.80696  -231.64674  4.99985   768
1229.00  0.03740  0.03757  0.01052  0.80968  -230.46767  -232.28303  4.99985   768
1230.00  0.03739  0.03757  0.01016  0.80968  -231.05360  -232.93153  4.99985   768
1231.00  0.03740  0.03757  0.01108  0.80968  -229.76424  -231.73677  4.99985   768
1232.00  0.03739  0.03757  0.01178  0.80968  -228.63203  -230.56947  4.99985   768
1233.00  0.03741  0.03757  0.01256  0.80968  -227.47999  -229.46168  4.99985   768
1234.00  0.03739  0.03757  0.01337  0.80968  -226.17537  -228.11281  4.99985   768
1235.00  0.03741  0.03757  0.01305  0.80968  -226.59498  -228.43324  4.99985   768
1236.00  0.03741  0.03757  0.01279  0.80968  -227.00850  -228.87727  4.99985   768
1237.00  0.03739  0.03757  0.01208  0.80968  -228.02473  -229.81569  4.99985   768
1238.00  0.03740  0.03757  0.01092  0.80968  -229.77797  -231.58418  4.99985   768
1239.00  0.03740  0.03757  0.01064  0.80968  -230.33339  -232.23115  4.99985   768
1240.00  0.03740  0.03757  0.01055  0.80968  -230.44478  -232.33491  4.99985   768
1241.00  0.03741  0.03757  0.01100  0.80968  -229.88325  -231.83137  4.99985   768
1242.00  0.03741  0.03757  0.01205  0.80968  -228.25514  -230.23683  4.99985   768
1243.00  0.03741  0.03757  0.01226  0.80968  -227.80958  -229.68599  4.99985   768
1244.00  0.03740  0.03757  0.01221  0.80968  -227.92860  -229.79890  4.99985   768
1245.00  0.03742  0.03757  0.01176  0.80968  -228.50081  -230.30702  4.99985   768
1246.00  0.03740  0.03757  0.01082  0.80968  -229.96870  -231.74440  4.99985   768
1247.00  0.03741  0.03757  0.01014  0.80968  -231.03072  -232.86134  4.99985   768
1248.00  0.03740  0.03757  0.00948  0.80968  -232.05000  -233.86232  4.99985   768
1249.00  0.03741  0.03757  0.00932  0.80968  -232.38570  -234.29719  4.99985   768
1250.00  0.03740  0.03757  0.01004  0.80968  -231.30232  -233.26723  4.99985   768
1251.00  0.03740  0.03757  0.01088  0.80968  -230.04652  -232.02669  4.99985   768
1252.00  0.03741  0.03757  0.01195  0.80968  -228.42299  -230.43062  4.99985   768
1253.00  0.03740  0.03757  0.01254  0.80968  -227.40370  -229.31367  4.99985   768
1254.00  0.03740  0.03757  0.01252  0.80968  -227.43574  -229.31520  4.99985   768
1255.00  0.03740  0.03757  0.01224  0.80968  -227.83095  -229.67836  4.99985   768
1256.00  0.03741  0.03757  0.01159  0.80968  -228.78462  -230.60915  4.99985   768
1257.00  0.03741  0.03757  0.01094  0.80968  -229.84511  -231.67573  4.99985   768
1258.00  0.03740  0.03757  0.01077  0.80968  -230.12434  -231.98396  4.99985   768
1259.00  0.03742  0.03757  0.01089  0.80968  -229.94887  -231.85884  4.99985   768
1260.00  0.03740  0.03757  0.01150  0.80968  -229.07149  -231.03334  4.99985   768
1261.00  0.03740  0.03757  0.01222  0.80968  -227.97438  -229.90114  4.99985   768
1262.00  0.03740  0.03757  0.01274  0.80968  -227.15956  -229.08632  4.99985   768
1263.00  0.03740  0.03757  0.01285  0.80968  -226.92305  -228.78114  4.99985   768
1264.00  0.03741  0.03757  0.01263  0.80968  -227.22060  -229.06038  4.99985   768
1265.00  0.03741  0.03757  0.01192  0.80968  -228.25362  -230.06441  4.99985   768
1266.00  0.03740  0.03757  0.01123  0.80968  -229.35988  -231.18440  4.99985   768
1267.00  0.03740  0.03757  0.01063  0.80968  -230.28609  -232.11061  4.99985   768
1268.00  0.03740  0.03757  0.01037  0.80968  -230.74538  -232.63093  4.99985   768
1269.00  0.03741  0.03757  0.01068  0.80968  -230.33491  -232.27846  4.99985   768
1270.00  0.03739  0.03757  0.01129  0.80968  -229.40260  -231.36140  4.99985   768
1271.00  0.03740  0.03757  0.01190  0.80968  -228.43825  -230.38026  4.99985   768
1272.00  0.03741  0.03757  0.01219  0.80968  -227.97285  -229.86604  4.99985   768
1273.00  0.03740  0.03757  0.01216  0.80968  -228.01710  -229.90419  4.99985   768
1274.00  0.03740  0.03757  0.01163  0.80968  -228.70985  -230.53438  4.99985   768
1275.00  0.03740  0.03757  0.01078  0.80968  -230.04195  -231.83900  4.99985   768
1276.00  0.03741  0.03757  0.01003  0.80968  -231.21077  -233.02461  4.99985   768
1277.00  0.03742  0.03757  0.00956  0.80968  -231.94777  -233.79518  4.99985   768
1278.00  0.03740  0.03757  0.00956  0.80968  -232.00880  -233.91267  4.99985   768
1279.00  0.03740  0.03757  0.01014  0.80968  -231.14973  -233.08107  4.99985   768
1280.00  0.03740  0.03757  0.01096  0.80968  -229.91377  -231.86952  4.99985   768
1281.00  0.03740  0.03757  0.01167  0.80968  -228.79072  -230.73427  4.99985   768
1282.00  0.03740  0.03757  0.01200  0.80968  -228.27040  -230.16969  4.99985   768
1283.00  0.03741  0.03757  0.01204  0.80968  -228.18342  -230.06898  4.99985   768
1284.00  0.03739  0.03757  0.01165  0.80968  -228.72511  -230.56642  4.99985   768
1285.00  0.03740  0.03757  0.01107  0.80968  -229.61012  -231.45448  4.99985   768
1286.00  0.03739  0.03757  0.01061  0.80968  -230.36696  -232.23726  4.99985   768
1287.00  0.03740  0.03757  0.01059  0.80968  -230.42647  -232.32881  4.99985   768
1288.00  0.03740  0.03757  0.01109  0.80968  -229.70473  -231.67421  4.99985   768
1289.00  0.03740  0.03757  0.01178  0.80968  -228.67323  -230.64577  4.99985   768
1290.00  0.03740  0.03757  0.01248  0.80968  -227.56239  -229.50899  4.99985   768
1291.00  0.03740  0.03757  0.01277  0.80968  -227.13515  -229.00850  4.99985   768
1292.00  0.03741  0.03757  0.01264  0.80968  -227.27248  -229.13972  4.99985   768
1293.00  0.03740  0.03757  0.01210  0.80968  -228.02779  -229.85689  4.99985   768
1294.00  0.03739  0.03757  0.01125  0.80968  -229.30495  -231.09743  4.99985   768
1295.00  0.03740  0.03757  0.01076  0.80968  -230.05720  -231.88783  4.99985   768
1296.00  0.03741  0.03757  0.01035  0.80968  -230.78047  -232.63246  4.99985   768
1297.00  0.03740  0.03757  0.01040  0.80968  -230.72859  -232.62941  4.99985   768
1298.00  0.03739  0.03757  0.01091  0.80968  -229.95039  -231.88631  4.99985   768
1299.00  0.03739  0.03757  0.01144  0.80968  -229.15541  -231.07759  4.99985   768
1300.00  0.03741  0.03757  0.01198  0.80968  -228.31160  -230.24446  4.99985   768
1301.00  0.03740  0.03757  0.01204  0.80968  -228.16054  -230.04762  4.99985   768
1302.00  0.03739  0.03757  0.01178  0.80968  -228.54811  -230.40773  4.99985   768
1303.00  0.03741  0.03757  0.01120  0.80968  -229.39955  -231.23476  4.99985   768
1304.00  0.03740  0.03757  0.01050  0.80968  -230.49971  -232.31508  4.99985   768
1305.00  0.03740  0.03757  0.01006  0.80968  -231.20619  -233.06276  4.99985   768
1306.00  0.03739  0.03757  0.01008  0.80968  -231.22145  -233.15736  4.99985   768
1307.00  0.03739  0.03757  0.01044  0.80968  -230.71791  -232.62941  4.99985   768
1308.00  0.03740  0.03757  0.01095  0.80968  -229.90614  -231.86189  4.99985   768
1309.00  0.03740  0.03757  0.01148  0.80968  -229.05318  -230.97230  4.99985   768
1310.00  0.03739  0.03757  0.01176  0.80968  -228.62135  -230.50844  4.99985   768
1311.00  0.03739  0.03757  0.01171  0.80968  -228.66865  -230.54048  4.99985   768
1312.00  0.03739  0.03757  0.01141  0.80968  -229.12337  -230.96467  4.99985   768
1313.00  0.03740  0.03757  0.01091  0.80968  -229.85884  -231.66811  4.99985   768
1314.00  0.03740  0.03757  0.01056  0.80968  -230.44020  -232.29372  4.99985   768
1315.00  0.03740  0.03757  0.01059  0.80968  -230.41731  -232.30592  4.99985   768
1316.00  0.03739  0.03757  0.01088  0.80968  -229.98396  -231.91988  4.99985   768
1317.00  0.03740  0.03757  0.01158  0.80968  -228.96773  -230.93568  4.99985   768
1318.00  0.03740  0.03757  0.01218  0.80968  -228.03541  -229.97896  4.99985   768
1319.00  0.03741  0.03757  0.01266  0.80968  -227.26027  -229.18703  4.99985   768
1320.00  0.03740  0.03757  0.01273  0.80968  -227.10921  -228.99324  4.99985   768
1321.00  0.03741  0.03757  0.01238  0.80968  -227.63563  -229.48915  4.99985   768
1322.00  0.03740  0.03757  0.01177  0.80968  -228.51454  -230.34669  4.99985   768
1323.00  0.03740  0.03757  0.01109  0.80968  -229.60402  -231.42549  4.99985   768
1324.00  0.03741  0.03757  0.01055  0.80968  -230.41121  -232.25557  4.99985   768
1325.00  0.03739  0.03757  0.01039  0.80968  -230.71028  -232.60805  4.99985   768
1326.00  0.03740  0.03757  0.01073  0.80968  -230.24946  -232.16096  4.99985   768
1327.00  0.03740  0.03757  0.01130  0.80968  -229.37208  -231.29121  4.99985   768
1328.00  0.03741  0.03757  0.01180  0.80968  -228.61220  -230.53590  4.99985   768
1329.00  0.03740  0.03757  0.01199  0.80968  -228.23836  -230.10560  4.99985   768
1330.00  0.03740  0.03757  0.01176  0.80968  -228.57405  -230.43062  4.99985   768
1331.00  0.03739  0.03757  0.01135  0.80968  -229.22560  -231.05012  4.99985   768
1332.00  0.03740  0.03757  0.01082  0.80968  -229.97938  -231.80849  4.99985   768
1333.00  0.03738  0.03757  0.01028  0.80968  -230.82930  -232.68129  4.99985   768
1334.00  0.03741  0.03757  0.01019  0.80968  -230.97884  -232.87508  4.99985   768
1335.00  0.03740  0.03757  0.01043  0.80968  -230.66450  -232.58668  4.99985   768
1336.00  0.03739  0.03757  0.01107  0.80968  -229.72151  -231.68642  4.99985   768
1337.00  0.03738  0.03757  0.01170  0.80968  -228.76631  -230.71290  4.99985   768
1338.00  0.03741  0.03757  0.01215  0.80968  -228.05830  -230.00490  4.99985   768
1339.00  0.03740  0.03757  0.01217  0.80968  -227.96828  -229.84010  4.99985   768
1340.00  0.03740  0.03757  0.01172  0.80968  -228.58473  -230.41841  4.99985   768
1341.00  0.03740  0.03757  0.01114  0.80968  -229.55061  -231.38734  4.99985   768
1342.00  0.03738  0.03757  0.01060  0.80968  -230.37459  -232.20521  4.99985   768
1343.00  0.03740  0.03757  0.01030  0.80968  -230.80794  -232.65840  4.99985   768
1344.00  0.03740  0.03757  0.01052  0.80968  -230.56227  -232.46004  4.99985   768
1345.00  0.03740  0.03757  0.01105  0.80968  -229.74898  -231.69557  4.99985   768
1346.00  0.03739  0.03757  0.01178  0.80968  -228.68391  -230.61220  4.99985   768
1347.00  0.03740  0.03757  0.01233  0.80968  -227.77602  -229.70125  4.99985   768
1348.00  0.03739  0.03757  0.01261  0.80968  -227.30604  -229.19923  4.99985   768
1349.00  0.03740  0.03757  0.01236  0.80968  -227.66310  -229.51051  4.99985   768
1350.00  0.03738  0.03757  0.01181  0.80968  -228.41231  -230.25819  4.99985   768
1351.00  0.03738  0.03757  0.01130  0.80968  -229.29121  -231.15388  4.99985   768
1352.00  0.03740  0.03757  0.01078  0.80968  -230.07704  -231.90767  4.99985   768
1353.00  0.03740  0.03757  0.01062  0.80968  -230.31660  -232.22353  4.99985   768
1354.00  0.03739  0.03757  0.01081  0.80968  -230.11214  -232.04042  4.99985   768
1355.00  0.03740  0.03757  0.01137  0.80968  -229.27443  -231.23476  4.99985   768
1356.00  0.03740  0.03757  0.01178  0.80968  -228.63508  -230.55574  4.99985   768
1357.00  0.03739  0.03757  0.01205  0.80968  -228.20936  -230.12239  4.99985   768
1358.00  0.03741  0.03757  0.01192  0.80968  -228.36043  -230.23073  4.99985   768
1359.00  0.03739  0.03757  0.01151  0.80968  -228.93263  -230.76478  4.99985   768
1360.00  0.03740  0.03757  0.01086  0.80968  -229.92445  -231.73372  4.99985   768
1361.00  0.03740  0.03757  0.01028  0.80968  -230.79573  -232.62025  4.99985   768
1362.00  0.03740  0.03757  0.01000  0.80968  -231.30690  -233.16652  4.99985   768
1363.00  0.03740  0.03757  0.01024  0.80968  -230.98189  -232.88881  4.99985   768
1364.00  0.03740  0.03757  0.01084  0.80968  -230.08925  -232.02669  4.99985   768
1365.00  0.03741  0.03757  0.01156  0.80968  -228.96773  -230.90669  4.99985   768
1366.00  0.03740  0.03757  0.01222  0.80968  -227.97896  -229.92555  4.99985   768
1367.00  0.03740  0.03757  0.01239  0.80968  -227.64632  -229.53187  4.99985   768
1368.00  0.03740  0.03757  0.01216  0.80968  -227.97896  -229.83400  4.99985   768
1369.00  0.03740  0.03757  0.01167  0.80968  -228.70680  -230.54048  4.99985   768
1370.00  0.03740  0.03757  0.01108  0.80968  -229.62233  -231.45753  4.99985   768
1371.00  0.03740  0.03757  0.01051  0.80968  -230.49971  -232.34712  4.99985   768
1372.00  0.03740  0.03757  0.01046  0.80968  -230.64467  -232.56380  4.99985   768
1373.00  0.03739  0.03757  0.01072  0.80968  -230.26472  -232.18843  4.99985   768
1374.00  0.03740  0.03757  0.01136  0.80968  -229.28969  -231.24849  4.99985   768
1375.00  0.03740  0.03757  0.01202  0.80968  -228.23225  -230.16206  4.99985   768
1376.00  0.03738  0.03757  0.01242  0.80968  -227.61732  -229.49373  4.99985   768
1377.00  0.03740  0.03757  0.01221  0.80968  -227.88283  -229.73634  4.99985   768
1378.00  0.03739  0.03757  0.01179  0.80968  -228.52675  -230.35890  4.99985   768
1379.00  0.03739  0.03757  0.01125  0.80968  -229.31868  -231.13100  4.99985   768
1380.00  0.03741  0.03757  0.01060  0.80968  -230.33949  -232.15028  4.99985   768
1381.00  0.03740  0.03757  0.01035  0.80968  -230.78352  -232.65077  4.99985   768
1382.00  0.03739  0.03757  0.01053  0.80968  -230.51192  -232.42647  4.99985   768
1383.00  0.03738  0.03757  0.01109  0.80968  -229.71083  -231.65895  4.99985   768
1384.00  0.03740  0.03757  0.01176  0.80968  -228.68849  -230.64729  4.99985   768
1385.00  0.03741  0.03757  0.01236  0.80968  -227.74397  -229.68751  4.99985   768
1386.00  0.03740  0.03757  0.01247  0.80968  -227.49831  -229.36708  4.99985   768
1387.00  0.03739  0.03757  0.01210  0.80968  -228.05067  -229.91334  4.99985   768
1388.00  0.03739  0.03757  0.01143  0.80968  -229.07759  -230.89601  4.99985   768
1389.00  0.03740  0.03757  0.01059  0.80968  -230.31813  -232.12739  4.99985   768
1390.00  0.03742  0.03757  0.01021  0.80968  -230.99257  -232.85371  4.99985   768
1391.00  0.03738  0.03757  0.01009  0.80968  -231.18178  -233.05360  4.99985   768
1392.00  0.03740  0.03757  0.01043  0.80968  -230.73317  -232.66603  4.99985   768
1393.00  0.03740  0.03757  0.01117  0.80968  -229.58418  -231.52772  4.99985   768
1394.00  0.03739  0.03757  0.01185  0.80968  -228.54201  -230.46724  4.99985   768
1395.00  0.03741  0.03757  0.01221  0.80968  -227.95607  -229.85536  4.99985   768
1396.00  0.03740  0.03757  0.01220  0.80968  -227.91029  -229.74550  4.99985   768
1397.00  0.03740  0.03757  0.01184  0.80968  -228.43367  -230.25972  4.99985   768
1398.00  0.03739  0.03757  0.01118  0.80968  -229.40718  -231.22560  4.99985   768
1399.00  0.03739  0.03757  0.01065  0.80968  -230.28761  -232.11366  4.99985   768
1400.00  0.03741  0.03757  0.01040  0.80968  -230.68434  -232.57905  4.99985   768
1401.00  0.03741  0.03757  0.01044  0.80968  -230.63704  -232.52870  4.99985   768
1402.00  0.03739  0.03757  0.01103  0.80968  -229.83443  -231.80696  4.99985   768
1403.00  0.03740  0.03757  0.01168  0.80968  -228.79835  -230.75258  4.99985   768
1404.00  0.03739  0.03757  0.01218  0.80968  -227.98811  -229.92403  4.99985   768
1405.00  0.03740  0.03757  0.01228  0.80968  -227.80043  -229.68751  4.99985   768
1406.00  0.03741  0.03757  0.01199  0.80968  -228.23988  -230.10408  4.99985   768
1407.00  0.03740  0.03757  0.01133  0.80968  -229.17372  -230.98756  4.99985   768
1408.00  0.03740  0.03757  0.01057  0.80968  -230.38679  -232.18233  4.99985   768
1409.00  0.03741  0.03757  0.01019  0.80968  -230.97121  -232.82930  4.99985   768
1410.00  0.03741  0.03757  0.01011  0.80968  -231.16194  -233.03987  4.99985   768
1411.00  0.03740  0.03757  0.01061  0.80968  -230.43104  -232.37916  4.99985   768
1412.00  0.03740  0.03757  0.01126  0.80968  -229.42091  -231.36751  4.99985   768
1413.00  0.03740  0.03757  0.01198  0.80968  -228.34364  -230.26735  4.99985   768
1414.00  0.03740  0.03757  0.01233  0.80968  -227.75160  -229.63563  4.99985   768
1415.00  0.03740  0.03757  0.01239  0.80968  -227.65242  -229.52425  4.99985   768
1416.00  0.03739  0.03757  0.01190  0.80968  -228.31923  -230.12544  4.99985   768
1417.00  0.03739  0.03757  0.01120  0.80968  -229.40871  -231.24391  4.99985   768
1418.00  0.03741  0.03757  0.01062  0.80968  -230.31966  -232.16707  4.99985   768
1419.00  0.03739  0.03757  0.01029  0.80968  -230.87050  -232.74232  4.99985   768
1420.00  0.03740  0.03757  0.01043  0.80968  -230.69960  -232.62636  4.99985   768
1421.00  0.03740  0.03757  0.01098  0.80968  -229.90309  -231.86189  4.99985   768
1422.00  0.03740  0.03757  0.01171  0.80968  -228.76326  -230.70833  4.99985   768
1423.00  0.03739  0.03757  0.01219  0.80968  -228.00642  -229.95454  4.99985   768
1424.00  0.03740  0.03757  0.01237  0.80968  -227.62953  -229.53035  4.99985   768
1425.00  0.03739  0.03757  0.01216  0.80968  -227.94234  -229.78364  4.99985   768
1426.00  0.03739  0.03757  0.01142  0.80968  -228.99519  -230.78310  4.99985   768
1427.00  0.03740  0.03757  0.01071  0.80968  -230.18538  -232.00380  4.99985   768
1428.00  0.03739  0.03757  0.01029  0.80968  -230.84761  -232.68587  4.99985   768
1429.00  0.03740  0.03757  0.01024  0.80968  -230.93153  -232.81862  4.99985   768
1430.00  0.03740  0.03757  0.01063  0.80968  -230.41426  -232.35475  4.99985   768
1431.00  0.03739  0.03757  0.01135  0.80968  -229.27443  -231.20424  4.99985   768
1432.00  0.03739  0.03757  0.01197  0.80968  -228.32686  -230.25362  4.99985   768
1433.00  0.03740  0.03757  0.01229  0.80968  -227.83095  -229.74550  4.99985   768
1434.00  0.03740  0.03757  0.01217  0.80968  -227.93623  -229.78822  4.99985   768
1435.00  0.03739  0.03757  0.01162  0.80968  -228.75563  -230.57252  4.99985   768
1436.00  0.03740  0.03757  0.01093  0.80968  -229.80543  -231.63148  4.99985   768
1437.00  0.03738  0.03757  0.01027  0.80968  -230.84151  -232.68434  4.99985   768
1438.00  0.03740  0.03757  0.00998  0.80968  -231.33436  -233.21382  4.99985   768
1439.00  0.03739  0.03757  0.01019  0.80968  -231.05665  -232.98341  4.99985   768
1440.00  0.03740  0.03757  0.01075  0.80968  -230.27388  -232.22963  4.99985   768
1441.00  0.03740  0.03757  0.01148  0.80968  -229.13863  -231.10200  4.99985   768
1442.00  0.03740  0.03757  0.01208  0.80968  -228.16054  -230.08577  4.99985   768
1443.00  0.03740  0.03757  0.01220  0.80968  -227.90266  -229.76686  4.99985   768
1444.00  0.03740  0.03757  0.01193  0.80968  -228.30397  -230.14375  4.99985   768
1445.00  0.03740  0.03757  0.01143  0.80968  -229.08217  -230.91432  4.99985   768
1446.00  0.03739  0.03757  0.01080  0.80968  -229.97023  -231.79170  4.99985   768
1447.00  0.03740  0.03757  0.01041  0.80968  -230.65840  -232.51039  4.99985   768
1448.00  0.03740  0.03757  0.01044  0.80968  -230.62788  -232.52107  4.99985   768
1449.00  0.03740  0.03757  0.01092  0.80968  -229.97938  -231.91530  4.99985   768
1450.00  0.03740  0.03757  0.01154  0.80968  -229.00587  -230.94789  4.99985   768
1451.00  0.03740  0.03757  0.01219  0.80968  -228.02168  -229.97591  4.99985   768
1452.00  0.03740  0.03757  0.01254  0.80968  -227.42811  -229.34267  4.99985   768
1453.00  0.03740  0.03757  0.01236  0.80968  -227.66310  -229.51204  4.99985   768
1454.00  0.03740  0.03757  0.01180  0.80968  -228.47334  -230.30397  4.99985   768
1455.00  0.03739  0.03757  0.01112  0.80968  -229.51399  -231.34157  4.99985   768
1456.00  0.03739  0.03757  0.01044  0.80968  -230.62178  -232.45393  4.99985   768
1457.00  0.03740  0.03757  0.01020  0.80968  -230.98494  -232.86439  4.99985   768
1458.00  0.03739  0.03757  0.01043  0.80968  -230.70723  -232.62788  4.99985   768
1459.00  0.03741  0.03757  0.01090  0.80968  -230.01448  -231.95650  4.99985   768
1460.00  0.03740  0.03757  0.01160  0.80968  -228.93111  -230.85939  4.99985   768
1461.00  0.03739  0.03757  0.01215  0.80968  -228.03389  -229.96217  4.99985   768
1462.00  0.03740  0.03757  0.01212  0.80968  -228.00947  -229.85689  4.99985   768
1463.00  0.03738  0.03757  0.01182  0.80968  -228.45045  -230.27956  4.99985   768
1464.00  0.03739  0.03757  0.01122  0.80968  -229.38277  -231.19966  4.99985   768
1465.00  0.03740  0.03757  0.01055  0.80968  -230.43562  -232.25099  4.99985   768
1466.00  0.03739  0.03757  0.01014  0.80968  -231.07497  -232.92543  4.99985   768
1467.00  0.03741  0.03757  0.01010  0.80968  -231.16652  -233.06123  4.99985   768
1468.00  0.03740  0.03757  0.01050  0.80968  -230.61262  -232.56074  4.99985   768
1469.00  0.03740  0.03757  0.01115  0.80968  -229.60707  -231.55366  4.99985   768
1470.00  0.03739  0.03757  0.01166  0.80968  -228.85481  -230.78157  4.99985   768
1471.00  0.03740  0.03757  0.01203  0.80968  -228.18953  -230.12086  4.99985   768
1472.00  0.03739  0.03757  0.01191  0.80968  -228.35432  -230.22005  4.99985   768
1473.00  0.03739  0.03757  0.01138  0.80968  -229.13557  -230.96620  4.99985   768
1474.00  0.03739  0.03757  0.01079  0.80968  -230.03889  -231.87562  4.99985   768
1475.00  0.03738  0.03757  0.01030  0.80968  -230.80031  -232.64619  4.99985   768
1476.00  0.03740  0.03757  0.01023  0.80968  -230.94984  -232.82014  4.99985   768
1477.00  0.03739  0.03757  0.01057  0.80968  -230.50123  -232.42342  4.99985   768
1478.00  0.03740  0.03757  0.01118  0.80968  -229.57350  -231.52315  4.99985   768
1479.00  0.03739  0.03757  0.01189  0.80968  -228.45656  -230.38331  4.99985   768
1480.00  0.03740  0.03757  0.01229  0.80968  -227.82027  -229.72719  4.99985   768
1481.00  0.03739  0.03757  0.01242  0.80968  -227.56697  -229.41896  4.99985   768
1482.00  0.03740  0.03757  0.01206  0.80968  -228.10560  -229.94234  4.99985   768
1483.00  0.03737  0.03757  0.01139  0.80968  -229.13252  -230.96162  4.99985   768
1484.00  0.03739  0.03757  0.01063  0.80968  -230.26320  -232.05873  4.99985   768
1485.00  0.03740  0.03757  0.01004  0.80968  -231.22603  -233.09328  4.99985   768
1486.00  0.03739  0.03757  0.01016  0.80968  -231.11159  -233.03834  4.99985   768
1487.00  0.03739  0.03757  0.01057  0.80968  -230.51344  -232.45546  4.99985   768
1488.00  0.03740  0.03757  0.01131  0.80968  -229.37361  -231.32936  4.99985   768
1489.00  0.03739  0.03757  0.01191  0.80968  -228.42299  -230.36958  4.99985   768
1490.00  0.03739  0.03757  0.01210  0.80968  -228.08272  -229.97133  4.99985   768
1491.00  0.03740  0.03757  0.01188  0.80968  -228.39552  -230.24904  4.99985   768
1492.00  0.03740  0.03757  0.01143  0.80968  -229.06081  -230.87312  4.99985   768
1493.00  0.03739  0.03757  0.01074  0.80968  -230.05263  -231.86647  4.99985   768
1494.00  0.03739  0.03757  0.01017  0.80968  -231.02156  -232.86439  4.99985   768
1495.00  0.03739  0.03757  0.01000  0.80968  -231.30232  -233.17110  4.99985   768
1496.00  0.03739  0.03757  0.01029  0.80968  -230.91017  -232.82320  4.99985   768
1497.00  0.03739  0.03757  0.01097  0.80968  -229.91530  -231.85579  4.99985   768
1498.00  0.03740  0.03757  0.01177  0.80968  -228.65797  -230.58473  4.99985   768
1499.00  0.03740  0.03757  0.01222  0.80968  -227.90724  -229.84163  4.99985   768
1500.00  0.03739  0.03757  0.01218  0.80968  -227.95912  -229.79890  4.99985   768
1501.00  0.03738  0.03757  0.01187  0.80968  -228.41231  -230.26430  4.99985   768
1502.00  0.03739  0.03757  0.01126  0.80968  -229.32173  -231.15846  4.99985   768
1503.00  0.03740  0.03757  0.01060  0.80968  -230.33491  -232.16554  4.99985   768
1504.00  0.03738  0.03757  0.01020  0.80968  -230.99409  -232.86897  4.99985   768
1505.00  0.03739  0.03757  0.01033  0.80968  -230.81099  -232.74385  4.99985   768
1506.00  0.03739  0.03757  0.01089  0.80968  -230.04347  -231.99769  4.99985   768
1507.00  0.03738  0.03757  0.01162  0.80968  -228.90822  -230.86397  4.99985   768
1508.00  0.03739  0.03757  0.01230  0.80968  -227.85994  -229.79433  4.99985   768
1509.00  0.03739  0.03757  0.01257  0.80968  -227.38081  -229.27858  4.99985   768
1510.00  0.03740  0.03757  0.01238  0.80968  -227.61122  -229.46779  4.99985   768
1511.00  0.03739  0.03757  0.01189  0.80968  -228.36043  -230.18495  4.99985   768
1512.00  0.03739  0.03757  0.01111  0.80968  -229.49263  -231.29732  4.99985   768
1513.00  0.03739  0.03757  0.01046  0.80968  -230.54854  -232.38069  4.99985   768
1514.00  0.03739  0.03757  0.01020  0.80968  -231.00020  -232.85371  4.99985   768
1515.00  0.03738  0.03757  0.01048  0.80968  -230.58363  -232.51344  4.99985   768
1516.00  0.03740  0.03757  0.01109  0.80968  -229.74135  -231.69404  4.99985   768
1517.00  0.03740  0.03757  0.01170  0.80968  -228.71138  -230.63814  4.99985   768
1518.00  0.03740  0.03757  0.01203  0.80968  -228.24904  -230.17427  4.99985   768
1519.00  0.03740  0.03757  0.01213  0.80968  -228.04152  -229.92097  4.99985   768
1520.00  0.03738  0.03757  0.01169  0.80968  -228.67781  -230.51912  4.99985   768
1521.00  0.03739  0.03757  0.01100  0.80968  -229.69404  -231.52162  4.99985   768
1522.00  0.03740  0.03757  0.01032  0.80968  -230.74843  -232.56685  4.99985   768
1523.00  0.03740  0.03757  0.01001  0.80968  -231.31911  -233.21382  4.99985   768
1524.00  0.03739  0.03757  0.01012  0.80968  -231.09938  -233.00020  4.99985   768
1525.00  0.03739  0.03757  0.01075  0.80968  -230.28761  -232.25862  4.99985   768
1526.00  0.03740  0.03757  0.01146  0.80968  -229.13100  -231.09437  4.99985   768
1527.00  0.03740  0.03757  0.01215  0.80968  -228.06288  -229.99269  4.99985   768
1528.00  0.03740  0.03757  0.01241  0.80968  -227.60359  -229.47389  4.99985   768
1529.00  0.03740  0.03757  0.01229  0.80968  -227.76076  -229.59444  4.99985   768
1530.00  0.03740  0.03757  0.01174  0.80968  -228.56795  -230.39094  4.99985   768
1531.00  0.03738  0.03757  0.01105  0.80968  -229.61623  -231.41786  4.99985   768
1532.00  0.03740  0.03757  0.01055  0.80968  -230.37764  -232.23726  4.99985   768
1533.00  0.03739  0.03757  0.01042  0.80968  -230.70875  -232.60499  4.99985   768
1534.00  0.03738  0.03757  0.01073  0.80968  -230.25709  -232.18538  4.99985   768
1535.00  0.03740  0.03757  0.01140  0.80968  -229.25307  -231.21492  4.99985   768
1536.00  0.03740  0.03757  0.01211  0.80968  -228.13002  -230.07509  4.99985   768
1537.00  0.03739  0.03757  0.01245  0.80968  -227.58681  -229.50593  4.99985   768
1538.00  0.03739  0.03757  0.01258  0.80968  -227.35945  -229.26485  4.99985   768
1539.00  0.03740  0.03757  0.01213  0.80968  -227.98353  -229.81111  4.99985   768
1540.00  0.03739  0.03757  0.01151  0.80968  -228.92042  -230.74800  4.99985   768
1541.00  0.03738  0.03757  0.01089  0.80968  -229.90919  -231.73219  4.99985   768
1542.00  0.03739  0.03757  0.01046  0.80968  -230.59279  -232.45088  4.99985   768
1543.00  0.03740  0.03757  0.01055  0.80968  -230.47224  -232.37764  4.99985   768
1544.00  0.03739  0.03757  0.01098  0.80968  -229.88173  -231.81612  4.99985   768
1545.00  0.03740  0.03757  0.01170  0.80968  -228.74800  -230.69612  4.99985   768
1546.00  0.03740  0.03757  0.01212  0.80968  -228.08119  -229.95912  4.99985   768
1547.00  0.03740  0.03757  0.01231  0.80968  -227.77754  -229.66463  4.99985   768
1548.00  0.03740  0.03757  0.01204  0.80968  -228.14070  -229.97591  4.99985   768
1549.00  0.03738  0.03757  0.01143  0.80968  -229.05165  -230.86702  4.99985   768
1550.00  0.03739  0.03757  0.01067  0.80968  -230.22810  -232.04652  4.99985   768
1551.00  0.03740  0.03757  0.01016  0.80968  -231.03529  -232.87355  4.99985   768
1552.00  0.03739  0.03757  0.01001  0.80968  -231.31300  -233.21535  4.99985   768
1553.00  0.03740  0.03757  0.01044  0.80968  -230.70418  -232.64925  4.99985   768
1554.00  0.03737  0.03757  0.01110  0.80968  -229.69099  -231.67268  4.99985   768
1555.00  0.03739  0.03757  0.01182  0.80968  -228.59083  -230.54811  4.99985   768
1556.00  0.03739  0.03757  0.01237  0.80968  -227.70125  -229.63563  4.99985   768
1557.00  0.03740  0.03757  0.01240  0.80968  -227.57918  -229.44643  4.99985   768
1558.00  0.03740  0.03757  0.01203  0.80968  -228.16664  -230.00490  4.99985   768
1559.00  0.03739  0.03757  0.01152  0.80968  -228.91737  -230.74800  4.99985   768
1560.00  0.03740  0.03757  0.01098  0.80968  -229.77949  -231.60097  4.99985   768
1561.00  0.03740  0.03757  0.01068  0.80968  -230.25862  -232.11519  4.99985   768
1562.00  0.03740  0.03757  0.01089  0.80968  -229.95802  -231.85731  4.99985   768
1563.00  0.03739  0.03757  0.01144  0.80968  -229.17219  -231.09895  4.99985   768
1564.00  0.03740  0.03757  0.01215  0.80968  -228.06898  -230.02779  4.99985   768
1565.00  0.03740  0.03757  0.01269  0.80968  -227.24196  -229.14583  4.99985   768
1566.00  0.03740  0.03757  0.01289  0.80968  -226.89863  -228.76893  4.99985   768
1567.00  0.03739  0.03757  0.01258  0.80968  -227.26332  -229.10921  4.99985   768
1568.00  0.03740  0.03757  0.01200  0.80968  -228.18953  -230.03541  4.99985   768
1569.00  0.03739  0.03757  0.01125  0.80968  -229.31715  -231.12947  4.99985   768
1570.00  0.03739  0.03757  0.01081  0.80968  -230.01143  -231.89088  4.99985   768
1571.00  0.03739  0.03757  0.01072  0.80968  -230.22200  -232.13350  4.99985   768
1572.00  0.03739  0.03757  0.01109  0.80968  -229.70015  -231.63301  4.99985   768
1573.00  0.03739  0.03757  0.01171  0.80968  -228.75868  -230.72359  4.99985   768
1574.00  0.03739  0.03757  0.01229  0.80968  -227.79280  -229.72566  4.99985   768
1575.00  0.03738  0.03757  0.01253  0.80968  -227.41896  -229.31062  4.99985   768
1576.00  0.03739  0.03757  0.01238  0.80968  -227.61732  -229.46931  4.99985   768
1577.00  0.03740  0.03757  0.01194  0.80968  -228.27040  -230.08119  4.99985   768
1578.00  0.03738  0.03757  0.01126  0.80968  -229.25307  -231.06081  4.99985   768
1579.00  0.03742  0.03757  0.01057  0.80968  -230.37764  -232.20216  4.99985   768
1580.00  0.03740  0.03757  0.01021  0.80968  -230.98189  -232.84608  4.99985   768
1581.00  0.03739  0.03757  0.01044  0.80968  -230.66603  -232.57295  4.99985   768
1582.00  0.03740  0.03757  0.01098  0.80968  -229.86494  -231.81764  4.99985   768
1583.00  0.03739  0.03757  0.01162  0.80968  -228.86854  -230.81514  4.99985   768
1584.00  0.03739  0.03757  0.01224  0.80968  -227.93318  -229.87977  4.99985   768
1585.00  0.03739  0.03757  0.01239  0.80968  -227.62800  -229.52119  4.99985   768
1586.00  0.03740  0.03757  0.01216  0.80968  -227.99879  -229.86452  4.99985   768
1587.00  0.03739  0.03757  0.01160  0.80968  -228.81361  -230.64577  4.99985   768
1588.00  0.03740  0.03757  0.01106  0.80968  -229.65590  -231.51247  4.99985   768
1589.00  0.03741  0.03757  0.01067  0.80968  -230.27388  -232.14265  4.99985   768
1590.00  0.03737  0.03757  0.01075  0.80968  -230.21284  -232.12892  4.99985   768
1591.00  0.03738  0.03757  0.01104  0.80968  -229.75966  -231.68336  4.99985   768
1592.00  0.03739  0.03757  0.01183  0.80968  -228.56337  -230.51759  4.99985   768
1593.00  0.03740  0.03757  0.01255  0.80968  -227.45405  -229.37471  4.99985   768
1594.00  0.03739  0.03757  0.01295  0.80968  -226.82234  -228.72163  4.99985   768
1595.00  0.03740  0.03757  0.01290  0.80968  -226.82234  -228.68043  4.99985   768
1596.00  0.03739  0.03757  0.01237  0.80968  -227.62495  -229.43117  4.99985   768
1597.00  0.03740  0.03757  0.01155  0.80968  -228.86549  -230.65645  4.99985   768
1598.00  0.03740  0.03757  0.01098  0.80968  -229.77186  -231.62385  4.99985   768
1599.00  0.03739  0.03757  0.01068  0.80968  -230.22963  -232.07704  4.99985   768
1600.00  0.03739  0.03757  0.01085  0.80968  -230.07857  -231.99922  4.99985   768
1601.00  0.03739  0.03757  0.01139  0.80968  -229.24544  -231.18288  4.99985   768
1602.00  0.03739  0.03757  0.01203  0.80968  -228.25819  -230.20479  4.99985   768
1603.00  0.03739  0.03757  0.01249  0.80968  -227.52577  -229.45405  4.99985   768
1604.00  0.03740  0.03757  0.01256  0.80968  -227.37013  -229.24654  4.99985   768
1605.00  0.03739  0.03757  0.01236  0.80968  -227.68294  -229.55781  4.99985   768
1606.00  0.03739  0.03757  0.01176  0.80968  -228.52980  -230.37569  4.99985   768
1607.00  0.03739  0.03757  0.01110  0.80968  -229.52620  -231.35377  4.99985   768
1608.00  0.03739  0.03757  0.01051  0.80968  -230.50276  -232.33797  4.99985   768
1609.00  0.03739  0.03757  0.01044  0.80968  -230.68892  -232.57753  4.99985   768
1610.00  0.03740  0.03757  0.01084  0.80968  -230.06483  -232.00532  4.99985   768
1611.00  0.03740  0.03757  0.01145  0.80968  -229.15999  -231.09285  4.99985   768
1612.00  0.03740  0.03757  0.01206  0.80968  -228.18190  -230.11781  4.99985   768
1613.00  0.03740  0.03757  0.01227  0.80968  -227.85078  -229.72566  4.99985   768
1614.00  0.03740  0.03757  0.01223  0.80968  -227.87977  -229.73939  4.99985   768
1615.00  0.03739  0.03757  0.01175  0.80968  -228.55269  -230.39552  4.99985   768
1616.00  0.03740  0.03757  0.01114  0.80968  -229.49568  -231.29579  4.99985   768
1617.00  0.03739  0.03757  0.01060  0.80968  -230.36543  -232.22200  4.99985   768
1618.00  0.03739  0.03757  0.01042  0.80968  -230.65993  -232.55922  4.99985   768
1619.00  0.03738  0.03757  0.01060  0.80968  -230.44783  -232.37764  4.99985   768
1620.00  0.03740  0.03757  0.01136  0.80968  -229.29579  -231.27138  4.99985   768
1621.00  0.03739  0.03757  0.01205  0.80968  -228.24599  -230.19868  4.99985   768
1622.00  0.03739  0.03757  0.01264  0.80968  -227.32435  -229.26485  4.99985   768
1623.00  0.03738  0.03757  0.01274  0.80968  -227.09700  -228.98561  4.99985   768
1624.00  0.03738  0.03757  0.01241  0.80968  -227.65547  -229.49373  4.99985   768
1625.00  0.03740  0.03757  0.01188  0.80968  -228.35890  -230.19105  4.99985   768
1626.00  0.03739  0.03757  0.01123  0.80968  -229.35835  -231.17830  4.99985   768
1627.00  0.03740  0.03757  0.01089  0.80968  -229.87105  -231.71388  4.99985   768
1628.00  0.03740  0.03757  0.01080  0.80968  -230.07704  -231.96107  4.99985   768
1629.00  0.03740  0.03757  0.01115  0.80968  -229.60554  -231.51247  4.99985   768
1630.00  0.03739  0.03757  0.01180  0.80968  -228.61220  -230.56184  4.99985   768
1631.00  0.03739  0.03757  0.01242  0.80968  -227.67683  -229.60206  4.99985   768
1632.00  0.03738  0.03757  0.01264  0.80968  -227.21297  -229.10310  4.99985   768
1633.00  0.03740  0.03757  0.01248  0.80968  -227.46779  -229.31367  4.99985   768
1634.00  0.03740  0.03757  0.01198  0.80968  -228.20326  -230.04152  4.99985   768
1635.00  0.03740  0.03757  0.01142  0.80968  -229.07606  -230.91737  4.99985   768
1636.00  0.03739  0.03757  0.01084  0.80968  -230.00838  -231.85579  4.99985   768
1637.00  0.03739  0.03757  0.01065  0.80968  -230.32271  -232.22047  4.99985   768
1638.00  0.03740  0.03757  0.01082  0.80968  -230.10756  -232.02058  4.99985   768
1639.00  0.03739  0.03757  0.01140  0.80968  -229.24086  -231.20882  4.99985   768
1640.00  0.03739  0.03757  0.01204  0.80968  -228.23988  -230.20784  4.99985   768
1641.00  0.03739  0.03757  0.01252  0.80968  -227.43269  -229.35792  4.99985   768
1642.00  0.03739  0.03757  0.01257  0.80968  -227.37166  -229.22822  4.99985   768
1643.00  0.03739  0.03757  0.01217  0.80968  -227.93623  -229.74550  4.99985   768
1644.00  0.03739  0.03757  0.01161  0.80968  -228.77852  -230.59694  4.99985   768
1645.00  0.03740  0.03757  0.01097  0.80968  -229.75203  -231.57503  4.99985   768
1646.00  0.03739  0.03757  0.01062  0.80968  -230.33186  -232.17775  4.99985   768
1647.00  0.03740  0.03757  0.01055  0.80968  -230.46156  -232.33644  4.99985   768
1648.00  0.03739  0.03757  0.01105  0.80968  -229.76118  -231.70015  4.99985   768
1649.00  0.03739  0.03757  0.01183  0.80968  -228.55727  -230.50844  4.99985   768
1650.00  0.03738  0.03757  0.01237  0.80968  -227.73482  -229.67378  4.99985   768
1651.00  0.03739  0.03757  0.01267  0.80968  -227.23128  -229.13820  4.99985   768
1652.00  0.03740  0.03757  0.01254  0.80968  -227.36555  -229.22822  4.99985   768
1653.00  0.03739  0.03757  0.01206  0.80968  -228.09798  -229.95149  4.99985   768
1654.00  0.03740  0.03757  0.01145  0.80968  -229.04860  -230.89754  4.99985   768
1655.00  0.03739  0.03757  0.01101  0.80968  -229.72914  -231.59486  4.99985   768
1656.00  0.03739  0.03757  0.01083  0.80968  -230.06178  -231.92903  4.99985   768
1657.00  0.03740  0.03757  0.01105  0.80968  -229.77797  -231.71541  4.99985   768
1658.00  0.03740  0.03757  0.01175  0.80968  -228.69917  -230.63966  4.99985   768
1659.00  0.03740  0.03757  0.01233  0.80968  -227.75313  -229.68751  4.99985   768
1660.00  0.03739  0.03757  0.01276  0.80968  -227.06190  -228.96730  4.99985   768
1661.00  0.03739  0.03757  0.01283  0.80968  -226.95509  -228.80403  4.99985   768
1662.00  0.03739  0.03757  0.01245  0.80968  -227.49220  -229.31367  4.99985   768
1663.00  0.03739  0.03757  0.01185  0.80968  -228.36653  -230.18190  4.99985   768
1664.00  0.03739  0.03757  0.01113  0.80968  -229.49568  -231.30189  4.99985   768
1665.00  0.03739  0.03757  0.01071  0.80968  -230.19301  -232.04805  4.99985   768
1666.00  0.03737  0.03757  0.01071  0.80968  -230.20674  -232.10603  4.99985   768
1667.00  0.03739  0.03757  0.01126  0.80968  -229.48653  -231.41634  4.99985   768
1668.00  0.03738  0.03757  0.01188  0.80968  -228.46419  -230.41383  4.99985   768
1669.00  0.03739  0.03757  0.01239  0.80968  -227.71956  -229.64937  4.99985   768
1670.00  0.03739  0.03757  0.01260  0.80968  -227.37776  -229.27248  4.99985   768
1671.00  0.03740  0.03757  0.01242  0.80968  -227.56697  -229.42964  4.99985   768
1672.00  0.03740  0.03757  0.01204  0.80968  -228.14833  -229.98201  4.99985   768
1673.00  0.03738  0.03757  0.01139  0.80968  -229.11421  -230.94636  4.99985   768
1674.00  0.03740  0.03757  0.01079  0.80968  -230.09077  -231.93361  4.99985   768
1675.00  0.03738  0.03757  0.01058  0.80968  -230.41121  -232.28151  4.99985   768
1676.00  0.03739  0.03757  0.01082  0.80968  -230.10145  -232.01601  4.99985   768
1677.00  0.03739  0.03757  0.01157  0.80968  -228.96773  -230.90974  4.99985   768
1678.00  0.03738  0.03757  0.01223  0.80968  -227.93165  -229.89809  4.99985   768
1679.00  0.03740  0.03757  0.01267  0.80968  -227.23128  -229.11531  4.99985   768
1680.00  0.03738  0.03757  0.01267  0.80968  -227.20076  -229.07106  4.99985   768
1681.00  0.03741  0.03757  0.01231  0.80968  -227.70888  -229.53493  4.99985   768
1682.00  0.03738  0.03757  0.01176  0.80968  -228.49776  -230.34364  4.99985   768
1683.00  0.03740  0.03757  0.01114  0.80968  -229.52620  -231.34614  4.99985   768
1684.00  0.03739  0.03757  0.01078  0.80968  -230.08314  -231.94276  4.99985   768
1685.00  0.03739  0.03757  0.01087  0.80968  -230.02058  -231.94582  4.99985   768
1686.00  0.03739  0.03757  0.01144  0.80968  -229.17830  -231.12489  4.99985   768
1687.00  0.03738  0.03757  0.01211  0.80968  -228.15901  -230.13002  4.99985   768
1688.00  0.03739  0.03757  0.01273  0.80968  -227.15803  -229.10615  4.99985   768
1689.00  0.03737  0.03757  0.01299  0.80968  -226.72163  -228.62855  4.99985   768
1690.00  0.03738  0.03757  0.01274  0.80968  -226.99477  -228.85438  4.99985   768
1691.00  0.03739  0.03757  0.01217  0.80968  -227.94691  -229.79280  4.99985   768
1692.00  0.03737  0.03757  0.01156  0.80968  -228.81514  -230.63051  4.99985   768
1693.00  0.03739  0.03757  0.01083  0.80968  -229.94887  -231.76576  4.99985   768
1694.00  0.03738  0.03757  0.01062  0.80968  -230.37459  -232.25709  4.99985   768
1695.00  0.03739  0.03757  0.01106  0.80968  -229.73982  -231.66200  4.99985   768
1696.00  0.03740  0.03757  0.01162  0.80968  -228.88228  -230.80751  4.99985   768
1697.00  0.03740  0.03757  0.01223  0.80968  -227.93318  -229.86909  4.99985   768
1698.00  0.03738  0.03757  0.01266  0.80968  -227.21449  -229.13209  4.99985   768
1699.00  0.03739  0.03757  0.01257  0.80968  -227.35792  -229.20839  4.99985   768
1700.00  0.03737  0.03757  0.01224  0.80968  -227.82484  -229.68599  4.99985   768
1701.00  0.03738  0.03757  0.01167  0.80968  -228.68086  -230.51759  4.99985   768
1702.00  0.03739  0.03757  0.01094  0.80968  -229.81917  -231.64979  4.99985   768
1703.00  0.03739  0.03757  0.01047  0.80968  -230.56837  -232.44630  4.99985   768
1704.00  0.03740  0.03757  0.01058  0.80968  -230.47530  -232.38527  4.99985   768
1705.00  0.03740  0.03757  0.01121  0.80968  -229.52467  -231.48805  4.99985   768
1706.00  0.03738  0.03757  0.01192  0.80968  -228.44588  -230.40163  4.99985   768
1707.00  0.03739  0.03757  0.01255  0.80968  -227.44643  -229.37776  4.99985   768
1708.00  0.03739  0.03757  0.01283  0.80968  -226.98714  -228.90321  4.99985   768
1709.00  0.03739  0.03757  0.01254  0.80968  -227.40217  -229.23433  4.99985   768
1710.00  0.03739  0.03757  0.01204  0.80968  -228.09645  -229.91792  4.99985   768
1711.00  0.03739  0.03757  0.01138  0.80968  -229.13710  -230.93873  4.99985   768
1712.00  0.03739  0.03757  0.01083  0.80968  -230.01295  -231.83443  4.99985   768
1713.00  0.03738  0.03757  0.01067  0.80968  -230.25404  -232.11519  4.99985   768
1714.00  0.03740  0.03757  0.01102  0.80968  -229.79933  -231.73524  4.99985   768
1715.00  0.03739  0.03757  0.01168  0.80968  -228.79683  -230.74190  4.99985   768
1716.00  0.03739  0.03757  0.01241  0.80968  -227.70430  -229.65089  4.99985   768
1717.00  0.03740  0.03757  0.01288  0.80968  -226.90321  -228.82234  4.99985   768
1718.00  0.03739  0.03757  0.01286  0.80968  -226.90932  -228.77809  4.99985   768
1719.00  0.03740  0.03757  0.01247  0.80968  -227.49373  -229.34572  4.99985   768
1720.00  0.03738  0.03757  0.01182  0.80968  -228.46724  -230.26430  4.99985   768
1721.00  0.03739  0.03757  0.01111  0.80968  -229.52772  -231.38582  4.99985   768
1722.00  0.03738  0.03757  0.01070  0.80968  -230.18233  -232.04042  4.99985   768
1723.00  0.03738  0.03757  0.01082  0.80968  -230.08162  -232.00380  4.99985   768
1724.00  0.03739  0.03757  0.01125  0.80968  -229.36751  -231.30647  4.99985   768
1725.00  0.03737  0.03757  0.01195  0.80968  -228.38789  -230.33601  4.99985   768
1726.00  0.03739  0.03757  0.01256  0.80968  -227.42049  -229.33656  4.99985   768
1727.00  0.03739  0.03757  0.01278  0.80968  -227.07716  -228.93831  4.99985   768
1728.00  0.03739  0.03757  0.01253  0.80968  -227.36403  -229.20839  4.99985   768
1729.00  0.03739  0.03757  0.01197  0.80968  -228.21699  -230.01253  4.99985   768
1730.00  0.03738  0.03757  0.01122  0.80968  -229.35530  -231.18288  4.99985   768
1731.00  0.03740  0.03757  0.01072  0.80968  -230.15028  -231.97175  4.99985   768
1732.00  0.03738  0.03757  0.01059  0.80968  -230.37154  -232.27388  4.99985   768
1733.00  0.03739  0.03757  0.01090  0.80968  -229.96413  -231.88325  4.99985   768
1734.00  0.03740  0.03757  0.01157  0.80968  -229.00130  -230.95857  4.99985   768
1735.00  0.03739  0.03757  0.01229  0.80968  -227.85689  -229.81721  4.99985   768
1736.00  0.03739  0.03757  0.01274  0.80968  -227.11684  -229.04054  4.99985   768
1737.00  0.03740  0.03757  0.01271  0.80968  -227.13515  -229.01918  4.99985   768
1738.00  0.03740  0.03757  0.01238  0.80968  -227.60512  -229.44643  4.99985   768
1739.00  0.03740  0.03757  0.01163  0.80968  -228.73579  -230.55574  4.99985   768
1740.00  0.03740  0.03757  0.01099  0.80968  -229.72761  -231.58876  4.99985   768
1741.00  0.03737  0.03757  0.01075  0.80968  -230.20674  -232.08620  4.99985   768
1742.00  0.03740  0.03757  0.01085  0.80968  -230.04195  -231.94429  4.99985   768
1743.00  0.03738  0.03757  0.01135  0.80968  -229.29274  -231.21492  4.99985   768
1744.00  0.03739  0.03757  0.01204  0.80968  -228.24446  -230.18953  4.99985   768
1745.00  0.03739  0.03757  0.01262  0.80968  -227.29689  -229.21144  4.99985   768
1746.00  0.03738  0.03757  0.01281  0.80968  -227.02223  -228.89711  4.99985   768
1747.00  0.03740  0.03757  0.01265  0.80968  -227.15803  -228.99019  4.99985   768
1748.00  0.03740  0.03757  0.01212  0.80968  -227.97285  -229.79738  4.99985   768
1749.00  0.03739  0.03757  0.01142  0.80968  -229.04555  -230.87160  4.99985   768
1750.00  0.03737  0.03757  0.01089  0.80968  -229.92750  -231.77186  4.99985   768
1751.00  0.03740  0.03757  0.01073  0.80968  -230.19606  -232.08467  4.99985   768
1752.00  0.03739  0.03757  0.01104  0.80968  -229.79018  -231.73219  4.99985   768
1753.00  0.03740  0.03757  0.01170  0.80968  -228.78157  -230.74495  4.99985   768
1754.00  0.03740  0.03757  0.01233  0.80968  -227.80806  -229.73634  4.99985   768
1755.00  0.03739  0.03757  0.01272  0.80968  -227.17482  -229.08784  4.99985   768
1756.00  0.03739  0.03757  0.01267  0.80968  -227.19466  -229.08174  4.99985   768
1757.00  0.03738  0.03757  0.01223  0.80968  -227.83400  -229.68446  4.99985   768
1758.00  0.03738  0.03757  0.01160  0.80968  -228.75563  -230.55879  4.99985   768
1759.00  0.03739  0.03757  0.01107  0.80968  -229.64064  -231.49721  4.99985   768
1760.00  0.03739  0.03757  0.01069  0.80968  -230.20369  -232.06483  4.99985   768
1761.00  0.03738  0.03757  0.01075  0.80968  -230.17622  -232.06789  4.99985   768
1762.00  0.03740  0.03757  0.01126  0.80968  -229.42854  -231.37056  4.99985   768
1763.00  0.03739  0.03757  0.01204  0.80968  -228.28108  -230.22005  4.99985   768
1764.00  0.03740  0.03757  0.01247  0.80968  -227.54561  -229.46779  4.99985   768
1765.00  0.03740  0.03757  0.01267  0.80968  -227.23433  -229.10921  4.99985   768
1766.00  0.03740  0.03757  0.01234  0.80968  -227.69972  -229.53340  4.99985   768
1767.00  0.03738  0.03757  0.01182  0.80968  -228.47334  -230.30397  4.99985   768
1768.00  0.03739  0.03757  0.01134  0.80968  -229.23781  -231.07149  4.99985   768
1769.00  0.03739  0.03757  0.01081  0.80968  -230.02211  -231.88173  4.99985   768
1770.00  0.03738  0.03757  0.01075  0.80968  -230.19911  -232.12282  4.99985   768
1771.00  0.03740  0.03757  0.01119  0.80968  -229.53688  -231.48500  4.99985   768
1772.00  0.03739  0.03757  0.01182  0.80968  -228.57710  -230.54201  4.99985   768
1773.00  0.03739  0.03757  0.01249  0.80968  -227.56697  -229.52119  4.99985   768
1774.00  0.03738  0.03757  0.01276  0.80968  -227.08479  -228.96425  4.99985   768
1775.00  0.03739  0.03757  0.01273  0.80968  -227.09547  -228.96577  4.99985   768
1776.00  0.03739  0.03757  0.01231  0.80968  -227.72719  -229.55019  4.99985   768
1777.00  0.03739  0.03757  0.01161  0.80968  -228.75563  -230.56337  4.99985   768
1778.00  0.03739  0.03757  0.01113  0.80968  -229.53841  -231.37361  4.99985   768
1779.00  0.03739  0.03757  0.01079  0.80968  -230.07857  -231.91072  4.99985   768
1780.00  0.03738  0.03757  0.01095  0.80968  -229.90462  -231.80696  4.99985   768
1781.00  0.03740  0.03757  0.01153  0.80968  -229.02876  -230.96620  4.99985   768
1782.00  0.03740  0.03757  0.01216  0.80968  -228.06593  -230.00947  4.99985   768
1783.00  0.03738  0.03757  0.01266  0.80968  -227.23128  -229.15040  4.99985   768
1784.00  0.03740  0.03757  0.01271  0.80968  -227.16414  -229.06190  4.99985   768
1785.00  0.03739  0.03757  0.01237  0.80968  -227.62343  -229.45405  4.99985   768
1786.00  0.03740  0.03757  0.01180  0.80968  -228.46419  -230.30550  4.99985   768
1787.00  0.03740  0.03757  0.01102  0.80968  -229.69557  -231.50789  4.99985   768
1788.00  0.03740  0.03757  0.01057  0.80968  -230.40816  -232.27998  4.99985   768
1789.00  0.03739  0.03757  0.01057  0.80968  -230.44173  -232.34712  4.99985   768
1790.00  0.03739  0.03757  0.01113  0.80968  -229.66658  -231.60860  4.99985   768
1791.00  0.03738  0.03757  0.01173  0.80968  -228.72816  -230.67628  4.99985   768
1792.00  0.03739  0.03757  0.01235  0.80968  -227.76228  -229.69972  4.99985   768
1793.00  0.03739  0.03757  0.01265  0.80968  -227.24654  -229.12294  4.99985   768
1794.00  0.03738  0.03757  0.01246  0.80968  -227.46931  -229.31673  4.99985   768
1795.00  0.03738  0.03757  0.01209  0.80968  -228.04457  -229.86452  4.99985   768
1796.00  0.03738  0.03757  0.01141  0.80968  -229.09132  -230.89448  4.99985   768
1797.00  0.03739  0.03757  0.01079  0.80968  -229.99312  -231.81001  4.99985   768
1798.00  0.03739  0.03757  0.01060  0.80968  -230.40205  -232.28914  4.99985   768
1799.00  0.03740  0.03757  0.01084  0.80968  -230.04042  -231.97481  4.99985   768
1800.00  0.03739  0.03757  0.01143  0.80968  -229.17372  -231.11726  4.99985   768
1801.00  0.03738  0.03757  0.01212  0.80968  -228.12392  -230.09340  4.99985   768
1802.00  0.03740  0.03757  0.01256  0.80968  -227.41438  -229.32435  4.99985   768
1803.00  0.03738  0.03757  0.01278  0.80968  -227.07564  -228.97951  4.99985   768
1804.00  0.03739  0.03757  0.01246  0.80968  -227.48610  -229.33198  4.99985   768
1805.00  0.03738  0.03757  0.01191  0.80968  -228.31312  -230.16359  4.99985   768
1806.00  0.03739  0.03757  0.01124  0.80968  -229.31105  -231.13405  4.99985   768
1807.00  0.03738  0.03757  0.01077  0.80968  -230.09993  -231.96260  4.99985   768
1808.00  0.03738  0.03757  0.01088  0.80968  -229.98549  -231.87257  4.99985   768
1809.00  0.03738  0.03757  0.01135  0.80968  -229.30037  -231.25154  4.99985   768
1810.00  0.03738  0.03757  0.01200  0.80968  -228.28261  -230.20936  4.99985   768
1811.00  0.03738  0.03757  0.01261  0.80968  -227.38692  -229.30910  4.99985   768
1812.00  0.03739  0.03757  0.01286  0.80968  -226.92000  -228.79640  4.99985   768
1813.00  0.03739  0.03757  0.01262  0.80968  -227.28010  -229.10768  4.99985   768
1814.00  0.03739  0.03757  0.01217  0.80968  -227.91487  -229.73787  4.99985   768
1815.00  0.03739  0.03757  0.01140  0.80968  -229.09285  -230.89601  4.99985   768
1816.00  0.03738  0.03757  0.01069  0.80968  -230.23878  -232.06483  4.99985   768
1817.00  0.03740  0.03757  0.01055  0.80968  -230.46767  -232.35322  4.99985   768
1818.00  0.03738  0.03757  0.01081  0.80968  -230.11519  -232.04957  4.99985   768
1819.00  0.03739  0.03757  0.01140  0.80968  -229.21187  -231.15846  4.99985   768
1820.00  0.03740  0.03757  0.01202  0.80968  -228.31618  -230.26887  4.99985   768
1821.00  0.03738  0.03757  0.01246  0.80968  -227.60359  -229.52882  4.99985   768
1822.00  0.03739  0.03757  0.01254  0.80968  -227.39149  -229.27400  4.99985   768
1823.00  0.03738  0.03757  0.01221  0.80968  -227.86146  -229.70888  4.99985   768
1824.00  0.03736  0.03757  0.01153  0.80968  -228.86397  -230.67934  4.99985   768
1825.00  0.03737  0.03757  0.01087  0.80968  -229.94276  -231.77949  4.99985   768
1826.00  0.03738  0.03757  0.01045  0.80968  -230.64162  -232.49513  4.99985   768
1827.00  0.03739  0.03757  0.01049  0.80968  -230.59431  -232.48292  4.99985   768
1828.00  0.03740  0.03757  0.01107  0.80968  -229.77339  -231.71998  4.99985   768
1829.00  0.03738  0.03757  0.01183  0.80968  -228.55421  -230.50081  4.99985   768
1830.00  0.03739  0.03757  0.01240  0.80968  -227.70582  -229.62038  4.99985   768
1831.00  0.03739  0.03757  0.01264  0.80968  -227.25569  -229.15803  4.99985   768
1832.00  0.03738  0.03757  0.01263  0.80968  -227.22975  -229.09090  4.99985   768
1833.00  0.03738  0.03757  0.01216  0.80968  -227.94234  -229.76228  4.99985   768
1834.00  0.03739  0.03757  0.01146  0.80968  -229.00893  -230.84566  4.99985   768
1835.00  0.03739  0.03757  0.01098  0.80968  -229.73677  -231.59791  4.99985   768
1836.00  0.03739  0.03757  0.01065  0.80968  -230.31508  -232.19453  4.99985   768
1837.00  0.03739  0.03757  0.01086  0.80968  -230.04042  -231.97481  4.99985   768
1838.00  0.03738  0.03757  0.01165  0.80968  -228.89448  -230.86397  4.99985   768
1839.00  0.03738  0.03757  0.01238  0.80968  -227.74702  -229.70735  4.99985   768
1840.00  0.03739  0.03757  0.01276  0.80968  -227.12141  -229.02833  4.99985   768
1841.00  0.03737  0.03757  0.01279  0.80968  -227.05733  -228.93678  4.99985   768
1842.00  0.03738  0.03757  0.01247  0.80968  -227.51204  -229.34877  4.99985   768
1843.00  0.03738  0.03757  0.01176  0.80968  -228.52827  -230.32991  4.99985   768
1844.00  0.03739  0.03757  0.01123  0.80968  -229.34767  -231.18593  4.99985   768
1845.00  0.03740  0.03757  0.01081  0.80968  -230.03584  -231.86342  4.99985   768
1846.00  0.03738  0.03757  0.01069  0.80968  -230.24946  -232.13502  4.99985   768
1847.00  0.03739  0.03757  0.01112  0.80968  -229.67879  -231.61623  4.99985   768
1848.00  0.03739  0.03757  0.01179  0.80968  -228.60609  -230.54353  4.99985   768
1849.00  0.03739  0.03757  0.01235  0.80968  -227.76991  -229.68446  4.99985   768
1850.00  0.03738  0.03757  0.01257  0.80968  -227.38844  -229.29384  4.99985   768
1851.00  0.03739  0.03757  0.01238  0.80968  -227.62495  -229.47389  4.99985   768
1852.00  0.03739  0.03757  0.01185  0.80968  -228.43825  -230.27803  4.99985   768
1853.00  0.03739  0.03757  0.01120  0.80968  -229.40413  -231.24849  4.99985   768
1854.00  0.03740  0.03757  0.01070  0.80968  -230.21284  -232.08925  4.99985   768
1855.00  0.03737  0.03757  0.01048  0.80968  -230.56380  -232.43867  4.99985   768
1856.00  0.03738  0.03757  0.01086  0.80968  -230.04500  -231.98854  4.99985   768
1857.00  0.03740  0.03757  0.01146  0.80968  -229.17067  -231.10963  4.99985   768
1858.00  0.03738  0.03757  0.01219  0.80968  -228.03084  -229.97133  4.99985   768
1859.00  0.03739  0.03757  0.01254  0.80968  -227.42506  -229.31978  4.99985   768
1860.00  0.03738  0.03757  0.01271  0.80968  -227.13209  -229.03139  4.99985   768
1861.00  0.03739  0.03757  0.01236  0.80968  -227.63716  -229.44795  4.99985   768
1862.00  0.03740  0.03757  0.01175  0.80968  -228.57252  -230.38942  4.99985   768
1863.00  0.03739  0.03757  0.01121  0.80968  -229.40413  -231.24544  4.99985   768
1864.00  0.03739  0.03757  0.01081  0.80968  -230.03432  -231.86952  4.99985   768
1865.00  0.03738  0.03757  0.01086  0.80968  -230.00075  -231.91682  4.99985   768
1866.00  0.03738  0.03757  0.01145  0.80968  -229.21644  -231.15236  4.99985   768
1867.00  0.03738  0.03757  0.01212  0.80968  -228.11018  -230.05678  4.99985   768
1868.00  0.03740  0.03757  0.01264  0.80968  -227.29841  -229.24806  4.99985   768
1869.00  0.03740  0.03757  0.01292  0.80968  -226.84065  -228.74757  4.99985   768
1870.00  0.03739  0.03757  0.01269  0.80968  -227.15040  -229.00850  4.99985   768
1871.00  0.03738  0.03757  0.01219  0.80968  -227.90877  -229.74702  4.99985   768
1872.00  0.03739  0.03757  0.01158  0.80968  -228.85481  -230.69459  4.99985   768
1873.00  0.03740  0.03757  0.01106  0.80968  -229.63301  -231.48500  4.99985   768
1874.00  0.03739  0.03757  0.01083  0.80968  -230.04652  -231.94276  4.99985   768
1875.00  0.03738  0.03757  0.01118  0.80968  -229.51399  -231.43465  4.99985   768
1876.00  0.03738  0.03757  0.01176  0.80968  -228.66713  -230.60152  4.99985   768
1877.00  0.03738  0.03757  0.01244  0.80968  -227.64021  -229.58681  4.99985   768
1878.00  0.03739  0.03757  0.01277  0.80968  -227.08327  -228.96577  4.99985   768
1879.00  0.03739  0.03757  0.01267  0.80968  -227.17329  -229.03749  4.99985   768
1880.00  0.03739  0.03757  0.01222  0.80968  -227.86909  -229.68446  4.99985   768
1881.00  0.03739  0.03757  0.01165  0.80968  -228.72359  -230.54811  4.99985   768
1882.00  0.03740  0.03757  0.01103  0.80968  -229.61928  -231.42854  4.99985   768
1883.00  0.03738  0.03757  0.01065  0.80968  -230.32118  -232.18996  4.99985   768
1884.00  0.03737  0.03757  0.01076  0.80968  -230.16402  -232.06941  4.99985   768
1885.00  0.03738  0.03757  0.01136  0.80968  -229.30342  -231.26375  4.99985   768
1886.00  0.03740  0.03757  0.01192  0.80968  -228.45656  -230.40468  4.99985   768
1887.00  0.03738  0.03757  0.01249  0.80968  -227.53950  -229.47542  4.99985   768
1888.00  0.03739  0.03757  0.01263  0.80968  -227.25416  -229.15498  4.99985   768
1889.00  0.03738  0.03757  0.01251  0.80968  -227.46321  -229.32588  4.99985   768
1890.00  0.03739  0.03757  0.01195  0.80968  -228.27956  -230.10560  4.99985   768
1891.00  0.03739  0.03757  0.01138  0.80968  -229.13405  -230.97841  4.99985   768
1892.00  0.03738  0.03757  0.01090  0.80968  -229.89699  -231.74898  4.99985   768
1893.00  0.03738  0.03757  0.01071  0.80968  -230.20064  -232.06026  4.99985   768
1894.00  0.03738  0.03757  0.01109  0.80968  -229.71541  -231.64827  4.99985   768
1895.00  0.03739  0.03757  0.01175  0.80968  -228.68239  -230.61372  4.99985   768
1896.00  0.03738  0.03757  0.01238  0.80968  -227.68904  -229.60512  4.99985   768
1897.00  0.03739  0.03757  0.01284  0.80968  -226.99934  -228.90169  4.99985   768
1898.00  0.03740  0.03757  0.01280  0.80968  -226.99019  -228.84523  4.99985   768
1899.00  0.03737  0.03757  0.01229  0.80968  -227.75618  -229.58070  4.99985   768
1900.00  0.03738  0.03757  0.01167  0.80968  -228.66560  -230.51149  4.99985   768
1901.00  0.03738  0.03757  0.01105  0.80968  -229.61775  -231.43465  4.99985   768
1902.00  0.03739  0.03757  0.01072  0.80968  -230.20369  -232.08620  4.99985   768
1903.00  0.03738  0.03757  0.01085  0.80968  -230.04500  -231.97786  4.99985   768
1904.00  0.03740  0.03757  0.01139  0.80968  -229.26985  -231.21492  4.99985   768
1905.00  0.03739  0.03757  0.01207  0.80968  -228.19105  -230.14833  4.99985   768
1906.00  0.03738  0.03757  0.01263  0.80968  -227.28773  -229.21602  4.99985   768
1907.00  0.03739  0.03757  0.01271  0.80968  -227.14278  -229.01918  4.99985   768
1908.00  0.03739  0.03757  0.01247  0.80968  -227.45253  -229.31215  4.99985   768
1909.00  0.03738  0.03757  0.01189  0.80968  -228.32533  -230.14986  4.99985   768
1910.00  0.03739  0.03757  0.01121  0.80968  -229.36903  -231.17219  4.99985   768
1911.00  0.03737  0.03757  0.01066  0.80968  -230.26930  -232.09840  4.99985   768
1912.00  0.03739  0.03757  0.01055  0.80968  -230.44173  -232.32271  4.99985   768
1913.00  0.03738  0.03757  0.01097  0.80968  -229.86647  -231.80238  4.99985   768
1914.00  0.03739  0.03757  0.01158  0.80968  -228.92042  -230.84718  4.99985   768
1915.00  0.03738  0.03757  0.01230  0.80968  -227.85383  -229.78670  4.99985   768
1916.00  0.03738  0.03757  0.01271  0.80968  -227.16872  -229.07411  4.99985   768
1917.00  0.03737  0.03757  0.01261  0.80968  -227.24959  -229.12752  4.99985   768
1918.00  0.03738  0.03757  0.01216  0.80968  -227.93013  -229.78059  4.99985   768
1919.00  0.03740  0.03757  0.01163  0.80968  -228.75563  -230.56795  4.99985   768
1920.00  0.03740  0.03757  0.01097  0.80968  -229.73830  -231.58266  4.99985   768
1921.00  0.03739  0.03757  0.01051  0.80968  -230.55464  -232.42189  4.99985   768
1922.00  0.03738  0.03757  0.01066  0.80968  -230.29372  -232.21590  4.99985   768
1923.00  0.03738  0.03757  0.01128  0.80968  -229.41328  -231.35988  4.99985   768
1924.00  0.03739  0.03757  0.01205  0.80968  -228.25972  -230.23988  4.99985   768
1925.00  0.03738  0.03757  0.01262  0.80968  -227.35029  -229.27400  4.99985   768
1926.00  0.03738  0.03757  0.01284  0.80968  -226.94594  -228.82387  4.99985   768
1927.00  0.03738  0.03757  0.01254  0.80968  -227.33198  -229.15498  4.99985   768
1928.00  0.03739  0.03757  0.01200  0.80968  -228.18648  -230.00337  4.99985   768
1929.00  0.03738  0.03757  0.01130  0.80968  -229.24238  -231.03487  4.99985   768
1930.00  0.03738  0.03757  0.01071  0.80968  -230.17470  -231.99922  4.99985   768
1931.00  0.03739  0.03757  0.01067  0.80968  -230.27540  -232.17317  4.99985   768
1932.00  0.03737  0.03757  0.01101  0.80968  -229.81001  -231.73677  4.99985   768
1933.00  0.03739  0.03757  0.01167  0.80968  -228.82277  -230.77394  4.99985   768
1934.00  0.03739  0.03757  0.01243  0.80968  -227.64174  -229.61275  4.99985   768
1935.00  0.03737  0.03757  0.01281  0.80968  -227.03596  -228.93220  4.99985   768
1936.00  0.03737  0.03757  0.01272  0.80968  -227.10615  -228.96120  4.99985   768
1937.00  0.03739  0.03757  0.01218  0.80968  -227.92555  -229.76076  4.99985   768
1938.00  0.03737  0.03757  0.01156  0.80968  -228.87923  -230.70528  4.99985   768
1939.00  0.03739  0.03757  0.01088  0.80968  -229.90767  -231.74745  4.99985   768
1940.00  0.03739  0.03757  0.01051  0.80968  -230.46614  -232.33339  4.99985   768
1941.00  0.03739  0.03757  0.01070  0.80968  -230.31966  -232.23726  4.99985   768
1942.00  0.03740  0.03757  0.01113  0.80968  -229.62996  -231.54146  4.99985   768
1943.00  0.03739  0.03757  0.01193  0.80968  -228.40620  -230.35280  4.99985   768
1944.00  0.03738  0.03757  0.01247  0.80968  -227.57460  -229.49068  4.99985   768
1945.00  0.03738  0.03757  0.01272  0.80968  -227.13972  -229.02986  4.99985   768
1946.00  0.03740  0.03757  0.01243  0.80968  -227.52425  -229.34877  4.99985   768
1947.00  0.03738  0.03757  0.01192  0.80968  -228.29481  -230.11171  4.99985   768
1948.00  0.03739  0.03757  0.01120  0.80968  -229.40108  -231.21492  4.99985   768
1949.00  0.03740  0.03757  0.01069  0.80968  -230.19911  -232.05873  4.99985   768
1950.00  0.03738  0.03757  0.01059  0.80968  -230.42952  -232.31203  4.99985   768
1951.00  0.03738  0.03757  0.01095  0.80968  -229.90767  -231.84968  4.99985   768
1952.00  0.03739  0.03757  0.01163  0.80968  -228.90059  -230.86702  4.99985   768
1953.00  0.03738  0.03757  0.01231  0.80968  -227.84163  -229.79280  4.99985   768
1954.00  0.03739  0.03757  0.01273  0.80968  -227.12141  -229.04817  4.99985   768
1955.00  0.03738  0.03757  0.01278  0.80968  -227.04207  -228.93220  4.99985   768
1956.00  0.03738  0.03757  0.01243  0.80968  -227.54866  -229.38386  4.99985   768
1957.00  0.03739  0.03757  0.01175  0.80968  -228.52064  -230.34212  4.99985   768
1958.00  0.03739  0.03757  0.01105  0.80968  -229.67421  -231.52162  4.99985   768
1959.00  0.03739  0.03757  0.01063  0.80968  -230.31508  -232.16402  4.99985   768
1960.00  0.03739  0.03757  0.01076  0.80968  -230.17165  -232.07857  4.99985   768
1961.00  0.03738  0.03757  0.01134  0.80968  -229.33699  -231.27595  4.99985   768
1962.00  0.03739  0.03757  0.01205  0.80968  -228.23836  -230.16511  4.99985   768
1963.00  0.03739  0.03757  0.01254  0.80968  -227.41133  -229.33809  4.99985   768
1964.00  0.03739  0.03757  0.01277  0.80968  -227.06038  -228.93678  4.99985   768
1965.00  0.03738  0.03757  0.01255  0.80968  -227.31978  -229.14888  4.99985   768
1966.00  0.03738  0.03757  0.01199  0.80968  -228.17427  -230.00337  4.99985   768
1967.00  0.03738  0.03757  0.01129  0.80968  -229.29426  -231.12337  4.99985   768
1968.00  0.03739  0.03757  0.01066  0.80968  -230.22810  -232.06789  4.99985   768
1969.00  0.03740  0.03757  0.01054  0.80968  -230.51497  -232.41731  4.99985   768
1970.00  0.03738  0.03757  0.01087  0.80968  -230.02058  -231.97938  4.99985   768
1971.00  0.03739  0.03757  0.01156  0.80968  -229.01503  -230.98299  4.99985   768
1972.00  0.03738  0.03757  0.01222  0.80968  -227.96980  -229.92097  4.99985   768
1973.00  0.03737  0.03757  0.01262  0.80968  -227.30452  -229.20991  4.99985   768
1974.00  0.03738  0.03757  0.01256  0.80968  -227.39149  -229.24348  4.99985   768
1975.00  0.03738  0.03757  0.01216  0.80968  -227.95759  -229.80653  4.99985   768
1976.00  0.03738  0.03757  0.01156  0.80968  -228.80751  -230.63356  4.99985   768
1977.00  0.03738  0.03757  0.01099  0.80968  -229.73982  -231.55519  4.99985   768
1978.00  0.03738  0.03757  0.01061  0.80968  -230.34254  -232.18385  4.99985   768
1979.00  0.03737  0.03757  0.01077  0.80968  -230.16096  -232.07246  4.99985   768
1980.00  0.03738  0.03757  0.01137  0.80968  -229.30647  -231.26527  4.99985   768
1981.00  0.03740  0.03757  0.01201  0.80968  -228.26887  -230.18953  4.99985   768
1982.00  0.03739  0.03757  0.01259  0.80968  -227.39760  -229.33046  4.99985   768
1983.00  0.03739  0.03757  0.01279  0.80968  -227.04664  -228.95357  4.99985   768
1984.00  0.03739  0.03757  0.01250  0.80968  -227.44337  -229.30147  4.99985   768
1985.00  0.03738  0.03757  0.01189  0.80968  -228.33754  -230.15901  4.99985   768
1986.00  0.03740  0.03757  0.01128  0.80968  -229.29121  -231.12794  4.99985   768
1987.00  0.03739  0.03757  0.01080  0.80968  -230.07094  -231.92903  4.99985   768
1988.00  0.03740  0.03757  0.01072  0.80968  -230.23421  -232.14723  4.99985   768
1989.00  0.03740  0.03757  0.01111  0.80968  -229.64674  -231.58418  4.99985   768
1990.00  0.03739  0.03757  0.01167  0.80968  -228.81209  -230.75868  4.99985   768
1991.00  0.03738  0.03757  0.01227  0.80968  -227.87062  -229.80501  4.99985   768
1992.00  0.03738  0.03757  0.01272  0.80968  -227.16414  -229.08479  4.99985   768
1993.00  0.03738  0.03757  0.01262  0.80968  -227.26637  -229.11226  4.99985   768
1994.00  0.03738  0.03757  0.01211  0.80968  -227.99879  -229.80806  4.99985   768
1995.00  0.03739  0.03757  0.01147  0.80968  -228.99214  -230.81514  4.99985   768
1996.00  0.03737  0.03757  0.01091  0.80968  -229.84511  -231.65437  4.99985   768
1997.00  0.03740  0.03757  0.01060  0.80968  -230.35933  -232.22658  4.99985   768
1998.00  0.03738  0.03757  0.01091  0.80968  -229.97481  -231.87715  4.99985   768
1999.00  0.03738  0.03757  0.01143  0.80968  -229.17677  -231.10963  4.99985   768
2000.00  0.04290  0.05780  0.01185  0.80968  -228.48860  -230.38026  4.99985   768
2001.00  0.05522  0.05780  0.01417  0.80968  -225.38039  -227.68251  4.99985   768
2002.00  0.05582  0.05780  0.01717  0.80968  -220.37703  -222.38466  4.99985   768
2003.00  0.05598  0.05780  0.01554  0.80968  -222.51936  -224.13026  4.99985   768
2004.00  0.05610  0.05780  0.01580  0.80968  -222.60939  -224.67042  4.99985   768
