ASI 600A Data File
Created: Wed May  8 13:22:49 2024
A/D Sampling Rate: 1000 Hz
Comment: Mouse CP512 Cell 2
Width 0.0280
Thick 0.0140
After Activation
Width 0.0
Thick 0.0
*** Setup Parameters ***
Length Controller: 315C
Force Transducer: 406A
Initial Length: 0.0578 mm
Minimum Length: -5 Lo
Maximum Length: 5 Lo
Fiber Length: 0.0578 mm
Initial Sarcomere Length: 0 um
Diameter: 1.91919 mm
Maximum Tetanic Tension: 3 mN
Calibrate FC step size:  -20 um
Calibrate FC ramp time:  100 ms
Calibrate FC hold time:  200 ms
Force Gain-Factor:       0.6
Force Integral-Constant: 0.26 ms
Force Filter-Constant:   0.2 ms
Constant Stiffness Range: 100
dF/dL measured at Force:  34522 adu
Fiber Stiffness (adu):    0
Fiber Stiffness (mN/mm):  0
SL Gain-Factor:           0.25
SL Integral-Constant:     0.1 ms
SL Filter-Constant:       0 ms
SL Stiffness (adu):       0.3
SL Stiffness (um/mm):     1
ADC0 Offset: -28.840 mv
ADC1 Offset: -28.840 mv
DAC0 Offset: 3.336 mv
DAC1 Offset: -3.588 mv
Panel 1 size: 2
Panel 2 size: 4
Panel 3 size: 2
Panel 4 size: 5
Panel 1 signal: 0
Panel 2 signal: 1
Panel 3 signal: 2
Panel 4 signal: 6
Background (0/1): 0
Length In color:  16395263
Force  In color:  16717330
SL     In color:  16771867
Aux1   In color:  1769257
Length Out color:  255
Force  Out color:  255
Stim   Out color:  16777215
Aux2   In  color:  16747283
Length Units: um
Force Units: mN
Time Units: ms
Sarcomere Length Units: um
Scope Display1: 0
Scope Display2: 2
AUX Channels Scope Display: 0
Scope Timebase: 1
Scope Vscale:   0
Scope Lunit:    1
Scope Lmin:     0.026370
Scope Lmax:     0.026470
Scope Funit:    0
Scope Fmin:     0.157780
Scope Fmax:     0.157960
Scope AUX1_min:     10.000000
Scope AUX1_max:     16.000000
Scope AUX2_min:     8.000000
Scope AUX2_max:     14.000000
Scope L Data Scale:     1.651868
Scope F Data Scale:     0.225000
Scope AUX1 Data Scale:     1.000000
Scope AUX2 Data Scale:     1.000000
Scope SL Data Scale:     1.000000
Scope Sunit:    0
Analysis Lunit: 4
Analysis Funit: 0
Analysis Tunit: 0
Analysis Channels: 101000000010000
Analysis Readout: 1
Analysis Gaussian Filter Kernel Size (Lin):     201
Analysis Gaussian Filter Kernel Size (Fin):     50
Analysis Gaussian Filter Kernel Size (Aux1):    201
Analysis Gaussian Filter Kernel Size (Aux2):    201
Analysis Gaussian Filter Standard Deviation (Lin):     1.0
Analysis Gaussian Filter Standard Deviation (Fin):     1.0
Analysis Gaussian Filter Standard Deviation (Aux1):    1.0
Analysis Gaussian Filter Standard Deviation (Aux2):    1.0
Aux1 Name: Aux1
Aux1 Units: C
Aux1 Scale (units/volt): 100.000000
Aux1 Offset (units): 2.000000
Aux2 Name: Aux2
Aux2 Units: mv
Aux2 Scale (units/volt): 100
Aux2 Offset (units): 0
 *** Cantilever Properties ***
Cantilever Stiffness Calculation Method: 2
Cantilever Stiffness (N/m): -1.000
Cantilever Length (um): 450.000
Cantilever Thickness (um): 2.000
Cantilever Width 1 (um): 50.000
Cantilever Width 2 (um): 50.000
Cantilever Elasticity (GPa): 160.000
 *** ASI804A Test Window Properties ***
ASI804A Vscale: 0
ASI804A Timebase: 0
ASI804A Sampling Rate: 0
ASI804A Scope L_min:     999.800000
ASI804A Scope L_max:     1000.200000
ASI804A Scope F_min:     -0.040000
ASI804A Scope F_max:     0.020000
ASI804A Scope log10Rario_min:     -0.063875
ASI804A Scope log10Ratio_max:     -0.063650
ASI804A Scope L Scale Units:    4
ASI804A Scope F Scale Units:    0
ASI804A Scope L Scale:     1.000000
ASI804A Scope F Scale:     1.000000
ASI804A Scope log10Ratio Scale:     0.500000
ASI804A Data Files Directory: /home/asi/data
ASI804A Data Files Name: atp_datafile
ASI804A Font: Liberation Sans
ASI804A Font Size: 24
ASI804A pCa Combo Size: 0
ASI804A pCa Combo Active: -1
 *** Additional devices ***
ASI802D Bath Controller: 0
ASI804A ATPase Controller: 1
*** Calibration Parameters ***
Model  LOoffset  LOscale  LIoffset  LIscale  FOoffset  FOscale  FIoffset  FIscale
Number 	mm        mm/v	   mm        mm/v     mN        mN/v     mN        mN/v
308B	 0	 0.2	 0	 0.2	 0	 1	 0	 1
312C	 0	 0.15	 0	 0.15	 0	 1	 0	 1
315C	 0	 0.15	 0	 0.15	 0	 1	 0	 1
318B	 0	 0.3	 0	 0.3	 0	 1	 0	 1
322C	 0	 0.3	 0	 0.3	 0	 1	 0	 1
340A	 0	 0.005	 0	 0.005	 0	 1	 0	 1
300C	 0	 0.5	 0	 0.5	 0	 50	 0	 50
300C-LR	 0	 0.5	 0	 0.5	 0	 100	 0	 100
305C	 0	 1	 0	 1	 0	 500	 0	 500
305C-LR	 0	 1	 0	 1	 0	 1000	 0	 1000
309C	 0	 1.25	 0	 1.25	 0	 2000	 0	 2000
310C	 0	 2	 0	 2	 0	 5000	 0	 5000
310C-LR	 0	 2	 0	 2	 0	 10000	 0	 10000
???	 0	 1	 0	 1	 0	 1	 0	 1
400A	 0	 1	 0	 1	 0	 5	 0	 5
402A	 0	 1	 0	 1	 0	 50	 0	 50
403A-CF	 0	 1	 0	 1	 0	 0.2	 0	 0.2
403A	 0	 1	 0	 1	 0	 0.5	 0	 0.5
404A	 0	 1	 0	 1	 0	 10	 0	 10
405A	 0	 1	 0	 1	 0	 1	 0	 1
406A	 0	 1	 0	 1	 0.16	 0.06497	 0.16	 0.06497
407A	 0	 1	 0	 1	 0	 100	 0	 100
470A	 0	 1	 0	 1	 0	 1	 0	 1
other	 0	 1	 0	 1	 0	 1	 0	 1
none	 0	 1	 0	 1	 0	 1	 0	 1
*** Test Protocol Parameters ***
A/D Sampling Rate: 1000 Hz
Comment: Length Discrete Sine protocol for stiffness testing
Minimum Length: -5.000 (Lo)
Maximum Length: 5.000 (Lo)
PD Deadband:    0.000000 mN
Stimulus 01: 0.3 ms 100.000 Hz 10.0 ms 50.000 Hz 0.100 s
Stimulus 02: 1.2 ms 100.000 Hz 20.0 ms 2.000 Hz 100.000 s
Stimulus 03: 1.3 ms 100.000 Hz 20.0 ms 2.000 Hz 100.000 s
Stimulus 04: 1.4 ms 100.000 Hz 20.0 ms 2.000 Hz 100.000 s
Stimulus 05: 1.5 ms 100.000 Hz 20.0 ms 2.000 Hz 100.000 s
Stimulus 06: 1.6 ms 100.000 Hz 20.0 ms 2.000 Hz 100.000 s
Stimulus 07: 1.7 ms 100.000 Hz 20.0 ms 2.000 Hz 100.000 s
Stimulus 08: 1.8 ms 100.000 Hz 20.0 ms 2.000 Hz 100.000 s
Stimulus 09: 1.9 ms 100.000 Hz 20.0 ms 2.000 Hz 100.000 s
Stimulus 10: 2.2 ms 100.000 Hz 20.0 ms 2.000 Hz 100.000 s
Time (ms)	Control Function	Options
      0.0	Data-Enable		
    200.0	Length-Step		 0.65 Lo
   2000.0	Length-Step		 1 Lo
   2005.0	Data-Disable		
      0.0	Stop		
*** Force and Length Signals vs Time ***
Time (ms)  Lin (mm)  Lout (mm)  Fin (mN)  Fout (mN)  Aux1 C  Aux2 mv  SL (um)   Stimulus/Triggers
0.00  0.05733  0.05780  0.01329  0.80968  -226.30659  -228.23335  4.99985   768
1.00  0.05734  0.05780  0.01388  0.80968  -225.39412  -227.33613  4.99985   768
2.00  0.05734  0.05780  0.01445  0.80968  -224.48622  -226.40382  4.99985   768
3.00  0.05732  0.05780  0.01476  0.80968  -223.99184  -225.89876  4.99985   768
4.00  0.05733  0.05780  0.01471  0.80968  -224.04677  -225.90486  4.99985   768
5.00  0.05733  0.05780  0.01432  0.80968  -224.61745  -226.44960  4.99985   768
6.00  0.05734  0.05780  0.01371  0.80968  -225.54823  -227.37428  4.99985   768
7.00  0.05734  0.05780  0.01308  0.80968  -226.53700  -228.39204  4.99985   768
8.00  0.05732  0.05780  0.01288  0.80968  -226.87727  -228.75673  4.99985   768
9.00  0.05732  0.05780  0.01306  0.80968  -226.65449  -228.57820  4.99985   768
10.00  0.05734  0.05780  0.01350  0.80968  -225.98616  -227.92360  4.99985   768
11.00  0.05734  0.05780  0.01416  0.80968  -225.00197  -226.95314  4.99985   768
12.00  0.05733  0.05780  0.01458  0.80968  -224.29243  -226.18410  4.99985   768
13.00  0.05732  0.05780  0.01479  0.80968  -223.96132  -225.85756  4.99985   768
14.00  0.05734  0.05780  0.01458  0.80968  -224.22072  -226.06355  4.99985   768
15.00  0.05734  0.05780  0.01403  0.80968  -225.07521  -226.88142  4.99985   768
16.00  0.05733  0.05780  0.01349  0.80968  -225.87477  -227.69472  4.99985   768
17.00  0.05734  0.05780  0.01305  0.80968  -226.56752  -228.39662  4.99985   768
18.00  0.05733  0.05780  0.01296  0.80968  -226.75520  -228.64992  4.99985   768
19.00  0.05735  0.05780  0.01325  0.80968  -226.34474  -228.26234  4.99985   768
20.00  0.05733  0.05780  0.01386  0.80968  -225.40633  -227.34682  4.99985   768
21.00  0.05733  0.05780  0.01445  0.80968  -224.50606  -226.44197  4.99985   768
22.00  0.05734  0.05780  0.01471  0.80968  -224.08949  -225.99336  4.99985   768
23.00  0.05734  0.05780  0.01471  0.80968  -224.05592  -225.94148  4.99985   768
24.00  0.05733  0.05780  0.01432  0.80968  -224.63118  -226.47554  4.99985   768
25.00  0.05734  0.05780  0.01376  0.80968  -225.47041  -227.31325  4.99985   768
26.00  0.05733  0.05780  0.01326  0.80968  -226.25319  -228.08382  4.99985   768
27.00  0.05734  0.05780  0.01301  0.80968  -226.67280  -228.54768  4.99985   768
28.00  0.05733  0.05780  0.01309  0.80968  -226.59956  -228.50648  4.99985   768
29.00  0.05732  0.05780  0.01355  0.80968  -225.93428  -227.86104  4.99985   768
30.00  0.05733  0.05780  0.01416  0.80968  -224.95314  -226.86922  4.99985   768
31.00  0.05734  0.05780  0.01463  0.80968  -224.23598  -226.13527  4.99985   768
32.00  0.05734  0.05780  0.01479  0.80968  -223.91707  -225.79347  4.99985   768
33.00  0.05735  0.05780  0.01453  0.80968  -224.30922  -226.14137  4.99985   768
34.00  0.05733  0.05780  0.01400  0.80968  -225.12404  -226.94246  4.99985   768
35.00  0.05733  0.05780  0.01337  0.80968  -226.03956  -227.86867  4.99985   768
36.00  0.05733  0.05780  0.01299  0.80968  -226.66670  -228.51411  4.99985   768
37.00  0.05734  0.05780  0.01289  0.80968  -226.90321  -228.79640  4.99985   768
38.00  0.05733  0.05780  0.01326  0.80968  -226.36153  -228.30049  4.99985   768
39.00  0.05734  0.05780  0.01387  0.80968  -225.40633  -227.35597  4.99985   768
40.00  0.05734  0.05780  0.01434  0.80968  -224.71358  -226.64186  4.99985   768
41.00  0.05734  0.05780  0.01472  0.80968  -224.09865  -226.02693  4.99985   768
42.00  0.05733  0.05780  0.01475  0.80968  -224.02235  -225.89265  4.99985   768
43.00  0.05733  0.05780  0.01421  0.80968  -224.78377  -226.60676  4.99985   768
44.00  0.05734  0.05780  0.01367  0.80968  -225.60164  -227.44295  4.99985   768
45.00  0.05732  0.05780  0.01318  0.80968  -226.36915  -228.21657  4.99985   768
46.00  0.05733  0.05780  0.01294  0.80968  -226.78267  -228.62398  4.99985   768
47.00  0.05734  0.05780  0.01297  0.80968  -226.76283  -228.66670  4.99985   768
48.00  0.05734  0.05780  0.01346  0.80968  -226.02431  -227.93123  4.99985   768
49.00  0.05734  0.05780  0.01409  0.80968  -225.07521  -227.00349  4.99985   768
50.00  0.05734  0.05780  0.01448  0.80968  -224.46028  -226.35194  4.99985   768
51.00  0.05733  0.05780  0.01456  0.80968  -224.29549  -226.15816  4.99985   768
52.00  0.05732  0.05780  0.01441  0.80968  -224.48927  -226.35499  4.99985   768
53.00  0.05734  0.05780  0.01394  0.80968  -225.18965  -227.01723  4.99985   768
54.00  0.05733  0.05780  0.01338  0.80968  -226.07161  -227.91444  4.99985   768
55.00  0.05732  0.05780  0.01299  0.80968  -226.65602  -228.52479  4.99985   768
56.00  0.05734  0.05780  0.01294  0.80968  -226.83302  -228.72926  4.99985   768
57.00  0.05733  0.05780  0.01329  0.80968  -226.29286  -228.23793  4.99985   768
58.00  0.05734  0.05780  0.01380  0.80968  -225.51466  -227.43989  4.99985   768
59.00  0.05733  0.05780  0.01436  0.80968  -224.66933  -226.62355  4.99985   768
60.00  0.05732  0.05780  0.01464  0.80968  -224.19783  -226.09559  4.99985   768
61.00  0.05733  0.05780  0.01461  0.80968  -224.23292  -226.12306  4.99985   768
62.00  0.05733  0.05780  0.01419  0.80968  -224.80513  -226.63881  4.99985   768
63.00  0.05734  0.05780  0.01370  0.80968  -225.55128  -227.37886  4.99985   768
64.00  0.05733  0.05780  0.01313  0.80968  -226.44850  -228.28218  4.99985   768
65.00  0.05734  0.05780  0.01290  0.80968  -226.86201  -228.71095  4.99985   768
66.00  0.05733  0.05780  0.01313  0.80968  -226.55531  -228.44697  4.99985   768
67.00  0.05735  0.05780  0.01366  0.80968  -225.70082  -227.63978  4.99985   768
68.00  0.05734  0.05780  0.01415  0.80968  -224.98060  -226.90278  4.99985   768
69.00  0.05733  0.05780  0.01463  0.80968  -224.20393  -226.12764  4.99985   768
70.00  0.05734  0.05780  0.01469  0.80968  -224.11391  -225.99946  4.99985   768
71.00  0.05734  0.05780  0.01447  0.80968  -224.40535  -226.26802  4.99985   768
72.00  0.05735  0.05780  0.01402  0.80968  -225.07826  -226.92567  4.99985   768
73.00  0.05734  0.05780  0.01351  0.80968  -225.87935  -227.72523  4.99985   768
74.00  0.05734  0.05780  0.01308  0.80968  -226.58736  -228.45308  4.99985   768
75.00  0.05733  0.05780  0.01309  0.80968  -226.58736  -228.51411  4.99985   768
76.00  0.05733  0.05780  0.01340  0.80968  -226.09755  -228.02583  4.99985   768
77.00  0.05735  0.05780  0.01388  0.80968  -225.43226  -227.38191  4.99985   768
78.00  0.05733  0.05780  0.01438  0.80968  -224.61134  -226.53047  4.99985   768
79.00  0.05734  0.05780  0.01465  0.80968  -224.15358  -226.04677  4.99985   768
80.00  0.05734  0.05780  0.01458  0.80968  -224.26192  -226.11085  4.99985   768
81.00  0.05733  0.05780  0.01423  0.80968  -224.74409  -226.57930  4.99985   768
82.00  0.05735  0.05780  0.01365  0.80968  -225.62453  -227.44142  4.99985   768
83.00  0.05734  0.05780  0.01315  0.80968  -226.42714  -228.26387  4.99985   768
84.00  0.05734  0.05780  0.01304  0.80968  -226.66060  -228.54158  4.99985   768
85.00  0.05734  0.05780  0.01322  0.80968  -226.36458  -228.24708  4.99985   768
86.00  0.05733  0.05780  0.01371  0.80968  -225.65810  -227.58638  4.99985   768
87.00  0.05732  0.05780  0.01424  0.80968  -224.83107  -226.76240  4.99985   768
88.00  0.05733  0.05780  0.01461  0.80968  -224.26039  -226.17799  4.99985   768
89.00  0.05734  0.05780  0.01463  0.80968  -224.18562  -226.09102  4.99985   768
90.00  0.05733  0.05780  0.01430  0.80968  -224.68153  -226.51216  4.99985   768
91.00  0.05734  0.05780  0.01387  0.80968  -225.31782  -227.16981  4.99985   768
92.00  0.05734  0.05780  0.01326  0.80968  -226.26387  -228.10518  4.99985   768
93.00  0.05734  0.05780  0.01292  0.80968  -226.82234  -228.68349  4.99985   768
94.00  0.05731  0.05780  0.01301  0.80968  -226.74147  -228.65144  4.99985   768
95.00  0.05733  0.05780  0.01345  0.80968  -226.10213  -228.03651  4.99985   768
96.00  0.05734  0.05780  0.01403  0.80968  -225.16524  -227.09047  4.99985   768
97.00  0.05733  0.05780  0.01450  0.80968  -224.44044  -226.34736  4.99985   768
98.00  0.05733  0.05780  0.01474  0.80968  -224.04677  -225.91859  4.99985   768
99.00  0.05732  0.05780  0.01459  0.80968  -224.22987  -226.07881  4.99985   768
100.00  0.05733  0.05780  0.01416  0.80968  -224.85091  -226.68611  4.99985   768
101.00  0.05733  0.05780  0.01360  0.80968  -225.72066  -227.53755  4.99985   768
102.00  0.05735  0.05780  0.01315  0.80968  -226.45003  -228.29439  4.99985   768
103.00  0.05734  0.05780  0.01305  0.80968  -226.64229  -228.53090  4.99985   768
104.00  0.05733  0.05780  0.01331  0.80968  -226.24098  -228.16469  4.99985   768
105.00  0.05734  0.05780  0.01386  0.80968  -225.45515  -227.40938  4.99985   768
106.00  0.05734  0.05780  0.01437  0.80968  -224.58693  -226.50911  4.99985   768
107.00  0.05734  0.05780  0.01474  0.80968  -224.07728  -226.00709  4.99985   768
108.00  0.05734  0.05780  0.01476  0.80968  -224.00557  -225.89418  4.99985   768
109.00  0.05734  0.05780  0.01450  0.80968  -224.35652  -226.21309  4.99985   768
110.00  0.05733  0.05780  0.01392  0.80968  -225.23848  -227.08742  4.99985   768
111.00  0.05732  0.05780  0.01330  0.80968  -226.17079  -228.00752  4.99985   768
112.00  0.05733  0.05780  0.01315  0.80968  -226.44850  -228.31575  4.99985   768
113.00  0.05734  0.05780  0.01307  0.80968  -226.60567  -228.48054  4.99985   768
114.00  0.05734  0.05780  0.01347  0.80968  -226.04872  -227.98921  4.99985   768
115.00  0.05733  0.05780  0.01410  0.80968  -225.05232  -226.98213  4.99985   768
116.00  0.05732  0.05780  0.01460  0.80968  -224.27565  -226.17494  4.99985   768
117.00  0.05734  0.05780  0.01476  0.80968  -223.99641  -225.88502  4.99985   768
118.00  0.05734  0.05780  0.01458  0.80968  -224.22529  -226.07271  4.99985   768
119.00  0.05733  0.05780  0.01411  0.80968  -224.95009  -226.78224  4.99985   768
120.00  0.05733  0.05780  0.01353  0.80968  -225.85036  -227.68403  4.99985   768
121.00  0.05733  0.05780  0.01306  0.80968  -226.55989  -228.41341  4.99985   768
122.00  0.05733  0.05780  0.01300  0.80968  -226.72316  -228.62855  4.99985   768
123.00  0.05734  0.05780  0.01322  0.80968  -226.41341  -228.31880  4.99985   768
124.00  0.05734  0.05780  0.01378  0.80968  -225.62453  -227.58028  4.99985   768
125.00  0.05733  0.05780  0.01437  0.80968  -224.62355  -226.55031  4.99985   768
126.00  0.05733  0.05780  0.01473  0.80968  -224.08339  -225.99336  4.99985   768
127.00  0.05734  0.05780  0.01472  0.80968  -224.02235  -225.90639  4.99985   768
128.00  0.05734  0.05780  0.01445  0.80968  -224.43739  -226.27412  4.99985   768
129.00  0.05733  0.05780  0.01378  0.80968  -225.45210  -227.28120  4.99985   768
130.00  0.05733  0.05780  0.01324  0.80968  -226.27760  -228.09755  4.99985   768
131.00  0.05734  0.05780  0.01297  0.80968  -226.73231  -228.59346  4.99985   768
132.00  0.05734  0.05780  0.01310  0.80968  -226.57057  -228.48360  4.99985   768
133.00  0.05732  0.05780  0.01354  0.80968  -225.92055  -227.84273  4.99985   768
134.00  0.05734  0.05780  0.01418  0.80968  -224.92110  -226.86311  4.99985   768
135.00  0.05735  0.05780  0.01466  0.80968  -224.18715  -226.07423  4.99985   768
136.00  0.05733  0.05780  0.01486  0.80968  -223.84840  -225.73701  4.99985   768
137.00  0.05734  0.05780  0.01465  0.80968  -224.13985  -225.97505  4.99985   768
138.00  0.05734  0.05780  0.01411  0.80968  -224.93635  -226.77309  4.99985   768
139.00  0.05733  0.05780  0.01351  0.80968  -225.85493  -227.69777  4.99985   768
140.00  0.05732  0.05780  0.01307  0.80968  -226.57973  -228.43782  4.99985   768
141.00  0.05733  0.05780  0.01297  0.80968  -226.73537  -228.63313  4.99985   768
142.00  0.05732  0.05780  0.01334  0.80968  -226.22572  -228.17689  4.99985   768
143.00  0.05734  0.05780  0.01387  0.80968  -225.43532  -227.37886  4.99985   768
144.00  0.05734  0.05780  0.01441  0.80968  -224.61897  -226.55336  4.99985   768
145.00  0.05734  0.05780  0.01486  0.80968  -223.85756  -225.77363  4.99985   768
146.00  0.05734  0.05780  0.01489  0.80968  -223.75227  -225.61189  4.99985   768
147.00  0.05734  0.05780  0.01448  0.80968  -224.36110  -226.17799  4.99985   768
148.00  0.05734  0.05780  0.01394  0.80968  -225.18202  -226.99586  4.99985   768
149.00  0.05732  0.05780  0.01336  0.80968  -226.07161  -227.88545  4.99985   768
150.00  0.05734  0.05780  0.01300  0.80968  -226.67128  -228.51564  4.99985   768
151.00  0.05732  0.05780  0.01321  0.80968  -226.42103  -228.33864  4.99985   768
152.00  0.05734  0.05780  0.01368  0.80968  -225.75270  -227.68861  4.99985   768
153.00  0.05733  0.05780  0.01424  0.80968  -224.82191  -226.74257  4.99985   768
154.00  0.05733  0.05780  0.01468  0.80968  -224.17494  -226.10170  4.99985   768
155.00  0.05733  0.05780  0.01484  0.80968  -223.87587  -225.74464  4.99985   768
156.00  0.05734  0.05780  0.01457  0.80968  -224.24361  -226.09712  4.99985   768
157.00  0.05734  0.05780  0.01407  0.80968  -225.03706  -226.89058  4.99985   768
158.00  0.05733  0.05780  0.01353  0.80968  -225.84273  -227.68403  4.99985   768
159.00  0.05733  0.05780  0.01300  0.80968  -226.67433  -228.52785  4.99985   768
160.00  0.05733  0.05780  0.01292  0.80968  -226.81471  -228.70027  4.99985   768
161.00  0.05731  0.05780  0.01331  0.80968  -226.27150  -228.19063  4.99985   768
162.00  0.05734  0.05780  0.01387  0.80968  -225.40633  -227.33766  4.99985   768
163.00  0.05733  0.05780  0.01453  0.80968  -224.40993  -226.34279  4.99985   768
164.00  0.05734  0.05780  0.01478  0.80968  -223.98573  -225.87434  4.99985   768
165.00  0.05734  0.05780  0.01471  0.80968  -224.02083  -225.86824  4.99985   768
166.00  0.05733  0.05780  0.01430  0.80968  -224.63270  -226.45570  4.99985   768
167.00  0.05733  0.05780  0.01371  0.80968  -225.53450  -227.33461  4.99985   768
168.00  0.05734  0.05780  0.01314  0.80968  -226.46986  -228.30354  4.99985   768
169.00  0.05733  0.05780  0.01287  0.80968  -226.85133  -228.70790  4.99985   768
170.00  0.05734  0.05780  0.01303  0.80968  -226.68806  -228.59498  4.99985   768
171.00  0.05733  0.05780  0.01347  0.80968  -226.04262  -227.97243  4.99985   768
172.00  0.05734  0.05780  0.01414  0.80968  -225.02180  -226.97755  4.99985   768
173.00  0.05733  0.05780  0.01462  0.80968  -224.24055  -226.16731  4.99985   768
174.00  0.05734  0.05780  0.01476  0.80968  -223.99794  -225.91249  4.99985   768
175.00  0.05734  0.05780  0.01455  0.80968  -224.25886  -226.13374  4.99985   768
176.00  0.05733  0.05780  0.01409  0.80968  -224.92872  -226.75020  4.99985   768
177.00  0.05732  0.05780  0.01343  0.80968  -225.96480  -227.79695  4.99985   768
178.00  0.05734  0.05780  0.01302  0.80968  -226.65755  -228.53090  4.99985   768
179.00  0.05735  0.05780  0.01296  0.80968  -226.74910  -228.63008  4.99985   768
180.00  0.05734  0.05780  0.01328  0.80968  -226.29744  -228.21962  4.99985   768
181.00  0.05734  0.05780  0.01388  0.80968  -225.42158  -227.35597  4.99985   768
182.00  0.05733  0.05780  0.01445  0.80968  -224.50300  -226.42366  4.99985   768
183.00  0.05733  0.05780  0.01470  0.80968  -224.07576  -225.95064  4.99985   768
184.00  0.05734  0.05780  0.01464  0.80968  -224.11543  -225.98878  4.99985   768
185.00  0.05733  0.05780  0.01436  0.80968  -224.60982  -226.43892  4.99985   768
186.00  0.05734  0.05780  0.01378  0.80968  -225.38649  -227.19575  4.99985   768
187.00  0.05734  0.05780  0.01319  0.80968  -226.37678  -228.21657  4.99985   768
188.00  0.05733  0.05780  0.01302  0.80968  -226.65907  -228.55226  4.99985   768
189.00  0.05734  0.05780  0.01308  0.80968  -226.60261  -228.52174  4.99985   768
190.00  0.05734  0.05780  0.01355  0.80968  -225.92512  -227.86714  4.99985   768
191.00  0.05734  0.05780  0.01420  0.80968  -224.90889  -226.87990  4.99985   768
192.00  0.05734  0.05780  0.01457  0.80968  -224.31685  -226.21919  4.99985   768
193.00  0.05734  0.05780  0.01471  0.80968  -224.05745  -225.95216  4.99985   768
194.00  0.05734  0.05780  0.01450  0.80968  -224.37330  -226.22072  4.99985   768
195.00  0.05734  0.05780  0.01408  0.80968  -225.01723  -226.85091  4.99985   768
196.00  0.05733  0.05780  0.01347  0.80968  -225.90681  -227.71760  4.99985   768
197.00  0.05733  0.05780  0.01300  0.80968  -226.63771  -228.47444  4.99985   768
198.00  0.05734  0.05780  0.01295  0.80968  -226.79030  -228.66823  4.99985   768
199.00  0.05733  0.05780  0.01327  0.80968  -226.29744  -228.19520  4.99985   768
200.00  0.05206  0.03757  0.01395  0.80968  -225.34224  -227.29341  4.99985   768
201.00  0.03987  0.03757  0.01303  0.80968  -226.42256  -228.10670  4.99985   768
202.00  0.03895  0.03757  0.01153  0.80968  -228.81209  -230.55421  4.99985   768
203.00  0.03868  0.03757  0.01181  0.80968  -228.63356  -230.61677  4.99985   768
204.00  0.03853  0.03757  0.01047  0.80968  -230.39900  -232.08772  4.99985   768
205.00  0.03838  0.03757  0.00898  0.80968  -232.77327  -234.54744  4.99985   768
206.00  0.03829  0.03757  0.00925  0.80968  -232.49556  -234.41316  4.99985   768
207.00  0.03820  0.03757  0.00799  0.80968  -234.31593  -236.09010  4.99985   768
208.00  0.03813  0.03757  0.00786  0.80968  -234.69588  -236.67909  4.99985   768
209.00  0.03805  0.03757  0.00914  0.80968  -232.66188  -234.59627  4.99985   768
210.00  0.03800  0.03757  0.00884  0.80968  -233.09981  -234.98384  4.99985   768
211.00  0.03794  0.03757  0.00970  0.80968  -231.89131  -233.92030  4.99985   768
212.00  0.03793  0.03757  0.01006  0.80968  -231.11311  -232.92085  4.99985   768
213.00  0.03788  0.03757  0.00911  0.80968  -232.63136  -234.44978  4.99985   768
214.00  0.03785  0.03757  0.00927  0.80968  -232.44978  -234.35518  4.99985   768
215.00  0.03785  0.03757  0.00826  0.80968  -233.81087  -235.54384  4.99985   768
216.00  0.03782  0.03757  0.00771  0.80968  -234.81489  -236.68825  4.99985   768
217.00  0.03780  0.03757  0.00819  0.80968  -234.11909  -236.00923  4.99985   768
218.00  0.03779  0.03757  0.00795  0.80968  -234.48073  -236.35866  4.99985   768
219.00  0.03777  0.03757  0.00895  0.80968  -233.05556  -235.05403  4.99985   768
220.00  0.03776  0.03757  0.00966  0.80968  -231.82265  -233.73567  4.99985   768
221.00  0.03776  0.03757  0.00947  0.80968  -232.17512  -234.08357  4.99985   768
222.00  0.03775  0.03757  0.00996  0.80968  -231.35420  -233.24434  4.99985   768
223.00  0.03774  0.03757  0.00930  0.80968  -232.29414  -234.08968  4.99985   768
224.00  0.03772  0.03757  0.00860  0.80968  -233.42635  -235.32259  4.99985   768
225.00  0.03772  0.03757  0.00845  0.80968  -233.65828  -235.52553  4.99985   768
226.00  0.03772  0.03757  0.00786  0.80968  -234.52345  -236.36629  4.99985   768
227.00  0.03772  0.03757  0.00818  0.80968  -234.23048  -236.20149  4.99985   768
228.00  0.03771  0.03757  0.00887  0.80968  -233.08150  -234.99452  4.99985   768
229.00  0.03770  0.03757  0.00915  0.80968  -232.65425  -234.57490  4.99985   768
230.00  0.03770  0.03757  0.00983  0.80968  -231.63496  -233.58461  4.99985   768
231.00  0.03769  0.03757  0.00982  0.80968  -231.53120  -233.37709  4.99985   768
232.00  0.03770  0.03757  0.00942  0.80968  -232.18581  -234.04695  4.99985   768
233.00  0.03768  0.03757  0.00916  0.80968  -232.54286  -234.37959  4.99985   768
234.00  0.03769  0.03757  0.00834  0.80968  -233.73762  -235.53010  4.99985   768
235.00  0.03767  0.03757  0.00795  0.80968  -234.47005  -236.34340  4.99985   768
236.00  0.03769  0.03757  0.00811  0.80968  -234.20912  -236.09163  4.99985   768
237.00  0.03767  0.03757  0.00827  0.80968  -234.01076  -235.93446  4.99985   768
238.00  0.03767  0.03757  0.00907  0.80968  -232.84804  -234.83736  4.99985   768
239.00  0.03769  0.03757  0.00955  0.80968  -232.02864  -233.93251  4.99985   768
240.00  0.03767  0.03757  0.00961  0.80968  -231.92335  -233.81044  4.99985   768
241.00  0.03766  0.03757  0.00962  0.80968  -231.88826  -233.79060  4.99985   768
242.00  0.03767  0.03757  0.00912  0.80968  -232.58864  -234.43452  4.99985   768
243.00  0.03765  0.03757  0.00865  0.80968  -233.33021  -235.18983  4.99985   768
244.00  0.03767  0.03757  0.00830  0.80968  -233.87190  -235.73152  4.99985   768
245.00  0.03766  0.03757  0.00794  0.80968  -234.44563  -236.31135  4.99985   768
246.00  0.03765  0.03757  0.00826  0.80968  -234.03822  -235.97108  4.99985   768
247.00  0.03766  0.03757  0.00876  0.80968  -233.25392  -235.16237  4.99985   768
248.00  0.03765  0.03757  0.00923  0.80968  -232.55812  -234.48488  4.99985   768
249.00  0.03765  0.03757  0.00976  0.80968  -231.69752  -233.61055  4.99985   768
250.00  0.03766  0.03757  0.00960  0.80968  -231.89894  -233.71736  4.99985   768
251.00  0.03766  0.03757  0.00933  0.80968  -232.31093  -234.18275  4.99985   768
252.00  0.03766  0.03757  0.00893  0.80968  -232.90449  -234.71529  4.99985   768
253.00  0.03764  0.03757  0.00826  0.80968  -233.93141  -235.73610  4.99985   768
254.00  0.03765  0.03757  0.00804  0.80968  -234.34340  -236.23354  4.99985   768
255.00  0.03764  0.03757  0.00822  0.80968  -234.07332  -235.98634  4.99985   768
256.00  0.03764  0.03757  0.00849  0.80968  -233.67506  -235.60792  4.99985   768
257.00  0.03764  0.03757  0.00910  0.80968  -232.78548  -234.74733  4.99985   768
258.00  0.03764  0.03757  0.00959  0.80968  -231.99202  -233.93404  4.99985   768
259.00  0.03765  0.03757  0.00966  0.80968  -231.84859  -233.74788  4.99985   768
260.00  0.03763  0.03757  0.00953  0.80968  -231.98897  -233.85164  4.99985   768
261.00  0.03764  0.03757  0.00905  0.80968  -232.72902  -234.56728  4.99985   768
262.00  0.03764  0.03757  0.00844  0.80968  -233.65523  -235.49654  4.99985   768
263.00  0.03764  0.03757  0.00806  0.80968  -234.26863  -236.11299  4.99985   768
264.00  0.03764  0.03757  0.00796  0.80968  -234.44716  -236.34340  4.99985   768
265.00  0.03764  0.03757  0.00825  0.80968  -234.03364  -235.92989  4.99985   768
266.00  0.03763  0.03757  0.00879  0.80968  -233.21577  -235.13795  4.99985   768
267.00  0.03763  0.03757  0.00932  0.80968  -232.41621  -234.32619  4.99985   768
268.00  0.03764  0.03757  0.00959  0.80968  -231.94014  -233.82417  4.99985   768
269.00  0.03763  0.03757  0.00954  0.80968  -231.96913  -233.83790  4.99985   768
270.00  0.03763  0.03757  0.00928  0.80968  -232.34907  -234.20869  4.99985   768
271.00  0.03761  0.03757  0.00871  0.80968  -233.22493  -235.04488  4.99985   768
272.00  0.03763  0.03757  0.00808  0.80968  -234.23048  -236.07484  4.99985   768
273.00  0.03762  0.03757  0.00794  0.80968  -234.47920  -236.37239  4.99985   768
274.00  0.03763  0.03757  0.00804  0.80968  -234.36171  -236.28999  4.99985   768
275.00  0.03763  0.03757  0.00850  0.80968  -233.69032  -235.64455  4.99985   768
276.00  0.03762  0.03757  0.00922  0.80968  -232.61458  -234.58711  4.99985   768
277.00  0.03764  0.03757  0.00956  0.80968  -231.93098  -233.86232  4.99985   768
278.00  0.03763  0.03757  0.00963  0.80968  -231.86537  -233.76924  4.99985   768
279.00  0.03764  0.03757  0.00944  0.80968  -232.11714  -233.96913  4.99985   768
280.00  0.03761  0.03757  0.00889  0.80968  -232.93654  -234.75343  4.99985   768
281.00  0.03762  0.03757  0.00821  0.80968  -233.98939  -235.79561  4.99985   768
282.00  0.03763  0.03757  0.00785  0.80968  -234.59059  -236.44411  4.99985   768
283.00  0.03761  0.03757  0.00776  0.80968  -234.78133  -236.65620  4.99985   768
284.00  0.03763  0.03757  0.00821  0.80968  -234.11146  -236.04890  4.99985   768
285.00  0.03763  0.03757  0.00880  0.80968  -233.17610  -235.10286  4.99985   768
286.00  0.03762  0.03757  0.00942  0.80968  -232.29872  -234.24379  4.99985   768
287.00  0.03762  0.03757  0.00965  0.80968  -231.85316  -233.76009  4.99985   768
288.00  0.03762  0.03757  0.00961  0.80968  -231.91267  -233.79518  4.99985   768
289.00  0.03763  0.03757  0.00916  0.80968  -232.53065  -234.36739  4.99985   768
290.00  0.03761  0.03757  0.00851  0.80968  -233.54079  -235.36073  4.99985   768
291.00  0.03763  0.03757  0.00793  0.80968  -234.47157  -236.33272  4.99985   768
292.00  0.03761  0.03757  0.00773  0.80968  -234.79811  -236.68214  4.99985   768
293.00  0.03761  0.03757  0.00789  0.80968  -234.62569  -236.54939  4.99985   768
294.00  0.03761  0.03757  0.00841  0.80968  -233.80934  -235.74678  4.99985   768
295.00  0.03760  0.03757  0.00912  0.80968  -232.71071  -234.64662  4.99985   768
296.00  0.03761  0.03757  0.00955  0.80968  -232.03017  -233.92641  4.99985   768
297.00  0.03760  0.03757  0.00973  0.80968  -231.74177  -233.61818  4.99985   768
298.00  0.03760  0.03757  0.00946  0.80968  -232.07594  -233.91572  4.99985   768
299.00  0.03761  0.03757  0.00886  0.80968  -232.98384  -234.79158  4.99985   768
300.00  0.03762  0.03757  0.00822  0.80968  -233.99397  -235.81850  4.99985   768
301.00  0.03761  0.03757  0.00780  0.80968  -234.66078  -236.49599  4.99985   768
302.00  0.03761  0.03757  0.00773  0.80968  -234.80421  -236.69893  4.99985   768
303.00  0.03760  0.03757  0.00827  0.80968  -234.05501  -236.00160  4.99985   768
304.00  0.03761  0.03757  0.00885  0.80968  -233.15169  -235.10744  4.99985   768
305.00  0.03760  0.03757  0.00948  0.80968  -232.15987  -234.10799  4.99985   768
306.00  0.03760  0.03757  0.00989  0.80968  -231.49916  -233.42287  4.99985   768
307.00  0.03760  0.03757  0.00982  0.80968  -231.55562  -233.42897  4.99985   768
308.00  0.03760  0.03757  0.00941  0.80968  -232.19801  -234.06068  4.99985   768
309.00  0.03760  0.03757  0.00884  0.80968  -233.03572  -234.85414  4.99985   768
310.00  0.03760  0.03757  0.00816  0.80968  -234.10689  -235.92073  4.99985   768
311.00  0.03761  0.03757  0.00797  0.80968  -234.46547  -236.37544  4.99985   768
312.00  0.03760  0.03757  0.00811  0.80968  -234.19844  -236.09773  4.99985   768
313.00  0.03759  0.03757  0.00861  0.80968  -233.50569  -235.44313  4.99985   768
314.00  0.03759  0.03757  0.00926  0.80968  -232.50624  -234.43910  4.99985   768
315.00  0.03759  0.03757  0.00973  0.80968  -231.77229  -233.67769  4.99985   768
316.00  0.03760  0.03757  0.00987  0.80968  -231.49763  -233.36488  4.99985   768
317.00  0.03758  0.03757  0.00951  0.80968  -232.01796  -233.84401  4.99985   768
318.00  0.03759  0.03757  0.00896  0.80968  -232.86787  -234.68172  4.99985   768
319.00  0.03760  0.03757  0.00839  0.80968  -233.69490  -235.54231  4.99985   768
320.00  0.03759  0.03757  0.00786  0.80968  -234.57533  -236.39680  4.99985   768
321.00  0.03760  0.03757  0.00782  0.80968  -234.69740  -236.60890  4.99985   768
322.00  0.03760  0.03757  0.00821  0.80968  -234.12978  -236.07637  4.99985   768
323.00  0.03759  0.03757  0.00875  0.80968  -233.27681  -235.23561  4.99985   768
324.00  0.03759  0.03757  0.00939  0.80968  -232.32008  -234.28804  4.99985   768
325.00  0.03759  0.03757  0.00972  0.80968  -231.77382  -233.68074  4.99985   768
326.00  0.03758  0.03757  0.00965  0.80968  -231.86232  -233.72652  4.99985   768
327.00  0.03758  0.03757  0.00928  0.80968  -232.34602  -234.20564  4.99985   768
328.00  0.03758  0.03757  0.00868  0.80968  -233.28444  -235.10133  4.99985   768
329.00  0.03758  0.03757  0.00811  0.80968  -234.16945  -236.01839  4.99985   768
330.00  0.03758  0.03757  0.00781  0.80968  -234.67146  -236.51887  4.99985   768
331.00  0.03759  0.03757  0.00801  0.80968  -234.41817  -236.32204  4.99985   768
332.00  0.03758  0.03757  0.00854  0.80968  -233.60182  -235.52400  4.99985   768
333.00  0.03759  0.03757  0.00925  0.80968  -232.55354  -234.50014  4.99985   768
334.00  0.03759  0.03757  0.00982  0.80968  -231.61055  -233.53273  4.99985   768
335.00  0.03759  0.03757  0.00999  0.80968  -231.32216  -233.20772  4.99985   768
336.00  0.03758  0.03757  0.00982  0.80968  -231.57240  -233.41981  4.99985   768
337.00  0.03759  0.03757  0.00936  0.80968  -232.26363  -234.10646  4.99985   768
338.00  0.03759  0.03757  0.00873  0.80968  -233.21730  -235.05861  4.99985   768
339.00  0.03759  0.03757  0.00825  0.80968  -233.97719  -235.83528  4.99985   768
340.00  0.03758  0.03757  0.00819  0.80968  -234.09773  -235.98329  4.99985   768
341.00  0.03759  0.03757  0.00858  0.80968  -233.57741  -235.52248  4.99985   768
342.00  0.03758  0.03757  0.00917  0.80968  -232.65425  -234.60237  4.99985   768
343.00  0.03757  0.03757  0.00977  0.80968  -231.76466  -233.69752  4.99985   768
344.00  0.03759  0.03757  0.01000  0.80968  -231.32063  -233.22145  4.99985   768
345.00  0.03758  0.03757  0.00990  0.80968  -231.46406  -233.33894  4.99985   768
346.00  0.03758  0.03757  0.00956  0.80968  -231.91115  -233.74177  4.99985   768
347.00  0.03757  0.03757  0.00895  0.80968  -232.83583  -234.65730  4.99985   768
348.00  0.03758  0.03757  0.00833  0.80968  -233.80476  -235.62166  4.99985   768
349.00  0.03757  0.03757  0.00806  0.80968  -234.28694  -236.12825  4.99985   768
350.00  0.03757  0.03757  0.00820  0.80968  -234.10841  -236.00313  4.99985   768
351.00  0.03758  0.03757  0.00858  0.80968  -233.53468  -235.44771  4.99985   768
352.00  0.03757  0.03757  0.00920  0.80968  -232.60237  -234.55202  4.99985   768
353.00  0.03758  0.03757  0.00969  0.80968  -231.80128  -233.71889  4.99985   768
354.00  0.03757  0.03757  0.00980  0.80968  -231.58461  -233.46406  4.99985   768
355.00  0.03757  0.03757  0.00958  0.80968  -231.91878  -233.77992  4.99985   768
356.00  0.03758  0.03757  0.00909  0.80968  -232.66951  -234.51845  4.99985   768
357.00  0.03757  0.03757  0.00848  0.80968  -233.57436  -235.40803  4.99985   768
358.00  0.03757  0.03757  0.00803  0.80968  -234.31746  -236.19997  4.99985   768
359.00  0.03757  0.03757  0.00803  0.80968  -234.35561  -236.28389  4.99985   768
360.00  0.03756  0.03757  0.00845  0.80968  -233.72999  -235.67506  4.99985   768
361.00  0.03756  0.03757  0.00903  0.80968  -232.86482  -234.79921  4.99985   768
362.00  0.03757  0.03757  0.00965  0.80968  -231.87910  -233.83028  4.99985   768
363.00  0.03757  0.03757  0.00996  0.80968  -231.36336  -233.25197  4.99985   768
364.00  0.03756  0.03757  0.00986  0.80968  -231.51137  -233.36946  4.99985   768
365.00  0.03758  0.03757  0.00949  0.80968  -232.04390  -233.87758  4.99985   768
366.00  0.03756  0.03757  0.00894  0.80968  -232.87855  -234.69087  4.99985   768
367.00  0.03756  0.03757  0.00842  0.80968  -233.71931  -235.56978  4.99985   768
368.00  0.03756  0.03757  0.00827  0.80968  -233.95735  -235.83833  4.99985   768
369.00  0.03757  0.03757  0.00847  0.80968  -233.69795  -235.60335  4.99985   768
370.00  0.03755  0.03757  0.00901  0.80968  -232.91670  -234.87550  4.99985   768
371.00  0.03756  0.03757  0.00961  0.80968  -231.97371  -233.91572  4.99985   768
372.00  0.03756  0.03757  0.01002  0.80968  -231.31758  -233.23976  4.99985   768
373.00  0.03756  0.03757  0.01002  0.80968  -231.30690  -233.20924  4.99985   768
374.00  0.03756  0.03757  0.00979  0.80968  -231.60902  -233.44881  4.99985   768
375.00  0.03755  0.03757  0.00938  0.80968  -232.21937  -234.06984  4.99985   768
376.00  0.03756  0.03757  0.00879  0.80968  -233.12880  -234.97011  4.99985   768
377.00  0.03756  0.03757  0.00839  0.80968  -233.75441  -235.62776  4.99985   768
378.00  0.03756  0.03757  0.00843  0.80968  -233.73915  -235.66133  4.99985   768
379.00  0.03755  0.03757  0.00876  0.80968  -233.25545  -235.17763  4.99985   768
380.00  0.03755  0.03757  0.00928  0.80968  -232.43758  -234.38417  4.99985   768
381.00  0.03756  0.03757  0.00982  0.80968  -231.62428  -233.53731  4.99985   768
382.00  0.03756  0.03757  0.01001  0.80968  -231.29774  -233.18941  4.99985   768
383.00  0.03755  0.03757  0.00989  0.80968  -231.44270  -233.29011  4.99985   768
384.00  0.03755  0.03757  0.00940  0.80968  -232.16902  -233.99812  4.99985   768
385.00  0.03755  0.03757  0.00882  0.80968  -233.07997  -234.91060  4.99985   768
386.00  0.03753  0.03757  0.00830  0.80968  -233.88716  -235.74983  4.99985   768
387.00  0.03755  0.03757  0.00816  0.80968  -234.11299  -235.99092  4.99985   768
388.00  0.03755  0.03757  0.00849  0.80968  -233.68422  -235.62929  4.99985   768
389.00  0.03756  0.03757  0.00896  0.80968  -232.94112  -234.88161  4.99985   768
390.00  0.03754  0.03757  0.00955  0.80968  -232.04695  -233.99507  4.99985   768
391.00  0.03755  0.03757  0.00994  0.80968  -231.44575  -233.37099  4.99985   768
392.00  0.03755  0.03757  0.01004  0.80968  -231.23671  -233.12227  4.99985   768
393.00  0.03756  0.03757  0.00976  0.80968  -231.64107  -233.50832  4.99985   768
394.00  0.03755  0.03757  0.00915  0.80968  -232.57643  -234.39790  4.99985   768
395.00  0.03754  0.03757  0.00862  0.80968  -233.41414  -235.24324  4.99985   768
396.00  0.03756  0.03757  0.00827  0.80968  -233.91768  -235.78035  4.99985   768
397.00  0.03755  0.03757  0.00838  0.80968  -233.82155  -235.71779  4.99985   768
398.00  0.03756  0.03757  0.00878  0.80968  -233.21883  -235.12575  4.99985   768
399.00  0.03754  0.03757  0.00946  0.80968  -232.23158  -234.17818  4.99985   768
400.00  0.03755  0.03757  0.00996  0.80968  -231.39235  -233.32063  4.99985   768
401.00  0.03755  0.03757  0.01017  0.80968  -231.03072  -232.90559  4.99985   768
402.00  0.03755  0.03757  0.01001  0.80968  -231.27028  -233.15584  4.99985   768
403.00  0.03755  0.03757  0.00961  0.80968  -231.83180  -233.65633  4.99985   768
404.00  0.03753  0.03757  0.00892  0.80968  -232.88466  -234.70918  4.99985   768
405.00  0.03755  0.03757  0.00838  0.80968  -233.76204  -235.61555  4.99985   768
406.00  0.03756  0.03757  0.00824  0.80968  -234.00770  -235.90242  4.99985   768
407.00  0.03755  0.03757  0.00846  0.80968  -233.69948  -235.62624  4.99985   768
408.00  0.03756  0.03757  0.00908  0.80968  -232.80073  -234.76717  4.99985   768
409.00  0.03756  0.03757  0.00968  0.80968  -231.83790  -233.77687  4.99985   768
410.00  0.03755  0.03757  0.01009  0.80968  -231.19704  -233.10701  4.99985   768
411.00  0.03753  0.03757  0.01011  0.80968  -231.12074  -232.99104  4.99985   768
412.00  0.03755  0.03757  0.00986  0.80968  -231.50374  -233.36030  4.99985   768
413.00  0.03755  0.03757  0.00928  0.80968  -232.32619  -234.14003  4.99985   768
414.00  0.03754  0.03757  0.00864  0.80968  -233.32716  -235.14406  4.99985   768
415.00  0.03754  0.03757  0.00830  0.80968  -233.90547  -235.76204  4.99985   768
416.00  0.03755  0.03757  0.00834  0.80968  -233.86580  -235.75746  4.99985   768
417.00  0.03754  0.03757  0.00873  0.80968  -233.31801  -235.24019  4.99985   768
418.00  0.03755  0.03757  0.00940  0.80968  -232.30330  -234.23921  4.99985   768
419.00  0.03755  0.03757  0.00999  0.80968  -231.41218  -233.32826  4.99985   768
420.00  0.03755  0.03757  0.01016  0.80968  -231.06276  -232.93611  4.99985   768
421.00  0.03754  0.03757  0.01014  0.80968  -231.09328  -232.96815  4.99985   768
422.00  0.03754  0.03757  0.00957  0.80968  -231.92183  -233.75551  4.99985   768
423.00  0.03754  0.03757  0.00883  0.80968  -233.05098  -234.87855  4.99985   768
424.00  0.03754  0.03757  0.00840  0.80968  -233.76814  -235.63997  4.99985   768
425.00  0.03755  0.03757  0.00829  0.80968  -233.95583  -235.83223  4.99985   768
426.00  0.03753  0.03757  0.00855  0.80968  -233.56673  -235.51179  4.99985   768
427.00  0.03755  0.03757  0.00907  0.80968  -232.80379  -234.75343  4.99985   768
428.00  0.03756  0.03757  0.00962  0.80968  -231.94014  -233.87910  4.99985   768
429.00  0.03753  0.03757  0.01003  0.80968  -231.29011  -233.21229  4.99985   768
430.00  0.03754  0.03757  0.01006  0.80968  -231.19551  -233.06276  4.99985   768
431.00  0.03754  0.03757  0.00981  0.80968  -231.53578  -233.36793  4.99985   768
432.00  0.03754  0.03757  0.00912  0.80968  -232.57948  -234.38264  4.99985   768
433.00  0.03754  0.03757  0.00853  0.80968  -233.49806  -235.33479  4.99985   768
434.00  0.03753  0.03757  0.00824  0.80968  -234.00160  -235.86885  4.99985   768
435.00  0.03755  0.03757  0.00834  0.80968  -233.86580  -235.75593  4.99985   768
436.00  0.03754  0.03757  0.00879  0.80968  -233.20662  -235.15016  4.99985   768
437.00  0.03753  0.03757  0.00935  0.80968  -232.35365  -234.29567  4.99985   768
438.00  0.03753  0.03757  0.00982  0.80968  -231.64870  -233.57393  4.99985   768
439.00  0.03753  0.03757  0.01007  0.80968  -231.22450  -233.13295  4.99985   768
440.00  0.03752  0.03757  0.00998  0.80968  -231.30537  -233.19398  4.99985   768
441.00  0.03753  0.03757  0.00950  0.80968  -232.02559  -233.87910  4.99985   768
442.00  0.03753  0.03757  0.00885  0.80968  -233.01741  -234.85414  4.99985   768
443.00  0.03753  0.03757  0.00846  0.80968  -233.63386  -235.49196  4.99985   768
444.00  0.03753  0.03757  0.00829  0.80968  -233.95430  -235.85969  4.99985   768
445.00  0.03754  0.03757  0.00868  0.80968  -233.39583  -235.31801  4.99985   768
446.00  0.03753  0.03757  0.00934  0.80968  -232.41164  -234.34602  4.99985   768
447.00  0.03753  0.03757  0.00993  0.80968  -231.46254  -233.38930  4.99985   768
448.00  0.03754  0.03757  0.01025  0.80968  -230.94374  -232.84303  4.99985   768
449.00  0.03753  0.03757  0.01023  0.80968  -230.96510  -232.81404  4.99985   768
450.00  0.03754  0.03757  0.00989  0.80968  -231.43202  -233.26417  4.99985   768
451.00  0.03753  0.03757  0.00938  0.80968  -232.21480  -234.04085  4.99985   768
452.00  0.03754  0.03757  0.00887  0.80968  -232.99300  -234.82667  4.99985   768
453.00  0.03753  0.03757  0.00847  0.80968  -233.64149  -235.50111  4.99985   768
454.00  0.03754  0.03757  0.00863  0.80968  -233.45076  -235.37599  4.99985   768
455.00  0.03753  0.03757  0.00903  0.80968  -232.87398  -234.81447  4.99985   768
456.00  0.03754  0.03757  0.00972  0.80968  -231.82265  -233.78755  4.99985   768
457.00  0.03754  0.03757  0.01015  0.80968  -231.12074  -233.03377  4.99985   768
458.00  0.03753  0.03757  0.01040  0.80968  -230.70723  -232.60957  4.99985   768
459.00  0.03754  0.03757  0.01020  0.80968  -230.95595  -232.81557  4.99985   768
460.00  0.03752  0.03757  0.00968  0.80968  -231.76314  -233.59376  4.99985   768
461.00  0.03754  0.03757  0.00903  0.80968  -232.71376  -234.53065  4.99985   768
462.00  0.03754  0.03757  0.00857  0.80968  -233.48280  -235.35615  4.99985   768
463.00  0.03753  0.03757  0.00846  0.80968  -233.63997  -235.51637  4.99985   768
464.00  0.03753  0.03757  0.00869  0.80968  -233.39125  -235.30275  4.99985   768
465.00  0.03754  0.03757  0.00926  0.80968  -232.50471  -234.44215  4.99985   768
466.00  0.03754  0.03757  0.00991  0.80968  -231.49763  -233.43050  4.99985   768
467.00  0.03751  0.03757  0.01031  0.80968  -230.85524  -232.76674  4.99985   768
468.00  0.03754  0.03757  0.01035  0.80968  -230.73164  -232.59431  4.99985   768
469.00  0.03753  0.03757  0.00997  0.80968  -231.33131  -233.16194  4.99985   768
470.00  0.03752  0.03757  0.00931  0.80968  -232.30177  -234.13393  4.99985   768
471.00  0.03753  0.03757  0.00878  0.80968  -233.12117  -234.95943  4.99985   768
472.00  0.03752  0.03757  0.00850  0.80968  -233.59267  -235.47060  4.99985   768
473.00  0.03753  0.03757  0.00866  0.80968  -233.42940  -235.34395  4.99985   768
474.00  0.03751  0.03757  0.00909  0.80968  -232.77479  -234.73512  4.99985   768
475.00  0.03751  0.03757  0.00982  0.80968  -231.67616  -233.63954  4.99985   768
476.00  0.03751  0.03757  0.01022  0.80968  -231.02309  -232.96510  4.99985   768
477.00  0.03752  0.03757  0.01046  0.80968  -230.60194  -232.47835  4.99985   768
478.00  0.03753  0.03757  0.01033  0.80968  -230.79573  -232.65382  4.99985   768
479.00  0.03753  0.03757  0.00982  0.80968  -231.52357  -233.34199  4.99985   768
480.00  0.03753  0.03757  0.00928  0.80968  -232.36739  -234.20106  4.99985   768
481.00  0.03753  0.03757  0.00873  0.80968  -233.23561  -235.06471  4.99985   768
482.00  0.03753  0.03757  0.00869  0.80968  -233.33632  -235.23256  4.99985   768
483.00  0.03752  0.03757  0.00894  0.80968  -232.95637  -234.86787  4.99985   768
484.00  0.03753  0.03757  0.00954  0.80968  -232.09425  -234.02864  4.99985   768
485.00  0.03753  0.03757  0.01016  0.80968  -231.09480  -233.02156  4.99985   768
486.00  0.03753  0.03757  0.01053  0.80968  -230.52870  -232.43867  4.99985   768
487.00  0.03753  0.03757  0.01050  0.80968  -230.51344  -232.38679  4.99985   768
488.00  0.03752  0.03757  0.01011  0.80968  -231.11159  -232.97578  4.99985   768
489.00  0.03752  0.03757  0.00952  0.80968  -231.99049  -233.81502  4.99985   768
490.00  0.03752  0.03757  0.00884  0.80968  -233.02656  -234.86787  4.99985   768
491.00  0.03753  0.03757  0.00860  0.80968  -233.45686  -235.35921  4.99985   768
492.00  0.03753  0.03757  0.00866  0.80968  -233.38667  -235.30580  4.99985   768
493.00  0.03753  0.03757  0.00910  0.80968  -232.75496  -234.70308  4.99985   768
494.00  0.03752  0.03757  0.00977  0.80968  -231.74635  -233.68837  4.99985   768
495.00  0.03753  0.03757  0.01026  0.80968  -230.94221  -232.87050  4.99985   768
496.00  0.03752  0.03757  0.01045  0.80968  -230.64162  -232.52412  4.99985   768
497.00  0.03752  0.03757  0.01021  0.80968  -230.95595  -232.79268  4.99985   768
498.00  0.03753  0.03757  0.00967  0.80968  -231.75246  -233.57393  4.99985   768
499.00  0.03753  0.03757  0.00902  0.80968  -232.75496  -234.55965  4.99985   768
500.00  0.03753  0.03757  0.00863  0.80968  -233.37752  -235.25087  4.99985   768
501.00  0.03752  0.03757  0.00855  0.80968  -233.55757  -235.44313  4.99985   768
502.00  0.03752  0.03757  0.00883  0.80968  -233.12422  -235.05098  4.99985   768
503.00  0.03752  0.03757  0.00951  0.80968  -232.15987  -234.10188  4.99985   768
504.00  0.03751  0.03757  0.01004  0.80968  -231.29317  -233.22298  4.99985   768
505.00  0.03752  0.03757  0.01038  0.80968  -230.73775  -232.64162  4.99985   768
506.00  0.03752  0.03757  0.01044  0.80968  -230.64009  -232.51649  4.99985   768
507.00  0.03751  0.03757  0.00999  0.80968  -231.27333  -233.11464  4.99985   768
508.00  0.03753  0.03757  0.00954  0.80968  -231.98134  -233.83790  4.99985   768
509.00  0.03752  0.03757  0.00900  0.80968  -232.79311  -234.64204  4.99985   768
510.00  0.03752  0.03757  0.00874  0.80968  -233.27071  -235.15626  4.99985   768
511.00  0.03751  0.03757  0.00888  0.80968  -233.03572  -234.94874  4.99985   768
512.00  0.03752  0.03757  0.00935  0.80968  -232.36739  -234.30940  4.99985   768
513.00  0.03752  0.03757  0.00996  0.80968  -231.42439  -233.35725  4.99985   768
514.00  0.03752  0.03757  0.01038  0.80968  -230.76063  -232.67213  4.99985   768
515.00  0.03752  0.03757  0.01061  0.80968  -230.35170  -232.22810  4.99985   768
516.00  0.03753  0.03757  0.01033  0.80968  -230.74538  -232.59737  4.99985   768
517.00  0.03753  0.03757  0.00974  0.80968  -231.62886  -233.44575  4.99985   768
518.00  0.03753  0.03757  0.00920  0.80968  -232.42995  -234.25905  4.99985   768
519.00  0.03751  0.03757  0.00873  0.80968  -233.24782  -235.07844  4.99985   768
520.00  0.03751  0.03757  0.00872  0.80968  -233.29970  -235.20204  4.99985   768
521.00  0.03751  0.03757  0.00902  0.80968  -232.86024  -234.79158  4.99985   768
522.00  0.03751  0.03757  0.00960  0.80968  -231.99202  -233.94472  4.99985   768
523.00  0.03753  0.03757  0.01013  0.80968  -231.16652  -233.10091  4.99985   768
524.00  0.03752  0.03757  0.01048  0.80968  -230.58974  -232.50734  4.99985   768
525.00  0.03752  0.03757  0.01044  0.80968  -230.64925  -232.52870  4.99985   768
526.00  0.03753  0.03757  0.01003  0.80968  -231.23061  -233.06428  4.99985   768
527.00  0.03751  0.03757  0.00939  0.80968  -232.19801  -234.01491  4.99985   768
528.00  0.03751  0.03757  0.00892  0.80968  -232.96095  -234.81294  4.99985   768
529.00  0.03751  0.03757  0.00866  0.80968  -233.40193  -235.27071  4.99985   768
530.00  0.03753  0.03757  0.00876  0.80968  -233.24629  -235.16084  4.99985   768
531.00  0.03751  0.03757  0.00932  0.80968  -232.44520  -234.38722  4.99985   768
532.00  0.03752  0.03757  0.00997  0.80968  -231.40913  -233.32368  4.99985   768
533.00  0.03752  0.03757  0.01041  0.80968  -230.74385  -232.65840  4.99985   768
534.00  0.03752  0.03757  0.01061  0.80968  -230.37916  -232.27846  4.99985   768
535.00  0.03752  0.03757  0.01039  0.80968  -230.62941  -232.47835  4.99985   768
536.00  0.03753  0.03757  0.00983  0.80968  -231.53120  -233.36488  4.99985   768
537.00  0.03752  0.03757  0.00925  0.80968  -232.41469  -234.24684  4.99985   768
538.00  0.03752  0.03757  0.00880  0.80968  -233.13948  -235.00978  4.99985   768
539.00  0.03752  0.03757  0.00871  0.80968  -233.29359  -235.18526  4.99985   768
540.00  0.03752  0.03757  0.00903  0.80968  -232.84956  -234.80073  4.99985   768
541.00  0.03751  0.03757  0.00958  0.80968  -232.01643  -233.97981  4.99985   768
542.00  0.03751  0.03757  0.01021  0.80968  -231.07191  -233.01088  4.99985   768
543.00  0.03752  0.03757  0.01048  0.80968  -230.63093  -232.51649  4.99985   768
544.00  0.03752  0.03757  0.01042  0.80968  -230.64009  -232.51497  4.99985   768
545.00  0.03752  0.03757  0.01001  0.80968  -231.26570  -233.10396  4.99985   768
546.00  0.03751  0.03757  0.00951  0.80968  -232.00423  -233.84248  4.99985   768
547.00  0.03751  0.03757  0.00896  0.80968  -232.86330  -234.70003  4.99985   768
548.00  0.03751  0.03757  0.00869  0.80968  -233.33174  -235.20051  4.99985   768
549.00  0.03751  0.03757  0.00886  0.80968  -233.07844  -234.96858  4.99985   768
550.00  0.03750  0.03757  0.00933  0.80968  -232.42079  -234.35060  4.99985   768
551.00  0.03751  0.03757  0.00988  0.80968  -231.55714  -233.47322  4.99985   768
552.00  0.03751  0.03757  0.01035  0.80968  -230.84456  -232.75758  4.99985   768
553.00  0.03749  0.03757  0.01047  0.80968  -230.60042  -232.49055  4.99985   768
554.00  0.03751  0.03757  0.01028  0.80968  -230.86287  -232.73164  4.99985   768
555.00  0.03750  0.03757  0.00968  0.80968  -231.74025  -233.56630  4.99985   768
556.00  0.03751  0.03757  0.00914  0.80968  -232.57796  -234.44215  4.99985   768
557.00  0.03750  0.03757  0.00877  0.80968  -233.20357  -235.06319  4.99985   768
558.00  0.03752  0.03757  0.00871  0.80968  -233.30580  -235.20357  4.99985   768
559.00  0.03751  0.03757  0.00912  0.80968  -232.72291  -234.67103  4.99985   768
560.00  0.03751  0.03757  0.00968  0.80968  -231.87300  -233.82875  4.99985   768
561.00  0.03750  0.03757  0.01017  0.80968  -231.09938  -233.03834  4.99985   768
562.00  0.03751  0.03757  0.01051  0.80968  -230.55311  -232.46919  4.99985   768
563.00  0.03751  0.03757  0.01045  0.80968  -230.60347  -232.45546  4.99985   768
564.00  0.03751  0.03757  0.01000  0.80968  -231.25197  -233.07497  4.99985   768
565.00  0.03751  0.03757  0.00941  0.80968  -232.14766  -233.97523  4.99985   768
566.00  0.03751  0.03757  0.00895  0.80968  -232.86024  -234.69240  4.99985   768
567.00  0.03750  0.03757  0.00872  0.80968  -233.27071  -235.13032  4.99985   768
568.00  0.03751  0.03757  0.00898  0.80968  -232.96400  -234.86940  4.99985   768
569.00  0.03751  0.03757  0.00953  0.80968  -232.07899  -234.02864  4.99985   768
570.00  0.03750  0.03757  0.01009  0.80968  -231.21077  -233.14668  4.99985   768
571.00  0.03749  0.03757  0.01044  0.80968  -230.67213  -232.58058  4.99985   768
572.00  0.03751  0.03757  0.01053  0.80968  -230.50429  -232.39290  4.99985   768
573.00  0.03750  0.03757  0.01028  0.80968  -230.85982  -232.72554  4.99985   768
574.00  0.03751  0.03757  0.00976  0.80968  -231.60902  -233.43812  4.99985   768
575.00  0.03751  0.03757  0.00915  0.80968  -232.53371  -234.37807  4.99985   768
576.00  0.03751  0.03757  0.00879  0.80968  -233.14864  -235.01741  4.99985   768
577.00  0.03752  0.03757  0.00874  0.80968  -233.27071  -235.16847  4.99985   768
578.00  0.03751  0.03757  0.00915  0.80968  -232.69240  -234.63136  4.99985   768
579.00  0.03751  0.03757  0.00975  0.80968  -231.72041  -233.64259  4.99985   768
580.00  0.03750  0.03757  0.01030  0.80968  -230.87965  -232.80641  4.99985   768
581.00  0.03751  0.03757  0.01064  0.80968  -230.31966  -232.21284  4.99985   768
582.00  0.03751  0.03757  0.01043  0.80968  -230.62941  -232.45546  4.99985   768
583.00  0.03751  0.03757  0.00997  0.80968  -231.29927  -233.11311  4.99985   768
584.00  0.03752  0.03757  0.00943  0.80968  -232.12019  -233.93861  4.99985   768
585.00  0.03750  0.03757  0.00894  0.80968  -232.90297  -234.75343  4.99985   768
586.00  0.03752  0.03757  0.00869  0.80968  -233.33479  -235.20814  4.99985   768
587.00  0.03750  0.03757  0.00896  0.80968  -232.96400  -234.89076  4.99985   768
588.00  0.03751  0.03757  0.00943  0.80968  -232.23921  -234.17970  4.99985   768
589.00  0.03750  0.03757  0.01005  0.80968  -231.29927  -233.24281  4.99985   768
590.00  0.03750  0.03757  0.01040  0.80968  -230.71791  -232.63856  4.99985   768
591.00  0.03751  0.03757  0.01055  0.80968  -230.46309  -232.35780  4.99985   768
592.00  0.03751  0.03757  0.01031  0.80968  -230.79726  -232.65993  4.99985   768
593.00  0.03750  0.03757  0.00977  0.80968  -231.64412  -233.48390  4.99985   768
594.00  0.03751  0.03757  0.00922  0.80968  -232.44978  -234.30177  4.99985   768
595.00  0.03750  0.03757  0.00880  0.80968  -233.14711  -234.99757  4.99985   768
596.00  0.03751  0.03757  0.00883  0.80968  -233.13185  -235.00368  4.99985   768
597.00  0.03750  0.03757  0.00918  0.80968  -232.62221  -234.55049  4.99985   768
598.00  0.03751  0.03757  0.00971  0.80968  -231.80739  -233.72499  4.99985   768
599.00  0.03751  0.03757  0.01030  0.80968  -230.88423  -232.81557  4.99985   768
600.00  0.03750  0.03757  0.01053  0.80968  -230.52260  -232.39900  4.99985   768
601.00  0.03751  0.03757  0.01055  0.80968  -230.48598  -232.34254  4.99985   768
602.00  0.03750  0.03757  0.01013  0.80968  -231.07344  -232.89491  4.99985   768
603.00  0.03750  0.03757  0.00956  0.80968  -231.93098  -233.76009  4.99985   768
604.00  0.03750  0.03757  0.00900  0.80968  -232.81294  -234.66798  4.99985   768
605.00  0.03750  0.03757  0.00880  0.80968  -233.18068  -235.05708  4.99985   768
606.00  0.03750  0.03757  0.00903  0.80968  -232.85109  -234.78700  4.99985   768
607.00  0.03750  0.03757  0.00960  0.80968  -231.99202  -233.94777  4.99985   768
608.00  0.03749  0.03757  0.01020  0.80968  -231.08259  -233.03987  4.99985   768
609.00  0.03750  0.03757  0.01065  0.80968  -230.35933  -232.28151  4.99985   768
610.00  0.03749  0.03757  0.01075  0.80968  -230.15333  -232.04652  4.99985   768
611.00  0.03749  0.03757  0.01050  0.80968  -230.51955  -232.37459  4.99985   768
612.00  0.03748  0.03757  0.00997  0.80968  -231.32674  -233.14821  4.99985   768
613.00  0.03750  0.03757  0.00931  0.80968  -232.30482  -234.12935  4.99985   768
614.00  0.03751  0.03757  0.00898  0.80968  -232.83888  -234.70766  4.99985   768
615.00  0.03751  0.03757  0.00896  0.80968  -232.91212  -234.79311  4.99985   768
616.00  0.03751  0.03757  0.00935  0.80968  -232.35365  -234.27125  4.99985   768
617.00  0.03750  0.03757  0.00997  0.80968  -231.41218  -233.35420  4.99985   768
618.00  0.03750  0.03757  0.01055  0.80968  -230.54854  -232.46767  4.99985   768
619.00  0.03750  0.03757  0.01073  0.80968  -230.18843  -232.08009  4.99985   768
620.00  0.03751  0.03757  0.01062  0.80968  -230.30897  -232.16402  4.99985   768
621.00  0.03750  0.03757  0.01019  0.80968  -230.98494  -232.83082  4.99985   768
622.00  0.03750  0.03757  0.00951  0.80968  -232.00270  -233.83790  4.99985   768
623.00  0.03750  0.03757  0.00898  0.80968  -232.84804  -234.70003  4.99985   768
624.00  0.03751  0.03757  0.00875  0.80968  -233.21272  -235.09065  4.99985   768
625.00  0.03750  0.03757  0.00900  0.80968  -232.87703  -234.80379  4.99985   768
626.00  0.03749  0.03757  0.00961  0.80968  -231.97829  -233.94777  4.99985   768
627.00  0.03750  0.03757  0.01017  0.80968  -231.11769  -233.03377  4.99985   768
628.00  0.03749  0.03757  0.01069  0.80968  -230.29066  -232.21895  4.99985   768
629.00  0.03749  0.03757  0.01070  0.80968  -230.22200  -232.09230  4.99985   768
630.00  0.03749  0.03757  0.01045  0.80968  -230.57905  -232.42342  4.99985   768
631.00  0.03749  0.03757  0.00984  0.80968  -231.49306  -233.29317  4.99985   768
632.00  0.03750  0.03757  0.00925  0.80968  -232.40401  -234.22090  4.99985   768
633.00  0.03750  0.03757  0.00885  0.80968  -233.05403  -234.91518  4.99985   768
634.00  0.03749  0.03757  0.00886  0.80968  -233.06624  -234.96248  4.99985   768
635.00  0.03750  0.03757  0.00926  0.80968  -232.50319  -234.42842  4.99985   768
636.00  0.03750  0.03757  0.00994  0.80968  -231.47322  -233.42897  4.99985   768
637.00  0.03750  0.03757  0.01051  0.80968  -230.57753  -232.51039  4.99985   768
638.00  0.03750  0.03757  0.01070  0.80968  -230.27540  -232.17622  4.99985   768
639.00  0.03751  0.03757  0.01067  0.80968  -230.26167  -232.15181  4.99985   768
640.00  0.03749  0.03757  0.01021  0.80968  -230.93764  -232.78200  4.99985   768
641.00  0.03750  0.03757  0.00959  0.80968  -231.88826  -233.70515  4.99985   768
642.00  0.03749  0.03757  0.00913  0.80968  -232.64509  -234.50319  4.99985   768
643.00  0.03749  0.03757  0.00888  0.80968  -233.04030  -234.91212  4.99985   768
644.00  0.03750  0.03757  0.00911  0.80968  -232.69392  -234.61916  4.99985   768
645.00  0.03751  0.03757  0.00964  0.80968  -231.96760  -233.89436  4.99985   768
646.00  0.03749  0.03757  0.01019  0.80968  -231.10091  -233.03224  4.99985   768
647.00  0.03749  0.03757  0.01058  0.80968  -230.44325  -232.35322  4.99985   768
648.00  0.03749  0.03757  0.01063  0.80968  -230.32423  -232.19301  4.99985   768
649.00  0.03750  0.03757  0.01038  0.80968  -230.66756  -232.50886  4.99985   768
650.00  0.03750  0.03757  0.00983  0.80968  -231.49916  -233.31758  4.99985   768
651.00  0.03749  0.03757  0.00932  0.80968  -232.33076  -234.14003  4.99985   768
652.00  0.03750  0.03757  0.00893  0.80968  -232.93501  -234.80226  4.99985   768
653.00  0.03749  0.03757  0.00907  0.80968  -232.77479  -234.68782  4.99985   768
654.00  0.03748  0.03757  0.00944  0.80968  -232.23616  -234.17360  4.99985   768
655.00  0.03749  0.03757  0.00999  0.80968  -231.36793  -233.30232  4.99985   768
656.00  0.03749  0.03757  0.01045  0.80968  -230.67824  -232.60652  4.99985   768
657.00  0.03748  0.03757  0.01062  0.80968  -230.36085  -232.28456  4.99985   768
658.00  0.03749  0.03757  0.01052  0.80968  -230.49513  -232.36696  4.99985   768
659.00  0.03749  0.03757  0.01012  0.80968  -231.07954  -232.91322  4.99985   768
660.00  0.03747  0.03757  0.00957  0.80968  -231.92183  -233.75703  4.99985   768
661.00  0.03748  0.03757  0.00901  0.80968  -232.79921  -234.63899  4.99985   768
662.00  0.03749  0.03757  0.00884  0.80968  -233.11201  -234.99757  4.99985   768
663.00  0.03749  0.03757  0.00907  0.80968  -232.75191  -234.66341  4.99985   768
664.00  0.03748  0.03757  0.00964  0.80968  -231.92030  -233.84706  4.99985   768
665.00  0.03749  0.03757  0.01021  0.80968  -231.02461  -232.95595  4.99985   768
666.00  0.03750  0.03757  0.01056  0.80968  -230.46767  -232.36238  4.99985   768
667.00  0.03750  0.03757  0.01050  0.80968  -230.53786  -232.38527  4.99985   768
668.00  0.03748  0.03757  0.01023  0.80968  -230.90102  -232.75606  4.99985   768
669.00  0.03750  0.03757  0.00970  0.80968  -231.74330  -233.57240  4.99985   768
670.00  0.03750  0.03757  0.00913  0.80968  -232.60542  -234.42689  4.99985   768
671.00  0.03749  0.03757  0.00872  0.80968  -233.23103  -235.09676  4.99985   768
672.00  0.03749  0.03757  0.00881  0.80968  -233.17000  -235.07692  4.99985   768
673.00  0.03749  0.03757  0.00923  0.80968  -232.55507  -234.50471  4.99985   768
674.00  0.03748  0.03757  0.00983  0.80968  -231.64717  -233.59376  4.99985   768
675.00  0.03750  0.03757  0.01043  0.80968  -230.70570  -232.65687  4.99985   768
676.00  0.03748  0.03757  0.01068  0.80968  -230.22658  -232.12434  4.99985   768
677.00  0.03749  0.03757  0.01052  0.80968  -230.53633  -232.38679  4.99985   768
678.00  0.03748  0.03757  0.01005  0.80968  -231.20924  -233.03834  4.99985   768
679.00  0.03749  0.03757  0.00948  0.80968  -232.06526  -233.89741  4.99985   768
680.00  0.03750  0.03757  0.00905  0.80968  -232.72597  -234.58406  4.99985   768
681.00  0.03749  0.03757  0.00888  0.80968  -233.03267  -234.90755  4.99985   768
682.00  0.03749  0.03757  0.00920  0.80968  -232.57033  -234.48335  4.99985   768
683.00  0.03750  0.03757  0.00972  0.80968  -231.78908  -233.71278  4.99985   768
684.00  0.03749  0.03757  0.01031  0.80968  -230.87508  -232.78505  4.99985   768
685.00  0.03749  0.03757  0.01071  0.80968  -230.24641  -232.17012  4.99985   768
686.00  0.03747  0.03757  0.01074  0.80968  -230.13655  -232.01448  4.99985   768
687.00  0.03749  0.03757  0.01043  0.80968  -230.61873  -232.46919  4.99985   768
688.00  0.03749  0.03757  0.00992  0.80968  -231.38472  -233.23366  4.99985   768
689.00  0.03749  0.03757  0.00929  0.80968  -232.32313  -234.15681  4.99985   768
690.00  0.03748  0.03757  0.00894  0.80968  -232.94722  -234.82667  4.99985   768
691.00  0.03749  0.03757  0.00906  0.80968  -232.81142  -234.74428  4.99985   768
692.00  0.03748  0.03757  0.00954  0.80968  -232.06221  -234.00880  4.99985   768
693.00  0.03750  0.03757  0.01007  0.80968  -231.24586  -233.18483  4.99985   768
694.00  0.03748  0.03757  0.01057  0.80968  -230.43104  -232.36848  4.99985   768
695.00  0.03750  0.03757  0.01072  0.80968  -230.22658  -232.11977  4.99985   768
696.00  0.03748  0.03757  0.01057  0.80968  -230.41273  -232.26930  4.99985   768
697.00  0.03748  0.03757  0.01004  0.80968  -231.17415  -232.99562  4.99985   768
698.00  0.03749  0.03757  0.00947  0.80968  -232.05153  -233.88978  4.99985   768
699.00  0.03748  0.03757  0.00893  0.80968  -232.93196  -234.75801  4.99985   768
700.00  0.03749  0.03757  0.00883  0.80968  -233.07082  -234.95180  4.99985   768
701.00  0.03748  0.03757  0.00919  0.80968  -232.61000  -234.54439  4.99985   768
702.00  0.03749  0.03757  0.00980  0.80968  -231.68074  -233.62733  4.99985   768
703.00  0.03749  0.03757  0.01047  0.80968  -230.67366  -232.60805  4.99985   768
704.00  0.03748  0.03757  0.01088  0.80968  -229.99617  -231.89088  4.99985   768
705.00  0.03749  0.03757  0.01086  0.80968  -229.94582  -231.81459  4.99985   768
706.00  0.03749  0.03757  0.01048  0.80968  -230.52107  -232.37459  4.99985   768
707.00  0.03749  0.03757  0.00983  0.80968  -231.49916  -233.32674  4.99985   768
708.00  0.03748  0.03757  0.00929  0.80968  -232.38112  -234.23311  4.99985   768
709.00  0.03749  0.03757  0.00908  0.80968  -232.72902  -234.61000  4.99985   768
710.00  0.03748  0.03757  0.00916  0.80968  -232.61000  -234.53523  4.99985   768
711.00  0.03749  0.03757  0.00968  0.80968  -231.86537  -233.80739  4.99985   768
712.00  0.03749  0.03757  0.01027  0.80968  -230.96510  -232.90407  4.99985   768
713.00  0.03748  0.03757  0.01084  0.80968  -230.04652  -231.95039  4.99985   768
714.00  0.03747  0.03757  0.01100  0.80968  -229.75966  -231.64369  4.99985   768
715.00  0.03749  0.03757  0.01091  0.80968  -229.90004  -231.74287  4.99985   768
716.00  0.03749  0.03757  0.01025  0.80968  -230.83693  -232.64467  4.99985   768
717.00  0.03748  0.03757  0.00958  0.80968  -231.86690  -233.68837  4.99985   768
718.00  0.03749  0.03757  0.00907  0.80968  -232.72139  -234.56270  4.99985   768
719.00  0.03748  0.03757  0.00897  0.80968  -232.88161  -234.76869  4.99985   768
720.00  0.03749  0.03757  0.00922  0.80968  -232.56270  -234.48335  4.99985   768
721.00  0.03749  0.03757  0.00980  0.80968  -231.70363  -233.65633  4.99985   768
722.00  0.03748  0.03757  0.01038  0.80968  -230.77894  -232.73622  4.99985   768
723.00  0.03748  0.03757  0.01084  0.80968  -230.06941  -231.98854  4.99985   768
724.00  0.03749  0.03757  0.01084  0.80968  -230.01753  -231.89241  4.99985   768
725.00  0.03749  0.03757  0.01042  0.80968  -230.64772  -232.49513  4.99985   768
726.00  0.03748  0.03757  0.00983  0.80968  -231.47322  -233.31605  4.99985   768
727.00  0.03746  0.03757  0.00926  0.80968  -232.42079  -234.25752  4.99985   768
728.00  0.03751  0.03757  0.00893  0.80968  -232.90449  -234.77785  4.99985   768
729.00  0.03749  0.03757  0.00902  0.80968  -232.82973  -234.72139  4.99985   768
730.00  0.03748  0.03757  0.00955  0.80968  -232.07747  -234.02711  4.99985   768
731.00  0.03747  0.03757  0.01014  0.80968  -231.16347  -233.10701  4.99985   768
732.00  0.03748  0.03757  0.01067  0.80968  -230.29219  -232.19606  4.99985   768
733.00  0.03749  0.03757  0.01095  0.80968  -229.85121  -231.73830  4.99985   768
734.00  0.03748  0.03757  0.01079  0.80968  -230.05110  -231.89241  4.99985   768
735.00  0.03749  0.03757  0.01036  0.80968  -230.67671  -232.50886  4.99985   768
736.00  0.03748  0.03757  0.00974  0.80968  -231.64870  -233.46406  4.99985   768
737.00  0.03747  0.03757  0.00913  0.80968  -232.59016  -234.43147  4.99985   768
738.00  0.03750  0.03757  0.00905  0.80968  -232.80989  -234.71529  4.99985   768
739.00  0.03749  0.03757  0.00929  0.80968  -232.46809  -234.37196  4.99985   768
740.00  0.03748  0.03757  0.00986  0.80968  -231.58919  -233.54799  4.99985   768
741.00  0.03749  0.03757  0.01048  0.80968  -230.65993  -232.60805  4.99985   768
742.00  0.03748  0.03757  0.01091  0.80968  -229.94429  -231.85731  4.99985   768
743.00  0.03749  0.03757  0.01073  0.80968  -230.13197  -231.98549  4.99985   768
744.00  0.03747  0.03757  0.01041  0.80968  -230.64467  -232.47987  4.99985   768
745.00  0.03749  0.03757  0.00988  0.80968  -231.44881  -233.28401  4.99985   768
746.00  0.03747  0.03757  0.00929  0.80968  -232.34755  -234.18886  4.99985   768
747.00  0.03748  0.03757  0.00895  0.80968  -232.88161  -234.73665  4.99985   768
748.00  0.03748  0.03757  0.00906  0.80968  -232.76564  -234.67103  4.99985   768
749.00  0.03749  0.03757  0.00942  0.80968  -232.24684  -234.16444  4.99985   768
750.00  0.03749  0.03757  0.00999  0.80968  -231.38624  -233.32521  4.99985   768
751.00  0.03748  0.03757  0.01062  0.80968  -230.42494  -232.34560  4.99985   768
752.00  0.03749  0.03757  0.01076  0.80968  -230.12434  -232.00990  4.99985   768
753.00  0.03748  0.03757  0.01058  0.80968  -230.42189  -232.27388  4.99985   768
754.00  0.03749  0.03757  0.01018  0.80968  -230.98341  -232.82930  4.99985   768
755.00  0.03748  0.03757  0.00952  0.80968  -232.00423  -233.83333  4.99985   768
756.00  0.03749  0.03757  0.00909  0.80968  -232.68324  -234.54286  4.99985   768
757.00  0.03747  0.03757  0.00910  0.80968  -232.70918  -234.60237  4.99985   768
758.00  0.03748  0.03757  0.00936  0.80968  -232.33992  -234.26973  4.99985   768
759.00  0.03748  0.03757  0.00991  0.80968  -231.55867  -233.50679  4.99985   768
760.00  0.03749  0.03757  0.01045  0.80968  -230.67213  -232.59737  4.99985   768
761.00  0.03748  0.03757  0.01081  0.80968  -230.11824  -232.02669  4.99985   768
762.00  0.03749  0.03757  0.01079  0.80968  -230.06331  -231.93361  4.99985   768
763.00  0.03748  0.03757  0.01045  0.80968  -230.54243  -232.35780  4.99985   768
764.00  0.03747  0.03757  0.00988  0.80968  -231.42592  -233.24281  4.99985   768
765.00  0.03749  0.03757  0.00933  0.80968  -232.29414  -234.12324  4.99985   768
766.00  0.03747  0.03757  0.00911  0.80968  -232.65578  -234.53218  4.99985   768
767.00  0.03749  0.03757  0.00919  0.80968  -232.55354  -234.44063  4.99985   768
768.00  0.03748  0.03757  0.00957  0.80968  -232.04695  -233.97371  4.99985   768
769.00  0.03747  0.03757  0.01023  0.80968  -231.00783  -232.94527  4.99985   768
770.00  0.03746  0.03757  0.01065  0.80968  -230.32576  -232.23878  4.99985   768
771.00  0.03748  0.03757  0.01082  0.80968  -230.06789  -231.95039  4.99985   768
772.00  0.03748  0.03757  0.01053  0.80968  -230.47835  -232.34102  4.99985   768
773.00  0.03748  0.03757  0.01003  0.80968  -231.20161  -233.03987  4.99985   768
774.00  0.03748  0.03757  0.00941  0.80968  -232.19191  -234.03932  4.99985   768
775.00  0.03748  0.03757  0.00907  0.80968  -232.73054  -234.61610  4.99985   768
776.00  0.03748  0.03757  0.00901  0.80968  -232.86177  -234.75191  4.99985   768
777.00  0.03749  0.03757  0.00933  0.80968  -232.37654  -234.31856  4.99985   768
778.00  0.03747  0.03757  0.00984  0.80968  -231.63801  -233.58613  4.99985   768
779.00  0.03747  0.03757  0.01049  0.80968  -230.62025  -232.54701  4.99985   768
780.00  0.03747  0.03757  0.01077  0.80968  -230.13045  -232.02363  4.99985   768
781.00  0.03746  0.03757  0.01067  0.80968  -230.26472  -232.12587  4.99985   768
782.00  0.03749  0.03757  0.01037  0.80968  -230.68281  -232.50886  4.99985   768
783.00  0.03747  0.03757  0.00973  0.80968  -231.61818  -233.41981  4.99985   768
784.00  0.03748  0.03757  0.00921  0.80968  -232.47725  -234.31245  4.99985   768
785.00  0.03747  0.03757  0.00903  0.80968  -232.82973  -234.71986  4.99985   768
786.00  0.03749  0.03757  0.00925  0.80968  -232.49708  -234.41774  4.99985   768
787.00  0.03746  0.03757  0.00967  0.80968  -231.85774  -233.79823  4.99985   768
788.00  0.03747  0.03757  0.01032  0.80968  -230.90712  -232.86745  4.99985   768
789.00  0.03748  0.03757  0.01066  0.80968  -230.31813  -232.22200  4.99985   768
790.00  0.03747  0.03757  0.01081  0.80968  -230.05873  -231.95497  4.99985   768
791.00  0.03746  0.03757  0.01059  0.80968  -230.37154  -232.23421  4.99985   768
792.00  0.03747  0.03757  0.01007  0.80968  -231.16804  -233.00935  4.99985   768
793.00  0.03748  0.03757  0.00944  0.80968  -232.12630  -233.97066  4.99985   768
794.00  0.03748  0.03757  0.00907  0.80968  -232.76564  -234.61916  4.99985   768
795.00  0.03748  0.03757  0.00906  0.80968  -232.76869  -234.67714  4.99985   768
796.00  0.03748  0.03757  0.00941  0.80968  -232.27278  -234.18123  4.99985   768
797.00  0.03748  0.03757  0.00994  0.80968  -231.49000  -233.43050  4.99985   768
798.00  0.03748  0.03757  0.01044  0.80968  -230.67061  -232.58821  4.99985   768
799.00  0.03748  0.03757  0.01070  0.80968  -230.28761  -232.17012  4.99985   768
800.00  0.03748  0.03757  0.01059  0.80968  -230.37154  -232.23268  4.99985   768
801.00  0.03748  0.03757  0.01020  0.80968  -230.93764  -232.77437  4.99985   768
802.00  0.03749  0.03757  0.00956  0.80968  -231.91267  -233.72804  4.99985   768
803.00  0.03748  0.03757  0.00911  0.80968  -232.65272  -234.51234  4.99985   768
804.00  0.03748  0.03757  0.00905  0.80968  -232.77632  -234.66646  4.99985   768
805.00  0.03748  0.03757  0.00922  0.80968  -232.54744  -234.47420  4.99985   768
806.00  0.03748  0.03757  0.00977  0.80968  -231.72652  -233.68837  4.99985   768
807.00  0.03747  0.03757  0.01035  0.80968  -230.82777  -232.78352  4.99985   768
808.00  0.03748  0.03757  0.01084  0.80968  -230.03889  -231.98244  4.99985   768
809.00  0.03747  0.03757  0.01096  0.80968  -229.84663  -231.74135  4.99985   768
810.00  0.03749  0.03757  0.01069  0.80968  -230.22353  -232.08009  4.99985   768
811.00  0.03747  0.03757  0.01011  0.80968  -231.06276  -232.88576  4.99985   768
812.00  0.03747  0.03757  0.00950  0.80968  -231.99812  -233.83638  4.99985   768
813.00  0.03748  0.03757  0.00921  0.80968  -232.48946  -234.34907  4.99985   768
814.00  0.03747  0.03757  0.00930  0.80968  -232.40248  -234.30482  4.99985   768
815.00  0.03747  0.03757  0.00971  0.80968  -231.79976  -233.73720  4.99985   768
816.00  0.03748  0.03757  0.01030  0.80968  -230.88576  -232.79878  4.99985   768
817.00  0.03747  0.03757  0.01076  0.80968  -230.20979  -232.12892  4.99985   768
818.00  0.03748  0.03757  0.01100  0.80968  -229.78865  -231.68031  4.99985   768
819.00  0.03747  0.03757  0.01094  0.80968  -229.86342  -231.73372  4.99985   768
820.00  0.03749  0.03757  0.01038  0.80968  -230.65077  -232.46919  4.99985   768
821.00  0.03748  0.03757  0.00969  0.80968  -231.72346  -233.55104  4.99985   768
822.00  0.03748  0.03757  0.00919  0.80968  -232.52608  -234.37807  4.99985   768
823.00  0.03748  0.03757  0.00906  0.80968  -232.76869  -234.66188  4.99985   768
824.00  0.03747  0.03757  0.00925  0.80968  -232.52150  -234.44826  4.99985   768
825.00  0.03747  0.03757  0.00985  0.80968  -231.65022  -233.61360  4.99985   768
826.00  0.03747  0.03757  0.01031  0.80968  -230.91933  -232.83998  4.99985   768
827.00  0.03747  0.03757  0.01073  0.80968  -230.23268  -232.15486  4.99985   768
828.00  0.03748  0.03757  0.01090  0.80968  -230.01601  -231.88936  4.99985   768
829.00  0.03747  0.03757  0.01066  0.80968  -230.25252  -232.11061  4.99985   768
830.00  0.03747  0.03757  0.01016  0.80968  -231.00172  -232.80794  4.99985   768
831.00  0.03746  0.03757  0.00952  0.80968  -231.97523  -233.79060  4.99985   768
832.00  0.03748  0.03757  0.00907  0.80968  -232.72291  -234.58101  4.99985   768
833.00  0.03747  0.03757  0.00909  0.80968  -232.69850  -234.59474  4.99985   768
834.00  0.03748  0.03757  0.00950  0.80968  -232.10799  -234.02406  4.99985   768
835.00  0.03747  0.03757  0.01012  0.80968  -231.20772  -233.14973  4.99985   768
836.00  0.03748  0.03757  0.01060  0.80968  -230.42494  -232.35322  4.99985   768
837.00  0.03747  0.03757  0.01089  0.80968  -229.94429  -231.85426  4.99985   768
838.00  0.03746  0.03757  0.01082  0.80968  -230.06026  -231.93361  4.99985   768
839.00  0.03748  0.03757  0.01049  0.80968  -230.49361  -232.35780  4.99985   768
840.00  0.03747  0.03757  0.00997  0.80968  -231.29622  -233.14973  4.99985   768
841.00  0.03747  0.03757  0.00952  0.80968  -232.02101  -233.87910  4.99985   768
842.00  0.03746  0.03757  0.00932  0.80968  -232.36739  -234.24837  4.99985   768
843.00  0.03746  0.03757  0.00950  0.80968  -232.13393  -234.04848  4.99985   768
844.00  0.03748  0.03757  0.01009  0.80968  -231.26265  -233.21687  4.99985   768
845.00  0.03747  0.03757  0.01074  0.80968  -230.23421  -232.18996  4.99985   768
846.00  0.03748  0.03757  0.01119  0.80968  -229.51247  -231.40108  4.99985   768
847.00  0.03747  0.03757  0.01114  0.80968  -229.57045  -231.43007  4.99985   768
848.00  0.03748  0.03757  0.01086  0.80968  -229.93513  -231.76576  4.99985   768
849.00  0.03747  0.03757  0.01029  0.80968  -230.81709  -232.63551  4.99985   768
850.00  0.03748  0.03757  0.00981  0.80968  -231.54799  -233.36641  4.99985   768
851.00  0.03747  0.03757  0.00938  0.80968  -232.22700  -234.08052  4.99985   768
852.00  0.03748  0.03757  0.00946  0.80968  -232.23311  -234.13393  4.99985   768
853.00  0.03748  0.03757  0.00977  0.80968  -231.69905  -233.61665  4.99985   768
854.00  0.03748  0.03757  0.01035  0.80968  -230.84914  -232.78810  4.99985   768
855.00  0.03749  0.03757  0.01080  0.80968  -230.12739  -232.06636  4.99985   768
856.00  0.03746  0.03757  0.01099  0.80968  -229.77949  -231.67421  4.99985   768
857.00  0.03747  0.03757  0.01091  0.80968  -229.95039  -231.82222  4.99985   768
858.00  0.03747  0.03757  0.01055  0.80968  -230.42952  -232.27998  4.99985   768
859.00  0.03747  0.03757  0.00996  0.80968  -231.29164  -233.12837  4.99985   768
860.00  0.03747  0.03757  0.00940  0.80968  -232.23006  -234.08815  4.99985   768
861.00  0.03747  0.03757  0.00923  0.80968  -232.48488  -234.35518  4.99985   768
862.00  0.03748  0.03757  0.00938  0.80968  -232.28194  -234.22700  4.99985   768
863.00  0.03747  0.03757  0.00988  0.80968  -231.53120  -233.44728  4.99985   768
864.00  0.03748  0.03757  0.01043  0.80968  -230.71028  -232.61415  4.99985   768
865.00  0.03747  0.03757  0.01081  0.80968  -230.09535  -232.00990  4.99985   768
866.00  0.03746  0.03757  0.01084  0.80968  -229.98396  -231.83137  4.99985   768
867.00  0.03747  0.03757  0.01046  0.80968  -230.56074  -232.39748  4.99985   768
868.00  0.03746  0.03757  0.00998  0.80968  -231.27333  -233.09785  4.99985   768
869.00  0.03746  0.03757  0.00943  0.80968  -232.13087  -233.97371  4.99985   768
870.00  0.03747  0.03757  0.00923  0.80968  -232.48640  -234.37349  4.99985   768
871.00  0.03748  0.03757  0.00931  0.80968  -232.39180  -234.29109  4.99985   768
872.00  0.03747  0.03757  0.00973  0.80968  -231.79671  -233.73720  4.99985   768
873.00  0.03747  0.03757  0.01024  0.80968  -231.02156  -232.96052  4.99985   768
874.00  0.03747  0.03757  0.01072  0.80968  -230.24184  -232.17927  4.99985   768
875.00  0.03747  0.03757  0.01096  0.80968  -229.87410  -231.78407  4.99985   768
876.00  0.03747  0.03757  0.01089  0.80968  -229.93361  -231.79933  4.99985   768
877.00  0.03747  0.03757  0.01049  0.80968  -230.51497  -232.34712  4.99985   768
878.00  0.03747  0.03757  0.00982  0.80968  -231.51442  -233.34047  4.99985   768
879.00  0.03746  0.03757  0.00941  0.80968  -232.21480  -234.06374  4.99985   768
880.00  0.03747  0.03757  0.00921  0.80968  -232.52302  -234.39332  4.99985   768
881.00  0.03747  0.03757  0.00957  0.80968  -232.03474  -233.95540  4.99985   768
882.00  0.03748  0.03757  0.01020  0.80968  -231.07649  -233.02614  4.99985   768
883.00  0.03748  0.03757  0.01085  0.80968  -230.05720  -231.97328  4.99985   768
884.00  0.03747  0.03757  0.01105  0.80968  -229.71541  -231.61165  4.99985   768
885.00  0.03748  0.03757  0.01106  0.80968  -229.69557  -231.55214  4.99985   768
886.00  0.03748  0.03757  0.01069  0.80968  -230.17622  -232.02516  4.99985   768
887.00  0.03748  0.03757  0.01012  0.80968  -231.08259  -232.91780  4.99985   768
888.00  0.03746  0.03757  0.00964  0.80968  -231.84553  -233.69295  4.99985   768
889.00  0.03745  0.03757  0.00935  0.80968  -232.29414  -234.16444  4.99985   768
890.00  0.03746  0.03757  0.00934  0.80968  -232.32771  -234.24531  4.99985   768
891.00  0.03748  0.03757  0.00972  0.80968  -231.81349  -233.77229  4.99985   768
892.00  0.03747  0.03757  0.01041  0.80968  -230.75301  -232.70875  4.99985   768
893.00  0.03746  0.03757  0.01088  0.80968  -229.99312  -231.91835  4.99985   768
894.00  0.03747  0.03757  0.01106  0.80968  -229.68489  -231.58418  4.99985   768
895.00  0.03744  0.03757  0.01089  0.80968  -229.85884  -231.70930  4.99985   768
896.00  0.03746  0.03757  0.01030  0.80968  -230.79115  -232.60652  4.99985   768
897.00  0.03747  0.03757  0.00964  0.80968  -231.80586  -233.61970  4.99985   768
898.00  0.03747  0.03757  0.00926  0.80968  -232.41774  -234.28194  4.99985   768
899.00  0.03747  0.03757  0.00914  0.80968  -232.61763  -234.48793  4.99985   768
900.00  0.03746  0.03757  0.00955  0.80968  -232.04848  -233.96455  4.99985   768
901.00  0.03746  0.03757  0.01013  0.80968  -231.15126  -233.08870  4.99985   768
902.00  0.03747  0.03757  0.01065  0.80968  -230.36696  -232.29372  4.99985   768
903.00  0.03747  0.03757  0.01096  0.80968  -229.84816  -231.74898  4.99985   768
904.00  0.03747  0.03757  0.01088  0.80968  -229.92598  -231.78865  4.99985   768
905.00  0.03748  0.03757  0.01049  0.80968  -230.52565  -232.38222  4.99985   768
906.00  0.03748  0.03757  0.00995  0.80968  -231.31300  -233.15126  4.99985   768
907.00  0.03747  0.03757  0.00938  0.80968  -232.23921  -234.08815  4.99985   768
908.00  0.03749  0.03757  0.00914  0.80968  -232.66951  -234.55507  4.99985   768
909.00  0.03746  0.03757  0.00931  0.80968  -232.41774  -234.33229  4.99985   768
910.00  0.03747  0.03757  0.00991  0.80968  -231.51747  -233.47017  4.99985   768
911.00  0.03747  0.03757  0.01050  0.80968  -230.60042  -232.54701  4.99985   768
912.00  0.03747  0.03757  0.01100  0.80968  -229.80696  -231.73372  4.99985   768
913.00  0.03746  0.03757  0.01125  0.80968  -229.39802  -231.28206  4.99985   768
914.00  0.03747  0.03757  0.01103  0.80968  -229.68336  -231.52467  4.99985   768
915.00  0.03747  0.03757  0.01052  0.80968  -230.45088  -232.27540  4.99985   768
916.00  0.03746  0.03757  0.01008  0.80968  -231.13905  -232.95900  4.99985   768
917.00  0.03748  0.03757  0.00956  0.80968  -231.90352  -233.72957  4.99985   768
918.00  0.03747  0.03757  0.00958  0.80968  -231.99507  -233.89436  4.99985   768
919.00  0.03746  0.03757  0.00996  0.80968  -231.43965  -233.37099  4.99985   768
920.00  0.03747  0.03757  0.01048  0.80968  -230.58974  -232.52260  4.99985   768
921.00  0.03746  0.03757  0.01111  0.80968  -229.69404  -231.62385  4.99985   768
922.00  0.03746  0.03757  0.01142  0.80968  -229.13405  -231.03944  4.99985   768
923.00  0.03747  0.03757  0.01137  0.80968  -229.20119  -231.06691  4.99985   768
924.00  0.03746  0.03757  0.01097  0.80968  -229.76271  -231.61165  4.99985   768
925.00  0.03746  0.03757  0.01048  0.80968  -230.53480  -232.38985  4.99985   768
926.00  0.03747  0.03757  0.00994  0.80968  -231.38167  -233.22145  4.99985   768
927.00  0.03746  0.03757  0.00969  0.80968  -231.79518  -233.67311  4.99985   768
928.00  0.03747  0.03757  0.00987  0.80968  -231.57088  -233.47932  4.99985   768
929.00  0.03746  0.03757  0.01044  0.80968  -230.69350  -232.63704  4.99985   768
930.00  0.03746  0.03757  0.01111  0.80968  -229.67116  -231.61317  4.99985   768
931.00  0.03748  0.03757  0.01164  0.80968  -228.83040  -230.74495  4.99985   768
932.00  0.03748  0.03757  0.01170  0.80968  -228.71138  -230.57252  4.99985   768
933.00  0.03747  0.03757  0.01140  0.80968  -229.11574  -230.94942  4.99985   768
934.00  0.03747  0.03757  0.01084  0.80968  -229.94887  -231.76271  4.99985   768
935.00  0.03747  0.03757  0.01025  0.80968  -230.85371  -232.68892  4.99985   768
936.00  0.03748  0.03757  0.00989  0.80968  -231.44728  -233.30690  4.99985   768
937.00  0.03746  0.03757  0.00995  0.80968  -231.43660  -233.33589  4.99985   768
938.00  0.03748  0.03757  0.01040  0.80968  -230.77742  -232.71028  4.99985   768
939.00  0.03747  0.03757  0.01097  0.80968  -229.89546  -231.85579  4.99985   768
940.00  0.03747  0.03757  0.01171  0.80968  -228.77852  -230.73884  4.99985   768
941.00  0.03748  0.03757  0.01215  0.80968  -228.04610  -229.95149  4.99985   768
942.00  0.03747  0.03757  0.01215  0.80968  -228.01100  -229.88588  4.99985   768
943.00  0.03746  0.03757  0.01170  0.80968  -228.65492  -230.49928  4.99985   768
944.00  0.03747  0.03757  0.01118  0.80968  -229.46821  -231.30495  4.99985   768
945.00  0.03748  0.03757  0.01075  0.80968  -230.07704  -231.93819  4.99985   768
946.00  0.03746  0.03757  0.01078  0.80968  -230.11061  -231.99769  4.99985   768
947.00  0.03746  0.03757  0.01102  0.80968  -229.76729  -231.65742  4.99985   768
948.00  0.03747  0.03757  0.01165  0.80968  -228.87007  -230.81514  4.99985   768
949.00  0.03748  0.03757  0.01248  0.80968  -227.58070  -229.54408  4.99985   768
950.00  0.03748  0.03757  0.01337  0.80968  -226.21199  -228.15706  4.99985   768
951.00  0.03746  0.03757  0.01378  0.80968  -225.51619  -227.41243  4.99985   768
952.00  0.03746  0.03757  0.01377  0.80968  -225.46126  -227.33003  4.99985   768
953.00  0.03747  0.03757  0.01347  0.80968  -225.96174  -227.78017  4.99985   768
954.00  0.03745  0.03757  0.01311  0.80968  -226.48512  -228.34321  4.99985   768
955.00  0.03746  0.03757  0.01297  0.80968  -226.76436  -228.67128  4.99985   768
956.00  0.03747  0.03757  0.01320  0.80968  -226.44392  -228.35237  4.99985   768
957.00  0.03746  0.03757  0.01393  0.80968  -225.41090  -227.41395  4.99985   768
958.00  0.03746  0.03757  0.01488  0.80968  -223.90791  -225.86671  4.99985   768
959.00  0.03746  0.03757  0.01533  0.80968  -223.17396  -225.10988  4.99985   768
960.00  0.03747  0.03757  0.01582  0.80968  -222.40645  -224.31795  4.99985   768
961.00  0.03747  0.03757  0.01600  0.80968  -222.12874  -224.03871  4.99985   768
962.00  0.03747  0.03757  0.01621  0.80968  -221.83119  -223.71828  4.99985   768
963.00  0.03745  0.03757  0.01598  0.80968  -222.07686  -223.89528  4.99985   768
964.00  0.03746  0.03757  0.01551  0.80968  -222.80775  -224.64448  4.99985   768
965.00  0.03745  0.03757  0.01502  0.80968  -223.56306  -225.39369  4.99985   768
966.00  0.03748  0.03757  0.01528  0.80968  -223.27009  -225.19227  4.99985   768
967.00  0.03747  0.03757  0.01611  0.80968  -222.01277  -223.98073  4.99985   768
968.00  0.03746  0.03757  0.01710  0.80968  -220.49299  -222.46095  4.99985   768
969.00  0.03747  0.03757  0.01791  0.80968  -219.21431  -221.17006  4.99985   768
970.00  0.03746  0.03757  0.01829  0.80968  -218.57802  -220.49104  4.99985   768
971.00  0.03747  0.03757  0.01848  0.80968  -218.31404  -220.20418  4.99985   768
972.00  0.03746  0.03757  0.01839  0.80968  -218.40101  -220.27131  4.99985   768
973.00  0.03746  0.03757  0.01808  0.80968  -218.91524  -220.78554  4.99985   768
974.00  0.03747  0.03757  0.01817  0.80968  -218.80995  -220.72755  4.99985   768
975.00  0.03746  0.03757  0.01888  0.80968  -217.76167  -219.74641  4.99985   768
976.00  0.03746  0.03757  0.01979  0.80968  -216.40974  -218.40974  4.99985   768
977.00  0.03746  0.03757  0.02138  0.80968  -213.93934  -215.95155  4.99985   768
978.00  0.03747  0.03757  0.02215  0.80968  -212.72932  -214.68049  4.99985   768
979.00  0.03747  0.03757  0.02276  0.80968  -211.78633  -213.75429  4.99985   768
980.00  0.03746  0.03757  0.02358  0.80968  -210.52138  -212.45576  4.99985   768
981.00  0.03746  0.03757  0.02435  0.80968  -209.31288  -211.24727  4.99985   768
982.00  0.03748  0.03757  0.02410  0.80968  -209.61195  -211.45173  4.99985   768
983.00  0.03746  0.03757  0.02397  0.80968  -209.79201  -211.60890  4.99985   768
984.00  0.03747  0.03757  0.02369  0.80968  -210.30928  -212.18873  4.99985   768
985.00  0.03745  0.03757  0.02403  0.80968  -209.78285  -211.70808  4.99985   768
986.00  0.03746  0.03757  0.02542  0.80968  -207.81447  -209.88008  4.99985   768
987.00  0.03745  0.03757  0.02681  0.80968  -205.55464  -207.49360  4.99985   768
988.00  0.03746  0.03757  0.02668  0.80968  -205.70112  -207.59431  4.99985   768
989.00  0.03746  0.03757  0.02702  0.80968  -205.19758  -207.09535  4.99985   768
990.00  0.03745  0.03757  0.02663  0.80968  -205.77437  -207.64924  4.99985   768
991.00  0.03746  0.03757  0.02667  0.80968  -205.70723  -207.59279  4.99985   768
992.00  0.03747  0.03757  0.02668  0.80968  -205.71028  -207.60194  4.99985   768
993.00  0.03745  0.03757  0.02664  0.80968  -205.78962  -207.69349  4.99985   768
994.00  0.03745  0.03757  0.02623  0.80968  -206.34047  -208.18940  4.99985   768
995.00  0.03747  0.03757  0.02672  0.80968  -205.68586  -207.63398  4.99985   768
996.00  0.03746  0.03757  0.02740  0.80968  -204.67421  -206.59486  4.99985   768
997.00  0.03746  0.03757  0.02796  0.80968  -203.78767  -205.72053  4.99985   768
998.00  0.03746  0.03757  0.02835  0.80968  -203.14680  -205.01252  4.99985   768
999.00  0.03745  0.03757  0.02816  0.80968  -203.35432  -205.19868  4.99985   768
1000.00  0.03745  0.03757  0.02756  0.80968  -204.27595  -206.08217  4.99985   768
1001.00  0.03746  0.03757  0.02719  0.80968  -204.88936  -206.74898  4.99985   768
1002.00  0.03747  0.03757  0.02714  0.80968  -204.98396  -206.86189  4.99985   768
1003.00  0.03745  0.03757  0.02722  0.80968  -204.88173  -206.77797  4.99985   768
1004.00  0.03745  0.03757  0.02759  0.80968  -204.30800  -206.21644  4.99985   768
1005.00  0.03746  0.03757  0.02822  0.80968  -203.43367  -205.40010  4.99985   768
1006.00  0.03746  0.03757  0.02884  0.80968  -202.40370  -204.31520  4.99985   768
1007.00  0.03745  0.03757  0.02896  0.80968  -202.22975  -204.15651  4.99985   768
1008.00  0.03745  0.03757  0.02910  0.80968  -201.97493  -203.83607  4.99985   768
1009.00  0.03745  0.03757  0.02903  0.80968  -202.10768  -204.01460  4.99985   768
1010.00  0.03746  0.03757  0.02885  0.80968  -202.33961  -204.21754  4.99985   768
1011.00  0.03747  0.03757  0.02842  0.80968  -202.92250  -204.72566  4.99985   768
1012.00  0.03744  0.03757  0.02778  0.80968  -204.00129  -205.85328  4.99985   768
1013.00  0.03746  0.03757  0.02789  0.80968  -203.82124  -205.70985  4.99985   768
1014.00  0.03745  0.03757  0.02791  0.80968  -203.76631  -205.63051  4.99985   768
1015.00  0.03745  0.03757  0.02786  0.80968  -203.87922  -205.75258  4.99985   768
1016.00  0.03745  0.03757  0.02800  0.80968  -203.69612  -205.58320  4.99985   768
1017.00  0.03745  0.03757  0.02819  0.80968  -203.36653  -205.27040  4.99985   768
1018.00  0.03745  0.03757  0.02799  0.80968  -203.63356  -205.47792  4.99985   768
1019.00  0.03744  0.03757  0.02775  0.80968  -203.98756  -205.84108  4.99985   768
1020.00  0.03745  0.03757  0.02705  0.80968  -205.04042  -206.84968  4.99985   768
1021.00  0.03745  0.03757  0.02640  0.80968  -206.11006  -207.94679  4.99985   768
1022.00  0.03745  0.03757  0.02642  0.80968  -206.09785  -208.00172  4.99985   768
1023.00  0.03746  0.03757  0.02676  0.80968  -205.63093  -207.55464  4.99985   768
1024.00  0.03746  0.03757  0.02744  0.80968  -204.62538  -206.60249  4.99985   768
1025.00  0.03746  0.03757  0.02816  0.80968  -203.47487  -205.41078  4.99985   768
1026.00  0.03745  0.03757  0.02833  0.80968  -203.16969  -205.05372  4.99985   768
1027.00  0.03745  0.03757  0.02795  0.80968  -203.67628  -205.50996  4.99985   768
1028.00  0.03745  0.03757  0.02742  0.80968  -204.51399  -206.34614  4.99985   768
1029.00  0.03744  0.03757  0.02682  0.80968  -205.37306  -207.18690  4.99985   768
1030.00  0.03746  0.03757  0.02608  0.80968  -206.52968  -208.32673  4.99985   768
1031.00  0.03745  0.03757  0.02571  0.80968  -207.17207  -209.03627  4.99985   768
1032.00  0.03745  0.03757  0.02593  0.80968  -206.87910  -208.76771  4.99985   768
1033.00  0.03745  0.03757  0.02644  0.80968  -206.13295  -208.05055  4.99985   768
1034.00  0.03745  0.03757  0.02726  0.80968  -204.89851  -206.85884  4.99985   768
1035.00  0.03746  0.03757  0.02805  0.80968  -203.64424  -205.58778  4.99985   768
1036.00  0.03746  0.03757  0.02853  0.80968  -202.90724  -204.82179  4.99985   768
1037.00  0.03745  0.03757  0.02866  0.80968  -202.64174  -204.52119  4.99985   768
1038.00  0.03747  0.03757  0.02826  0.80968  -203.19563  -205.01710  4.99985   768
1039.00  0.03746  0.03757  0.02723  0.80968  -204.73677  -206.52162  4.99985   768
1040.00  0.03746  0.03757  0.02440  0.80968  -208.66438  -210.06929  4.99985   768
1041.00  0.03748  0.03757  0.01900  0.80968  -217.19252  -218.76985  4.99985   768
1042.00  0.03747  0.03757  0.01881  0.80968  -217.83491  -219.77846  4.99985   768
1043.00  0.03749  0.03757  0.01680  0.80968  -220.63490  -222.25648  4.99985   768
1044.00  0.03749  0.03757  0.01610  0.80968  -221.98378  -223.87849  4.99985   768
1045.00  0.03750  0.03757  0.01638  0.80968  -221.45430  -223.30781  4.99985   768
1046.00  0.03749  0.03757  0.01512  0.80968  -223.38606  -225.18922  4.99985   768
1047.00  0.03750  0.03757  0.01481  0.80968  -223.81636  -225.62868  4.99985   768
1048.00  0.03748  0.03757  0.01375  0.80968  -225.38954  -227.13319  4.99985   768
1049.00  0.03749  0.03757  0.01279  0.80968  -227.00087  -228.83607  4.99985   768
1050.00  0.03748  0.03757  0.01233  0.80968  -227.68294  -229.52119  4.99985   768
1051.00  0.03749  0.03757  0.01233  0.80968  -227.73482  -229.61885  4.99985   768
1052.00  0.03749  0.03757  0.01283  0.80968  -227.01765  -228.97493  4.99985   768
1053.00  0.03750  0.03757  0.01334  0.80968  -226.23335  -228.17995  4.99985   768
1054.00  0.03748  0.03757  0.01360  0.80968  -225.76796  -227.64894  4.99985   768
1055.00  0.03749  0.03757  0.01357  0.80968  -225.83662  -227.72981  4.99985   768
1056.00  0.03751  0.03757  0.01352  0.80968  -225.90681  -227.78169  4.99985   768
1057.00  0.03749  0.03757  0.01296  0.80968  -226.67433  -228.50038  4.99985   768
1058.00  0.03749  0.03757  0.01227  0.80968  -227.77144  -229.61732  4.99985   768
1059.00  0.03749  0.03757  0.01199  0.80968  -228.25514  -230.10866  4.99985   768
1060.00  0.03750  0.03757  0.01173  0.80968  -228.68696  -230.58626  4.99985   768
1061.00  0.03748  0.03757  0.01221  0.80968  -227.99727  -229.93471  4.99985   768
1062.00  0.03748  0.03757  0.01277  0.80968  -227.09395  -229.01308  4.99985   768
1063.00  0.03750  0.03757  0.01324  0.80968  -226.39815  -228.32948  4.99985   768
1064.00  0.03749  0.03757  0.01361  0.80968  -225.74049  -227.63978  4.99985   768
1065.00  0.03750  0.03757  0.01343  0.80968  -226.01820  -227.87935  4.99985   768
1066.00  0.03750  0.03757  0.01317  0.80968  -226.38289  -228.21657  4.99985   768
1067.00  0.03750  0.03757  0.01243  0.80968  -227.48610  -229.27400  4.99985   768
1068.00  0.03750  0.03757  0.01175  0.80968  -228.54811  -230.36958  4.99985   768
1069.00  0.03751  0.03757  0.01157  0.80968  -228.91585  -230.78920  4.66452   768
1070.00  0.03751  0.03757  0.01164  0.80968  -228.83803  -230.73274  1.64658   768
1071.00  0.03751  0.03757  0.01221  0.80968  -227.99879  -229.94539  1.64658   768
1072.00  0.03751  0.03757  0.01282  0.80968  -226.99934  -228.92152  1.64658   768
1073.00  0.03751  0.03757  0.01302  0.80968  -226.70180  -228.61177  1.64658   768
1074.00  0.03751  0.03757  0.01326  0.80968  -226.33864  -228.24403  1.64658   768
1075.00  0.03751  0.03757  0.01302  0.80968  -226.66212  -228.50954  1.64658   768
1076.00  0.03751  0.03757  0.01257  0.80968  -227.30147  -229.15346  1.64658   768
1077.00  0.03752  0.03757  0.01206  0.80968  -228.12849  -229.97743  1.64658   768
1078.00  0.03752  0.03757  0.01147  0.80968  -229.00435  -230.84566  1.64658   768
1079.00  0.03752  0.03757  0.01132  0.80968  -229.30342  -231.19356  1.64658   768
1080.00  0.03751  0.03757  0.01162  0.80968  -228.84108  -230.76478  1.64738   768
1081.00  0.03752  0.03757  0.01228  0.80968  -227.86452  -229.80653  1.65466   768
1082.00  0.03753  0.03757  0.01289  0.80968  -226.89406  -228.82234  1.65466   768
1083.00  0.03751  0.03757  0.01307  0.80968  -226.57973  -228.46834  1.65466   768
1084.00  0.03752  0.03757  0.01301  0.80968  -226.66365  -228.52327  1.65466   768
1085.00  0.03752  0.03757  0.01275  0.80968  -227.07106  -228.91084  1.65466   768
1086.00  0.03750  0.03757  0.01227  0.80968  -227.76228  -229.58070  1.65466   768
1087.00  0.03751  0.03757  0.01195  0.80968  -228.29024  -230.16054  1.65466   768
1088.00  0.03752  0.03757  0.01165  0.80968  -228.77547  -230.65645  1.65466   768
1089.00  0.03752  0.03757  0.01173  0.80968  -228.66102  -230.56795  1.65466   768
1090.00  0.03751  0.03757  0.01204  0.80968  -228.22920  -230.15291  1.65466   768
1091.00  0.03752  0.03757  0.01252  0.80968  -227.52577  -229.48152  1.65466   768
1092.00  0.03751  0.03757  0.01308  0.80968  -226.62092  -228.57362  1.64640   768
1093.00  0.03750  0.03757  0.01323  0.80968  -226.37678  -228.26539  1.64597   768
1094.00  0.03752  0.03757  0.01302  0.80968  -226.63924  -228.49580  1.64597   768
1095.00  0.03751  0.03757  0.01253  0.80968  -227.38844  -229.22822  1.64597   768
1096.00  0.03753  0.03757  0.01200  0.80968  -228.16817  -229.98659  1.64597   768
1097.00  0.03752  0.03757  0.01163  0.80968  -228.76631  -230.64119  1.64597   768
1098.00  0.03752  0.03757  0.01152  0.80968  -228.94789  -230.80904  1.64597   768
1099.00  0.03752  0.03757  0.01174  0.80968  -228.69002  -230.60762  1.64597   768
1100.00  0.03751  0.03757  0.01226  0.80968  -227.88283  -229.79738  1.64597   768
1101.00  0.03751  0.03757  0.01279  0.80968  -227.09395  -229.02223  1.64597   768
1102.00  0.03751  0.03757  0.01304  0.80968  -226.64534  -228.53242  1.64597   768
1103.00  0.03753  0.03757  0.01289  0.80968  -226.85744  -228.71858  1.64775   768
1104.00  0.03751  0.03757  0.01246  0.80968  -227.51051  -229.34724  1.64795   768
1105.00  0.03751  0.03757  0.01186  0.80968  -228.40010  -230.24446  1.64795   768
1106.00  0.03752  0.03757  0.01153  0.80968  -228.94636  -230.80141  1.64795   768
1107.00  0.03750  0.03757  0.01134  0.80968  -229.25917  -231.14015  1.64795   768
1108.00  0.03751  0.03757  0.01145  0.80968  -229.08675  -231.01503  1.64795   768
1109.00  0.03750  0.03757  0.01181  0.80968  -228.57558  -230.51149  1.64795   768
1110.00  0.03751  0.03757  0.01226  0.80968  -227.93776  -229.88130  1.64795   768
1111.00  0.03750  0.03757  0.01262  0.80968  -227.34419  -229.25111  1.64795   768
1112.00  0.03749  0.03757  0.01280  0.80968  -227.00239  -228.90932  1.64795   768
1113.00  0.03750  0.03757  0.01262  0.80968  -227.22822  -229.06953  1.64795   768
1114.00  0.03747  0.03757  0.01198  0.80968  -228.17580  -229.97285  1.64870   768
1115.00  0.03747  0.03757  0.01136  0.80968  -229.17067  -230.98909  1.64902   768
1116.00  0.03747  0.03757  0.01101  0.80968  -229.72761  -231.58266  1.64902   768
1117.00  0.03746  0.03757  0.01099  0.80968  -229.79475  -231.70167  1.64902   768
1118.00  0.03745  0.03757  0.01142  0.80968  -229.19203  -231.11116  1.64902   768
1119.00  0.03746  0.03757  0.01209  0.80968  -228.15901  -230.09645  1.64902   768
1120.00  0.03744  0.03757  0.01248  0.80968  -227.49678  -229.38997  1.64902   768
1121.00  0.03746  0.03757  0.01258  0.80968  -227.37318  -229.25569  1.64902   768
1122.00  0.03746  0.03757  0.01244  0.80968  -227.54256  -229.40828  1.64902   768
1123.00  0.03744  0.03757  0.01198  0.80968  -228.19563  -230.02931  1.64902   768
1124.00  0.03745  0.03757  0.01136  0.80968  -229.21339  -231.05928  1.64902   768
1125.00  0.03746  0.03757  0.01101  0.80968  -229.73067  -231.58571  1.65001   768
1126.00  0.03745  0.03757  0.01096  0.80968  -229.81154  -231.71693  1.65054   768
1127.00  0.03746  0.03757  0.01106  0.80968  -229.71998  -231.63148  1.65054   768
1128.00  0.03746  0.03757  0.01155  0.80968  -229.01808  -230.95399  1.65054   768
1129.00  0.03746  0.03757  0.01230  0.80968  -227.86604  -229.80958  1.65054   768
1130.00  0.03746  0.03757  0.01268  0.80968  -227.23280  -229.14278  1.65054   768
1131.00  0.03745  0.03757  0.01265  0.80968  -227.22060  -229.08632  1.65054   768
1132.00  0.03746  0.03757  0.01222  0.80968  -227.82484  -229.64174  1.65054   768
1133.00  0.03746  0.03757  0.01157  0.80968  -228.80751  -230.61525  1.65054   768
1134.00  0.03746  0.03757  0.01108  0.80968  -229.58571  -231.41634  1.65054   768
1135.00  0.03745  0.03757  0.01081  0.80968  -230.06026  -231.90919  1.65054   768
1136.00  0.03746  0.03757  0.01097  0.80968  -229.86647  -231.78407  1.65340   768
1137.00  0.03745  0.03757  0.01149  0.80968  -229.07606  -231.02113  1.65573   768
1138.00  0.03746  0.03757  0.01219  0.80968  -228.02473  -229.97743  1.65573   768
1139.00  0.03745  0.03757  0.01259  0.80968  -227.38997  -229.32588  1.65573   768
1140.00  0.03746  0.03757  0.01272  0.80968  -227.15346  -229.03749  1.65573   768
1141.00  0.03745  0.03757  0.01259  0.80968  -227.29994  -229.17634  1.65573   768
1142.00  0.03745  0.03757  0.01218  0.80968  -227.93928  -229.77449  1.65573   768
1143.00  0.03745  0.03757  0.01159  0.80968  -228.82582  -230.66560  1.65573   768
1144.00  0.03746  0.03757  0.01094  0.80968  -229.79475  -231.62996  1.65573   768
1145.00  0.03747  0.03757  0.01071  0.80968  -230.22047  -232.09993  1.65573   768
1146.00  0.03745  0.03757  0.01107  0.80968  -229.72609  -231.65437  1.65573   768
1147.00  0.03745  0.03757  0.01184  0.80968  -228.54048  -230.48860  1.77322   768
1148.00  0.03746  0.03757  0.01243  0.80968  -227.64174  -229.56544  1.89072   768
1149.00  0.03746  0.03757  0.01271  0.80968  -227.15803  -229.05580  1.89072   768
1150.00  0.03745  0.03757  0.01266  0.80968  -227.18550  -229.05122  1.89072   768
1151.00  0.03746  0.03757  0.01227  0.80968  -227.76686  -229.58833  1.89072   768
1152.00  0.03745  0.03757  0.01170  0.80968  -228.65950  -230.49470  1.89072   768
1153.00  0.03745  0.03757  0.01126  0.80968  -229.31105  -231.13405  1.89072   768
1154.00  0.03745  0.03757  0.01103  0.80968  -229.72609  -231.61165  1.89072   768
1155.00  0.03746  0.03757  0.01107  0.80968  -229.70778  -231.63759  1.89072   768
1156.00  0.03746  0.03757  0.01154  0.80968  -228.99367  -230.93263  1.89072   768
1157.00  0.03745  0.03757  0.01204  0.80968  -228.24904  -230.18800  1.89072   768
1158.00  0.03747  0.03757  0.01253  0.80968  -227.49220  -229.43727  1.83311   768
1159.00  0.03746  0.03757  0.01272  0.80968  -227.12752  -229.02681  1.66031   768
1160.00  0.03746  0.03757  0.01265  0.80968  -227.25111  -229.12141  1.66031   768
1161.00  0.03746  0.03757  0.01224  0.80968  -227.81569  -229.66157  1.66031   768
1162.00  0.03747  0.03757  0.01150  0.80968  -228.92500  -230.71596  1.66031   768
1163.00  0.03746  0.03757  0.01093  0.80968  -229.82069  -231.66353  1.66031   768
1164.00  0.03744  0.03757  0.01083  0.80968  -230.04347  -231.92598  1.66031   768
1165.00  0.03745  0.03757  0.01109  0.80968  -229.69710  -231.60860  1.66031   768
1166.00  0.03746  0.03757  0.01190  0.80968  -228.45808  -230.41536  1.66031   768
1167.00  0.03745  0.03757  0.01249  0.80968  -227.52882  -229.44032  1.66031   768
1168.00  0.03745  0.03757  0.01281  0.80968  -226.99782  -228.89253  1.66031   768
1169.00  0.03746  0.03757  0.01268  0.80968  -227.15498  -229.02223  1.65857   768
1170.00  0.03746  0.03757  0.01240  0.80968  -227.61580  -229.48610  1.65451   768
1171.00  0.03745  0.03757  0.01199  0.80968  -228.20479  -230.03999  1.65451   768
1172.00  0.03746  0.03757  0.01141  0.80968  -229.09743  -230.94484  1.65451   768
1173.00  0.03747  0.03757  0.01102  0.80968  -229.68642  -231.53688  1.65451   768
1174.00  0.03745  0.03757  0.01087  0.80968  -229.99769  -231.89088  1.65451   768
1175.00  0.03745  0.03757  0.01136  0.80968  -229.28206  -231.24086  1.65451   768
1176.00  0.03746  0.03757  0.01211  0.80968  -228.14375  -230.11934  1.65451   768
1177.00  0.03746  0.03757  0.01260  0.80968  -227.33961  -229.26637  1.65451   768
1178.00  0.03746  0.03757  0.01276  0.80968  -227.10463  -228.99934  1.65451   768
1179.00  0.03746  0.03757  0.01274  0.80968  -227.10921  -228.98866  1.65451   768
1180.00  0.03747  0.03757  0.01226  0.80968  -227.77754  -229.58986  1.65307   768
1181.00  0.03745  0.03757  0.01169  0.80968  -228.65034  -230.47334  1.64490   768
1182.00  0.03747  0.03757  0.01122  0.80968  -229.38734  -231.21034  1.64490   768
1183.00  0.03747  0.03757  0.01098  0.80968  -229.76576  -231.62843  1.64490   768
1184.00  0.03746  0.03757  0.01120  0.80968  -229.52162  -231.44533  1.64490   768
1185.00  0.03746  0.03757  0.01180  0.80968  -228.59236  -230.51607  1.64490   768
1186.00  0.03747  0.03757  0.01236  0.80968  -227.71956  -229.66005  1.64490   768
1187.00  0.03745  0.03757  0.01268  0.80968  -227.18550  -229.07869  1.64490   768
1188.00  0.03746  0.03757  0.01271  0.80968  -227.14735  -229.04817  1.64490   768
1189.00  0.03746  0.03757  0.01237  0.80968  -227.64632  -229.50899  1.64490   768
1190.00  0.03746  0.03757  0.01172  0.80968  -228.61067  -230.43977  1.64490   768
1191.00  0.03747  0.03757  0.01126  0.80968  -229.33089  -231.19661  1.64583   768
1192.00  0.03747  0.03757  0.01092  0.80968  -229.88783  -231.76729  1.65421   768
1193.00  0.03745  0.03757  0.01083  0.80968  -230.04652  -231.93666  1.65421   768
1194.00  0.03745  0.03757  0.01141  0.80968  -229.19813  -231.16609  1.65421   768
1195.00  0.03747  0.03757  0.01205  0.80968  -228.22768  -230.15748  1.65421   768
1196.00  0.03745  0.03757  0.01244  0.80968  -227.60054  -229.52425  1.65421   768
1197.00  0.03745  0.03757  0.01275  0.80968  -227.11073  -229.00850  1.65421   768
1198.00  0.03745  0.03757  0.01256  0.80968  -227.35640  -229.20076  1.65421   768
1199.00  0.03746  0.03757  0.01219  0.80968  -227.89809  -229.71193  1.65421   768
1200.00  0.03745  0.03757  0.01153  0.80968  -228.89754  -230.71138  1.65421   768
1201.00  0.03746  0.03757  0.01117  0.80968  -229.48805  -231.33394  1.65421   768
1202.00  0.03746  0.03757  0.01109  0.80968  -229.63454  -231.51094  1.65421   768
1203.00  0.03745  0.03757  0.01141  0.80968  -229.19050  -231.11116  1.87382   768
1204.00  0.03745  0.03757  0.01192  0.80968  -228.42604  -230.36043  1.88538   768
1205.00  0.03745  0.03757  0.01231  0.80968  -227.81264  -229.75008  1.88538   768
1206.00  0.03745  0.03757  0.01258  0.80968  -227.38539  -229.30299  1.88538   768
1207.00  0.03745  0.03757  0.01274  0.80968  -227.11531  -229.01308  1.88538   768
1208.00  0.03747  0.03757  0.01250  0.80968  -227.44795  -229.31062  1.88538   768
1209.00  0.03745  0.03757  0.01192  0.80968  -228.29176  -230.13612  1.88538   768
1210.00  0.03747  0.03757  0.01134  0.80968  -229.20271  -231.03639  1.88538   768
1211.00  0.03746  0.03757  0.01087  0.80968  -229.87410  -231.72456  1.88538   768
1212.00  0.03745  0.03757  0.01098  0.80968  -229.82374  -231.73830  1.88538   768
1213.00  0.03746  0.03757  0.01156  0.80968  -228.99824  -230.94026  1.88538   768
1214.00  0.03745  0.03757  0.01222  0.80968  -227.94691  -229.87672  1.89536   768
1215.00  0.03746  0.03757  0.01252  0.80968  -227.47847  -229.37166  1.89713   768
1216.00  0.03746  0.03757  0.01260  0.80968  -227.27400  -229.15040  1.89713   768
1217.00  0.03745  0.03757  0.01236  0.80968  -227.65547  -229.48915  1.89713   768
1218.00  0.03747  0.03757  0.01209  0.80968  -228.08882  -229.93318  1.89713   768
1219.00  0.03746  0.03757  0.01160  0.80968  -228.78615  -230.61830  1.89713   768
1220.00  0.03744  0.03757  0.01111  0.80968  -229.53383  -231.37666  1.89713   768
1221.00  0.03745  0.03757  0.01096  0.80968  -229.84663  -231.73219  1.89713   768
1222.00  0.03745  0.03757  0.01125  0.80968  -229.42854  -231.35530  1.89713   768
1223.00  0.03745  0.03757  0.01180  0.80968  -228.61525  -230.56947  1.89713   768
1224.00  0.03745  0.03757  0.01241  0.80968  -227.67836  -229.63411  1.89713   768
1225.00  0.03746  0.03757  0.01259  0.80968  -227.32435  -229.20991  1.60104   768
1226.00  0.03745  0.03757  0.01254  0.80968  -227.40828  -229.29384  1.47415   768
1227.00  0.03746  0.03757  0.01209  0.80968  -228.03389  -229.87062  1.47415   768
1228.00  0.03743  0.03757  0.01169  0.80968  -228.70222  -230.54201  1.47415   768
1229.00  0.03746  0.03757  0.01118  0.80968  -229.48805  -231.32936  1.47415   768
1230.00  0.03746  0.03757  0.01086  0.80968  -229.97175  -231.82374  1.47415   768
1231.00  0.03746  0.03757  0.01102  0.80968  -229.78102  -231.67573  1.47415   768
1232.00  0.03745  0.03757  0.01163  0.80968  -228.85634  -230.79683  1.47415   768
1233.00  0.03745  0.03757  0.01228  0.80968  -227.91182  -229.84163  1.47415   768
1234.00  0.03745  0.03757  0.01265  0.80968  -227.25722  -229.16109  1.47415   768
1235.00  0.03745  0.03757  0.01261  0.80968  -227.26790  -229.10615  1.47415   768
1236.00  0.03745  0.03757  0.01232  0.80968  -227.70125  -229.56392  1.59129   768
1237.00  0.03746  0.03757  0.01184  0.80968  -228.43519  -230.28261  1.65436   768
1238.00  0.03745  0.03757  0.01139  0.80968  -229.14625  -230.99977  1.65436   768
1239.00  0.03746  0.03757  0.01087  0.80968  -229.94582  -231.79475  1.65436   768
1240.00  0.03746  0.03757  0.01081  0.80968  -230.05110  -231.94124  1.65436   768
1241.00  0.03746  0.03757  0.01124  0.80968  -229.47432  -231.41634  1.65436   768
1242.00  0.03745  0.03757  0.01181  0.80968  -228.58473  -230.54201  1.65436   768
1243.00  0.03745  0.03757  0.01250  0.80968  -227.53035  -229.49068  1.65436   768
1244.00  0.03746  0.03757  0.01274  0.80968  -227.08479  -228.97645  1.65436   768
1245.00  0.03744  0.03757  0.01247  0.80968  -227.47999  -229.32893  1.65436   768
1246.00  0.03745  0.03757  0.01199  0.80968  -228.20021  -230.03236  1.65436   768
1247.00  0.03745  0.03757  0.01156  0.80968  -228.86854  -230.69917  1.65308   768
1248.00  0.03745  0.03757  0.01114  0.80968  -229.52162  -231.35683  1.65070   768
1249.00  0.03745  0.03757  0.01098  0.80968  -229.79018  -231.66048  1.65070   768
1250.00  0.03745  0.03757  0.01104  0.80968  -229.72456  -231.62385  1.65070   768
1251.00  0.03745  0.03757  0.01147  0.80968  -229.10811  -231.03487  1.65070   768
1252.00  0.03746  0.03757  0.01215  0.80968  -228.04762  -230.00795  1.65070   768
1253.00  0.03745  0.03757  0.01265  0.80968  -227.27095  -229.18092  1.65070   768
1254.00  0.03746  0.03757  0.01283  0.80968  -227.01460  -228.90169  1.65070   768
1255.00  0.03744  0.03757  0.01255  0.80968  -227.34572  -229.18855  1.65070   768
1256.00  0.03746  0.03757  0.01185  0.80968  -228.40315  -230.22462  1.65070   768
1257.00  0.03744  0.03757  0.01121  0.80968  -229.43770  -231.26832  1.65070   768
1258.00  0.03745  0.03757  0.01089  0.80968  -229.96565  -231.85121  1.65214   768
1259.00  0.03746  0.03757  0.01102  0.80968  -229.78407  -231.72151  1.65390   768
1260.00  0.03745  0.03757  0.01154  0.80968  -228.99672  -230.93111  1.65390   768
1261.00  0.03747  0.03757  0.01215  0.80968  -228.07356  -230.01863  1.65390   768
1262.00  0.03746  0.03757  0.01243  0.80968  -227.60817  -229.50899  1.65390   768
1263.00  0.03746  0.03757  0.01250  0.80968  -227.48305  -229.35945  1.65390   768
1264.00  0.03745  0.03757  0.01253  0.80968  -227.42506  -229.29536  1.65390   768
1265.00  0.03746  0.03757  0.01229  0.80968  -227.75923  -229.60969  1.65390   768
1266.00  0.03746  0.03757  0.01192  0.80968  -228.30397  -230.12849  1.65390   768
1267.00  0.03745  0.03757  0.01123  0.80968  -229.34767  -231.15541  1.65390   768
1268.00  0.03745  0.03757  0.01082  0.80968  -230.04500  -231.89699  1.65390   768
1269.00  0.03745  0.03757  0.01101  0.80968  -229.79475  -231.70015  1.65493   768
1270.00  0.03744  0.03757  0.01170  0.80968  -228.79988  -230.75868  1.66077   768
1271.00  0.03745  0.03757  0.01248  0.80968  -227.58070  -229.53645  1.66077   768
1272.00  0.03745  0.03757  0.01291  0.80968  -226.86354  -228.77962  1.66077   768
1273.00  0.03745  0.03757  0.01279  0.80968  -227.00239  -228.87269  1.66077   768
1274.00  0.03745  0.03757  0.01234  0.80968  -227.68141  -229.52119  1.66077   768
1275.00  0.03744  0.03757  0.01178  0.80968  -228.54048  -230.38789  1.66077   768
1276.00  0.03745  0.03757  0.01129  0.80968  -229.31410  -231.15083  1.66077   768
1277.00  0.03744  0.03757  0.01094  0.80968  -229.87105  -231.75203  1.66077   768
1278.00  0.03744  0.03757  0.01108  0.80968  -229.69557  -231.60860  1.66077   768
1279.00  0.03745  0.03757  0.01139  0.80968  -229.20882  -231.14320  1.66077   768
1280.00  0.03746  0.03757  0.01199  0.80968  -228.33449  -230.26582  2.66249   768
1281.00  0.03744  0.03757  0.01261  0.80968  -227.35029  -229.28163  4.99985   768
1282.00  0.03746  0.03757  0.01279  0.80968  -227.05122  -228.92305  4.99985   768
1283.00  0.03745  0.03757  0.01266  0.80968  -227.23128  -229.08479  4.99985   768
1284.00  0.03745  0.03757  0.01226  0.80968  -227.77296  -229.59596  4.99985   768
1285.00  0.03745  0.03757  0.01172  0.80968  -228.58626  -230.41688  4.99985   768
1286.00  0.03746  0.03757  0.01123  0.80968  -229.37361  -231.20576  4.99985   768
1287.00  0.03745  0.03757  0.01101  0.80968  -229.79323  -231.68031  4.99985   768
1288.00  0.03745  0.03757  0.01123  0.80968  -229.46059  -231.38734  4.99985   768
1289.00  0.03746  0.03757  0.01171  0.80968  -228.75410  -230.69612  4.99985   768
1290.00  0.03745  0.03757  0.01250  0.80968  -227.55324  -229.52730  4.99985   768
1291.00  0.03745  0.03757  0.01297  0.80968  -226.81776  -228.75368  4.99985   768
1292.00  0.03744  0.03757  0.01296  0.80968  -226.73231  -228.61024  4.99985   768
1293.00  0.03745  0.03757  0.01259  0.80968  -227.31215  -229.15346  4.99985   768
1294.00  0.03745  0.03757  0.01198  0.80968  -228.23073  -230.05525  4.99985   768
1295.00  0.03746  0.03757  0.01158  0.80968  -228.85481  -230.71748  4.99985   768
1296.00  0.03746  0.03757  0.01139  0.80968  -229.17830  -231.03792  4.99985   768
1297.00  0.03745  0.03757  0.01122  0.80968  -229.44533  -231.30952  4.99985   768
1298.00  0.03744  0.03757  0.01153  0.80968  -229.01045  -230.92958  4.99985   768
1299.00  0.03744  0.03757  0.01200  0.80968  -228.28871  -230.21547  4.99985   768
1300.00  0.03745  0.03757  0.01266  0.80968  -227.28773  -229.22060  4.99985   768
1301.00  0.03745  0.03757  0.01297  0.80968  -226.75215  -228.64686  4.99985   768
1302.00  0.03746  0.03757  0.01285  0.80968  -226.91847  -228.77199  4.99985   768
1303.00  0.03745  0.03757  0.01235  0.80968  -227.68446  -229.51051  4.99985   768
1304.00  0.03746  0.03757  0.01163  0.80968  -228.71901  -230.52675  4.99985   768
1305.00  0.03745  0.03757  0.01123  0.80968  -229.39192  -231.26527  4.99985   768
1306.00  0.03745  0.03757  0.01098  0.80968  -229.82985  -231.72914  4.99985   768
1307.00  0.03744  0.03757  0.01140  0.80968  -229.23170  -231.17219  4.99985   768
1308.00  0.03744  0.03757  0.01172  0.80968  -228.72053  -230.65034  4.99985   768
1309.00  0.03744  0.03757  0.01238  0.80968  -227.75465  -229.73787  4.99985   768
1310.00  0.03744  0.03757  0.01266  0.80968  -227.20839  -229.05580  4.99985   768
1311.00  0.03745  0.03757  0.01264  0.80968  -227.33656  -229.27400  4.99985   768
1312.00  0.03745  0.03757  0.01271  0.80968  -227.11531  -228.93373  4.99985   768
1313.00  0.03744  0.03757  0.01173  0.80968  -228.55879  -230.35890  4.99985   768
1314.00  0.03746  0.03757  0.01164  0.80968  -228.78767  -230.67628  4.99985   768
1315.00  0.03746  0.03757  0.01109  0.80968  -229.53230  -231.32173  4.99985   768
1316.00  0.03745  0.03757  0.01121  0.80968  -229.57503  -231.52315  4.99985   768
1317.00  0.03745  0.03757  0.01200  0.80968  -228.26430  -230.18190  4.99985   768
1318.00  0.03746  0.03757  0.01247  0.80968  -227.62038  -229.57002  4.99985   768
1319.00  0.03745  0.03757  0.01360  0.80968  -225.88850  -227.88240  4.99985   768
1320.00  0.03745  0.03757  0.01393  0.80968  -225.25374  -227.11946  4.99985   768
1321.00  0.03745  0.03757  0.01372  0.80968  -225.60164  -227.50246  4.99985   768
1322.00  0.03744  0.03757  0.01376  0.80968  -225.51314  -227.38496  4.99985   768
1323.00  0.03745  0.03757  0.01309  0.80968  -226.50801  -228.34016  4.99985   768
1324.00  0.03745  0.03757  0.01311  0.80968  -226.55226  -228.47902  4.99985   768
1325.00  0.03745  0.03757  0.01317  0.80968  -226.42103  -228.29591  4.99985   768
1326.00  0.03746  0.03757  0.01343  0.80968  -226.17384  -228.15248  4.99985   768
1327.00  0.03745  0.03757  0.01463  0.80968  -224.31532  -226.31074  4.99985   768
1328.00  0.03746  0.03757  0.01526  0.80968  -223.27315  -225.22127  4.99985   768
1329.00  0.03746  0.03757  0.01600  0.80968  -222.17909  -224.14705  4.99985   768
1330.00  0.03744  0.03757  0.01657  0.80968  -221.24525  -223.14454  4.99985   768
1331.00  0.03745  0.03757  0.01661  0.80968  -221.15370  -223.01485  4.99985   768
1332.00  0.03745  0.03757  0.01642  0.80968  -221.42836  -223.28340  4.99985   768
1333.00  0.03743  0.03757  0.01628  0.80968  -221.65266  -223.51686  4.99985   768
1334.00  0.03745  0.03757  0.01645  0.80968  -221.42531  -223.32918  4.99985   768
1335.00  0.03745  0.03757  0.01704  0.80968  -220.56776  -222.49757  4.99985   768
1336.00  0.03745  0.03757  0.01783  0.80968  -219.43861  -221.43403  4.99985   768
1337.00  0.03744  0.03757  0.01878  0.80968  -217.94935  -219.91426  4.99985   768
1338.00  0.03745  0.03757  0.02009  0.80968  -215.89705  -217.86500  4.99985   768
1339.00  0.03745  0.03757  0.02067  0.80968  -214.97694  -216.93117  4.99985   768
1340.00  0.03743  0.03757  0.02098  0.80968  -214.52376  -216.46119  4.99985   768
1341.00  0.03745  0.03757  0.02115  0.80968  -214.19722  -216.04463  4.99985   768
1342.00  0.03745  0.03757  0.02096  0.80968  -214.48713  -216.37117  4.99985   768
1343.00  0.03744  0.03757  0.02129  0.80968  -214.00648  -215.94545  4.99985   768
1344.00  0.03745  0.03757  0.02135  0.80968  -213.87221  -215.75929  4.99985   768
1345.00  0.03745  0.03757  0.02179  0.80968  -213.25270  -215.20997  4.99985   768
1346.00  0.03743  0.03757  0.02284  0.80968  -211.65816  -213.63527  4.99985   768
1347.00  0.03744  0.03757  0.02345  0.80968  -210.69227  -212.60988  4.99985   768
1348.00  0.03744  0.03757  0.02394  0.80968  -209.94002  -211.85762  4.99985   768
1349.00  0.03744  0.03757  0.02401  0.80968  -209.75386  -211.59364  4.99985   768
1350.00  0.03745  0.03757  0.02346  0.80968  -210.56257  -212.38862  4.99985   768
1351.00  0.03745  0.03757  0.02291  0.80968  -211.40486  -213.24617  4.99985   768
1352.00  0.03744  0.03757  0.02253  0.80968  -212.06404  -213.89467  4.99985   768
1353.00  0.03744  0.03757  0.02272  0.80968  -211.81990  -213.75123  4.99985   768
1354.00  0.03745  0.03757  0.02305  0.80968  -211.24312  -213.11952  4.99985   768
1355.00  0.03745  0.03757  0.02273  0.80968  -211.79091  -213.67036  4.99985   768
1356.00  0.03745  0.03757  0.02294  0.80968  -211.47200  -213.40181  4.99985   768
1357.00  0.03742  0.03757  0.02390  0.80968  -210.08497  -212.07734  4.99985   768
1358.00  0.03745  0.03757  0.02472  0.80968  -208.75593  -210.70558  4.99985   768
1359.00  0.03745  0.03757  0.02443  0.80968  -209.05501  -210.88868  4.99985   768
1360.00  0.03744  0.03757  0.02356  0.80968  -210.40236  -212.21315  4.99985   768
1361.00  0.03744  0.03757  0.02325  0.80968  -210.99135  -212.86012  4.99985   768
1362.00  0.03744  0.03757  0.02338  0.80968  -210.81434  -212.70143  4.99985   768
1363.00  0.03744  0.03757  0.02399  0.80968  -209.88661  -211.83473  4.99985   768
1364.00  0.03744  0.03757  0.02459  0.80968  -208.91615  -210.79713  4.99985   768
1365.00  0.03744  0.03757  0.02447  0.80968  -209.10536  -210.99244  4.99985   768
1366.00  0.03744  0.03757  0.02532  0.80968  -207.88771  -209.85719  4.99985   768
1367.00  0.03744  0.03757  0.02624  0.80968  -206.41218  -208.34504  4.99985   768
1368.00  0.03745  0.03757  0.02627  0.80968  -206.32979  -208.21077  4.99985   768
1369.00  0.03743  0.03757  0.02644  0.80968  -206.08412  -207.95747  4.99985   768
1370.00  0.03744  0.03757  0.02590  0.80968  -206.78145  -208.56630  4.99985   768
1371.00  0.03745  0.03757  0.02495  0.80968  -208.28596  -210.10743  4.99985   768
1372.00  0.03744  0.03757  0.02511  0.80968  -208.16237  -210.12422  4.99985   768
1373.00  0.03745  0.03757  0.02599  0.80968  -206.83027  -208.79365  4.99985   768
1374.00  0.03744  0.03757  0.02609  0.80968  -206.59681  -208.47627  4.99985   768
1375.00  0.03743  0.03757  0.02720  0.80968  -205.02821  -207.06331  4.99985   768
1376.00  0.03743  0.03757  0.02785  0.80968  -203.94026  -205.85786  4.99985   768
1377.00  0.03743  0.03757  0.02705  0.80968  -205.06788  -206.86799  4.99985   768
1378.00  0.03743  0.03757  0.02793  0.80968  -203.87007  -205.86397  4.99985   768
1379.00  0.03745  0.03757  0.02755  0.80968  -204.25917  -206.01808  4.99985   768
1380.00  0.03744  0.03757  0.02648  0.80968  -205.96663  -207.80336  4.99985   768
1381.00  0.03743  0.03757  0.02688  0.80968  -205.35780  -207.23420  4.99985   768
1382.00  0.03744  0.03757  0.02605  0.80968  -206.59834  -208.40455  4.99985   768
1383.00  0.03743  0.03757  0.02663  0.80968  -205.87202  -207.87050  4.99985   768
1384.00  0.03745  0.03757  0.02699  0.80968  -205.17775  -207.00075  4.99985   768
1385.00  0.03744  0.03757  0.02695  0.80968  -205.35475  -207.28303  4.99985   768
1386.00  0.03743  0.03757  0.02790  0.80968  -203.88075  -205.82734  4.99985   768
1387.00  0.03744  0.03757  0.02734  0.80968  -204.61928  -206.41023  4.99985   768
1388.00  0.03744  0.03757  0.02734  0.80968  -204.71998  -206.64827  4.99985   768
1389.00  0.03743  0.03757  0.02718  0.80968  -204.84663  -206.67421  4.99985   768
1390.00  0.03743  0.03757  0.02602  0.80968  -206.64259  -208.44575  4.99985   768
1391.00  0.03743  0.03757  0.02644  0.80968  -206.17567  -208.14058  4.99985   768
1392.00  0.03745  0.03757  0.02650  0.80968  -205.92543  -207.79573  4.99985   768
1393.00  0.03744  0.03757  0.02693  0.80968  -205.42494  -207.41121  4.99985   768
1394.00  0.03744  0.03757  0.02819  0.80968  -203.46571  -205.43825  4.99985   768
1395.00  0.03744  0.03757  0.02843  0.80968  -203.02626  -204.89045  4.99985   768
1396.00  0.03743  0.03757  0.02891  0.80968  -202.33656  -204.27400  4.99985   768
1397.00  0.03743  0.03757  0.02888  0.80968  -202.25111  -204.08326  4.99985   768
1398.00  0.03743  0.03757  0.02810  0.80968  -203.42146  -205.22920  4.99985   768
1399.00  0.03745  0.03757  0.02798  0.80968  -203.70833  -205.57405  4.99985   768
1400.00  0.03745  0.03757  0.02736  0.80968  -204.55366  -206.32783  4.99985   768
1401.00  0.03742  0.03757  0.02696  0.80968  -205.26930  -207.13044  4.99985   768
1402.00  0.03743  0.03757  0.02747  0.80968  -204.55366  -206.47889  4.99985   768
1403.00  0.03743  0.03757  0.02793  0.80968  -203.80293  -205.74342  4.99985   768
1404.00  0.03745  0.03757  0.02873  0.80968  -202.60206  -204.54255  4.99985   768
1405.00  0.03744  0.03757  0.02888  0.80968  -202.27095  -204.15040  4.99985   768
1406.00  0.03745  0.03757  0.02847  0.80968  -202.93165  -204.77296  4.99985   768
1407.00  0.03743  0.03757  0.02784  0.80968  -203.79072  -205.60914  4.99985   768
1408.00  0.03743  0.03757  0.02686  0.80968  -205.32728  -207.13807  4.99985   768
1409.00  0.03744  0.03757  0.02643  0.80968  -206.04902  -207.92695  4.99985   768
1410.00  0.03744  0.03757  0.02641  0.80968  -206.08107  -207.96357  4.99985   768
1411.00  0.03744  0.03757  0.02623  0.80968  -206.33589  -208.23060  4.99985   768
1412.00  0.03743  0.03757  0.02669  0.80968  -205.75606  -207.69502  4.99985   768
1413.00  0.03745  0.03757  0.02739  0.80968  -204.67268  -206.61012  4.99985   768
1414.00  0.03743  0.03757  0.02784  0.80968  -203.92805  -205.84413  4.99985   768
1415.00  0.03743  0.03757  0.02803  0.80968  -203.62593  -205.51149  4.99985   768
1416.00  0.03744  0.03757  0.02769  0.80968  -204.06386  -205.87617  4.99985   768
1417.00  0.03743  0.03757  0.02688  0.80968  -205.31660  -207.11824  4.99985   768
1418.00  0.03745  0.03757  0.02628  0.80968  -206.23213  -208.04902  4.99985   768
1419.00  0.03744  0.03757  0.02482  0.80968  -208.11201  -209.62373  4.99985   768
1420.00  0.03744  0.03757  0.01876  0.80968  -217.25966  -218.58674  4.99985   768
1421.00  0.03744  0.03757  0.01540  0.80968  -223.24873  -225.25178  4.99985   768
1422.00  0.03745  0.03757  0.01693  0.80968  -220.39686  -222.06727  4.99985   768
1423.00  0.03746  0.03757  0.01324  0.80968  -225.94496  -227.47804  4.99985   768
1424.00  0.03744  0.03757  0.01417  0.80968  -225.42921  -227.79085  4.99985   768
1425.00  0.03745  0.03757  0.01379  0.80968  -225.04774  -226.56557  4.99985   768
1426.00  0.03745  0.03757  0.01074  0.80968  -230.00685  -231.68947  4.99985   768
1427.00  0.03745  0.03757  0.01279  0.80968  -227.24654  -229.37318  4.99985   768
1428.00  0.03745  0.03757  0.00961  0.80968  -231.53426  -233.01851  4.99985   768
1429.00  0.03744  0.03757  0.00903  0.80968  -233.02199  -235.06166  4.99985   768
1430.00  0.03744  0.03757  0.01124  0.80968  -229.33852  -231.21492  4.99985   768
1431.00  0.03743  0.03757  0.00897  0.80968  -232.86940  -234.65272  4.99985   768
1432.00  0.03744  0.03757  0.01106  0.80968  -229.96413  -232.12892  4.99985   768
1433.00  0.03744  0.03757  0.01136  0.80968  -228.94942  -230.61220  4.99985   768
1434.00  0.03744  0.03757  0.01025  0.80968  -231.03224  -232.98952  4.99985   768
1435.00  0.03744  0.03757  0.01182  0.80968  -228.60762  -230.58321  4.99985   768
1436.00  0.03743  0.03757  0.00997  0.80968  -231.03834  -232.67061  4.99985   768
1437.00  0.03743  0.03757  0.00964  0.80968  -231.96608  -233.93556  4.99985   768
1438.00  0.03744  0.03757  0.00982  0.80968  -231.52052  -233.32063  4.99985   768
1439.00  0.03743  0.03757  0.00813  0.80968  -234.12367  -235.92073  4.99985   768
1440.00  0.03745  0.03757  0.00974  0.80968  -231.90657  -233.99354  4.99985   768
1441.00  0.03744  0.03757  0.01021  0.80968  -230.90864  -232.77894  4.99985   768
1442.00  0.03744  0.03757  0.01004  0.80968  -231.36641  -233.33742  4.99985   768
1443.00  0.03744  0.03757  0.01145  0.80968  -229.16914  -231.12489  4.99985   768
1444.00  0.03744  0.03757  0.01043  0.80968  -230.44936  -232.19453  4.99985   768
1445.00  0.03743  0.03757  0.01010  0.80968  -231.25197  -233.20161  4.99985   768
1446.00  0.03744  0.03757  0.01037  0.80968  -230.66908  -232.49208  4.99985   768
1447.00  0.03743  0.03757  0.00894  0.80968  -232.80684  -234.55659  4.99985   768
1448.00  0.03743  0.03757  0.00905  0.80968  -232.85109  -234.79311  4.99985   768
1449.00  0.03744  0.03757  0.00907  0.80968  -232.68477  -234.51082  4.99985   768
1450.00  0.03745  0.03757  0.00883  0.80968  -233.17152  -235.08302  4.99985   768
1451.00  0.03744  0.03757  0.01043  0.80968  -230.80946  -232.82014  4.99985   768
1452.00  0.03744  0.03757  0.01039  0.80968  -230.65535  -232.49513  4.99985   768
1453.00  0.03745  0.03757  0.01044  0.80968  -230.66603  -232.60805  4.99985   768
1454.00  0.03744  0.03757  0.01064  0.80968  -230.26472  -232.09535  4.99985   768
1455.00  0.03744  0.03757  0.00943  0.80968  -232.10341  -233.89284  4.99985   768
1456.00  0.03745  0.03757  0.00942  0.80968  -232.21937  -234.14308  4.99985   768
1457.00  0.03744  0.03757  0.00870  0.80968  -233.20814  -234.99300  4.99985   768
1458.00  0.03744  0.03757  0.00843  0.80968  -233.78798  -235.71931  4.99985   768
1459.00  0.03745  0.03757  0.00947  0.80968  -232.20717  -234.20564  4.99985   768
1460.00  0.03744  0.03757  0.00959  0.80968  -231.94014  -233.84096  4.99985   768
1461.00  0.03745  0.03757  0.01025  0.80968  -231.00020  -232.96663  4.99985   768
1462.00  0.03744  0.03757  0.01088  0.80968  -229.98701  -231.87562  4.99985   768
1463.00  0.03745  0.03757  0.01039  0.80968  -230.65077  -232.49818  4.99985   768
1464.00  0.03746  0.03757  0.01037  0.80968  -230.71791  -232.59584  4.99985   768
1465.00  0.03744  0.03757  0.00967  0.80968  -231.69752  -233.46864  4.99985   768
1466.00  0.03744  0.03757  0.00901  0.80968  -232.80073  -234.64052  4.99985   768
1467.00  0.03745  0.03757  0.00893  0.80968  -232.93501  -234.82515  4.99985   768
1468.00  0.03744  0.03757  0.00879  0.80968  -233.14253  -235.00978  4.99985   768
1469.00  0.03745  0.03757  0.00946  0.80968  -232.24226  -234.21022  4.99985   768
1470.00  0.03745  0.03757  0.01017  0.80968  -231.10243  -233.04750  4.99985   768
1471.00  0.03743  0.03757  0.01049  0.80968  -230.57600  -232.52107  4.99985   768
1472.00  0.03743  0.03757  0.01070  0.80968  -230.22505  -232.12282  4.99985   768
1473.00  0.03744  0.03757  0.01031  0.80968  -230.79726  -232.63551  4.99985   768
1474.00  0.03744  0.03757  0.00979  0.80968  -231.58003  -233.42439  4.99985   768
1475.00  0.03745  0.03757  0.00927  0.80968  -232.42689  -234.28041  4.99985   768
1476.00  0.03744  0.03757  0.00896  0.80968  -232.89076  -234.76717  4.99985   768
1477.00  0.03744  0.03757  0.00894  0.80968  -232.93806  -234.85261  4.99985   768
1478.00  0.03745  0.03757  0.00930  0.80968  -232.39790  -234.31245  4.99985   768
1479.00  0.03744  0.03757  0.00972  0.80968  -231.79060  -233.73720  4.99985   768
1480.00  0.03745  0.03757  0.01043  0.80968  -230.70875  -232.64009  4.99985   768
1481.00  0.03744  0.03757  0.01063  0.80968  -230.34407  -232.22963  4.99985   768
1482.00  0.03745  0.03757  0.01069  0.80968  -230.23421  -232.12739  4.99985   768
1483.00  0.03745  0.03757  0.01033  0.80968  -230.71181  -232.53480  4.99985   768
1484.00  0.03745  0.03757  0.00958  0.80968  -231.90352  -233.70210  4.99985   768
1485.00  0.03746  0.03757  0.00910  0.80968  -232.67103  -234.52608  4.99985   768
1486.00  0.03744  0.03757  0.00899  0.80968  -232.84346  -234.72291  4.99985   768
1487.00  0.03743  0.03757  0.00908  0.80968  -232.77479  -234.69240  4.99985   768
1488.00  0.03745  0.03757  0.00959  0.80968  -231.99965  -233.94472  4.99985   768
1489.00  0.03745  0.03757  0.01028  0.80968  -230.97273  -232.93001  4.99985   768
1490.00  0.03745  0.03757  0.01062  0.80968  -230.39290  -232.31508  4.99985   768
1491.00  0.03743  0.03757  0.01074  0.80968  -230.17012  -232.07551  4.99985   768
1492.00  0.03744  0.03757  0.01054  0.80968  -230.46156  -232.31203  4.99985   768
1493.00  0.03744  0.03757  0.01005  0.80968  -231.20924  -233.04445  4.99985   768
1494.00  0.03744  0.03757  0.00948  0.80968  -232.03474  -233.86384  4.99985   768
1495.00  0.03744  0.03757  0.00903  0.80968  -232.78548  -234.64815  4.99985   768
1496.00  0.03743  0.03757  0.00911  0.80968  -232.67409  -234.57490  4.99985   768
1497.00  0.03744  0.03757  0.00944  0.80968  -232.22243  -234.13393  4.99985   768
1498.00  0.03744  0.03757  0.01011  0.80968  -231.21535  -233.15431  4.99985   768
1499.00  0.03744  0.03757  0.01059  0.80968  -230.42952  -232.33339  4.99985   768
1500.00  0.03744  0.03757  0.01079  0.80968  -230.13045  -232.01448  4.99985   768
1501.00  0.03744  0.03757  0.01073  0.80968  -230.16859  -232.02058  4.99985   768
1502.00  0.03745  0.03757  0.01031  0.80968  -230.75606  -232.57600  4.99985   768
1503.00  0.03746  0.03757  0.00969  0.80968  -231.73415  -233.57545  4.99985   768
1504.00  0.03745  0.03757  0.00929  0.80968  -232.38417  -234.24379  4.99985   768
1505.00  0.03745  0.03757  0.00912  0.80968  -232.67256  -234.55202  4.99985   768
1506.00  0.03744  0.03757  0.00940  0.80968  -232.30330  -234.25142  4.99985   768
1507.00  0.03744  0.03757  0.01000  0.80968  -231.38014  -233.32979  4.99985   768
1508.00  0.03745  0.03757  0.01051  0.80968  -230.58821  -232.53480  4.99985   768
1509.00  0.03744  0.03757  0.01099  0.80968  -229.83137  -231.75203  4.99985   768
1510.00  0.03745  0.03757  0.01112  0.80968  -229.61623  -231.50026  4.99985   768
1511.00  0.03744  0.03757  0.01087  0.80968  -229.91377  -231.77186  4.99985   768
1512.00  0.03745  0.03757  0.01023  0.80968  -230.87813  -232.68434  4.99985   768
1513.00  0.03744  0.03757  0.00972  0.80968  -231.70210  -233.53273  4.99985   768
1514.00  0.03745  0.03757  0.00927  0.80968  -232.40248  -234.24531  4.99985   768
1515.00  0.03744  0.03757  0.00931  0.80968  -232.39485  -234.30330  4.99985   768
1516.00  0.03745  0.03757  0.00976  0.80968  -231.71431  -233.64870  4.99985   768
1517.00  0.03744  0.03757  0.01039  0.80968  -230.76063  -232.69655  4.99985   768
1518.00  0.03743  0.03757  0.01087  0.80968  -229.95497  -231.85731  4.99985   768
1519.00  0.03745  0.03757  0.01105  0.80968  -229.72304  -231.62843  4.99985   768
1520.00  0.03745  0.03757  0.01095  0.80968  -229.80391  -231.65437  4.99985   768
1521.00  0.03745  0.03757  0.01043  0.80968  -230.60347  -232.43562  4.99985   768
1522.00  0.03744  0.03757  0.00974  0.80968  -231.65938  -233.49153  4.99985   768
1523.00  0.03744  0.03757  0.00923  0.80968  -232.45741  -234.31703  4.99985   768
1524.00  0.03744  0.03757  0.00891  0.80968  -232.96248  -234.84346  4.99985   768
1525.00  0.03744  0.03757  0.00917  0.80968  -232.67714  -234.61916  4.99985   768
1526.00  0.03745  0.03757  0.00985  0.80968  -231.60597  -233.55714  4.99985   768
1527.00  0.03745  0.03757  0.01040  0.80968  -230.76369  -232.72401  4.99985   768
1528.00  0.03744  0.03757  0.01089  0.80968  -230.00990  -231.93819  4.99985   768
1529.00  0.03743  0.03757  0.01096  0.80968  -229.81001  -231.68489  4.99985   768
1530.00  0.03744  0.03757  0.01056  0.80968  -230.40510  -232.22505  4.99985   768
1531.00  0.03743  0.03757  0.01002  0.80968  -231.18941  -233.00478  4.99985   768
1532.00  0.03745  0.03757  0.00942  0.80968  -232.18733  -234.02711  4.99985   768
1533.00  0.03744  0.03757  0.00908  0.80968  -232.69392  -234.56117  4.99985   768
1534.00  0.03744  0.03757  0.00913  0.80968  -232.63136  -234.50929  4.99985   768
1535.00  0.03744  0.03757  0.00962  0.80968  -231.98134  -233.93404  4.99985   768
1536.00  0.03746  0.03757  0.01037  0.80968  -230.81862  -232.77742  4.99985   768
1537.00  0.03744  0.03757  0.01093  0.80968  -229.90767  -231.84053  4.99985   768
1538.00  0.03745  0.03757  0.01112  0.80968  -229.61165  -231.51552  4.99985   768
1539.00  0.03745  0.03757  0.01099  0.80968  -229.75203  -231.61165  4.99985   768
1540.00  0.03743  0.03757  0.01048  0.80968  -230.51955  -232.35017  4.99985   768
1541.00  0.03744  0.03757  0.00984  0.80968  -231.52510  -233.36946  4.99985   768
1542.00  0.03744  0.03757  0.00940  0.80968  -232.19343  -234.05611  4.99985   768
1543.00  0.03744  0.03757  0.00917  0.80968  -232.58253  -234.46046  4.99985   768
1544.00  0.03744  0.03757  0.00933  0.80968  -232.38264  -234.32466  4.99985   768
1545.00  0.03742  0.03757  0.01000  0.80968  -231.36336  -233.31300  4.99985   768
1546.00  0.03744  0.03757  0.01043  0.80968  -230.67061  -232.58058  4.99985   768
1547.00  0.03744  0.03757  0.01070  0.80968  -230.25862  -232.15791  4.99985   768
1548.00  0.03744  0.03757  0.01083  0.80968  -230.02821  -231.88325  4.99985   768
1549.00  0.03746  0.03757  0.01038  0.80968  -230.69197  -232.51039  4.99985   768
1550.00  0.03746  0.03757  0.00986  0.80968  -231.46406  -233.27943  4.99985   768
1551.00  0.03745  0.03757  0.00931  0.80968  -232.33687  -234.14918  4.99985   768
1552.00  0.03745  0.03757  0.00885  0.80968  -233.07082  -234.91975  4.99985   768
1553.00  0.03745  0.03757  0.00878  0.80968  -233.28444  -235.19136  4.99985   768
1554.00  0.03745  0.03757  0.00927  0.80968  -232.47877  -234.39485  4.99985   768
1555.00  0.03745  0.03757  0.00982  0.80968  -231.63344  -233.56935  4.99985   768
1556.00  0.03745  0.03757  0.01035  0.80968  -230.85371  -232.79726  4.99985   768
1557.00  0.03744  0.03757  0.01060  0.80968  -230.38527  -232.28761  4.99985   768
1558.00  0.03745  0.03757  0.01051  0.80968  -230.51344  -232.39290  4.99985   768
1559.00  0.03745  0.03757  0.01009  0.80968  -231.11464  -232.95747  4.99985   768
1560.00  0.03744  0.03757  0.00921  0.80968  -232.44063  -234.26210  4.99985   768
1561.00  0.03745  0.03757  0.00904  0.80968  -232.84956  -234.77174  4.99985   768
1562.00  0.03744  0.03757  0.00897  0.80968  -232.83125  -234.66493  4.99985   768
1563.00  0.03742  0.03757  0.00902  0.80968  -232.86940  -234.79005  4.99985   768
1564.00  0.03743  0.03757  0.00975  0.80968  -231.77534  -233.71431  4.99985   768
1565.00  0.03744  0.03757  0.00998  0.80968  -231.35573  -233.24739  4.99985   768
1566.00  0.03744  0.03757  0.01043  0.80968  -230.71028  -232.65230  4.99985   768
1567.00  0.03744  0.03757  0.01063  0.80968  -230.30745  -232.16402  4.99985   768
1568.00  0.03743  0.03757  0.01012  0.80968  -231.06734  -232.89796  4.99985   768
1569.00  0.03744  0.03757  0.00985  0.80968  -231.51137  -233.36488  4.99985   768
1570.00  0.03744  0.03757  0.00917  0.80968  -232.48335  -234.30788  4.99985   768
1571.00  0.03744  0.03757  0.00886  0.80968  -233.02809  -234.91212  4.99985   768
1572.00  0.03743  0.03757  0.00888  0.80968  -233.06471  -234.94264  4.99985   768
1573.00  0.03744  0.03757  0.00896  0.80968  -232.94722  -234.86482  4.99985   768
1574.00  0.03745  0.03757  0.00962  0.80968  -231.99507  -233.97829  4.99985   768
1575.00  0.03742  0.03757  0.01014  0.80968  -231.12532  -233.03834  4.99985   768
1576.00  0.03744  0.03757  0.01032  0.80968  -230.81862  -232.73927  4.99985   768
1577.00  0.03744  0.03757  0.01028  0.80968  -230.85982  -232.72249  4.99985   768
1578.00  0.03743  0.03757  0.00971  0.80968  -231.74025  -233.58613  4.99985   768
1579.00  0.03743  0.03757  0.00919  0.80968  -232.47420  -234.30788  4.99985   768
1580.00  0.03742  0.03757  0.00866  0.80968  -233.30275  -235.11812  4.99985   768
1581.00  0.03743  0.03757  0.00848  0.80968  -233.63844  -235.51027  4.99985   768
1582.00  0.03744  0.03757  0.00869  0.80968  -233.36989  -235.27376  4.99985   768
1583.00  0.03743  0.03757  0.00905  0.80968  -232.85261  -234.77022  4.99985   768
1584.00  0.03743  0.03757  0.00973  0.80968  -231.78145  -233.70363  4.99985   768
1585.00  0.03743  0.03757  0.01002  0.80968  -231.31758  -233.22450  4.99985   768
1586.00  0.03743  0.03757  0.01013  0.80968  -231.11311  -232.98189  4.99985   768
1587.00  0.03743  0.03757  0.00970  0.80968  -231.71126  -233.52815  4.99985   768
1588.00  0.03742  0.03757  0.00906  0.80968  -232.73970  -234.57796  4.99985   768
1589.00  0.03743  0.03757  0.00855  0.80968  -233.50569  -235.36226  4.99985   768
1590.00  0.03744  0.03757  0.00825  0.80968  -233.97719  -235.85207  4.99985   768
1591.00  0.03743  0.03757  0.00839  0.80968  -233.84596  -235.76051  4.99985   768
1592.00  0.03743  0.03757  0.00894  0.80968  -233.01741  -234.97774  4.99985   768
1593.00  0.03744  0.03757  0.00935  0.80968  -232.34450  -234.25905  4.99985   768
1594.00  0.03745  0.03757  0.00980  0.80968  -231.68379  -233.62123  4.99985   768
1595.00  0.03742  0.03757  0.01005  0.80968  -231.18941  -233.07954  4.99985   768
1596.00  0.03743  0.03757  0.00983  0.80968  -231.57088  -233.42287  4.99985   768
1597.00  0.03743  0.03757  0.00941  0.80968  -232.14461  -233.97218  4.99985   768
1598.00  0.03743  0.03757  0.00866  0.80968  -233.30733  -235.12270  4.99985   768
1599.00  0.03744  0.03757  0.00815  0.80968  -234.08247  -235.92683  4.99985   768
1600.00  0.03743  0.03757  0.00801  0.80968  -234.36476  -236.23506  4.99985   768
1601.00  0.03743  0.03757  0.00828  0.80968  -234.01533  -235.94057  4.99985   768
1602.00  0.03744  0.03757  0.00888  0.80968  -233.10286  -235.02656  4.99985   768
1603.00  0.03743  0.03757  0.00931  0.80968  -232.43910  -234.34755  4.99985   768
1604.00  0.03742  0.03757  0.00962  0.80968  -231.92488  -233.83485  4.99985   768
1605.00  0.03742  0.03757  0.00959  0.80968  -231.92488  -233.79365  4.99985   768
1606.00  0.03744  0.03757  0.00926  0.80968  -232.43147  -234.28041  4.99985   768
1607.00  0.03744  0.03757  0.00869  0.80968  -233.28444  -235.12575  4.99985   768
1608.00  0.03744  0.03757  0.00802  0.80968  -234.28847  -236.11757  4.99985   768
1609.00  0.03743  0.03757  0.00771  0.80968  -234.82710  -236.71114  4.99985   768
1610.00  0.03742  0.03757  0.00782  0.80968  -234.73097  -236.65468  4.99985   768
1611.00  0.03744  0.03757  0.00834  0.80968  -233.90547  -235.85969  4.99985   768
1612.00  0.03743  0.03757  0.00912  0.80968  -232.77327  -234.72291  4.99985   768
1613.00  0.03744  0.03757  0.00964  0.80968  -231.88673  -233.82570  4.99985   768
1614.00  0.03743  0.03757  0.00976  0.80968  -231.70668  -233.59682  4.99985   768
1615.00  0.03743  0.03757  0.00963  0.80968  -231.82265  -233.67464  4.99985   768
1616.00  0.03744  0.03757  0.00917  0.80968  -232.53371  -234.34907  4.99985   768
1617.00  0.03743  0.03757  0.00865  0.80968  -233.34090  -235.15932  4.99985   768
1618.00  0.03743  0.03757  0.00814  0.80968  -234.12825  -235.95888  4.99985   768
1619.00  0.03744  0.03757  0.00798  0.80968  -234.43953  -236.32509  4.99985   768
1620.00  0.03743  0.03757  0.00841  0.80968  -233.80324  -235.74220  4.99985   768
1621.00  0.03744  0.03757  0.00892  0.80968  -232.99147  -234.93654  4.99985   768
1622.00  0.03742  0.03757  0.00959  0.80968  -232.01491  -233.96760  4.99985   768
1623.00  0.03743  0.03757  0.00972  0.80968  -231.76009  -233.64564  4.99985   768
1624.00  0.03743  0.03757  0.00958  0.80968  -231.92183  -233.79060  4.99985   768
1625.00  0.03743  0.03757  0.00919  0.80968  -232.51540  -234.37196  4.99985   768
1626.00  0.03743  0.03757  0.00857  0.80968  -233.43092  -235.25850  4.99985   768
1627.00  0.03742  0.03757  0.00800  0.80968  -234.34950  -236.21370  4.99985   768
1628.00  0.03744  0.03757  0.00771  0.80968  -234.79506  -236.65773  4.99985   768
1629.00  0.03742  0.03757  0.00779  0.80968  -234.71724  -236.62416  4.99985   768
1630.00  0.03744  0.03757  0.00822  0.80968  -234.12215  -236.04127  4.99985   768
1631.00  0.03744  0.03757  0.00882  0.80968  -233.18068  -235.11354  4.99985   768
1632.00  0.03744  0.03757  0.00928  0.80968  -232.44215  -234.35365  4.99985   768
1633.00  0.03743  0.03757  0.00948  0.80968  -232.09425  -233.96455  4.99985   768
1634.00  0.03744  0.03757  0.00921  0.80968  -232.46352  -234.31551  4.99985   768
1635.00  0.03743  0.03757  0.00874  0.80968  -233.18373  -235.02504  4.99985   768
1636.00  0.03744  0.03757  0.00808  0.80968  -234.18776  -235.99397  4.99985   768
1637.00  0.03743  0.03757  0.00755  0.80968  -235.05904  -236.92781  4.99985   768
1638.00  0.03743  0.03757  0.00750  0.80968  -235.14906  -237.03004  4.99985   768
1639.00  0.03742  0.03757  0.00757  0.80968  -235.05751  -236.97053  4.99985   768
1640.00  0.03744  0.03757  0.00821  0.80968  -234.15724  -236.12672  4.99985   768
1641.00  0.03742  0.03757  0.00895  0.80968  -233.00368  -234.96248  4.99985   768
1642.00  0.03742  0.03757  0.00932  0.80968  -232.37959  -234.28957  4.99985   768
1643.00  0.03742  0.03757  0.00935  0.80968  -232.29262  -234.18733  4.99985   768
1644.00  0.03742  0.03757  0.00901  0.80968  -232.80989  -234.66646  4.99985   768
1645.00  0.03743  0.03757  0.00841  0.80968  -233.64912  -235.46907  4.99985   768
1646.00  0.03743  0.03757  0.00783  0.80968  -234.61958  -236.45326  4.99985   768
1647.00  0.03745  0.03757  0.00761  0.80968  -234.98122  -236.86677  4.99985   768
1648.00  0.03743  0.03757  0.00766  0.80968  -234.92018  -236.81947  4.99985   768
1649.00  0.03743  0.03757  0.00825  0.80968  -234.02144  -235.97871  4.99985   768
1650.00  0.03744  0.03757  0.00900  0.80968  -232.89992  -234.83736  4.99985   768
1651.00  0.03745  0.03757  0.00947  0.80968  -232.17818  -234.09883  4.99985   768
1652.00  0.03743  0.03757  0.00990  0.80968  -231.50526  -233.40150  4.99985   768
1653.00  0.03744  0.03757  0.00966  0.80968  -231.75856  -233.60445  4.99985   768
1654.00  0.03743  0.03757  0.00933  0.80968  -232.31856  -234.17055  4.99985   768
1655.00  0.03743  0.03757  0.00875  0.80968  -233.16847  -234.99757  4.99985   768
1656.00  0.03743  0.03757  0.00829  0.80968  -233.92683  -235.80019  4.99985   768
1657.00  0.03742  0.03757  0.00842  0.80968  -233.78035  -235.68422  4.99985   768
1658.00  0.03742  0.03757  0.00873  0.80968  -233.33021  -235.29359  4.99985   768
1659.00  0.03743  0.03757  0.00951  0.80968  -232.12324  -234.09273  4.99985   768
1660.00  0.03742  0.03757  0.01012  0.80968  -231.18941  -233.13753  4.99985   768
1661.00  0.03743  0.03757  0.01050  0.80968  -230.57905  -232.48903  4.99985   768
1662.00  0.03743  0.03757  0.01057  0.80968  -230.42189  -232.30134  4.99985   768
1663.00  0.03743  0.03757  0.01018  0.80968  -231.00325  -232.83235  4.99985   768
1664.00  0.03742  0.03757  0.00958  0.80968  -231.85927  -233.67158  4.99985   768
1665.00  0.03742  0.03757  0.00905  0.80968  -232.73665  -234.58864  4.99985   768
1666.00  0.03743  0.03757  0.00872  0.80968  -233.26613  -235.10591  4.99985   768
1667.00  0.03743  0.03757  0.00874  0.80968  -233.27681  -235.18220  4.99985   768
1668.00  0.03742  0.03757  0.00939  0.80968  -232.34450  -234.29567  4.99985   768
1669.00  0.03742  0.03757  0.01000  0.80968  -231.39082  -233.30385  4.99985   768
1670.00  0.03743  0.03757  0.01054  0.80968  -230.52870  -232.46767  4.99985   768
1671.00  0.03743  0.03757  0.01070  0.80968  -230.19759  -232.06483  4.99985   768
1672.00  0.03743  0.03757  0.01028  0.80968  -230.83082  -232.67976  4.99985   768
1673.00  0.03742  0.03757  0.00987  0.80968  -231.47932  -233.33742  4.99985   768
1674.00  0.03743  0.03757  0.00929  0.80968  -232.33839  -234.17055  4.99985   768
1675.00  0.03744  0.03757  0.00887  0.80968  -233.03725  -234.89534  4.99985   768
1676.00  0.03743  0.03757  0.00903  0.80968  -232.84651  -234.75801  4.99985   768
1677.00  0.03743  0.03757  0.00914  0.80968  -232.66035  -234.59016  4.99985   768
1678.00  0.03743  0.03757  0.00973  0.80968  -231.74940  -233.68532  4.99985   768
1679.00  0.03743  0.03757  0.01039  0.80968  -230.78200  -232.69960  4.99985   768
1680.00  0.03743  0.03757  0.01076  0.80968  -230.19606  -232.11519  4.99985   768
1681.00  0.03742  0.03757  0.01086  0.80968  -229.97023  -231.83748  4.99985   768
1682.00  0.03743  0.03757  0.01044  0.80968  -230.58974  -232.41273  4.99985   768
1683.00  0.03742  0.03757  0.00988  0.80968  -231.41371  -233.22450  4.99985   768
1684.00  0.03742  0.03757  0.00948  0.80968  -232.04848  -233.89589  4.99985   768
1685.00  0.03743  0.03757  0.00923  0.80968  -232.45894  -234.33992  4.99985   768
1686.00  0.03743  0.03757  0.00944  0.80968  -232.20869  -234.11714  4.99985   768
1687.00  0.03743  0.03757  0.01004  0.80968  -231.33284  -233.26417  4.99985   768
1688.00  0.03742  0.03757  0.01043  0.80968  -230.71181  -232.64925  4.99985   768
1689.00  0.03742  0.03757  0.01085  0.80968  -230.04195  -231.96260  4.99985   768
1690.00  0.03743  0.03757  0.01098  0.80968  -229.79475  -231.67421  4.99985   768
1691.00  0.03742  0.03757  0.01064  0.80968  -230.32271  -232.17470  4.99985   768
1692.00  0.03742  0.03757  0.01011  0.80968  -231.07802  -232.93764  4.99985   768
1693.00  0.03742  0.03757  0.00943  0.80968  -232.09578  -233.91725  4.99985   768
1694.00  0.03742  0.03757  0.00901  0.80968  -232.80531  -234.66951  4.99985   768
1695.00  0.03743  0.03757  0.00898  0.80968  -232.86177  -234.77632  4.99985   768
1696.00  0.03742  0.03757  0.00932  0.80968  -232.40553  -234.33382  4.99985   768
1697.00  0.03743  0.03757  0.00993  0.80968  -231.47932  -233.41676  4.99985   768
1698.00  0.03743  0.03757  0.01049  0.80968  -230.61415  -232.53938  4.99985   768
1699.00  0.03743  0.03757  0.01073  0.80968  -230.17927  -232.04652  4.99985   768
1700.00  0.03742  0.03757  0.01063  0.80968  -230.31355  -232.17775  4.99985   768
1701.00  0.03743  0.03757  0.01014  0.80968  -231.04597  -232.87660  4.99985   768
1702.00  0.03743  0.03757  0.00956  0.80968  -231.91267  -233.75246  4.99985   768
1703.00  0.03742  0.03757  0.00902  0.80968  -232.75954  -234.60542  4.99985   768
1704.00  0.03742  0.03757  0.00883  0.80968  -233.11507  -234.99300  4.99985   768
1705.00  0.03743  0.03757  0.00915  0.80968  -232.67561  -234.62068  4.99985   768
1706.00  0.03743  0.03757  0.00976  0.80968  -231.76314  -233.72194  4.99985   768
1707.00  0.03743  0.03757  0.01042  0.80968  -230.72859  -232.67061  4.99985   768
1708.00  0.03742  0.03757  0.01098  0.80968  -229.85426  -231.79323  4.99985   768
1709.00  0.03741  0.03757  0.01101  0.80968  -229.73830  -231.60707  4.99985   768
1710.00  0.03742  0.03757  0.01070  0.80968  -230.22353  -232.07246  4.99985   768
1711.00  0.03742  0.03757  0.01020  0.80968  -230.94374  -232.77132  4.99985   768
1712.00  0.03742  0.03757  0.00957  0.80968  -231.93404  -233.76924  4.99985   768
1713.00  0.03743  0.03757  0.00924  0.80968  -232.43910  -234.28957  4.99985   768
1714.00  0.03742  0.03757  0.00932  0.80968  -232.38570  -234.28499  4.99985   768
1715.00  0.03742  0.03757  0.00964  0.80968  -231.91572  -233.83485  4.99985   768
1716.00  0.03743  0.03757  0.01033  0.80968  -230.89491  -232.83235  4.99985   768
1717.00  0.03743  0.03757  0.01094  0.80968  -229.91072  -231.84358  4.99985   768
1718.00  0.03743  0.03757  0.01125  0.80968  -229.38734  -231.27138  4.99985   768
1719.00  0.03742  0.03757  0.01119  0.80968  -229.47737  -231.34157  4.99985   768
1720.00  0.03743  0.03757  0.01070  0.80968  -230.19301  -232.01906  4.99985   768
1721.00  0.03742  0.03757  0.00991  0.80968  -231.36793  -233.18330  4.99985   768
1722.00  0.03742  0.03757  0.00939  0.80968  -232.22395  -234.05916  4.99985   768
1723.00  0.03743  0.03757  0.00915  0.80968  -232.62068  -234.50471  4.99985   768
1724.00  0.03743  0.03757  0.00923  0.80968  -232.50777  -234.42995  4.99985   768
1725.00  0.03743  0.03757  0.00975  0.80968  -231.77229  -233.72346  4.99985   768
1726.00  0.03742  0.03757  0.01033  0.80968  -230.86439  -232.81099  4.99985   768
1727.00  0.03742  0.03757  0.01076  0.80968  -230.17927  -232.10756  4.99985   768
1728.00  0.03742  0.03757  0.01084  0.80968  -230.00990  -231.89394  4.99985   768
1729.00  0.03743  0.03757  0.01053  0.80968  -230.40053  -232.24489  4.99985   768
1730.00  0.03742  0.03757  0.00999  0.80968  -231.24434  -233.06886  4.99985   768
1731.00  0.03742  0.03757  0.00938  0.80968  -232.21022  -234.02711  4.99985   768
1732.00  0.03742  0.03757  0.00903  0.80968  -232.74885  -234.59474  4.99985   768
1733.00  0.03742  0.03757  0.00903  0.80968  -232.79005  -234.68935  4.99985   768
1734.00  0.03743  0.03757  0.00958  0.80968  -232.04695  -233.98744  4.99985   768
1735.00  0.03743  0.03757  0.01034  0.80968  -230.84303  -232.78657  4.99985   768
1736.00  0.03741  0.03757  0.01088  0.80968  -229.97786  -231.89241  4.99985   768
1737.00  0.03742  0.03757  0.01110  0.80968  -229.63148  -231.53383  4.99985   768
1738.00  0.03742  0.03757  0.01103  0.80968  -229.73067  -231.61928  4.99985   768
1739.00  0.03741  0.03757  0.01062  0.80968  -230.28151  -232.11214  4.99985   768
1740.00  0.03743  0.03757  0.00996  0.80968  -231.36030  -233.20009  4.99985   768
1741.00  0.03742  0.03757  0.00942  0.80968  -232.15987  -234.00270  4.99985   768
1742.00  0.03742  0.03757  0.00924  0.80968  -232.50319  -234.40706  4.99985   768
1743.00  0.03742  0.03757  0.00941  0.80968  -232.24989  -234.16902  4.99985   768
1744.00  0.03743  0.03757  0.00999  0.80968  -231.41066  -233.35573  4.99985   768
1745.00  0.03742  0.03757  0.01063  0.80968  -230.42494  -232.36391  4.99985   768
1746.00  0.03743  0.03757  0.01112  0.80968  -229.63911  -231.55214  4.99985   768
1747.00  0.03743  0.03757  0.01113  0.80968  -229.54451  -231.40260  4.99985   768
1748.00  0.03742  0.03757  0.01079  0.80968  -230.04195  -231.88020  4.99985   768
1749.00  0.03742  0.03757  0.01013  0.80968  -231.02766  -232.82930  4.99985   768
1750.00  0.03742  0.03757  0.00951  0.80968  -232.01338  -233.83638  4.99985   768
1751.00  0.03742  0.03757  0.00912  0.80968  -232.62984  -234.48793  4.99985   768
1752.00  0.03742  0.03757  0.00912  0.80968  -232.67866  -234.56880  4.99985   768
1753.00  0.03743  0.03757  0.00951  0.80968  -232.11561  -234.05916  4.99985   768
1754.00  0.03742  0.03757  0.01015  0.80968  -231.14668  -233.09480  4.99985   768
1755.00  0.03742  0.03757  0.01079  0.80968  -230.15333  -232.09230  4.99985   768
1756.00  0.03742  0.03757  0.01096  0.80968  -229.83748  -231.73372  4.99985   768
1757.00  0.03742  0.03757  0.01075  0.80968  -230.15181  -232.02211  4.99985   768
1758.00  0.03742  0.03757  0.01029  0.80968  -230.81099  -232.66298  4.99985   768
1759.00  0.03741  0.03757  0.00971  0.80968  -231.71126  -233.54341  4.99985   768
1760.00  0.03743  0.03757  0.00916  0.80968  -232.56728  -234.41011  4.99985   768
1761.00  0.03742  0.03757  0.00899  0.80968  -232.88313  -234.76259  4.99985   768
1762.00  0.03743  0.03757  0.00924  0.80968  -232.53371  -234.44368  4.99985   768
1763.00  0.03742  0.03757  0.00982  0.80968  -231.70210  -233.64564  4.99985   768
1764.00  0.03743  0.03757  0.01044  0.80968  -230.65077  -232.58974  4.99985   768
1765.00  0.03742  0.03757  0.01096  0.80968  -229.86647  -231.77492  4.99985   768
1766.00  0.03742  0.03757  0.01101  0.80968  -229.72151  -231.57350  4.99985   768
1767.00  0.03742  0.03757  0.01072  0.80968  -230.18080  -232.03279  4.99985   768
1768.00  0.03743  0.03757  0.01025  0.80968  -230.86439  -232.68281  4.99985   768
1769.00  0.03743  0.03757  0.00960  0.80968  -231.86384  -233.69447  4.99985   768
1770.00  0.03744  0.03757  0.00934  0.80968  -232.34297  -234.20717  4.99985   768
1771.00  0.03742  0.03757  0.00936  0.80968  -232.29109  -234.19954  4.99985   768
1772.00  0.03742  0.03757  0.00970  0.80968  -231.81197  -233.75551  4.99985   768
1773.00  0.03743  0.03757  0.01028  0.80968  -230.93458  -232.87508  4.99985   768
1774.00  0.03742  0.03757  0.01078  0.80968  -230.15791  -232.09688  4.99985   768
1775.00  0.03742  0.03757  0.01104  0.80968  -229.76576  -231.68184  4.99985   768
1776.00  0.03742  0.03757  0.01089  0.80968  -229.90614  -231.77492  4.99985   768
1777.00  0.03743  0.03757  0.01031  0.80968  -230.79573  -232.60957  4.99985   768
1778.00  0.03743  0.03757  0.00968  0.80968  -231.74940  -233.57698  4.99985   768
1779.00  0.03742  0.03757  0.00925  0.80968  -232.46504  -234.31856  4.99985   768
1780.00  0.03743  0.03757  0.00908  0.80968  -232.70766  -234.56575  4.99985   768
1781.00  0.03742  0.03757  0.00936  0.80968  -232.35823  -234.27583  4.99985   768
1782.00  0.03743  0.03757  0.00981  0.80968  -231.64412  -233.54799  4.99985   768
1783.00  0.03743  0.03757  0.01032  0.80968  -230.85371  -232.79268  4.99985   768
1784.00  0.03744  0.03757  0.01085  0.80968  -230.05720  -231.96260  4.99985   768
1785.00  0.03742  0.03757  0.01090  0.80968  -229.90309  -231.78102  4.99985   768
1786.00  0.03743  0.03757  0.01064  0.80968  -230.28456  -232.13197  4.99985   768
1787.00  0.03743  0.03757  0.01011  0.80968  -231.08259  -232.92543  4.99985   768
1788.00  0.03741  0.03757  0.00957  0.80968  -231.93556  -233.78297  4.99985   768
1789.00  0.03742  0.03757  0.00921  0.80968  -232.51387  -234.38417  4.99985   768
1790.00  0.03743  0.03757  0.00930  0.80968  -232.42689  -234.32771  4.99985   768
1791.00  0.03740  0.03757  0.00972  0.80968  -231.81349  -233.76619  4.99985   768
1792.00  0.03742  0.03757  0.01033  0.80968  -230.87355  -232.82320  4.99985   768
1793.00  0.03744  0.03757  0.01083  0.80968  -230.06483  -231.99617  4.99985   768
1794.00  0.03743  0.03757  0.01103  0.80968  -229.75355  -231.65895  4.99985   768
1795.00  0.03742  0.03757  0.01086  0.80968  -229.94276  -231.79018  4.99985   768
1796.00  0.03741  0.03757  0.01041  0.80968  -230.64162  -232.47682  4.99985   768
1797.00  0.03744  0.03757  0.00977  0.80968  -231.59682  -233.40913  4.99985   768
1798.00  0.03743  0.03757  0.00932  0.80968  -232.30635  -234.14613  4.99985   768
1799.00  0.03742  0.03757  0.00925  0.80968  -232.48946  -234.37501  4.99985   768
1800.00  0.03742  0.03757  0.00958  0.80968  -232.01033  -233.92335  4.99985   768
1801.00  0.03742  0.03757  0.01002  0.80968  -231.30537  -233.24434  4.99985   768
1802.00  0.03743  0.03757  0.01062  0.80968  -230.38832  -232.32728  4.99985   768
1803.00  0.03743  0.03757  0.01097  0.80968  -229.82527  -231.73219  4.99985   768
1804.00  0.03743  0.03757  0.01102  0.80968  -229.72761  -231.59791  4.99985   768
1805.00  0.03742  0.03757  0.01057  0.80968  -230.39290  -232.22810  4.99985   768
1806.00  0.03742  0.03757  0.00989  0.80968  -231.41829  -233.25349  4.99985   768
1807.00  0.03742  0.03757  0.00932  0.80968  -232.30635  -234.15987  4.99985   768
1808.00  0.03741  0.03757  0.00911  0.80968  -232.68935  -234.57033  4.99985   768
1809.00  0.03742  0.03757  0.00917  0.80968  -232.60847  -234.51540  4.99985   768
1810.00  0.03741  0.03757  0.00961  0.80968  -231.99660  -233.93861  4.99985   768
1811.00  0.03741  0.03757  0.01022  0.80968  -231.01546  -232.95595  4.99985   768
1812.00  0.03743  0.03757  0.01072  0.80968  -230.23268  -232.14113  4.99985   768
1813.00  0.03743  0.03757  0.01085  0.80968  -230.01601  -231.88783  4.99985   768
1814.00  0.03743  0.03757  0.01064  0.80968  -230.29219  -232.14876  4.99985   768
1815.00  0.03742  0.03757  0.01018  0.80968  -230.98952  -232.80488  4.99985   768
1816.00  0.03742  0.03757  0.00969  0.80968  -231.71583  -233.54494  4.99985   768
1817.00  0.03742  0.03757  0.00924  0.80968  -232.44978  -234.30330  4.99985   768
1818.00  0.03742  0.03757  0.00917  0.80968  -232.60084  -234.47725  4.99985   768
1819.00  0.03742  0.03757  0.00949  0.80968  -232.13698  -234.07136  4.99985   768
1820.00  0.03741  0.03757  0.01016  0.80968  -231.15431  -233.10091  4.99985   768
1821.00  0.03741  0.03757  0.01078  0.80968  -230.17775  -232.09688  4.99985   768
1822.00  0.03742  0.03757  0.01114  0.80968  -229.58266  -231.49110  4.99985   768
1823.00  0.03742  0.03757  0.01112  0.80968  -229.58266  -231.46059  4.99985   768
1824.00  0.03743  0.03757  0.01069  0.80968  -230.19301  -232.01448  4.99985   768
1825.00  0.03742  0.03757  0.01015  0.80968  -231.07039  -232.93001  4.99985   768
1826.00  0.03742  0.03757  0.00961  0.80968  -231.87300  -233.71736  4.99985   768
1827.00  0.03742  0.03757  0.00933  0.80968  -232.33382  -234.21175  4.99985   768
1828.00  0.03743  0.03757  0.00940  0.80968  -232.23616  -234.14766  4.99985   768
1829.00  0.03742  0.03757  0.00990  0.80968  -231.54341  -233.50374  4.99985   768
1830.00  0.03743  0.03757  0.01053  0.80968  -230.53786  -232.46309  4.99985   768
1831.00  0.03743  0.03757  0.01103  0.80968  -229.75355  -231.66658  4.99985   768
1832.00  0.03742  0.03757  0.01112  0.80968  -229.59181  -231.45906  4.99985   768
1833.00  0.03742  0.03757  0.01101  0.80968  -229.75203  -231.58571  4.99985   768
1834.00  0.03742  0.03757  0.01043  0.80968  -230.55922  -232.35933  4.99985   768
1835.00  0.03743  0.03757  0.00985  0.80968  -231.49000  -233.30537  4.99985   768
1836.00  0.03743  0.03757  0.00931  0.80968  -232.31856  -234.17207  4.99985   768
1837.00  0.03745  0.03757  0.00923  0.80968  -232.47877  -234.37349  4.99985   768
1838.00  0.03742  0.03757  0.00946  0.80968  -232.18275  -234.12019  4.99985   768
1839.00  0.03743  0.03757  0.01005  0.80968  -231.29927  -233.23976  4.99985   768
1840.00  0.03743  0.03757  0.01057  0.80968  -230.49971  -232.44325  4.99985   768
1841.00  0.03741  0.03757  0.01090  0.80968  -229.95192  -231.85731  4.99985   768
1842.00  0.03743  0.03757  0.01094  0.80968  -229.87410  -231.76576  4.99985   768
1843.00  0.03742  0.03757  0.01053  0.80968  -230.43867  -232.26625  4.99985   768
1844.00  0.03741  0.03757  0.00993  0.80968  -231.37099  -233.20314  4.99985   768
1845.00  0.03742  0.03757  0.00940  0.80968  -232.18428  -234.02254  4.99985   768
1846.00  0.03742  0.03757  0.00913  0.80968  -232.64204  -234.51997  4.99985   768
1847.00  0.03742  0.03757  0.00928  0.80968  -232.46657  -234.35670  4.99985   768
1848.00  0.03742  0.03757  0.00980  0.80968  -231.68532  -233.61970  4.99985   768
1849.00  0.03743  0.03757  0.01053  0.80968  -230.54701  -232.48598  4.99985   768
1850.00  0.03743  0.03757  0.01097  0.80968  -229.85274  -231.75966  4.99985   768
1851.00  0.03741  0.03757  0.01115  0.80968  -229.54298  -231.41634  4.99985   768
1852.00  0.03743  0.03757  0.01106  0.80968  -229.63148  -231.48500  4.99985   768
1853.00  0.03742  0.03757  0.01054  0.80968  -230.46309  -232.29982  4.99985   768
1854.00  0.03740  0.03757  0.00996  0.80968  -231.33284  -233.15431  4.99985   768
1855.00  0.03742  0.03757  0.00964  0.80968  -231.84859  -233.72957  4.99985   768
1856.00  0.03742  0.03757  0.00945  0.80968  -232.16444  -234.05153  4.99985   768
1857.00  0.03741  0.03757  0.00982  0.80968  -231.65022  -233.59071  4.99985   768
1858.00  0.03741  0.03757  0.01045  0.80968  -230.72707  -232.68434  4.99985   768
1859.00  0.03741  0.03757  0.01103  0.80968  -229.78865  -231.73524  4.99985   768
1860.00  0.03742  0.03757  0.01128  0.80968  -229.36293  -231.27901  4.99985   768
1861.00  0.03741  0.03757  0.01113  0.80968  -229.52467  -231.38124  4.99985   768
1862.00  0.03742  0.03757  0.01073  0.80968  -230.15333  -231.99769  4.99985   768
1863.00  0.03742  0.03757  0.01014  0.80968  -231.00935  -232.81862  4.99985   768
1864.00  0.03742  0.03757  0.00962  0.80968  -231.86079  -233.69600  4.99985   768
1865.00  0.03742  0.03757  0.00935  0.80968  -232.28804  -234.15224  4.99985   768
1866.00  0.03742  0.03757  0.00944  0.80968  -232.20412  -234.08815  4.99985   768
1867.00  0.03742  0.03757  0.00995  0.80968  -231.45491  -233.39693  4.99985   768
1868.00  0.03742  0.03757  0.01050  0.80968  -230.58058  -232.51497  4.99985   768
1869.00  0.03741  0.03757  0.01091  0.80968  -229.94124  -231.83900  4.99985   768
1870.00  0.03742  0.03757  0.01106  0.80968  -229.68184  -231.57655  4.99985   768
1871.00  0.03742  0.03757  0.01075  0.80968  -230.11671  -231.97938  4.99985   768
1872.00  0.03742  0.03757  0.01030  0.80968  -230.79115  -232.63093  4.99985   768
1873.00  0.03742  0.03757  0.00973  0.80968  -231.67311  -233.50984  4.99985   768
1874.00  0.03741  0.03757  0.00926  0.80968  -232.43758  -234.29414  4.99985   768
1875.00  0.03742  0.03757  0.00917  0.80968  -232.62373  -234.51387  4.99985   768
1876.00  0.03741  0.03757  0.00972  0.80968  -231.81197  -233.77687  4.99985   768
1877.00  0.03742  0.03757  0.01027  0.80968  -230.96663  -232.90864  4.99985   768
1878.00  0.03741  0.03757  0.01076  0.80968  -230.23573  -232.16249  4.99985   768
1879.00  0.03741  0.03757  0.01111  0.80968  -229.63911  -231.55977  4.99985   768
1880.00  0.03743  0.03757  0.01101  0.80968  -229.72609  -231.55366  4.99985   768
1881.00  0.03741  0.03757  0.01066  0.80968  -230.21742  -232.05263  4.99985   768
1882.00  0.03742  0.03757  0.01008  0.80968  -231.15431  -232.97121  4.99985   768
1883.00  0.03742  0.03757  0.00965  0.80968  -231.81197  -233.65327  4.99985   768
1884.00  0.03742  0.03757  0.00938  0.80968  -232.24837  -234.09120  4.99985   768
1885.00  0.03741  0.03757  0.00956  0.80968  -232.02711  -233.94624  4.99985   768
1886.00  0.03742  0.03757  0.01022  0.80968  -231.03682  -232.99104  4.99985   768
1887.00  0.03742  0.03757  0.01075  0.80968  -230.20369  -232.14418  4.99985   768
1888.00  0.03742  0.03757  0.01124  0.80968  -229.45448  -231.37971  4.99985   768
1889.00  0.03743  0.03757  0.01129  0.80968  -229.32020  -231.19050  4.99985   768
1890.00  0.03742  0.03757  0.01097  0.80968  -229.79780  -231.66811  4.99985   768
1891.00  0.03741  0.03757  0.01037  0.80968  -230.66756  -232.49818  4.99985   768
1892.00  0.03742  0.03757  0.00973  0.80968  -231.65938  -233.49916  4.99985   768
1893.00  0.03742  0.03757  0.00931  0.80968  -232.35976  -234.21480  4.99985   768
1894.00  0.03740  0.03757  0.00931  0.80968  -232.40858  -234.30482  4.99985   768
1895.00  0.03740  0.03757  0.00973  0.80968  -231.81349  -233.74788  4.99985   768
1896.00  0.03740  0.03757  0.01034  0.80968  -230.86134  -232.79268  4.99985   768
1897.00  0.03741  0.03757  0.01080  0.80968  -230.10908  -232.02974  4.99985   768
1898.00  0.03741  0.03757  0.01117  0.80968  -229.51552  -231.40260  4.99985   768
1899.00  0.03741  0.03757  0.01104  0.80968  -229.67268  -231.51857  4.99985   768
1900.00  0.03741  0.03757  0.01059  0.80968  -230.33339  -232.16402  4.99985   768
1901.00  0.03742  0.03757  0.00991  0.80968  -231.37862  -233.18025  4.99985   768
1902.00  0.03741  0.03757  0.00936  0.80968  -232.23006  -234.06221  4.99985   768
1903.00  0.03740  0.03757  0.00919  0.80968  -232.59627  -234.47572  4.99985   768
1904.00  0.03742  0.03757  0.00942  0.80968  -232.24531  -234.16139  4.99985   768
1905.00  0.03740  0.03757  0.00997  0.80968  -231.43965  -233.39082  4.99985   768
1906.00  0.03742  0.03757  0.01059  0.80968  -230.45088  -232.41884  4.99985   768
1907.00  0.03741  0.03757  0.01104  0.80968  -229.73524  -231.64674  4.99985   768
1908.00  0.03741  0.03757  0.01108  0.80968  -229.67879  -231.55977  4.99985   768
1909.00  0.03742  0.03757  0.01070  0.80968  -230.17622  -232.01295  4.99985   768
1910.00  0.03741  0.03757  0.01022  0.80968  -230.94984  -232.79420  4.99985   768
1911.00  0.03740  0.03757  0.00960  0.80968  -231.86995  -233.69905  4.99985   768
1912.00  0.03742  0.03757  0.00919  0.80968  -232.52455  -234.36891  4.99985   768
1913.00  0.03744  0.03757  0.00921  0.80968  -232.53218  -234.44520  4.99985   768
1914.00  0.03742  0.03757  0.00960  0.80968  -231.97371  -233.88368  4.99985   768
1915.00  0.03743  0.03757  0.01022  0.80968  -231.05665  -232.99715  4.99985   768
1916.00  0.03742  0.03757  0.01080  0.80968  -230.09993  -232.00227  4.99985   768
1917.00  0.03742  0.03757  0.01109  0.80968  -229.62843  -231.51704  4.99985   768
1918.00  0.03742  0.03757  0.01097  0.80968  -229.78102  -231.64217  4.99985   768
1919.00  0.03741  0.03757  0.01049  0.80968  -230.48598  -232.29829  4.99985   768
1920.00  0.03742  0.03757  0.00985  0.80968  -231.44881  -233.27333  4.99985   768
1921.00  0.03742  0.03757  0.00937  0.80968  -232.26210  -234.10188  4.99985   768
1922.00  0.03741  0.03757  0.00920  0.80968  -232.55354  -234.43910  4.99985   768
1923.00  0.03743  0.03757  0.00939  0.80968  -232.29719  -234.22243  4.99985   768
1924.00  0.03742  0.03757  0.00986  0.80968  -231.57851  -233.53578  4.99985   768
1925.00  0.03740  0.03757  0.01052  0.80968  -230.57295  -232.52870  4.99985   768
1926.00  0.03742  0.03757  0.01096  0.80968  -229.88478  -231.79170  4.99985   768
1927.00  0.03742  0.03757  0.01105  0.80968  -229.66200  -231.55366  4.99985   768
1928.00  0.03742  0.03757  0.01078  0.80968  -230.11977  -231.96107  4.99985   768
1929.00  0.03742  0.03757  0.01019  0.80968  -230.96663  -232.77894  4.99985   768
1930.00  0.03743  0.03757  0.00959  0.80968  -231.88216  -233.71126  4.99985   768
1931.00  0.03741  0.03757  0.00915  0.80968  -232.58711  -234.42842  4.99985   768
1932.00  0.03743  0.03757  0.00922  0.80968  -232.50929  -234.40248  4.99985   768
1933.00  0.03740  0.03757  0.00954  0.80968  -232.03627  -233.95387  4.99985   768
1934.00  0.03742  0.03757  0.01026  0.80968  -230.96815  -232.92543  4.99985   768
1935.00  0.03742  0.03757  0.01090  0.80968  -229.99159  -231.93208  4.99985   768
1936.00  0.03742  0.03757  0.01113  0.80968  -229.59181  -231.46516  4.99985   768
1937.00  0.03741  0.03757  0.01105  0.80968  -229.66353  -231.52620  4.99985   768
1938.00  0.03742  0.03757  0.01051  0.80968  -230.48140  -232.30134  4.99985   768
1939.00  0.03741  0.03757  0.00988  0.80968  -231.43355  -233.27791  4.99985   768
1940.00  0.03742  0.03757  0.00934  0.80968  -232.26820  -234.14308  4.99985   768
1941.00  0.03741  0.03757  0.00910  0.80968  -232.72597  -234.61305  4.99985   768
1942.00  0.03741  0.03757  0.00937  0.80968  -232.31551  -234.24837  4.99985   768
1943.00  0.03739  0.03757  0.00990  0.80968  -231.54494  -233.49611  4.99985   768
1944.00  0.03742  0.03757  0.01057  0.80968  -230.52260  -232.46919  4.99985   768
1945.00  0.03740  0.03757  0.01098  0.80968  -229.81917  -231.73982  4.99985   768
1946.00  0.03742  0.03757  0.01102  0.80968  -229.75508  -231.64827  4.99985   768
1947.00  0.03742  0.03757  0.01072  0.80968  -230.14723  -231.99007  4.99985   768
1948.00  0.03742  0.03757  0.01012  0.80968  -231.03682  -232.84303  4.99985   768
1949.00  0.03742  0.03757  0.00954  0.80968  -231.96760  -233.79060  4.99985   768
1950.00  0.03742  0.03757  0.00922  0.80968  -232.44368  -234.30025  4.99985   768
1951.00  0.03742  0.03757  0.00924  0.80968  -232.49708  -234.38264  4.99985   768
1952.00  0.03742  0.03757  0.00974  0.80968  -231.78145  -233.74483  4.99985   768
1953.00  0.03742  0.03757  0.01035  0.80968  -230.80488  -232.71944  4.99985   768
1954.00  0.03742  0.03757  0.01081  0.80968  -230.11519  -232.05568  4.99985   768
1955.00  0.03741  0.03757  0.01113  0.80968  -229.61470  -231.50484  4.99985   768
1956.00  0.03742  0.03757  0.01090  0.80968  -229.88631  -231.74135  4.99985   768
1957.00  0.03742  0.03757  0.01042  0.80968  -230.60347  -232.44173  4.99985   768
1958.00  0.03742  0.03757  0.00978  0.80968  -231.61513  -233.45796  4.99985   768
1959.00  0.03742  0.03757  0.00931  0.80968  -232.33382  -234.18886  4.99985   768
1960.00  0.03741  0.03757  0.00920  0.80968  -232.52760  -234.41316  4.99985   768
1961.00  0.03740  0.03757  0.00943  0.80968  -232.20869  -234.14766  4.99985   768
1962.00  0.03744  0.03757  0.01010  0.80968  -231.24129  -233.20009  4.99985   768
1963.00  0.03741  0.03757  0.01078  0.80968  -230.15486  -232.08314  4.99985   768
1964.00  0.03741  0.03757  0.01114  0.80968  -229.58266  -231.47584  4.99985   768
1965.00  0.03742  0.03757  0.01118  0.80968  -229.45448  -231.32936  4.99985   768
1966.00  0.03743  0.03757  0.01083  0.80968  -229.97175  -231.81306  4.99985   768
1967.00  0.03741  0.03757  0.01027  0.80968  -230.81251  -232.63551  4.99985   768
1968.00  0.03742  0.03757  0.00970  0.80968  -231.70363  -233.54188  4.99985   768
1969.00  0.03743  0.03757  0.00941  0.80968  -232.17665  -234.03017  4.99985   768
1970.00  0.03742  0.03757  0.00949  0.80968  -232.12172  -234.03780  4.99985   768
1971.00  0.03740  0.03757  0.00987  0.80968  -231.56325  -233.50221  4.99985   768
1972.00  0.03740  0.03757  0.01058  0.80968  -230.50123  -232.47377  4.99985   768
1973.00  0.03742  0.03757  0.01111  0.80968  -229.67116  -231.60860  4.99985   768
1974.00  0.03740  0.03757  0.01131  0.80968  -229.28664  -231.17219  4.99985   768
1975.00  0.03742  0.03757  0.01110  0.80968  -229.59486  -231.46821  4.99985   768
1976.00  0.03742  0.03757  0.01066  0.80968  -230.23726  -232.08772  4.99985   768
1977.00  0.03741  0.03757  0.01003  0.80968  -231.19704  -233.04292  4.99985   768
1978.00  0.03741  0.03757  0.00945  0.80968  -232.07289  -233.92183  4.99985   768
1979.00  0.03744  0.03757  0.00939  0.80968  -232.29109  -234.20412  4.99985   768
1980.00  0.03741  0.03757  0.00965  0.80968  -231.88826  -233.79213  4.99985   768
1981.00  0.03741  0.03757  0.01017  0.80968  -231.10243  -233.03377  4.99985   768
1982.00  0.03742  0.03757  0.01079  0.80968  -230.14265  -232.08467  4.99985   768
1983.00  0.03741  0.03757  0.01128  0.80968  -229.36140  -231.26985  4.99985   768
1984.00  0.03741  0.03757  0.01122  0.80968  -229.41634  -231.28511  4.99985   768
1985.00  0.03742  0.03757  0.01094  0.80968  -229.82985  -231.67573  4.99985   768
1986.00  0.03740  0.03757  0.01035  0.80968  -230.67366  -232.48445  4.99985   768
1987.00  0.03741  0.03757  0.00974  0.80968  -231.69905  -233.53883  4.99985   768
1988.00  0.03740  0.03757  0.00938  0.80968  -232.24531  -234.11714  4.99985   768
1989.00  0.03741  0.03757  0.00948  0.80968  -232.14613  -234.08052  4.99985   768
1990.00  0.03741  0.03757  0.00989  0.80968  -231.50679  -233.45033  4.99985   768
1991.00  0.03739  0.03757  0.01047  0.80968  -230.68281  -232.63704  4.99985   768
1992.00  0.03742  0.03757  0.01097  0.80968  -229.88631  -231.82832  4.99985   768
1993.00  0.03741  0.03757  0.01118  0.80968  -229.52772  -231.43159  4.99985   768
1994.00  0.03741  0.03757  0.01106  0.80968  -229.64369  -231.50941  4.99985   768
1995.00  0.03741  0.03757  0.01065  0.80968  -230.27998  -232.10756  4.99985   768
1996.00  0.03741  0.03757  0.00996  0.80968  -231.29164  -233.10091  4.99985   768
1997.00  0.03741  0.03757  0.00952  0.80968  -232.00728  -233.85011  4.99985   768
1998.00  0.03742  0.03757  0.00944  0.80968  -232.19801  -234.07289  4.99985   768
1999.00  0.03741  0.03757  0.00971  0.80968  -231.79213  -233.70821  4.99985   768
2000.00  0.04293  0.05780  0.01015  0.80968  -231.07191  -232.98799  4.99985   768
2001.00  0.05526  0.05780  0.01214  0.80968  -228.38331  -230.57252  4.99985   768
2002.00  0.05588  0.05780  0.01450  0.80968  -224.52132  -226.51826  4.99985   768
2003.00  0.05603  0.05780  0.01344  0.80968  -225.77864  -227.42006  4.99985   768
2004.00  0.05615  0.05780  0.01366  0.80968  -225.84425  -227.87477  4.99985   768
