ASI 600A Data File
Created: Wed May  8 13:07:32 2024
A/D Sampling Rate: 1000 Hz
Comment: Mouse CP512 Cell 2
Width 0.0280
Thick 0.0140
After Activation
Width 0.0
Thick 0.0
*** Setup Parameters ***
Length Controller: 315C
Force Transducer: 406A
Initial Length: 0.0578 mm
Minimum Length: -5 Lo
Maximum Length: 5 Lo
Fiber Length: 0.0578 mm
Initial Sarcomere Length: 0 um
Diameter: 1.91919 mm
Maximum Tetanic Tension: 3 mN
Calibrate FC step size:  -20 um
Calibrate FC ramp time:  100 ms
Calibrate FC hold time:  200 ms
Force Gain-Factor:       0.6
Force Integral-Constant: 0.26 ms
Force Filter-Constant:   0.2 ms
Constant Stiffness Range: 100
dF/dL measured at Force:  34522 adu
Fiber Stiffness (adu):    0
Fiber Stiffness (mN/mm):  0
SL Gain-Factor:           0.25
SL Integral-Constant:     0.1 ms
SL Filter-Constant:       0 ms
SL Stiffness (adu):       0.3
SL Stiffness (um/mm):     1
ADC0 Offset: -28.840 mv
ADC1 Offset: -28.840 mv
DAC0 Offset: 3.336 mv
DAC1 Offset: -3.588 mv
Panel 1 size: 2
Panel 2 size: 4
Panel 3 size: 2
Panel 4 size: 5
Panel 1 signal: 0
Panel 2 signal: 1
Panel 3 signal: 2
Panel 4 signal: 6
Background (0/1): 0
Length In color:  16395263
Force  In color:  16717330
SL     In color:  16771867
Aux1   In color:  1769257
Length Out color:  255
Force  Out color:  255
Stim   Out color:  16777215
Aux2   In  color:  16747283
Length Units: um
Force Units: mN
Time Units: ms
Sarcomere Length Units: um
Scope Display1: 0
Scope Display2: 2
AUX Channels Scope Display: 0
Scope Timebase: 1
Scope Vscale:   0
Scope Lunit:    1
Scope Lmin:     0.026370
Scope Lmax:     0.026470
Scope Funit:    0
Scope Fmin:     0.157780
Scope Fmax:     0.157960
Scope AUX1_min:     10.000000
Scope AUX1_max:     16.000000
Scope AUX2_min:     8.000000
Scope AUX2_max:     14.000000
Scope L Data Scale:     1.651868
Scope F Data Scale:     0.225000
Scope AUX1 Data Scale:     1.000000
Scope AUX2 Data Scale:     1.000000
Scope SL Data Scale:     1.000000
Scope Sunit:    0
Analysis Lunit: 4
Analysis Funit: 0
Analysis Tunit: 0
Analysis Channels: 101000000010000
Analysis Readout: 1
Analysis Gaussian Filter Kernel Size (Lin):     201
Analysis Gaussian Filter Kernel Size (Fin):     50
Analysis Gaussian Filter Kernel Size (Aux1):    201
Analysis Gaussian Filter Kernel Size (Aux2):    201
Analysis Gaussian Filter Standard Deviation (Lin):     1.0
Analysis Gaussian Filter Standard Deviation (Fin):     1.0
Analysis Gaussian Filter Standard Deviation (Aux1):    1.0
Analysis Gaussian Filter Standard Deviation (Aux2):    1.0
Aux1 Name: Aux1
Aux1 Units: C
Aux1 Scale (units/volt): 100.000000
Aux1 Offset (units): 2.000000
Aux2 Name: Aux2
Aux2 Units: mv
Aux2 Scale (units/volt): 100
Aux2 Offset (units): 0
 *** Cantilever Properties ***
Cantilever Stiffness Calculation Method: 2
Cantilever Stiffness (N/m): -1.000
Cantilever Length (um): 450.000
Cantilever Thickness (um): 2.000
Cantilever Width 1 (um): 50.000
Cantilever Width 2 (um): 50.000
Cantilever Elasticity (GPa): 160.000
 *** ASI804A Test Window Properties ***
ASI804A Vscale: 0
ASI804A Timebase: 0
ASI804A Sampling Rate: 0
ASI804A Scope L_min:     999.800000
ASI804A Scope L_max:     1000.200000
ASI804A Scope F_min:     -0.040000
ASI804A Scope F_max:     0.020000
ASI804A Scope log10Rario_min:     -0.063875
ASI804A Scope log10Ratio_max:     -0.063650
ASI804A Scope L Scale Units:    4
ASI804A Scope F Scale Units:    0
ASI804A Scope L Scale:     1.000000
ASI804A Scope F Scale:     1.000000
ASI804A Scope log10Ratio Scale:     0.500000
ASI804A Data Files Directory: /home/asi/data
ASI804A Data Files Name: atp_datafile
ASI804A Font: Liberation Sans
ASI804A Font Size: 24
ASI804A pCa Combo Size: 0
ASI804A pCa Combo Active: -1
 *** Additional devices ***
ASI802D Bath Controller: 0
ASI804A ATPase Controller: 1
*** Calibration Parameters ***
Model  LOoffset  LOscale  LIoffset  LIscale  FOoffset  FOscale  FIoffset  FIscale
Number 	mm        mm/v	   mm        mm/v     mN        mN/v     mN        mN/v
308B	 0	 0.2	 0	 0.2	 0	 1	 0	 1
312C	 0	 0.15	 0	 0.15	 0	 1	 0	 1
315C	 0	 0.15	 0	 0.15	 0	 1	 0	 1
318B	 0	 0.3	 0	 0.3	 0	 1	 0	 1
322C	 0	 0.3	 0	 0.3	 0	 1	 0	 1
340A	 0	 0.005	 0	 0.005	 0	 1	 0	 1
300C	 0	 0.5	 0	 0.5	 0	 50	 0	 50
300C-LR	 0	 0.5	 0	 0.5	 0	 100	 0	 100
305C	 0	 1	 0	 1	 0	 500	 0	 500
305C-LR	 0	 1	 0	 1	 0	 1000	 0	 1000
309C	 0	 1.25	 0	 1.25	 0	 2000	 0	 2000
310C	 0	 2	 0	 2	 0	 5000	 0	 5000
310C-LR	 0	 2	 0	 2	 0	 10000	 0	 10000
???	 0	 1	 0	 1	 0	 1	 0	 1
400A	 0	 1	 0	 1	 0	 5	 0	 5
402A	 0	 1	 0	 1	 0	 50	 0	 50
403A-CF	 0	 1	 0	 1	 0	 0.2	 0	 0.2
403A	 0	 1	 0	 1	 0	 0.5	 0	 0.5
404A	 0	 1	 0	 1	 0	 10	 0	 10
405A	 0	 1	 0	 1	 0	 1	 0	 1
406A	 0	 1	 0	 1	 0.16	 0.06497	 0.16	 0.06497
407A	 0	 1	 0	 1	 0	 100	 0	 100
470A	 0	 1	 0	 1	 0	 1	 0	 1
other	 0	 1	 0	 1	 0	 1	 0	 1
none	 0	 1	 0	 1	 0	 1	 0	 1
*** Test Protocol Parameters ***
A/D Sampling Rate: 1000 Hz
Comment: Length Discrete Sine protocol for stiffness testing
Minimum Length: -5.000 (Lo)
Maximum Length: 5.000 (Lo)
PD Deadband:    0.000000 mN
Stimulus 01: 0.3 ms 100.000 Hz 10.0 ms 50.000 Hz 0.100 s
Stimulus 02: 1.2 ms 100.000 Hz 20.0 ms 2.000 Hz 100.000 s
Stimulus 03: 1.3 ms 100.000 Hz 20.0 ms 2.000 Hz 100.000 s
Stimulus 04: 1.4 ms 100.000 Hz 20.0 ms 2.000 Hz 100.000 s
Stimulus 05: 1.5 ms 100.000 Hz 20.0 ms 2.000 Hz 100.000 s
Stimulus 06: 1.6 ms 100.000 Hz 20.0 ms 2.000 Hz 100.000 s
Stimulus 07: 1.7 ms 100.000 Hz 20.0 ms 2.000 Hz 100.000 s
Stimulus 08: 1.8 ms 100.000 Hz 20.0 ms 2.000 Hz 100.000 s
Stimulus 09: 1.9 ms 100.000 Hz 20.0 ms 2.000 Hz 100.000 s
Stimulus 10: 2.2 ms 100.000 Hz 20.0 ms 2.000 Hz 100.000 s
Time (ms)	Control Function	Options
      0.0	Data-Enable		
    200.0	Length-Step		 0.65 Lo
   2000.0	Length-Step		 1 Lo
   2005.0	Data-Disable		
      0.0	Stop		
*** Force and Length Signals vs Time ***
Time (ms)  Lin (mm)  Lout (mm)  Fin (mN)  Fout (mN)  Aux1 C  Aux2 mv  SL (um)   Stimulus/Triggers
0.00  0.05722  0.05780  0.00648  0.80968  -236.66426  -238.48878  4.99985   768
1.00  0.05722  0.05780  0.00617  0.80968  -237.19374  -239.06862  4.99985   768
2.00  0.05721  0.05780  0.00628  0.80968  -237.05946  -238.99538  4.99985   768
3.00  0.05720  0.05780  0.00667  0.80968  -236.46742  -238.39418  4.99985   768
4.00  0.05721  0.05780  0.00740  0.80968  -235.36421  -237.32149  4.99985   768
5.00  0.05721  0.05780  0.00800  0.80968  -234.48988  -236.41511  4.99985   768
6.00  0.05721  0.05780  0.00833  0.80968  -233.93904  -235.82765  4.99985   768
7.00  0.05721  0.05780  0.00822  0.80968  -234.02754  -235.87801  4.99985   768
8.00  0.05721  0.05780  0.00764  0.80968  -234.85762  -236.65315  4.99985   768
9.00  0.05723  0.05780  0.00698  0.80968  -235.86775  -237.68922  4.99985   768
10.00  0.05721  0.05780  0.00635  0.80968  -236.83363  -238.64442  4.99985   768
11.00  0.05722  0.05780  0.00621  0.80968  -237.15254  -239.05336  4.99985   768
12.00  0.05722  0.05780  0.00654  0.80968  -236.62917  -238.55135  4.99985   768
13.00  0.05722  0.05780  0.00720  0.80968  -235.68312  -237.62819  4.99985   768
14.00  0.05723  0.05780  0.00783  0.80968  -234.68367  -236.62569  4.99985   768
15.00  0.05723  0.05780  0.00825  0.80968  -234.04738  -235.94514  4.99985   768
16.00  0.05721  0.05780  0.00836  0.80968  -233.84291  -235.74831  4.99985   768
17.00  0.05723  0.05780  0.00798  0.80968  -234.33577  -236.19844  4.99985   768
18.00  0.05721  0.05780  0.00736  0.80968  -235.31691  -237.14754  4.99985   768
19.00  0.05723  0.05780  0.00656  0.80968  -236.52235  -238.34077  4.99985   768
20.00  0.05721  0.05780  0.00624  0.80968  -237.10066  -238.99995  4.99985   768
21.00  0.05723  0.05780  0.00635  0.80968  -236.95875  -238.87025  4.99985   768
22.00  0.05722  0.05780  0.00681  0.80968  -236.27669  -238.20955  4.99985   768
23.00  0.05723  0.05780  0.00745  0.80968  -235.30012  -237.24214  4.99985   768
24.00  0.05723  0.05780  0.00811  0.80968  -234.24727  -236.18013  4.99985   768
25.00  0.05720  0.05780  0.00832  0.80968  -233.86732  -235.75746  4.99985   768
26.00  0.05722  0.05780  0.00809  0.80968  -234.17097  -236.01076  4.99985   768
27.00  0.05721  0.05780  0.00759  0.80968  -234.92018  -236.74165  4.99985   768
28.00  0.05722  0.05780  0.00684  0.80968  -236.09053  -237.89522  4.99985   768
29.00  0.05722  0.05780  0.00629  0.80968  -236.94655  -238.77107  4.99985   768
30.00  0.05723  0.05780  0.00611  0.80968  -237.29597  -239.18001  4.99985   768
31.00  0.05722  0.05780  0.00636  0.80968  -236.96028  -238.88246  4.99985   768
32.00  0.05723  0.05780  0.00705  0.80968  -235.90437  -237.87996  4.99985   768
33.00  0.05722  0.05780  0.00783  0.80968  -234.72182  -236.69435  4.99985   768
34.00  0.05722  0.05780  0.00835  0.80968  -233.87953  -235.80934  4.99985   768
35.00  0.05723  0.05780  0.00824  0.80968  -233.99245  -235.87038  4.99985   768
36.00  0.05722  0.05780  0.00800  0.80968  -234.37086  -236.22896  4.99985   768
37.00  0.05722  0.05780  0.00733  0.80968  -235.34132  -237.13991  4.99985   768
38.00  0.05723  0.05780  0.00662  0.80968  -236.42775  -238.26753  4.99985   768
39.00  0.05722  0.05780  0.00625  0.80968  -237.04726  -238.91756  4.99985   768
40.00  0.05723  0.05780  0.00623  0.80968  -237.11897  -239.00911  4.99985   768
41.00  0.05723  0.05780  0.00666  0.80968  -236.49031  -238.40639  4.99985   768
42.00  0.05723  0.05780  0.00751  0.80968  -235.19942  -237.15669  4.99985   768
43.00  0.05724  0.05780  0.00815  0.80968  -234.18928  -236.09468  4.99985   768
44.00  0.05721  0.05780  0.00836  0.80968  -233.82460  -235.71321  4.99985   768
45.00  0.05723  0.05780  0.00823  0.80968  -233.94514  -235.80476  4.99985   768
46.00  0.05721  0.05780  0.00759  0.80968  -234.93239  -236.74928  4.99985   768
47.00  0.05722  0.05780  0.00690  0.80968  -235.99440  -237.80366  4.99985   768
48.00  0.05723  0.05780  0.00637  0.80968  -236.85805  -238.70546  4.99985   768
49.00  0.05723  0.05780  0.00612  0.80968  -237.25020  -239.12355  4.99985   768
50.00  0.05723  0.05780  0.00637  0.80968  -236.94044  -238.85957  4.99985   768
51.00  0.05722  0.05780  0.00700  0.80968  -235.97304  -237.94557  4.99985   768
52.00  0.05723  0.05780  0.00774  0.80968  -234.84083  -236.79048  4.99985   768
53.00  0.05723  0.05780  0.00817  0.80968  -234.15724  -236.06569  4.99985   768
54.00  0.05722  0.05780  0.00833  0.80968  -233.85207  -235.75441  4.99985   768
55.00  0.05722  0.05780  0.00794  0.80968  -234.39986  -236.21675  4.99985   768
56.00  0.05723  0.05780  0.00727  0.80968  -235.44966  -237.26350  4.99985   768
57.00  0.05723  0.05780  0.00661  0.80968  -236.45979  -238.27974  4.99985   768
58.00  0.05722  0.05780  0.00621  0.80968  -237.07777  -238.92366  4.99985   768
59.00  0.05722  0.05780  0.00618  0.80968  -237.22273  -239.11897  4.99985   768
60.00  0.05723  0.05780  0.00673  0.80968  -236.33925  -238.27364  4.99985   768
61.00  0.05723  0.05780  0.00743  0.80968  -235.29097  -237.23299  4.99985   768
62.00  0.05722  0.05780  0.00805  0.80968  -234.34340  -236.26558  4.99985   768
63.00  0.05722  0.05780  0.00831  0.80968  -233.89479  -235.79561  4.99985   768
64.00  0.05722  0.05780  0.00815  0.80968  -234.10231  -235.95430  4.99985   768
65.00  0.05722  0.05780  0.00764  0.80968  -234.90034  -236.72334  4.99985   768
66.00  0.05722  0.05780  0.00698  0.80968  -235.89064  -237.72890  4.99985   768
67.00  0.05722  0.05780  0.00641  0.80968  -236.76955  -238.61238  4.99985   768
68.00  0.05722  0.05780  0.00622  0.80968  -237.12355  -239.01063  4.99985   768
69.00  0.05723  0.05780  0.00654  0.80968  -236.70088  -238.63527  4.99985   768
70.00  0.05720  0.05780  0.00713  0.80968  -235.77467  -237.73347  4.99985   768
71.00  0.05722  0.05780  0.00783  0.80968  -234.73860  -236.67909  4.99985   768
72.00  0.05721  0.05780  0.00818  0.80968  -234.08247  -235.99245  4.99985   768
73.00  0.05722  0.05780  0.00820  0.80968  -234.05043  -235.90852  4.99985   768
74.00  0.05723  0.05780  0.00781  0.80968  -234.63789  -236.46394  4.99985   768
75.00  0.05722  0.05780  0.00722  0.80968  -235.51375  -237.32912  4.99985   768
76.00  0.05723  0.05780  0.00665  0.80968  -236.33620  -238.15004  4.99985   768
77.00  0.05722  0.05780  0.00622  0.80968  -237.09608  -238.95570  4.99985   768
78.00  0.05723  0.05780  0.00625  0.80968  -237.06557  -238.96181  4.99985   768
79.00  0.05722  0.05780  0.00676  0.80968  -236.33467  -238.27211  4.99985   768
80.00  0.05721  0.05780  0.00742  0.80968  -235.35353  -237.29707  4.99985   768
81.00  0.05722  0.05780  0.00800  0.80968  -234.39833  -236.31593  4.99985   768
82.00  0.05722  0.05780  0.00814  0.80968  -234.18318  -236.05501  4.99985   768
83.00  0.05723  0.05780  0.00792  0.80968  -234.47462  -236.32661  4.99985   768
84.00  0.05722  0.05780  0.00734  0.80968  -235.35353  -237.17805  4.99985   768
85.00  0.05722  0.05780  0.00670  0.80968  -236.31789  -238.15156  4.99985   768
86.00  0.05722  0.05780  0.00622  0.80968  -237.05946  -238.91450  4.99985   768
87.00  0.05721  0.05780  0.00609  0.80968  -237.32497  -239.20747  4.99985   768
88.00  0.05722  0.05780  0.00642  0.80968  -236.85194  -238.78023  4.99985   768
89.00  0.05722  0.05780  0.00708  0.80968  -235.86928  -237.82350  4.99985   768
90.00  0.05723  0.05780  0.00770  0.80968  -234.88509  -236.82405  4.99985   768
91.00  0.05723  0.05780  0.00818  0.80968  -234.14046  -236.05043  4.99985   768
92.00  0.05723  0.05780  0.00824  0.80968  -233.98024  -235.84901  4.99985   768
93.00  0.05722  0.05780  0.00780  0.80968  -234.63332  -236.44868  4.99985   768
94.00  0.05721  0.05780  0.00714  0.80968  -235.62666  -237.42525  4.99985   768
95.00  0.05722  0.05780  0.00649  0.80968  -236.63832  -238.45979  4.99985   768
96.00  0.05723  0.05780  0.00623  0.80968  -237.10982  -238.98012  4.99985   768
97.00  0.05722  0.05780  0.00639  0.80968  -236.87178  -238.78633  4.99985   768
98.00  0.05723  0.05780  0.00688  0.80968  -236.14546  -238.09969  4.99985   768
99.00  0.05722  0.05780  0.00760  0.80968  -235.07887  -237.04073  4.99985   768
100.00  0.05722  0.05780  0.00816  0.80968  -234.15419  -236.08705  4.99985   768
101.00  0.05723  0.05780  0.00836  0.80968  -233.82765  -235.73457  4.99985   768
102.00  0.05722  0.05780  0.00818  0.80968  -234.05348  -235.91005  4.99985   768
103.00  0.05722  0.05780  0.00752  0.80968  -235.04225  -236.88661  4.99985   768
104.00  0.05723  0.05780  0.00682  0.80968  -236.10426  -237.91811  4.99985   768
105.00  0.05722  0.05780  0.00630  0.80968  -236.96638  -238.81837  4.99985   768
106.00  0.05722  0.05780  0.00622  0.80968  -237.11745  -239.00758  4.99985   768
107.00  0.05723  0.05780  0.00655  0.80968  -236.65358  -238.57881  4.99985   768
108.00  0.05722  0.05780  0.00715  0.80968  -235.75026  -237.66786  4.99985   768
109.00  0.05723  0.05780  0.00776  0.80968  -234.80269  -236.73555  4.99985   768
110.00  0.05723  0.05780  0.00815  0.80968  -234.14046  -236.04280  4.99985   768
111.00  0.05722  0.05780  0.00806  0.80968  -234.23964  -236.08858  4.99985   768
112.00  0.05724  0.05780  0.00759  0.80968  -234.91408  -236.73555  4.99985   768
113.00  0.05721  0.05780  0.00700  0.80968  -235.80519  -237.62514  4.99985   768
114.00  0.05721  0.05780  0.00636  0.80968  -236.87025  -238.69630  4.99985   768
115.00  0.05722  0.05780  0.00602  0.80968  -237.43025  -239.31428  4.99985   768
116.00  0.05723  0.05780  0.00618  0.80968  -237.23341  -239.15865  4.99985   768
117.00  0.05721  0.05780  0.00677  0.80968  -236.31789  -238.27211  4.99985   768
118.00  0.05722  0.05780  0.00745  0.80968  -235.34132  -237.30775  4.99985   768
119.00  0.05722  0.05780  0.00813  0.80968  -234.22438  -236.17403  4.99985   768
120.00  0.05721  0.05780  0.00821  0.80968  -234.04433  -235.91920  4.99985   768
121.00  0.05722  0.05780  0.00803  0.80968  -234.24574  -236.10536  4.99985   768
122.00  0.05720  0.05780  0.00744  0.80968  -235.18416  -237.00563  4.99985   768
123.00  0.05721  0.05780  0.00684  0.80968  -236.11494  -237.94099  4.99985   768
124.00  0.05722  0.05780  0.00635  0.80968  -236.87331  -238.69936  4.99985   768
125.00  0.05723  0.05780  0.00628  0.80968  -237.00301  -238.89009  4.99985   768
126.00  0.05723  0.05780  0.00672  0.80968  -236.40944  -238.33925  4.99985   768
127.00  0.05721  0.05780  0.00736  0.80968  -235.42525  -237.36421  4.99985   768
128.00  0.05723  0.05780  0.00806  0.80968  -234.36323  -236.30830  4.99985   768
129.00  0.05723  0.05780  0.00835  0.80968  -233.83528  -235.72542  4.99985   768
130.00  0.05721  0.05780  0.00835  0.80968  -233.82307  -235.69032  4.99985   768
131.00  0.05723  0.05780  0.00781  0.80968  -234.59059  -236.40596  4.99985   768
132.00  0.05721  0.05780  0.00698  0.80968  -235.86165  -237.66481  4.99985   768
133.00  0.05723  0.05780  0.00641  0.80968  -236.79396  -238.63679  4.99985   768
134.00  0.05722  0.05780  0.00612  0.80968  -237.27309  -239.15102  4.99985   768
135.00  0.05722  0.05780  0.00628  0.80968  -237.08235  -239.00911  4.99985   768
136.00  0.05723  0.05780  0.00687  0.80968  -236.19276  -238.15309  4.99985   768
137.00  0.05723  0.05780  0.00758  0.80968  -235.13228  -237.09260  4.99985   768
138.00  0.05723  0.05780  0.00811  0.80968  -234.20912  -236.12215  4.99985   768
139.00  0.05723  0.05780  0.00825  0.80968  -233.99397  -235.88106  4.99985   768
140.00  0.05721  0.05780  0.00804  0.80968  -234.24574  -236.07332  4.99985   768
141.00  0.05722  0.05780  0.00736  0.80968  -235.29250  -237.09413  4.99985   768
142.00  0.05721  0.05780  0.00666  0.80968  -236.37892  -238.19734  4.99985   768
143.00  0.05721  0.05780  0.00618  0.80968  -237.10524  -238.94502  4.99985   768
144.00  0.05722  0.05780  0.00613  0.80968  -237.26698  -239.13881  4.99985   768
145.00  0.05722  0.05780  0.00647  0.80968  -236.80159  -238.73292  4.99985   768
146.00  0.05722  0.05780  0.00727  0.80968  -235.57783  -237.52748  4.99985   768
147.00  0.05721  0.05780  0.00788  0.80968  -234.61500  -236.54939  4.99985   768
148.00  0.05722  0.05780  0.00825  0.80968  -234.02144  -235.93446  4.99985   768
149.00  0.05722  0.05780  0.00825  0.80968  -233.99397  -235.86580  4.99985   768
150.00  0.05723  0.05780  0.00778  0.80968  -234.66383  -236.49141  4.99985   768
151.00  0.05721  0.05780  0.00705  0.80968  -235.80366  -237.64040  4.99985   768
152.00  0.05723  0.05780  0.00648  0.80968  -236.68562  -238.54219  4.99985   768
153.00  0.05722  0.05780  0.00618  0.80968  -237.18001  -239.06099  4.99985   768
154.00  0.05721  0.05780  0.00634  0.80968  -237.00453  -238.91603  4.99985   768
155.00  0.05721  0.05780  0.00693  0.80968  -236.09358  -238.05238  4.99985   768
156.00  0.05721  0.05780  0.00764  0.80968  -235.01784  -236.95528  4.99985   768
157.00  0.05723  0.05780  0.00818  0.80968  -234.10536  -235.98787  4.99985   768
158.00  0.05722  0.05780  0.00835  0.80968  -233.85359  -235.74983  4.99985   768
159.00  0.05722  0.05780  0.00803  0.80968  -234.24727  -236.09468  4.99985   768
160.00  0.05722  0.05780  0.00749  0.80968  -235.10634  -236.90950  4.99985   768
161.00  0.05722  0.05780  0.00679  0.80968  -236.16072  -237.97151  4.99985   768
162.00  0.05723  0.05780  0.00631  0.80968  -236.92671  -238.76192  4.99985   768
163.00  0.05722  0.05780  0.00616  0.80968  -237.20290  -239.08998  4.99985   768
164.00  0.05721  0.05780  0.00649  0.80968  -236.78023  -238.71309  4.99985   768
165.00  0.05722  0.05780  0.00721  0.80968  -235.68007  -237.64955  4.99985   768
166.00  0.05723  0.05780  0.00782  0.80968  -234.67451  -236.62111  4.99985   768
167.00  0.05721  0.05780  0.00823  0.80968  -234.04433  -235.96040  4.99985   768
168.00  0.05721  0.05780  0.00809  0.80968  -234.22133  -236.08705  4.99985   768
169.00  0.05722  0.05780  0.00765  0.80968  -234.89119  -236.71876  4.99985   768
170.00  0.05722  0.05780  0.00711  0.80968  -235.69990  -237.55342  4.99985   768
171.00  0.05721  0.05780  0.00652  0.80968  -236.56966  -238.41554  4.99985   768
172.00  0.05723  0.05780  0.00616  0.80968  -237.16780  -239.03657  4.99985   768
173.00  0.05722  0.05780  0.00630  0.80968  -237.02132  -238.93129  4.99985   768
174.00  0.05723  0.05780  0.00689  0.80968  -236.15309  -238.09511  4.99985   768
175.00  0.05722  0.05780  0.00756  0.80968  -235.11854  -237.05598  4.99985   768
176.00  0.05723  0.05780  0.00817  0.80968  -234.16792  -236.07637  4.99985   768
177.00  0.05723  0.05780  0.00826  0.80968  -233.96040  -235.82307  4.99985   768
178.00  0.05721  0.05780  0.00795  0.80968  -234.42580  -236.25185  4.99985   768
179.00  0.05723  0.05780  0.00736  0.80968  -235.26808  -237.09718  4.99985   768
180.00  0.05723  0.05780  0.00672  0.80968  -236.27211  -238.09206  4.99985   768
181.00  0.05722  0.05780  0.00631  0.80968  -236.91603  -238.77718  4.99985   768
182.00  0.05722  0.05780  0.00620  0.80968  -237.16322  -239.06404  4.99985   768
183.00  0.05722  0.05780  0.00661  0.80968  -236.54829  -238.47810  4.99985   768
184.00  0.05722  0.05780  0.00723  0.80968  -235.65718  -237.63124  4.99985   768
185.00  0.05723  0.05780  0.00791  0.80968  -234.56465  -236.51582  4.99985   768
186.00  0.05721  0.05780  0.00824  0.80968  -234.01533  -235.93294  4.99985   768
187.00  0.05723  0.05780  0.00810  0.80968  -234.23201  -236.08705  4.99985   768
188.00  0.05723  0.05780  0.00768  0.80968  -234.83015  -236.66231  4.99985   768
189.00  0.05724  0.05780  0.00700  0.80968  -235.88759  -237.71669  4.99985   768
190.00  0.05723  0.05780  0.00641  0.80968  -236.74971  -238.57271  4.99985   768
191.00  0.05722  0.05780  0.00622  0.80968  -237.11134  -238.99995  4.99985   768
192.00  0.05723  0.05780  0.00648  0.80968  -236.74818  -238.65053  4.99985   768
193.00  0.05722  0.05780  0.00693  0.80968  -236.07069  -237.98677  4.99985   768
194.00  0.05721  0.05780  0.00762  0.80968  -235.02699  -236.96443  4.99985   768
195.00  0.05721  0.05780  0.00809  0.80968  -234.28541  -236.18013  4.99985   768
196.00  0.05723  0.05780  0.00809  0.80968  -234.25032  -236.12825  4.99985   768
197.00  0.05723  0.05780  0.00790  0.80968  -234.51582  -236.34035  4.99985   768
198.00  0.05721  0.05780  0.00734  0.80968  -235.34590  -237.17195  4.99985   768
199.00  0.05723  0.05780  0.00668  0.80968  -236.36061  -238.22176  4.99985   768
200.00  0.05195  0.03757  0.00632  0.80968  -236.94807  -238.80922  4.99985   768
201.00  0.03992  0.03757  0.00609  0.80968  -237.32039  -239.19679  4.99985   768
202.00  0.03909  0.03757  0.00639  0.80968  -236.92824  -238.87025  4.99985   768
203.00  0.03880  0.03757  0.00714  0.80968  -235.80214  -237.78078  4.99985   768
204.00  0.03862  0.03757  0.00768  0.80968  -234.95528  -236.89271  4.99985   768
205.00  0.03849  0.03757  0.00777  0.80968  -234.71724  -236.59517  4.99985   768
206.00  0.03836  0.03757  0.00782  0.80968  -234.62874  -236.50667  4.99985   768
207.00  0.03829  0.03757  0.00712  0.80968  -235.67244  -237.48628  4.99985   768
208.00  0.03820  0.03757  0.00642  0.80968  -236.74666  -238.54219  4.99985   768
209.00  0.03815  0.03757  0.00600  0.80968  -237.40584  -239.24562  4.99985   768
210.00  0.03808  0.03757  0.00568  0.80968  -237.92464  -239.77052  4.99985   768
211.00  0.03801  0.03757  0.00589  0.80968  -237.67744  -239.60268  4.99985   768
212.00  0.03798  0.03757  0.00653  0.80968  -236.71614  -238.65053  4.99985   768
213.00  0.03794  0.03757  0.00715  0.80968  -235.79146  -237.73347  4.99985   768
214.00  0.03790  0.03757  0.00765  0.80968  -234.93544  -236.86677  4.99985   768
215.00  0.03789  0.03757  0.00766  0.80968  -234.89271  -236.75539  4.99985   768
216.00  0.03785  0.03757  0.00726  0.80968  -235.47560  -237.33522  4.99985   768
217.00  0.03784  0.03757  0.00673  0.80968  -236.31331  -238.14546  4.99985   768
218.00  0.03781  0.03757  0.00600  0.80968  -237.41042  -239.23646  4.99985   768
219.00  0.03780  0.03757  0.00564  0.80968  -238.01771  -239.90175  4.99985   768
220.00  0.03780  0.03757  0.00572  0.80968  -237.87733  -239.79646  4.99985   768
221.00  0.03778  0.03757  0.00606  0.80968  -237.45314  -239.36464  4.99985   768
222.00  0.03775  0.03757  0.00688  0.80968  -236.14851  -238.12257  4.99985   768
223.00  0.03776  0.03757  0.00747  0.80968  -235.24824  -237.15822  4.99985   768
224.00  0.03775  0.03757  0.00768  0.80968  -234.91865  -236.80574  4.99985   768
225.00  0.03774  0.03757  0.00762  0.80968  -234.94002  -236.81489  4.99985   768
226.00  0.03774  0.03757  0.00709  0.80968  -235.70448  -237.51222  4.99985   768
227.00  0.03772  0.03757  0.00640  0.80968  -236.74055  -238.55135  4.99985   768
228.00  0.03771  0.03757  0.00590  0.80968  -237.56148  -239.39821  4.99985   768
229.00  0.03774  0.03757  0.00565  0.80968  -237.99635  -239.86665  4.99985   768
230.00  0.03772  0.03757  0.00598  0.80968  -237.53249  -239.46687  4.99985   768
231.00  0.03771  0.03757  0.00664  0.80968  -236.52998  -238.49336  4.99985   768
232.00  0.03770  0.03757  0.00731  0.80968  -235.51222  -237.46187  4.99985   768
233.00  0.03771  0.03757  0.00771  0.80968  -234.89271  -236.82252  4.99985   768
234.00  0.03768  0.03757  0.00771  0.80968  -234.80727  -236.66994  4.99985   768
235.00  0.03768  0.03757  0.00736  0.80968  -235.36574  -237.21773  4.99985   768
236.00  0.03769  0.03757  0.00692  0.80968  -235.97914  -237.84029  4.99985   768
237.00  0.03769  0.03757  0.00613  0.80968  -237.20290  -238.99995  4.99985   768
238.00  0.03769  0.03757  0.00573  0.80968  -237.88496  -239.75221  4.99985   768
239.00  0.03769  0.03757  0.00572  0.80968  -237.92158  -239.85139  4.99985   768
240.00  0.03766  0.03757  0.00631  0.80968  -237.04115  -238.97707  4.99985   768
241.00  0.03767  0.03757  0.00706  0.80968  -235.93336  -237.86470  4.99985   768
242.00  0.03767  0.03757  0.00759  0.80968  -235.03310  -236.95070  4.99985   768
243.00  0.03767  0.03757  0.00778  0.80968  -234.72334  -236.57533  4.99985   768
244.00  0.03766  0.03757  0.00756  0.80968  -234.97969  -236.82405  4.99985   768
245.00  0.03766  0.03757  0.00712  0.80968  -235.70448  -237.52290  4.99985   768
246.00  0.03767  0.03757  0.00642  0.80968  -236.75581  -238.58186  4.99985   768
247.00  0.03766  0.03757  0.00584  0.80968  -237.64387  -239.48671  4.99985   768
248.00  0.03766  0.03757  0.00565  0.80968  -237.99025  -239.87733  4.99985   768
249.00  0.03765  0.03757  0.00588  0.80968  -237.69881  -239.63472  4.99985   768
250.00  0.03765  0.03757  0.00653  0.80968  -236.71004  -238.65968  4.99985   768
251.00  0.03764  0.03757  0.00727  0.80968  -235.57021  -237.53358  4.99985   768
252.00  0.03764  0.03757  0.00773  0.80968  -234.83778  -236.76912  4.99985   768
253.00  0.03764  0.03757  0.00777  0.80968  -234.74623  -236.61653  4.99985   768
254.00  0.03765  0.03757  0.00740  0.80968  -235.32759  -237.16737  4.99985   768
255.00  0.03765  0.03757  0.00678  0.80968  -236.15309  -237.98067  4.99985   768
256.00  0.03766  0.03757  0.00612  0.80968  -237.19221  -239.02895  4.99985   768
257.00  0.03764  0.03757  0.00574  0.80968  -237.79646  -239.65456  4.99985   768
258.00  0.03764  0.03757  0.00576  0.80968  -237.85750  -239.74763  4.99985   768
259.00  0.03764  0.03757  0.00626  0.80968  -237.11745  -239.06099  4.99985   768
260.00  0.03763  0.03757  0.00693  0.80968  -236.10731  -238.04018  4.99985   768
261.00  0.03765  0.03757  0.00754  0.80968  -235.15517  -237.08192  4.99985   768
262.00  0.03763  0.03757  0.00787  0.80968  -234.59975  -236.47920  4.99985   768
263.00  0.03764  0.03757  0.00771  0.80968  -234.81795  -236.68367  4.99985   768
264.00  0.03762  0.03757  0.00710  0.80968  -235.65413  -237.47713  4.99985   768
265.00  0.03763  0.03757  0.00643  0.80968  -236.75276  -238.58339  4.99985   768
266.00  0.03763  0.03757  0.00587  0.80968  -237.59962  -239.45619  4.99985   768
267.00  0.03763  0.03757  0.00575  0.80968  -237.87123  -239.75374  4.99985   768
268.00  0.03763  0.03757  0.00609  0.80968  -237.38600  -239.33107  4.99985   768
269.00  0.03763  0.03757  0.00673  0.80968  -236.36977  -238.32704  4.99985   768
270.00  0.03762  0.03757  0.00747  0.80968  -235.27113  -237.22383  4.99985   768
271.00  0.03762  0.03757  0.00791  0.80968  -234.56007  -236.46242  4.99985   768
272.00  0.03762  0.03757  0.00790  0.80968  -234.47005  -236.35713  4.99985   768
273.00  0.03763  0.03757  0.00749  0.80968  -235.13991  -236.97206  4.99985   768
274.00  0.03764  0.03757  0.00685  0.80968  -236.05238  -237.85097  4.99985   768
275.00  0.03762  0.03757  0.00616  0.80968  -237.15407  -238.98164  4.99985   768
276.00  0.03762  0.03757  0.00583  0.80968  -237.70033  -239.56758  4.99985   768
277.00  0.03762  0.03757  0.00594  0.80968  -237.55232  -239.44551  4.99985   768
278.00  0.03763  0.03757  0.00637  0.80968  -236.92519  -238.85957  4.99985   768
279.00  0.03763  0.03757  0.00717  0.80968  -235.72890  -237.69838  4.99985   768
280.00  0.03763  0.03757  0.00776  0.80968  -234.83015  -236.74928  4.99985   768
281.00  0.03762  0.03757  0.00791  0.80968  -234.55702  -236.44258  4.99985   768
282.00  0.03763  0.03757  0.00765  0.80968  -234.87593  -236.74013  4.99985   768
283.00  0.03762  0.03757  0.00710  0.80968  -235.72890  -237.56410  4.99985   768
284.00  0.03762  0.03757  0.00636  0.80968  -236.81074  -238.63679  4.99985   768
285.00  0.03762  0.03757  0.00585  0.80968  -237.66371  -239.50960  4.99985   768
286.00  0.03762  0.03757  0.00576  0.80968  -237.86818  -239.77205  4.99985   768
287.00  0.03762  0.03757  0.00596  0.80968  -237.52333  -239.45924  4.99985   768
288.00  0.03761  0.03757  0.00660  0.80968  -236.60170  -238.54372  4.99985   768
289.00  0.03761  0.03757  0.00734  0.80968  -235.46950  -237.42067  4.99985   768
290.00  0.03761  0.03757  0.00771  0.80968  -234.81795  -236.70808  4.99985   768
291.00  0.03760  0.03757  0.00765  0.80968  -234.93391  -236.79353  4.99985   768
292.00  0.03761  0.03757  0.00727  0.80968  -235.44508  -237.27266  4.99985   768
293.00  0.03762  0.03757  0.00663  0.80968  -236.40181  -238.20039  4.99985   768
294.00  0.03761  0.03757  0.00600  0.80968  -237.40736  -239.23952  4.99985   768
295.00  0.03761  0.03757  0.00558  0.80968  -238.02382  -239.86665  4.99985   768
296.00  0.03761  0.03757  0.00561  0.80968  -238.12147  -240.01924  4.99985   768
297.00  0.03760  0.03757  0.00614  0.80968  -237.31123  -239.25630  4.99985   768
298.00  0.03761  0.03757  0.00681  0.80968  -236.28279  -238.24007  4.99985   768
299.00  0.03761  0.03757  0.00756  0.80968  -235.12160  -237.08498  4.99985   768
300.00  0.03761  0.03757  0.00783  0.80968  -234.63026  -236.54176  4.99985   768
301.00  0.03759  0.03757  0.00763  0.80968  -234.96748  -236.83015  4.99985   768
302.00  0.03761  0.03757  0.00710  0.80968  -235.68159  -237.50764  4.99985   768
303.00  0.03759  0.03757  0.00639  0.80968  -236.81837  -238.63985  4.99985   768
304.00  0.03761  0.03757  0.00583  0.80968  -237.69728  -239.55080  4.99985   768
305.00  0.03760  0.03757  0.00565  0.80968  -238.02534  -239.91396  4.99985   768
306.00  0.03759  0.03757  0.00595  0.80968  -237.62099  -239.54317  4.99985   768
307.00  0.03760  0.03757  0.00661  0.80968  -236.62917  -238.56203  4.99985   768
308.00  0.03759  0.03757  0.00737  0.80968  -235.40236  -237.35506  4.99985   768
309.00  0.03761  0.03757  0.00771  0.80968  -234.85609  -236.74318  4.99985   768
310.00  0.03761  0.03757  0.00774  0.80968  -234.76759  -236.64247  4.99985   768
311.00  0.03759  0.03757  0.00741  0.80968  -235.27418  -237.08803  4.99985   768
312.00  0.03759  0.03757  0.00674  0.80968  -236.23549  -238.04781  4.99985   768
313.00  0.03759  0.03757  0.00600  0.80968  -237.41499  -239.25020  4.99985   768
314.00  0.03759  0.03757  0.00565  0.80968  -237.96584  -239.83308  4.99985   768
315.00  0.03760  0.03757  0.00567  0.80968  -237.99025  -239.91548  4.99985   768
316.00  0.03759  0.03757  0.00621  0.80968  -237.21663  -239.16322  4.99985   768
317.00  0.03760  0.03757  0.00694  0.80968  -236.09358  -238.06764  4.99985   768
318.00  0.03760  0.03757  0.00743  0.80968  -235.28639  -237.20857  4.99985   768
319.00  0.03758  0.03757  0.00769  0.80968  -234.91408  -236.83931  4.99985   768
320.00  0.03759  0.03757  0.00742  0.80968  -235.22688  -237.08040  4.99985   768
321.00  0.03757  0.03757  0.00688  0.80968  -236.08900  -237.92421  4.99985   768
322.00  0.03758  0.03757  0.00624  0.80968  -237.01674  -238.84126  4.99985   768
323.00  0.03759  0.03757  0.00575  0.80968  -237.77968  -239.62862  4.99985   768
324.00  0.03759  0.03757  0.00560  0.80968  -238.04976  -239.93227  4.99985   768
325.00  0.03759  0.03757  0.00598  0.80968  -237.56758  -239.49281  4.99985   768
326.00  0.03759  0.03757  0.00659  0.80968  -236.59407  -238.53609  4.99985   768
327.00  0.03759  0.03757  0.00727  0.80968  -235.55952  -237.49391  4.99985   768
328.00  0.03759  0.03757  0.00765  0.80968  -234.87288  -236.75996  4.99985   768
329.00  0.03759  0.03757  0.00770  0.80968  -234.84389  -236.72487  4.99985   768
330.00  0.03759  0.03757  0.00730  0.80968  -235.39168  -237.24214  4.99985   768
331.00  0.03757  0.03757  0.00670  0.80968  -236.28737  -238.10426  4.99985   768
332.00  0.03757  0.03757  0.00604  0.80968  -237.30818  -239.16170  4.99985   768
333.00  0.03759  0.03757  0.00563  0.80968  -238.03603  -239.90785  4.99985   768
334.00  0.03758  0.03757  0.00584  0.80968  -237.71254  -239.63777  4.99985   768
335.00  0.03758  0.03757  0.00643  0.80968  -236.89009  -238.85500  4.99985   768
336.00  0.03758  0.03757  0.00716  0.80968  -235.72432  -237.68159  4.99985   768
337.00  0.03757  0.03757  0.00775  0.80968  -234.81642  -236.75539  4.99985   768
338.00  0.03758  0.03757  0.00790  0.80968  -234.62416  -236.49599  4.99985   768
339.00  0.03757  0.03757  0.00764  0.80968  -234.87593  -236.72182  4.99985   768
340.00  0.03758  0.03757  0.00703  0.80968  -235.81282  -237.60683  4.99985   768
341.00  0.03757  0.03757  0.00629  0.80968  -236.94960  -238.75581  4.99985   768
342.00  0.03757  0.03757  0.00583  0.80968  -237.66066  -239.51723  4.99985   768
343.00  0.03758  0.03757  0.00569  0.80968  -237.94295  -239.80409  4.99985   768
344.00  0.03759  0.03757  0.00605  0.80968  -237.44093  -239.35701  4.99985   768
345.00  0.03759  0.03757  0.00676  0.80968  -236.38045  -238.32552  4.99985   768
346.00  0.03758  0.03757  0.00743  0.80968  -235.29097  -237.22688  4.99985   768
347.00  0.03756  0.03757  0.00781  0.80968  -234.70503  -236.62263  4.99985   768
348.00  0.03759  0.03757  0.00765  0.80968  -234.84846  -236.71266  4.99985   768
349.00  0.03757  0.03757  0.00718  0.80968  -235.58852  -237.42372  4.99985   768
350.00  0.03759  0.03757  0.00651  0.80968  -236.59712  -238.42165  4.99985   768
351.00  0.03757  0.03757  0.00593  0.80968  -237.54317  -239.37990  4.99985   768
352.00  0.03759  0.03757  0.00576  0.80968  -237.81935  -239.70338  4.99985   768
353.00  0.03759  0.03757  0.00588  0.80968  -237.69575  -239.62862  4.99985   768
354.00  0.03757  0.03757  0.00646  0.80968  -236.77107  -238.73140  4.99985   768
355.00  0.03758  0.03757  0.00712  0.80968  -235.84792  -237.78841  4.99985   768
356.00  0.03758  0.03757  0.00767  0.80968  -234.94002  -236.86067  4.99985   768
357.00  0.03757  0.03757  0.00793  0.80968  -234.48378  -236.37392  4.99985   768
358.00  0.03758  0.03757  0.00756  0.80968  -235.01936  -236.85152  4.99985   768
359.00  0.03758  0.03757  0.00699  0.80968  -235.85402  -237.65260  4.99985   768
360.00  0.03757  0.03757  0.00638  0.80968  -236.80769  -238.64137  4.99985   768
361.00  0.03758  0.03757  0.00588  0.80968  -237.61488  -239.44551  4.99985   768
362.00  0.03757  0.03757  0.00593  0.80968  -237.57216  -239.49129  4.99985   768
363.00  0.03757  0.03757  0.00633  0.80968  -237.02132  -238.93587  4.99985   768
364.00  0.03757  0.03757  0.00694  0.80968  -236.07069  -238.01576  4.99985   768
365.00  0.03758  0.03757  0.00755  0.80968  -235.14296  -237.08650  4.99985   768
366.00  0.03756  0.03757  0.00790  0.80968  -234.59212  -236.52345  4.99985   768
367.00  0.03756  0.03757  0.00775  0.80968  -234.70808  -236.57991  4.99985   768
368.00  0.03757  0.03757  0.00735  0.80968  -235.33217  -237.17500  4.99985   768
369.00  0.03756  0.03757  0.00665  0.80968  -236.40639  -238.23396  4.99985   768
370.00  0.03757  0.03757  0.00601  0.80968  -237.40584  -239.23799  4.99985   768
371.00  0.03757  0.03757  0.00583  0.80968  -237.72780  -239.61793  4.99985   768
372.00  0.03755  0.03757  0.00603  0.80968  -237.46382  -239.39516  4.99985   768
373.00  0.03757  0.03757  0.00663  0.80968  -236.51320  -238.44148  4.99985   768
374.00  0.03756  0.03757  0.00727  0.80968  -235.57783  -237.52901  4.99985   768
375.00  0.03756  0.03757  0.00777  0.80968  -234.75386  -236.65163  4.99985   768
376.00  0.03756  0.03757  0.00787  0.80968  -234.56465  -236.42427  4.99985   768
377.00  0.03756  0.03757  0.00752  0.80968  -235.07124  -236.90340  4.99985   768
378.00  0.03756  0.03757  0.00694  0.80968  -235.96236  -237.78078  4.99985   768
379.00  0.03756  0.03757  0.00628  0.80968  -236.92366  -238.74971  4.99985   768
380.00  0.03755  0.03757  0.00580  0.80968  -237.71559  -239.55385  4.99985   768
381.00  0.03757  0.03757  0.00570  0.80968  -237.95363  -239.85139  4.99985   768
382.00  0.03756  0.03757  0.00618  0.80968  -237.27919  -239.23189  4.99985   768
383.00  0.03757  0.03757  0.00687  0.80968  -236.19124  -238.14851  4.99985   768
384.00  0.03756  0.03757  0.00757  0.80968  -235.11244  -237.07429  4.99985   768
385.00  0.03754  0.03757  0.00790  0.80968  -234.55397  -236.47768  4.99985   768
386.00  0.03756  0.03757  0.00782  0.80968  -234.63789  -236.51887  4.99985   768
387.00  0.03757  0.03757  0.00727  0.80968  -235.43288  -237.26961  4.99985   768
388.00  0.03755  0.03757  0.00656  0.80968  -236.53456  -238.35908  4.99985   768
389.00  0.03756  0.03757  0.00599  0.80968  -237.42110  -239.25935  4.99985   768
390.00  0.03756  0.03757  0.00568  0.80968  -237.94600  -239.80867  4.99985   768
391.00  0.03756  0.03757  0.00590  0.80968  -237.63930  -239.53706  4.99985   768
392.00  0.03755  0.03757  0.00648  0.80968  -236.80312  -238.74055  4.99985   768
393.00  0.03757  0.03757  0.00727  0.80968  -235.57478  -237.51680  4.99985   768
394.00  0.03754  0.03757  0.00776  0.80968  -234.77522  -236.67451  4.99985   768
395.00  0.03757  0.03757  0.00789  0.80968  -234.54329  -236.42580  4.99985   768
396.00  0.03755  0.03757  0.00757  0.80968  -234.98274  -236.79811  4.99985   768
397.00  0.03754  0.03757  0.00696  0.80968  -235.90895  -237.72737  4.99985   768
398.00  0.03754  0.03757  0.00618  0.80968  -237.09456  -238.90535  4.99985   768
399.00  0.03755  0.03757  0.00567  0.80968  -237.94142  -239.80562  4.99985   768
400.00  0.03755  0.03757  0.00567  0.80968  -238.00398  -239.92006  4.99985   768
401.00  0.03755  0.03757  0.00610  0.80968  -237.37532  -239.33412  4.99985   768
402.00  0.03755  0.03757  0.00682  0.80968  -236.29805  -238.25532  4.99985   768
403.00  0.03756  0.03757  0.00749  0.80968  -235.22993  -237.17958  4.99985   768
404.00  0.03756  0.03757  0.00774  0.80968  -234.79658  -236.68825  4.99985   768
405.00  0.03755  0.03757  0.00767  0.80968  -234.89577  -236.75386  4.99985   768
406.00  0.03755  0.03757  0.00708  0.80968  -235.73958  -237.53358  4.99985   768
407.00  0.03755  0.03757  0.00649  0.80968  -236.65968  -238.48268  4.99985   768
408.00  0.03755  0.03757  0.00592  0.80968  -237.52333  -239.34938  4.99985   768
409.00  0.03755  0.03757  0.00564  0.80968  -237.99330  -239.86360  4.99985   768
410.00  0.03755  0.03757  0.00584  0.80968  -237.70949  -239.59962  4.99985   768
411.00  0.03756  0.03757  0.00644  0.80968  -236.87178  -238.82143  4.99985   768
412.00  0.03755  0.03757  0.00715  0.80968  -235.75941  -237.70448  4.99985   768
413.00  0.03754  0.03757  0.00759  0.80968  -235.01326  -236.92934  4.99985   768
414.00  0.03754  0.03757  0.00768  0.80968  -234.89424  -236.78438  4.99985   768
415.00  0.03754  0.03757  0.00740  0.80968  -235.25282  -237.10786  4.99985   768
416.00  0.03754  0.03757  0.00682  0.80968  -236.12562  -237.95930  4.99985   768
417.00  0.03755  0.03757  0.00619  0.80968  -237.08388  -238.91298  4.99985   768
418.00  0.03755  0.03757  0.00566  0.80968  -237.93990  -239.80714  4.99985   768
419.00  0.03754  0.03757  0.00572  0.80968  -237.95515  -239.87886  4.99985   768
420.00  0.03755  0.03757  0.00618  0.80968  -237.27919  -239.21968  4.99985   768
421.00  0.03754  0.03757  0.00685  0.80968  -236.18056  -238.13936  4.99985   768
422.00  0.03753  0.03757  0.00761  0.80968  -235.01936  -236.97359  4.99985   768
423.00  0.03754  0.03757  0.00787  0.80968  -234.61195  -236.48683  4.99985   768
424.00  0.03755  0.03757  0.00766  0.80968  -234.82863  -236.68214  4.99985   768
425.00  0.03753  0.03757  0.00717  0.80968  -235.60683  -237.42982  4.99985   768
426.00  0.03755  0.03757  0.00661  0.80968  -236.46284  -238.29347  4.99985   768
427.00  0.03754  0.03757  0.00601  0.80968  -237.39058  -239.20747  4.99985   768
428.00  0.03753  0.03757  0.00577  0.80968  -237.81020  -239.66219  4.99985   768
429.00  0.03753  0.03757  0.00600  0.80968  -237.51112  -239.42873  4.99985   768
430.00  0.03754  0.03757  0.00648  0.80968  -236.77718  -238.72530  4.99985   768
431.00  0.03755  0.03757  0.00721  0.80968  -235.67244  -237.62971  4.99985   768
432.00  0.03755  0.03757  0.00771  0.80968  -234.86983  -236.79201  4.99985   768
433.00  0.03755  0.03757  0.00778  0.80968  -234.69588  -236.58144  4.99985   768
434.00  0.03753  0.03757  0.00734  0.80968  -235.38100  -237.23451  4.99985   768
435.00  0.03755  0.03757  0.00674  0.80968  -236.25227  -238.08595  4.99985   768
436.00  0.03754  0.03757  0.00611  0.80968  -237.24104  -239.07777  4.99985   768
437.00  0.03754  0.03757  0.00571  0.80968  -237.87123  -239.74611  4.99985   768
438.00  0.03754  0.03757  0.00571  0.80968  -237.96278  -239.87886  4.99985   768
439.00  0.03754  0.03757  0.00611  0.80968  -237.36006  -239.28987  4.99985   768
440.00  0.03753  0.03757  0.00678  0.80968  -236.31331  -238.25075  4.99985   768
441.00  0.03753  0.03757  0.00734  0.80968  -235.43135  -237.36879  4.99985   768
442.00  0.03754  0.03757  0.00770  0.80968  -234.86677  -236.75233  4.99985   768
443.00  0.03754  0.03757  0.00760  0.80968  -234.98885  -236.83168  4.99985   768
444.00  0.03753  0.03757  0.00703  0.80968  -235.78230  -237.60225  4.99985   768
445.00  0.03753  0.03757  0.00647  0.80968  -236.66273  -238.47505  4.99985   768
446.00  0.03754  0.03757  0.00587  0.80968  -237.57368  -239.41194  4.99985   768
447.00  0.03753  0.03757  0.00572  0.80968  -237.88802  -239.76289  4.99985   768
448.00  0.03753  0.03757  0.00601  0.80968  -237.46077  -239.38295  4.99985   768
449.00  0.03753  0.03757  0.00662  0.80968  -236.58644  -238.54677  4.99985   768
450.00  0.03755  0.03757  0.00730  0.80968  -235.53358  -237.48170  4.99985   768
451.00  0.03753  0.03757  0.00765  0.80968  -234.94154  -236.86220  4.99985   768
452.00  0.03753  0.03757  0.00776  0.80968  -234.75844  -236.65620  4.99985   768
453.00  0.03755  0.03757  0.00746  0.80968  -235.19179  -237.04683  4.99985   768
454.00  0.03755  0.03757  0.00689  0.80968  -236.03102  -237.88301  4.99985   768
455.00  0.03754  0.03757  0.00628  0.80968  -236.93587  -238.74055  4.99985   768
456.00  0.03752  0.03757  0.00586  0.80968  -237.64540  -239.49739  4.99985   768
457.00  0.03753  0.03757  0.00591  0.80968  -237.60573  -239.49281  4.99985   768
458.00  0.03753  0.03757  0.00638  0.80968  -236.91298  -238.84584  4.99985   768
459.00  0.03754  0.03757  0.00697  0.80968  -236.02187  -237.95320  4.99985   768
460.00  0.03753  0.03757  0.00758  0.80968  -235.08192  -237.00563  4.99985   768
461.00  0.03755  0.03757  0.00772  0.80968  -234.74470  -236.61958  4.99985   768
462.00  0.03753  0.03757  0.00752  0.80968  -235.11397  -236.96596  4.99985   768
463.00  0.03753  0.03757  0.00701  0.80968  -235.82503  -237.66023  4.99985   768
464.00  0.03753  0.03757  0.00638  0.80968  -236.83211  -238.65205  4.99985   768
465.00  0.03753  0.03757  0.00585  0.80968  -237.70186  -239.55537  4.99985   768
466.00  0.03754  0.03757  0.00573  0.80968  -237.87276  -239.77357  4.99985   768
467.00  0.03754  0.03757  0.00597  0.80968  -237.49739  -239.42873  4.99985   768
468.00  0.03753  0.03757  0.00658  0.80968  -236.67799  -238.65053  4.99985   768
469.00  0.03752  0.03757  0.00731  0.80968  -235.49239  -237.44966  4.99985   768
470.00  0.03754  0.03757  0.00774  0.80968  -234.87288  -236.79201  4.99985   768
471.00  0.03754  0.03757  0.00772  0.80968  -234.73708  -236.59517  4.99985   768
472.00  0.03752  0.03757  0.00737  0.80968  -235.31081  -237.17042  4.99985   768
473.00  0.03754  0.03757  0.00672  0.80968  -236.28126  -238.09511  4.99985   768
474.00  0.03753  0.03757  0.00609  0.80968  -237.22578  -239.04268  4.99985   768
475.00  0.03752  0.03757  0.00572  0.80968  -237.85139  -239.70033  4.99985   768
476.00  0.03753  0.03757  0.00590  0.80968  -237.65608  -239.56453  4.99985   768
477.00  0.03753  0.03757  0.00642  0.80968  -236.80159  -238.74055  4.99985   768
478.00  0.03753  0.03757  0.00710  0.80968  -235.85249  -237.80061  4.99985   768
479.00  0.03753  0.03757  0.00776  0.80968  -234.78590  -236.74623  4.99985   768
480.00  0.03753  0.03757  0.00798  0.80968  -234.35713  -236.23964  4.99985   768
481.00  0.03753  0.03757  0.00776  0.80968  -234.69588  -236.55244  4.99985   768
482.00  0.03753  0.03757  0.00723  0.80968  -235.50307  -237.31691  4.99985   768
483.00  0.03753  0.03757  0.00651  0.80968  -236.61543  -238.45979  4.99985   768
484.00  0.03754  0.03757  0.00594  0.80968  -237.50655  -239.35396  4.99985   768
485.00  0.03753  0.03757  0.00586  0.80968  -237.63625  -239.53859  4.99985   768
486.00  0.03752  0.03757  0.00615  0.80968  -237.28224  -239.23189  4.99985   768
487.00  0.03753  0.03757  0.00670  0.80968  -236.45369  -238.40639  4.99985   768
488.00  0.03754  0.03757  0.00743  0.80968  -235.28181  -237.24367  4.99985   768
489.00  0.03752  0.03757  0.00785  0.80968  -234.61958  -236.52956  4.99985   768
490.00  0.03753  0.03757  0.00782  0.80968  -234.63484  -236.49599  4.99985   768
491.00  0.03752  0.03757  0.00744  0.80968  -235.17500  -237.01631  4.99985   768
492.00  0.03753  0.03757  0.00679  0.80968  -236.15462  -237.96846  4.99985   768
493.00  0.03753  0.03757  0.00604  0.80968  -237.28072  -239.08388  4.99985   768
494.00  0.03753  0.03757  0.00564  0.80968  -238.02840  -239.89107  4.99985   768
495.00  0.03753  0.03757  0.00584  0.80968  -237.72780  -239.64387  4.99985   768
496.00  0.03753  0.03757  0.00632  0.80968  -236.98622  -238.91756  4.99985   768
497.00  0.03752  0.03757  0.00706  0.80968  -235.88759  -237.84029  4.99985   768
498.00  0.03753  0.03757  0.00764  0.80968  -235.00258  -236.95680  4.99985   768
499.00  0.03753  0.03757  0.00781  0.80968  -234.68214  -236.56312  4.99985   768
500.00  0.03753  0.03757  0.00766  0.80968  -234.87440  -236.75844  4.99985   768
501.00  0.03752  0.03757  0.00720  0.80968  -235.59157  -237.44356  4.99985   768
502.00  0.03752  0.03757  0.00653  0.80968  -236.56508  -238.39876  4.99985   768
503.00  0.03752  0.03757  0.00595  0.80968  -237.47145  -239.34328  4.99985   768
504.00  0.03753  0.03757  0.00582  0.80968  -237.80562  -239.69881  4.99985   768
505.00  0.03751  0.03757  0.00616  0.80968  -237.29750  -239.24409  4.99985   768
506.00  0.03750  0.03757  0.00681  0.80968  -236.25380  -238.20344  4.99985   768
507.00  0.03753  0.03757  0.00756  0.80968  -235.09413  -237.03615  4.99985   768
508.00  0.03751  0.03757  0.00787  0.80968  -234.59212  -236.49141  4.99985   768
509.00  0.03753  0.03757  0.00774  0.80968  -234.75691  -236.59517  4.99985   768
510.00  0.03752  0.03757  0.00747  0.80968  -235.13075  -236.97206  4.99985   768
511.00  0.03753  0.03757  0.00665  0.80968  -236.36977  -238.16988  4.99985   768
512.00  0.03752  0.03757  0.00609  0.80968  -237.28377  -239.10371  4.99985   768
513.00  0.03751  0.03757  0.00575  0.80968  -237.80257  -239.65608  4.99985   768
514.00  0.03753  0.03757  0.00593  0.80968  -237.61488  -239.54927  4.99985   768
515.00  0.03753  0.03757  0.00634  0.80968  -236.96486  -238.90382  4.99985   768
516.00  0.03751  0.03757  0.00703  0.80968  -235.96236  -237.92573  4.99985   768
517.00  0.03753  0.03757  0.00760  0.80968  -235.04225  -236.97816  4.99985   768
518.00  0.03752  0.03757  0.00773  0.80968  -234.79353  -236.68520  4.99985   768
519.00  0.03752  0.03757  0.00737  0.80968  -235.29860  -237.16737  4.99985   768
520.00  0.03752  0.03757  0.00678  0.80968  -236.17598  -237.98830  4.99985   768
521.00  0.03753  0.03757  0.00613  0.80968  -237.16780  -238.99080  4.99985   768
522.00  0.03752  0.03757  0.00565  0.80968  -237.95515  -239.82698  4.99985   768
523.00  0.03753  0.03757  0.00564  0.80968  -238.04213  -239.93532  4.99985   768
524.00  0.03751  0.03757  0.00592  0.80968  -237.62556  -239.54317  4.99985   768
525.00  0.03752  0.03757  0.00660  0.80968  -236.58339  -238.52235  4.99985   768
526.00  0.03752  0.03757  0.00733  0.80968  -235.48781  -237.42677  4.99985   768
527.00  0.03752  0.03757  0.00771  0.80968  -234.84694  -236.75844  4.99985   768
528.00  0.03752  0.03757  0.00773  0.80968  -234.79048  -236.64552  4.99985   768
529.00  0.03753  0.03757  0.00730  0.80968  -235.40236  -237.23299  4.99985   768
530.00  0.03753  0.03757  0.00651  0.80968  -236.59254  -238.40333  4.99985   768
531.00  0.03752  0.03757  0.00594  0.80968  -237.50807  -239.33565  4.99985   768
532.00  0.03750  0.03757  0.00573  0.80968  -237.86970  -239.76442  4.99985   768
533.00  0.03752  0.03757  0.00594  0.80968  -237.57979  -239.50349  4.99985   768
534.00  0.03752  0.03757  0.00644  0.80968  -236.86262  -238.82448  4.99985   768
535.00  0.03752  0.03757  0.00726  0.80968  -235.57173  -237.55189  4.99985   768
536.00  0.03751  0.03757  0.00775  0.80968  -234.85304  -236.77980  4.99985   768
537.00  0.03751  0.03757  0.00795  0.80968  -234.45021  -236.34950  4.99985   768
538.00  0.03751  0.03757  0.00774  0.80968  -234.75691  -236.60585  4.99985   768
539.00  0.03752  0.03757  0.00709  0.80968  -235.67244  -237.48476  4.99985   768
540.00  0.03752  0.03757  0.00632  0.80968  -236.91450  -238.71461  4.99985   768
541.00  0.03751  0.03757  0.00585  0.80968  -237.64540  -239.49586  4.99985   768
542.00  0.03750  0.03757  0.00572  0.80968  -237.87886  -239.74306  4.99985   768
543.00  0.03751  0.03757  0.00611  0.80968  -237.32191  -239.23952  4.99985   768
544.00  0.03752  0.03757  0.00678  0.80968  -236.34993  -238.29500  4.99985   768
545.00  0.03752  0.03757  0.00736  0.80968  -235.41151  -237.34285  4.99985   768
546.00  0.03750  0.03757  0.00773  0.80968  -234.84389  -236.74470  4.99985   768
547.00  0.03752  0.03757  0.00768  0.80968  -234.81489  -236.67299  4.99985   768
548.00  0.03751  0.03757  0.00721  0.80968  -235.56105  -237.40846  4.99985   768
549.00  0.03752  0.03757  0.00649  0.80968  -236.63527  -238.45979  4.99985   768
550.00  0.03752  0.03757  0.00584  0.80968  -237.65761  -239.49739  4.99985   768
551.00  0.03751  0.03757  0.00558  0.80968  -238.11690  -240.01009  4.99985   768
552.00  0.03752  0.03757  0.00571  0.80968  -237.94142  -239.85445  4.99985   768
553.00  0.03752  0.03757  0.00627  0.80968  -237.09914  -239.08845  4.99985   768
554.00  0.03752  0.03757  0.00707  0.80968  -235.84181  -237.79451  4.99985   768
555.00  0.03751  0.03757  0.00763  0.80968  -235.04225  -236.98274  4.99985   768
556.00  0.03751  0.03757  0.00776  0.80968  -234.75233  -236.60738  4.99985   768
557.00  0.03751  0.03757  0.00744  0.80968  -235.24977  -237.08803  4.99985   768
558.00  0.03751  0.03757  0.00694  0.80968  -235.93794  -237.75789  4.99985   768
559.00  0.03751  0.03757  0.00629  0.80968  -236.93739  -238.75276  4.99985   768
560.00  0.03751  0.03757  0.00582  0.80968  -237.68965  -239.51570  4.99985   768
561.00  0.03752  0.03757  0.00578  0.80968  -237.82088  -239.71559  4.99985   768
562.00  0.03751  0.03757  0.00613  0.80968  -237.29903  -239.23189  4.99985   768
563.00  0.03751  0.03757  0.00684  0.80968  -236.24770  -238.18819  4.99985   768
564.00  0.03753  0.03757  0.00747  0.80968  -235.28181  -237.22536  4.99985   768
565.00  0.03751  0.03757  0.00785  0.80968  -234.61043  -236.53413  4.99985   768
566.00  0.03752  0.03757  0.00774  0.80968  -234.74318  -236.61958  4.99985   768
567.00  0.03751  0.03757  0.00725  0.80968  -235.51985  -237.35963  4.99985   768
568.00  0.03751  0.03757  0.00656  0.80968  -236.51472  -238.34688  4.99985   768
569.00  0.03751  0.03757  0.00603  0.80968  -237.35091  -239.18916  4.99985   768
570.00  0.03752  0.03757  0.00576  0.80968  -237.81782  -239.70338  4.99985   768
571.00  0.03751  0.03757  0.00591  0.80968  -237.70033  -239.59657  4.99985   768
572.00  0.03751  0.03757  0.00648  0.80968  -236.80159  -238.75734  4.99985   768
573.00  0.03751  0.03757  0.00724  0.80968  -235.64345  -237.59462  4.99985   768
574.00  0.03751  0.03757  0.00770  0.80968  -234.87593  -236.77064  4.99985   768
575.00  0.03751  0.03757  0.00783  0.80968  -234.65315  -236.51582  4.99985   768
576.00  0.03751  0.03757  0.00754  0.80968  -234.99953  -236.83626  4.99985   768
577.00  0.03751  0.03757  0.00688  0.80968  -236.02949  -237.83113  4.99985   768
578.00  0.03753  0.03757  0.00625  0.80968  -237.01063  -238.83058  4.99985   768
579.00  0.03751  0.03757  0.00588  0.80968  -237.64540  -239.49281  4.99985   768
580.00  0.03751  0.03757  0.00581  0.80968  -237.77510  -239.68813  4.99985   768
581.00  0.03751  0.03757  0.00630  0.80968  -237.04878  -238.97859  4.99985   768
582.00  0.03752  0.03757  0.00699  0.80968  -236.05086  -238.00966  4.99985   768
583.00  0.03751  0.03757  0.00757  0.80968  -235.08192  -237.01631  4.99985   768
584.00  0.03751  0.03757  0.00782  0.80968  -234.68062  -236.58601  4.99985   768
585.00  0.03751  0.03757  0.00771  0.80968  -234.83626  -236.70045  4.99985   768
586.00  0.03751  0.03757  0.00725  0.80968  -235.51070  -237.35353  4.99985   768
587.00  0.03751  0.03757  0.00653  0.80968  -236.52998  -238.34688  4.99985   768
588.00  0.03749  0.03757  0.00597  0.80968  -237.52638  -239.38295  4.99985   768
589.00  0.03750  0.03757  0.00570  0.80968  -237.86208  -239.71559  4.99985   768
590.00  0.03752  0.03757  0.00596  0.80968  -237.56300  -239.47755  4.99985   768
591.00  0.03750  0.03757  0.00652  0.80968  -236.68257  -238.60475  4.99985   768
592.00  0.03751  0.03757  0.00730  0.80968  -235.55800  -237.51375  4.99985   768
593.00  0.03750  0.03757  0.00769  0.80968  -234.86830  -236.75691  4.99985   768
594.00  0.03751  0.03757  0.00777  0.80968  -234.71876  -236.58144  4.99985   768
595.00  0.03752  0.03757  0.00734  0.80968  -235.30165  -237.13075  4.99985   768
596.00  0.03751  0.03757  0.00676  0.80968  -236.24007  -238.05543  4.99985   768
597.00  0.03751  0.03757  0.00615  0.80968  -237.15254  -238.97401  4.99985   768
598.00  0.03751  0.03757  0.00575  0.80968  -237.85139  -239.71864  4.99985   768
599.00  0.03751  0.03757  0.00570  0.80968  -237.93684  -239.84529  4.99985   768
600.00  0.03751  0.03757  0.00614  0.80968  -237.27919  -239.23494  4.99985   768
601.00  0.03750  0.03757  0.00682  0.80968  -236.27058  -238.24922  4.99985   768
602.00  0.03750  0.03757  0.00753  0.80968  -235.21162  -237.17653  4.99985   768
603.00  0.03751  0.03757  0.00788  0.80968  -234.56160  -236.48988  4.99985   768
604.00  0.03750  0.03757  0.00761  0.80968  -234.89577  -236.74470  4.99985   768
605.00  0.03751  0.03757  0.00715  0.80968  -235.62056  -237.44356  4.99985   768
606.00  0.03751  0.03757  0.00641  0.80968  -236.75429  -238.56813  4.99985   768
607.00  0.03751  0.03757  0.00588  0.80968  -237.59505  -239.43941  4.99985   768
608.00  0.03750  0.03757  0.00576  0.80968  -237.81782  -239.68813  4.99985   768
609.00  0.03751  0.03757  0.00608  0.80968  -237.36616  -239.28682  4.99985   768
610.00  0.03751  0.03757  0.00674  0.80968  -236.40944  -238.34840  4.99985   768
611.00  0.03751  0.03757  0.00737  0.80968  -235.40388  -237.34437  4.99985   768
612.00  0.03751  0.03757  0.00784  0.80968  -234.64705  -236.54481  4.99985   768
613.00  0.03750  0.03757  0.00792  0.80968  -234.54634  -236.43800  4.99985   768
614.00  0.03748  0.03757  0.00746  0.80968  -235.11549  -236.93391  4.99985   768
615.00  0.03752  0.03757  0.00679  0.80968  -236.16682  -237.99745  4.99985   768
616.00  0.03750  0.03757  0.00609  0.80968  -237.27919  -239.12508  4.99985   768
617.00  0.03749  0.03757  0.00564  0.80968  -237.98262  -239.84224  4.99985   768
618.00  0.03751  0.03757  0.00576  0.80968  -237.88802  -239.83308  4.99985   768
619.00  0.03751  0.03757  0.00631  0.80968  -236.99232  -238.95418  4.99985   768
620.00  0.03751  0.03757  0.00690  0.80968  -236.14546  -238.11037  4.99985   768
621.00  0.03750  0.03757  0.00744  0.80968  -235.26656  -237.20247  4.99985   768
622.00  0.03750  0.03757  0.00772  0.80968  -234.84999  -236.75081  4.99985   768
623.00  0.03751  0.03757  0.00753  0.80968  -235.09413  -236.95375  4.99985   768
624.00  0.03751  0.03757  0.00699  0.80968  -235.84639  -237.64345  4.99985   768
625.00  0.03750  0.03757  0.00635  0.80968  -236.81837  -238.64900  4.99985   768
626.00  0.03751  0.03757  0.00567  0.80968  -237.91701  -239.74000  4.99985   768
627.00  0.03750  0.03757  0.00547  0.80968  -238.24507  -240.11842  4.99985   768
628.00  0.03750  0.03757  0.00588  0.80968  -237.69423  -239.62404  4.99985   768
629.00  0.03748  0.03757  0.00658  0.80968  -236.65510  -238.61085  4.99985   768
630.00  0.03750  0.03757  0.00734  0.80968  -235.43440  -237.36726  4.99985   768
631.00  0.03751  0.03757  0.00778  0.80968  -234.74470  -236.68520  4.99985   768
632.00  0.03750  0.03757  0.00781  0.80968  -234.69588  -236.55702  4.99985   768
633.00  0.03751  0.03757  0.00738  0.80968  -235.27266  -237.10634  4.99985   768
634.00  0.03749  0.03757  0.00674  0.80968  -236.26601  -238.10731  4.99985   768
635.00  0.03751  0.03757  0.00605  0.80968  -237.33870  -239.17238  4.99985   768
636.00  0.03750  0.03757  0.00565  0.80968  -238.02077  -239.88954  4.99985   768
637.00  0.03750  0.03757  0.00568  0.80968  -237.97804  -239.89412  4.99985   768
638.00  0.03750  0.03757  0.00629  0.80968  -237.14644  -239.11287  4.99985   768
639.00  0.03751  0.03757  0.00699  0.80968  -235.96541  -237.89064  4.99985   768
640.00  0.03751  0.03757  0.00759  0.80968  -235.08955  -237.01784  4.99985   768
641.00  0.03749  0.03757  0.00787  0.80968  -234.59212  -236.48225  4.99985   768
642.00  0.03749  0.03757  0.00767  0.80968  -234.83321  -236.67909  4.99985   768
643.00  0.03749  0.03757  0.00707  0.80968  -235.72127  -237.53206  4.99985   768
644.00  0.03751  0.03757  0.00648  0.80968  -236.67494  -238.51015  4.99985   768
645.00  0.03750  0.03757  0.00592  0.80968  -237.55843  -239.38142  4.99985   768
646.00  0.03750  0.03757  0.00574  0.80968  -237.84834  -239.71712  4.99985   768
647.00  0.03748  0.03757  0.00598  0.80968  -237.51723  -239.43788  4.99985   768
648.00  0.03748  0.03757  0.00661  0.80968  -236.58186  -238.52846  4.99985   768
649.00  0.03749  0.03757  0.00728  0.80968  -235.57326  -237.53053  4.99985   768
650.00  0.03749  0.03757  0.00787  0.80968  -234.61043  -236.55855  4.99985   768
651.00  0.03750  0.03757  0.00788  0.80968  -234.56923  -236.43648  4.99985   768
652.00  0.03749  0.03757  0.00747  0.80968  -235.16737  -237.02241  4.99985   768
653.00  0.03750  0.03757  0.00679  0.80968  -236.19582  -238.01729  4.99985   768
654.00  0.03750  0.03757  0.00609  0.80968  -237.21052  -239.04115  4.99985   768
655.00  0.03749  0.03757  0.00568  0.80968  -237.98262  -239.84224  4.99985   768
656.00  0.03751  0.03757  0.00574  0.80968  -237.93837  -239.85139  4.99985   768
657.00  0.03749  0.03757  0.00627  0.80968  -237.12660  -239.07167  4.99985   768
658.00  0.03748  0.03757  0.00690  0.80968  -236.14088  -238.09358  4.99985   768
659.00  0.03750  0.03757  0.00758  0.80968  -235.07277  -236.98732  4.99985   768
660.00  0.03749  0.03757  0.00778  0.80968  -234.72487  -236.59059  4.99985   768
661.00  0.03750  0.03757  0.00757  0.80968  -235.00868  -236.84083  4.99985   768
662.00  0.03751  0.03757  0.00702  0.80968  -235.82350  -237.64497  4.99985   768
663.00  0.03750  0.03757  0.00630  0.80968  -236.87788  -238.67647  4.99985   768
664.00  0.03750  0.03757  0.00579  0.80968  -237.75832  -239.61488  4.99985   768
665.00  0.03750  0.03757  0.00562  0.80968  -238.06044  -239.95210  4.99985   768
666.00  0.03750  0.03757  0.00582  0.80968  -237.76594  -239.67744  4.99985   768
667.00  0.03750  0.03757  0.00655  0.80968  -236.70851  -238.68104  4.99985   768
668.00  0.03749  0.03757  0.00722  0.80968  -235.64040  -237.60835  4.99985   768
669.00  0.03750  0.03757  0.00774  0.80968  -234.82405  -236.75233  4.99985   768
670.00  0.03749  0.03757  0.00776  0.80968  -234.77217  -236.64094  4.99985   768
671.00  0.03748  0.03757  0.00736  0.80968  -235.25282  -237.11702  4.99985   768
672.00  0.03749  0.03757  0.00670  0.80968  -236.25532  -238.06459  4.99985   768
673.00  0.03748  0.03757  0.00611  0.80968  -237.28224  -239.12965  4.99985   768
674.00  0.03750  0.03757  0.00581  0.80968  -237.71559  -239.58589  4.99985   768
675.00  0.03750  0.03757  0.00587  0.80968  -237.62862  -239.51265  4.99985   768
676.00  0.03749  0.03757  0.00638  0.80968  -236.94807  -238.87636  4.99985   768
677.00  0.03750  0.03757  0.00711  0.80968  -235.79909  -237.74873  4.99985   768
678.00  0.03750  0.03757  0.00769  0.80968  -234.91560  -236.83931  4.99985   768
679.00  0.03750  0.03757  0.00799  0.80968  -234.38765  -236.29152  4.99985   768
680.00  0.03749  0.03757  0.00777  0.80968  -234.69282  -236.55244  4.99985   768
681.00  0.03749  0.03757  0.00718  0.80968  -235.55647  -237.37642  4.99985   768
682.00  0.03750  0.03757  0.00649  0.80968  -236.62611  -238.46437  4.99985   768
683.00  0.03749  0.03757  0.00600  0.80968  -237.41499  -239.27003  4.99985   768
684.00  0.03749  0.03757  0.00582  0.80968  -237.78426  -239.66219  4.99985   768
685.00  0.03748  0.03757  0.00607  0.80968  -237.40889  -239.34328  4.99985   768
686.00  0.03748  0.03757  0.00676  0.80968  -236.34993  -238.31026  4.99985   768
687.00  0.03749  0.03757  0.00742  0.80968  -235.31996  -237.27724  4.99985   768
688.00  0.03748  0.03757  0.00791  0.80968  -234.54787  -236.47157  4.99985   768
689.00  0.03748  0.03757  0.00783  0.80968  -234.61653  -236.47005  4.99985   768
690.00  0.03748  0.03757  0.00738  0.80968  -235.29555  -237.14143  4.99985   768
691.00  0.03748  0.03757  0.00672  0.80968  -236.25380  -238.07069  4.99985   768
692.00  0.03751  0.03757  0.00611  0.80968  -237.23036  -239.04268  4.99985   768
693.00  0.03750  0.03757  0.00577  0.80968  -237.78578  -239.64387  4.99985   768
694.00  0.03750  0.03757  0.00579  0.80968  -237.81630  -239.70796  4.99985   768
695.00  0.03751  0.03757  0.00634  0.80968  -237.04573  -239.00453  4.99985   768
696.00  0.03749  0.03757  0.00701  0.80968  -236.00508  -237.93642  4.99985   768
697.00  0.03747  0.03757  0.00766  0.80968  -234.96443  -236.90492  4.99985   768
698.00  0.03748  0.03757  0.00782  0.80968  -234.67604  -236.57381  4.99985   768
699.00  0.03748  0.03757  0.00760  0.80968  -234.95528  -236.81032  4.99985   768
700.00  0.03750  0.03757  0.00695  0.80968  -235.91048  -237.72584  4.99985   768
701.00  0.03749  0.03757  0.00632  0.80968  -236.93739  -238.76649  4.99985   768
702.00  0.03749  0.03757  0.00586  0.80968  -237.64845  -239.51417  4.99985   768
703.00  0.03749  0.03757  0.00570  0.80968  -237.96584  -239.87581  4.99985   768
704.00  0.03750  0.03757  0.00605  0.80968  -237.38753  -239.33717  4.99985   768
705.00  0.03749  0.03757  0.00675  0.80968  -236.35756  -238.31331  4.99985   768
706.00  0.03750  0.03757  0.00740  0.80968  -235.44661  -237.38100  4.99985   768
707.00  0.03749  0.03757  0.00783  0.80968  -234.66536  -236.58296  4.99985   768
708.00  0.03749  0.03757  0.00777  0.80968  -234.66994  -236.51582  4.99985   768
709.00  0.03750  0.03757  0.00730  0.80968  -235.42067  -237.25130  4.99985   768
710.00  0.03749  0.03757  0.00668  0.80968  -236.31026  -238.11800  4.99985   768
711.00  0.03750  0.03757  0.00612  0.80968  -237.24257  -239.05641  4.99985   768
712.00  0.03749  0.03757  0.00579  0.80968  -237.75984  -239.62099  4.99985   768
713.00  0.03748  0.03757  0.00595  0.80968  -237.55537  -239.48061  4.99985   768
714.00  0.03750  0.03757  0.00652  0.80968  -236.75734  -238.69936  4.99985   768
715.00  0.03749  0.03757  0.00716  0.80968  -235.75331  -237.70448  4.99985   768
716.00  0.03749  0.03757  0.00778  0.80968  -234.76759  -236.71571  4.99985   768
717.00  0.03749  0.03757  0.00792  0.80968  -234.48988  -236.39680  4.99985   768
718.00  0.03749  0.03757  0.00761  0.80968  -234.95985  -236.81337  4.99985   768
719.00  0.03747  0.03757  0.00703  0.80968  -235.81282  -237.62819  4.99985   768
720.00  0.03749  0.03757  0.00634  0.80968  -236.92366  -238.75429  4.99985   768
721.00  0.03749  0.03757  0.00580  0.80968  -237.65303  -239.51417  4.99985   768
722.00  0.03749  0.03757  0.00580  0.80968  -237.79494  -239.68660  4.99985   768
723.00  0.03748  0.03757  0.00619  0.80968  -237.21815  -239.14949  4.99985   768
724.00  0.03748  0.03757  0.00684  0.80968  -236.24464  -238.18361  4.99985   768
725.00  0.03748  0.03757  0.00758  0.80968  -235.08040  -237.01631  4.99985   768
726.00  0.03749  0.03757  0.00796  0.80968  -234.45937  -236.36781  4.99985   768
727.00  0.03748  0.03757  0.00786  0.80968  -234.56160  -236.40443  4.99985   768
728.00  0.03749  0.03757  0.00729  0.80968  -235.41457  -237.24977  4.99985   768
729.00  0.03750  0.03757  0.00668  0.80968  -236.32094  -238.13783  4.99985   768
730.00  0.03749  0.03757  0.00598  0.80968  -237.35548  -239.18459  4.99985   768
731.00  0.03749  0.03757  0.00568  0.80968  -237.97652  -239.84529  4.99985   768
732.00  0.03748  0.03757  0.00584  0.80968  -237.72932  -239.65150  4.99985   768
733.00  0.03749  0.03757  0.00638  0.80968  -236.92061  -238.87025  4.99985   768
734.00  0.03748  0.03757  0.00707  0.80968  -235.90285  -237.87691  4.99985   768
735.00  0.03749  0.03757  0.00769  0.80968  -234.89424  -236.82100  4.99985   768
736.00  0.03749  0.03757  0.00783  0.80968  -234.63637  -236.52650  4.99985   768
737.00  0.03749  0.03757  0.00751  0.80968  -235.13838  -236.97664  4.99985   768
738.00  0.03749  0.03757  0.00688  0.80968  -236.06612  -237.92421  4.99985   768
739.00  0.03750  0.03757  0.00612  0.80968  -237.19374  -238.98622  4.99985   768
740.00  0.03750  0.03757  0.00557  0.80968  -238.12910  -239.98720  4.99985   768
741.00  0.03749  0.03757  0.00557  0.80968  -238.12758  -240.02534  4.99985   768
742.00  0.03748  0.03757  0.00597  0.80968  -237.55690  -239.46229  4.99985   768
743.00  0.03748  0.03757  0.00667  0.80968  -236.49947  -238.45674  4.99985   768
744.00  0.03749  0.03757  0.00733  0.80968  -235.44661  -237.37947  4.99985   768
745.00  0.03749  0.03757  0.00773  0.80968  -234.87593  -236.77217  4.99985   768
746.00  0.03747  0.03757  0.00762  0.80968  -234.94917  -236.81032  4.99985   768
747.00  0.03750  0.03757  0.00727  0.80968  -235.42982  -237.26198  4.99985   768
748.00  0.03750  0.03757  0.00653  0.80968  -236.56355  -238.37129  4.99985   768
749.00  0.03749  0.03757  0.00589  0.80968  -237.56453  -239.40736  4.99985   768
750.00  0.03749  0.03757  0.00562  0.80968  -238.07875  -239.97041  4.99985   768
751.00  0.03748  0.03757  0.00581  0.80968  -237.81325  -239.76137  4.99985   768
752.00  0.03749  0.03757  0.00644  0.80968  -236.85042  -238.80006  4.99985   768
753.00  0.03748  0.03757  0.00720  0.80968  -235.69838  -237.66634  4.99985   768
754.00  0.03748  0.03757  0.00770  0.80968  -234.85304  -236.76302  4.99985   768
755.00  0.03750  0.03757  0.00780  0.80968  -234.74165  -236.63179  4.99985   768
756.00  0.03750  0.03757  0.00749  0.80968  -235.10023  -236.94307  4.99985   768
757.00  0.03748  0.03757  0.00696  0.80968  -235.91963  -237.73347  4.99985   768
758.00  0.03748  0.03757  0.00630  0.80968  -236.92519  -238.74513  4.99985   768
759.00  0.03749  0.03757  0.00587  0.80968  -237.60268  -239.43941  4.99985   768
760.00  0.03749  0.03757  0.00568  0.80968  -237.96126  -239.84529  4.99985   768
761.00  0.03748  0.03757  0.00605  0.80968  -237.39668  -239.32802  4.99985   768
762.00  0.03749  0.03757  0.00677  0.80968  -236.33467  -238.27211  4.99985   768
763.00  0.03750  0.03757  0.00738  0.80968  -235.38100  -237.33064  4.99985   768
764.00  0.03749  0.03757  0.00762  0.80968  -234.98427  -236.87746  4.99985   768
765.00  0.03749  0.03757  0.00754  0.80968  -235.07124  -236.95222  4.99985   768
766.00  0.03749  0.03757  0.00708  0.80968  -235.71669  -237.56410  4.99985   768
767.00  0.03748  0.03757  0.00645  0.80968  -236.70851  -238.55287  4.99985   768
768.00  0.03749  0.03757  0.00590  0.80968  -237.57216  -239.42110  4.99985   768
769.00  0.03748  0.03757  0.00560  0.80968  -238.09096  -239.98567  4.99985   768
770.00  0.03748  0.03757  0.00578  0.80968  -237.84376  -239.76137  4.99985   768
771.00  0.03748  0.03757  0.00626  0.80968  -237.07625  -239.03657  4.99985   768
772.00  0.03749  0.03757  0.00703  0.80968  -235.94862  -237.91963  4.99985   768
773.00  0.03749  0.03757  0.00753  0.80968  -235.11549  -237.02241  4.99985   768
774.00  0.03748  0.03757  0.00768  0.80968  -234.89271  -236.78438  4.99985   768
775.00  0.03748  0.03757  0.00736  0.80968  -235.28944  -237.11854  4.99985   768
776.00  0.03749  0.03757  0.00669  0.80968  -236.31789  -238.10731  4.99985   768
777.00  0.03748  0.03757  0.00614  0.80968  -237.21663  -239.05336  4.99985   768
778.00  0.03748  0.03757  0.00579  0.80968  -237.73085  -239.59657  4.99985   768
779.00  0.03748  0.03757  0.00574  0.80968  -237.88649  -239.75679  4.99985   768
780.00  0.03748  0.03757  0.00631  0.80968  -237.04726  -238.99690  4.99985   768
781.00  0.03749  0.03757  0.00696  0.80968  -236.07069  -238.02339  4.99985   768
782.00  0.03748  0.03757  0.00753  0.80968  -235.16890  -237.09260  4.99985   768
783.00  0.03747  0.03757  0.00781  0.80968  -234.67909  -236.59364  4.99985   768
784.00  0.03747  0.03757  0.00768  0.80968  -234.85304  -236.72182  4.99985   768
785.00  0.03748  0.03757  0.00717  0.80968  -235.59920  -237.43593  4.99985   768
786.00  0.03747  0.03757  0.00653  0.80968  -236.56203  -238.38960  4.99985   768
787.00  0.03748  0.03757  0.00603  0.80968  -237.37837  -239.22731  4.99985   768
788.00  0.03749  0.03757  0.00574  0.80968  -237.84224  -239.71407  4.99985   768
789.00  0.03748  0.03757  0.00597  0.80968  -237.57521  -239.49892  4.99985   768
790.00  0.03748  0.03757  0.00659  0.80968  -236.63222  -238.56966  4.99985   768
791.00  0.03748  0.03757  0.00721  0.80968  -235.64345  -237.58394  4.99985   768
792.00  0.03748  0.03757  0.00767  0.80968  -234.94612  -236.83626  4.99985   768
793.00  0.03749  0.03757  0.00776  0.80968  -234.74623  -236.61806  4.99985   768
794.00  0.03748  0.03757  0.00733  0.80968  -235.33980  -237.18263  4.99985   768
795.00  0.03748  0.03757  0.00674  0.80968  -236.23549  -238.06306  4.99985   768
796.00  0.03748  0.03757  0.00607  0.80968  -237.30208  -239.11439  4.99985   768
797.00  0.03748  0.03757  0.00567  0.80968  -237.94142  -239.80562  4.99985   768
798.00  0.03748  0.03757  0.00575  0.80968  -237.87581  -239.79188  4.99985   768
799.00  0.03748  0.03757  0.00626  0.80968  -237.13271  -239.10066  4.99985   768
800.00  0.03748  0.03757  0.00684  0.80968  -236.23549  -238.17293  4.99985   768
801.00  0.03748  0.03757  0.00747  0.80968  -235.28334  -237.24214  4.99985   768
802.00  0.03749  0.03757  0.00778  0.80968  -234.74776  -236.66688  4.99985   768
803.00  0.03748  0.03757  0.00758  0.80968  -235.00410  -236.87288  4.99985   768
804.00  0.03748  0.03757  0.00712  0.80968  -235.67244  -237.50917  4.99985   768
805.00  0.03750  0.03757  0.00647  0.80968  -236.68867  -238.52235  4.99985   768
806.00  0.03748  0.03757  0.00587  0.80968  -237.57674  -239.40126  4.99985   768
807.00  0.03748  0.03757  0.00571  0.80968  -237.92464  -239.81020  4.99985   768
808.00  0.03747  0.03757  0.00606  0.80968  -237.38142  -239.30360  4.99985   768
809.00  0.03747  0.03757  0.00669  0.80968  -236.46742  -238.41249  4.99985   768
810.00  0.03748  0.03757  0.00738  0.80968  -235.38710  -237.32149  4.99985   768
811.00  0.03748  0.03757  0.00786  0.80968  -234.63332  -236.55550  4.99985   768
812.00  0.03748  0.03757  0.00792  0.80968  -234.47005  -236.33577  4.99985   768
813.00  0.03746  0.03757  0.00748  0.80968  -235.18721  -237.01326  4.99985   768
814.00  0.03748  0.03757  0.00689  0.80968  -236.01424  -237.84944  4.99985   768
815.00  0.03749  0.03757  0.00621  0.80968  -237.06709  -238.91908  4.99985   768
816.00  0.03749  0.03757  0.00578  0.80968  -237.76747  -239.63930  4.99985   768
817.00  0.03748  0.03757  0.00586  0.80968  -237.67592  -239.59047  4.99985   768
818.00  0.03749  0.03757  0.00630  0.80968  -237.09914  -239.06251  4.99985   768
819.00  0.03748  0.03757  0.00699  0.80968  -235.97304  -237.93336  4.99985   768
820.00  0.03748  0.03757  0.00759  0.80968  -235.06209  -237.01021  4.99985   768
821.00  0.03748  0.03757  0.00786  0.80968  -234.63484  -236.53718  4.99985   768
822.00  0.03747  0.03757  0.00756  0.80968  -235.02241  -236.86525  4.99985   768
823.00  0.03747  0.03757  0.00695  0.80968  -235.88301  -237.68007  4.99985   768
824.00  0.03748  0.03757  0.00628  0.80968  -236.96486  -238.79243  4.99985   768
825.00  0.03748  0.03757  0.00578  0.80968  -237.78426  -239.61031  4.99985   768
826.00  0.03748  0.03757  0.00569  0.80968  -237.91090  -239.78120  4.99985   768
827.00  0.03748  0.03757  0.00607  0.80968  -237.41499  -239.34480  4.99985   768
828.00  0.03748  0.03757  0.00658  0.80968  -236.62306  -238.57271  4.99985   768
829.00  0.03747  0.03757  0.00732  0.80968  -235.50307  -237.44661  4.99985   768
830.00  0.03748  0.03757  0.00768  0.80968  -234.87288  -236.78285  4.99985   768
831.00  0.03748  0.03757  0.00767  0.80968  -234.89577  -236.77980  4.99985   768
832.00  0.03748  0.03757  0.00732  0.80968  -235.40083  -237.25130  4.99985   768
833.00  0.03749  0.03757  0.00667  0.80968  -236.36061  -238.17750  4.99985   768
834.00  0.03747  0.03757  0.00605  0.80968  -237.33260  -239.18306  4.99985   768
835.00  0.03748  0.03757  0.00567  0.80968  -237.95973  -239.84834  4.99985   768
836.00  0.03748  0.03757  0.00583  0.80968  -237.75221  -239.67744  4.99985   768
837.00  0.03748  0.03757  0.00640  0.80968  -236.87941  -238.83668  4.99985   768
838.00  0.03749  0.03757  0.00713  0.80968  -235.79909  -237.77620  4.99985   768
839.00  0.03749  0.03757  0.00768  0.80968  -234.91103  -236.81642  4.99985   768
840.00  0.03748  0.03757  0.00776  0.80968  -234.72945  -236.58296  4.99985   768
841.00  0.03748  0.03757  0.00759  0.80968  -234.97969  -236.83931  4.99985   768
842.00  0.03750  0.03757  0.00703  0.80968  -235.78841  -237.60072  4.99985   768
843.00  0.03748  0.03757  0.00633  0.80968  -236.88246  -238.69478  4.99985   768
844.00  0.03749  0.03757  0.00581  0.80968  -237.66981  -239.51570  4.99985   768
845.00  0.03748  0.03757  0.00575  0.80968  -237.83308  -239.69881  4.99985   768
846.00  0.03748  0.03757  0.00608  0.80968  -237.42720  -239.38142  4.99985   768
847.00  0.03747  0.03757  0.00678  0.80968  -236.34535  -238.31789  4.99985   768
848.00  0.03748  0.03757  0.00756  0.80968  -235.10939  -237.05141  4.99985   768
849.00  0.03749  0.03757  0.00786  0.80968  -234.63179  -236.53566  4.99985   768
850.00  0.03747  0.03757  0.00776  0.80968  -234.73097  -236.59822  4.99985   768
851.00  0.03747  0.03757  0.00730  0.80968  -235.44661  -237.28029  4.99985   768
852.00  0.03748  0.03757  0.00670  0.80968  -236.31941  -238.16682  4.99985   768
853.00  0.03748  0.03757  0.00602  0.80968  -237.35243  -239.19679  4.99985   768
854.00  0.03749  0.03757  0.00572  0.80968  -237.79951  -239.68202  4.99985   768
855.00  0.03747  0.03757  0.00578  0.80968  -237.85445  -239.76594  4.99985   768
856.00  0.03748  0.03757  0.00618  0.80968  -237.21815  -239.12508  4.99985   768
857.00  0.03749  0.03757  0.00697  0.80968  -236.04018  -237.98982  4.99985   768
858.00  0.03748  0.03757  0.00759  0.80968  -235.07429  -237.00258  4.99985   768
859.00  0.03748  0.03757  0.00783  0.80968  -234.58754  -236.47462  4.99985   768
860.00  0.03747  0.03757  0.00755  0.80968  -235.06209  -236.88661  4.99985   768
861.00  0.03748  0.03757  0.00692  0.80968  -235.95930  -237.76399  4.99985   768
862.00  0.03749  0.03757  0.00623  0.80968  -237.03963  -238.85500  4.99985   768
863.00  0.03748  0.03757  0.00577  0.80968  -237.80562  -239.67439  4.99985   768
864.00  0.03748  0.03757  0.00572  0.80968  -237.87123  -239.76900  4.99985   768
865.00  0.03748  0.03757  0.00598  0.80968  -237.54317  -239.46382  4.99985   768
866.00  0.03748  0.03757  0.00663  0.80968  -236.57118  -238.53761  4.99985   768
867.00  0.03747  0.03757  0.00724  0.80968  -235.60377  -237.54579  4.99985   768
868.00  0.03748  0.03757  0.00767  0.80968  -234.92781  -236.87288  4.99985   768
869.00  0.03748  0.03757  0.00775  0.80968  -234.73860  -236.62416  4.99985   768
870.00  0.03748  0.03757  0.00730  0.80968  -235.41609  -237.24672  4.99985   768
871.00  0.03747  0.03757  0.00665  0.80968  -236.41554  -238.24617  4.99985   768
872.00  0.03747  0.03757  0.00612  0.80968  -237.22578  -239.06862  4.99985   768
873.00  0.03749  0.03757  0.00587  0.80968  -237.62251  -239.48518  4.99985   768
874.00  0.03748  0.03757  0.00597  0.80968  -237.52180  -239.40584  4.99985   768
875.00  0.03748  0.03757  0.00648  0.80968  -236.78480  -238.71919  4.99985   768
876.00  0.03748  0.03757  0.00710  0.80968  -235.83418  -237.74873  4.99985   768
877.00  0.03748  0.03757  0.00754  0.80968  -235.11854  -237.03462  4.99985   768
878.00  0.03748  0.03757  0.00777  0.80968  -234.75539  -236.63332  4.99985   768
879.00  0.03748  0.03757  0.00757  0.80968  -234.97359  -236.82405  4.99985   768
880.00  0.03747  0.03757  0.00693  0.80968  -235.98677  -237.80519  4.99985   768
881.00  0.03747  0.03757  0.00631  0.80968  -236.92213  -238.74361  4.99985   768
882.00  0.03747  0.03757  0.00581  0.80968  -237.73543  -239.58437  4.99985   768
883.00  0.03747  0.03757  0.00574  0.80968  -237.86055  -239.77052  4.99985   768
884.00  0.03748  0.03757  0.00608  0.80968  -237.35854  -239.29140  4.99985   768
885.00  0.03749  0.03757  0.00678  0.80968  -236.35451  -238.31636  4.99985   768
886.00  0.03747  0.03757  0.00728  0.80968  -235.56563  -237.51222  4.99985   768
887.00  0.03749  0.03757  0.00763  0.80968  -234.95222  -236.87746  4.99985   768
888.00  0.03748  0.03757  0.00755  0.80968  -235.03920  -236.90645  4.99985   768
889.00  0.03746  0.03757  0.00708  0.80968  -235.71211  -237.54579  4.99985   768
890.00  0.03747  0.03757  0.00646  0.80968  -236.67952  -238.50557  4.99985   768
891.00  0.03747  0.03757  0.00594  0.80968  -237.47755  -239.30513  4.99985   768
892.00  0.03748  0.03757  0.00570  0.80968  -237.90022  -239.76594  4.99985   768
893.00  0.03748  0.03757  0.00588  0.80968  -237.66524  -239.57826  4.99985   768
894.00  0.03748  0.03757  0.00654  0.80968  -236.64900  -238.58949  4.99985   768
895.00  0.03747  0.03757  0.00715  0.80968  -235.77315  -237.71364  4.99985   768
896.00  0.03748  0.03757  0.00771  0.80968  -234.86677  -236.79811  4.99985   768
897.00  0.03746  0.03757  0.00772  0.80968  -234.78133  -236.64400  4.99985   768
898.00  0.03748  0.03757  0.00741  0.80968  -235.23909  -237.10939  4.99985   768
899.00  0.03748  0.03757  0.00683  0.80968  -236.09816  -237.94710  4.99985   768
900.00  0.03748  0.03757  0.00629  0.80968  -236.96486  -238.83058  4.99985   768
901.00  0.03747  0.03757  0.00588  0.80968  -237.63014  -239.49892  4.99985   768
902.00  0.03747  0.03757  0.00590  0.80968  -237.61793  -239.52791  4.99985   768
903.00  0.03747  0.03757  0.00636  0.80968  -236.97859  -238.92976  4.99985   768
904.00  0.03748  0.03757  0.00695  0.80968  -236.07375  -238.01118  4.99985   768
905.00  0.03747  0.03757  0.00754  0.80968  -235.13228  -237.04835  4.99985   768
906.00  0.03748  0.03757  0.00788  0.80968  -234.54939  -236.44868  4.99985   768
907.00  0.03748  0.03757  0.00762  0.80968  -234.94154  -236.79201  4.99985   768
908.00  0.03746  0.03757  0.00704  0.80968  -235.78078  -237.59920  4.99985   768
909.00  0.03747  0.03757  0.00635  0.80968  -236.85957  -238.66121  4.99985   768
910.00  0.03749  0.03757  0.00580  0.80968  -237.72475  -239.54927  4.99985   768
911.00  0.03748  0.03757  0.00561  0.80968  -238.06502  -239.95515  4.99985   768
912.00  0.03748  0.03757  0.00593  0.80968  -237.61793  -239.53859  4.99985   768
913.00  0.03746  0.03757  0.00654  0.80968  -236.71461  -238.64137  4.99985   768
914.00  0.03748  0.03757  0.00719  0.80968  -235.70143  -237.63124  4.99985   768
915.00  0.03748  0.03757  0.00762  0.80968  -234.99495  -236.92018  4.99985   768
916.00  0.03748  0.03757  0.00761  0.80968  -234.95070  -236.81184  4.99985   768
917.00  0.03746  0.03757  0.00725  0.80968  -235.50612  -237.35200  4.99985   768
918.00  0.03748  0.03757  0.00672  0.80968  -236.30110  -238.16225  4.99985   768
919.00  0.03748  0.03757  0.00604  0.80968  -237.30513  -239.14033  4.99985   768
920.00  0.03748  0.03757  0.00572  0.80968  -237.91548  -239.78273  4.99985   768
921.00  0.03747  0.03757  0.00579  0.80968  -237.80257  -239.72627  4.99985   768
922.00  0.03747  0.03757  0.00627  0.80968  -237.10371  -239.04268  4.99985   768
923.00  0.03748  0.03757  0.00710  0.80968  -235.84029  -237.79756  4.99985   768
924.00  0.03748  0.03757  0.00771  0.80968  -234.85152  -236.77980  4.99985   768
925.00  0.03747  0.03757  0.00791  0.80968  -234.50514  -236.38917  4.99985   768
926.00  0.03748  0.03757  0.00777  0.80968  -234.68062  -236.53566  4.99985   768
927.00  0.03748  0.03757  0.00726  0.80968  -235.45882  -237.27113  4.99985   768
928.00  0.03748  0.03757  0.00659  0.80968  -236.48421  -238.30873  4.99985   768
929.00  0.03749  0.03757  0.00606  0.80968  -237.32191  -239.18153  4.99985   768
930.00  0.03748  0.03757  0.00579  0.80968  -237.72169  -239.59352  4.99985   768
931.00  0.03748  0.03757  0.00615  0.80968  -237.31428  -239.24715  4.99985   768
932.00  0.03748  0.03757  0.00683  0.80968  -236.27516  -238.23854  4.99985   768
933.00  0.03748  0.03757  0.00749  0.80968  -235.21315  -237.18111  4.99985   768
934.00  0.03748  0.03757  0.00795  0.80968  -234.47157  -236.39833  4.99985   768
935.00  0.03747  0.03757  0.00783  0.80968  -234.63789  -236.50819  4.99985   768
936.00  0.03747  0.03757  0.00739  0.80968  -235.31081  -237.14754  4.99985   768
937.00  0.03747  0.03757  0.00681  0.80968  -236.13936  -237.98067  4.99985   768
938.00  0.03748  0.03757  0.00623  0.80968  -237.00606  -238.84431  4.99985   768
939.00  0.03745  0.03757  0.00573  0.80968  -237.78426  -239.61488  4.99985   768
940.00  0.03748  0.03757  0.00566  0.80968  -237.97652  -239.87123  4.99985   768
941.00  0.03748  0.03757  0.00612  0.80968  -237.30971  -239.23952  4.99985   768
942.00  0.03748  0.03757  0.00688  0.80968  -236.21718  -238.17445  4.99985   768
943.00  0.03747  0.03757  0.00757  0.80968  -235.07582  -236.99953  4.99985   768
944.00  0.03748  0.03757  0.00784  0.80968  -234.69435  -236.56007  4.99985   768
945.00  0.03747  0.03757  0.00762  0.80968  -234.92628  -236.77064  4.99985   768
946.00  0.03748  0.03757  0.00702  0.80968  -235.81892  -237.64802  4.99985   768
947.00  0.03747  0.03757  0.00637  0.80968  -236.86110  -238.67799  4.99985   768
948.00  0.03747  0.03757  0.00582  0.80968  -237.67439  -239.52486  4.99985   768
949.00  0.03748  0.03757  0.00571  0.80968  -237.93379  -239.84834  4.99985   768
950.00  0.03747  0.03757  0.00601  0.80968  -237.48366  -239.42567  4.99985   768
951.00  0.03747  0.03757  0.00666  0.80968  -236.53456  -238.49031  4.99985   768
952.00  0.03747  0.03757  0.00740  0.80968  -235.36879  -237.32912  4.99985   768
953.00  0.03747  0.03757  0.00795  0.80968  -234.54329  -236.47768  4.99985   768
954.00  0.03748  0.03757  0.00805  0.80968  -234.27931  -236.16334  4.99985   768
955.00  0.03750  0.03757  0.00765  0.80968  -234.80879  -236.64705  4.99985   768
956.00  0.03748  0.03757  0.00692  0.80968  -235.96846  -237.76399  4.99985   768
957.00  0.03747  0.03757  0.00624  0.80968  -236.98775  -238.80464  4.99985   768
958.00  0.03747  0.03757  0.00590  0.80968  -237.59352  -239.45314  4.99985   768
959.00  0.03745  0.03757  0.00593  0.80968  -237.57521  -239.46382  4.99985   768
960.00  0.03747  0.03757  0.00643  0.80968  -236.88094  -238.82600  4.99985   768
961.00  0.03747  0.03757  0.00705  0.80968  -235.87691  -237.80824  4.99985   768
962.00  0.03747  0.03757  0.00763  0.80968  -234.99342  -236.92171  4.99985   768
963.00  0.03748  0.03757  0.00790  0.80968  -234.55550  -236.47462  4.99985   768
964.00  0.03747  0.03757  0.00772  0.80968  -234.77064  -236.60585  4.99985   768
965.00  0.03747  0.03757  0.00709  0.80968  -235.70601  -237.53664  4.99985   768
966.00  0.03749  0.03757  0.00638  0.80968  -236.83516  -238.66273  4.99985   768
967.00  0.03746  0.03757  0.00573  0.80968  -237.81935  -239.66219  4.99985   768
968.00  0.03748  0.03757  0.00564  0.80968  -238.04213  -239.94600  4.99985   768
969.00  0.03747  0.03757  0.00594  0.80968  -237.58894  -239.52028  4.99985   768
970.00  0.03746  0.03757  0.00658  0.80968  -236.71156  -238.66884  4.99985   768
971.00  0.03748  0.03757  0.00714  0.80968  -235.71211  -237.63887  4.99985   768
972.00  0.03747  0.03757  0.00763  0.80968  -234.95070  -236.87288  4.99985   768
973.00  0.03747  0.03757  0.00759  0.80968  -234.97206  -236.86067  4.99985   768
974.00  0.03746  0.03757  0.00726  0.80968  -235.47102  -237.29555  4.99985   768
975.00  0.03748  0.03757  0.00670  0.80968  -236.31331  -238.13631  4.99985   768
976.00  0.03748  0.03757  0.00601  0.80968  -237.37990  -239.18306  4.99985   768
977.00  0.03747  0.03757  0.00561  0.80968  -238.02687  -239.88954  4.99985   768
978.00  0.03748  0.03757  0.00581  0.80968  -237.77357  -239.68965  4.99985   768
979.00  0.03748  0.03757  0.00634  0.80968  -237.03047  -238.98012  4.99985   768
980.00  0.03746  0.03757  0.00716  0.80968  -235.74568  -237.70601  4.99985   768
981.00  0.03747  0.03757  0.00776  0.80968  -234.83473  -236.75081  4.99985   768
982.00  0.03747  0.03757  0.00795  0.80968  -234.47157  -236.37849  4.99985   768
983.00  0.03747  0.03757  0.00763  0.80968  -234.90950  -236.75539  4.99985   768
984.00  0.03747  0.03757  0.00710  0.80968  -235.73042  -237.58241  4.99985   768
985.00  0.03747  0.03757  0.00648  0.80968  -236.63527  -238.47505  4.99985   768
986.00  0.03747  0.03757  0.00587  0.80968  -237.62862  -239.47908  4.99985   768
987.00  0.03747  0.03757  0.00579  0.80968  -237.75832  -239.65303  4.99985   768
988.00  0.03747  0.03757  0.00619  0.80968  -237.20442  -239.14339  4.99985   768
989.00  0.03748  0.03757  0.00673  0.80968  -236.42927  -238.36671  4.99985   768
990.00  0.03746  0.03757  0.00751  0.80968  -235.17195  -237.11549  4.99985   768
991.00  0.03747  0.03757  0.00790  0.80968  -234.54939  -236.46699  4.99985   768
992.00  0.03747  0.03757  0.00776  0.80968  -234.68520  -236.51277  4.99985   768
993.00  0.03748  0.03757  0.00731  0.80968  -235.39168  -237.21620  4.99985   768
994.00  0.03746  0.03757  0.00657  0.80968  -236.49794  -238.29652  4.99985   768
995.00  0.03746  0.03757  0.00593  0.80968  -237.50655  -239.33870  4.99985   768
996.00  0.03748  0.03757  0.00558  0.80968  -238.07570  -239.95668  4.99985   768
997.00  0.03748  0.03757  0.00577  0.80968  -237.80867  -239.72627  4.99985   768
998.00  0.03746  0.03757  0.00628  0.80968  -237.07472  -239.03047  4.99985   768
999.00  0.03748  0.03757  0.00707  0.80968  -235.86470  -237.82503  4.99985   768
1000.00  0.03746  0.03757  0.00774  0.80968  -234.86220  -236.80879  4.99985   768
1001.00  0.03747  0.03757  0.00789  0.80968  -234.55397  -236.45784  4.99985   768
1002.00  0.03747  0.03757  0.00766  0.80968  -234.83321  -236.70045  4.99985   768
1003.00  0.03747  0.03757  0.00711  0.80968  -235.67854  -237.53053  4.99985   768
1004.00  0.03747  0.03757  0.00639  0.80968  -236.77107  -238.57118  4.99985   768
1005.00  0.03747  0.03757  0.00579  0.80968  -237.72017  -239.56300  4.99985   768
1006.00  0.03746  0.03757  0.00577  0.80968  -237.88954  -239.78273  4.99985   768
1007.00  0.03747  0.03757  0.00617  0.80968  -237.25630  -239.16933  4.99985   768
1008.00  0.03746  0.03757  0.00686  0.80968  -236.20650  -238.14851  4.99985   768
1009.00  0.03748  0.03757  0.00758  0.80968  -235.10634  -237.05141  4.99985   768
1010.00  0.03747  0.03757  0.00793  0.80968  -234.48988  -236.36629  4.99985   768
1011.00  0.03745  0.03757  0.00786  0.80968  -234.54787  -236.41054  4.99985   768
1012.00  0.03745  0.03757  0.00744  0.80968  -235.13533  -236.95680  4.99985   768
1013.00  0.03748  0.03757  0.00672  0.80968  -236.33925  -238.14699  4.99985   768
1014.00  0.03748  0.03757  0.00599  0.80968  -237.37379  -239.19679  4.99985   768
1015.00  0.03746  0.03757  0.00567  0.80968  -237.98109  -239.86360  4.99985   768
1016.00  0.03746  0.03757  0.00579  0.80968  -237.83919  -239.75984  4.99985   768
1017.00  0.03745  0.03757  0.00633  0.80968  -237.01979  -238.98622  4.99985   768
1018.00  0.03748  0.03757  0.00714  0.80968  -235.80672  -237.78841  4.99985   768
1019.00  0.03747  0.03757  0.00767  0.80968  -234.92934  -236.85304  4.99985   768
1020.00  0.03746  0.03757  0.00776  0.80968  -234.77217  -236.65620  4.99985   768
1021.00  0.03747  0.03757  0.00753  0.80968  -235.08955  -236.93544  4.99985   768
1022.00  0.03746  0.03757  0.00692  0.80968  -235.97914  -237.78688  4.99985   768
1023.00  0.03746  0.03757  0.00621  0.80968  -237.05641  -238.84431  4.99985   768
1024.00  0.03745  0.03757  0.00561  0.80968  -237.99788  -239.83919  4.99985   768
1025.00  0.03747  0.03757  0.00551  0.80968  -238.21150  -240.09248  4.99985   768
1026.00  0.03745  0.03757  0.00595  0.80968  -237.59047  -239.51570  4.99985   768
1027.00  0.03747  0.03757  0.00665  0.80968  -236.50404  -238.44759  4.99985   768
1028.00  0.03746  0.03757  0.00737  0.80968  -235.42677  -237.37489  4.99985   768
1029.00  0.03746  0.03757  0.00776  0.80968  -234.76912  -236.66383  4.99985   768
1030.00  0.03747  0.03757  0.00771  0.80968  -234.78438  -236.65468  4.99985   768
1031.00  0.03747  0.03757  0.00728  0.80968  -235.47407  -237.31081  4.99985   768
1032.00  0.03747  0.03757  0.00664  0.80968  -236.41096  -238.24312  4.99985   768
1033.00  0.03748  0.03757  0.00597  0.80968  -237.45009  -239.29140  4.99985   768
1034.00  0.03747  0.03757  0.00563  0.80968  -238.06349  -239.94600  4.99985   768
1035.00  0.03745  0.03757  0.00584  0.80968  -237.75069  -239.68355  4.99985   768
1036.00  0.03747  0.03757  0.00650  0.80968  -236.75886  -238.72530  4.99985   768
1037.00  0.03747  0.03757  0.00723  0.80968  -235.62971  -237.58394  4.99985   768
1038.00  0.03746  0.03757  0.00773  0.80968  -234.88051  -236.79964  4.99985   768
1039.00  0.03747  0.03757  0.00789  0.80968  -234.55244  -236.43190  4.99985   768
1040.00  0.03746  0.03757  0.00764  0.80968  -234.90492  -236.75233  4.99985   768
1041.00  0.03746  0.03757  0.00703  0.80968  -235.80214  -237.59920  4.99985   768
1042.00  0.03747  0.03757  0.00636  0.80968  -236.85957  -238.67952  4.99985   768
1043.00  0.03746  0.03757  0.00596  0.80968  -237.48823  -239.32344  4.99985   768
1044.00  0.03746  0.03757  0.00567  0.80968  -237.96584  -239.82698  4.99985   768
1045.00  0.03747  0.03757  0.00617  0.80968  -237.25478  -239.20900  4.99985   768
1046.00  0.03746  0.03757  0.00680  0.80968  -236.25075  -238.19887  4.99985   768
1047.00  0.03747  0.03757  0.00747  0.80968  -235.27876  -237.22841  4.99985   768
1048.00  0.03746  0.03757  0.00774  0.80968  -234.80574  -236.70961  4.99985   768
1049.00  0.03746  0.03757  0.00770  0.80968  -234.85152  -236.72792  4.99985   768
1050.00  0.03746  0.03757  0.00720  0.80968  -235.54732  -237.37947  4.99985   768
1051.00  0.03747  0.03757  0.00659  0.80968  -236.49336  -238.34993  4.99985   768
1052.00  0.03746  0.03757  0.00595  0.80968  -237.46687  -239.29140  4.99985   768
1053.00  0.03747  0.03757  0.00559  0.80968  -238.07112  -239.95973  4.99985   768
1054.00  0.03746  0.03757  0.00581  0.80968  -237.74611  -239.67897  4.99985   768
1055.00  0.03746  0.03757  0.00636  0.80968  -236.98012  -238.92213  4.99985   768
1056.00  0.03746  0.03757  0.00710  0.80968  -235.85554  -237.82198  4.99985   768
1057.00  0.03746  0.03757  0.00757  0.80968  -235.03767  -236.94612  4.99985   768
1058.00  0.03745  0.03757  0.00775  0.80968  -234.76454  -236.62416  4.99985   768
1059.00  0.03747  0.03757  0.00738  0.80968  -235.29555  -237.11702  4.99985   768
1060.00  0.03746  0.03757  0.00685  0.80968  -236.07527  -237.90132  4.99985   768
1061.00  0.03744  0.03757  0.00628  0.80968  -236.98317  -238.81380  4.99985   768
1062.00  0.03746  0.03757  0.00580  0.80968  -237.67744  -239.52638  4.99985   768
1063.00  0.03747  0.03757  0.00574  0.80968  -237.85750  -239.73085  4.99985   768
1064.00  0.03745  0.03757  0.00613  0.80968  -237.33107  -239.28377  4.99985   768
1065.00  0.03746  0.03757  0.00678  0.80968  -236.36824  -238.33620  4.99985   768
1066.00  0.03746  0.03757  0.00748  0.80968  -235.22688  -237.16280  4.99985   768
1067.00  0.03745  0.03757  0.00782  0.80968  -234.71114  -236.62721  4.99985   768
1068.00  0.03745  0.03757  0.00769  0.80968  -234.83778  -236.68825  4.99985   768
1069.00  0.03746  0.03757  0.00718  0.80968  -235.57631  -237.41762  4.99985   768
1070.00  0.03748  0.03757  0.00666  0.80968  -236.40028  -238.27058  4.99985   768
1071.00  0.03746  0.03757  0.00606  0.80968  -237.30055  -239.11439  4.99985   768
1072.00  0.03747  0.03757  0.00588  0.80968  -237.67439  -239.56300  4.99985   768
1073.00  0.03746  0.03757  0.00609  0.80968  -237.32344  -239.23036  4.99985   768
1074.00  0.03746  0.03757  0.00669  0.80968  -236.45827  -238.39876  4.99985   768
1075.00  0.03746  0.03757  0.00732  0.80968  -235.47865  -237.41151  4.99985   768
1076.00  0.03746  0.03757  0.00777  0.80968  -234.74623  -236.65773  4.99985   768
1077.00  0.03746  0.03757  0.00783  0.80968  -234.61500  -236.47310  4.99985   768
1078.00  0.03747  0.03757  0.00744  0.80968  -235.18111  -237.00563  4.99985   768
1079.00  0.03748  0.03757  0.00683  0.80968  -236.09206  -237.91200  4.99985   768
1080.00  0.03746  0.03757  0.00622  0.80968  -237.08845  -238.92671  4.99985   768
1081.00  0.03747  0.03757  0.00585  0.80968  -237.67439  -239.56148  4.99985   768
1082.00  0.03746  0.03757  0.00596  0.80968  -237.57368  -239.49586  4.99985   768
1083.00  0.03745  0.03757  0.00644  0.80968  -236.84279  -238.79396  4.99985   768
1084.00  0.03745  0.03757  0.00702  0.80968  -235.92879  -237.87538  4.99985   768
1085.00  0.03745  0.03757  0.00760  0.80968  -235.07429  -237.01936  4.99985   768
1086.00  0.03746  0.03757  0.00782  0.80968  -234.61653  -236.52040  4.99985   768
1087.00  0.03747  0.03757  0.00755  0.80968  -235.02089  -236.88661  4.99985   768
1088.00  0.03745  0.03757  0.00708  0.80968  -235.75789  -237.56105  4.99985   768
1089.00  0.03746  0.03757  0.00640  0.80968  -236.82600  -238.66121  4.99985   768
1090.00  0.03747  0.03757  0.00589  0.80968  -237.57826  -239.42110  4.99985   768
1091.00  0.03746  0.03757  0.00578  0.80968  -237.80562  -239.69881  4.99985   768
1092.00  0.03746  0.03757  0.00612  0.80968  -237.30055  -239.21968  4.99985   768
1093.00  0.03746  0.03757  0.00672  0.80968  -236.39265  -238.34383  4.99985   768
1094.00  0.03746  0.03757  0.00736  0.80968  -235.42372  -237.36726  4.99985   768
1095.00  0.03746  0.03757  0.00771  0.80968  -234.83626  -236.74165  4.99985   768
1096.00  0.03747  0.03757  0.00769  0.80968  -234.83778  -236.70351  4.99985   768
1097.00  0.03746  0.03757  0.00733  0.80968  -235.36116  -237.20705  4.99985   768
1098.00  0.03746  0.03757  0.00672  0.80968  -236.26906  -238.10884  4.99985   768
1099.00  0.03745  0.03757  0.00609  0.80968  -237.30513  -239.15254  4.99985   768
1100.00  0.03746  0.03757  0.00573  0.80968  -237.85902  -239.73695  4.99985   768
1101.00  0.03746  0.03757  0.00585  0.80968  -237.68660  -239.60420  4.99985   768
1102.00  0.03746  0.03757  0.00633  0.80968  -237.06557  -238.99843  4.99985   768
1103.00  0.03746  0.03757  0.00699  0.80968  -236.04628  -237.99898  4.99985   768
1104.00  0.03745  0.03757  0.00764  0.80968  -234.95222  -236.87440  4.99985   768
1105.00  0.03745  0.03757  0.00780  0.80968  -234.71724  -236.60280  4.99985   768
1106.00  0.03746  0.03757  0.00750  0.80968  -235.09260  -236.92476  4.99985   768
1107.00  0.03746  0.03757  0.00697  0.80968  -235.90590  -237.71669  4.99985   768
1108.00  0.03746  0.03757  0.00628  0.80968  -236.92824  -238.72530  4.99985   768
1109.00  0.03746  0.03757  0.00578  0.80968  -237.75221  -239.59657  4.99985   768
1110.00  0.03746  0.03757  0.00564  0.80968  -237.98415  -239.86360  4.99985   768
1111.00  0.03747  0.03757  0.00599  0.80968  -237.52791  -239.44551  4.99985   768
1112.00  0.03746  0.03757  0.00668  0.80968  -236.50709  -238.47658  4.99985   768
1113.00  0.03746  0.03757  0.00743  0.80968  -235.27418  -237.23299  4.99985   768
1114.00  0.03747  0.03757  0.00779  0.80968  -234.74318  -236.63942  4.99985   768
1115.00  0.03746  0.03757  0.00776  0.80968  -234.75691  -236.61958  4.99985   768
1116.00  0.03746  0.03757  0.00732  0.80968  -235.35811  -237.20705  4.99985   768
1117.00  0.03744  0.03757  0.00665  0.80968  -236.35908  -238.16530  4.99985   768
1118.00  0.03746  0.03757  0.00605  0.80968  -237.37532  -239.22884  4.99985   768
1119.00  0.03745  0.03757  0.00570  0.80968  -237.89107  -239.78120  4.99985   768
1120.00  0.03746  0.03757  0.00583  0.80968  -237.71407  -239.61946  4.99985   768
1121.00  0.03745  0.03757  0.00639  0.80968  -237.03810  -239.00606  4.99985   768
1122.00  0.03744  0.03757  0.00709  0.80968  -235.89522  -237.84029  4.99985   768
1123.00  0.03746  0.03757  0.00766  0.80968  -234.91713  -236.83931  4.99985   768
1124.00  0.03745  0.03757  0.00786  0.80968  -234.61958  -236.49751  4.99985   768
1125.00  0.03746  0.03757  0.00760  0.80968  -234.96138  -236.78743  4.99985   768
1126.00  0.03746  0.03757  0.00699  0.80968  -235.81282  -237.60835  4.99985   768
1127.00  0.03746  0.03757  0.00623  0.80968  -237.11287  -238.91145  4.99985   768
1128.00  0.03746  0.03757  0.00573  0.80968  -237.84224  -239.70644  4.99985   768
1129.00  0.03747  0.03757  0.00562  0.80968  -238.00093  -239.90022  4.99985   768
1130.00  0.03745  0.03757  0.00592  0.80968  -237.66829  -239.57826  4.99985   768
1131.00  0.03745  0.03757  0.00658  0.80968  -236.65358  -238.60933  4.99985   768
1132.00  0.03746  0.03757  0.00725  0.80968  -235.61446  -237.57173  4.99985   768
1133.00  0.03745  0.03757  0.00764  0.80968  -234.97664  -236.90034  4.99985   768
1134.00  0.03744  0.03757  0.00764  0.80968  -234.94612  -236.83473  4.99985   768
1135.00  0.03744  0.03757  0.00727  0.80968  -235.43745  -237.29402  4.99985   768
1136.00  0.03746  0.03757  0.00657  0.80968  -236.50099  -238.33009  4.99985   768
1137.00  0.03746  0.03757  0.00596  0.80968  -237.50807  -239.33870  4.99985   768
1138.00  0.03744  0.03757  0.00556  0.80968  -238.10774  -239.98567  4.99985   768
1139.00  0.03745  0.03757  0.00570  0.80968  -237.96278  -239.83308  4.99985   768
1140.00  0.03745  0.03757  0.00630  0.80968  -237.08693  -239.02284  4.99985   768
1141.00  0.03745  0.03757  0.00700  0.80968  -235.97609  -237.93489  4.99985   768
1142.00  0.03746  0.03757  0.00764  0.80968  -234.99495  -236.92781  4.99985   768
1143.00  0.03746  0.03757  0.00791  0.80968  -234.50972  -236.39680  4.99985   768
1144.00  0.03745  0.03757  0.00759  0.80968  -234.95375  -236.76912  4.99985   768
1145.00  0.03744  0.03757  0.00703  0.80968  -235.83418  -237.64040  4.99985   768
1146.00  0.03746  0.03757  0.00640  0.80968  -236.75429  -238.58644  4.99985   768
1147.00  0.03746  0.03757  0.00578  0.80968  -237.77968  -239.62556  4.99985   768
1148.00  0.03746  0.03757  0.00574  0.80968  -237.86818  -239.76137  4.99985   768
1149.00  0.03745  0.03757  0.00608  0.80968  -237.39210  -239.34022  4.99985   768
1150.00  0.03745  0.03757  0.00686  0.80968  -236.26448  -238.23549  4.99985   768
1151.00  0.03746  0.03757  0.00751  0.80968  -235.18263  -237.14143  4.99985   768
1152.00  0.03745  0.03757  0.00800  0.80968  -234.40291  -236.33577  4.99985   768
1153.00  0.03745  0.03757  0.00796  0.80968  -234.48225  -236.37239  4.99985   768
1154.00  0.03747  0.03757  0.00750  0.80968  -235.15517  -236.99647  4.99985   768
1155.00  0.03745  0.03757  0.00678  0.80968  -236.15462  -237.95778  4.99985   768
1156.00  0.03746  0.03757  0.00620  0.80968  -237.09761  -238.93739  4.99985   768
1157.00  0.03745  0.03757  0.00577  0.80968  -237.76900  -239.62251  4.99985   768
1158.00  0.03746  0.03757  0.00594  0.80968  -237.58131  -239.48061  4.99985   768
1159.00  0.03745  0.03757  0.00646  0.80968  -236.82143  -238.74208  4.99985   768
1160.00  0.03747  0.03757  0.00708  0.80968  -235.84029  -237.76552  4.99985   768
1161.00  0.03746  0.03757  0.00771  0.80968  -234.88814  -236.83015  4.99985   768
1162.00  0.03744  0.03757  0.00788  0.80968  -234.54787  -236.41969  4.99985   768
1163.00  0.03746  0.03757  0.00761  0.80968  -234.90187  -236.75844  4.99985   768
1164.00  0.03745  0.03757  0.00706  0.80968  -235.78383  -237.60988  4.99985   768
1165.00  0.03746  0.03757  0.00638  0.80968  -236.79396  -238.62306  4.99985   768
1166.00  0.03746  0.03757  0.00581  0.80968  -237.72475  -239.57063  4.99985   768
1167.00  0.03746  0.03757  0.00570  0.80968  -237.95668  -239.85597  4.99985   768
1168.00  0.03745  0.03757  0.00608  0.80968  -237.35701  -239.31276  4.99985   768
1169.00  0.03747  0.03757  0.00673  0.80968  -236.42622  -238.38502  4.99985   768
1170.00  0.03746  0.03757  0.00737  0.80968  -235.37184  -237.33827  4.99985   768
1171.00  0.03747  0.03757  0.00780  0.80968  -234.75996  -236.66994  4.99985   768
1172.00  0.03743  0.03757  0.00783  0.80968  -234.61348  -236.47462  4.99985   768
1173.00  0.03746  0.03757  0.00735  0.80968  -235.32912  -237.17042  4.99985   768
1174.00  0.03745  0.03757  0.00673  0.80968  -236.26143  -238.07832  4.99985   768
1175.00  0.03745  0.03757  0.00611  0.80968  -237.22121  -239.03657  4.99985   768
1176.00  0.03746  0.03757  0.00580  0.80968  -237.76442  -239.62404  4.99985   768
1177.00  0.03745  0.03757  0.00600  0.80968  -237.50807  -239.42720  4.99985   768
1178.00  0.03746  0.03757  0.00655  0.80968  -236.68257  -238.60780  4.99985   768
1179.00  0.03746  0.03757  0.00727  0.80968  -235.61903  -237.57936  4.99985   768
1180.00  0.03745  0.03757  0.00772  0.80968  -234.82100  -236.74318  4.99985   768
1181.00  0.03745  0.03757  0.00775  0.80968  -234.73402  -236.60890  4.99985   768
1182.00  0.03745  0.03757  0.00754  0.80968  -235.06209  -236.92781  4.99985   768
1183.00  0.03745  0.03757  0.00697  0.80968  -235.92573  -237.75941  4.99985   768
1184.00  0.03745  0.03757  0.00627  0.80968  -236.96944  -238.80922  4.99985   768
1185.00  0.03744  0.03757  0.00585  0.80968  -237.64235  -239.50349  4.99985   768
1186.00  0.03746  0.03757  0.00570  0.80968  -237.95363  -239.85902  4.99985   768
1187.00  0.03745  0.03757  0.00612  0.80968  -237.37074  -239.30513  4.99985   768
1188.00  0.03745  0.03757  0.00686  0.80968  -236.19734  -238.15004  4.99985   768
1189.00  0.03745  0.03757  0.00741  0.80968  -235.26808  -237.19026  4.99985   768
1190.00  0.03745  0.03757  0.00766  0.80968  -234.91408  -236.79811  4.99985   768
1191.00  0.03746  0.03757  0.00756  0.80968  -235.03462  -236.90034  4.99985   768
1192.00  0.03745  0.03757  0.00707  0.80968  -235.72279  -237.54121  4.99985   768
1193.00  0.03745  0.03757  0.00654  0.80968  -236.57423  -238.37587  4.99985   768
1194.00  0.03745  0.03757  0.00592  0.80968  -237.51570  -239.34785  4.99985   768
1195.00  0.03745  0.03757  0.00568  0.80968  -237.92158  -239.77815  4.99985   768
1196.00  0.03745  0.03757  0.00590  0.80968  -237.62709  -239.54164  4.99985   768
1197.00  0.03746  0.03757  0.00646  0.80968  -236.83516  -238.78480  4.99985   768
1198.00  0.03745  0.03757  0.00720  0.80968  -235.69380  -237.65565  4.99985   768
1199.00  0.03745  0.03757  0.00778  0.80968  -234.77370  -236.69435  4.99985   768
1200.00  0.03745  0.03757  0.00790  0.80968  -234.55855  -236.47310  4.99985   768
1201.00  0.03745  0.03757  0.00766  0.80968  -234.90187  -236.74165  4.99985   768
1202.00  0.03744  0.03757  0.00708  0.80968  -235.72127  -237.55037  4.99985   768
1203.00  0.03745  0.03757  0.00637  0.80968  -236.78633  -238.63222  4.99985   768
1204.00  0.03744  0.03757  0.00590  0.80968  -237.66829  -239.51417  4.99985   768
1205.00  0.03747  0.03757  0.00590  0.80968  -237.61031  -239.51570  4.99985   768
1206.00  0.03746  0.03757  0.00634  0.80968  -236.99385  -238.94350  4.99985   768
1207.00  0.03745  0.03757  0.00688  0.80968  -236.15462  -238.09053  4.99985   768
1208.00  0.03746  0.03757  0.00753  0.80968  -235.14601  -237.05446  4.99985   768
1209.00  0.03745  0.03757  0.00785  0.80968  -234.63637  -236.52956  4.99985   768
1210.00  0.03745  0.03757  0.00773  0.80968  -234.80116  -236.66231  4.99985   768
1211.00  0.03747  0.03757  0.00721  0.80968  -235.48781  -237.29707  4.99985   768
1212.00  0.03745  0.03757  0.00649  0.80968  -236.61085  -238.42470  4.99985   768
1213.00  0.03745  0.03757  0.00582  0.80968  -237.66676  -239.52028  4.99985   768
1214.00  0.03746  0.03757  0.00559  0.80968  -238.08180  -239.96278  4.99985   768
1215.00  0.03745  0.03757  0.00575  0.80968  -237.88496  -239.80562  4.99985   768
1216.00  0.03746  0.03757  0.00633  0.80968  -237.00453  -238.96944  4.99985   768
1217.00  0.03745  0.03757  0.00697  0.80968  -236.06001  -238.01271  4.99985   768
1218.00  0.03745  0.03757  0.00752  0.80968  -235.14296  -237.09718  4.99985   768
1219.00  0.03746  0.03757  0.00769  0.80968  -234.85304  -236.74013  4.99985   768
1220.00  0.03745  0.03757  0.00744  0.80968  -235.22688  -237.09413  4.99985   768
1221.00  0.03747  0.03757  0.00674  0.80968  -236.18819  -237.99440  4.99985   768
1222.00  0.03746  0.03757  0.00611  0.80968  -237.21968  -239.05794  4.99985   768
1223.00  0.03745  0.03757  0.00570  0.80968  -237.91243  -239.75526  4.99985   768
1224.00  0.03745  0.03757  0.00576  0.80968  -237.84071  -239.74611  4.99985   768
1225.00  0.03746  0.03757  0.00622  0.80968  -237.13881  -239.06709  4.99985   768
1226.00  0.03745  0.03757  0.00693  0.80968  -236.11647  -238.06612  4.99985   768
1227.00  0.03745  0.03757  0.00758  0.80968  -235.03310  -236.96596  4.99985   768
1228.00  0.03745  0.03757  0.00786  0.80968  -234.63179  -236.53718  4.99985   768
1229.00  0.03745  0.03757  0.00779  0.80968  -234.70808  -236.55092  4.99985   768
1230.00  0.03745  0.03757  0.00728  0.80968  -235.35811  -237.19026  4.99985   768
1231.00  0.03746  0.03757  0.00660  0.80968  -236.48573  -238.31941  4.99985   768
1232.00  0.03745  0.03757  0.00608  0.80968  -237.28682  -239.14491  4.99985   768
1233.00  0.03745  0.03757  0.00577  0.80968  -237.81935  -239.69270  4.99985   768
1234.00  0.03745  0.03757  0.00606  0.80968  -237.43483  -239.37837  4.99985   768
1235.00  0.03744  0.03757  0.00665  0.80968  -236.54066  -238.50099  4.99985   768
1236.00  0.03745  0.03757  0.00728  0.80968  -235.52901  -237.48018  4.99985   768
1237.00  0.03744  0.03757  0.00785  0.80968  -234.68214  -236.62416  4.99985   768
1238.00  0.03746  0.03757  0.00787  0.80968  -234.56618  -236.45326  4.99985   768
1239.00  0.03744  0.03757  0.00739  0.80968  -235.17195  -236.99190  4.99985   768
1240.00  0.03746  0.03757  0.00679  0.80968  -236.16988  -237.98677  4.99985   768
1241.00  0.03745  0.03757  0.00609  0.80968  -237.27614  -239.08540  4.99985   768
1242.00  0.03744  0.03757  0.00570  0.80968  -237.85445  -239.71559  4.99985   768
1243.00  0.03745  0.03757  0.00564  0.80968  -238.06197  -239.93990  4.99985   768
1244.00  0.03745  0.03757  0.00610  0.80968  -237.34022  -239.26546  4.99985   768
1245.00  0.03745  0.03757  0.00681  0.80968  -236.26601  -238.23396  4.99985   768
1246.00  0.03745  0.03757  0.00746  0.80968  -235.29707  -237.23451  4.99985   768
1247.00  0.03746  0.03757  0.00766  0.80968  -234.89729  -236.79048  4.99985   768
1248.00  0.03745  0.03757  0.00749  0.80968  -235.14448  -237.02241  4.99985   768
1249.00  0.03746  0.03757  0.00695  0.80968  -235.91811  -237.73958  4.99985   768
1250.00  0.03745  0.03757  0.00624  0.80968  -237.02132  -238.85652  4.99985   768
1251.00  0.03746  0.03757  0.00578  0.80968  -237.77663  -239.63472  4.99985   768
1252.00  0.03745  0.03757  0.00564  0.80968  -238.01924  -239.92616  4.99985   768
1253.00  0.03744  0.03757  0.00588  0.80968  -237.63930  -239.57521  4.99985   768
1254.00  0.03745  0.03757  0.00646  0.80968  -236.87941  -238.85042  4.99985   768
1255.00  0.03745  0.03757  0.00725  0.80968  -235.57936  -237.51833  4.99985   768
1256.00  0.03745  0.03757  0.00783  0.80968  -234.70961  -236.64094  4.99985   768
1257.00  0.03744  0.03757  0.00780  0.80968  -234.67451  -236.52956  4.99985   768
1258.00  0.03745  0.03757  0.00749  0.80968  -235.10786  -236.94917  4.99985   768
1259.00  0.03745  0.03757  0.00690  0.80968  -235.99440  -237.80366  4.99985   768
1260.00  0.03744  0.03757  0.00611  0.80968  -237.20137  -239.01063  4.99985   768
1261.00  0.03745  0.03757  0.00579  0.80968  -237.78120  -239.65456  4.99985   768
1262.00  0.03745  0.03757  0.00583  0.80968  -237.66676  -239.54927  4.99985   768
1263.00  0.03745  0.03757  0.00628  0.80968  -237.07777  -239.02437  4.99985   768
1264.00  0.03745  0.03757  0.00699  0.80968  -236.01881  -237.98372  4.99985   768
1265.00  0.03745  0.03757  0.00764  0.80968  -234.98579  -236.92781  4.99985   768
1266.00  0.03745  0.03757  0.00781  0.80968  -234.66383  -236.56312  4.99985   768
1267.00  0.03745  0.03757  0.00766  0.80968  -234.89119  -236.76454  4.99985   768
1268.00  0.03745  0.03757  0.00715  0.80968  -235.59462  -237.43135  4.99985   768
1269.00  0.03743  0.03757  0.00649  0.80968  -236.66121  -238.49947  4.99985   768
1270.00  0.03745  0.03757  0.00585  0.80968  -237.59810  -239.42567  4.99985   768
1271.00  0.03745  0.03757  0.00558  0.80968  -238.16420  -240.03755  4.99985   768
1272.00  0.03746  0.03757  0.00582  0.80968  -237.75832  -239.68813  4.99985   768
1273.00  0.03745  0.03757  0.00650  0.80968  -236.72987  -238.67952  4.99985   768
1274.00  0.03745  0.03757  0.00724  0.80968  -235.62208  -237.55342  4.99985   768
1275.00  0.03745  0.03757  0.00767  0.80968  -234.90797  -236.81795  4.99985   768
1276.00  0.03745  0.03757  0.00772  0.80968  -234.80116  -236.68367  4.99985   768
1277.00  0.03745  0.03757  0.00736  0.80968  -235.31233  -237.14448  4.99985   768
1278.00  0.03745  0.03757  0.00674  0.80968  -236.23091  -238.04933  4.99985   768
1279.00  0.03745  0.03757  0.00608  0.80968  -237.30208  -239.11897  4.99985   768
1280.00  0.03743  0.03757  0.00567  0.80968  -237.94142  -239.80257  4.99985   768
1281.00  0.03745  0.03757  0.00564  0.80968  -238.05739  -239.96431  4.99985   768
1282.00  0.03745  0.03757  0.00622  0.80968  -237.20290  -239.16475  4.99985   768
1283.00  0.03744  0.03757  0.00705  0.80968  -235.94252  -237.92421  4.99985   768
1284.00  0.03745  0.03757  0.00762  0.80968  -235.03615  -236.95985  4.99985   768
1285.00  0.03745  0.03757  0.00784  0.80968  -234.64247  -236.54329  4.99985   768
1286.00  0.03744  0.03757  0.00757  0.80968  -234.99647  -236.84389  4.99985   768
1287.00  0.03745  0.03757  0.00708  0.80968  -235.75941  -237.59309  4.99985   768
1288.00  0.03746  0.03757  0.00640  0.80968  -236.78938  -238.62611  4.99985   768
1289.00  0.03745  0.03757  0.00582  0.80968  -237.66371  -239.50502  4.99985   768
1290.00  0.03745  0.03757  0.00568  0.80968  -237.92616  -239.79188  4.99985   768
1291.00  0.03744  0.03757  0.00598  0.80968  -237.54469  -239.45772  4.99985   768
1292.00  0.03745  0.03757  0.00662  0.80968  -236.60475  -238.55440  4.99985   768
1293.00  0.03744  0.03757  0.00729  0.80968  -235.49239  -237.42677  4.99985   768
1294.00  0.03745  0.03757  0.00773  0.80968  -234.86677  -236.76912  4.99985   768
1295.00  0.03745  0.03757  0.00769  0.80968  -234.79964  -236.66383  4.99985   768
1296.00  0.03745  0.03757  0.00726  0.80968  -235.48018  -237.30623  4.99985   768
1297.00  0.03746  0.03757  0.00662  0.80968  -236.43080  -238.27516  4.99985   768
1298.00  0.03744  0.03757  0.00600  0.80968  -237.41652  -239.27156  4.99985   768
1299.00  0.03745  0.03757  0.00561  0.80968  -238.00856  -239.85902  4.99985   768
1300.00  0.03743  0.03757  0.00577  0.80968  -237.86055  -239.79799  4.99985   768
1301.00  0.03745  0.03757  0.00622  0.80968  -237.20137  -239.14949  4.99985   768
1302.00  0.03745  0.03757  0.00702  0.80968  -235.91505  -237.89217  4.99985   768
1303.00  0.03745  0.03757  0.00766  0.80968  -234.95222  -236.90492  4.99985   768
1304.00  0.03744  0.03757  0.00787  0.80968  -234.69435  -236.59212  4.99985   768
1305.00  0.03744  0.03757  0.00763  0.80968  -234.93849  -236.77522  4.99985   768
1306.00  0.03745  0.03757  0.00707  0.80968  -235.78535  -237.61446  4.99985   768
1307.00  0.03745  0.03757  0.00638  0.80968  -236.79701  -238.59254  4.99985   768
1308.00  0.03744  0.03757  0.00594  0.80968  -237.53249  -239.38142  4.99985   768
1309.00  0.03745  0.03757  0.00578  0.80968  -237.77052  -239.63319  4.99985   768
1310.00  0.03744  0.03757  0.00610  0.80968  -237.38295  -239.30666  4.99985   768
1311.00  0.03745  0.03757  0.00681  0.80968  -236.27516  -238.22786  4.99985   768
1312.00  0.03745  0.03757  0.00749  0.80968  -235.22688  -237.16585  4.99985   768
1313.00  0.03744  0.03757  0.00786  0.80968  -234.62111  -236.51430  4.99985   768
1314.00  0.03745  0.03757  0.00781  0.80968  -234.66841  -236.52193  4.99985   768
1315.00  0.03745  0.03757  0.00739  0.80968  -235.25740  -237.11092  4.99985   768
1316.00  0.03745  0.03757  0.00673  0.80968  -236.24159  -238.08595  4.99985   768
1317.00  0.03744  0.03757  0.00610  0.80968  -237.29292  -239.13118  4.99985   768
1318.00  0.03744  0.03757  0.00577  0.80968  -237.82545  -239.68813  4.99985   768
1319.00  0.03744  0.03757  0.00584  0.80968  -237.73238  -239.66524  4.99985   768
1320.00  0.03745  0.03757  0.00634  0.80968  -236.98164  -238.91908  4.99985   768
1321.00  0.03745  0.03757  0.00702  0.80968  -235.91048  -237.86928  4.99985   768
1322.00  0.03746  0.03757  0.00760  0.80968  -235.07582  -236.98274  4.99985   768
1323.00  0.03742  0.03757  0.00783  0.80968  -234.65315  -236.54939  4.99985   768
1324.00  0.03745  0.03757  0.00749  0.80968  -235.10481  -236.92781  4.99985   768
1325.00  0.03744  0.03757  0.00694  0.80968  -235.92116  -237.76247  4.99985   768
1326.00  0.03743  0.03757  0.00628  0.80968  -236.94350  -238.74513  4.99985   768
1327.00  0.03745  0.03757  0.00573  0.80968  -237.80867  -239.63014  4.99985   768
1328.00  0.03745  0.03757  0.00569  0.80968  -237.91243  -239.81020  4.99985   768
1329.00  0.03743  0.03757  0.00602  0.80968  -237.49892  -239.42415  4.99985   768
1330.00  0.03745  0.03757  0.00666  0.80968  -236.48421  -238.42622  4.99985   768
1331.00  0.03745  0.03757  0.00738  0.80968  -235.42677  -237.38557  4.99985   768
1332.00  0.03744  0.03757  0.00782  0.80968  -234.70351  -236.61958  4.99985   768
1333.00  0.03745  0.03757  0.00774  0.80968  -234.79201  -236.67146  4.99985   768
1334.00  0.03744  0.03757  0.00729  0.80968  -235.41609  -237.26350  4.99985   768
1335.00  0.03745  0.03757  0.00666  0.80968  -236.39571  -238.23091  4.99985   768
1336.00  0.03745  0.03757  0.00609  0.80968  -237.25478  -239.11287  4.99985   768
1337.00  0.03745  0.03757  0.00585  0.80968  -237.67439  -239.55537  4.99985   768
1338.00  0.03744  0.03757  0.00603  0.80968  -237.44398  -239.36006  4.99985   768
1339.00  0.03745  0.03757  0.00652  0.80968  -236.73292  -238.67494  4.99985   768
1340.00  0.03745  0.03757  0.00718  0.80968  -235.73347  -237.66786  4.99985   768
1341.00  0.03744  0.03757  0.00771  0.80968  -234.90034  -236.81032  4.99985   768
1342.00  0.03744  0.03757  0.00785  0.80968  -234.57381  -236.44716  4.99985   768
1343.00  0.03745  0.03757  0.00757  0.80968  -235.01021  -236.84541  4.99985   768
1344.00  0.03745  0.03757  0.00697  0.80968  -235.88606  -237.69075  4.99985   768
1345.00  0.03746  0.03757  0.00628  0.80968  -236.91145  -238.72530  4.99985   768
1346.00  0.03745  0.03757  0.00588  0.80968  -237.62862  -239.49129  4.99985   768
1347.00  0.03744  0.03757  0.00579  0.80968  -237.85597  -239.74306  4.99985   768
1348.00  0.03744  0.03757  0.00617  0.80968  -237.21663  -239.16170  4.99985   768
1349.00  0.03745  0.03757  0.00684  0.80968  -236.25990  -238.21107  4.99985   768
1350.00  0.03745  0.03757  0.00748  0.80968  -235.23299  -237.18263  4.99985   768
1351.00  0.03745  0.03757  0.00772  0.80968  -234.80574  -236.69588  4.99985   768
1352.00  0.03745  0.03757  0.00767  0.80968  -234.90797  -236.79353  4.99985   768
1353.00  0.03744  0.03757  0.00723  0.80968  -235.48018  -237.31996  4.99985   768
1354.00  0.03745  0.03757  0.00655  0.80968  -236.51015  -238.33620  4.99985   768
1355.00  0.03744  0.03757  0.00598  0.80968  -237.47755  -239.32344  4.99985   768
1356.00  0.03743  0.03757  0.00578  0.80968  -237.77357  -239.63319  4.99985   768
1357.00  0.03745  0.03757  0.00583  0.80968  -237.74916  -239.64845  4.99985   768
1358.00  0.03744  0.03757  0.00643  0.80968  -236.86110  -238.79854  4.99985   768
1359.00  0.03745  0.03757  0.00713  0.80968  -235.79146  -237.73347  4.99985   768
1360.00  0.03745  0.03757  0.00755  0.80968  -235.09413  -236.98885  4.99985   768
1361.00  0.03744  0.03757  0.00766  0.80968  -234.87746  -236.76912  4.99985   768
1362.00  0.03746  0.03757  0.00744  0.80968  -235.26045  -237.11244  4.99985   768
1363.00  0.03744  0.03757  0.00685  0.80968  -236.09053  -237.89979  4.99985   768
1364.00  0.03745  0.03757  0.00618  0.80968  -237.17085  -238.99385  4.99985   768
1365.00  0.03744  0.03757  0.00587  0.80968  -237.68507  -239.57368  4.99985   768
1366.00  0.03745  0.03757  0.00583  0.80968  -237.73543  -239.62709  4.99985   768
1367.00  0.03745  0.03757  0.00622  0.80968  -237.16627  -239.11592  4.99985   768
1368.00  0.03745  0.03757  0.00690  0.80968  -236.16377  -238.12562  4.99985   768
1369.00  0.03744  0.03757  0.00747  0.80968  -235.26808  -237.19636  4.99985   768
1370.00  0.03745  0.03757  0.00779  0.80968  -234.71876  -236.63026  4.99985   768
1371.00  0.03745  0.03757  0.00776  0.80968  -234.77980  -236.64857  4.99985   768
1372.00  0.03744  0.03757  0.00725  0.80968  -235.52595  -237.33827  4.99985   768
1373.00  0.03744  0.03757  0.00649  0.80968  -236.61543  -238.42165  4.99985   768
1374.00  0.03745  0.03757  0.00601  0.80968  -237.40584  -239.26088  4.99985   768
1375.00  0.03746  0.03757  0.00583  0.80968  -237.69118  -239.57368  4.99985   768
1376.00  0.03744  0.03757  0.00603  0.80968  -237.44856  -239.34938  4.99985   768
1377.00  0.03744  0.03757  0.00665  0.80968  -236.51015  -238.46132  4.99985   768
1378.00  0.03745  0.03757  0.00724  0.80968  -235.57783  -237.51527  4.99985   768
1379.00  0.03744  0.03757  0.00765  0.80968  -234.95070  -236.87135  4.99985   768
1380.00  0.03744  0.03757  0.00783  0.80968  -234.66078  -236.53718  4.99985   768
1381.00  0.03745  0.03757  0.00742  0.80968  -235.19789  -237.03310  4.99985   768
1382.00  0.03744  0.03757  0.00676  0.80968  -236.20192  -238.01576  4.99985   768
1383.00  0.03744  0.03757  0.00611  0.80968  -237.24562  -239.09914  4.99985   768
1384.00  0.03744  0.03757  0.00570  0.80968  -237.91090  -239.77510  4.99985   768
1385.00  0.03745  0.03757  0.00574  0.80968  -237.85445  -239.78426  4.99985   768
1386.00  0.03745  0.03757  0.00632  0.80968  -237.04420  -238.99995  4.99985   768
1387.00  0.03743  0.03757  0.00702  0.80968  -235.99593  -237.96541  4.99985   768
1388.00  0.03745  0.03757  0.00751  0.80968  -235.13991  -237.05446  4.99985   768
1389.00  0.03745  0.03757  0.00779  0.80968  -234.75996  -236.67451  4.99985   768
1390.00  0.03744  0.03757  0.00765  0.80968  -234.88203  -236.74776  4.99985   768
1391.00  0.03742  0.03757  0.00707  0.80968  -235.72432  -237.52748  4.99985   768
1392.00  0.03745  0.03757  0.00642  0.80968  -236.72987  -238.53609  4.99985   768
1393.00  0.03745  0.03757  0.00585  0.80968  -237.66524  -239.49739  4.99985   768
1394.00  0.03744  0.03757  0.00561  0.80968  -238.05891  -239.94905  4.99985   768
1395.00  0.03745  0.03757  0.00594  0.80968  -237.58894  -239.51112  4.99985   768
1396.00  0.03744  0.03757  0.00681  0.80968  -236.28889  -238.25838  4.99985   768
1397.00  0.03743  0.03757  0.00738  0.80968  -235.39625  -237.32454  4.99985   768
1398.00  0.03743  0.03757  0.00779  0.80968  -234.70351  -236.64094  4.99985   768
1399.00  0.03743  0.03757  0.00779  0.80968  -234.71724  -236.57381  4.99985   768
1400.00  0.03743  0.03757  0.00738  0.80968  -235.27571  -237.14143  4.99985   768
1401.00  0.03744  0.03757  0.00675  0.80968  -236.27211  -238.10426  4.99985   768
1402.00  0.03744  0.03757  0.00619  0.80968  -237.08998  -238.93129  4.99985   768
1403.00  0.03743  0.03757  0.00578  0.80968  -237.79188  -239.66371  4.99985   768
1404.00  0.03745  0.03757  0.00581  0.80968  -237.75832  -239.65456  4.99985   768
1405.00  0.03744  0.03757  0.00629  0.80968  -237.11897  -239.06862  4.99985   768
1406.00  0.03744  0.03757  0.00697  0.80968  -235.99287  -237.94099  4.99985   768
1407.00  0.03744  0.03757  0.00760  0.80968  -235.06819  -236.98732  4.99985   768
1408.00  0.03743  0.03757  0.00796  0.80968  -234.46547  -236.38002  4.99985   768
1409.00  0.03744  0.03757  0.00767  0.80968  -234.82710  -236.64857  4.99985   768
1410.00  0.03744  0.03757  0.00713  0.80968  -235.67702  -237.50154  4.99985   768
1411.00  0.03744  0.03757  0.00637  0.80968  -236.78023  -238.58339  4.99985   768
1412.00  0.03745  0.03757  0.00593  0.80968  -237.55843  -239.37837  4.99985   768
1413.00  0.03744  0.03757  0.00572  0.80968  -237.91548  -239.78883  4.99985   768
1414.00  0.03744  0.03757  0.00607  0.80968  -237.43178  -239.37990  4.99985   768
1415.00  0.03744  0.03757  0.00667  0.80968  -236.49336  -238.43385  4.99985   768
1416.00  0.03744  0.03757  0.00736  0.80968  -235.45424  -237.42830  4.99985   768
1417.00  0.03744  0.03757  0.00778  0.80968  -234.74623  -236.68520  4.99985   768
1418.00  0.03743  0.03757  0.00778  0.80968  -234.67146  -236.54329  4.99985   768
1419.00  0.03744  0.03757  0.00732  0.80968  -235.37947  -237.22383  4.99985   768
1420.00  0.03744  0.03757  0.00666  0.80968  -236.36824  -238.19276  4.99985   768
1421.00  0.03745  0.03757  0.00603  0.80968  -237.32954  -239.17848  4.99985   768
1422.00  0.03743  0.03757  0.00558  0.80968  -238.12453  -239.99483  4.99985   768
1423.00  0.03743  0.03757  0.00574  0.80968  -237.89564  -239.79646  4.99985   768
1424.00  0.03743  0.03757  0.00626  0.80968  -237.11439  -239.04726  4.99985   768
1425.00  0.03744  0.03757  0.00691  0.80968  -236.10121  -238.04781  4.99985   768
1426.00  0.03745  0.03757  0.00752  0.80968  -235.17042  -237.09871  4.99985   768
1427.00  0.03743  0.03757  0.00775  0.80968  -234.79201  -236.65773  4.99985   768
1428.00  0.03744  0.03757  0.00750  0.80968  -235.11702  -236.97206  4.99985   768
1429.00  0.03744  0.03757  0.00699  0.80968  -235.87233  -237.69990  4.99985   768
1430.00  0.03743  0.03757  0.00628  0.80968  -236.94197  -238.75886  4.99985   768
1431.00  0.03744  0.03757  0.00568  0.80968  -237.88954  -239.73238  4.99985   768
1432.00  0.03745  0.03757  0.00557  0.80968  -238.13063  -240.04213  4.99985   768
1433.00  0.03744  0.03757  0.00602  0.80968  -237.49739  -239.45924  4.99985   768
1434.00  0.03745  0.03757  0.00660  0.80968  -236.62611  -238.56966  4.99985   768
1435.00  0.03744  0.03757  0.00740  0.80968  -235.38405  -237.36269  4.99985   768
1436.00  0.03745  0.03757  0.00783  0.80968  -234.66383  -236.57838  4.99985   768
1437.00  0.03742  0.03757  0.00775  0.80968  -234.70503  -236.56770  4.99985   768
1438.00  0.03745  0.03757  0.00740  0.80968  -235.20399  -237.05598  4.99985   768
1439.00  0.03743  0.03757  0.00679  0.80968  -236.17598  -237.98677  4.99985   768
1440.00  0.03744  0.03757  0.00599  0.80968  -237.37379  -239.18306  4.99985   768
1441.00  0.03743  0.03757  0.00563  0.80968  -238.01161  -239.87886  4.99985   768
1442.00  0.03743  0.03757  0.00572  0.80968  -237.90633  -239.80409  4.99985   768
1443.00  0.03744  0.03757  0.00622  0.80968  -237.18306  -239.13271  4.99985   768
1444.00  0.03744  0.03757  0.00699  0.80968  -235.97609  -237.92421  4.99985   768
1445.00  0.03744  0.03757  0.00763  0.80968  -235.01021  -236.94002  4.99985   768
1446.00  0.03743  0.03757  0.00785  0.80968  -234.63332  -236.54634  4.99985   768
1447.00  0.03744  0.03757  0.00764  0.80968  -234.87440  -236.70503  4.99985   768
1448.00  0.03744  0.03757  0.00706  0.80968  -235.79451  -237.64040  4.99985   768
1449.00  0.03743  0.03757  0.00630  0.80968  -236.94960  -238.77870  4.99985   768
1450.00  0.03744  0.03757  0.00576  0.80968  -237.78731  -239.64082  4.99985   768
1451.00  0.03743  0.03757  0.00564  0.80968  -238.01314  -239.92311  4.99985   768
1452.00  0.03745  0.03757  0.00594  0.80968  -237.61031  -239.53554  4.99985   768
1453.00  0.03743  0.03757  0.00661  0.80968  -236.64748  -238.62001  4.99985   768
1454.00  0.03744  0.03757  0.00731  0.80968  -235.48476  -237.42067  4.99985   768
1455.00  0.03744  0.03757  0.00780  0.80968  -234.70351  -236.62721  4.99985   768
1456.00  0.03744  0.03757  0.00772  0.80968  -234.75996  -236.59517  4.99985   768
1457.00  0.03744  0.03757  0.00741  0.80968  -235.23451  -237.07124  4.99985   768
1458.00  0.03743  0.03757  0.00675  0.80968  -236.22633  -238.02492  4.99985   768
1459.00  0.03745  0.03757  0.00607  0.80968  -237.27461  -239.08388  4.99985   768
1460.00  0.03743  0.03757  0.00571  0.80968  -237.90938  -239.77510  4.99985   768
1461.00  0.03745  0.03757  0.00577  0.80968  -237.82240  -239.73238  4.99985   768
1462.00  0.03744  0.03757  0.00622  0.80968  -237.22884  -239.18001  4.99985   768
1463.00  0.03745  0.03757  0.00709  0.80968  -235.85097  -237.82655  4.99985   768
1464.00  0.03744  0.03757  0.00764  0.80968  -234.93086  -236.84999  4.99985   768
1465.00  0.03743  0.03757  0.00778  0.80968  -234.72182  -236.60738  4.99985   768
1466.00  0.03742  0.03757  0.00766  0.80968  -234.88356  -236.73250  4.99985   768
1467.00  0.03745  0.03757  0.00705  0.80968  -235.78383  -237.61751  4.99985   768
1468.00  0.03744  0.03757  0.00635  0.80968  -236.84584  -238.66731  4.99985   768
1469.00  0.03744  0.03757  0.00593  0.80968  -237.54774  -239.41957  4.99985   768
1470.00  0.03745  0.03757  0.00583  0.80968  -237.70338  -239.60573  4.99985   768
1471.00  0.03744  0.03757  0.00616  0.80968  -237.32039  -239.25783  4.99985   768
1472.00  0.03745  0.03757  0.00680  0.80968  -236.30568  -238.25838  4.99985   768
1473.00  0.03744  0.03757  0.00741  0.80968  -235.32454  -237.25130  4.99985   768
1474.00  0.03742  0.03757  0.00780  0.80968  -234.73708  -236.65468  4.99985   768
1475.00  0.03744  0.03757  0.00777  0.80968  -234.70656  -236.56007  4.99985   768
1476.00  0.03744  0.03757  0.00748  0.80968  -235.14143  -236.97511  4.99985   768
1477.00  0.03742  0.03757  0.00670  0.80968  -236.28584  -238.07832  4.99985   768
1478.00  0.03744  0.03757  0.00608  0.80968  -237.27766  -239.10982  4.99985   768
1479.00  0.03744  0.03757  0.00579  0.80968  -237.78120  -239.64540  4.99985   768
1480.00  0.03745  0.03757  0.00593  0.80968  -237.58131  -239.50960  4.99985   768
1481.00  0.03743  0.03757  0.00656  0.80968  -236.62764  -238.58949  4.99985   768
1482.00  0.03743  0.03757  0.00716  0.80968  -235.76552  -237.70143  4.99985   768
1483.00  0.03743  0.03757  0.00757  0.80968  -235.08955  -237.02699  4.99985   768
1484.00  0.03744  0.03757  0.00773  0.80968  -234.77980  -236.65926  4.99985   768
1485.00  0.03743  0.03757  0.00753  0.80968  -235.12007  -236.98885  4.99985   768
1486.00  0.03744  0.03757  0.00701  0.80968  -235.85249  -237.67244  4.99985   768
1487.00  0.03743  0.03757  0.00642  0.80968  -236.79091  -238.61696  4.99985   768
1488.00  0.03744  0.03757  0.00585  0.80968  -237.61946  -239.48366  4.99985   768
1489.00  0.03743  0.03757  0.00575  0.80968  -237.81630  -239.68202  4.99985   768
1490.00  0.03744  0.03757  0.00611  0.80968  -237.33412  -239.27919  4.99985   768
1491.00  0.03743  0.03757  0.00674  0.80968  -236.35146  -238.27211  4.99985   768
1492.00  0.03743  0.03757  0.00739  0.80968  -235.35048  -237.29555  4.99985   768
1493.00  0.03743  0.03757  0.00768  0.80968  -234.88051  -236.78743  4.99985   768
1494.00  0.03744  0.03757  0.00762  0.80968  -234.93544  -236.80116  4.99985   768
1495.00  0.03743  0.03757  0.00717  0.80968  -235.60988  -237.44966  4.99985   768
1496.00  0.03744  0.03757  0.00659  0.80968  -236.47963  -238.28737  4.99985   768
1497.00  0.03744  0.03757  0.00602  0.80968  -237.37685  -239.22273  4.99985   768
1498.00  0.03744  0.03757  0.00568  0.80968  -237.93837  -239.81020  4.99985   768
1499.00  0.03744  0.03757  0.00586  0.80968  -237.74458  -239.66524  4.99985   768
1500.00  0.03744  0.03757  0.00641  0.80968  -236.89009  -238.85194  4.99985   768
1501.00  0.03743  0.03757  0.00708  0.80968  -235.87538  -237.84792  4.99985   768
1502.00  0.03743  0.03757  0.00773  0.80968  -234.85304  -236.77370  4.99985   768
1503.00  0.03744  0.03757  0.00777  0.80968  -234.70961  -236.59212  4.99985   768
1504.00  0.03744  0.03757  0.00743  0.80968  -235.21010  -237.05751  4.99985   768
1505.00  0.03744  0.03757  0.00692  0.80968  -235.98219  -237.82503  4.99985   768
1506.00  0.03745  0.03757  0.00628  0.80968  -236.93281  -238.76497  4.99985   768
1507.00  0.03744  0.03757  0.00582  0.80968  -237.69728  -239.53249  4.99985   768
1508.00  0.03745  0.03757  0.00591  0.80968  -237.62709  -239.53554  4.99985   768
1509.00  0.03744  0.03757  0.00635  0.80968  -236.94655  -238.88246  4.99985   768
1510.00  0.03746  0.03757  0.00694  0.80968  -236.06764  -238.01424  4.99985   768
1511.00  0.03745  0.03757  0.00748  0.80968  -235.24214  -237.15517  4.99985   768
1512.00  0.03744  0.03757  0.00783  0.80968  -234.65773  -236.55855  4.99985   768
1513.00  0.03746  0.03757  0.00765  0.80968  -234.95528  -236.80879  4.99985   768
1514.00  0.03744  0.03757  0.00718  0.80968  -235.58089  -237.41151  4.99985   768
1515.00  0.03743  0.03757  0.00654  0.80968  -236.56508  -238.38960  4.99985   768
1516.00  0.03744  0.03757  0.00586  0.80968  -237.63472  -239.47603  4.99985   768
1517.00  0.03744  0.03757  0.00569  0.80968  -237.96278  -239.87123  4.99985   768
1518.00  0.03743  0.03757  0.00595  0.80968  -237.61336  -239.53706  4.99985   768
1519.00  0.03744  0.03757  0.00661  0.80968  -236.58339  -238.56508  4.99985   768
1520.00  0.03745  0.03757  0.00727  0.80968  -235.56105  -237.48933  4.99985   768
1521.00  0.03745  0.03757  0.00771  0.80968  -234.88051  -236.79201  4.99985   768
1522.00  0.03745  0.03757  0.00776  0.80968  -234.72792  -236.59364  4.99985   768
1523.00  0.03744  0.03757  0.00743  0.80968  -235.25435  -237.06972  4.99985   768
1524.00  0.03744  0.03757  0.00675  0.80968  -236.22481  -238.02644  4.99985   768
1525.00  0.03742  0.03757  0.00608  0.80968  -237.28987  -239.11897  4.99985   768
1526.00  0.03744  0.03757  0.00560  0.80968  -238.00551  -239.82698  4.99985   768
1527.00  0.03744  0.03757  0.00561  0.80968  -238.08638  -239.99025  4.99985   768
1528.00  0.03744  0.03757  0.00611  0.80968  -237.34938  -239.29445  4.99985   768
1529.00  0.03743  0.03757  0.00691  0.80968  -236.12868  -238.07375  4.99985   768
1530.00  0.03743  0.03757  0.00754  0.80968  -235.13991  -237.07735  4.99985   768
1531.00  0.03744  0.03757  0.00785  0.80968  -234.64247  -236.55397  4.99985   768
1532.00  0.03744  0.03757  0.00760  0.80968  -234.96291  -236.82405  4.99985   768
1533.00  0.03744  0.03757  0.00711  0.80968  -235.71822  -237.53816  4.99985   768
1534.00  0.03743  0.03757  0.00642  0.80968  -236.73598  -238.57271  4.99985   768
1535.00  0.03743  0.03757  0.00584  0.80968  -237.67439  -239.53096  4.99985   768
1536.00  0.03744  0.03757  0.00568  0.80968  -237.92464  -239.79951  4.99985   768
1537.00  0.03744  0.03757  0.00584  0.80968  -237.73543  -239.66371  4.99985   768
1538.00  0.03745  0.03757  0.00648  0.80968  -236.81532  -238.75276  4.99985   768
1539.00  0.03744  0.03757  0.00731  0.80968  -235.50764  -237.48323  4.99985   768
1540.00  0.03743  0.03757  0.00781  0.80968  -234.68062  -236.61348  4.99985   768
1541.00  0.03743  0.03757  0.00788  0.80968  -234.53108  -236.37697  4.99985   768
1542.00  0.03743  0.03757  0.00757  0.80968  -234.98579  -236.82100  4.99985   768
1543.00  0.03743  0.03757  0.00684  0.80968  -236.07069  -237.87843  4.99985   768
1544.00  0.03744  0.03757  0.00616  0.80968  -237.15865  -238.96333  4.99985   768
1545.00  0.03743  0.03757  0.00570  0.80968  -237.88802  -239.73848  4.99985   768
1546.00  0.03743  0.03757  0.00574  0.80968  -237.90480  -239.79799  4.99985   768
1547.00  0.03746  0.03757  0.00624  0.80968  -237.14949  -239.09761  4.99985   768
1548.00  0.03743  0.03757  0.00691  0.80968  -236.11800  -238.07222  4.99985   768
1549.00  0.03745  0.03757  0.00751  0.80968  -235.23909  -237.18568  4.99985   768
1550.00  0.03742  0.03757  0.00785  0.80968  -234.64400  -236.54939  4.99985   768
1551.00  0.03744  0.03757  0.00766  0.80968  -234.86983  -236.72487  4.99985   768
1552.00  0.03743  0.03757  0.00724  0.80968  -235.54121  -237.38252  4.99985   768
1553.00  0.03743  0.03757  0.00653  0.80968  -236.56508  -238.39723  4.99985   768
1554.00  0.03743  0.03757  0.00600  0.80968  -237.35243  -239.19984  4.99985   768
1555.00  0.03744  0.03757  0.00570  0.80968  -237.90480  -239.76594  4.99985   768
1556.00  0.03744  0.03757  0.00598  0.80968  -237.56148  -239.47755  4.99985   768
1557.00  0.03743  0.03757  0.00657  0.80968  -236.61238  -238.54372  4.99985   768
1558.00  0.03744  0.03757  0.00727  0.80968  -235.57783  -237.53358  4.99985   768
1559.00  0.03743  0.03757  0.00776  0.80968  -234.75996  -236.62721  4.99985   768
1560.00  0.03743  0.03757  0.00779  0.80968  -234.75844  -236.63026  4.99985   768
1561.00  0.03743  0.03757  0.00742  0.80968  -235.26656  -237.09260  4.99985   768
1562.00  0.03744  0.03757  0.00682  0.80968  -236.08137  -237.90285  4.99985   768
1563.00  0.03742  0.03757  0.00613  0.80968  -237.20747  -239.02284  4.99985   768
1564.00  0.03744  0.03757  0.00569  0.80968  -237.91853  -239.78120  4.99985   768
1565.00  0.03743  0.03757  0.00567  0.80968  -237.98109  -239.89717  4.99985   768
1566.00  0.03744  0.03757  0.00618  0.80968  -237.24562  -239.19679  4.99985   768
1567.00  0.03742  0.03757  0.00683  0.80968  -236.25990  -238.20955  4.99985   768
1568.00  0.03744  0.03757  0.00755  0.80968  -235.15211  -237.12007  4.99985   768
1569.00  0.03743  0.03757  0.00779  0.80968  -234.72792  -236.61043  4.99985   768
1570.00  0.03745  0.03757  0.00759  0.80968  -234.92476  -236.79964  4.99985   768
1571.00  0.03744  0.03757  0.00706  0.80968  -235.78688  -237.61293  4.99985   768
1572.00  0.03743  0.03757  0.00638  0.80968  -236.80464  -238.61085  4.99985   768
1573.00  0.03743  0.03757  0.00586  0.80968  -237.62862  -239.48366  4.99985   768
1574.00  0.03744  0.03757  0.00564  0.80968  -237.99940  -239.88649  4.99985   768
1575.00  0.03744  0.03757  0.00591  0.80968  -237.62556  -239.53401  4.99985   768
1576.00  0.03744  0.03757  0.00653  0.80968  -236.70546  -238.64900  4.99985   768
1577.00  0.03743  0.03757  0.00733  0.80968  -235.45729  -237.39778  4.99985   768
1578.00  0.03744  0.03757  0.00784  0.80968  -234.66994  -236.57686  4.99985   768
1579.00  0.03743  0.03757  0.00789  0.80968  -234.55244  -236.43190  4.99985   768
1580.00  0.03744  0.03757  0.00751  0.80968  -235.12312  -236.95528  4.99985   768
1581.00  0.03743  0.03757  0.00685  0.80968  -236.08595  -237.91658  4.99985   768
1582.00  0.03744  0.03757  0.00614  0.80968  -237.20442  -239.05489  4.99985   768
1583.00  0.03744  0.03757  0.00580  0.80968  -237.75526  -239.62709  4.99985   768
1584.00  0.03743  0.03757  0.00588  0.80968  -237.65913  -239.56605  4.99985   768
1585.00  0.03744  0.03757  0.00640  0.80968  -236.94350  -238.91450  4.99985   768
1586.00  0.03743  0.03757  0.00714  0.80968  -235.79451  -237.76094  4.99985   768
1587.00  0.03743  0.03757  0.00772  0.80968  -234.81642  -236.76149  4.99985   768
1588.00  0.03743  0.03757  0.00792  0.80968  -234.50972  -236.39986  4.99985   768
1589.00  0.03743  0.03757  0.00774  0.80968  -234.75386  -236.59212  4.99985   768
1590.00  0.03743  0.03757  0.00706  0.80968  -235.72127  -237.53969  4.99985   768
1591.00  0.03742  0.03757  0.00637  0.80968  -236.83211  -238.64442  4.99985   768
1592.00  0.03743  0.03757  0.00582  0.80968  -237.67134  -239.49281  4.99985   768
1593.00  0.03743  0.03757  0.00563  0.80968  -238.02687  -239.92311  4.99985   768
1594.00  0.03745  0.03757  0.00598  0.80968  -237.51723  -239.43178  4.99985   768
1595.00  0.03745  0.03757  0.00654  0.80968  -236.74208  -238.67799  4.99985   768
1596.00  0.03743  0.03757  0.00719  0.80968  -235.66634  -237.61293  4.99985   768
1597.00  0.03744  0.03757  0.00768  0.80968  -234.92018  -236.84389  4.99985   768
1598.00  0.03743  0.03757  0.00759  0.80968  -235.01326  -236.90797  4.99985   768
1599.00  0.03743  0.03757  0.00725  0.80968  -235.47407  -237.31538  4.99985   768
1600.00  0.03742  0.03757  0.00654  0.80968  -236.55287  -238.36977  4.99985   768
1601.00  0.03743  0.03757  0.00593  0.80968  -237.50807  -239.37227  4.99985   768
1602.00  0.03743  0.03757  0.00554  0.80968  -238.15047  -240.01161  4.99985   768
1603.00  0.03743  0.03757  0.00573  0.80968  -237.94142  -239.87428  4.99985   768
1604.00  0.03743  0.03757  0.00625  0.80968  -237.07777  -239.02742  4.99985   768
1605.00  0.03743  0.03757  0.00710  0.80968  -235.82655  -237.78688  4.99985   768
1606.00  0.03744  0.03757  0.00766  0.80968  -234.98427  -236.91865  4.99985   768
1607.00  0.03743  0.03757  0.00789  0.80968  -234.55550  -236.44411  4.99985   768
1608.00  0.03743  0.03757  0.00766  0.80968  -234.82863  -236.67604  4.99985   768
1609.00  0.03743  0.03757  0.00715  0.80968  -235.62208  -237.43898  4.99985   768
1610.00  0.03743  0.03757  0.00644  0.80968  -236.71004  -238.51015  4.99985   768
1611.00  0.03743  0.03757  0.00591  0.80968  -237.56148  -239.39210  4.99985   768
1612.00  0.03745  0.03757  0.00575  0.80968  -237.81782  -239.68965  4.99985   768
1613.00  0.03742  0.03757  0.00613  0.80968  -237.31886  -239.24715  4.99985   768
1614.00  0.03743  0.03757  0.00684  0.80968  -236.25685  -238.22938  4.99985   768
1615.00  0.03743  0.03757  0.00753  0.80968  -235.17500  -237.12923  4.99985   768
1616.00  0.03742  0.03757  0.00791  0.80968  -234.53261  -236.46699  4.99985   768
1617.00  0.03743  0.03757  0.00790  0.80968  -234.54329  -236.40749  4.99985   768
1618.00  0.03743  0.03757  0.00742  0.80968  -235.21468  -237.07735  4.99985   768
1619.00  0.03743  0.03757  0.00672  0.80968  -236.28432  -238.11037  4.99985   768
1620.00  0.03743  0.03757  0.00610  0.80968  -237.24104  -239.08083  4.99985   768
1621.00  0.03741  0.03757  0.00566  0.80968  -237.98720  -239.83919  4.99985   768
1622.00  0.03743  0.03757  0.00579  0.80968  -237.81935  -239.73390  4.99985   768
1623.00  0.03743  0.03757  0.00639  0.80968  -236.93892  -238.89162  4.99985   768
1624.00  0.03743  0.03757  0.00708  0.80968  -235.86775  -237.80672  4.99985   768
1625.00  0.03744  0.03757  0.00771  0.80968  -234.89882  -236.83168  4.99985   768
1626.00  0.03745  0.03757  0.00789  0.80968  -234.52498  -236.38002  4.99985   768
1627.00  0.03743  0.03757  0.00763  0.80968  -234.90492  -236.73860  4.99985   768
1628.00  0.03743  0.03757  0.00695  0.80968  -235.88606  -237.69685  4.99985   768
1629.00  0.03743  0.03757  0.00624  0.80968  -236.99232  -238.82295  4.99985   768
1630.00  0.03742  0.03757  0.00569  0.80968  -237.89870  -239.74153  4.99985   768
1631.00  0.03743  0.03757  0.00562  0.80968  -238.08943  -239.98720  4.99985   768
1632.00  0.03744  0.03757  0.00589  0.80968  -237.64998  -239.57826  4.99985   768
1633.00  0.03743  0.03757  0.00649  0.80968  -236.76497  -238.73598  4.99985   768
1634.00  0.03743  0.03757  0.00722  0.80968  -235.69075  -237.64192  4.99985   768
1635.00  0.03742  0.03757  0.00772  0.80968  -234.85762  -236.78895  4.99985   768
1636.00  0.03743  0.03757  0.00765  0.80968  -234.89119  -236.75233  4.99985   768
1637.00  0.03743  0.03757  0.00720  0.80968  -235.57173  -237.41457  4.99985   768
1638.00  0.03743  0.03757  0.00655  0.80968  -236.54829  -238.34840  4.99985   768
1639.00  0.03743  0.03757  0.00589  0.80968  -237.58589  -239.41347  4.99985   768
1640.00  0.03743  0.03757  0.00554  0.80968  -238.13521  -240.01771  4.99985   768
1641.00  0.03743  0.03757  0.00581  0.80968  -237.78883  -239.68507  4.99985   768
1642.00  0.03743  0.03757  0.00637  0.80968  -236.94807  -238.87331  4.99985   768
1643.00  0.03743  0.03757  0.00703  0.80968  -235.96693  -237.90742  4.99985   768
1644.00  0.03744  0.03757  0.00768  0.80968  -234.92628  -236.84999  4.99985   768
1645.00  0.03743  0.03757  0.00787  0.80968  -234.61348  -236.49599  4.99985   768
1646.00  0.03743  0.03757  0.00763  0.80968  -234.88051  -236.72792  4.99985   768
1647.00  0.03742  0.03757  0.00709  0.80968  -235.72279  -237.53358  4.99985   768
1648.00  0.03742  0.03757  0.00640  0.80968  -236.76802  -238.59254  4.99985   768
1649.00  0.03743  0.03757  0.00585  0.80968  -237.63930  -239.47755  4.99985   768
1650.00  0.03742  0.03757  0.00581  0.80968  -237.78426  -239.68050  4.99985   768
1651.00  0.03744  0.03757  0.00614  0.80968  -237.28987  -239.23494  4.99985   768
1652.00  0.03742  0.03757  0.00681  0.80968  -236.28432  -238.25075  4.99985   768
1653.00  0.03744  0.03757  0.00740  0.80968  -235.35200  -237.30165  4.99985   768
1654.00  0.03743  0.03757  0.00777  0.80968  -234.76759  -236.66231  4.99985   768
1655.00  0.03743  0.03757  0.00768  0.80968  -234.83015  -236.70198  4.99985   768
1656.00  0.03744  0.03757  0.00728  0.80968  -235.45271  -237.26961  4.99985   768
1657.00  0.03743  0.03757  0.00666  0.80968  -236.37892  -238.18513  4.99985   768
1658.00  0.03743  0.03757  0.00603  0.80968  -237.36922  -239.19374  4.99985   768
1659.00  0.03743  0.03757  0.00572  0.80968  -237.84529  -239.68813  4.99985   768
1660.00  0.03743  0.03757  0.00589  0.80968  -237.67287  -239.59199  4.99985   768
1661.00  0.03742  0.03757  0.00637  0.80968  -236.90993  -238.82906  4.99985   768
1662.00  0.03743  0.03757  0.00706  0.80968  -235.88148  -237.84181  4.99985   768
1663.00  0.03743  0.03757  0.00764  0.80968  -234.96443  -236.91713  4.99985   768
1664.00  0.03742  0.03757  0.00770  0.80968  -234.84846  -236.71419  4.99985   768
1665.00  0.03743  0.03757  0.00740  0.80968  -235.26350  -237.12465  4.99985   768
1666.00  0.03743  0.03757  0.00688  0.80968  -236.01118  -237.85860  4.99985   768
1667.00  0.03743  0.03757  0.00625  0.80968  -237.01216  -238.85805  4.99985   768
1668.00  0.03742  0.03757  0.00578  0.80968  -237.76747  -239.63014  4.99985   768
1669.00  0.03744  0.03757  0.00569  0.80968  -237.96584  -239.88191  4.99985   768
1670.00  0.03743  0.03757  0.00614  0.80968  -237.28682  -239.23799  4.99985   768
1671.00  0.03744  0.03757  0.00682  0.80968  -236.28279  -238.23549  4.99985   768
1672.00  0.03742  0.03757  0.00752  0.80968  -235.16280  -237.10786  4.99985   768
1673.00  0.03743  0.03757  0.00781  0.80968  -234.65315  -236.53261  4.99985   768
1674.00  0.03742  0.03757  0.00770  0.80968  -234.81795  -236.67451  4.99985   768
1675.00  0.03743  0.03757  0.00724  0.80968  -235.46492  -237.28792  4.99985   768
1676.00  0.03743  0.03757  0.00653  0.80968  -236.55440  -238.36824  4.99985   768
1677.00  0.03744  0.03757  0.00601  0.80968  -237.36769  -239.19069  4.99985   768
1678.00  0.03743  0.03757  0.00579  0.80968  -237.81020  -239.68355  4.99985   768
1679.00  0.03744  0.03757  0.00609  0.80968  -237.35396  -239.26546  4.99985   768
1680.00  0.03741  0.03757  0.00664  0.80968  -236.56050  -238.50557  4.99985   768
1681.00  0.03742  0.03757  0.00732  0.80968  -235.49086  -237.44661  4.99985   768
1682.00  0.03743  0.03757  0.00773  0.80968  -234.83778  -236.75233  4.99985   768
1683.00  0.03743  0.03757  0.00773  0.80968  -234.80574  -236.67146  4.99985   768
1684.00  0.03744  0.03757  0.00739  0.80968  -235.27266  -237.12617  4.99985   768
1685.00  0.03743  0.03757  0.00680  0.80968  -236.16225  -237.98219  4.99985   768
1686.00  0.03744  0.03757  0.00615  0.80968  -237.19221  -239.04420  4.99985   768
1687.00  0.03743  0.03757  0.00572  0.80968  -237.82240  -239.68965  4.99985   768
1688.00  0.03743  0.03757  0.00578  0.80968  -237.81630  -239.73390  4.99985   768
1689.00  0.03744  0.03757  0.00620  0.80968  -237.21663  -239.15102  4.99985   768
1690.00  0.03744  0.03757  0.00689  0.80968  -236.17445  -238.12562  4.99985   768
1691.00  0.03743  0.03757  0.00745  0.80968  -235.25587  -237.16585  4.99985   768
1692.00  0.03744  0.03757  0.00773  0.80968  -234.81337  -236.70045  4.99985   768
1693.00  0.03742  0.03757  0.00757  0.80968  -234.97816  -236.83778  4.99985   768
1694.00  0.03743  0.03757  0.00718  0.80968  -235.58852  -237.41457  4.99985   768
1695.00  0.03744  0.03757  0.00643  0.80968  -236.75886  -238.57576  4.99985   768
1696.00  0.03743  0.03757  0.00589  0.80968  -237.57979  -239.40584  4.99985   768
1697.00  0.03743  0.03757  0.00570  0.80968  -237.93074  -239.82698  4.99985   768
1698.00  0.03743  0.03757  0.00596  0.80968  -237.53554  -239.45314  4.99985   768
1699.00  0.03743  0.03757  0.00650  0.80968  -236.80312  -238.75581  4.99985   768
1700.00  0.03743  0.03757  0.00739  0.80968  -235.40541  -237.36879  4.99985   768
1701.00  0.03742  0.03757  0.00775  0.80968  -234.79048  -236.70808  4.99985   768
1702.00  0.03742  0.03757  0.00782  0.80968  -234.67757  -236.57075  4.99985   768
1703.00  0.03744  0.03757  0.00745  0.80968  -235.20399  -237.06361  4.99985   768
1704.00  0.03744  0.03757  0.00688  0.80968  -236.01729  -237.84639  4.99985   768
1705.00  0.03742  0.03757  0.00625  0.80968  -237.02284  -238.83974  4.99985   768
1706.00  0.03743  0.03757  0.00585  0.80968  -237.62099  -239.47603  4.99985   768
1707.00  0.03743  0.03757  0.00587  0.80968  -237.65150  -239.54927  4.99985   768
1708.00  0.03743  0.03757  0.00634  0.80968  -236.99995  -238.93281  4.99985   768
1709.00  0.03742  0.03757  0.00706  0.80968  -235.87385  -237.82960  4.99985   768
1710.00  0.03743  0.03757  0.00767  0.80968  -234.91560  -236.83931  4.99985   768
1711.00  0.03744  0.03757  0.00787  0.80968  -234.56465  -236.44563  4.99985   768
1712.00  0.03743  0.03757  0.00767  0.80968  -234.82558  -236.67299  4.99985   768
1713.00  0.03743  0.03757  0.00709  0.80968  -235.72127  -237.54884  4.99985   768
1714.00  0.03742  0.03757  0.00636  0.80968  -236.83363  -238.65510  4.99985   768
1715.00  0.03744  0.03757  0.00576  0.80968  -237.79341  -239.62404  4.99985   768
1716.00  0.03743  0.03757  0.00559  0.80968  -238.09553  -240.00703  4.99985   768
1717.00  0.03742  0.03757  0.00582  0.80968  -237.77663  -239.71254  4.99985   768
1718.00  0.03742  0.03757  0.00654  0.80968  -236.71004  -238.67799  4.99985   768
1719.00  0.03743  0.03757  0.00724  0.80968  -235.63429  -237.60225  4.99985   768
1720.00  0.03743  0.03757  0.00768  0.80968  -234.90797  -236.81795  4.99985   768
1721.00  0.03743  0.03757  0.00767  0.80968  -234.87440  -236.72182  4.99985   768
1722.00  0.03743  0.03757  0.00735  0.80968  -235.29402  -237.13228  4.99985   768
1723.00  0.03742  0.03757  0.00662  0.80968  -236.39723  -238.20650  4.99985   768
1724.00  0.03743  0.03757  0.00599  0.80968  -237.40126  -239.22426  4.99985   768
1725.00  0.03743  0.03757  0.00572  0.80968  -237.87733  -239.71712  4.99985   768
1726.00  0.03742  0.03757  0.00579  0.80968  -237.82240  -239.71254  4.99985   768
1727.00  0.03743  0.03757  0.00633  0.80968  -237.04268  -238.98622  4.99985   768
1728.00  0.03742  0.03757  0.00715  0.80968  -235.76552  -237.71516  4.99985   768
1729.00  0.03742  0.03757  0.00768  0.80968  -234.92628  -236.84389  4.99985   768
1730.00  0.03743  0.03757  0.00784  0.80968  -234.65315  -236.55397  4.99985   768
1731.00  0.03744  0.03757  0.00775  0.80968  -234.70656  -236.58144  4.99985   768
1732.00  0.03743  0.03757  0.00724  0.80968  -235.51833  -237.34437  4.99985   768
1733.00  0.03742  0.03757  0.00637  0.80968  -236.77870  -238.59865  4.99985   768
1734.00  0.03742  0.03757  0.00585  0.80968  -237.66676  -239.51570  4.99985   768
1735.00  0.03742  0.03757  0.00570  0.80968  -237.93227  -239.83003  4.99985   768
1736.00  0.03742  0.03757  0.00601  0.80968  -237.47298  -239.41957  4.99985   768
1737.00  0.03740  0.03757  0.00674  0.80968  -236.43538  -238.40791  4.99985   768
1738.00  0.03744  0.03757  0.00746  0.80968  -235.30928  -237.25740  4.99985   768
1739.00  0.03744  0.03757  0.00792  0.80968  -234.53871  -236.46699  4.99985   768
1740.00  0.03743  0.03757  0.00789  0.80968  -234.52650  -236.38155  4.99985   768
1741.00  0.03742  0.03757  0.00744  0.80968  -235.17042  -236.99190  4.99985   768
1742.00  0.03742  0.03757  0.00677  0.80968  -236.18056  -237.97914  4.99985   768
1743.00  0.03742  0.03757  0.00606  0.80968  -237.33565  -239.15102  4.99985   768
1744.00  0.03743  0.03757  0.00569  0.80968  -237.88344  -239.72932  4.99985   768
1745.00  0.03744  0.03757  0.00570  0.80968  -237.92158  -239.82088  4.99985   768
1746.00  0.03742  0.03757  0.00615  0.80968  -237.32497  -239.25325  4.99985   768
1747.00  0.03742  0.03757  0.00702  0.80968  -235.98372  -237.96083  4.99985   768
1748.00  0.03742  0.03757  0.00756  0.80968  -235.12770  -237.07124  4.99985   768
1749.00  0.03743  0.03757  0.00766  0.80968  -234.92476  -236.82100  4.99985   768
1750.00  0.03743  0.03757  0.00752  0.80968  -235.10329  -236.97206  4.99985   768
1751.00  0.03743  0.03757  0.00688  0.80968  -236.04475  -237.88301  4.99985   768
1752.00  0.03743  0.03757  0.00631  0.80968  -236.95265  -238.78175  4.99985   768
1753.00  0.03743  0.03757  0.00586  0.80968  -237.65761  -239.52180  4.99985   768
1754.00  0.03743  0.03757  0.00569  0.80968  -237.92616  -239.81630  4.99985   768
1755.00  0.03742  0.03757  0.00603  0.80968  -237.44856  -239.37532  4.99985   768
1756.00  0.03743  0.03757  0.00668  0.80968  -236.45827  -238.41249  4.99985   768
1757.00  0.03742  0.03757  0.00735  0.80968  -235.44508  -237.39015  4.99985   768
1758.00  0.03744  0.03757  0.00778  0.80968  -234.73402  -236.63942  4.99985   768
1759.00  0.03741  0.03757  0.00780  0.80968  -234.64857  -236.51124  4.99985   768
1760.00  0.03742  0.03757  0.00733  0.80968  -235.32301  -237.13228  4.99985   768
1761.00  0.03743  0.03757  0.00659  0.80968  -236.44911  -238.24770  4.99985   768
1762.00  0.03742  0.03757  0.00605  0.80968  -237.31428  -239.15407  4.99985   768
1763.00  0.03742  0.03757  0.00575  0.80968  -237.79188  -239.65913  4.99985   768
1764.00  0.03743  0.03757  0.00589  0.80968  -237.67592  -239.60115  4.99985   768
1765.00  0.03742  0.03757  0.00641  0.80968  -236.89162  -238.83211  4.99985   768
1766.00  0.03743  0.03757  0.00718  0.80968  -235.70906  -237.67091  4.99985   768
1767.00  0.03742  0.03757  0.00758  0.80968  -235.06361  -236.98885  4.99985   768
1768.00  0.03743  0.03757  0.00775  0.80968  -234.78895  -236.69740  4.99985   768
1769.00  0.03744  0.03757  0.00760  0.80968  -234.95985  -236.82405  4.99985   768
1770.00  0.03743  0.03757  0.00698  0.80968  -235.87233  -237.69990  4.99985   768
1771.00  0.03743  0.03757  0.00626  0.80968  -236.96638  -238.80769  4.99985   768
1772.00  0.03743  0.03757  0.00572  0.80968  -237.85445  -239.70491  4.99985   768
1773.00  0.03743  0.03757  0.00566  0.80968  -238.01314  -239.91243  4.99985   768
1774.00  0.03743  0.03757  0.00608  0.80968  -237.37685  -239.30818  4.99985   768
1775.00  0.03742  0.03757  0.00681  0.80968  -236.28737  -238.23396  4.99985   768
1776.00  0.03742  0.03757  0.00752  0.80968  -235.16737  -237.10939  4.99985   768
1777.00  0.03743  0.03757  0.00778  0.80968  -234.72639  -236.59669  4.99985   768
1778.00  0.03742  0.03757  0.00774  0.80968  -234.77217  -236.63942  4.99985   768
1779.00  0.03743  0.03757  0.00732  0.80968  -235.34590  -237.18263  4.99985   768
1780.00  0.03743  0.03757  0.00662  0.80968  -236.45674  -238.28279  4.99985   768
1781.00  0.03742  0.03757  0.00599  0.80968  -237.40431  -239.25020  4.99985   768
1782.00  0.03743  0.03757  0.00565  0.80968  -237.96736  -239.83919  4.99985   768
1783.00  0.03743  0.03757  0.00576  0.80968  -237.88649  -239.81935  4.99985   768
1784.00  0.03742  0.03757  0.00645  0.80968  -236.85957  -238.84737  4.99985   768
1785.00  0.03743  0.03757  0.00721  0.80968  -235.70448  -237.68007  4.99985   768
1786.00  0.03743  0.03757  0.00777  0.80968  -234.78895  -236.70808  4.99985   768
1787.00  0.03742  0.03757  0.00784  0.80968  -234.61958  -236.52193  4.99985   768
1788.00  0.03744  0.03757  0.00752  0.80968  -235.06972  -236.88814  4.99985   768
1789.00  0.03743  0.03757  0.00688  0.80968  -236.00355  -237.83113  4.99985   768
1790.00  0.03742  0.03757  0.00623  0.80968  -237.05183  -238.86262  4.99985   768
1791.00  0.03742  0.03757  0.00571  0.80968  -237.87428  -239.71559  4.99985   768
1792.00  0.03743  0.03757  0.00565  0.80968  -238.00093  -239.87733  4.99985   768
1793.00  0.03743  0.03757  0.00596  0.80968  -237.57368  -239.49739  4.99985   768
1794.00  0.03744  0.03757  0.00681  0.80968  -236.30568  -238.27364  4.99985   768
1795.00  0.03742  0.03757  0.00741  0.80968  -235.33522  -237.25282  4.99985   768
1796.00  0.03741  0.03757  0.00787  0.80968  -234.65926  -236.57991  4.99985   768
1797.00  0.03744  0.03757  0.00767  0.80968  -234.84236  -236.69893  4.99985   768
1798.00  0.03743  0.03757  0.00714  0.80968  -235.68007  -237.52595  4.99985   768
1799.00  0.03743  0.03757  0.00645  0.80968  -236.68104  -238.50557  4.99985   768
1800.00  0.03741  0.03757  0.00586  0.80968  -237.64235  -239.49434  4.99985   768
1801.00  0.03742  0.03757  0.00562  0.80968  -238.03755  -239.92006  4.99985   768
1802.00  0.03742  0.03757  0.00588  0.80968  -237.76137  -239.69118  4.99985   768
1803.00  0.03742  0.03757  0.00644  0.80968  -236.83058  -238.78938  4.99985   768
1804.00  0.03741  0.03757  0.00715  0.80968  -235.81129  -237.75331  4.99985   768
1805.00  0.03745  0.03757  0.00773  0.80968  -234.87440  -236.80269  4.99985   768
1806.00  0.03743  0.03757  0.00788  0.80968  -234.55550  -236.42580  4.99985   768
1807.00  0.03742  0.03757  0.00762  0.80968  -234.92476  -236.76302  4.99985   768
1808.00  0.03742  0.03757  0.00698  0.80968  -235.88148  -237.70601  4.99985   768
1809.00  0.03742  0.03757  0.00627  0.80968  -236.96638  -238.76649  4.99985   768
1810.00  0.03743  0.03757  0.00584  0.80968  -237.66066  -239.50655  4.99985   768
1811.00  0.03743  0.03757  0.00583  0.80968  -237.77663  -239.66524  4.99985   768
1812.00  0.03743  0.03757  0.00623  0.80968  -237.14033  -239.07625  4.99985   768
1813.00  0.03741  0.03757  0.00694  0.80968  -236.10121  -238.03712  4.99985   768
1814.00  0.03743  0.03757  0.00757  0.80968  -235.11549  -237.07735  4.99985   768
1815.00  0.03743  0.03757  0.00789  0.80968  -234.53718  -236.44716  4.99985   768
1816.00  0.03742  0.03757  0.00777  0.80968  -234.69282  -236.56160  4.99985   768
1817.00  0.03742  0.03757  0.00736  0.80968  -235.33827  -237.19942  4.99985   768
1818.00  0.03743  0.03757  0.00670  0.80968  -236.31789  -238.13936  4.99985   768
1819.00  0.03743  0.03757  0.00601  0.80968  -237.38448  -239.21205  4.99985   768
1820.00  0.03742  0.03757  0.00572  0.80968  -237.90175  -239.77815  4.99985   768
1821.00  0.03742  0.03757  0.00594  0.80968  -237.65456  -239.58437  4.99985   768
1822.00  0.03744  0.03757  0.00656  0.80968  -236.64290  -238.57576  4.99985   768
1823.00  0.03743  0.03757  0.00732  0.80968  -235.51833  -237.45576  4.99985   768
1824.00  0.03742  0.03757  0.00764  0.80968  -234.93391  -236.82405  4.99985   768
1825.00  0.03742  0.03757  0.00770  0.80968  -234.83015  -236.70045  4.99985   768
1826.00  0.03741  0.03757  0.00737  0.80968  -235.27571  -237.11397  4.99985   768
1827.00  0.03741  0.03757  0.00679  0.80968  -236.19582  -237.99287  4.99985   768
1828.00  0.03741  0.03757  0.00621  0.80968  -237.07472  -238.89467  4.99985   768
1829.00  0.03743  0.03757  0.00572  0.80968  -237.83308  -239.67592  4.99985   768
1830.00  0.03742  0.03757  0.00558  0.80968  -238.10011  -239.99940  4.99985   768
1831.00  0.03742  0.03757  0.00604  0.80968  -237.50502  -239.45467  4.99985   768
1832.00  0.03743  0.03757  0.00678  0.80968  -236.33009  -238.28126  4.99985   768
1833.00  0.03742  0.03757  0.00740  0.80968  -235.38710  -237.32454  4.99985   768
1834.00  0.03743  0.03757  0.00765  0.80968  -234.92934  -236.83931  4.99985   768
1835.00  0.03742  0.03757  0.00747  0.80968  -235.15822  -237.02852  4.99985   768
1836.00  0.03742  0.03757  0.00702  0.80968  -235.87843  -237.73958  4.99985   768
1837.00  0.03743  0.03757  0.00647  0.80968  -236.67189  -238.51320  4.99985   768
1838.00  0.03742  0.03757  0.00591  0.80968  -237.53401  -239.36464  4.99985   768
1839.00  0.03742  0.03757  0.00566  0.80968  -237.98720  -239.86665  4.99985   768
1840.00  0.03743  0.03757  0.00590  0.80968  -237.64387  -239.54774  4.99985   768
1841.00  0.03741  0.03757  0.00649  0.80968  -236.78786  -238.74666  4.99985   768
1842.00  0.03743  0.03757  0.00734  0.80968  -235.46339  -237.39625  4.99985   768
1843.00  0.03742  0.03757  0.00776  0.80968  -234.75081  -236.65926  4.99985   768
1844.00  0.03742  0.03757  0.00785  0.80968  -234.62111  -236.48836  4.99985   768
1845.00  0.03742  0.03757  0.00747  0.80968  -235.12770  -236.95680  4.99985   768
1846.00  0.03742  0.03757  0.00684  0.80968  -236.11800  -237.92421  4.99985   768
1847.00  0.03743  0.03757  0.00625  0.80968  -237.03200  -238.86568  4.99985   768
1848.00  0.03742  0.03757  0.00592  0.80968  -237.56148  -239.44398  4.99985   768
1849.00  0.03743  0.03757  0.00595  0.80968  -237.55537  -239.46229  4.99985   768
1850.00  0.03742  0.03757  0.00639  0.80968  -236.93434  -238.88551  4.99985   768
1851.00  0.03742  0.03757  0.00704  0.80968  -235.93947  -237.91353  4.99985   768
1852.00  0.03742  0.03757  0.00763  0.80968  -235.01631  -236.96443  4.99985   768
1853.00  0.03742  0.03757  0.00794  0.80968  -234.49751  -236.39070  4.99985   768
1854.00  0.03743  0.03757  0.00776  0.80968  -234.74623  -236.61348  4.99985   768
1855.00  0.03742  0.03757  0.00717  0.80968  -235.64040  -237.45271  4.99985   768
1856.00  0.03741  0.03757  0.00639  0.80968  -236.78328  -238.59560  4.99985   768
1857.00  0.03742  0.03757  0.00584  0.80968  -237.65761  -239.48366  4.99985   768
1858.00  0.03742  0.03757  0.00570  0.80968  -237.91701  -239.79646  4.99985   768
1859.00  0.03742  0.03757  0.00597  0.80968  -237.51875  -239.43330  4.99985   768
1860.00  0.03742  0.03757  0.00660  0.80968  -236.61238  -238.55592  4.99985   768
1861.00  0.03743  0.03757  0.00728  0.80968  -235.54884  -237.48476  4.99985   768
1862.00  0.03742  0.03757  0.00768  0.80968  -234.92628  -236.83015  4.99985   768
1863.00  0.03742  0.03757  0.00770  0.80968  -234.84846  -236.71876  4.99985   768
1864.00  0.03742  0.03757  0.00730  0.80968  -235.45271  -237.30318  4.99985   768
1865.00  0.03742  0.03757  0.00670  0.80968  -236.28279  -238.12715  4.99985   768
1866.00  0.03743  0.03757  0.00602  0.80968  -237.36006  -239.19221  4.99985   768
1867.00  0.03743  0.03757  0.00564  0.80968  -238.01466  -239.88954  4.99985   768
1868.00  0.03743  0.03757  0.00567  0.80968  -237.96889  -239.88802  4.99985   768
1869.00  0.03742  0.03757  0.00619  0.80968  -237.20595  -239.14796  4.99985   768
1870.00  0.03741  0.03757  0.00690  0.80968  -236.16530  -238.13936  4.99985   768
1871.00  0.03742  0.03757  0.00756  0.80968  -235.05141  -236.98427  4.99985   768
1872.00  0.03741  0.03757  0.00786  0.80968  -234.63332  -236.53566  4.99985   768
1873.00  0.03742  0.03757  0.00761  0.80968  -234.94307  -236.75996  4.99985   768
1874.00  0.03742  0.03757  0.00715  0.80968  -235.59157  -237.42525  4.99985   768
1875.00  0.03743  0.03757  0.00650  0.80968  -236.62764  -238.42622  4.99985   768
1876.00  0.03742  0.03757  0.00584  0.80968  -237.64387  -239.46535  4.99985   768
1877.00  0.03743  0.03757  0.00575  0.80968  -237.85597  -239.73848  4.99985   768
1878.00  0.03741  0.03757  0.00608  0.80968  -237.41804  -239.36159  4.99985   768
1879.00  0.03744  0.03757  0.00670  0.80968  -236.45674  -238.41707  4.99985   768
1880.00  0.03741  0.03757  0.00740  0.80968  -235.37184  -237.31233  4.99985   768
1881.00  0.03742  0.03757  0.00791  0.80968  -234.61500  -236.52956  4.99985   768
1882.00  0.03744  0.03757  0.00791  0.80968  -234.53871  -236.41817  4.99985   768
1883.00  0.03742  0.03757  0.00745  0.80968  -235.17958  -237.01326  4.99985   768
1884.00  0.03743  0.03757  0.00680  0.80968  -236.16682  -237.99593  4.99985   768
1885.00  0.03742  0.03757  0.00610  0.80968  -237.23952  -239.06709  4.99985   768
1886.00  0.03741  0.03757  0.00573  0.80968  -237.86208  -239.72627  4.99985   768
1887.00  0.03743  0.03757  0.00587  0.80968  -237.71864  -239.64082  4.99985   768
1888.00  0.03741  0.03757  0.00633  0.80968  -236.96333  -238.90382  4.99985   768
1889.00  0.03742  0.03757  0.00703  0.80968  -235.95320  -237.88911  4.99985   768
1890.00  0.03742  0.03757  0.00764  0.80968  -234.97053  -236.88966  4.99985   768
1891.00  0.03742  0.03757  0.00781  0.80968  -234.67604  -236.54939  4.99985   768
1892.00  0.03742  0.03757  0.00755  0.80968  -235.03920  -236.87898  4.99985   768
1893.00  0.03742  0.03757  0.00702  0.80968  -235.85554  -237.66939  4.99985   768
1894.00  0.03742  0.03757  0.00636  0.80968  -236.80922  -238.61085  4.99985   768
1895.00  0.03741  0.03757  0.00583  0.80968  -237.70796  -239.56453  4.99985   768
1896.00  0.03742  0.03757  0.00579  0.80968  -237.74763  -239.62556  4.99985   768
1897.00  0.03742  0.03757  0.00609  0.80968  -237.40584  -239.32954  4.99985   768
1898.00  0.03742  0.03757  0.00669  0.80968  -236.46590  -238.42165  4.99985   768
1899.00  0.03743  0.03757  0.00734  0.80968  -235.46492  -237.40694  4.99985   768
1900.00  0.03742  0.03757  0.00768  0.80968  -234.89729  -236.81795  4.99985   768
1901.00  0.03742  0.03757  0.00772  0.80968  -234.82710  -236.70961  4.99985   768
1902.00  0.03743  0.03757  0.00739  0.80968  -235.22993  -237.07887  4.99985   768
1903.00  0.03742  0.03757  0.00679  0.80968  -236.18361  -238.01271  4.99985   768
1904.00  0.03742  0.03757  0.00609  0.80968  -237.34480  -239.16780  4.99985   768
1905.00  0.03741  0.03757  0.00571  0.80968  -237.87886  -239.74763  4.99985   768
1906.00  0.03742  0.03757  0.00588  0.80968  -237.66219  -239.55843  4.99985   768
1907.00  0.03742  0.03757  0.00634  0.80968  -237.01521  -238.94655  4.99985   768
1908.00  0.03743  0.03757  0.00706  0.80968  -235.86317  -237.79146  4.99985   768
1909.00  0.03743  0.03757  0.00758  0.80968  -235.07582  -236.99495  4.99985   768
1910.00  0.03742  0.03757  0.00765  0.80968  -234.89119  -236.76607  4.99985   768
1911.00  0.03742  0.03757  0.00752  0.80968  -235.05293  -236.90797  4.99985   768
1912.00  0.03742  0.03757  0.00706  0.80968  -235.80824  -237.61751  4.99985   768
1913.00  0.03742  0.03757  0.00638  0.80968  -236.81990  -238.64137  4.99985   768
1914.00  0.03742  0.03757  0.00595  0.80968  -237.54774  -239.42567  4.99985   768
1915.00  0.03743  0.03757  0.00581  0.80968  -237.75526  -239.63472  4.99985   768
1916.00  0.03742  0.03757  0.00614  0.80968  -237.28072  -239.21205  4.99985   768
1917.00  0.03742  0.03757  0.00680  0.80968  -236.31636  -238.29042  4.99985   768
1918.00  0.03742  0.03757  0.00739  0.80968  -235.41762  -237.35963  4.99985   768
1919.00  0.03742  0.03757  0.00771  0.80968  -234.84389  -236.75539  4.99985   768
1920.00  0.03743  0.03757  0.00764  0.80968  -234.89271  -236.76607  4.99985   768
1921.00  0.03741  0.03757  0.00722  0.80968  -235.55495  -237.39320  4.99985   768
1922.00  0.03742  0.03757  0.00656  0.80968  -236.49641  -238.30720  4.99985   768
1923.00  0.03743  0.03757  0.00604  0.80968  -237.33412  -239.16780  4.99985   768
1924.00  0.03742  0.03757  0.00573  0.80968  -237.86818  -239.71864  4.99985   768
1925.00  0.03742  0.03757  0.00594  0.80968  -237.58894  -239.49892  4.99985   768
1926.00  0.03742  0.03757  0.00642  0.80968  -236.82753  -238.75124  4.99985   768
1927.00  0.03743  0.03757  0.00713  0.80968  -235.78841  -237.73653  4.99985   768
1928.00  0.03743  0.03757  0.00766  0.80968  -234.92628  -236.85457  4.99985   768
1929.00  0.03743  0.03757  0.00777  0.80968  -234.67604  -236.54787  4.99985   768
1930.00  0.03742  0.03757  0.00740  0.80968  -235.24367  -237.08955  4.99985   768
1931.00  0.03741  0.03757  0.00689  0.80968  -236.01118  -237.84486  4.99985   768
1932.00  0.03743  0.03757  0.00628  0.80968  -237.02132  -238.85500  4.99985   768
1933.00  0.03741  0.03757  0.00585  0.80968  -237.64387  -239.50044  4.99985   768
1934.00  0.03741  0.03757  0.00579  0.80968  -237.83156  -239.72475  4.99985   768
1935.00  0.03742  0.03757  0.00612  0.80968  -237.32649  -239.28377  4.99985   768
1936.00  0.03742  0.03757  0.00685  0.80968  -236.20192  -238.16988  4.99985   768
1937.00  0.03740  0.03757  0.00749  0.80968  -235.31081  -237.23146  4.99985   768
1938.00  0.03742  0.03757  0.00781  0.80968  -234.67909  -236.58449  4.99985   768
1939.00  0.03742  0.03757  0.00769  0.80968  -234.86067  -236.71571  4.99985   768
1940.00  0.03742  0.03757  0.00719  0.80968  -235.55037  -237.38100  4.99985   768
1941.00  0.03742  0.03757  0.00653  0.80968  -236.59102  -238.39723  4.99985   768
1942.00  0.03742  0.03757  0.00586  0.80968  -237.58437  -239.39821  4.99985   768
1943.00  0.03742  0.03757  0.00565  0.80968  -238.01314  -239.89564  4.99985   768
1944.00  0.03742  0.03757  0.00596  0.80968  -237.55537  -239.49129  4.99985   768
1945.00  0.03741  0.03757  0.00647  0.80968  -236.75734  -238.67799  4.99985   768
1946.00  0.03742  0.03757  0.00726  0.80968  -235.60225  -237.56563  4.99985   768
1947.00  0.03742  0.03757  0.00777  0.80968  -234.77675  -236.69282  4.99985   768
1948.00  0.03743  0.03757  0.00788  0.80968  -234.57686  -236.47920  4.99985   768
1949.00  0.03742  0.03757  0.00757  0.80968  -234.96138  -236.82710  4.99985   768
1950.00  0.03741  0.03757  0.00704  0.80968  -235.82655  -237.65108  4.99985   768
1951.00  0.03742  0.03757  0.00628  0.80968  -236.93892  -238.78480  4.99985   768
1952.00  0.03741  0.03757  0.00583  0.80968  -237.71101  -239.56911  4.99985   768
1953.00  0.03742  0.03757  0.00578  0.80968  -237.79494  -239.70796  4.99985   768
1954.00  0.03742  0.03757  0.00621  0.80968  -237.17085  -239.09151  4.99985   768
1955.00  0.03740  0.03757  0.00694  0.80968  -236.08900  -238.05696  4.99985   768
1956.00  0.03742  0.03757  0.00756  0.80968  -235.11397  -237.05293  4.99985   768
1957.00  0.03741  0.03757  0.00787  0.80968  -234.58601  -236.47462  4.99985   768
1958.00  0.03742  0.03757  0.00774  0.80968  -234.73250  -236.58296  4.99985   768
1959.00  0.03741  0.03757  0.00729  0.80968  -235.44203  -237.25893  4.99985   768
1960.00  0.03743  0.03757  0.00651  0.80968  -236.57271  -238.36977  4.99985   768
1961.00  0.03741  0.03757  0.00595  0.80968  -237.46077  -239.30513  4.99985   768
1962.00  0.03741  0.03757  0.00563  0.80968  -238.04365  -239.90022  4.99985   768
1963.00  0.03741  0.03757  0.00581  0.80968  -237.81630  -239.74306  4.99985   768
1964.00  0.03743  0.03757  0.00649  0.80968  -236.79701  -238.75581  4.99985   768
1965.00  0.03742  0.03757  0.00722  0.80968  -235.65871  -237.62666  4.99985   768
1966.00  0.03742  0.03757  0.00773  0.80968  -234.84846  -236.75844  4.99985   768
1967.00  0.03741  0.03757  0.00783  0.80968  -234.65010  -236.53261  4.99985   768
1968.00  0.03742  0.03757  0.00758  0.80968  -234.98427  -236.85304  4.99985   768
1969.00  0.03742  0.03757  0.00685  0.80968  -236.05238  -237.86775  4.99985   768
1970.00  0.03741  0.03757  0.00613  0.80968  -237.23799  -239.05794  4.99985   768
1971.00  0.03742  0.03757  0.00566  0.80968  -237.93074  -239.79341  4.99985   768
1972.00  0.03742  0.03757  0.00576  0.80968  -237.82851  -239.72017  4.99985   768
1973.00  0.03743  0.03757  0.00619  0.80968  -237.21510  -239.15865  4.99985   768
1974.00  0.03743  0.03757  0.00687  0.80968  -236.17750  -238.12410  4.99985   768
1975.00  0.03744  0.03757  0.00757  0.80968  -235.10634  -237.03615  4.99985   768
1976.00  0.03743  0.03757  0.00794  0.80968  -234.50056  -236.39375  4.99985   768
1977.00  0.03742  0.03757  0.00784  0.80968  -234.59212  -236.45326  4.99985   768
1978.00  0.03743  0.03757  0.00731  0.80968  -235.40388  -237.22078  4.99985   768
1979.00  0.03741  0.03757  0.00663  0.80968  -236.41249  -238.21718  4.99985   768
1980.00  0.03742  0.03757  0.00600  0.80968  -237.39821  -239.23952  4.99985   768
1981.00  0.03742  0.03757  0.00570  0.80968  -237.93532  -239.81782  4.99985   768
1982.00  0.03743  0.03757  0.00592  0.80968  -237.62251  -239.56148  4.99985   768
1983.00  0.03742  0.03757  0.00653  0.80968  -236.74055  -238.70393  4.99985   768
1984.00  0.03742  0.03757  0.00727  0.80968  -235.55647  -237.50459  4.99985   768
1985.00  0.03742  0.03757  0.00773  0.80968  -234.87746  -236.80879  4.99985   768
1986.00  0.03742  0.03757  0.00782  0.80968  -234.64247  -236.52650  4.99985   768
1987.00  0.03742  0.03757  0.00751  0.80968  -235.13075  -236.97664  4.99985   768
1988.00  0.03741  0.03757  0.00685  0.80968  -236.04170  -237.87385  4.99985   768
1989.00  0.03741  0.03757  0.00610  0.80968  -237.22273  -239.02437  4.99985   768
1990.00  0.03742  0.03757  0.00561  0.80968  -238.02534  -239.85902  4.99985   768
1991.00  0.03742  0.03757  0.00560  0.80968  -238.12758  -240.02229  4.99985   768
1992.00  0.03742  0.03757  0.00604  0.80968  -237.43330  -239.34480  4.99985   768
1993.00  0.03742  0.03757  0.00679  0.80968  -236.34077  -238.31026  4.99985   768
1994.00  0.03742  0.03757  0.00748  0.80968  -235.21315  -237.14754  4.99985   768
1995.00  0.03742  0.03757  0.00782  0.80968  -234.69740  -236.57533  4.99985   768
1996.00  0.03742  0.03757  0.00758  0.80968  -234.99342  -236.84236  4.99985   768
1997.00  0.03742  0.03757  0.00705  0.80968  -235.75636  -237.59157  4.99985   768
1998.00  0.03743  0.03757  0.00644  0.80968  -236.69325  -238.53609  4.99985   768
1999.00  0.03742  0.03757  0.00584  0.80968  -237.68050  -239.52791  4.99985   768
2000.00  0.04287  0.05780  0.00561  0.80968  -238.03603  -239.89717  4.99985   768
2001.00  0.05511  0.05780  0.00632  0.80968  -237.16322  -239.20290  4.99985   768
2002.00  0.05575  0.05780  0.00800  0.80968  -234.52803  -236.57075  4.99985   768
2003.00  0.05590  0.05780  0.00848  0.80968  -233.66591  -235.51485  4.99985   768
2004.00  0.05605  0.05780  0.00909  0.80968  -232.88618  -234.88466  4.99985   768
