ASI 600A Data File
Created: Wed May  8 13:23:29 2024
A/D Sampling Rate: 1000 Hz
Comment: Mouse CP512 Cell 2
Width 0.0280
Thick 0.0140
After Activation
Width 0.0
Thick 0.0
*** Setup Parameters ***
Length Controller: 315C
Force Transducer: 406A
Initial Length: 0.0578 mm
Minimum Length: -5 Lo
Maximum Length: 5 Lo
Fiber Length: 0.0578 mm
Initial Sarcomere Length: 0 um
Diameter: 1.91919 mm
Maximum Tetanic Tension: 3 mN
Calibrate FC step size:  -20 um
Calibrate FC ramp time:  100 ms
Calibrate FC hold time:  200 ms
Force Gain-Factor:       0.6
Force Integral-Constant: 0.26 ms
Force Filter-Constant:   0.2 ms
Constant Stiffness Range: 100
dF/dL measured at Force:  34522 adu
Fiber Stiffness (adu):    0
Fiber Stiffness (mN/mm):  0
SL Gain-Factor:           0.25
SL Integral-Constant:     0.1 ms
SL Filter-Constant:       0 ms
SL Stiffness (adu):       0.3
SL Stiffness (um/mm):     1
ADC0 Offset: -28.840 mv
ADC1 Offset: -28.840 mv
DAC0 Offset: 3.336 mv
DAC1 Offset: -3.588 mv
Panel 1 size: 2
Panel 2 size: 4
Panel 3 size: 2
Panel 4 size: 5
Panel 1 signal: 0
Panel 2 signal: 1
Panel 3 signal: 2
Panel 4 signal: 6
Background (0/1): 0
Length In color:  16395263
Force  In color:  16717330
SL     In color:  16771867
Aux1   In color:  1769257
Length Out color:  255
Force  Out color:  255
Stim   Out color:  16777215
Aux2   In  color:  16747283
Length Units: um
Force Units: mN
Time Units: ms
Sarcomere Length Units: um
Scope Display1: 0
Scope Display2: 2
AUX Channels Scope Display: 0
Scope Timebase: 1
Scope Vscale:   0
Scope Lunit:    1
Scope Lmin:     0.026370
Scope Lmax:     0.026470
Scope Funit:    0
Scope Fmin:     0.157780
Scope Fmax:     0.157960
Scope AUX1_min:     10.000000
Scope AUX1_max:     16.000000
Scope AUX2_min:     8.000000
Scope AUX2_max:     14.000000
Scope L Data Scale:     1.651868
Scope F Data Scale:     0.225000
Scope AUX1 Data Scale:     1.000000
Scope AUX2 Data Scale:     1.000000
Scope SL Data Scale:     1.000000
Scope Sunit:    0
Analysis Lunit: 4
Analysis Funit: 0
Analysis Tunit: 0
Analysis Channels: 101000000010000
Analysis Readout: 1
Analysis Gaussian Filter Kernel Size (Lin):     201
Analysis Gaussian Filter Kernel Size (Fin):     50
Analysis Gaussian Filter Kernel Size (Aux1):    201
Analysis Gaussian Filter Kernel Size (Aux2):    201
Analysis Gaussian Filter Standard Deviation (Lin):     1.0
Analysis Gaussian Filter Standard Deviation (Fin):     1.0
Analysis Gaussian Filter Standard Deviation (Aux1):    1.0
Analysis Gaussian Filter Standard Deviation (Aux2):    1.0
Aux1 Name: Aux1
Aux1 Units: C
Aux1 Scale (units/volt): 100.000000
Aux1 Offset (units): 2.000000
Aux2 Name: Aux2
Aux2 Units: mv
Aux2 Scale (units/volt): 100
Aux2 Offset (units): 0
 *** Cantilever Properties ***
Cantilever Stiffness Calculation Method: 2
Cantilever Stiffness (N/m): -1.000
Cantilever Length (um): 450.000
Cantilever Thickness (um): 2.000
Cantilever Width 1 (um): 50.000
Cantilever Width 2 (um): 50.000
Cantilever Elasticity (GPa): 160.000
 *** ASI804A Test Window Properties ***
ASI804A Vscale: 0
ASI804A Timebase: 0
ASI804A Sampling Rate: 0
ASI804A Scope L_min:     999.800000
ASI804A Scope L_max:     1000.200000
ASI804A Scope F_min:     -0.040000
ASI804A Scope F_max:     0.020000
ASI804A Scope log10Rario_min:     -0.063875
ASI804A Scope log10Ratio_max:     -0.063650
ASI804A Scope L Scale Units:    4
ASI804A Scope F Scale Units:    0
ASI804A Scope L Scale:     1.000000
ASI804A Scope F Scale:     1.000000
ASI804A Scope log10Ratio Scale:     0.500000
ASI804A Data Files Directory: /home/asi/data
ASI804A Data Files Name: atp_datafile
ASI804A Font: Liberation Sans
ASI804A Font Size: 24
ASI804A pCa Combo Size: 0
ASI804A pCa Combo Active: -1
 *** Additional devices ***
ASI802D Bath Controller: 0
ASI804A ATPase Controller: 1
*** Calibration Parameters ***
Model  LOoffset  LOscale  LIoffset  LIscale  FOoffset  FOscale  FIoffset  FIscale
Number 	mm        mm/v	   mm        mm/v     mN        mN/v     mN        mN/v
308B	 0	 0.2	 0	 0.2	 0	 1	 0	 1
312C	 0	 0.15	 0	 0.15	 0	 1	 0	 1
315C	 0	 0.15	 0	 0.15	 0	 1	 0	 1
318B	 0	 0.3	 0	 0.3	 0	 1	 0	 1
322C	 0	 0.3	 0	 0.3	 0	 1	 0	 1
340A	 0	 0.005	 0	 0.005	 0	 1	 0	 1
300C	 0	 0.5	 0	 0.5	 0	 50	 0	 50
300C-LR	 0	 0.5	 0	 0.5	 0	 100	 0	 100
305C	 0	 1	 0	 1	 0	 500	 0	 500
305C-LR	 0	 1	 0	 1	 0	 1000	 0	 1000
309C	 0	 1.25	 0	 1.25	 0	 2000	 0	 2000
310C	 0	 2	 0	 2	 0	 5000	 0	 5000
310C-LR	 0	 2	 0	 2	 0	 10000	 0	 10000
???	 0	 1	 0	 1	 0	 1	 0	 1
400A	 0	 1	 0	 1	 0	 5	 0	 5
402A	 0	 1	 0	 1	 0	 50	 0	 50
403A-CF	 0	 1	 0	 1	 0	 0.2	 0	 0.2
403A	 0	 1	 0	 1	 0	 0.5	 0	 0.5
404A	 0	 1	 0	 1	 0	 10	 0	 10
405A	 0	 1	 0	 1	 0	 1	 0	 1
406A	 0	 1	 0	 1	 0.16	 0.06497	 0.16	 0.06497
407A	 0	 1	 0	 1	 0	 100	 0	 100
470A	 0	 1	 0	 1	 0	 1	 0	 1
other	 0	 1	 0	 1	 0	 1	 0	 1
none	 0	 1	 0	 1	 0	 1	 0	 1
*** Test Protocol Parameters ***
A/D Sampling Rate: 1000 Hz
Comment: Length Discrete Sine protocol for stiffness testing
Minimum Length: -5.000 (Lo)
Maximum Length: 5.000 (Lo)
PD Deadband:    0.000000 mN
Stimulus 01: 0.3 ms 100.000 Hz 10.0 ms 50.000 Hz 0.100 s
Stimulus 02: 1.2 ms 100.000 Hz 20.0 ms 2.000 Hz 100.000 s
Stimulus 03: 1.3 ms 100.000 Hz 20.0 ms 2.000 Hz 100.000 s
Stimulus 04: 1.4 ms 100.000 Hz 20.0 ms 2.000 Hz 100.000 s
Stimulus 05: 1.5 ms 100.000 Hz 20.0 ms 2.000 Hz 100.000 s
Stimulus 06: 1.6 ms 100.000 Hz 20.0 ms 2.000 Hz 100.000 s
Stimulus 07: 1.7 ms 100.000 Hz 20.0 ms 2.000 Hz 100.000 s
Stimulus 08: 1.8 ms 100.000 Hz 20.0 ms 2.000 Hz 100.000 s
Stimulus 09: 1.9 ms 100.000 Hz 20.0 ms 2.000 Hz 100.000 s
Stimulus 10: 2.2 ms 100.000 Hz 20.0 ms 2.000 Hz 100.000 s
Time (ms)	Control Function	Options
      0.0	Data-Enable		
    200.0	Length-Step		 0.65 Lo
   2000.0	Length-Step		 1 Lo
   2005.0	Data-Disable		
      0.0	Stop		
*** Force and Length Signals vs Time ***
Time (ms)  Lin (mm)  Lout (mm)  Fin (mN)  Fout (mN)  Aux1 C  Aux2 mv  SL (um)   Stimulus/Triggers
0.00  0.05733  0.05780  0.01048  0.80968  -230.48750  -232.31966  4.99985   768
1.00  0.05732  0.05780  0.01010  0.80968  -231.13905  -232.99409  4.99985   768
2.00  0.05734  0.05780  0.01017  0.80968  -231.07649  -232.98494  4.99985   768
3.00  0.05734  0.05780  0.01062  0.80968  -230.41426  -232.33339  4.99985   768
4.00  0.05733  0.05780  0.01113  0.80968  -229.61012  -231.55061  4.99985   768
5.00  0.05733  0.05780  0.01170  0.80968  -228.73579  -230.64882  4.99985   768
6.00  0.05734  0.05780  0.01193  0.80968  -228.32381  -230.20326  4.99985   768
7.00  0.05733  0.05780  0.01186  0.80968  -228.42604  -230.28108  4.99985   768
8.00  0.05734  0.05780  0.01136  0.80968  -229.13863  -230.95094  4.99985   768
9.00  0.05735  0.05780  0.01079  0.80968  -230.08467  -231.91988  4.99985   768
10.00  0.05734  0.05780  0.01029  0.80968  -230.79420  -232.63093  4.99985   768
11.00  0.05733  0.05780  0.01017  0.80968  -231.02766  -232.93153  4.99985   768
12.00  0.05733  0.05780  0.01043  0.80968  -230.69044  -232.61110  4.99985   768
13.00  0.05733  0.05780  0.01092  0.80968  -229.95802  -231.90462  4.99985   768
14.00  0.05732  0.05780  0.01145  0.80968  -229.11574  -231.06843  4.99985   768
15.00  0.05734  0.05780  0.01185  0.80968  -228.52064  -230.41994  4.99985   768
16.00  0.05733  0.05780  0.01185  0.80968  -228.43519  -230.32381  4.99985   768
17.00  0.05734  0.05780  0.01158  0.80968  -228.83498  -230.69917  4.99985   768
18.00  0.05734  0.05780  0.01099  0.80968  -229.73677  -231.53841  4.99985   768
19.00  0.05733  0.05780  0.01044  0.80968  -230.59126  -232.42952  4.99985   768
20.00  0.05734  0.05780  0.01007  0.80968  -231.13905  -232.98189  4.99985   768
21.00  0.05733  0.05780  0.01011  0.80968  -231.17567  -233.07039  4.99985   768
22.00  0.05734  0.05780  0.01053  0.80968  -230.54549  -232.47072  4.99985   768
23.00  0.05734  0.05780  0.01111  0.80968  -229.63148  -231.55977  4.99985   768
24.00  0.05734  0.05780  0.01166  0.80968  -228.80598  -230.72206  4.99985   768
25.00  0.05734  0.05780  0.01189  0.80968  -228.41231  -230.29329  4.99985   768
26.00  0.05734  0.05780  0.01178  0.80968  -228.53743  -230.40163  4.99985   768
27.00  0.05733  0.05780  0.01127  0.80968  -229.30495  -231.13405  4.99985   768
28.00  0.05734  0.05780  0.01065  0.80968  -230.25099  -232.08314  4.99985   768
29.00  0.05734  0.05780  0.01018  0.80968  -231.02614  -232.88576  4.99985   768
30.00  0.05733  0.05780  0.01002  0.80968  -231.29011  -233.17720  4.99985   768
31.00  0.05734  0.05780  0.01020  0.80968  -231.07649  -233.00478  4.99985   768
32.00  0.05734  0.05780  0.01081  0.80968  -230.14418  -232.10145  4.99985   768
33.00  0.05733  0.05780  0.01144  0.80968  -229.18288  -231.11726  4.99985   768
34.00  0.05733  0.05780  0.01176  0.80968  -228.63966  -230.54811  4.99985   768
35.00  0.05733  0.05780  0.01174  0.80968  -228.63203  -230.50233  4.99985   768
36.00  0.05734  0.05780  0.01150  0.80968  -228.97688  -230.83040  4.99985   768
37.00  0.05733  0.05780  0.01089  0.80968  -229.88478  -231.68031  4.99985   768
38.00  0.05733  0.05780  0.01022  0.80968  -230.89949  -232.71181  4.99985   768
39.00  0.05734  0.05780  0.00996  0.80968  -231.34505  -233.22450  4.99985   768
40.00  0.05732  0.05780  0.00998  0.80968  -231.36336  -233.26570  4.99985   768
41.00  0.05735  0.05780  0.01052  0.80968  -230.54549  -232.48292  4.99985   768
42.00  0.05733  0.05780  0.01115  0.80968  -229.60402  -231.54298  4.99985   768
43.00  0.05734  0.05780  0.01165  0.80968  -228.82735  -230.74342  4.99985   768
44.00  0.05733  0.05780  0.01185  0.80968  -228.46724  -230.36348  4.99985   768
45.00  0.05732  0.05780  0.01162  0.80968  -228.80904  -230.67018  4.99985   768
46.00  0.05734  0.05780  0.01117  0.80968  -229.43007  -231.28358  4.99985   768
47.00  0.05733  0.05780  0.01052  0.80968  -230.42647  -232.26167  4.99985   768
48.00  0.05734  0.05780  0.01015  0.80968  -231.04292  -232.90712  4.99985   768
49.00  0.05734  0.05780  0.01003  0.80968  -231.29927  -233.19856  4.99985   768
50.00  0.05733  0.05780  0.01031  0.80968  -230.88576  -232.82777  4.99985   768
51.00  0.05735  0.05780  0.01086  0.80968  -230.06941  -232.00838  4.99985   768
52.00  0.05732  0.05780  0.01155  0.80968  -229.00740  -230.94331  4.99985   768
53.00  0.05734  0.05780  0.01191  0.80968  -228.38484  -230.27956  4.99985   768
54.00  0.05733  0.05780  0.01188  0.80968  -228.38942  -230.24904  4.99985   768
55.00  0.05734  0.05780  0.01154  0.80968  -228.87923  -230.71596  4.99985   768
56.00  0.05734  0.05780  0.01094  0.80968  -229.81612  -231.62538  4.99985   768
57.00  0.05733  0.05780  0.01037  0.80968  -230.68434  -232.50276  4.99985   768
58.00  0.05733  0.05780  0.01004  0.80968  -231.22755  -233.09480  4.99985   768
59.00  0.05734  0.05780  0.01017  0.80968  -231.07649  -232.96663  4.99985   768
60.00  0.05734  0.05780  0.01056  0.80968  -230.49666  -232.40663  4.99985   768
61.00  0.05734  0.05780  0.01129  0.80968  -229.39192  -231.37666  4.99985   768
62.00  0.05734  0.05780  0.01182  0.80968  -228.52675  -230.44435  4.99985   768
63.00  0.05734  0.05780  0.01190  0.80968  -228.36806  -230.25514  4.99985   768
64.00  0.05733  0.05780  0.01170  0.80968  -228.66865  -230.53743  4.99985   768
65.00  0.05733  0.05780  0.01111  0.80968  -229.53535  -231.37819  4.99985   768
66.00  0.05732  0.05780  0.01048  0.80968  -230.52717  -232.37306  4.99985   768
67.00  0.05732  0.05780  0.00996  0.80968  -231.34810  -233.19551  4.99985   768
68.00  0.05733  0.05780  0.00994  0.80968  -231.39540  -233.29622  4.99985   768
69.00  0.05733  0.05780  0.01024  0.80968  -230.97426  -232.88728  4.99985   768
70.00  0.05733  0.05780  0.01078  0.80968  -230.15028  -232.09077  4.99985   768
71.00  0.05734  0.05780  0.01150  0.80968  -229.05470  -230.99519  4.99985   768
72.00  0.05734  0.05780  0.01185  0.80968  -228.50539  -230.40010  4.99985   768
73.00  0.05734  0.05780  0.01176  0.80968  -228.52980  -230.38789  4.99985   768
74.00  0.05734  0.05780  0.01147  0.80968  -229.02571  -230.85939  4.99985   768
75.00  0.05734  0.05780  0.01094  0.80968  -229.79475  -231.61012  4.99985   768
76.00  0.05734  0.05780  0.01034  0.80968  -230.75911  -232.60042  4.99985   768
77.00  0.05733  0.05780  0.01001  0.80968  -231.25502  -233.13447  4.99985   768
78.00  0.05733  0.05780  0.01017  0.80968  -231.08259  -232.99867  4.99985   768
79.00  0.05733  0.05780  0.01068  0.80968  -230.34865  -232.27540  4.99985   768
80.00  0.05734  0.05780  0.01129  0.80968  -229.39802  -231.35835  4.99985   768
81.00  0.05734  0.05780  0.01184  0.80968  -228.52827  -230.47029  4.99985   768
82.00  0.05733  0.05780  0.01197  0.80968  -228.27956  -230.18037  4.99985   768
83.00  0.05733  0.05780  0.01185  0.80968  -228.46266  -230.32686  4.99985   768
84.00  0.05734  0.05780  0.01144  0.80968  -229.04097  -230.87007  4.99985   768
85.00  0.05733  0.05780  0.01082  0.80968  -229.99159  -231.82527  4.99985   768
86.00  0.05734  0.05780  0.01034  0.80968  -230.78200  -232.64009  4.99985   768
87.00  0.05733  0.05780  0.01022  0.80968  -230.98341  -232.84608  4.99985   768
88.00  0.05734  0.05780  0.01046  0.80968  -230.65077  -232.55159  4.99985   768
89.00  0.05734  0.05780  0.01107  0.80968  -229.75355  -231.69252  4.99985   768
90.00  0.05734  0.05780  0.01164  0.80968  -228.80598  -230.72359  4.99985   768
91.00  0.05734  0.05780  0.01195  0.80968  -228.32991  -230.22615  4.99985   768
92.00  0.05733  0.05780  0.01193  0.80968  -228.30092  -230.16969  4.99985   768
93.00  0.05733  0.05780  0.01155  0.80968  -228.89754  -230.74342  4.99985   768
94.00  0.05732  0.05780  0.01102  0.80968  -229.66963  -231.48958  4.99985   768
95.00  0.05732  0.05780  0.01052  0.80968  -230.47224  -232.32423  4.99985   768
96.00  0.05734  0.05780  0.01014  0.80968  -231.08259  -232.93458  4.99985   768
97.00  0.05733  0.05780  0.01021  0.80968  -231.01851  -232.93458  4.99985   768
98.00  0.05734  0.05780  0.01068  0.80968  -230.31355  -232.26472  4.99985   768
99.00  0.05734  0.05780  0.01125  0.80968  -229.45448  -231.40260  4.99985   768
100.00  0.05732  0.05780  0.01165  0.80968  -228.78767  -230.68239  4.99985   768
101.00  0.05733  0.05780  0.01177  0.80968  -228.63203  -230.51759  4.99985   768
102.00  0.05733  0.05780  0.01152  0.80968  -228.90059  -230.75410  4.99985   768
103.00  0.05734  0.05780  0.01104  0.80968  -229.64217  -231.46974  4.99985   768
104.00  0.05733  0.05780  0.01048  0.80968  -230.51649  -232.35628  4.99985   768
105.00  0.05734  0.05780  0.01013  0.80968  -231.08565  -232.92543  4.99985   768
106.00  0.05733  0.05780  0.01005  0.80968  -231.22450  -233.09175  4.99985   768
107.00  0.05733  0.05780  0.01038  0.80968  -230.76063  -232.67519  4.99985   768
108.00  0.05734  0.05780  0.01101  0.80968  -229.85121  -231.77644  4.99985   768
109.00  0.05734  0.05780  0.01155  0.80968  -228.96315  -230.89754  4.99985   768
110.00  0.05734  0.05780  0.01186  0.80968  -228.47029  -230.39094  4.99985   768
111.00  0.05734  0.05780  0.01174  0.80968  -228.63508  -230.49165  4.99985   768
112.00  0.05734  0.05780  0.01139  0.80968  -229.13252  -230.98909  4.99985   768
113.00  0.05734  0.05780  0.01079  0.80968  -230.00838  -231.83900  4.99985   768
114.00  0.05734  0.05780  0.01029  0.80968  -230.85219  -232.71638  4.99985   768
115.00  0.05733  0.05780  0.01011  0.80968  -231.14821  -233.01393  4.99985   768
116.00  0.05734  0.05780  0.01025  0.80968  -230.95747  -232.87050  4.99985   768
117.00  0.05732  0.05780  0.01076  0.80968  -230.20369  -232.14418  4.99985   768
118.00  0.05734  0.05780  0.01141  0.80968  -229.22560  -231.18593  4.99985   768
119.00  0.05735  0.05780  0.01176  0.80968  -228.62593  -230.52370  4.99985   768
120.00  0.05734  0.05780  0.01194  0.80968  -228.29939  -230.19105  4.99985   768
121.00  0.05734  0.05780  0.01162  0.80968  -228.76326  -230.59389  4.99985   768
122.00  0.05734  0.05780  0.01107  0.80968  -229.56129  -231.37971  4.99985   768
123.00  0.05735  0.05780  0.01047  0.80968  -230.52565  -232.34712  4.99985   768
124.00  0.05734  0.05780  0.01007  0.80968  -231.17262  -233.00630  4.99985   768
125.00  0.05733  0.05780  0.01009  0.80968  -231.20161  -233.10396  4.99985   768
126.00  0.05733  0.05780  0.01047  0.80968  -230.64162  -232.56074  4.99985   768
127.00  0.05735  0.05780  0.01109  0.80968  -229.67573  -231.62538  4.99985   768
128.00  0.05733  0.05780  0.01157  0.80968  -228.95705  -230.88075  4.99985   768
129.00  0.05734  0.05780  0.01195  0.80968  -228.34212  -230.25972  4.99985   768
130.00  0.05733  0.05780  0.01188  0.80968  -228.40010  -230.27498  4.99985   768
131.00  0.05733  0.05780  0.01132  0.80968  -229.23323  -231.06538  4.99985   768
132.00  0.05732  0.05780  0.01073  0.80968  -230.11977  -231.97328  4.99985   768
133.00  0.05734  0.05780  0.01013  0.80968  -231.06428  -232.90712  4.99985   768
134.00  0.05733  0.05780  0.00987  0.80968  -231.48543  -233.35725  4.99985   768
135.00  0.05735  0.05780  0.01017  0.80968  -231.12990  -233.04445  4.99985   768
136.00  0.05735  0.05780  0.01070  0.80968  -230.27083  -232.18385  4.99985   768
137.00  0.05733  0.05780  0.01132  0.80968  -229.35530  -231.30342  4.99985   768
138.00  0.05732  0.05780  0.01178  0.80968  -228.60609  -230.51301  4.99985   768
139.00  0.05734  0.05780  0.01188  0.80968  -228.42451  -230.27650  4.99985   768
140.00  0.05734  0.05780  0.01156  0.80968  -228.85481  -230.67628  4.99985   768
141.00  0.05734  0.05780  0.01100  0.80968  -229.72151  -231.54603  4.99985   768
142.00  0.05733  0.05780  0.01037  0.80968  -230.65993  -232.48292  4.99985   768
143.00  0.05734  0.05780  0.00994  0.80968  -231.35725  -233.21840  4.99985   768
144.00  0.05733  0.05780  0.00998  0.80968  -231.34047  -233.25197  4.99985   768
145.00  0.05733  0.05780  0.01036  0.80968  -230.81404  -232.75453  4.99985   768
146.00  0.05734  0.05780  0.01096  0.80968  -229.92293  -231.88325  4.99985   768
147.00  0.05733  0.05780  0.01159  0.80968  -228.93111  -230.88380  4.99985   768
148.00  0.05733  0.05780  0.01187  0.80968  -228.44282  -230.35127  4.99985   768
149.00  0.05734  0.05780  0.01175  0.80968  -228.58931  -230.45351  4.99985   768
150.00  0.05734  0.05780  0.01133  0.80968  -229.19661  -231.04707  4.99985   768
151.00  0.05733  0.05780  0.01079  0.80968  -230.02821  -231.85274  4.99985   768
152.00  0.05735  0.05780  0.01015  0.80968  -231.02461  -232.84761  4.99985   768
153.00  0.05734  0.05780  0.01005  0.80968  -231.23213  -233.11616  4.99985   768
154.00  0.05733  0.05780  0.01024  0.80968  -230.96205  -232.84456  4.99985   768
155.00  0.05734  0.05780  0.01087  0.80968  -230.06636  -232.00990  4.99985   768
156.00  0.05733  0.05780  0.01158  0.80968  -228.93263  -230.85786  4.99985   768
157.00  0.05733  0.05780  0.01202  0.80968  -228.24599  -230.15596  4.99985   768
158.00  0.05734  0.05780  0.01201  0.80968  -228.19411  -230.06135  4.99985   768
159.00  0.05733  0.05780  0.01180  0.80968  -228.50386  -230.33601  4.99985   768
160.00  0.05734  0.05780  0.01119  0.80968  -229.42091  -231.26222  4.99985   768
161.00  0.05734  0.05780  0.01051  0.80968  -230.46004  -232.28151  4.99985   768
162.00  0.05734  0.05780  0.01011  0.80968  -231.10243  -232.96815  4.99985   768
163.00  0.05734  0.05780  0.01017  0.80968  -231.10243  -233.01851  4.99985   768
164.00  0.05734  0.05780  0.01047  0.80968  -230.62788  -232.56990  4.99985   768
165.00  0.05734  0.05780  0.01119  0.80968  -229.57655  -231.53841  4.99985   768
166.00  0.05733  0.05780  0.01169  0.80968  -228.77241  -230.68696  4.99985   768
167.00  0.05734  0.05780  0.01192  0.80968  -228.36195  -230.28718  4.99985   768
168.00  0.05733  0.05780  0.01180  0.80968  -228.50844  -230.35432  4.99985   768
169.00  0.05734  0.05780  0.01133  0.80968  -229.20576  -231.02876  4.99985   768
170.00  0.05733  0.05780  0.01059  0.80968  -230.31660  -232.11671  4.99985   768
171.00  0.05733  0.05780  0.01012  0.80968  -231.09328  -232.91475  4.99985   768
172.00  0.05733  0.05780  0.00984  0.80968  -231.56020  -233.40913  4.99985   768
173.00  0.05734  0.05780  0.01000  0.80968  -231.33589  -233.23366  4.99985   768
174.00  0.05735  0.05780  0.01061  0.80968  -230.43867  -232.37154  4.99985   768
175.00  0.05733  0.05780  0.01125  0.80968  -229.45906  -231.39955  4.99985   768
176.00  0.05734  0.05780  0.01177  0.80968  -228.63661  -230.54964  4.99985   768
177.00  0.05732  0.05780  0.01186  0.80968  -228.42451  -230.28566  4.99985   768
178.00  0.05734  0.05780  0.01162  0.80968  -228.79225  -230.64424  4.99985   768
179.00  0.05733  0.05780  0.01102  0.80968  -229.66353  -231.50331  4.99985   768
180.00  0.05733  0.05780  0.01041  0.80968  -230.62483  -232.46156  4.99985   768
181.00  0.05734  0.05780  0.01000  0.80968  -231.26112  -233.14363  4.99985   768
182.00  0.05732  0.05780  0.01009  0.80968  -231.20161  -233.11159  4.99985   768
183.00  0.05733  0.05780  0.01053  0.80968  -230.54701  -232.49513  4.99985   768
184.00  0.05734  0.05780  0.01114  0.80968  -229.61165  -231.55061  4.99985   768
185.00  0.05734  0.05780  0.01168  0.80968  -228.80141  -230.74037  4.99985   768
186.00  0.05734  0.05780  0.01195  0.80968  -228.32228  -230.20784  4.99985   768
187.00  0.05734  0.05780  0.01189  0.80968  -228.36500  -230.21699  4.99985   768
188.00  0.05733  0.05780  0.01146  0.80968  -229.01045  -230.83040  4.99985   768
189.00  0.05734  0.05780  0.01082  0.80968  -229.99007  -231.79933  4.99985   768
190.00  0.05734  0.05780  0.01021  0.80968  -230.91780  -232.72554  4.99985   768
191.00  0.05733  0.05780  0.00999  0.80968  -231.32063  -233.20009  4.99985   768
192.00  0.05734  0.05780  0.01026  0.80968  -230.96510  -232.88728  4.99985   768
193.00  0.05735  0.05780  0.01082  0.80968  -230.10451  -232.03737  4.99985   768
194.00  0.05734  0.05780  0.01138  0.80968  -229.25612  -231.18745  4.99985   768
195.00  0.05734  0.05780  0.01178  0.80968  -228.60762  -230.52217  4.99985   768
196.00  0.05733  0.05780  0.01176  0.80968  -228.60304  -230.47487  4.99985   768
197.00  0.05733  0.05780  0.01146  0.80968  -229.06233  -230.92042  4.99985   768
198.00  0.05734  0.05780  0.01091  0.80968  -229.80696  -231.64979  4.99985   768
199.00  0.05733  0.05780  0.01036  0.80968  -230.70113  -232.55311  4.99985   768
200.00  0.05202  0.03757  0.00998  0.80968  -231.34047  -233.20161  4.99985   768
201.00  0.03976  0.03757  0.00975  0.80968  -231.68989  -233.55714  4.99985   768
202.00  0.03889  0.03757  0.00992  0.80968  -231.44423  -233.37251  4.99985   768
203.00  0.03862  0.03757  0.01065  0.80968  -230.39290  -232.34254  4.99985   768
204.00  0.03845  0.03757  0.01104  0.80968  -229.71236  -231.61470  4.99985   768
205.00  0.03833  0.03757  0.01110  0.80968  -229.59944  -231.45753  4.99985   768
206.00  0.03825  0.03757  0.01118  0.80968  -229.46059  -231.33089  4.99985   768
207.00  0.03816  0.03757  0.01049  0.80968  -230.48140  -232.28303  4.99985   768
208.00  0.03807  0.03757  0.00997  0.80968  -231.30385  -233.14973  4.99985   768
209.00  0.03801  0.03757  0.00967  0.80968  -231.79365  -233.63039  4.99985   768
210.00  0.03796  0.03757  0.00932  0.80968  -232.34602  -234.22700  4.99985   768
211.00  0.03791  0.03757  0.00968  0.80968  -231.87605  -233.82417  4.99985   768
212.00  0.03788  0.03757  0.01024  0.80968  -231.00630  -232.93153  4.99985   768
213.00  0.03784  0.03757  0.01089  0.80968  -230.01601  -231.97328  4.99985   768
214.00  0.03781  0.03757  0.01142  0.80968  -229.17219  -231.08827  4.99985   768
215.00  0.03780  0.03757  0.01132  0.80968  -229.25459  -231.12642  4.99985   768
216.00  0.03777  0.03757  0.01097  0.80968  -229.80391  -231.66811  4.99985   768
217.00  0.03777  0.03757  0.01049  0.80968  -230.47835  -232.31050  4.99985   768
218.00  0.03777  0.03757  0.00979  0.80968  -231.57393  -233.38777  4.99985   768
219.00  0.03776  0.03757  0.00957  0.80968  -231.98439  -233.85622  4.99985   768
220.00  0.03773  0.03757  0.00964  0.80968  -231.87300  -233.76314  4.99985   768
221.00  0.03772  0.03757  0.01003  0.80968  -231.30385  -233.22450  4.99985   768
222.00  0.03772  0.03757  0.01071  0.80968  -230.28609  -232.21132  4.99985   768
223.00  0.03771  0.03757  0.01113  0.80968  -229.59029  -231.48958  4.99985   768
224.00  0.03771  0.03757  0.01128  0.80968  -229.33089  -231.21797  4.99985   768
225.00  0.03769  0.03757  0.01108  0.80968  -229.60860  -231.45753  4.99985   768
226.00  0.03768  0.03757  0.01063  0.80968  -230.30134  -232.13960  4.99985   768
227.00  0.03769  0.03757  0.01004  0.80968  -231.19551  -233.03377  4.99985   768
228.00  0.03767  0.03757  0.00955  0.80968  -231.96455  -233.81197  4.99985   768
229.00  0.03768  0.03757  0.00941  0.80968  -232.24531  -234.15987  4.99985   768
230.00  0.03767  0.03757  0.00965  0.80968  -231.91267  -233.83790  4.99985   768
231.00  0.03767  0.03757  0.01025  0.80968  -230.99867  -232.95442  4.99985   768
232.00  0.03767  0.03757  0.01088  0.80968  -230.04652  -232.00838  4.99985   768
233.00  0.03766  0.03757  0.01128  0.80968  -229.37971  -231.28816  4.99985   768
234.00  0.03765  0.03757  0.01122  0.80968  -229.43465  -231.30495  4.99985   768
235.00  0.03764  0.03757  0.01092  0.80968  -229.81459  -231.65437  4.99985   768
236.00  0.03767  0.03757  0.01030  0.80968  -230.78352  -232.58211  4.99985   768
237.00  0.03766  0.03757  0.00973  0.80968  -231.70058  -233.54951  4.99985   768
238.00  0.03765  0.03757  0.00941  0.80968  -232.16902  -234.00423  4.99985   768
239.00  0.03765  0.03757  0.00944  0.80968  -232.17818  -234.06679  4.99985   768
240.00  0.03765  0.03757  0.00994  0.80968  -231.45338  -233.39540  4.99985   768
241.00  0.03765  0.03757  0.01071  0.80968  -230.31050  -232.25709  4.99985   768
242.00  0.03764  0.03757  0.01121  0.80968  -229.51094  -231.43007  4.99985   768
243.00  0.03764  0.03757  0.01138  0.80968  -229.17677  -231.05775  4.99985   768
244.00  0.03763  0.03757  0.01122  0.80968  -229.43007  -231.29732  4.99985   768
245.00  0.03764  0.03757  0.01071  0.80968  -230.16402  -232.00532  4.99985   768
246.00  0.03763  0.03757  0.01012  0.80968  -231.06581  -232.91170  4.99985   768
247.00  0.03763  0.03757  0.00963  0.80968  -231.85164  -233.70515  4.99985   768
248.00  0.03764  0.03757  0.00947  0.80968  -232.13850  -234.00270  4.99985   768
249.00  0.03764  0.03757  0.00979  0.80968  -231.68684  -233.62428  4.99985   768
250.00  0.03762  0.03757  0.01039  0.80968  -230.82014  -232.76521  4.99985   768
251.00  0.03762  0.03757  0.01097  0.80968  -229.86647  -231.80086  4.99985   768
252.00  0.03764  0.03757  0.01126  0.80968  -229.42549  -231.33241  4.99985   768
253.00  0.03763  0.03757  0.01124  0.80968  -229.37056  -231.24544  4.99985   768
254.00  0.03763  0.03757  0.01085  0.80968  -229.96260  -231.79170  4.99985   768
255.00  0.03761  0.03757  0.01025  0.80968  -230.83388  -232.65230  4.99985   768
256.00  0.03763  0.03757  0.00972  0.80968  -231.68837  -233.52510  4.99985   768
257.00  0.03762  0.03757  0.00941  0.80968  -232.20412  -234.05305  4.99985   768
258.00  0.03762  0.03757  0.00946  0.80968  -232.15376  -234.04390  4.99985   768
259.00  0.03761  0.03757  0.00995  0.80968  -231.44423  -233.38777  4.99985   768
260.00  0.03762  0.03757  0.01057  0.80968  -230.44783  -232.40205  4.99985   768
261.00  0.03762  0.03757  0.01109  0.80968  -229.66353  -231.59029  4.99985   768
262.00  0.03760  0.03757  0.01126  0.80968  -229.37666  -231.27748  4.99985   768
263.00  0.03762  0.03757  0.01101  0.80968  -229.69404  -231.55366  4.99985   768
264.00  0.03761  0.03757  0.01043  0.80968  -230.58211  -232.42647  4.99985   768
265.00  0.03760  0.03757  0.00984  0.80968  -231.50832  -233.33436  4.99985   768
266.00  0.03761  0.03757  0.00952  0.80968  -232.03474  -233.91267  4.99985   768
267.00  0.03759  0.03757  0.00943  0.80968  -232.14461  -234.03322  4.99985   768
268.00  0.03761  0.03757  0.00985  0.80968  -231.61513  -233.53883  4.99985   768
269.00  0.03761  0.03757  0.01040  0.80968  -230.76063  -232.70113  4.99985   768
270.00  0.03760  0.03757  0.01092  0.80968  -229.94429  -231.86342  4.99985   768
271.00  0.03760  0.03757  0.01128  0.80968  -229.36903  -231.27748  4.99985   768
272.00  0.03760  0.03757  0.01124  0.80968  -229.37208  -231.22865  4.99985   768
273.00  0.03760  0.03757  0.01080  0.80968  -230.02821  -231.84358  4.99985   768
274.00  0.03761  0.03757  0.01021  0.80968  -230.92696  -232.75301  4.99985   768
275.00  0.03761  0.03757  0.00962  0.80968  -231.84401  -233.67921  4.99985   768
276.00  0.03761  0.03757  0.00934  0.80968  -232.29262  -234.15987  4.99985   768
277.00  0.03760  0.03757  0.00956  0.80968  -232.03169  -233.94624  4.99985   768
278.00  0.03758  0.03757  0.01011  0.80968  -231.21535  -233.16652  4.99985   768
279.00  0.03760  0.03757  0.01075  0.80968  -230.23573  -232.18690  4.99985   768
280.00  0.03758  0.03757  0.01115  0.80968  -229.59486  -231.52620  4.99985   768
281.00  0.03759  0.03757  0.01135  0.80968  -229.24238  -231.14778  4.99985   768
282.00  0.03758  0.03757  0.01114  0.80968  -229.51857  -231.38277  4.99985   768
283.00  0.03758  0.03757  0.01063  0.80968  -230.27235  -232.10145  4.99985   768
284.00  0.03758  0.03757  0.00999  0.80968  -231.21992  -233.06428  4.99985   768
285.00  0.03759  0.03757  0.00950  0.80968  -232.05153  -233.89589  4.99985   768
286.00  0.03758  0.03757  0.00939  0.80968  -232.21480  -234.08815  4.99985   768
287.00  0.03759  0.03757  0.00975  0.80968  -231.73567  -233.67921  4.99985   768
288.00  0.03758  0.03757  0.01040  0.80968  -230.75606  -232.69807  4.99985   768
289.00  0.03759  0.03757  0.01101  0.80968  -229.81612  -231.72609  4.99985   768
290.00  0.03758  0.03757  0.01131  0.80968  -229.25917  -231.16609  4.99985   768
291.00  0.03759  0.03757  0.01132  0.80968  -229.28511  -231.15999  4.99985   768
292.00  0.03759  0.03757  0.01095  0.80968  -229.80849  -231.65285  4.99985   768
293.00  0.03758  0.03757  0.01032  0.80968  -230.73469  -232.54091  4.99985   768
294.00  0.03759  0.03757  0.00977  0.80968  -231.65175  -233.49458  4.99985   768
295.00  0.03759  0.03757  0.00941  0.80968  -232.20869  -234.08205  4.99985   768
296.00  0.03759  0.03757  0.00954  0.80968  -232.06679  -233.99354  4.99985   768
297.00  0.03757  0.03757  0.01009  0.80968  -231.23366  -233.19704  4.99985   768
298.00  0.03758  0.03757  0.01081  0.80968  -230.15486  -232.10298  4.99985   768
299.00  0.03758  0.03757  0.01122  0.80968  -229.48958  -231.40413  4.99985   768
300.00  0.03758  0.03757  0.01135  0.80968  -229.25307  -231.15236  4.99985   768
301.00  0.03757  0.03757  0.01117  0.80968  -229.46059  -231.33241  4.99985   768
302.00  0.03758  0.03757  0.01060  0.80968  -230.33034  -232.14265  4.99985   768
303.00  0.03757  0.03757  0.00996  0.80968  -231.27333  -233.09480  4.99985   768
304.00  0.03759  0.03757  0.00943  0.80968  -232.13698  -233.96608  4.99985   768
305.00  0.03759  0.03757  0.00941  0.80968  -232.25142  -234.14155  4.99985   768
306.00  0.03757  0.03757  0.00976  0.80968  -231.72194  -233.64412  4.99985   768
307.00  0.03757  0.03757  0.01029  0.80968  -230.92543  -232.84914  4.99985   768
308.00  0.03757  0.03757  0.01092  0.80968  -229.93971  -231.86494  4.99985   768
309.00  0.03757  0.03757  0.01128  0.80968  -229.35530  -231.26680  4.99985   768
310.00  0.03757  0.03757  0.01123  0.80968  -229.37514  -231.23170  4.99985   768
311.00  0.03758  0.03757  0.01079  0.80968  -230.06026  -231.89851  4.99985   768
312.00  0.03758  0.03757  0.01023  0.80968  -230.93001  -232.76521  4.99985   768
313.00  0.03758  0.03757  0.00969  0.80968  -231.74483  -233.60139  4.99985   768
314.00  0.03757  0.03757  0.00948  0.80968  -232.12324  -234.01338  4.99985   768
315.00  0.03756  0.03757  0.00966  0.80968  -231.85469  -233.77534  4.99985   768
316.00  0.03757  0.03757  0.01012  0.80968  -231.20314  -233.15431  4.99985   768
317.00  0.03756  0.03757  0.01077  0.80968  -230.19453  -232.13502  4.99985   768
318.00  0.03755  0.03757  0.01123  0.80968  -229.46821  -231.38429  4.99985   768
319.00  0.03757  0.03757  0.01133  0.80968  -229.30647  -231.19508  4.99985   768
320.00  0.03756  0.03757  0.01113  0.80968  -229.52315  -231.36140  4.99985   768
321.00  0.03757  0.03757  0.01055  0.80968  -230.39900  -232.21132  4.99985   768
322.00  0.03756  0.03757  0.00996  0.80968  -231.33284  -233.14973  4.99985   768
323.00  0.03757  0.03757  0.00955  0.80968  -231.97981  -233.81197  4.99985   768
324.00  0.03756  0.03757  0.00945  0.80968  -232.15224  -234.06221  4.99985   768
325.00  0.03756  0.03757  0.00982  0.80968  -231.63496  -233.56630  4.99985   768
326.00  0.03757  0.03757  0.01056  0.80968  -230.50276  -232.44020  4.99985   768
327.00  0.03755  0.03757  0.01116  0.80968  -229.58418  -231.52772  4.99985   768
328.00  0.03756  0.03757  0.01144  0.80968  -229.11879  -231.02876  4.99985   768
329.00  0.03756  0.03757  0.01136  0.80968  -229.21950  -231.08980  4.99985   768
330.00  0.03756  0.03757  0.01087  0.80968  -229.90309  -231.73524  4.99985   768
331.00  0.03755  0.03757  0.01017  0.80968  -230.98952  -232.83540  4.99985   768
332.00  0.03756  0.03757  0.00970  0.80968  -231.74025  -233.59682  4.99985   768
333.00  0.03756  0.03757  0.00936  0.80968  -232.27431  -234.15071  4.99985   768
334.00  0.03755  0.03757  0.00950  0.80968  -232.11714  -234.05153  4.99985   768
335.00  0.03758  0.03757  0.01012  0.80968  -231.19398  -233.14668  4.99985   768
336.00  0.03756  0.03757  0.01074  0.80968  -230.20827  -232.13960  4.99985   768
337.00  0.03755  0.03757  0.01113  0.80968  -229.60097  -231.51857  4.99985   768
338.00  0.03756  0.03757  0.01129  0.80968  -229.30342  -231.16914  4.99985   768
339.00  0.03755  0.03757  0.01100  0.80968  -229.72914  -231.56892  4.99985   768
340.00  0.03755  0.03757  0.01039  0.80968  -230.63704  -232.45393  4.99985   768
341.00  0.03756  0.03757  0.00980  0.80968  -231.54341  -233.36336  4.99985   768
342.00  0.03756  0.03757  0.00941  0.80968  -232.20564  -234.05305  4.99985   768
343.00  0.03754  0.03757  0.00931  0.80968  -232.39638  -234.29109  4.99985   768
344.00  0.03756  0.03757  0.00969  0.80968  -231.82112  -233.74635  4.99985   768
345.00  0.03754  0.03757  0.01035  0.80968  -230.85982  -232.82014  4.99985   768
346.00  0.03755  0.03757  0.01091  0.80968  -229.97023  -231.89699  4.99985   768
347.00  0.03754  0.03757  0.01129  0.80968  -229.39040  -231.32020  4.99985   768
348.00  0.03754  0.03757  0.01125  0.80968  -229.39040  -231.25154  4.99985   768
349.00  0.03756  0.03757  0.01080  0.80968  -230.05873  -231.91377  4.99985   768
350.00  0.03756  0.03757  0.01023  0.80968  -230.89491  -232.73775  4.99985   768
351.00  0.03756  0.03757  0.00968  0.80968  -231.78755  -233.61513  4.99985   768
352.00  0.03756  0.03757  0.00943  0.80968  -232.19343  -234.07136  4.99985   768
353.00  0.03756  0.03757  0.00968  0.80968  -231.84706  -233.74940  4.99985   768
354.00  0.03754  0.03757  0.01017  0.80968  -231.11464  -233.04445  4.99985   768
355.00  0.03755  0.03757  0.01077  0.80968  -230.17470  -232.10603  4.99985   768
356.00  0.03756  0.03757  0.01125  0.80968  -229.42549  -231.34157  4.99985   768
357.00  0.03755  0.03757  0.01130  0.80968  -229.29884  -231.16609  4.99985   768
358.00  0.03755  0.03757  0.01107  0.80968  -229.62233  -231.47279  4.99985   768
359.00  0.03756  0.03757  0.01054  0.80968  -230.37611  -232.18233  4.99985   768
360.00  0.03755  0.03757  0.01000  0.80968  -231.28554  -233.15431  4.99985   768
361.00  0.03754  0.03757  0.00965  0.80968  -231.84248  -233.69600  4.99985   768
362.00  0.03754  0.03757  0.00957  0.80968  -231.98439  -233.88521  4.99985   768
363.00  0.03755  0.03757  0.00997  0.80968  -231.45644  -233.38930  4.99985   768
364.00  0.03753  0.03757  0.01059  0.80968  -230.47835  -232.44173  4.99985   768
365.00  0.03755  0.03757  0.01114  0.80968  -229.60707  -231.55366  4.99985   768
366.00  0.03755  0.03757  0.01134  0.80968  -229.25612  -231.17067  4.99985   768
367.00  0.03754  0.03757  0.01119  0.80968  -229.46211  -231.34004  4.99985   768
368.00  0.03753  0.03757  0.01080  0.80968  -229.99922  -231.83137  4.99985   768
369.00  0.03755  0.03757  0.01019  0.80968  -230.91933  -232.75148  4.99985   768
370.00  0.03753  0.03757  0.00966  0.80968  -231.79060  -233.61970  4.99985   768
371.00  0.03753  0.03757  0.00935  0.80968  -232.32771  -234.19191  4.99985   768
372.00  0.03754  0.03757  0.00952  0.80968  -232.07289  -233.95998  4.99985   768
373.00  0.03754  0.03757  0.01010  0.80968  -231.21229  -233.15736  4.99985   768
374.00  0.03755  0.03757  0.01078  0.80968  -230.15944  -232.07246  4.99985   768
375.00  0.03754  0.03757  0.01116  0.80968  -229.53993  -231.44685  4.99985   768
376.00  0.03753  0.03757  0.01122  0.80968  -229.40108  -231.27290  4.99985   768
377.00  0.03754  0.03757  0.01092  0.80968  -229.88936  -231.72151  4.99985   768
378.00  0.03753  0.03757  0.01032  0.80968  -230.76826  -232.60347  4.99985   768
379.00  0.03755  0.03757  0.00975  0.80968  -231.66090  -233.50526  4.99985   768
380.00  0.03753  0.03757  0.00939  0.80968  -232.23311  -234.09883  4.99985   768
381.00  0.03753  0.03757  0.00940  0.80968  -232.28041  -234.21785  4.99985   768
382.00  0.03754  0.03757  0.00983  0.80968  -231.64412  -233.58308  4.99985   768
383.00  0.03753  0.03757  0.01061  0.80968  -230.44020  -232.40053  4.99985   768
384.00  0.03753  0.03757  0.01122  0.80968  -229.50789  -231.44685  4.99985   768
385.00  0.03755  0.03757  0.01148  0.80968  -229.08827  -230.98299  4.99985   768
386.00  0.03754  0.03757  0.01134  0.80968  -229.21492  -231.08522  4.99985   768
387.00  0.03752  0.03757  0.01087  0.80968  -229.92445  -231.73677  4.99985   768
388.00  0.03753  0.03757  0.01018  0.80968  -230.98952  -232.80031  4.99985   768
389.00  0.03754  0.03757  0.00967  0.80968  -231.75703  -233.58919  4.99985   768
390.00  0.03754  0.03757  0.00946  0.80968  -232.12324  -233.98744  4.99985   768
391.00  0.03754  0.03757  0.00967  0.80968  -231.85622  -233.78145  4.99985   768
392.00  0.03754  0.03757  0.01032  0.80968  -230.89339  -232.83845  4.99985   768
393.00  0.03753  0.03757  0.01086  0.80968  -230.03584  -231.97023  4.99985   768
394.00  0.03753  0.03757  0.01130  0.80968  -229.31105  -231.21950  4.99985   768
395.00  0.03753  0.03757  0.01136  0.80968  -229.24544  -231.13863  4.99985   768
396.00  0.03753  0.03757  0.01106  0.80968  -229.62996  -231.47737  4.99985   768
397.00  0.03752  0.03757  0.01043  0.80968  -230.60499  -232.45088  4.99985   768
398.00  0.03753  0.03757  0.00984  0.80968  -231.49763  -233.33742  4.99985   768
399.00  0.03753  0.03757  0.00942  0.80968  -232.19343  -234.05916  4.99985   768
400.00  0.03754  0.03757  0.00950  0.80968  -232.11561  -234.02711  4.99985   768
401.00  0.03753  0.03757  0.00991  0.80968  -231.49000  -233.41981  4.99985   768
402.00  0.03752  0.03757  0.01053  0.80968  -230.59889  -232.54243  4.99985   768
403.00  0.03753  0.03757  0.01105  0.80968  -229.74135  -231.65590  4.99985   768
404.00  0.03753  0.03757  0.01130  0.80968  -229.31410  -231.20424  4.99985   768
405.00  0.03754  0.03757  0.01118  0.80968  -229.49568  -231.34767  4.99985   768
406.00  0.03752  0.03757  0.01071  0.80968  -230.15181  -231.97633  4.99985   768
407.00  0.03754  0.03757  0.01009  0.80968  -231.10701  -232.92390  4.99985   768
408.00  0.03753  0.03757  0.00954  0.80968  -231.96455  -233.78908  4.99985   768
409.00  0.03752  0.03757  0.00936  0.80968  -232.30940  -234.19801  4.99985   768
410.00  0.03752  0.03757  0.00961  0.80968  -231.94472  -233.87758  4.99985   768
411.00  0.03753  0.03757  0.01022  0.80968  -231.06886  -233.01851  4.99985   768
412.00  0.03753  0.03757  0.01089  0.80968  -230.00685  -231.96107  4.99985   768
413.00  0.03753  0.03757  0.01132  0.80968  -229.32020  -231.24391  4.99985   768
414.00  0.03751  0.03757  0.01135  0.80968  -229.25459  -231.14931  4.99985   768
415.00  0.03753  0.03757  0.01095  0.80968  -229.80086  -231.64217  4.99985   768
416.00  0.03753  0.03757  0.01036  0.80968  -230.70875  -232.54396  4.99985   768
417.00  0.03752  0.03757  0.00979  0.80968  -231.60445  -233.45186  4.99985   768
418.00  0.03752  0.03757  0.00959  0.80968  -231.91420  -233.78755  4.99985   768
419.00  0.03751  0.03757  0.00956  0.80968  -231.98592  -233.89131  4.99985   768
420.00  0.03752  0.03757  0.00997  0.80968  -231.41524  -233.34505  4.99985   768
421.00  0.03752  0.03757  0.01060  0.80968  -230.44325  -232.35933  4.99985   768
422.00  0.03753  0.03757  0.01113  0.80968  -229.62385  -231.53230  4.99985   768
423.00  0.03752  0.03757  0.01137  0.80968  -229.20271  -231.09285  4.99985   768
424.00  0.03751  0.03757  0.01122  0.80968  -229.40718  -231.25612  4.99985   768
425.00  0.03753  0.03757  0.01065  0.80968  -230.24641  -232.06483  4.99985   768
426.00  0.03753  0.03757  0.01003  0.80968  -231.21840  -233.04903  4.99985   768
427.00  0.03752  0.03757  0.00950  0.80968  -232.04085  -233.87147  4.99985   768
428.00  0.03751  0.03757  0.00942  0.80968  -232.22853  -234.13850  4.99985   768
429.00  0.03752  0.03757  0.00963  0.80968  -231.92641  -233.83790  4.99985   768
430.00  0.03752  0.03757  0.01022  0.80968  -231.04445  -232.99715  4.99985   768
431.00  0.03752  0.03757  0.01086  0.80968  -230.11061  -232.07246  4.99985   768
432.00  0.03753  0.03757  0.01127  0.80968  -229.37208  -231.29121  4.99985   768
433.00  0.03752  0.03757  0.01138  0.80968  -229.23628  -231.12642  4.99985   768
434.00  0.03753  0.03757  0.01104  0.80968  -229.63454  -231.47127  4.99985   768
435.00  0.03753  0.03757  0.01057  0.80968  -230.44936  -232.28761  4.99985   768
436.00  0.03751  0.03757  0.00999  0.80968  -231.27180  -233.09328  4.99985   768
437.00  0.03752  0.03757  0.00967  0.80968  -231.81349  -233.69600  4.99985   768
438.00  0.03751  0.03757  0.00971  0.80968  -231.76314  -233.65633  4.99985   768
439.00  0.03752  0.03757  0.01016  0.80968  -231.11464  -233.03987  4.99985   768
440.00  0.03752  0.03757  0.01073  0.80968  -230.26015  -232.19606  4.99985   768
441.00  0.03752  0.03757  0.01121  0.80968  -229.48347  -231.39650  4.99985   768
442.00  0.03751  0.03757  0.01138  0.80968  -229.22255  -231.11116  4.99985   768
443.00  0.03752  0.03757  0.01122  0.80968  -229.39802  -231.25917  4.99985   768
444.00  0.03752  0.03757  0.01077  0.80968  -230.08925  -231.92598  4.99985   768
445.00  0.03751  0.03757  0.01023  0.80968  -230.91780  -232.77284  4.99985   768
446.00  0.03751  0.03757  0.00968  0.80968  -231.76161  -233.61513  4.99985   768
447.00  0.03751  0.03757  0.00951  0.80968  -232.06526  -233.94319  4.99985   768
448.00  0.03752  0.03757  0.00976  0.80968  -231.70668  -233.64412  4.99985   768
449.00  0.03751  0.03757  0.01032  0.80968  -230.85982  -232.80488  4.99985   768
450.00  0.03751  0.03757  0.01082  0.80968  -230.15028  -232.08009  4.99985   768
451.00  0.03751  0.03757  0.01114  0.80968  -229.56740  -231.47890  4.99985   768
452.00  0.03751  0.03757  0.01118  0.80968  -229.51704  -231.38887  4.99985   768
453.00  0.03751  0.03757  0.01079  0.80968  -230.02211  -231.83900  4.99985   768
454.00  0.03752  0.03757  0.01025  0.80968  -230.85371  -232.66908  4.99985   768
455.00  0.03752  0.03757  0.00978  0.80968  -231.61513  -233.46712  4.99985   768
456.00  0.03752  0.03757  0.00945  0.80968  -232.12935  -233.95692  4.99985   768
457.00  0.03752  0.03757  0.00947  0.80968  -232.13850  -234.04085  4.99985   768
458.00  0.03751  0.03757  0.01001  0.80968  -231.33131  -233.26570  4.99985   768
459.00  0.03753  0.03757  0.01062  0.80968  -230.42494  -232.36848  4.99985   768
460.00  0.03750  0.03757  0.01115  0.80968  -229.57655  -231.50026  4.99985   768
461.00  0.03751  0.03757  0.01131  0.80968  -229.33699  -231.22407  4.99985   768
462.00  0.03751  0.03757  0.01112  0.80968  -229.55824  -231.43617  4.99985   768
463.00  0.03751  0.03757  0.01066  0.80968  -230.23268  -232.06483  4.99985   768
464.00  0.03750  0.03757  0.01003  0.80968  -231.22298  -233.05971  4.99985   768
465.00  0.03751  0.03757  0.00967  0.80968  -231.82417  -233.70363  4.99985   768
466.00  0.03750  0.03757  0.00960  0.80968  -231.94319  -233.84401  4.99985   768
467.00  0.03750  0.03757  0.00989  0.80968  -231.53273  -233.46559  4.99985   768
468.00  0.03751  0.03757  0.01047  0.80968  -230.67366  -232.60805  4.99985   768
469.00  0.03753  0.03757  0.01106  0.80968  -229.69252  -231.64369  4.99985   768
470.00  0.03751  0.03757  0.01141  0.80968  -229.14015  -231.03487  4.99985   768
471.00  0.03751  0.03757  0.01145  0.80968  -229.07149  -230.91737  4.99985   768
472.00  0.03752  0.03757  0.01097  0.80968  -229.76271  -231.58723  4.99985   768
473.00  0.03751  0.03757  0.01035  0.80968  -230.68434  -232.49208  4.99985   768
474.00  0.03751  0.03757  0.00969  0.80968  -231.71889  -233.54036  4.99985   768
475.00  0.03753  0.03757  0.00953  0.80968  -232.01796  -233.89741  4.99985   768
476.00  0.03751  0.03757  0.00963  0.80968  -231.91420  -233.81349  4.99985   768
477.00  0.03750  0.03757  0.01011  0.80968  -231.21077  -233.15126  4.99985   768
478.00  0.03751  0.03757  0.01071  0.80968  -230.27235  -232.20064  4.99985   768
479.00  0.03751  0.03757  0.01116  0.80968  -229.58723  -231.51857  4.99985   768
480.00  0.03750  0.03757  0.01131  0.80968  -229.27901  -231.17677  4.99985   768
481.00  0.03751  0.03757  0.01106  0.80968  -229.66963  -231.53993  4.99985   768
482.00  0.03750  0.03757  0.01055  0.80968  -230.42036  -232.26778  4.99985   768
483.00  0.03751  0.03757  0.00993  0.80968  -231.36336  -233.19398  4.99985   768
484.00  0.03751  0.03757  0.00953  0.80968  -231.97676  -233.85164  4.99985   768
485.00  0.03751  0.03757  0.00945  0.80968  -232.16749  -234.06679  4.99985   768
486.00  0.03752  0.03757  0.00985  0.80968  -231.58461  -233.51594  4.99985   768
487.00  0.03751  0.03757  0.01054  0.80968  -230.52107  -232.47377  4.99985   768
488.00  0.03749  0.03757  0.01109  0.80968  -229.67421  -231.58418  4.99985   768
489.00  0.03751  0.03757  0.01135  0.80968  -229.24696  -231.13405  4.99985   768
490.00  0.03750  0.03757  0.01131  0.80968  -229.28511  -231.14778  4.99985   768
491.00  0.03751  0.03757  0.01089  0.80968  -229.87105  -231.69099  4.99985   768
492.00  0.03751  0.03757  0.01034  0.80968  -230.70723  -232.53175  4.99985   768
493.00  0.03751  0.03757  0.00979  0.80968  -231.56172  -233.40150  4.99985   768
494.00  0.03750  0.03757  0.00947  0.80968  -232.10799  -233.98439  4.99985   768
495.00  0.03751  0.03757  0.00961  0.80968  -231.94624  -233.86537  4.99985   768
496.00  0.03750  0.03757  0.01019  0.80968  -231.10548  -233.06886  4.99985   768
497.00  0.03750  0.03757  0.01072  0.80968  -230.23115  -232.17775  4.99985   768
498.00  0.03751  0.03757  0.01130  0.80968  -229.36293  -231.31105  4.99985   768
499.00  0.03751  0.03757  0.01138  0.80968  -229.20119  -231.10200  4.99985   768
500.00  0.03749  0.03757  0.01114  0.80968  -229.53230  -231.38734  4.99985   768
501.00  0.03751  0.03757  0.01056  0.80968  -230.37306  -232.17775  4.99985   768
502.00  0.03751  0.03757  0.00998  0.80968  -231.29317  -233.12990  4.99985   768
503.00  0.03750  0.03757  0.00956  0.80968  -231.97829  -233.83028  4.99985   768
504.00  0.03749  0.03757  0.00947  0.80968  -232.14155  -234.00728  4.99985   768
505.00  0.03750  0.03757  0.00981  0.80968  -231.61665  -233.54188  4.99985   768
506.00  0.03750  0.03757  0.01047  0.80968  -230.63551  -232.56532  4.99985   768
507.00  0.03751  0.03757  0.01108  0.80968  -229.72456  -231.66200  4.99985   768
508.00  0.03751  0.03757  0.01138  0.80968  -229.21034  -231.10048  4.99985   768
509.00  0.03751  0.03757  0.01139  0.80968  -229.16609  -231.03029  4.99985   768
510.00  0.03749  0.03757  0.01100  0.80968  -229.72304  -231.54603  4.99985   768
511.00  0.03751  0.03757  0.01028  0.80968  -230.80946  -232.62788  4.99985   768
512.00  0.03750  0.03757  0.00972  0.80968  -231.69752  -233.55867  4.99985   768
513.00  0.03750  0.03757  0.00948  0.80968  -232.09120  -233.96760  4.99985   768
514.00  0.03750  0.03757  0.00956  0.80968  -232.02864  -233.94319  4.99985   768
515.00  0.03748  0.03757  0.01019  0.80968  -231.13447  -233.10853  4.99985   768
516.00  0.03749  0.03757  0.01089  0.80968  -230.02974  -231.96870  4.99985   768
517.00  0.03750  0.03757  0.01128  0.80968  -229.38887  -231.31258  4.99985   768
518.00  0.03750  0.03757  0.01145  0.80968  -229.12337  -231.01655  4.99985   768
519.00  0.03750  0.03757  0.01133  0.80968  -229.24849  -231.12642  4.99985   768
520.00  0.03750  0.03757  0.01076  0.80968  -230.04652  -231.86342  4.99985   768
521.00  0.03750  0.03757  0.01007  0.80968  -231.11006  -232.92390  4.99985   768
522.00  0.03751  0.03757  0.00959  0.80968  -231.91267  -233.74025  4.99985   768
523.00  0.03750  0.03757  0.00950  0.80968  -232.10036  -233.96913  4.99985   768
524.00  0.03748  0.03757  0.00987  0.80968  -231.55104  -233.48238  4.99985   768
525.00  0.03751  0.03757  0.01053  0.80968  -230.55464  -232.50429  4.99985   768
526.00  0.03749  0.03757  0.01105  0.80968  -229.77797  -231.69099  4.99985   768
527.00  0.03749  0.03757  0.01136  0.80968  -229.23628  -231.13557  4.99985   768
528.00  0.03749  0.03757  0.01131  0.80968  -229.28358  -231.17830  4.99985   768
529.00  0.03751  0.03757  0.01091  0.80968  -229.86494  -231.69557  4.99985   768
530.00  0.03748  0.03757  0.01034  0.80968  -230.72096  -232.53786  4.99985   768
531.00  0.03750  0.03757  0.00969  0.80968  -231.75551  -233.63191  4.99985   768
532.00  0.03750  0.03757  0.00950  0.80968  -232.07747  -233.96150  4.99985   768
533.00  0.03749  0.03757  0.00959  0.80968  -231.99202  -233.90504  4.99985   768
534.00  0.03749  0.03757  0.01008  0.80968  -231.25197  -233.18025  4.99985   768
535.00  0.03750  0.03757  0.01079  0.80968  -230.17012  -232.13197  4.99985   768
536.00  0.03749  0.03757  0.01115  0.80968  -229.57045  -231.45601  4.99985   768
537.00  0.03750  0.03757  0.01133  0.80968  -229.27138  -231.15083  4.99985   768
538.00  0.03749  0.03757  0.01104  0.80968  -229.65285  -231.49873  4.99985   768
539.00  0.03750  0.03757  0.01048  0.80968  -230.51192  -232.31508  4.99985   768
540.00  0.03750  0.03757  0.00987  0.80968  -231.46101  -233.28706  4.99985   768
541.00  0.03748  0.03757  0.00957  0.80968  -231.93251  -233.79365  4.99985   768
542.00  0.03751  0.03757  0.00954  0.80968  -232.05000  -233.93251  4.99985   768
543.00  0.03749  0.03757  0.00987  0.80968  -231.53883  -233.48390  4.99985   768
544.00  0.03749  0.03757  0.01047  0.80968  -230.68281  -232.61110  4.99985   768
545.00  0.03750  0.03757  0.01103  0.80968  -229.81306  -231.77186  4.99985   768
546.00  0.03750  0.03757  0.01130  0.80968  -229.30647  -231.21797  4.99985   768
547.00  0.03749  0.03757  0.01128  0.80968  -229.33546  -231.23018  4.99985   768
548.00  0.03750  0.03757  0.01088  0.80968  -229.95039  -231.81612  4.99985   768
549.00  0.03749  0.03757  0.01036  0.80968  -230.70113  -232.53938  4.99985   768
550.00  0.03750  0.03757  0.00980  0.80968  -231.56630  -233.41218  4.99985   768
551.00  0.03749  0.03757  0.00959  0.80968  -231.97829  -233.86384  4.99985   768
552.00  0.03750  0.03757  0.00978  0.80968  -231.67616  -233.57393  4.99985   768
553.00  0.03749  0.03757  0.01026  0.80968  -230.97578  -232.88881  4.99985   768
554.00  0.03749  0.03757  0.01087  0.80968  -230.05720  -231.99159  4.99985   768
555.00  0.03750  0.03757  0.01136  0.80968  -229.26375  -231.19661  4.99985   768
556.00  0.03749  0.03757  0.01139  0.80968  -229.12947  -230.99214  4.99985   768
557.00  0.03748  0.03757  0.01110  0.80968  -229.56129  -231.37971  4.99985   768
558.00  0.03749  0.03757  0.01055  0.80968  -230.40663  -232.24946  4.99985   768
559.00  0.03749  0.03757  0.00999  0.80968  -231.25960  -233.10548  4.99985   768
560.00  0.03750  0.03757  0.00948  0.80968  -232.05763  -233.88978  4.99985   768
561.00  0.03748  0.03757  0.00956  0.80968  -232.03474  -233.94929  4.99985   768
562.00  0.03748  0.03757  0.00994  0.80968  -231.44575  -233.37404  4.99985   768
563.00  0.03750  0.03757  0.01054  0.80968  -230.56837  -232.55311  4.99985   768
564.00  0.03749  0.03757  0.01106  0.80968  -229.74135  -231.66200  4.99985   768
565.00  0.03750  0.03757  0.01131  0.80968  -229.33089  -231.24849  4.99985   768
566.00  0.03748  0.03757  0.01119  0.80968  -229.46059  -231.33852  4.99985   768
567.00  0.03749  0.03757  0.01076  0.80968  -230.07857  -231.91225  4.99985   768
568.00  0.03750  0.03757  0.01022  0.80968  -230.87508  -232.71181  4.99985   768
569.00  0.03748  0.03757  0.00959  0.80968  -231.95082  -233.78603  4.99985   768
570.00  0.03748  0.03757  0.00949  0.80968  -232.09273  -233.96608  4.99985   768
571.00  0.03749  0.03757  0.00973  0.80968  -231.78145  -233.68379  4.99985   768
572.00  0.03749  0.03757  0.01027  0.80968  -230.93611  -232.87202  4.99985   768
573.00  0.03749  0.03757  0.01079  0.80968  -230.13808  -232.03126  4.99985   768
574.00  0.03750  0.03757  0.01129  0.80968  -229.38582  -231.29426  4.99985   768
575.00  0.03749  0.03757  0.01135  0.80968  -229.21797  -231.10506  4.99985   768
576.00  0.03749  0.03757  0.01106  0.80968  -229.66658  -231.51552  4.99985   768
577.00  0.03748  0.03757  0.01052  0.80968  -230.45698  -232.27693  4.99985   768
578.00  0.03748  0.03757  0.00996  0.80968  -231.32368  -233.14973  4.99985   768
579.00  0.03749  0.03757  0.00957  0.80968  -231.95692  -233.83028  4.99985   768
580.00  0.03750  0.03757  0.00965  0.80968  -231.86537  -233.77840  4.99985   768
581.00  0.03748  0.03757  0.01002  0.80968  -231.34352  -233.31148  4.99985   768
582.00  0.03749  0.03757  0.01065  0.80968  -230.38222  -232.32423  4.99985   768
583.00  0.03749  0.03757  0.01122  0.80968  -229.47584  -231.42854  4.99985   768
584.00  0.03748  0.03757  0.01141  0.80968  -229.11879  -231.00740  4.99985   768
585.00  0.03749  0.03757  0.01134  0.80968  -229.24544  -231.12489  4.99985   768
586.00  0.03749  0.03757  0.01092  0.80968  -229.83290  -231.66505  4.99985   768
587.00  0.03749  0.03757  0.01025  0.80968  -230.87660  -232.69960  4.99985   768
588.00  0.03749  0.03757  0.00970  0.80968  -231.69905  -233.52663  4.99985   768
589.00  0.03749  0.03757  0.00953  0.80968  -232.04085  -233.91115  4.99985   768
590.00  0.03749  0.03757  0.00976  0.80968  -231.71278  -233.61207  4.99985   768
591.00  0.03750  0.03757  0.01029  0.80968  -230.92085  -232.86134  4.99985   768
592.00  0.03748  0.03757  0.01101  0.80968  -229.82985  -231.76424  4.99985   768
593.00  0.03749  0.03757  0.01136  0.80968  -229.22407  -231.13863  4.99985   768
594.00  0.03749  0.03757  0.01140  0.80968  -229.19356  -231.06843  4.99985   768
595.00  0.03749  0.03757  0.01106  0.80968  -229.65285  -231.50941  4.99985   768
596.00  0.03749  0.03757  0.01043  0.80968  -230.60194  -232.43410  4.99985   768
597.00  0.03748  0.03757  0.00982  0.80968  -231.55409  -233.38930  4.99985   768
598.00  0.03749  0.03757  0.00955  0.80968  -232.02559  -233.89589  4.99985   768
599.00  0.03748  0.03757  0.00964  0.80968  -231.89741  -233.80891  4.99985   768
600.00  0.03749  0.03757  0.01005  0.80968  -231.28554  -233.21992  4.99985   768
601.00  0.03748  0.03757  0.01070  0.80968  -230.29524  -232.24336  4.99985   768
602.00  0.03748  0.03757  0.01118  0.80968  -229.56282  -231.47890  4.99985   768
603.00  0.03748  0.03757  0.01141  0.80968  -229.12642  -231.00435  4.99985   768
604.00  0.03750  0.03757  0.01129  0.80968  -229.29274  -231.16151  4.99985   768
605.00  0.03750  0.03757  0.01080  0.80968  -230.02821  -231.84358  4.99985   768
606.00  0.03749  0.03757  0.01016  0.80968  -230.98952  -232.78963  4.99985   768
607.00  0.03749  0.03757  0.00969  0.80968  -231.76771  -233.59682  4.99985   768
608.00  0.03748  0.03757  0.00963  0.80968  -231.90199  -233.80281  4.99985   768
609.00  0.03748  0.03757  0.00982  0.80968  -231.61207  -233.52663  4.99985   768
610.00  0.03749  0.03757  0.01038  0.80968  -230.77284  -232.71944  4.99985   768
611.00  0.03748  0.03757  0.01104  0.80968  -229.78560  -231.72456  4.99985   768
612.00  0.03748  0.03757  0.01139  0.80968  -229.20424  -231.12184  4.99985   768
613.00  0.03749  0.03757  0.01137  0.80968  -229.23323  -231.13100  4.99985   768
614.00  0.03749  0.03757  0.01105  0.80968  -229.66200  -231.51857  4.99985   768
615.00  0.03749  0.03757  0.01052  0.80968  -230.46309  -232.30440  4.99985   768
616.00  0.03749  0.03757  0.00990  0.80968  -231.40150  -233.23518  4.99985   768
617.00  0.03748  0.03757  0.00951  0.80968  -232.03627  -233.90962  4.99985   768
618.00  0.03749  0.03757  0.00956  0.80968  -232.03932  -233.94472  4.99985   768
619.00  0.03747  0.03757  0.01001  0.80968  -231.37709  -233.30232  4.99985   768
620.00  0.03747  0.03757  0.01065  0.80968  -230.36391  -232.29066  4.99985   768
621.00  0.03747  0.03757  0.01120  0.80968  -229.48347  -231.41939  4.99985   768
622.00  0.03749  0.03757  0.01144  0.80968  -229.13710  -231.03944  4.99985   768
623.00  0.03748  0.03757  0.01126  0.80968  -229.28816  -231.10811  4.99985   768
624.00  0.03748  0.03757  0.01064  0.80968  -230.29524  -232.10298  4.99985   768
625.00  0.03748  0.03757  0.01004  0.80968  -231.21077  -233.05208  4.99985   768
626.00  0.03746  0.03757  0.00958  0.80968  -231.94319  -233.78145  4.99985   768
627.00  0.03749  0.03757  0.00943  0.80968  -232.18581  -234.07442  4.99985   768
628.00  0.03748  0.03757  0.00969  0.80968  -231.84553  -233.78603  4.99985   768
629.00  0.03749  0.03757  0.01027  0.80968  -230.95747  -232.90102  4.99985   768
630.00  0.03748  0.03757  0.01097  0.80968  -229.90004  -231.85579  4.99985   768
631.00  0.03749  0.03757  0.01141  0.80968  -229.20424  -231.13100  4.99985   768
632.00  0.03748  0.03757  0.01151  0.80968  -228.96467  -230.83803  4.99985   768
633.00  0.03748  0.03757  0.01117  0.80968  -229.50026  -231.34767  4.99985   768
634.00  0.03748  0.03757  0.01051  0.80968  -230.45241  -232.27388  4.99985   768
635.00  0.03747  0.03757  0.00992  0.80968  -231.37099  -233.20161  4.99985   768
636.00  0.03747  0.03757  0.00955  0.80968  -231.96455  -233.82417  4.99985   768
637.00  0.03748  0.03757  0.00967  0.80968  -231.82417  -233.71736  4.99985   768
638.00  0.03748  0.03757  0.01015  0.80968  -231.15431  -233.08870  4.99985   768
639.00  0.03749  0.03757  0.01078  0.80968  -230.15486  -232.07399  4.99985   768
640.00  0.03748  0.03757  0.01127  0.80968  -229.40413  -231.32631  4.99985   768
641.00  0.03747  0.03757  0.01150  0.80968  -229.01045  -230.88533  4.99985   768
642.00  0.03748  0.03757  0.01131  0.80968  -229.29121  -231.13863  4.99985   768
643.00  0.03746  0.03757  0.01082  0.80968  -229.99159  -231.80238  4.99985   768
644.00  0.03749  0.03757  0.01011  0.80968  -231.12379  -232.93001  4.99985   768
645.00  0.03747  0.03757  0.00960  0.80968  -231.91115  -233.76466  4.99985   768
646.00  0.03748  0.03757  0.00947  0.80968  -232.14003  -234.01948  4.99985   768
647.00  0.03747  0.03757  0.00969  0.80968  -231.86079  -233.80739  4.99985   768
648.00  0.03748  0.03757  0.01031  0.80968  -230.93458  -232.89644  4.99985   768
649.00  0.03748  0.03757  0.01091  0.80968  -229.96870  -231.91988  4.99985   768
650.00  0.03747  0.03757  0.01131  0.80968  -229.31563  -231.22560  4.99985   768
651.00  0.03748  0.03757  0.01123  0.80968  -229.37666  -231.23476  4.99985   768
652.00  0.03748  0.03757  0.01095  0.80968  -229.82832  -231.69099  4.99985   768
653.00  0.03748  0.03757  0.01028  0.80968  -230.79573  -232.60652  4.99985   768
654.00  0.03747  0.03757  0.00968  0.80968  -231.74177  -233.56782  4.99985   768
655.00  0.03749  0.03757  0.00936  0.80968  -232.29414  -234.17055  4.99985   768
656.00  0.03748  0.03757  0.00944  0.80968  -232.18428  -234.07136  4.99985   768
657.00  0.03748  0.03757  0.00992  0.80968  -231.50832  -233.43355  4.99985   768
658.00  0.03747  0.03757  0.01062  0.80968  -230.43257  -232.36848  4.99985   768
659.00  0.03748  0.03757  0.01122  0.80968  -229.47737  -231.40871  4.99985   768
660.00  0.03748  0.03757  0.01143  0.80968  -229.12184  -231.01198  4.99985   768
661.00  0.03750  0.03757  0.01124  0.80968  -229.37514  -231.24391  4.99985   768
662.00  0.03748  0.03757  0.01077  0.80968  -230.06941  -231.89699  4.99985   768
663.00  0.03748  0.03757  0.01021  0.80968  -230.95747  -232.78810  4.99985   768
664.00  0.03748  0.03757  0.00969  0.80968  -231.74940  -233.60445  4.99985   768
665.00  0.03748  0.03757  0.00960  0.80968  -231.93098  -233.84553  4.99985   768
666.00  0.03748  0.03757  0.00972  0.80968  -231.77992  -233.72499  4.99985   768
667.00  0.03748  0.03757  0.01043  0.80968  -230.73164  -232.68281  4.99985   768
668.00  0.03748  0.03757  0.01105  0.80968  -229.78407  -231.71388  4.99985   768
669.00  0.03747  0.03757  0.01134  0.80968  -229.22407  -231.12031  4.99985   768
670.00  0.03748  0.03757  0.01146  0.80968  -229.08980  -230.95705  4.99985   768
671.00  0.03748  0.03757  0.01109  0.80968  -229.54756  -231.39040  4.99985   768
672.00  0.03748  0.03757  0.01052  0.80968  -230.43410  -232.24184  4.99985   768
673.00  0.03748  0.03757  0.00987  0.80968  -231.47169  -233.28859  4.99985   768
674.00  0.03747  0.03757  0.00957  0.80968  -231.94472  -233.80739  4.99985   768
675.00  0.03748  0.03757  0.00970  0.80968  -231.79060  -233.68684  4.99985   768
676.00  0.03748  0.03757  0.01015  0.80968  -231.14821  -233.08565  4.99985   768
677.00  0.03746  0.03757  0.01086  0.80968  -230.08772  -232.04957  4.99985   768
678.00  0.03749  0.03757  0.01124  0.80968  -229.44685  -231.35683  4.99985   768
679.00  0.03747  0.03757  0.01138  0.80968  -229.18745  -231.08827  4.99985   768
680.00  0.03747  0.03757  0.01115  0.80968  -229.53688  -231.39955  4.99985   768
681.00  0.03747  0.03757  0.01065  0.80968  -230.27693  -232.12282  4.99985   768
682.00  0.03747  0.03757  0.01001  0.80968  -231.24892  -233.09022  4.99985   768
683.00  0.03747  0.03757  0.00957  0.80968  -231.94014  -233.80739  4.99985   768
684.00  0.03748  0.03757  0.00956  0.80968  -231.99507  -233.89131  4.99985   768
685.00  0.03748  0.03757  0.00981  0.80968  -231.63649  -233.56020  4.99985   768
686.00  0.03747  0.03757  0.01039  0.80968  -230.76979  -232.71486  4.99985   768
687.00  0.03748  0.03757  0.01088  0.80968  -229.97481  -231.88478  4.99985   768
688.00  0.03747  0.03757  0.01124  0.80968  -229.43007  -231.34309  4.99985   768
689.00  0.03748  0.03757  0.01123  0.80968  -229.38429  -231.25154  4.99985   768
690.00  0.03747  0.03757  0.01080  0.80968  -230.01601  -231.82680  4.99985   768
691.00  0.03747  0.03757  0.01023  0.80968  -230.89491  -232.71791  4.99985   768
692.00  0.03749  0.03757  0.00973  0.80968  -231.70973  -233.54036  4.99985   768
693.00  0.03745  0.03757  0.00940  0.80968  -232.22700  -234.10646  4.99985   768
694.00  0.03748  0.03757  0.00964  0.80968  -231.88368  -233.79213  4.99985   768
695.00  0.03748  0.03757  0.01020  0.80968  -231.09633  -233.05818  4.99985   768
696.00  0.03748  0.03757  0.01078  0.80968  -230.15639  -232.09840  4.99985   768
697.00  0.03746  0.03757  0.01115  0.80968  -229.59639  -231.50178  4.99985   768
698.00  0.03747  0.03757  0.01134  0.80968  -229.26985  -231.16304  4.99985   768
699.00  0.03746  0.03757  0.01115  0.80968  -229.51247  -231.39192  4.99985   768
700.00  0.03747  0.03757  0.01065  0.80968  -230.30440  -232.13960  4.99985   768
701.00  0.03748  0.03757  0.01004  0.80968  -231.16499  -232.99867  4.99985   768
702.00  0.03746  0.03757  0.00959  0.80968  -231.90962  -233.77229  4.99985   768
703.00  0.03746  0.03757  0.00957  0.80968  -231.99354  -233.87453  4.99985   768
704.00  0.03747  0.03757  0.00994  0.80968  -231.45033  -233.37404  4.99985   768
705.00  0.03746  0.03757  0.01053  0.80968  -230.53938  -232.47224  4.99985   768
706.00  0.03746  0.03757  0.01102  0.80968  -229.78560  -231.69099  4.99985   768
707.00  0.03746  0.03757  0.01131  0.80968  -229.29121  -231.19356  4.99985   768
708.00  0.03747  0.03757  0.01124  0.80968  -229.36751  -231.22560  4.99985   768
709.00  0.03746  0.03757  0.01097  0.80968  -229.76271  -231.59944  4.99985   768
710.00  0.03746  0.03757  0.01037  0.80968  -230.67061  -232.49361  4.99985   768
711.00  0.03747  0.03757  0.00977  0.80968  -231.64412  -233.48848  4.99985   768
712.00  0.03747  0.03757  0.00957  0.80968  -231.95998  -233.85164  4.99985   768
713.00  0.03746  0.03757  0.00962  0.80968  -231.91878  -233.83790  4.99985   768
714.00  0.03748  0.03757  0.01012  0.80968  -231.18635  -233.14668  4.99985   768
715.00  0.03746  0.03757  0.01086  0.80968  -230.08620  -232.03737  4.99985   768
716.00  0.03746  0.03757  0.01127  0.80968  -229.38734  -231.30647  4.99985   768
717.00  0.03747  0.03757  0.01128  0.80968  -229.33089  -231.22407  4.99985   768
718.00  0.03747  0.03757  0.01104  0.80968  -229.67879  -231.53688  4.99985   768
719.00  0.03746  0.03757  0.01058  0.80968  -230.32118  -232.14723  4.99985   768
720.00  0.03748  0.03757  0.00987  0.80968  -231.42439  -233.21535  4.99985   768
721.00  0.03746  0.03757  0.00953  0.80968  -231.99965  -233.86384  4.99985   768
722.00  0.03746  0.03757  0.00947  0.80968  -232.12935  -234.01643  4.99985   768
723.00  0.03747  0.03757  0.00982  0.80968  -231.64412  -233.55867  4.99985   768
724.00  0.03747  0.03757  0.01045  0.80968  -230.68587  -232.62178  4.99985   768
725.00  0.03747  0.03757  0.01108  0.80968  -229.70778  -231.63301  4.99985   768
726.00  0.03748  0.03757  0.01138  0.80968  -229.17372  -231.07149  4.99985   768
727.00  0.03746  0.03757  0.01135  0.80968  -229.19356  -231.08522  4.99985   768
728.00  0.03748  0.03757  0.01098  0.80968  -229.76881  -231.59486  4.99985   768
729.00  0.03747  0.03757  0.01028  0.80968  -230.80183  -232.62636  4.99985   768
730.00  0.03746  0.03757  0.00971  0.80968  -231.72652  -233.58308  4.99985   768
731.00  0.03747  0.03757  0.00950  0.80968  -232.08968  -233.97523  4.99985   768
732.00  0.03746  0.03757  0.00966  0.80968  -231.88216  -233.80586  4.99985   768
733.00  0.03748  0.03757  0.01028  0.80968  -230.96815  -232.93001  4.99985   768
734.00  0.03747  0.03757  0.01095  0.80968  -229.94124  -231.86647  4.99985   768
735.00  0.03746  0.03757  0.01135  0.80968  -229.23933  -231.15694  4.99985   768
736.00  0.03747  0.03757  0.01149  0.80968  -229.03029  -230.89906  4.99985   768
737.00  0.03746  0.03757  0.01122  0.80968  -229.40718  -231.25459  4.99985   768
738.00  0.03746  0.03757  0.01068  0.80968  -230.16554  -231.97481  4.99985   768
739.00  0.03747  0.03757  0.01008  0.80968  -231.10701  -232.94221  4.99985   768
740.00  0.03747  0.03757  0.00960  0.80968  -231.91267  -233.73872  4.99985   768
741.00  0.03746  0.03757  0.00956  0.80968  -231.98134  -233.86995  4.99985   768
742.00  0.03747  0.03757  0.00993  0.80968  -231.45186  -233.36793  4.99985   768
743.00  0.03746  0.03757  0.01068  0.80968  -230.34102  -232.31203  4.99985   768
744.00  0.03747  0.03757  0.01124  0.80968  -229.46669  -231.42091  4.99985   768
745.00  0.03747  0.03757  0.01152  0.80968  -229.00130  -230.89143  4.99985   768
746.00  0.03747  0.03757  0.01141  0.80968  -229.12489  -231.00130  4.99985   768
747.00  0.03746  0.03757  0.01098  0.80968  -229.75050  -231.58876  4.99985   768
748.00  0.03747  0.03757  0.01040  0.80968  -230.65993  -232.50886  4.99985   768
749.00  0.03746  0.03757  0.00981  0.80968  -231.55257  -233.40913  4.99985   768
750.00  0.03747  0.03757  0.00957  0.80968  -231.95845  -233.84096  4.99985   768
751.00  0.03746  0.03757  0.00970  0.80968  -231.81654  -233.72804  4.99985   768
752.00  0.03747  0.03757  0.01034  0.80968  -230.85371  -232.80794  4.99985   768
753.00  0.03747  0.03757  0.01093  0.80968  -229.94582  -231.88173  4.99985   768
754.00  0.03747  0.03757  0.01140  0.80968  -229.18440  -231.10353  4.99985   768
755.00  0.03747  0.03757  0.01145  0.80968  -229.03029  -230.86702  4.99985   768
756.00  0.03748  0.03757  0.01125  0.80968  -229.35683  -231.20119  4.99985   768
757.00  0.03746  0.03757  0.01066  0.80968  -230.22963  -232.05568  4.99985   768
758.00  0.03747  0.03757  0.01000  0.80968  -231.25807  -233.08717  4.99985   768
759.00  0.03747  0.03757  0.00966  0.80968  -231.80128  -233.65022  4.99985   768
760.00  0.03745  0.03757  0.00959  0.80968  -231.97218  -233.86079  4.99985   768
761.00  0.03747  0.03757  0.00996  0.80968  -231.46559  -233.40150  4.99985   768
762.00  0.03747  0.03757  0.01054  0.80968  -230.54243  -232.49971  4.99985   768
763.00  0.03747  0.03757  0.01103  0.80968  -229.77034  -231.70015  4.99985   768
764.00  0.03747  0.03757  0.01133  0.80968  -229.30800  -231.23170  4.99985   768
765.00  0.03746  0.03757  0.01135  0.80968  -229.23323  -231.11726  4.99985   768
766.00  0.03746  0.03757  0.01078  0.80968  -230.08925  -231.91225  4.99985   768
767.00  0.03747  0.03757  0.01023  0.80968  -230.90864  -232.73317  4.99985   768
768.00  0.03746  0.03757  0.00970  0.80968  -231.72041  -233.56935  4.99985   768
769.00  0.03747  0.03757  0.00949  0.80968  -232.11104  -233.97676  4.99985   768
770.00  0.03747  0.03757  0.00959  0.80968  -231.95845  -233.85316  4.99985   768
771.00  0.03745  0.03757  0.01019  0.80968  -231.11006  -233.04750  4.99985   768
772.00  0.03747  0.03757  0.01079  0.80968  -230.11824  -232.03889  4.99985   768
773.00  0.03746  0.03757  0.01113  0.80968  -229.56892  -231.47127  4.99985   768
774.00  0.03747  0.03757  0.01132  0.80968  -229.29732  -231.17982  4.99985   768
775.00  0.03745  0.03757  0.01105  0.80968  -229.64522  -231.49415  4.99985   768
776.00  0.03748  0.03757  0.01055  0.80968  -230.42799  -232.26015  4.99985   768
777.00  0.03746  0.03757  0.01001  0.80968  -231.22755  -233.05818  4.99985   768
778.00  0.03745  0.03757  0.00960  0.80968  -231.89894  -233.74940  4.99985   768
779.00  0.03747  0.03757  0.00961  0.80968  -231.92335  -233.85469  4.99985   768
780.00  0.03746  0.03757  0.01012  0.80968  -231.20161  -233.15736  4.99985   768
781.00  0.03745  0.03757  0.01062  0.80968  -230.43104  -232.37001  4.99985   768
782.00  0.03747  0.03757  0.01119  0.80968  -229.55214  -231.50789  4.99985   768
783.00  0.03745  0.03757  0.01151  0.80968  -229.04707  -230.95399  4.99985   768
784.00  0.03745  0.03757  0.01137  0.80968  -229.16151  -231.00740  4.99985   768
785.00  0.03746  0.03757  0.01086  0.80968  -229.95802  -231.79018  4.99985   768
786.00  0.03747  0.03757  0.01035  0.80968  -230.73775  -232.55464  4.99985   768
787.00  0.03745  0.03757  0.00983  0.80968  -231.51137  -233.35878  4.99985   768
788.00  0.03746  0.03757  0.00953  0.80968  -231.97676  -233.83943  4.99985   768
789.00  0.03748  0.03757  0.00971  0.80968  -231.79823  -233.69600  4.99985   768
790.00  0.03747  0.03757  0.01027  0.80968  -230.95595  -232.89186  4.99985   768
791.00  0.03745  0.03757  0.01074  0.80968  -230.18538  -232.10145  4.99985   768
792.00  0.03746  0.03757  0.01120  0.80968  -229.52620  -231.44990  4.99985   768
793.00  0.03745  0.03757  0.01124  0.80968  -229.38429  -231.25764  4.99985   768
794.00  0.03746  0.03757  0.01082  0.80968  -229.99464  -231.84358  4.99985   768
795.00  0.03747  0.03757  0.01031  0.80968  -230.82472  -232.65993  4.99985   768
796.00  0.03746  0.03757  0.00974  0.80968  -231.65480  -233.49611  4.99985   768
797.00  0.03746  0.03757  0.00941  0.80968  -232.19649  -234.06679  4.99985   768
798.00  0.03746  0.03757  0.00944  0.80968  -232.20259  -234.13545  4.99985   768
799.00  0.03747  0.03757  0.00989  0.80968  -231.52815  -233.46559  4.99985   768
800.00  0.03746  0.03757  0.01047  0.80968  -230.65687  -232.60042  4.99985   768
801.00  0.03747  0.03757  0.01101  0.80968  -229.80696  -231.73830  4.99985   768
802.00  0.03745  0.03757  0.01121  0.80968  -229.45448  -231.34614  4.99985   768
803.00  0.03747  0.03757  0.01112  0.80968  -229.54756  -231.39802  4.99985   768
804.00  0.03746  0.03757  0.01067  0.80968  -230.21895  -232.02974  4.99985   768
805.00  0.03746  0.03757  0.01026  0.80968  -230.87202  -232.71638  4.99985   768
806.00  0.03746  0.03757  0.00974  0.80968  -231.66090  -233.49458  4.99985   768
807.00  0.03747  0.03757  0.00957  0.80968  -231.95845  -233.83943  4.99985   768
808.00  0.03745  0.03757  0.00994  0.80968  -231.47017  -233.39235  4.99985   768
809.00  0.03746  0.03757  0.01043  0.80968  -230.69350  -232.61720  4.99985   768
810.00  0.03746  0.03757  0.01094  0.80968  -229.94276  -231.88936  4.99985   768
811.00  0.03747  0.03757  0.01130  0.80968  -229.36140  -231.27748  4.99985   768
812.00  0.03745  0.03757  0.01133  0.80968  -229.27595  -231.15083  4.99985   768
813.00  0.03746  0.03757  0.01106  0.80968  -229.67268  -231.53841  4.99985   768
814.00  0.03746  0.03757  0.01052  0.80968  -230.47987  -232.32423  4.99985   768
815.00  0.03746  0.03757  0.00994  0.80968  -231.34962  -233.18483  4.99985   768
816.00  0.03745  0.03757  0.00958  0.80968  -231.91725  -233.79365  4.99985   768
817.00  0.03748  0.03757  0.00964  0.80968  -231.88521  -233.79671  4.99985   768
818.00  0.03745  0.03757  0.01008  0.80968  -231.25655  -233.19856  4.99985   768
819.00  0.03745  0.03757  0.01068  0.80968  -230.33797  -232.28151  4.99985   768
820.00  0.03746  0.03757  0.01109  0.80968  -229.64522  -231.53688  4.99985   768
821.00  0.03745  0.03757  0.01121  0.80968  -229.46211  -231.33089  4.99985   768
822.00  0.03746  0.03757  0.01103  0.80968  -229.68184  -231.53993  4.99985   768
823.00  0.03746  0.03757  0.01063  0.80968  -230.27540  -232.10145  4.99985   768
824.00  0.03746  0.03757  0.01005  0.80968  -231.17415  -232.98799  4.99985   768
825.00  0.03745  0.03757  0.00958  0.80968  -231.93251  -233.77687  4.99985   768
826.00  0.03745  0.03757  0.00954  0.80968  -232.06221  -233.94166  4.99985   768
827.00  0.03744  0.03757  0.00978  0.80968  -231.67464  -233.60139  4.99985   768
828.00  0.03746  0.03757  0.01039  0.80968  -230.81251  -232.75911  4.99985   768
829.00  0.03746  0.03757  0.01105  0.80968  -229.74440  -231.68642  4.99985   768
830.00  0.03746  0.03757  0.01134  0.80968  -229.26680  -231.18898  4.99985   768
831.00  0.03746  0.03757  0.01140  0.80968  -229.16304  -231.07149  4.99985   768
832.00  0.03746  0.03757  0.01112  0.80968  -229.52772  -231.37514  4.99985   768
833.00  0.03745  0.03757  0.01052  0.80968  -230.47530  -232.31050  4.99985   768
834.00  0.03745  0.03757  0.00999  0.80968  -231.27486  -233.12837  4.99985   768
835.00  0.03747  0.03757  0.00964  0.80968  -231.84401  -233.69905  4.99985   768
836.00  0.03746  0.03757  0.00969  0.80968  -231.84248  -233.73567  4.99985   768
837.00  0.03745  0.03757  0.01011  0.80968  -231.19704  -233.11769  4.99985   768
838.00  0.03746  0.03757  0.01081  0.80968  -230.14571  -232.08009  4.99985   768
839.00  0.03747  0.03757  0.01130  0.80968  -229.35072  -231.25612  4.99985   768
840.00  0.03745  0.03757  0.01139  0.80968  -229.20729  -231.08980  4.99985   768
841.00  0.03746  0.03757  0.01124  0.80968  -229.39650  -231.24238  4.99985   768
842.00  0.03746  0.03757  0.01073  0.80968  -230.09535  -231.92140  4.99985   768
843.00  0.03745  0.03757  0.01003  0.80968  -231.21535  -233.02156  4.99985   768
844.00  0.03746  0.03757  0.00959  0.80968  -231.90199  -233.74940  4.99985   768
845.00  0.03747  0.03757  0.00949  0.80968  -232.10951  -234.02101  4.99985   768
846.00  0.03745  0.03757  0.00970  0.80968  -231.81502  -233.75246  4.99985   768
847.00  0.03746  0.03757  0.01033  0.80968  -230.90254  -232.84914  4.99985   768
848.00  0.03746  0.03757  0.01090  0.80968  -229.98396  -231.93819  4.99985   768
849.00  0.03747  0.03757  0.01124  0.80968  -229.42702  -231.33241  4.99985   768
850.00  0.03745  0.03757  0.01133  0.80968  -229.27901  -231.16609  4.99985   768
851.00  0.03745  0.03757  0.01080  0.80968  -230.02821  -231.86647  4.99985   768
852.00  0.03745  0.03757  0.01027  0.80968  -230.82320  -232.66908  4.99985   768
853.00  0.03745  0.03757  0.00975  0.80968  -231.64412  -233.48848  4.99985   768
854.00  0.03745  0.03757  0.00949  0.80968  -232.06374  -233.92641  4.99985   768
855.00  0.03745  0.03757  0.00956  0.80968  -232.02254  -233.91725  4.99985   768
856.00  0.03745  0.03757  0.01013  0.80968  -231.19551  -233.14363  4.99985   768
857.00  0.03746  0.03757  0.01078  0.80968  -230.13808  -232.07704  4.99985   768
858.00  0.03746  0.03757  0.01131  0.80968  -229.33241  -231.24849  4.99985   768
859.00  0.03747  0.03757  0.01153  0.80968  -228.97383  -230.86244  4.99985   768
860.00  0.03746  0.03757  0.01135  0.80968  -229.21492  -231.04249  4.99985   768
861.00  0.03745  0.03757  0.01073  0.80968  -230.11519  -231.95344  4.99985   768
862.00  0.03747  0.03757  0.01014  0.80968  -231.04140  -232.88576  4.99985   768
863.00  0.03745  0.03757  0.00967  0.80968  -231.81654  -233.68532  4.99985   768
864.00  0.03746  0.03757  0.00952  0.80968  -232.09578  -233.98897  4.99985   768
865.00  0.03745  0.03757  0.01000  0.80968  -231.38167  -233.32826  4.99985   768
866.00  0.03745  0.03757  0.01054  0.80968  -230.56685  -232.50886  4.99985   768
867.00  0.03745  0.03757  0.01110  0.80968  -229.68031  -231.62996  4.99985   768
868.00  0.03746  0.03757  0.01145  0.80968  -229.12489  -231.03792  4.99985   768
869.00  0.03745  0.03757  0.01147  0.80968  -229.06386  -230.90517  4.99985   768
870.00  0.03745  0.03757  0.01104  0.80968  -229.64827  -231.47432  4.99985   768
871.00  0.03745  0.03757  0.01029  0.80968  -230.77589  -232.58821  4.99985   768
872.00  0.03746  0.03757  0.00970  0.80968  -231.72346  -233.55104  4.99985   768
873.00  0.03745  0.03757  0.00934  0.80968  -232.29262  -234.15987  4.99985   768
874.00  0.03745  0.03757  0.00951  0.80968  -232.10799  -234.01491  4.99985   768
875.00  0.03746  0.03757  0.01008  0.80968  -231.24739  -233.17567  4.99985   768
876.00  0.03746  0.03757  0.01067  0.80968  -230.34102  -232.27540  4.99985   768
877.00  0.03747  0.03757  0.01117  0.80968  -229.57655  -231.49721  4.99985   768
878.00  0.03746  0.03757  0.01136  0.80968  -229.21950  -231.11269  4.99985   768
879.00  0.03745  0.03757  0.01105  0.80968  -229.66658  -231.51247  4.99985   768
880.00  0.03746  0.03757  0.01062  0.80968  -230.34712  -232.19148  4.99985   768
881.00  0.03746  0.03757  0.00993  0.80968  -231.36336  -233.20314  4.99985   768
882.00  0.03745  0.03757  0.00954  0.80968  -231.99965  -233.86384  4.99985   768
883.00  0.03745  0.03757  0.00941  0.80968  -232.26820  -234.15987  4.99985   768
884.00  0.03746  0.03757  0.00983  0.80968  -231.66395  -233.60750  4.99985   768
885.00  0.03747  0.03757  0.01046  0.80968  -230.65993  -232.60957  4.99985   768
886.00  0.03745  0.03757  0.01101  0.80968  -229.82069  -231.75203  4.99985   768
887.00  0.03746  0.03757  0.01136  0.80968  -229.23476  -231.12794  4.99985   768
888.00  0.03745  0.03757  0.01128  0.80968  -229.31258  -231.16914  4.99985   768
889.00  0.03745  0.03757  0.01089  0.80968  -229.87715  -231.69557  4.99985   768
890.00  0.03746  0.03757  0.01041  0.80968  -230.61873  -232.44020  4.99985   768
891.00  0.03745  0.03757  0.00982  0.80968  -231.52357  -233.34810  4.99985   768
892.00  0.03746  0.03757  0.00953  0.80968  -232.03169  -233.87300  4.99985   768
893.00  0.03746  0.03757  0.00969  0.80968  -231.78145  -233.68837  4.99985   768
894.00  0.03746  0.03757  0.01022  0.80968  -231.03072  -232.98799  4.99985   768
895.00  0.03746  0.03757  0.01073  0.80968  -230.26167  -232.20979  4.99985   768
896.00  0.03746  0.03757  0.01116  0.80968  -229.56435  -231.50331  4.99985   768
897.00  0.03746  0.03757  0.01126  0.80968  -229.38734  -231.27901  4.99985   768
898.00  0.03746  0.03757  0.01099  0.80968  -229.75050  -231.61317  4.99985   768
899.00  0.03746  0.03757  0.01047  0.80968  -230.54396  -232.38069  4.99985   768
900.00  0.03745  0.03757  0.01001  0.80968  -231.24586  -233.08259  4.99985   768
901.00  0.03745  0.03757  0.00958  0.80968  -231.95692  -233.81654  4.99985   768
902.00  0.03745  0.03757  0.00950  0.80968  -232.09273  -233.96608  4.99985   768
903.00  0.03745  0.03757  0.00993  0.80968  -231.45033  -233.37556  4.99985   768
904.00  0.03745  0.03757  0.01051  0.80968  -230.59431  -232.53480  4.99985   768
905.00  0.03745  0.03757  0.01101  0.80968  -229.82374  -231.71693  4.99985   768
906.00  0.03744  0.03757  0.01130  0.80968  -229.32478  -231.22407  4.99985   768
907.00  0.03745  0.03757  0.01121  0.80968  -229.41328  -231.25154  4.99985   768
908.00  0.03745  0.03757  0.01080  0.80968  -230.02211  -231.85884  4.99985   768
909.00  0.03743  0.03757  0.01029  0.80968  -230.80031  -232.63246  4.99985   768
910.00  0.03745  0.03757  0.00977  0.80968  -231.60597  -233.45949  4.99985   768
911.00  0.03746  0.03757  0.00958  0.80968  -231.94166  -233.82570  4.99985   768
912.00  0.03745  0.03757  0.00984  0.80968  -231.62886  -233.56630  4.99985   768
913.00  0.03745  0.03757  0.01034  0.80968  -230.86287  -232.80031  4.99985   768
914.00  0.03745  0.03757  0.01091  0.80968  -229.97023  -231.92903  4.99985   768
915.00  0.03745  0.03757  0.01133  0.80968  -229.29884  -231.23323  4.99985   768
916.00  0.03744  0.03757  0.01142  0.80968  -229.12031  -230.98909  4.99985   768
917.00  0.03745  0.03757  0.01108  0.80968  -229.62233  -231.47737  4.99985   768
918.00  0.03745  0.03757  0.01052  0.80968  -230.42494  -232.26625  4.99985   768
919.00  0.03744  0.03757  0.00997  0.80968  -231.30690  -233.13447  4.99985   768
920.00  0.03745  0.03757  0.00951  0.80968  -232.02101  -233.85622  4.99985   768
921.00  0.03745  0.03757  0.00950  0.80968  -232.13240  -234.00423  4.99985   768
922.00  0.03745  0.03757  0.00991  0.80968  -231.51442  -233.44575  4.99985   768
923.00  0.03743  0.03757  0.01052  0.80968  -230.57905  -232.51802  4.99985   768
924.00  0.03746  0.03757  0.01110  0.80968  -229.69099  -231.61775  4.99985   768
925.00  0.03745  0.03757  0.01137  0.80968  -229.22865  -231.13252  4.99985   768
926.00  0.03746  0.03757  0.01119  0.80968  -229.42549  -231.27290  4.99985   768
927.00  0.03744  0.03757  0.01078  0.80968  -230.05720  -231.90004  4.99985   768
928.00  0.03745  0.03757  0.01015  0.80968  -230.98952  -232.83388  4.99985   768
929.00  0.03745  0.03757  0.00960  0.80968  -231.88368  -233.72957  4.99985   768
930.00  0.03745  0.03757  0.00935  0.80968  -232.31856  -234.21022  4.99985   768
931.00  0.03745  0.03757  0.00957  0.80968  -232.01491  -233.95998  4.99985   768
932.00  0.03745  0.03757  0.01020  0.80968  -231.07039  -233.02766  4.99985   768
933.00  0.03745  0.03757  0.01085  0.80968  -230.08162  -232.04500  4.99985   768
934.00  0.03745  0.03757  0.01125  0.80968  -229.43922  -231.35530  4.99985   768
935.00  0.03745  0.03757  0.01142  0.80968  -229.14168  -231.02266  4.99985   768
936.00  0.03744  0.03757  0.01113  0.80968  -229.51857  -231.36140  4.99985   768
937.00  0.03744  0.03757  0.01051  0.80968  -230.45698  -232.26930  4.99985   768
938.00  0.03745  0.03757  0.00988  0.80968  -231.43355  -233.25044  4.99985   768
939.00  0.03745  0.03757  0.00958  0.80968  -231.92488  -233.78297  4.99985   768
940.00  0.03745  0.03757  0.00961  0.80968  -231.92183  -233.81807  4.99985   768
941.00  0.03745  0.03757  0.01005  0.80968  -231.29011  -233.20467  4.99985   768
942.00  0.03745  0.03757  0.01074  0.80968  -230.24794  -232.19606  4.99985   768
943.00  0.03745  0.03757  0.01134  0.80968  -229.31105  -231.21644  4.99985   768
944.00  0.03745  0.03757  0.01144  0.80968  -229.11879  -231.01350  4.99985   768
945.00  0.03745  0.03757  0.01137  0.80968  -229.19508  -231.07912  4.99985   768
946.00  0.03745  0.03757  0.01089  0.80968  -229.87410  -231.70473  4.99985   768
947.00  0.03744  0.03757  0.01021  0.80968  -230.96052  -232.80031  4.99985   768
948.00  0.03745  0.03757  0.00977  0.80968  -231.64259  -233.50679  4.99985   768
949.00  0.03745  0.03757  0.00957  0.80968  -231.98744  -233.86995  4.99985   768
950.00  0.03745  0.03757  0.00988  0.80968  -231.56935  -233.48390  4.99985   768
951.00  0.03745  0.03757  0.01046  0.80968  -230.67519  -232.62025  4.99985   768
952.00  0.03744  0.03757  0.01103  0.80968  -229.77644  -231.69862  4.99985   768
953.00  0.03745  0.03757  0.01137  0.80968  -229.21492  -231.11574  4.99985   768
954.00  0.03743  0.03757  0.01140  0.80968  -229.14778  -230.99977  4.99985   768
955.00  0.03745  0.03757  0.01111  0.80968  -229.55824  -231.39650  4.99985   768
956.00  0.03745  0.03757  0.01053  0.80968  -230.41579  -232.22963  4.99985   768
957.00  0.03746  0.03757  0.00993  0.80968  -231.38624  -233.21992  4.99985   768
958.00  0.03745  0.03757  0.00958  0.80968  -231.95082  -233.80128  4.99985   768
959.00  0.03745  0.03757  0.00962  0.80968  -231.90504  -233.80891  4.99985   768
960.00  0.03745  0.03757  0.01013  0.80968  -231.16804  -233.10396  4.99985   768
961.00  0.03745  0.03757  0.01069  0.80968  -230.27693  -232.22505  4.99985   768
962.00  0.03744  0.03757  0.01119  0.80968  -229.52467  -231.45753  4.99985   768
963.00  0.03745  0.03757  0.01133  0.80968  -229.23476  -231.13557  4.99985   768
964.00  0.03745  0.03757  0.01121  0.80968  -229.43312  -231.31410  4.99985   768
965.00  0.03744  0.03757  0.01070  0.80968  -230.18996  -232.04805  4.99985   768
966.00  0.03745  0.03757  0.01009  0.80968  -231.11006  -232.93916  4.99985   768
967.00  0.03745  0.03757  0.00958  0.80968  -231.90504  -233.75093  4.99985   768
968.00  0.03745  0.03757  0.00951  0.80968  -232.11104  -233.99812  4.99985   768
969.00  0.03745  0.03757  0.00979  0.80968  -231.70515  -233.63496  4.99985   768
970.00  0.03746  0.03757  0.01044  0.80968  -230.69502  -232.63704  4.99985   768
971.00  0.03745  0.03757  0.01101  0.80968  -229.79933  -231.70625  4.99985   768
972.00  0.03745  0.03757  0.01147  0.80968  -229.07149  -230.96010  4.99985   768
973.00  0.03744  0.03757  0.01143  0.80968  -229.09437  -230.94179  4.99985   768
974.00  0.03745  0.03757  0.01109  0.80968  -229.57960  -231.41786  4.99985   768
975.00  0.03745  0.03757  0.01056  0.80968  -230.40968  -232.23115  4.99985   768
976.00  0.03744  0.03757  0.01005  0.80968  -231.14516  -232.99867  4.99985   768
977.00  0.03745  0.03757  0.00969  0.80968  -231.76771  -233.63191  4.99985   768
978.00  0.03744  0.03757  0.00978  0.80968  -231.65785  -233.58461  4.99985   768
979.00  0.03745  0.03757  0.01027  0.80968  -230.98036  -232.93458  4.99985   768
980.00  0.03745  0.03757  0.01088  0.80968  -230.00685  -231.95344  4.99985   768
981.00  0.03744  0.03757  0.01134  0.80968  -229.30495  -231.24086  4.99985   768
982.00  0.03745  0.03757  0.01163  0.80968  -228.84108  -230.76326  4.99985   768
983.00  0.03744  0.03757  0.01143  0.80968  -229.06843  -230.92805  4.99985   768
984.00  0.03745  0.03757  0.01082  0.80968  -229.98854  -231.80849  4.99985   768
985.00  0.03745  0.03757  0.01028  0.80968  -230.82777  -232.65230  4.99985   768
986.00  0.03746  0.03757  0.00977  0.80968  -231.63496  -233.48085  4.99985   768
987.00  0.03743  0.03757  0.00966  0.80968  -231.83028  -233.70058  4.99985   768
988.00  0.03745  0.03757  0.01001  0.80968  -231.35420  -233.25655  4.99985   768
989.00  0.03745  0.03757  0.01053  0.80968  -230.53175  -232.46767  4.99985   768
990.00  0.03745  0.03757  0.01111  0.80968  -229.63759  -231.56435  4.99985   768
991.00  0.03744  0.03757  0.01139  0.80968  -229.19356  -231.06996  4.99985   768
992.00  0.03744  0.03757  0.01141  0.80968  -229.12337  -230.99214  4.99985   768
993.00  0.03745  0.03757  0.01106  0.80968  -229.63301  -231.49110  4.99985   768
994.00  0.03744  0.03757  0.01043  0.80968  -230.55159  -232.35628  4.99985   768
995.00  0.03745  0.03757  0.00992  0.80968  -231.43355  -233.29164  4.99985   768
996.00  0.03745  0.03757  0.00954  0.80968  -231.99354  -233.83790  4.99985   768
997.00  0.03745  0.03757  0.00963  0.80968  -231.91267  -233.84096  4.99985   768
998.00  0.03744  0.03757  0.01012  0.80968  -231.20772  -233.14973  4.99985   768
999.00  0.03745  0.03757  0.01073  0.80968  -230.28761  -232.24336  4.99985   768
1000.00  0.03744  0.03757  0.01122  0.80968  -229.48500  -231.40260  4.99985   768
1001.00  0.03744  0.03757  0.01135  0.80968  -229.23170  -231.12794  4.99985   768
1002.00  0.03744  0.03757  0.01117  0.80968  -229.50789  -231.35377  4.99985   768
1003.00  0.03744  0.03757  0.01067  0.80968  -230.21590  -232.03279  4.99985   768
1004.00  0.03744  0.03757  0.01008  0.80968  -231.14058  -232.96968  4.99985   768
1005.00  0.03745  0.03757  0.00961  0.80968  -231.86384  -233.70973  4.99985   768
1006.00  0.03745  0.03757  0.00950  0.80968  -232.10036  -233.97066  4.99985   768
1007.00  0.03745  0.03757  0.00977  0.80968  -231.70821  -233.60292  4.99985   768
1008.00  0.03745  0.03757  0.01040  0.80968  -230.76369  -232.69807  4.99985   768
1009.00  0.03744  0.03757  0.01105  0.80968  -229.76271  -231.71541  4.99985   768
1010.00  0.03744  0.03757  0.01139  0.80968  -229.18593  -231.06996  4.99985   768
1011.00  0.03745  0.03757  0.01136  0.80968  -229.22102  -231.08522  4.99985   768
1012.00  0.03744  0.03757  0.01095  0.80968  -229.80086  -231.67116  4.99985   768
1013.00  0.03744  0.03757  0.01024  0.80968  -230.88118  -232.69197  4.99985   768
1014.00  0.03744  0.03757  0.00973  0.80968  -231.68684  -233.53883  4.99985   768
1015.00  0.03743  0.03757  0.00953  0.80968  -232.03322  -233.91725  4.99985   768
1016.00  0.03744  0.03757  0.00964  0.80968  -231.92793  -233.84096  4.99985   768
1017.00  0.03744  0.03757  0.01022  0.80968  -231.04903  -232.98799  4.99985   768
1018.00  0.03745  0.03757  0.01089  0.80968  -230.03584  -231.99464  4.99985   768
1019.00  0.03745  0.03757  0.01131  0.80968  -229.32783  -231.23933  4.99985   768
1020.00  0.03745  0.03757  0.01161  0.80968  -228.84108  -230.73732  4.99985   768
1021.00  0.03745  0.03757  0.01130  0.80968  -229.25764  -231.08369  4.99985   768
1022.00  0.03745  0.03757  0.01077  0.80968  -230.03737  -231.84358  4.99985   768
1023.00  0.03744  0.03757  0.01008  0.80968  -231.12837  -232.94832  4.99985   768
1024.00  0.03744  0.03757  0.00965  0.80968  -231.78908  -233.63649  4.99985   768
1025.00  0.03745  0.03757  0.00954  0.80968  -232.04848  -233.93861  4.99985   768
1026.00  0.03745  0.03757  0.00991  0.80968  -231.48390  -233.41066  4.99985   768
1027.00  0.03744  0.03757  0.01050  0.80968  -230.63856  -232.57143  4.99985   768
1028.00  0.03744  0.03757  0.01110  0.80968  -229.66811  -231.62691  4.99985   768
1029.00  0.03745  0.03757  0.01138  0.80968  -229.22713  -231.14778  4.99985   768
1030.00  0.03744  0.03757  0.01140  0.80968  -229.13252  -231.01961  4.99985   768
1031.00  0.03744  0.03757  0.01090  0.80968  -229.88173  -231.72304  4.99985   768
1032.00  0.03745  0.03757  0.01024  0.80968  -230.89644  -232.72401  4.99985   768
1033.00  0.03744  0.03757  0.00961  0.80968  -231.87453  -233.70668  4.99985   768
1034.00  0.03744  0.03757  0.00938  0.80968  -232.28346  -234.17360  4.99985   768
1035.00  0.03745  0.03757  0.00955  0.80968  -232.03322  -233.94166  4.99985   768
1036.00  0.03745  0.03757  0.01013  0.80968  -231.20314  -233.15431  4.99985   768
1037.00  0.03744  0.03757  0.01069  0.80968  -230.30897  -232.23573  4.99985   768
1038.00  0.03745  0.03757  0.01117  0.80968  -229.55977  -231.46669  4.99985   768
1039.00  0.03745  0.03757  0.01140  0.80968  -229.15541  -231.05012  4.99985   768
1040.00  0.03744  0.03757  0.01113  0.80968  -229.51857  -231.33699  4.99985   768
1041.00  0.03744  0.03757  0.01067  0.80968  -230.23726  -232.06178  4.99985   768
1042.00  0.03744  0.03757  0.01002  0.80968  -231.23061  -233.04140  4.99985   768
1043.00  0.03744  0.03757  0.00965  0.80968  -231.84096  -233.69905  4.99985   768
1044.00  0.03744  0.03757  0.00958  0.80968  -231.93556  -233.82112  4.99985   768
1045.00  0.03745  0.03757  0.00997  0.80968  -231.40608  -233.35268  4.99985   768
1046.00  0.03745  0.03757  0.01051  0.80968  -230.58363  -232.54091  4.99985   768
1047.00  0.03743  0.03757  0.01112  0.80968  -229.65742  -231.58876  4.99985   768
1048.00  0.03745  0.03757  0.01141  0.80968  -229.16609  -231.07912  4.99985   768
1049.00  0.03744  0.03757  0.01131  0.80968  -229.28511  -231.16456  4.99985   768
1050.00  0.03744  0.03757  0.01095  0.80968  -229.79018  -231.61470  4.99985   768
1051.00  0.03743  0.03757  0.01038  0.80968  -230.66908  -232.50123  4.99985   768
1052.00  0.03745  0.03757  0.00985  0.80968  -231.52357  -233.38624  4.99985   768
1053.00  0.03745  0.03757  0.00970  0.80968  -231.78603  -233.65938  4.99985   768
1054.00  0.03744  0.03757  0.00983  0.80968  -231.60445  -233.50526  4.99985   768
1055.00  0.03745  0.03757  0.01038  0.80968  -230.75453  -232.69655  4.99985   768
1056.00  0.03745  0.03757  0.01103  0.80968  -229.77644  -231.70778  4.99985   768
1057.00  0.03744  0.03757  0.01145  0.80968  -229.11116  -231.00435  4.99985   768
1058.00  0.03744  0.03757  0.01147  0.80968  -229.04097  -230.90974  4.99985   768
1059.00  0.03744  0.03757  0.01122  0.80968  -229.41939  -231.26222  4.99985   768
1060.00  0.03745  0.03757  0.01067  0.80968  -230.20979  -232.04957  4.99985   768
1061.00  0.03742  0.03757  0.01003  0.80968  -231.19246  -233.00172  4.99985   768
1062.00  0.03743  0.03757  0.00971  0.80968  -231.74940  -233.64870  4.99985   768
1063.00  0.03744  0.03757  0.00965  0.80968  -231.86995  -233.76771  4.99985   768
1064.00  0.03744  0.03757  0.01003  0.80968  -231.30385  -233.25197  4.99985   768
1065.00  0.03743  0.03757  0.01067  0.80968  -230.37611  -232.34102  4.99985   768
1066.00  0.03744  0.03757  0.01121  0.80968  -229.53383  -231.48805  4.99985   768
1067.00  0.03745  0.03757  0.01139  0.80968  -229.17830  -231.07454  4.99985   768
1068.00  0.03745  0.03757  0.01135  0.80968  -229.23170  -231.11726  4.99985   768
1069.00  0.03743  0.03757  0.01081  0.80968  -229.97175  -231.79475  4.99985   768
1070.00  0.03744  0.03757  0.01016  0.80968  -230.98799  -232.79268  4.99985   768
1071.00  0.03744  0.03757  0.00957  0.80968  -231.90504  -233.74330  4.99985   768
1072.00  0.03745  0.03757  0.00944  0.80968  -232.17970  -234.04085  4.99985   768
1073.00  0.03744  0.03757  0.00963  0.80968  -231.92183  -233.84401  4.99985   768
1074.00  0.03744  0.03757  0.01030  0.80968  -230.91322  -232.85066  4.99985   768
1075.00  0.03744  0.03757  0.01089  0.80968  -230.00532  -231.93208  4.99985   768
1076.00  0.03743  0.03757  0.01144  0.80968  -229.15999  -231.08675  4.99985   768
1077.00  0.03746  0.03757  0.01149  0.80968  -229.02113  -230.88686  4.99985   768
1078.00  0.03744  0.03757  0.01116  0.80968  -229.46364  -231.30037  4.99985   768
1079.00  0.03745  0.03757  0.01057  0.80968  -230.38985  -232.23268  4.99985   768
1080.00  0.03743  0.03757  0.00995  0.80968  -231.33436  -233.16957  4.99985   768
1081.00  0.03744  0.03757  0.00952  0.80968  -232.06221  -233.92641  4.99985   768
1082.00  0.03744  0.03757  0.00954  0.80968  -232.05611  -233.96303  4.99985   768
1083.00  0.03745  0.03757  0.00997  0.80968  -231.42592  -233.38014  4.99985   768
1084.00  0.03743  0.03757  0.01075  0.80968  -230.22963  -232.20674  4.99985   768
1085.00  0.03744  0.03757  0.01120  0.80968  -229.52467  -231.44380  4.99985   768
1086.00  0.03745  0.03757  0.01147  0.80968  -229.10048  -231.00282  4.99985   768
1087.00  0.03745  0.03757  0.01140  0.80968  -229.11421  -230.97078  4.99985   768
1088.00  0.03744  0.03757  0.01090  0.80968  -229.88173  -231.69557  4.99985   768
1089.00  0.03744  0.03757  0.01028  0.80968  -230.82930  -232.64009  4.99985   768
1090.00  0.03743  0.03757  0.00973  0.80968  -231.67158  -233.50832  4.99985   768
1091.00  0.03744  0.03757  0.00954  0.80968  -231.97829  -233.85469  4.99985   768
1092.00  0.03743  0.03757  0.00972  0.80968  -231.77229  -233.69295  4.99985   768
1093.00  0.03743  0.03757  0.01034  0.80968  -230.88576  -232.82625  4.99985   768
1094.00  0.03744  0.03757  0.01096  0.80968  -229.88783  -231.83900  4.99985   768
1095.00  0.03744  0.03757  0.01148  0.80968  -229.12184  -231.06081  4.99985   768
1096.00  0.03745  0.03757  0.01151  0.80968  -228.98451  -230.86244  4.99985   768
1097.00  0.03743  0.03757  0.01113  0.80968  -229.51704  -231.36446  4.99985   768
1098.00  0.03743  0.03757  0.01053  0.80968  -230.44478  -232.27540  4.99985   768
1099.00  0.03743  0.03757  0.00983  0.80968  -231.49000  -233.31453  4.99985   768
1100.00  0.03743  0.03757  0.00948  0.80968  -232.10188  -233.97829  4.99985   768
1101.00  0.03744  0.03757  0.00955  0.80968  -232.00880  -233.92030  4.99985   768
1102.00  0.03744  0.03757  0.00997  0.80968  -231.40303  -233.34047  4.99985   768
1103.00  0.03743  0.03757  0.01055  0.80968  -230.53786  -232.46614  4.99985   768
1104.00  0.03744  0.03757  0.01115  0.80968  -229.59181  -231.51857  4.99985   768
1105.00  0.03743  0.03757  0.01141  0.80968  -229.16762  -231.06081  4.99985   768
1106.00  0.03743  0.03757  0.01131  0.80968  -229.24696  -231.11116  4.99985   768
1107.00  0.03744  0.03757  0.01085  0.80968  -229.95344  -231.77339  4.99985   768
1108.00  0.03744  0.03757  0.01027  0.80968  -230.85066  -232.66603  4.99985   768
1109.00  0.03745  0.03757  0.00976  0.80968  -231.64870  -233.49306  4.99985   768
1110.00  0.03744  0.03757  0.00957  0.80968  -231.96303  -233.83943  4.99985   768
1111.00  0.03744  0.03757  0.00980  0.80968  -231.67616  -233.59987  4.99985   768
1112.00  0.03744  0.03757  0.01031  0.80968  -230.89491  -232.85524  4.99985   768
1113.00  0.03744  0.03757  0.01099  0.80968  -229.86800  -231.81306  4.99985   768
1114.00  0.03745  0.03757  0.01136  0.80968  -229.28206  -231.21034  4.99985   768
1115.00  0.03743  0.03757  0.01139  0.80968  -229.18593  -231.06691  4.99985   768
1116.00  0.03745  0.03757  0.01104  0.80968  -229.66200  -231.50484  4.99985   768
1117.00  0.03744  0.03757  0.01050  0.80968  -230.49208  -232.33491  4.99985   768
1118.00  0.03742  0.03757  0.00989  0.80968  -231.39998  -233.22450  4.99985   768
1119.00  0.03745  0.03757  0.00946  0.80968  -232.12324  -233.97981  4.99985   768
1120.00  0.03743  0.03757  0.00952  0.80968  -232.06984  -233.96303  4.99985   768
1121.00  0.03743  0.03757  0.00993  0.80968  -231.44881  -233.38167  4.99985   768
1122.00  0.03745  0.03757  0.01060  0.80968  -230.46309  -232.40205  4.99985   768
1123.00  0.03743  0.03757  0.01117  0.80968  -229.52620  -231.43770  4.99985   768
1124.00  0.03744  0.03757  0.01144  0.80968  -229.12184  -231.02876  4.99985   768
1125.00  0.03744  0.03757  0.01133  0.80968  -229.24849  -231.09590  4.99985   768
1126.00  0.03742  0.03757  0.01082  0.80968  -229.99312  -231.82832  4.99985   768
1127.00  0.03742  0.03757  0.01020  0.80968  -230.92848  -232.73927  4.99985   768
1128.00  0.03742  0.03757  0.00972  0.80968  -231.72194  -233.56782  4.99985   768
1129.00  0.03744  0.03757  0.00957  0.80968  -231.97066  -233.87147  4.99985   768
1130.00  0.03743  0.03757  0.00979  0.80968  -231.69600  -233.62276  4.99985   768
1131.00  0.03743  0.03757  0.01036  0.80968  -230.83082  -232.78963  4.99985   768
1132.00  0.03744  0.03757  0.01097  0.80968  -229.88325  -231.82832  4.99985   768
1133.00  0.03744  0.03757  0.01139  0.80968  -229.24086  -231.15846  4.99985   768
1134.00  0.03743  0.03757  0.01142  0.80968  -229.13557  -231.01808  4.99985   768
1135.00  0.03745  0.03757  0.01106  0.80968  -229.63759  -231.47127  4.99985   768
1136.00  0.03743  0.03757  0.01044  0.80968  -230.55617  -232.35933  4.99985   768
1137.00  0.03743  0.03757  0.00993  0.80968  -231.39998  -233.23823  4.99985   768
1138.00  0.03743  0.03757  0.00958  0.80968  -231.90352  -233.75398  4.99985   768
1139.00  0.03744  0.03757  0.00964  0.80968  -231.89894  -233.79671  4.99985   768
1140.00  0.03744  0.03757  0.01006  0.80968  -231.27180  -233.19551  4.99985   768
1141.00  0.03744  0.03757  0.01069  0.80968  -230.32881  -232.26930  4.99985   768
1142.00  0.03744  0.03757  0.01120  0.80968  -229.49721  -231.41786  4.99985   768
1143.00  0.03743  0.03757  0.01142  0.80968  -229.12947  -231.01961  4.99985   768
1144.00  0.03744  0.03757  0.01131  0.80968  -229.26832  -231.12947  4.99985   768
1145.00  0.03744  0.03757  0.01078  0.80968  -230.05110  -231.88020  4.99985   768
1146.00  0.03743  0.03757  0.01012  0.80968  -231.09480  -232.92848  4.99985   768
1147.00  0.03743  0.03757  0.00959  0.80968  -231.91267  -233.77229  4.99985   768
1148.00  0.03744  0.03757  0.00952  0.80968  -232.08815  -234.00270  4.99985   768
1149.00  0.03743  0.03757  0.00982  0.80968  -231.62581  -233.54494  4.99985   768
1150.00  0.03743  0.03757  0.01035  0.80968  -230.84914  -232.80336  4.99985   768
1151.00  0.03744  0.03757  0.01087  0.80968  -230.01601  -231.96565  4.99985   768
1152.00  0.03745  0.03757  0.01126  0.80968  -229.42549  -231.32936  4.99985   768
1153.00  0.03742  0.03757  0.01129  0.80968  -229.32631  -231.19966  4.99985   768
1154.00  0.03743  0.03757  0.01091  0.80968  -229.84968  -231.66811  4.99985   768
1155.00  0.03743  0.03757  0.01047  0.80968  -230.56227  -232.39137  4.99985   768
1156.00  0.03743  0.03757  0.00982  0.80968  -231.52052  -233.34047  4.99985   768
1157.00  0.03743  0.03757  0.00947  0.80968  -232.07136  -233.92335  4.99985   768
1158.00  0.03744  0.03757  0.00968  0.80968  -231.86384  -233.77229  4.99985   768
1159.00  0.03744  0.03757  0.01023  0.80968  -231.00172  -232.93611  4.99985   768
1160.00  0.03744  0.03757  0.01080  0.80968  -230.14723  -232.07246  4.99985   768
1161.00  0.03743  0.03757  0.01134  0.80968  -229.35377  -231.29121  4.99985   768
1162.00  0.03744  0.03757  0.01148  0.80968  -229.02113  -230.90211  4.99985   768
1163.00  0.03742  0.03757  0.01126  0.80968  -229.37208  -231.24849  4.99985   768
1164.00  0.03742  0.03757  0.01081  0.80968  -230.02974  -231.87562  4.99985   768
1165.00  0.03744  0.03757  0.01027  0.80968  -230.83998  -232.68587  4.99985   768
1166.00  0.03743  0.03757  0.00975  0.80968  -231.67464  -233.53120  4.99985   768
1167.00  0.03743  0.03757  0.00963  0.80968  -231.91115  -233.80281  4.99985   768
1168.00  0.03743  0.03757  0.00995  0.80968  -231.42134  -233.34810  4.99985   768
1169.00  0.03742  0.03757  0.01045  0.80968  -230.70875  -232.64772  4.99985   768
1170.00  0.03744  0.03757  0.01106  0.80968  -229.72456  -231.63911  4.99985   768
1171.00  0.03743  0.03757  0.01136  0.80968  -229.22865  -231.11116  4.99985   768
1172.00  0.03744  0.03757  0.01128  0.80968  -229.33394  -231.18745  4.99985   768
1173.00  0.03743  0.03757  0.01100  0.80968  -229.72456  -231.56129  4.99985   768
1174.00  0.03743  0.03757  0.01038  0.80968  -230.66603  -232.47682  4.99985   768
1175.00  0.03743  0.03757  0.00986  0.80968  -231.45491  -233.29317  4.99985   768
1176.00  0.03742  0.03757  0.00953  0.80968  -232.06374  -233.92030  4.99985   768
1177.00  0.03743  0.03757  0.00967  0.80968  -231.84096  -233.75398  4.99985   768
1178.00  0.03743  0.03757  0.01012  0.80968  -231.15736  -233.08717  4.99985   768
1179.00  0.03743  0.03757  0.01074  0.80968  -230.25404  -232.19911  4.99985   768
1180.00  0.03743  0.03757  0.01123  0.80968  -229.45448  -231.36903  4.99985   768
1181.00  0.03743  0.03757  0.01134  0.80968  -229.26070  -231.17525  4.99985   768
1182.00  0.03743  0.03757  0.01113  0.80968  -229.54298  -231.40718  4.99985   768
1183.00  0.03742  0.03757  0.01066  0.80968  -230.25404  -232.09688  4.99985   768
1184.00  0.03743  0.03757  0.01004  0.80968  -231.19093  -233.03224  4.99985   768
1185.00  0.03743  0.03757  0.00967  0.80968  -231.80891  -233.66395  4.99985   768
1186.00  0.03742  0.03757  0.00961  0.80968  -231.94166  -233.83943  4.99985   768
1187.00  0.03743  0.03757  0.00986  0.80968  -231.54799  -233.46559  4.99985   768
1188.00  0.03742  0.03757  0.01052  0.80968  -230.55006  -232.49666  4.99985   768
1189.00  0.03742  0.03757  0.01109  0.80968  -229.65132  -231.57197  4.99985   768
1190.00  0.03742  0.03757  0.01132  0.80968  -229.32478  -231.21034  4.99985   768
1191.00  0.03743  0.03757  0.01137  0.80968  -229.17830  -231.05318  4.99985   768
1192.00  0.03742  0.03757  0.01103  0.80968  -229.67421  -231.50484  4.99985   768
1193.00  0.03743  0.03757  0.01041  0.80968  -230.62636  -232.44783  4.99985   768
1194.00  0.03744  0.03757  0.00994  0.80968  -231.35420  -233.21229  4.99985   768
1195.00  0.03743  0.03757  0.00976  0.80968  -231.66853  -233.54646  4.99985   768
1196.00  0.03743  0.03757  0.00981  0.80968  -231.66090  -233.57393  4.99985   768
1197.00  0.03743  0.03757  0.01029  0.80968  -230.93916  -232.88423  4.99985   768
1198.00  0.03744  0.03757  0.01089  0.80968  -230.00380  -231.95650  4.99985   768
1199.00  0.03744  0.03757  0.01134  0.80968  -229.31410  -231.24544  4.99985   768
1200.00  0.03742  0.03757  0.01144  0.80968  -229.11421  -231.01655  4.99985   768
1201.00  0.03743  0.03757  0.01114  0.80968  -229.52162  -231.36903  4.99985   768
1202.00  0.03742  0.03757  0.01057  0.80968  -230.38527  -232.22963  4.99985   768
1203.00  0.03743  0.03757  0.00995  0.80968  -231.29622  -233.11159  4.99985   768
1204.00  0.03742  0.03757  0.00952  0.80968  -232.05153  -233.88826  4.99985   768
1205.00  0.03743  0.03757  0.00957  0.80968  -231.99202  -233.88826  4.99985   768
1206.00  0.03743  0.03757  0.00993  0.80968  -231.43812  -233.32979  4.99985   768
1207.00  0.03743  0.03757  0.01047  0.80968  -230.64314  -232.58668  4.99985   768
1208.00  0.03744  0.03757  0.01114  0.80968  -229.61928  -231.53383  4.99985   768
1209.00  0.03743  0.03757  0.01146  0.80968  -229.06538  -230.94179  4.99985   768
1210.00  0.03743  0.03757  0.01131  0.80968  -229.26527  -231.12489  4.99985   768
1211.00  0.03742  0.03757  0.01087  0.80968  -229.90614  -231.73067  4.99985   768
1212.00  0.03742  0.03757  0.01030  0.80968  -230.82167  -232.65382  4.99985   768
1213.00  0.03742  0.03757  0.00979  0.80968  -231.60139  -233.46101  4.99985   768
1214.00  0.03742  0.03757  0.00954  0.80968  -232.01643  -233.89589  4.99985   768
1215.00  0.03743  0.03757  0.00980  0.80968  -231.70973  -233.64412  4.99985   768
1216.00  0.03742  0.03757  0.01033  0.80968  -230.86592  -232.82625  4.99985   768
1217.00  0.03743  0.03757  0.01098  0.80968  -229.84663  -231.79933  4.99985   768
1218.00  0.03742  0.03757  0.01142  0.80968  -229.18745  -231.10963  4.99985   768
1219.00  0.03743  0.03757  0.01153  0.80968  -228.94026  -230.83192  4.99985   768
1220.00  0.03742  0.03757  0.01121  0.80968  -229.41481  -231.26375  4.99985   768
1221.00  0.03743  0.03757  0.01066  0.80968  -230.18843  -231.99617  4.99985   768
1222.00  0.03744  0.03757  0.01000  0.80968  -231.27028  -233.09633  4.99985   768
1223.00  0.03743  0.03757  0.00960  0.80968  -231.90199  -233.76619  4.99985   768
1224.00  0.03742  0.03757  0.00957  0.80968  -231.95998  -233.84706  4.99985   768
1225.00  0.03743  0.03757  0.00987  0.80968  -231.53883  -233.45491  4.99985   768
1226.00  0.03743  0.03757  0.01051  0.80968  -230.60042  -232.54854  4.99985   768
1227.00  0.03742  0.03757  0.01114  0.80968  -229.60402  -231.52772  4.99985   768
1228.00  0.03742  0.03757  0.01146  0.80968  -229.07912  -230.98299  4.99985   768
1229.00  0.03743  0.03757  0.01137  0.80968  -229.18593  -231.05928  4.99985   768
1230.00  0.03742  0.03757  0.01096  0.80968  -229.78560  -231.62843  4.99985   768
1231.00  0.03741  0.03757  0.01025  0.80968  -230.83388  -232.67061  4.99985   768
1232.00  0.03742  0.03757  0.00970  0.80968  -231.73109  -233.58613  4.99985   768
1233.00  0.03743  0.03757  0.00954  0.80968  -232.03932  -233.92183  4.99985   768
1234.00  0.03742  0.03757  0.00965  0.80968  -231.88978  -233.81807  4.99985   768
1235.00  0.03741  0.03757  0.01005  0.80968  -231.28706  -233.22450  4.99985   768
1236.00  0.03742  0.03757  0.01083  0.80968  -230.07246  -232.02363  4.99985   768
1237.00  0.03741  0.03757  0.01123  0.80968  -229.40413  -231.31105  4.99985   768
1238.00  0.03742  0.03757  0.01126  0.80968  -229.36598  -231.24238  4.99985   768
1239.00  0.03743  0.03757  0.01110  0.80968  -229.56740  -231.41786  4.99985   768
1240.00  0.03743  0.03757  0.01042  0.80968  -230.59431  -232.39137  4.99985   768
1241.00  0.03743  0.03757  0.00980  0.80968  -231.56020  -233.38167  4.99985   768
1242.00  0.03742  0.03757  0.00954  0.80968  -231.99812  -233.85469  4.99985   768
1243.00  0.03744  0.03757  0.00958  0.80968  -231.97523  -233.86995  4.99985   768
1244.00  0.03741  0.03757  0.01000  0.80968  -231.37862  -233.31148  4.99985   768
1245.00  0.03742  0.03757  0.01060  0.80968  -230.46004  -232.41426  4.99985   768
1246.00  0.03743  0.03757  0.01118  0.80968  -229.55977  -231.47737  4.99985   768
1247.00  0.03743  0.03757  0.01130  0.80968  -229.30647  -231.22255  4.99985   768
1248.00  0.03743  0.03757  0.01125  0.80968  -229.38124  -231.27595  4.99985   768
1249.00  0.03743  0.03757  0.01094  0.80968  -229.84358  -231.68489  4.99985   768
1250.00  0.03742  0.03757  0.01032  0.80968  -230.75758  -232.58211  4.99985   768
1251.00  0.03743  0.03757  0.00975  0.80968  -231.64717  -233.50221  4.99985   768
1252.00  0.03741  0.03757  0.00954  0.80968  -231.97676  -233.83638  4.99985   768
1253.00  0.03743  0.03757  0.00970  0.80968  -231.76314  -233.67769  4.99985   768
1254.00  0.03742  0.03757  0.01026  0.80968  -230.97273  -232.91017  4.99985   768
1255.00  0.03743  0.03757  0.01093  0.80968  -229.93666  -231.87257  4.99985   768
1256.00  0.03744  0.03757  0.01120  0.80968  -229.45448  -231.34004  4.99985   768
1257.00  0.03742  0.03757  0.01122  0.80968  -229.42091  -231.29426  4.99985   768
1258.00  0.03743  0.03757  0.01106  0.80968  -229.64064  -231.49721  4.99985   768
1259.00  0.03742  0.03757  0.01044  0.80968  -230.54549  -232.36085  4.99985   768
1260.00  0.03744  0.03757  0.00985  0.80968  -231.51289  -233.33894  4.99985   768
1261.00  0.03742  0.03757  0.00964  0.80968  -231.83638  -233.73720  4.99985   768
1262.00  0.03742  0.03757  0.00961  0.80968  -231.93709  -233.84706  4.99985   768
1263.00  0.03744  0.03757  0.01009  0.80968  -231.24892  -233.20924  4.99985   768
1264.00  0.03742  0.03757  0.01060  0.80968  -230.43104  -232.37764  4.99985   768
1265.00  0.03744  0.03757  0.01116  0.80968  -229.55672  -231.49873  4.99985   768
1266.00  0.03742  0.03757  0.01136  0.80968  -229.25001  -231.16151  4.99985   768
1267.00  0.03742  0.03757  0.01123  0.80968  -229.40565  -231.26070  4.99985   768
1268.00  0.03744  0.03757  0.01078  0.80968  -230.06789  -231.91377  4.99985   768
1269.00  0.03742  0.03757  0.01015  0.80968  -231.02766  -232.86287  4.99985   768
1270.00  0.03744  0.03757  0.00972  0.80968  -231.71583  -233.56172  4.99985   768
1271.00  0.03743  0.03757  0.00947  0.80968  -232.11256  -233.96455  4.99985   768
1272.00  0.03743  0.03757  0.00973  0.80968  -231.76314  -233.67769  4.99985   768
1273.00  0.03743  0.03757  0.01026  0.80968  -230.99409  -232.90864  4.99985   768
1274.00  0.03742  0.03757  0.01095  0.80968  -229.91072  -231.85579  4.99985   768
1275.00  0.03743  0.03757  0.01130  0.80968  -229.33241  -231.23628  4.99985   768
1276.00  0.03742  0.03757  0.01133  0.80968  -229.25764  -231.14015  4.99985   768
1277.00  0.03743  0.03757  0.01105  0.80968  -229.64522  -231.50026  4.99985   768
1278.00  0.03743  0.03757  0.01044  0.80968  -230.58516  -232.40663  4.99985   768
1279.00  0.03742  0.03757  0.00992  0.80968  -231.41829  -233.26112  4.99985   768
1280.00  0.03742  0.03757  0.00962  0.80968  -231.88826  -233.76466  4.99985   768
1281.00  0.03742  0.03757  0.00965  0.80968  -231.85622  -233.76619  4.99985   768
1282.00  0.03743  0.03757  0.01012  0.80968  -231.20161  -233.15431  4.99985   768
1283.00  0.03742  0.03757  0.01069  0.80968  -230.33186  -232.27388  4.99985   768
1284.00  0.03743  0.03757  0.01124  0.80968  -229.44533  -231.37971  4.99985   768
1285.00  0.03741  0.03757  0.01147  0.80968  -229.07606  -230.98451  4.99985   768
1286.00  0.03742  0.03757  0.01133  0.80968  -229.19661  -231.03334  4.99985   768
1287.00  0.03744  0.03757  0.01084  0.80968  -229.97175  -231.80238  4.99985   768
1288.00  0.03742  0.03757  0.01020  0.80968  -230.95747  -232.76216  4.99985   768
1289.00  0.03743  0.03757  0.00976  0.80968  -231.64107  -233.48238  4.99985   768
1290.00  0.03742  0.03757  0.00954  0.80968  -231.98439  -233.85469  4.99985   768
1291.00  0.03743  0.03757  0.00986  0.80968  -231.55257  -233.48085  4.99985   768
1292.00  0.03742  0.03757  0.01053  0.80968  -230.55769  -232.51955  4.99985   768
1293.00  0.03742  0.03757  0.01102  0.80968  -229.77949  -231.70167  4.99985   768
1294.00  0.03741  0.03757  0.01141  0.80968  -229.18898  -231.08369  4.99985   768
1295.00  0.03743  0.03757  0.01138  0.80968  -229.21492  -231.11269  4.99985   768
1296.00  0.03742  0.03757  0.01112  0.80968  -229.52315  -231.36598  4.99985   768
1297.00  0.03742  0.03757  0.01060  0.80968  -230.34407  -232.18690  4.99985   768
1298.00  0.03743  0.03757  0.00994  0.80968  -231.36183  -233.20009  4.99985   768
1299.00  0.03742  0.03757  0.00959  0.80968  -231.93251  -233.81654  4.99985   768
1300.00  0.03742  0.03757  0.00968  0.80968  -231.84401  -233.74635  4.99985   768
1301.00  0.03742  0.03757  0.01012  0.80968  -231.18941  -233.14058  4.99985   768
1302.00  0.03741  0.03757  0.01078  0.80968  -230.19148  -232.13350  4.99985   768
1303.00  0.03742  0.03757  0.01115  0.80968  -229.61623  -231.53993  4.99985   768
1304.00  0.03743  0.03757  0.01136  0.80968  -229.22560  -231.11116  4.99985   768
1305.00  0.03743  0.03757  0.01112  0.80968  -229.55214  -231.39497  4.99985   768
1306.00  0.03742  0.03757  0.01058  0.80968  -230.33339  -232.12892  4.99985   768
1307.00  0.03742  0.03757  0.01000  0.80968  -231.26265  -233.08107  4.99985   768
1308.00  0.03742  0.03757  0.00952  0.80968  -231.99812  -233.82570  4.99985   768
1309.00  0.03743  0.03757  0.00946  0.80968  -232.18428  -234.06831  4.99985   768
1310.00  0.03742  0.03757  0.00980  0.80968  -231.64107  -233.57851  4.99985   768
1311.00  0.03742  0.03757  0.01040  0.80968  -230.76979  -232.71028  4.99985   768
1312.00  0.03742  0.03757  0.01103  0.80968  -229.80543  -231.76729  4.99985   768
1313.00  0.03742  0.03757  0.01134  0.80968  -229.26222  -231.18135  4.99985   768
1314.00  0.03742  0.03757  0.01129  0.80968  -229.31258  -231.21034  4.99985   768
1315.00  0.03742  0.03757  0.01097  0.80968  -229.75508  -231.60249  4.99985   768
1316.00  0.03743  0.03757  0.01038  0.80968  -230.66756  -232.50886  4.99985   768
1317.00  0.03742  0.03757  0.00982  0.80968  -231.52663  -233.37099  4.99985   768
1318.00  0.03742  0.03757  0.00951  0.80968  -232.08205  -233.95235  4.99985   768
1319.00  0.03742  0.03757  0.00967  0.80968  -231.88521  -233.79671  4.99985   768
1320.00  0.03742  0.03757  0.01010  0.80968  -231.21535  -233.13295  4.99985   768
1321.00  0.03742  0.03757  0.01071  0.80968  -230.27235  -232.20064  4.99985   768
1322.00  0.03743  0.03757  0.01126  0.80968  -229.42854  -231.36446  4.99985   768
1323.00  0.03743  0.03757  0.01139  0.80968  -229.18898  -231.05012  4.99985   768
1324.00  0.03742  0.03757  0.01111  0.80968  -229.55061  -231.39497  4.99985   768
1325.00  0.03743  0.03757  0.01066  0.80968  -230.24184  -232.06483  4.99985   768
1326.00  0.03742  0.03757  0.01010  0.80968  -231.07039  -232.89949  4.99985   768
1327.00  0.03742  0.03757  0.00964  0.80968  -231.83180  -233.69142  4.99985   768
1328.00  0.03742  0.03757  0.00959  0.80968  -231.97218  -233.87147  4.99985   768
1329.00  0.03743  0.03757  0.00996  0.80968  -231.41981  -233.34352  4.99985   768
1330.00  0.03742  0.03757  0.01057  0.80968  -230.54243  -232.51039  4.99985   768
1331.00  0.03743  0.03757  0.01119  0.80968  -229.55977  -231.50941  4.99985   768
1332.00  0.03742  0.03757  0.01146  0.80968  -229.09743  -230.99672  4.99985   768
1333.00  0.03742  0.03757  0.01141  0.80968  -229.11574  -230.98451  4.99985   768
1334.00  0.03741  0.03757  0.01098  0.80968  -229.79018  -231.62996  4.99985   768
1335.00  0.03742  0.03757  0.01034  0.80968  -230.76521  -232.57753  4.99985   768
1336.00  0.03743  0.03757  0.00975  0.80968  -231.64564  -233.49458  4.99985   768
1337.00  0.03743  0.03757  0.00948  0.80968  -232.10646  -233.95387  4.99985   768
1338.00  0.03741  0.03757  0.00962  0.80968  -231.88368  -233.78297  4.99985   768
1339.00  0.03743  0.03757  0.01014  0.80968  -231.14668  -233.08412  4.99985   768
1340.00  0.03742  0.03757  0.01070  0.80968  -230.27846  -232.22353  4.99985   768
1341.00  0.03743  0.03757  0.01118  0.80968  -229.50484  -231.38734  4.99985   768
1342.00  0.03743  0.03757  0.01129  0.80968  -229.35225  -231.22407  4.99985   768
1343.00  0.03741  0.03757  0.01105  0.80968  -229.68947  -231.53078  4.99985   768
1344.00  0.03742  0.03757  0.01046  0.80968  -230.52412  -232.34865  4.99985   768
1345.00  0.03742  0.03757  0.00978  0.80968  -231.61055  -233.43812  4.99985   768
1346.00  0.03743  0.03757  0.00947  0.80968  -232.06526  -233.94014  4.99985   768
1347.00  0.03742  0.03757  0.00941  0.80968  -232.23463  -234.13393  4.99985   768
1348.00  0.03742  0.03757  0.00983  0.80968  -231.67158  -233.63801  4.99985   768
1349.00  0.03742  0.03757  0.01059  0.80968  -230.45546  -232.43410  4.99985   768
1350.00  0.03742  0.03757  0.01115  0.80968  -229.62080  -231.55214  4.99985   768
1351.00  0.03742  0.03757  0.01139  0.80968  -229.18135  -231.08522  4.99985   768
1352.00  0.03743  0.03757  0.01133  0.80968  -229.28816  -231.13863  4.99985   768
1353.00  0.03741  0.03757  0.01094  0.80968  -229.82374  -231.67879  4.99985   768
1354.00  0.03742  0.03757  0.01026  0.80968  -230.81557  -232.60347  4.99985   768
1355.00  0.03743  0.03757  0.00982  0.80968  -231.55409  -233.39693  4.99985   768
1356.00  0.03742  0.03757  0.00955  0.80968  -232.01033  -233.86232  4.99985   768
1357.00  0.03743  0.03757  0.00976  0.80968  -231.74483  -233.66090  4.99985   768
1358.00  0.03742  0.03757  0.01026  0.80968  -230.98341  -232.91475  4.99985   768
1359.00  0.03742  0.03757  0.01101  0.80968  -229.85274  -231.79323  4.99985   768
1360.00  0.03741  0.03757  0.01146  0.80968  -229.11726  -231.03639  4.99985   768
1361.00  0.03741  0.03757  0.01154  0.80968  -228.95247  -230.81972  4.99985   768
1362.00  0.03741  0.03757  0.01132  0.80968  -229.26375  -231.11269  4.99985   768
1363.00  0.03742  0.03757  0.01066  0.80968  -230.23878  -232.06789  4.99985   768
1364.00  0.03741  0.03757  0.00998  0.80968  -231.31605  -233.15889  4.99985   768
1365.00  0.03741  0.03757  0.00960  0.80968  -231.90352  -233.75856  4.99985   768
1366.00  0.03742  0.03757  0.00953  0.80968  -232.08357  -233.97218  4.99985   768
1367.00  0.03741  0.03757  0.00994  0.80968  -231.45491  -233.39693  4.99985   768
1368.00  0.03741  0.03757  0.01064  0.80968  -230.39290  -232.36391  4.99985   768
1369.00  0.03741  0.03757  0.01116  0.80968  -229.54603  -231.46059  4.99985   768
1370.00  0.03743  0.03757  0.01145  0.80968  -229.09590  -230.99214  4.99985   768
1371.00  0.03742  0.03757  0.01132  0.80968  -229.21644  -231.06538  4.99985   768
1372.00  0.03741  0.03757  0.01078  0.80968  -230.05568  -231.87715  4.99985   768
1373.00  0.03741  0.03757  0.01011  0.80968  -231.04903  -232.84151  4.99985   768
1374.00  0.03742  0.03757  0.00952  0.80968  -232.00270  -233.84248  4.99985   768
1375.00  0.03742  0.03757  0.00931  0.80968  -232.36433  -234.24837  4.99985   768
1376.00  0.03741  0.03757  0.00955  0.80968  -232.05153  -233.97676  4.99985   768
1377.00  0.03742  0.03757  0.01011  0.80968  -231.21535  -233.16499  4.99985   768
1378.00  0.03743  0.03757  0.01077  0.80968  -230.20064  -232.14876  4.99985   768
1379.00  0.03741  0.03757  0.01136  0.80968  -229.30189  -231.24391  4.99985   768
1380.00  0.03741  0.03757  0.01150  0.80968  -229.01961  -230.90669  4.99985   768
1381.00  0.03742  0.03757  0.01127  0.80968  -229.32631  -231.18898  4.99985   768
1382.00  0.03742  0.03757  0.01069  0.80968  -230.20369  -232.05110  4.99985   768
1383.00  0.03742  0.03757  0.01003  0.80968  -231.20161  -233.03072  4.99985   768
1384.00  0.03741  0.03757  0.00961  0.80968  -231.87910  -233.73720  4.99985   768
1385.00  0.03742  0.03757  0.00957  0.80968  -231.95692  -233.85469  4.99985   768
1386.00  0.03742  0.03757  0.00993  0.80968  -231.46406  -233.41066  4.99985   768
1387.00  0.03742  0.03757  0.01068  0.80968  -230.35628  -232.28609  4.99985   768
1388.00  0.03742  0.03757  0.01123  0.80968  -229.46974  -231.39802  4.99985   768
1389.00  0.03742  0.03757  0.01158  0.80968  -228.90517  -230.79835  4.99985   768
1390.00  0.03741  0.03757  0.01149  0.80968  -228.96773  -230.82277  4.99985   768
1391.00  0.03742  0.03757  0.01096  0.80968  -229.79628  -231.62691  4.99985   768
1392.00  0.03742  0.03757  0.01040  0.80968  -230.62788  -232.43257  4.99985   768
1393.00  0.03743  0.03757  0.00980  0.80968  -231.56325  -233.40608  4.99985   768
1394.00  0.03742  0.03757  0.00952  0.80968  -232.02254  -233.88063  4.99985   768
1395.00  0.03741  0.03757  0.00973  0.80968  -231.78450  -233.69142  4.99985   768
1396.00  0.03742  0.03757  0.01024  0.80968  -231.00783  -232.95900  4.99985   768
1397.00  0.03741  0.03757  0.01087  0.80968  -230.02058  -231.96718  4.99985   768
1398.00  0.03741  0.03757  0.01140  0.80968  -229.21492  -231.14625  4.99985   768
1399.00  0.03742  0.03757  0.01152  0.80968  -228.94484  -230.84108  4.99985   768
1400.00  0.03742  0.03757  0.01119  0.80968  -229.44380  -231.29274  4.99985   768
1401.00  0.03742  0.03757  0.01061  0.80968  -230.29219  -232.12282  4.99985   768
1402.00  0.03741  0.03757  0.00998  0.80968  -231.28401  -233.10396  4.99985   768
1403.00  0.03741  0.03757  0.00959  0.80968  -231.94166  -233.79365  4.99985   768
1404.00  0.03742  0.03757  0.00956  0.80968  -231.99812  -233.88063  4.99985   768
1405.00  0.03741  0.03757  0.00992  0.80968  -231.46864  -233.39082  4.99985   768
1406.00  0.03742  0.03757  0.01051  0.80968  -230.58516  -232.50734  4.99985   768
1407.00  0.03742  0.03757  0.01106  0.80968  -229.72151  -231.64979  4.99985   768
1408.00  0.03742  0.03757  0.01143  0.80968  -229.12184  -231.04097  4.99985   768
1409.00  0.03741  0.03757  0.01132  0.80968  -229.26832  -231.10506  4.99985   768
1410.00  0.03741  0.03757  0.01089  0.80968  -229.90156  -231.74592  4.99985   768
1411.00  0.03742  0.03757  0.01032  0.80968  -230.74232  -232.57600  4.99985   768
1412.00  0.03741  0.03757  0.00967  0.80968  -231.76771  -233.59834  4.99985   768
1413.00  0.03741  0.03757  0.00945  0.80968  -232.17055  -234.05763  4.99985   768
1414.00  0.03741  0.03757  0.00974  0.80968  -231.77077  -233.71431  4.99985   768
1415.00  0.03741  0.03757  0.01021  0.80968  -231.04445  -233.00172  4.99985   768
1416.00  0.03742  0.03757  0.01083  0.80968  -230.09688  -232.03584  4.99985   768
1417.00  0.03742  0.03757  0.01134  0.80968  -229.29121  -231.22255  4.99985   768
1418.00  0.03742  0.03757  0.01146  0.80968  -229.05318  -230.90974  4.99985   768
1419.00  0.03741  0.03757  0.01116  0.80968  -229.48347  -231.33546  4.99985   768
1420.00  0.03742  0.03757  0.01065  0.80968  -230.24031  -232.04347  4.99985   768
1421.00  0.03741  0.03757  0.01004  0.80968  -231.21077  -233.03834  4.99985   768
1422.00  0.03742  0.03757  0.00962  0.80968  -231.83180  -233.67464  4.99985   768
1423.00  0.03742  0.03757  0.00946  0.80968  -232.11561  -233.99049  4.99985   768
1424.00  0.03742  0.03757  0.00986  0.80968  -231.58308  -233.49916  4.99985   768
1425.00  0.03742  0.03757  0.01043  0.80968  -230.71028  -232.65077  4.99985   768
1426.00  0.03741  0.03757  0.01099  0.80968  -229.79170  -231.70930  4.99985   768
1427.00  0.03742  0.03757  0.01128  0.80968  -229.35683  -231.26375  4.99985   768
1428.00  0.03740  0.03757  0.01110  0.80968  -229.61623  -231.48042  4.99985   768
1429.00  0.03742  0.03757  0.01077  0.80968  -230.09383  -231.94124  4.99985   768
1430.00  0.03741  0.03757  0.01020  0.80968  -230.97578  -232.81709  4.99985   768
1431.00  0.03741  0.03757  0.00965  0.80968  -231.78450  -233.63649  4.99985   768
1432.00  0.03743  0.03757  0.00948  0.80968  -232.17055  -234.05916  4.99985   768
1433.00  0.03743  0.03757  0.00977  0.80968  -231.68837  -233.62276  4.99985   768
1434.00  0.03741  0.03757  0.01026  0.80968  -230.96815  -232.90559  4.99985   768
1435.00  0.03743  0.03757  0.01088  0.80968  -230.03584  -231.97481  4.99985   768
1436.00  0.03743  0.03757  0.01122  0.80968  -229.48653  -231.38124  4.99985   768
1437.00  0.03742  0.03757  0.01130  0.80968  -229.28206  -231.15999  4.99985   768
1438.00  0.03742  0.03757  0.01098  0.80968  -229.74745  -231.59181  4.99985   768
1439.00  0.03742  0.03757  0.01044  0.80968  -230.55617  -232.36543  4.99985   768
1440.00  0.03742  0.03757  0.00994  0.80968  -231.34352  -233.17415  4.99985   768
1441.00  0.03742  0.03757  0.00960  0.80968  -231.91115  -233.76466  4.99985   768
1442.00  0.03741  0.03757  0.00966  0.80968  -231.86537  -233.75856  4.99985   768
1443.00  0.03739  0.03757  0.01001  0.80968  -231.35268  -233.27028  4.99985   768
1444.00  0.03742  0.03757  0.01060  0.80968  -230.42952  -232.35933  4.99985   768
1445.00  0.03742  0.03757  0.01111  0.80968  -229.68336  -231.61317  4.99985   768
1446.00  0.03742  0.03757  0.01125  0.80968  -229.40260  -231.28969  4.99985   768
1447.00  0.03741  0.03757  0.01111  0.80968  -229.61317  -231.47584  4.99985   768
1448.00  0.03741  0.03757  0.01064  0.80968  -230.27846  -232.10908  4.99985   768
1449.00  0.03742  0.03757  0.01010  0.80968  -231.12990  -232.96815  4.99985   768
1450.00  0.03742  0.03757  0.00970  0.80968  -231.74788  -233.61207  4.99985   768
1451.00  0.03743  0.03757  0.00954  0.80968  -232.02864  -233.90810  4.99985   768
1452.00  0.03741  0.03757  0.00982  0.80968  -231.62276  -233.55104  4.99985   768
1453.00  0.03742  0.03757  0.01031  0.80968  -230.86897  -232.78657  4.99985   768
1454.00  0.03742  0.03757  0.01092  0.80968  -229.94887  -231.88478  4.99985   768
1455.00  0.03742  0.03757  0.01122  0.80968  -229.46974  -231.35072  4.99985   768
1456.00  0.03742  0.03757  0.01128  0.80968  -229.31258  -231.18593  4.99985   768
1457.00  0.03741  0.03757  0.01088  0.80968  -229.90156  -231.71693  4.99985   768
1458.00  0.03742  0.03757  0.01029  0.80968  -230.81099  -232.63093  4.99985   768
1459.00  0.03741  0.03757  0.00978  0.80968  -231.54951  -233.38472  4.99985   768
1460.00  0.03743  0.03757  0.00953  0.80968  -232.04848  -233.91115  4.99985   768
1461.00  0.03742  0.03757  0.00966  0.80968  -231.86384  -233.76924  4.99985   768
1462.00  0.03742  0.03757  0.01009  0.80968  -231.22145  -233.15431  4.99985   768
1463.00  0.03742  0.03757  0.01071  0.80968  -230.28151  -232.23421  4.99985   768
1464.00  0.03742  0.03757  0.01114  0.80968  -229.60402  -231.54756  4.99985   768
1465.00  0.03741  0.03757  0.01139  0.80968  -229.22255  -231.12489  4.99985   768
1466.00  0.03742  0.03757  0.01123  0.80968  -229.40260  -231.27901  4.99985   768
1467.00  0.03740  0.03757  0.01077  0.80968  -230.05720  -231.90919  4.99985   768
1468.00  0.03741  0.03757  0.01017  0.80968  -230.96358  -232.78505  4.99985   768
1469.00  0.03743  0.03757  0.00976  0.80968  -231.63039  -233.48695  4.99985   768
1470.00  0.03741  0.03757  0.00963  0.80968  -231.85316  -233.73567  4.99985   768
1471.00  0.03740  0.03757  0.00990  0.80968  -231.51137  -233.42134  4.99985   768
1472.00  0.03741  0.03757  0.01050  0.80968  -230.58058  -232.50123  4.99985   768
1473.00  0.03741  0.03757  0.01107  0.80968  -229.69710  -231.62843  4.99985   768
1474.00  0.03741  0.03757  0.01143  0.80968  -229.12642  -231.03181  4.99985   768
1475.00  0.03741  0.03757  0.01141  0.80968  -229.12031  -230.97536  4.99985   768
1476.00  0.03740  0.03757  0.01098  0.80968  -229.77949  -231.60097  4.99985   768
1477.00  0.03743  0.03757  0.01038  0.80968  -230.65535  -232.49055  4.99985   768
1478.00  0.03742  0.03757  0.00982  0.80968  -231.52052  -233.36183  4.99985   768
1479.00  0.03742  0.03757  0.00951  0.80968  -232.04542  -233.92335  4.99985   768
1480.00  0.03742  0.03757  0.00958  0.80968  -231.99202  -233.90047  4.99985   768
1481.00  0.03740  0.03757  0.01013  0.80968  -231.19246  -233.14821  4.99985   768
1482.00  0.03742  0.03757  0.01079  0.80968  -230.19759  -232.15791  4.99985   768
1483.00  0.03741  0.03757  0.01128  0.80968  -229.37819  -231.29579  4.99985   768
1484.00  0.03741  0.03757  0.01151  0.80968  -228.99672  -230.90364  4.99985   768
1485.00  0.03743  0.03757  0.01129  0.80968  -229.29121  -231.14473  4.99985   768
1486.00  0.03741  0.03757  0.01067  0.80968  -230.22963  -232.06331  4.99985   768
1487.00  0.03741  0.03757  0.01008  0.80968  -231.12990  -232.96205  4.99985   768
1488.00  0.03741  0.03757  0.00961  0.80968  -231.88521  -233.72194  4.99985   768
1489.00  0.03742  0.03757  0.00957  0.80968  -231.98592  -233.86995  4.99985   768
1490.00  0.03741  0.03757  0.00978  0.80968  -231.66701  -233.57088  4.99985   768
1491.00  0.03742  0.03757  0.01043  0.80968  -230.74538  -232.70113  4.99985   768
1492.00  0.03741  0.03757  0.01106  0.80968  -229.74592  -231.66811  4.99985   768
1493.00  0.03740  0.03757  0.01138  0.80968  -229.18440  -231.09285  4.99985   768
1494.00  0.03741  0.03757  0.01143  0.80968  -229.10811  -230.98756  4.99985   768
1495.00  0.03741  0.03757  0.01105  0.80968  -229.64064  -231.49568  4.99985   768
1496.00  0.03740  0.03757  0.01049  0.80968  -230.50886  -232.34254  4.99985   768
1497.00  0.03742  0.03757  0.00988  0.80968  -231.44575  -233.28706  4.99985   768
1498.00  0.03742  0.03757  0.00958  0.80968  -231.93404  -233.81502  4.99985   768
1499.00  0.03742  0.03757  0.00974  0.80968  -231.76924  -233.70973  4.99985   768
1500.00  0.03740  0.03757  0.01025  0.80968  -230.98799  -232.91780  4.99985   768
1501.00  0.03741  0.03757  0.01083  0.80968  -230.13960  -232.08467  4.99985   768
1502.00  0.03741  0.03757  0.01138  0.80968  -229.24544  -231.16609  4.99985   768
1503.00  0.03741  0.03757  0.01150  0.80968  -228.98909  -230.85176  4.99985   768
1504.00  0.03742  0.03757  0.01129  0.80968  -229.29426  -231.14778  4.99985   768
1505.00  0.03742  0.03757  0.01084  0.80968  -229.94124  -231.74287  4.99985   768
1506.00  0.03742  0.03757  0.01015  0.80968  -231.00478  -232.83082  4.99985   768
1507.00  0.03741  0.03757  0.00963  0.80968  -231.82265  -233.66701  4.99985   768
1508.00  0.03742  0.03757  0.00955  0.80968  -231.98897  -233.88216  4.99985   768
1509.00  0.03742  0.03757  0.00987  0.80968  -231.56935  -233.49763  4.99985   768
1510.00  0.03741  0.03757  0.01042  0.80968  -230.72096  -232.65687  4.99985   768
1511.00  0.03741  0.03757  0.01093  0.80968  -229.95039  -231.87868  4.99985   768
1512.00  0.03741  0.03757  0.01127  0.80968  -229.39955  -231.31868  4.99985   768
1513.00  0.03741  0.03757  0.01122  0.80968  -229.42091  -231.29732  4.99985   768
1514.00  0.03741  0.03757  0.01090  0.80968  -229.90004  -231.75813  4.99985   768
1515.00  0.03742  0.03757  0.01029  0.80968  -230.82167  -232.65993  4.99985   768
1516.00  0.03741  0.03757  0.00977  0.80968  -231.60750  -233.48085  4.99985   768
1517.00  0.03740  0.03757  0.00951  0.80968  -232.05305  -233.92946  4.99985   768
1518.00  0.03742  0.03757  0.00964  0.80968  -231.86079  -233.76924  4.99985   768
1519.00  0.03741  0.03757  0.01012  0.80968  -231.22755  -233.17110  4.99985   768
1520.00  0.03741  0.03757  0.01078  0.80968  -230.15333  -232.09383  4.99985   768
1521.00  0.03742  0.03757  0.01119  0.80968  -229.49568  -231.40260  4.99985   768
1522.00  0.03741  0.03757  0.01128  0.80968  -229.33089  -231.22255  4.99985   768
1523.00  0.03741  0.03757  0.01110  0.80968  -229.56892  -231.41176  4.99985   768
1524.00  0.03742  0.03757  0.01062  0.80968  -230.30134  -232.13655  4.99985   768
1525.00  0.03741  0.03757  0.01003  0.80968  -231.20924  -233.03072  4.99985   768
1526.00  0.03742  0.03757  0.00968  0.80968  -231.77077  -233.62886  4.99985   768
1527.00  0.03740  0.03757  0.00960  0.80968  -231.93404  -233.82570  4.99985   768
1528.00  0.03742  0.03757  0.00992  0.80968  -231.49916  -233.43202  4.99985   768
1529.00  0.03741  0.03757  0.01053  0.80968  -230.55159  -232.51802  4.99985   768
1530.00  0.03742  0.03757  0.01111  0.80968  -229.62996  -231.57350  4.99985   768
1531.00  0.03740  0.03757  0.01137  0.80968  -229.20271  -231.12184  4.99985   768
1532.00  0.03742  0.03757  0.01130  0.80968  -229.29732  -231.17830  4.99985   768
1533.00  0.03742  0.03757  0.01090  0.80968  -229.90004  -231.75203  4.99985   768
1534.00  0.03740  0.03757  0.01025  0.80968  -230.85066  -232.65993  4.99985   768
1535.00  0.03741  0.03757  0.00978  0.80968  -231.62581  -233.48085  4.99985   768
1536.00  0.03741  0.03757  0.00956  0.80968  -231.96150  -233.84401  4.99985   768
1537.00  0.03740  0.03757  0.00974  0.80968  -231.74177  -233.63496  4.99985   768
1538.00  0.03742  0.03757  0.01023  0.80968  -231.06123  -232.96815  4.99985   768
1539.00  0.03742  0.03757  0.01078  0.80968  -230.16402  -232.08009  4.99985   768
1540.00  0.03743  0.03757  0.01118  0.80968  -229.56740  -231.47584  4.99985   768
1541.00  0.03741  0.03757  0.01132  0.80968  -229.26680  -231.14625  4.99985   768
1542.00  0.03741  0.03757  0.01107  0.80968  -229.62538  -231.47279  4.99985   768
1543.00  0.03740  0.03757  0.01047  0.80968  -230.49055  -232.30897  4.99985   768
1544.00  0.03741  0.03757  0.00986  0.80968  -231.47627  -233.30080  4.99985   768
1545.00  0.03743  0.03757  0.00943  0.80968  -232.19191  -234.05305  4.99985   768
1546.00  0.03742  0.03757  0.00941  0.80968  -232.25600  -234.16444  4.99985   768
1547.00  0.03741  0.03757  0.00978  0.80968  -231.72652  -233.67158  4.99985   768
1548.00  0.03742  0.03757  0.01043  0.80968  -230.72096  -232.67366  4.99985   768
1549.00  0.03741  0.03757  0.01099  0.80968  -229.85274  -231.80086  4.99985   768
1550.00  0.03742  0.03757  0.01134  0.80968  -229.26985  -231.16762  4.99985   768
1551.00  0.03740  0.03757  0.01126  0.80968  -229.38429  -231.26832  4.99985   768
1552.00  0.03742  0.03757  0.01078  0.80968  -230.02974  -231.85731  4.99985   768
1553.00  0.03742  0.03757  0.01023  0.80968  -230.89186  -232.73164  4.99985   768
1554.00  0.03740  0.03757  0.00977  0.80968  -231.63039  -233.47475  4.99985   768
1555.00  0.03742  0.03757  0.00949  0.80968  -232.09120  -233.93556  4.99985   768
1556.00  0.03742  0.03757  0.00970  0.80968  -231.77687  -233.67464  4.99985   768
1557.00  0.03741  0.03757  0.01032  0.80968  -230.88118  -232.82167  4.99985   768
1558.00  0.03741  0.03757  0.01089  0.80968  -230.01448  -231.93513  4.99985   768
1559.00  0.03741  0.03757  0.01130  0.80968  -229.36446  -231.27901  4.99985   768
1560.00  0.03742  0.03757  0.01138  0.80968  -229.17982  -231.04860  4.99985   768
1561.00  0.03741  0.03757  0.01111  0.80968  -229.54451  -231.39192  4.99985   768
1562.00  0.03741  0.03757  0.01051  0.80968  -230.46156  -232.29372  4.99985   768
1563.00  0.03742  0.03757  0.00991  0.80968  -231.39235  -233.24434  4.99985   768
1564.00  0.03741  0.03757  0.00950  0.80968  -232.07747  -233.94624  4.99985   768
1565.00  0.03742  0.03757  0.00953  0.80968  -232.11714  -234.02711  4.99985   768
1566.00  0.03740  0.03757  0.01006  0.80968  -231.29774  -233.25349  4.99985   768
1567.00  0.03742  0.03757  0.01070  0.80968  -230.27998  -232.22200  4.99985   768
1568.00  0.03741  0.03757  0.01126  0.80968  -229.44075  -231.39497  4.99985   768
1569.00  0.03742  0.03757  0.01145  0.80968  -229.10200  -230.96162  4.99985   768
1570.00  0.03742  0.03757  0.01132  0.80968  -229.28969  -231.15236  4.99985   768
1571.00  0.03741  0.03757  0.01075  0.80968  -230.08620  -231.92598  4.99985   768
1572.00  0.03743  0.03757  0.01018  0.80968  -230.94527  -232.76826  4.99985   768
1573.00  0.03741  0.03757  0.00962  0.80968  -231.86232  -233.68227  4.99985   768
1574.00  0.03742  0.03757  0.00942  0.80968  -232.20564  -234.09273  4.99985   768
1575.00  0.03741  0.03757  0.00973  0.80968  -231.78297  -233.69142  4.99985   768
1576.00  0.03743  0.03757  0.01028  0.80968  -230.93611  -232.86439  4.99985   768
1577.00  0.03742  0.03757  0.01094  0.80968  -229.93819  -231.89088  4.99985   768
1578.00  0.03742  0.03757  0.01147  0.80968  -229.08827  -231.01961  4.99985   768
1579.00  0.03742  0.03757  0.01144  0.80968  -229.10353  -230.98451  4.99985   768
1580.00  0.03740  0.03757  0.01113  0.80968  -229.51399  -231.35072  4.99985   768
1581.00  0.03742  0.03757  0.01048  0.80968  -230.50123  -232.34712  4.99985   768
1582.00  0.03741  0.03757  0.00986  0.80968  -231.44881  -233.29011  4.99985   768
1583.00  0.03741  0.03757  0.00945  0.80968  -232.14613  -234.02711  4.99985   768
1584.00  0.03742  0.03757  0.00950  0.80968  -232.13850  -234.04390  4.99985   768
1585.00  0.03741  0.03757  0.00993  0.80968  -231.48848  -233.43202  4.99985   768
1586.00  0.03740  0.03757  0.01070  0.80968  -230.30134  -232.25557  4.99985   768
1587.00  0.03742  0.03757  0.01130  0.80968  -229.33546  -231.24696  4.99985   768
1588.00  0.03740  0.03757  0.01153  0.80968  -228.96773  -230.83192  4.99985   768
1589.00  0.03741  0.03757  0.01139  0.80968  -229.14931  -231.00740  4.99985   768
1590.00  0.03741  0.03757  0.01089  0.80968  -229.87257  -231.68642  4.99985   768
1591.00  0.03741  0.03757  0.01016  0.80968  -231.00172  -232.81709  4.99985   768
1592.00  0.03741  0.03757  0.00959  0.80968  -231.91420  -233.73872  4.99985   768
1593.00  0.03742  0.03757  0.00935  0.80968  -232.33229  -234.20717  4.99985   768
1594.00  0.03739  0.03757  0.00958  0.80968  -232.03474  -233.95998  4.99985   768
1595.00  0.03742  0.03757  0.01016  0.80968  -231.16499  -233.09480  4.99985   768
1596.00  0.03741  0.03757  0.01083  0.80968  -230.12892  -232.09077  4.99985   768
1597.00  0.03740  0.03757  0.01135  0.80968  -229.28816  -231.21644  4.99985   768
1598.00  0.03741  0.03757  0.01137  0.80968  -229.23933  -231.13557  4.99985   768
1599.00  0.03742  0.03757  0.01111  0.80968  -229.56892  -231.41481  4.99985   768
1600.00  0.03742  0.03757  0.01054  0.80968  -230.41884  -232.25709  4.99985   768
1601.00  0.03741  0.03757  0.00987  0.80968  -231.47932  -233.30537  4.99985   768
1602.00  0.03742  0.03757  0.00956  0.80968  -231.95235  -233.81807  4.99985   768
1603.00  0.03740  0.03757  0.00949  0.80968  -232.10493  -233.97371  4.99985   768
1604.00  0.03742  0.03757  0.00993  0.80968  -231.47017  -233.39387  4.99985   768
1605.00  0.03741  0.03757  0.01062  0.80968  -230.44173  -232.37916  4.99985   768
1606.00  0.03741  0.03757  0.01126  0.80968  -229.42244  -231.34614  4.99985   768
1607.00  0.03741  0.03757  0.01151  0.80968  -228.98604  -230.88380  4.99985   768
1608.00  0.03741  0.03757  0.01142  0.80968  -229.11726  -230.97383  4.99985   768
1609.00  0.03741  0.03757  0.01092  0.80968  -229.85426  -231.65895  4.99985   768
1610.00  0.03742  0.03757  0.01031  0.80968  -230.75758  -232.59279  4.99985   768
1611.00  0.03740  0.03757  0.00983  0.80968  -231.53120  -233.38014  4.99985   768
1612.00  0.03742  0.03757  0.00962  0.80968  -231.90657  -233.79671  4.99985   768
1613.00  0.03741  0.03757  0.00985  0.80968  -231.59834  -233.53578  4.99985   768
1614.00  0.03742  0.03757  0.01028  0.80968  -230.95747  -232.90254  4.99985   768
1615.00  0.03740  0.03757  0.01090  0.80968  -229.99312  -231.93971  4.99985   768
1616.00  0.03742  0.03757  0.01135  0.80968  -229.25307  -231.16304  4.99985   768
1617.00  0.03743  0.03757  0.01138  0.80968  -229.20729  -231.09743  4.99985   768
1618.00  0.03742  0.03757  0.01108  0.80968  -229.58113  -231.43312  4.99985   768
1619.00  0.03742  0.03757  0.01041  0.80968  -230.61873  -232.43562  4.99985   768
1620.00  0.03740  0.03757  0.00987  0.80968  -231.44881  -233.26112  4.99985   768
1621.00  0.03741  0.03757  0.00950  0.80968  -232.04085  -233.89894  4.99985   768
1622.00  0.03740  0.03757  0.00951  0.80968  -232.08510  -233.96303  4.99985   768
1623.00  0.03741  0.03757  0.00998  0.80968  -231.41066  -233.34505  4.99985   768
1624.00  0.03741  0.03757  0.01055  0.80968  -230.50581  -232.42189  4.99985   768
1625.00  0.03741  0.03757  0.01107  0.80968  -229.70473  -231.61623  4.99985   768
1626.00  0.03742  0.03757  0.01130  0.80968  -229.30037  -231.18135  4.99985   768
1627.00  0.03741  0.03757  0.01110  0.80968  -229.62996  -231.48653  4.99985   768
1628.00  0.03741  0.03757  0.01067  0.80968  -230.27693  -232.11977  4.99985   768
1629.00  0.03741  0.03757  0.01014  0.80968  -231.05360  -232.88728  4.99985   768
1630.00  0.03741  0.03757  0.00965  0.80968  -231.81654  -233.67311  4.99985   768
1631.00  0.03741  0.03757  0.00956  0.80968  -232.03627  -233.92793  4.99985   768
1632.00  0.03742  0.03757  0.00987  0.80968  -231.54799  -233.47932  4.99985   768
1633.00  0.03741  0.03757  0.01050  0.80968  -230.63399  -232.58668  4.99985   768
1634.00  0.03742  0.03757  0.01106  0.80968  -229.72609  -231.67421  4.99985   768
1635.00  0.03739  0.03757  0.01148  0.80968  -229.07912  -230.99214  4.99985   768
1636.00  0.03742  0.03757  0.01146  0.80968  -229.03334  -230.89906  4.99985   768
1637.00  0.03741  0.03757  0.01112  0.80968  -229.52925  -231.36598  4.99985   768
1638.00  0.03741  0.03757  0.01057  0.80968  -230.36543  -232.17470  4.99985   768
1639.00  0.03742  0.03757  0.00999  0.80968  -231.27333  -233.09022  4.99985   768
1640.00  0.03741  0.03757  0.00969  0.80968  -231.74177  -233.58919  4.99985   768
1641.00  0.03741  0.03757  0.00979  0.80968  -231.66395  -233.57851  4.99985   768
1642.00  0.03742  0.03757  0.01025  0.80968  -230.95595  -232.88881  4.99985   768
1643.00  0.03740  0.03757  0.01087  0.80968  -230.01753  -231.94124  4.99985   768
1644.00  0.03741  0.03757  0.01142  0.80968  -229.17982  -231.11116  4.99985   768
1645.00  0.03740  0.03757  0.01146  0.80968  -229.04707  -230.93111  4.99985   768
1646.00  0.03741  0.03757  0.01126  0.80968  -229.36598  -231.24849  4.99985   768
1647.00  0.03740  0.03757  0.01070  0.80968  -230.17317  -232.01448  4.99985   768
1648.00  0.03741  0.03757  0.01005  0.80968  -231.20161  -233.03529  4.99985   768
1649.00  0.03740  0.03757  0.00953  0.80968  -232.00270  -233.86079  4.99985   768
1650.00  0.03741  0.03757  0.00944  0.80968  -232.21022  -234.10951  4.99985   768
1651.00  0.03741  0.03757  0.00976  0.80968  -231.74940  -233.67616  4.99985   768
1652.00  0.03741  0.03757  0.01035  0.80968  -230.84151  -232.79115  4.99985   768
1653.00  0.03741  0.03757  0.01093  0.80968  -229.95955  -231.88631  4.99985   768
1654.00  0.03742  0.03757  0.01129  0.80968  -229.32936  -231.21950  4.99985   768
1655.00  0.03741  0.03757  0.01130  0.80968  -229.31410  -231.16914  4.99985   768
1656.00  0.03741  0.03757  0.01092  0.80968  -229.87410  -231.69862  4.99985   768
1657.00  0.03741  0.03757  0.01024  0.80968  -230.85829  -232.64162  4.99985   768
1658.00  0.03740  0.03757  0.00969  0.80968  -231.73109  -233.56477  4.99985   768
1659.00  0.03743  0.03757  0.00945  0.80968  -232.16597  -234.03932  4.99985   768
1660.00  0.03740  0.03757  0.00960  0.80968  -231.91878  -233.83180  4.99985   768
1661.00  0.03740  0.03757  0.01010  0.80968  -231.21077  -233.15736  4.99985   768
1662.00  0.03741  0.03757  0.01073  0.80968  -230.27540  -232.22810  4.99985   768
1663.00  0.03741  0.03757  0.01129  0.80968  -229.37208  -231.31715  4.99985   768
1664.00  0.03741  0.03757  0.01142  0.80968  -229.15999  -231.04860  4.99985   768
1665.00  0.03740  0.03757  0.01125  0.80968  -229.37514  -231.24849  4.99985   768
1666.00  0.03742  0.03757  0.01075  0.80968  -230.11061  -231.94734  4.99985   768
1667.00  0.03741  0.03757  0.01009  0.80968  -231.11769  -232.94527  4.99985   768
1668.00  0.03740  0.03757  0.00965  0.80968  -231.83485  -233.68684  4.99985   768
1669.00  0.03741  0.03757  0.00969  0.80968  -231.77229  -233.68379  4.99985   768
1670.00  0.03741  0.03757  0.00994  0.80968  -231.42897  -233.32826  4.99985   768
1671.00  0.03741  0.03757  0.01049  0.80968  -230.61568  -232.56532  4.99985   768
1672.00  0.03742  0.03757  0.01114  0.80968  -229.58418  -231.49415  4.99985   768
1673.00  0.03740  0.03757  0.01133  0.80968  -229.28053  -231.16914  4.99985   768
1674.00  0.03742  0.03757  0.01128  0.80968  -229.30342  -231.17830  4.99985   768
1675.00  0.03741  0.03757  0.01098  0.80968  -229.75508  -231.58266  4.99985   768
1676.00  0.03741  0.03757  0.01043  0.80968  -230.57753  -232.41273  4.99985   768
1677.00  0.03741  0.03757  0.00974  0.80968  -231.65327  -233.47169  4.99985   768
1678.00  0.03741  0.03757  0.00953  0.80968  -232.08510  -233.94929  4.99985   768
1679.00  0.03741  0.03757  0.00966  0.80968  -231.85927  -233.78450  4.99985   768
1680.00  0.03741  0.03757  0.01011  0.80968  -231.19551  -233.14516  4.99985   768
1681.00  0.03740  0.03757  0.01076  0.80968  -230.23726  -232.19606  4.99985   768
1682.00  0.03742  0.03757  0.01131  0.80968  -229.35377  -231.27748  4.99985   768
1683.00  0.03740  0.03757  0.01128  0.80968  -229.33699  -231.23170  4.99985   768
1684.00  0.03740  0.03757  0.01110  0.80968  -229.62233  -231.47432  4.99985   768
1685.00  0.03740  0.03757  0.01063  0.80968  -230.31355  -232.13350  4.99985   768
1686.00  0.03741  0.03757  0.01003  0.80968  -231.20161  -233.04445  4.99985   768
1687.00  0.03740  0.03757  0.00960  0.80968  -231.83790  -233.67006  4.99985   768
1688.00  0.03741  0.03757  0.00950  0.80968  -232.10951  -233.99660  4.99985   768
1689.00  0.03740  0.03757  0.00977  0.80968  -231.68379  -233.59987  4.99985   768
1690.00  0.03741  0.03757  0.01041  0.80968  -230.72707  -232.66145  4.99985   768
1691.00  0.03740  0.03757  0.01100  0.80968  -229.80086  -231.70167  4.99985   768
1692.00  0.03741  0.03757  0.01134  0.80968  -229.27595  -231.18593  4.99985   768
1693.00  0.03740  0.03757  0.01125  0.80968  -229.39497  -231.26070  4.99985   768
1694.00  0.03742  0.03757  0.01084  0.80968  -229.95192  -231.79628  4.99985   768
1695.00  0.03742  0.03757  0.01025  0.80968  -230.85066  -232.66603  4.99985   768
1696.00  0.03741  0.03757  0.00974  0.80968  -231.67616  -233.52510  4.99985   768
1697.00  0.03740  0.03757  0.00951  0.80968  -232.07442  -233.95998  4.99985   768
1698.00  0.03742  0.03757  0.00962  0.80968  -231.92946  -233.86690  4.99985   768
1699.00  0.03741  0.03757  0.01012  0.80968  -231.19704  -233.14821  4.99985   768
1700.00  0.03743  0.03757  0.01076  0.80968  -230.23115  -232.17165  4.99985   768
1701.00  0.03740  0.03757  0.01121  0.80968  -229.48958  -231.40718  4.99985   768
1702.00  0.03741  0.03757  0.01135  0.80968  -229.26070  -231.14931  4.99985   768
1703.00  0.03740  0.03757  0.01114  0.80968  -229.53535  -231.37208  4.99985   768
1704.00  0.03740  0.03757  0.01061  0.80968  -230.29677  -232.13045  4.99985   768
1705.00  0.03740  0.03757  0.00996  0.80968  -231.30995  -233.12837  4.99985   768
1706.00  0.03742  0.03757  0.00950  0.80968  -232.03780  -233.85927  4.99985   768
1707.00  0.03741  0.03757  0.00952  0.80968  -232.08205  -233.96455  4.99985   768
1708.00  0.03740  0.03757  0.00987  0.80968  -231.55409  -233.47169  4.99985   768
1709.00  0.03741  0.03757  0.01049  0.80968  -230.62331  -232.57600  4.99985   768
1710.00  0.03742  0.03757  0.01103  0.80968  -229.80086  -231.71693  4.99985   768
1711.00  0.03740  0.03757  0.01135  0.80968  -229.25612  -231.16151  4.99985   768
1712.00  0.03741  0.03757  0.01129  0.80968  -229.29579  -231.18745  4.99985   768
1713.00  0.03741  0.03757  0.01088  0.80968  -229.92598  -231.76729  4.99985   768
1714.00  0.03742  0.03757  0.01028  0.80968  -230.83388  -232.67213  4.99985   768
1715.00  0.03741  0.03757  0.00975  0.80968  -231.62886  -233.47932  4.99985   768
1716.00  0.03741  0.03757  0.00951  0.80968  -232.06831  -233.96760  4.99985   768
1717.00  0.03741  0.03757  0.00970  0.80968  -231.83638  -233.75398  4.99985   768
1718.00  0.03740  0.03757  0.01027  0.80968  -230.98189  -232.92390  4.99985   768
1719.00  0.03740  0.03757  0.01088  0.80968  -230.01601  -231.95497  4.99985   768
1720.00  0.03741  0.03757  0.01130  0.80968  -229.31410  -231.21034  4.99985   768
1721.00  0.03740  0.03757  0.01135  0.80968  -229.23323  -231.11421  4.99985   768
1722.00  0.03741  0.03757  0.01116  0.80968  -229.51247  -231.35072  4.99985   768
1723.00  0.03740  0.03757  0.01063  0.80968  -230.23878  -232.05263  4.99985   768
1724.00  0.03740  0.03757  0.00996  0.80968  -231.30232  -233.11464  4.99985   768
1725.00  0.03740  0.03757  0.00960  0.80968  -231.91115  -233.75551  4.99985   768
1726.00  0.03741  0.03757  0.00960  0.80968  -231.93861  -233.83638  4.99985   768
1727.00  0.03740  0.03757  0.01006  0.80968  -231.27333  -233.20467  4.99985   768
1728.00  0.03741  0.03757  0.01062  0.80968  -230.45546  -232.40053  4.99985   768
1729.00  0.03740  0.03757  0.01119  0.80968  -229.53230  -231.46669  4.99985   768
1730.00  0.03741  0.03757  0.01139  0.80968  -229.17677  -231.08369  4.99985   768
1731.00  0.03741  0.03757  0.01132  0.80968  -229.28206  -231.14473  4.99985   768
1732.00  0.03741  0.03757  0.01088  0.80968  -229.92750  -231.78407  4.99985   768
1733.00  0.03741  0.03757  0.01025  0.80968  -230.90254  -232.74080  4.99985   768
1734.00  0.03740  0.03757  0.00980  0.80968  -231.56935  -233.40608  4.99985   768
1735.00  0.03739  0.03757  0.00947  0.80968  -232.13850  -234.00575  4.99985   768
1736.00  0.03740  0.03757  0.00968  0.80968  -231.83638  -233.76009  4.99985   768
1737.00  0.03742  0.03757  0.01025  0.80968  -230.98189  -232.89949  4.99985   768
1738.00  0.03741  0.03757  0.01084  0.80968  -230.05568  -232.00380  4.99985   768
1739.00  0.03740  0.03757  0.01128  0.80968  -229.37666  -231.28358  4.99985   768
1740.00  0.03740  0.03757  0.01133  0.80968  -229.24086  -231.13100  4.99985   768
1741.00  0.03740  0.03757  0.01095  0.80968  -229.79170  -231.62080  4.99985   768
1742.00  0.03740  0.03757  0.01041  0.80968  -230.62483  -232.43104  4.99985   768
1743.00  0.03741  0.03757  0.00985  0.80968  -231.47475  -233.29774  4.99985   768
1744.00  0.03741  0.03757  0.00956  0.80968  -231.97523  -233.85927  4.99985   768
1745.00  0.03740  0.03757  0.00949  0.80968  -232.10036  -233.98286  4.99985   768
1746.00  0.03741  0.03757  0.00995  0.80968  -231.45491  -233.41218  4.99985   768
1747.00  0.03741  0.03757  0.01058  0.80968  -230.49513  -232.47682  4.99985   768
1748.00  0.03741  0.03757  0.01120  0.80968  -229.48958  -231.41634  4.99985   768
1749.00  0.03740  0.03757  0.01147  0.80968  -229.07149  -230.98146  4.99985   768
1750.00  0.03740  0.03757  0.01136  0.80968  -229.21187  -231.09132  4.99985   768
1751.00  0.03741  0.03757  0.01092  0.80968  -229.82832  -231.64827  4.99985   768
1752.00  0.03741  0.03757  0.01034  0.80968  -230.75758  -232.58058  4.99985   768
1753.00  0.03740  0.03757  0.00968  0.80968  -231.72499  -233.56325  4.99985   768
1754.00  0.03742  0.03757  0.00960  0.80968  -231.94319  -233.82875  4.99985   768
1755.00  0.03742  0.03757  0.00985  0.80968  -231.57851  -233.49611  4.99985   768
1756.00  0.03741  0.03757  0.01027  0.80968  -230.93611  -232.86134  4.99985   768
1757.00  0.03740  0.03757  0.01095  0.80968  -229.91988  -231.86189  4.99985   768
1758.00  0.03740  0.03757  0.01138  0.80968  -229.19508  -231.09895  4.99985   768
1759.00  0.03740  0.03757  0.01138  0.80968  -229.16914  -231.03639  4.99985   768
1760.00  0.03739  0.03757  0.01109  0.80968  -229.59181  -231.43922  4.99985   768
1761.00  0.03742  0.03757  0.01062  0.80968  -230.31203  -232.14571  4.99985   768
1762.00  0.03740  0.03757  0.00994  0.80968  -231.34199  -233.18330  4.99985   768
1763.00  0.03740  0.03757  0.00955  0.80968  -232.02101  -233.88826  4.99985   768
1764.00  0.03739  0.03757  0.00963  0.80968  -231.90047  -233.81502  4.99985   768
1765.00  0.03740  0.03757  0.01005  0.80968  -231.29317  -233.25044  4.99985   768
1766.00  0.03741  0.03757  0.01059  0.80968  -230.47987  -232.43715  4.99985   768
1767.00  0.03740  0.03757  0.01118  0.80968  -229.55366  -231.50484  4.99985   768
1768.00  0.03740  0.03757  0.01139  0.80968  -229.14015  -231.02876  4.99985   768
1769.00  0.03741  0.03757  0.01120  0.80968  -229.42091  -231.27748  4.99985   768
1770.00  0.03740  0.03757  0.01074  0.80968  -230.10298  -231.93666  4.99985   768
1771.00  0.03741  0.03757  0.01018  0.80968  -230.97578  -232.79420  4.99985   768
1772.00  0.03741  0.03757  0.00959  0.80968  -231.90352  -233.72499  4.99985   768
1773.00  0.03739  0.03757  0.00944  0.80968  -232.15529  -234.00728  4.99985   768
1774.00  0.03740  0.03757  0.00968  0.80968  -231.83790  -233.75246  4.99985   768
1775.00  0.03741  0.03757  0.01023  0.80968  -231.01546  -232.94221  4.99985   768
1776.00  0.03740  0.03757  0.01090  0.80968  -230.02058  -231.94582  4.99985   768
1777.00  0.03740  0.03757  0.01136  0.80968  -229.25612  -231.16304  4.99985   768
1778.00  0.03739  0.03757  0.01133  0.80968  -229.25001  -231.13863  4.99985   768
1779.00  0.03740  0.03757  0.01106  0.80968  -229.68031  -231.54603  4.99985   768
1780.00  0.03741  0.03757  0.01052  0.80968  -230.46461  -232.31050  4.99985   768
1781.00  0.03740  0.03757  0.00983  0.80968  -231.48543  -233.32216  4.99985   768
1782.00  0.03739  0.03757  0.00962  0.80968  -231.92793  -233.81654  4.99985   768
1783.00  0.03741  0.03757  0.00957  0.80968  -231.98134  -233.88368  4.99985   768
1784.00  0.03740  0.03757  0.01001  0.80968  -231.37862  -233.31758  4.99985   768
1785.00  0.03742  0.03757  0.01068  0.80968  -230.32881  -232.29677  4.99985   768
1786.00  0.03742  0.03757  0.01122  0.80968  -229.50178  -231.42854  4.99985   768
1787.00  0.03740  0.03757  0.01147  0.80968  -229.06996  -230.94026  4.99985   768
1788.00  0.03740  0.03757  0.01128  0.80968  -229.28664  -231.12184  4.99985   768
1789.00  0.03742  0.03757  0.01078  0.80968  -230.05110  -231.87562  4.99985   768
1790.00  0.03740  0.03757  0.01012  0.80968  -231.07802  -232.88728  4.99985   768
1791.00  0.03740  0.03757  0.00959  0.80968  -231.90810  -233.73567  4.99985   768
1792.00  0.03741  0.03757  0.00952  0.80968  -232.08205  -233.95692  4.99985   768
1793.00  0.03741  0.03757  0.00969  0.80968  -231.82112  -233.73109  4.99985   768
1794.00  0.03741  0.03757  0.01016  0.80968  -231.12074  -233.05513  4.99985   768
1795.00  0.03740  0.03757  0.01071  0.80968  -230.25252  -232.19453  4.99985   768
1796.00  0.03740  0.03757  0.01110  0.80968  -229.66200  -231.57503  4.99985   768
1797.00  0.03741  0.03757  0.01123  0.80968  -229.41481  -231.31258  4.99985   768
1798.00  0.03741  0.03757  0.01095  0.80968  -229.78560  -231.64979  4.99985   768
1799.00  0.03742  0.03757  0.01042  0.80968  -230.59889  -232.45393  4.99985   768
1800.00  0.03740  0.03757  0.00986  0.80968  -231.50069  -233.32979  4.99985   768
1801.00  0.03739  0.03757  0.00956  0.80968  -231.96913  -233.83790  4.99985   768
1802.00  0.03740  0.03757  0.00960  0.80968  -231.96913  -233.87605  4.99985   768
1803.00  0.03740  0.03757  0.01007  0.80968  -231.25960  -233.20467  4.99985   768
1804.00  0.03740  0.03757  0.01068  0.80968  -230.34560  -232.27235  4.99985   768
1805.00  0.03740  0.03757  0.01112  0.80968  -229.61775  -231.51399  4.99985   768
1806.00  0.03741  0.03757  0.01133  0.80968  -229.24696  -231.14168  4.99985   768
1807.00  0.03739  0.03757  0.01117  0.80968  -229.48042  -231.32631  4.99985   768
1808.00  0.03740  0.03757  0.01075  0.80968  -230.09077  -231.91682  4.99985   768
1809.00  0.03740  0.03757  0.01020  0.80968  -230.95747  -232.78963  4.99985   768
1810.00  0.03739  0.03757  0.00976  0.80968  -231.66243  -233.50832  4.99985   768
1811.00  0.03739  0.03757  0.00965  0.80968  -231.85164  -233.73872  4.99985   768
1812.00  0.03740  0.03757  0.00984  0.80968  -231.59834  -233.52663  4.99985   768
1813.00  0.03740  0.03757  0.01030  0.80968  -230.92238  -232.87660  4.99985   768
1814.00  0.03741  0.03757  0.01095  0.80968  -229.90309  -231.85731  4.99985   768
1815.00  0.03740  0.03757  0.01123  0.80968  -229.46364  -231.38277  4.99985   768
1816.00  0.03740  0.03757  0.01130  0.80968  -229.30342  -231.20119  4.99985   768
1817.00  0.03740  0.03757  0.01089  0.80968  -229.86342  -231.70625  4.99985   768
1818.00  0.03740  0.03757  0.01032  0.80968  -230.72401  -232.54396  4.99985   768
1819.00  0.03741  0.03757  0.00982  0.80968  -231.54951  -233.40456  4.99985   768
1820.00  0.03740  0.03757  0.00957  0.80968  -231.97218  -233.83180  4.99985   768
1821.00  0.03740  0.03757  0.00966  0.80968  -231.84859  -233.74177  4.99985   768
1822.00  0.03741  0.03757  0.01014  0.80968  -231.17873  -233.11616  4.99985   768
1823.00  0.03740  0.03757  0.01074  0.80968  -230.20674  -232.11366  4.99985   768
1824.00  0.03740  0.03757  0.01117  0.80968  -229.57045  -231.46821  4.99985   768
1825.00  0.03740  0.03757  0.01139  0.80968  -229.19203  -231.07759  4.99985   768
1826.00  0.03740  0.03757  0.01109  0.80968  -229.57655  -231.41939  4.99985   768
1827.00  0.03740  0.03757  0.01065  0.80968  -230.23421  -232.08009  4.99985   768
1828.00  0.03739  0.03757  0.01006  0.80968  -231.13142  -232.98341  4.99985   768
1829.00  0.03740  0.03757  0.00965  0.80968  -231.82722  -233.69600  4.99985   768
1830.00  0.03740  0.03757  0.00959  0.80968  -231.99049  -233.87910  4.99985   768
1831.00  0.03742  0.03757  0.00992  0.80968  -231.48848  -233.43355  4.99985   768
1832.00  0.03742  0.03757  0.01054  0.80968  -230.56074  -232.54091  4.99985   768
1833.00  0.03741  0.03757  0.01107  0.80968  -229.72609  -231.65895  4.99985   768
1834.00  0.03740  0.03757  0.01152  0.80968  -228.99519  -230.91737  4.99985   768
1835.00  0.03739  0.03757  0.01146  0.80968  -229.03639  -230.89601  4.99985   768
1836.00  0.03740  0.03757  0.01114  0.80968  -229.53383  -231.36751  4.99985   768
1837.00  0.03740  0.03757  0.01046  0.80968  -230.55922  -232.37611  4.99985   768
1838.00  0.03740  0.03757  0.00991  0.80968  -231.35115  -233.16652  4.99985   768
1839.00  0.03741  0.03757  0.00953  0.80968  -232.01948  -233.87300  4.99985   768
1840.00  0.03741  0.03757  0.00969  0.80968  -231.83790  -233.74940  4.99985   768
1841.00  0.03741  0.03757  0.01008  0.80968  -231.25197  -233.17262  4.99985   768
1842.00  0.03741  0.03757  0.01074  0.80968  -230.23573  -232.16249  4.99985   768
1843.00  0.03740  0.03757  0.01125  0.80968  -229.41023  -231.34767  4.99985   768
1844.00  0.03740  0.03757  0.01142  0.80968  -229.14168  -231.03487  4.99985   768
1845.00  0.03740  0.03757  0.01115  0.80968  -229.51247  -231.36903  4.99985   768
1846.00  0.03740  0.03757  0.01054  0.80968  -230.41579  -232.24641  4.99985   768
1847.00  0.03741  0.03757  0.01002  0.80968  -231.22755  -233.06734  4.99985   768
1848.00  0.03740  0.03757  0.00958  0.80968  -231.94319  -233.80434  4.99985   768
1849.00  0.03740  0.03757  0.00952  0.80968  -232.05916  -233.99049  4.99985   768
1850.00  0.03741  0.03757  0.00982  0.80968  -231.63954  -233.57393  4.99985   768
1851.00  0.03740  0.03757  0.01047  0.80968  -230.67824  -232.63551  4.99985   768
1852.00  0.03741  0.03757  0.01109  0.80968  -229.70930  -231.64674  4.99985   768
1853.00  0.03739  0.03757  0.01143  0.80968  -229.14320  -231.05928  4.99985   768
1854.00  0.03740  0.03757  0.01146  0.80968  -229.05928  -230.93111  4.99985   768
1855.00  0.03740  0.03757  0.01112  0.80968  -229.52315  -231.34614  4.99985   768
1856.00  0.03741  0.03757  0.01054  0.80968  -230.41579  -232.22047  4.99985   768
1857.00  0.03741  0.03757  0.00993  0.80968  -231.33742  -233.16499  4.99985   768
1858.00  0.03740  0.03757  0.00965  0.80968  -231.83943  -233.69447  4.99985   768
1859.00  0.03741  0.03757  0.00974  0.80968  -231.73872  -233.64717  4.99985   768
1860.00  0.03741  0.03757  0.01028  0.80968  -230.92848  -232.87508  4.99985   768
1861.00  0.03740  0.03757  0.01093  0.80968  -229.94124  -231.88020  4.99985   768
1862.00  0.03740  0.03757  0.01142  0.80968  -229.19203  -231.13100  4.99985   768
1863.00  0.03741  0.03757  0.01152  0.80968  -228.98299  -230.87007  4.99985   768
1864.00  0.03740  0.03757  0.01127  0.80968  -229.34157  -231.19813  4.99985   768
1865.00  0.03741  0.03757  0.01077  0.80968  -230.09840  -231.93819  4.99985   768
1866.00  0.03739  0.03757  0.01019  0.80968  -230.99104  -232.85524  4.99985   768
1867.00  0.03740  0.03757  0.00967  0.80968  -231.76466  -233.60750  4.99985   768
1868.00  0.03740  0.03757  0.00954  0.80968  -232.02711  -233.90504  4.99985   768
1869.00  0.03740  0.03757  0.00995  0.80968  -231.47322  -233.41218  4.99985   768
1870.00  0.03740  0.03757  0.01056  0.80968  -230.48598  -232.43104  4.99985   768
1871.00  0.03740  0.03757  0.01106  0.80968  -229.74287  -231.66200  4.99985   768
1872.00  0.03740  0.03757  0.01138  0.80968  -229.20271  -231.09895  4.99985   768
1873.00  0.03741  0.03757  0.01124  0.80968  -229.39192  -231.25764  4.99985   768
1874.00  0.03741  0.03757  0.01085  0.80968  -229.95955  -231.77339  4.99985   768
1875.00  0.03741  0.03757  0.01026  0.80968  -230.84303  -232.66908  4.99985   768
1876.00  0.03740  0.03757  0.00975  0.80968  -231.66548  -233.52205  4.99985   768
1877.00  0.03739  0.03757  0.00948  0.80968  -232.07136  -233.94014  4.99985   768
1878.00  0.03739  0.03757  0.00964  0.80968  -231.88978  -233.81349  4.99985   768
1879.00  0.03740  0.03757  0.01009  0.80968  -231.26417  -233.21382  4.99985   768
1880.00  0.03739  0.03757  0.01071  0.80968  -230.26625  -232.22505  4.99985   768
1881.00  0.03738  0.03757  0.01124  0.80968  -229.47279  -231.40871  4.99985   768
1882.00  0.03741  0.03757  0.01137  0.80968  -229.20729  -231.12031  4.99985   768
1883.00  0.03741  0.03757  0.01116  0.80968  -229.51704  -231.39192  4.99985   768
1884.00  0.03739  0.03757  0.01061  0.80968  -230.31966  -232.15028  4.99985   768
1885.00  0.03741  0.03757  0.00998  0.80968  -231.29011  -233.11006  4.99985   768
1886.00  0.03739  0.03757  0.00967  0.80968  -231.79060  -233.67921  4.99985   768
1887.00  0.03740  0.03757  0.00961  0.80968  -231.90962  -233.77382  4.99985   768
1888.00  0.03739  0.03757  0.00994  0.80968  -231.45949  -233.38319  4.99985   768
1889.00  0.03740  0.03757  0.01052  0.80968  -230.56685  -232.50734  4.99985   768
1890.00  0.03740  0.03757  0.01114  0.80968  -229.61470  -231.53230  4.99985   768
1891.00  0.03740  0.03757  0.01138  0.80968  -229.19050  -231.08369  4.99985   768
1892.00  0.03740  0.03757  0.01129  0.80968  -229.33241  -231.19813  4.99985   768
1893.00  0.03739  0.03757  0.01088  0.80968  -229.88783  -231.72761  4.99985   768
1894.00  0.03740  0.03757  0.01026  0.80968  -230.84151  -232.65535  4.99985   768
1895.00  0.03740  0.03757  0.00964  0.80968  -231.86079  -233.70058  4.99985   768
1896.00  0.03739  0.03757  0.00946  0.80968  -232.14766  -234.01948  4.99985   768
1897.00  0.03740  0.03757  0.00963  0.80968  -231.91878  -233.84706  4.99985   768
1898.00  0.03740  0.03757  0.01014  0.80968  -231.19704  -233.15889  4.99985   768
1899.00  0.03740  0.03757  0.01085  0.80968  -230.10298  -232.06789  4.99985   768
1900.00  0.03739  0.03757  0.01125  0.80968  -229.42702  -231.34614  4.99985   768
1901.00  0.03739  0.03757  0.01135  0.80968  -229.22255  -231.11116  4.99985   768
1902.00  0.03740  0.03757  0.01116  0.80968  -229.47584  -231.33394  4.99985   768
1903.00  0.03740  0.03757  0.01050  0.80968  -230.49055  -232.30745  4.99985   768
1904.00  0.03739  0.03757  0.00991  0.80968  -231.41066  -233.23976  4.99985   768
1905.00  0.03740  0.03757  0.00949  0.80968  -232.05458  -233.90199  4.99985   768
1906.00  0.03740  0.03757  0.00953  0.80968  -232.06068  -233.94166  4.99985   768
1907.00  0.03740  0.03757  0.00982  0.80968  -231.61360  -233.52815  4.99985   768
1908.00  0.03740  0.03757  0.01052  0.80968  -230.59584  -232.53175  4.99985   768
1909.00  0.03740  0.03757  0.01109  0.80968  -229.70778  -231.62691  4.99985   768
1910.00  0.03740  0.03757  0.01140  0.80968  -229.17677  -231.05775  4.99985   768
1911.00  0.03740  0.03757  0.01127  0.80968  -229.35225  -231.22560  4.99985   768
1912.00  0.03740  0.03757  0.01086  0.80968  -229.93208  -231.77644  4.99985   768
1913.00  0.03740  0.03757  0.01015  0.80968  -231.00935  -232.84608  4.99985   768
1914.00  0.03740  0.03757  0.00972  0.80968  -231.71431  -233.56630  4.99985   768
1915.00  0.03740  0.03757  0.00945  0.80968  -232.17055  -234.05000  4.99985   768
1916.00  0.03739  0.03757  0.00966  0.80968  -231.87758  -233.80586  4.99985   768
1917.00  0.03740  0.03757  0.01021  0.80968  -231.06581  -233.02766  4.99985   768
1918.00  0.03740  0.03757  0.01086  0.80968  -230.00990  -231.94276  4.99985   768
1919.00  0.03741  0.03757  0.01125  0.80968  -229.45906  -231.37819  4.99985   768
1920.00  0.03740  0.03757  0.01133  0.80968  -229.26375  -231.13405  4.99985   768
1921.00  0.03739  0.03757  0.01113  0.80968  -229.56587  -231.43617  4.99985   768
1922.00  0.03740  0.03757  0.01061  0.80968  -230.28303  -232.09688  4.99985   768
1923.00  0.03739  0.03757  0.01003  0.80968  -231.22450  -233.04292  4.99985   768
1924.00  0.03740  0.03757  0.00956  0.80968  -231.97066  -233.82722  4.99985   768
1925.00  0.03740  0.03757  0.00952  0.80968  -232.04695  -233.92183  4.99985   768
1926.00  0.03738  0.03757  0.00995  0.80968  -231.45033  -233.37862  4.99985   768
1927.00  0.03741  0.03757  0.01060  0.80968  -230.44173  -232.38527  4.99985   768
1928.00  0.03739  0.03757  0.01105  0.80968  -229.73524  -231.65895  4.99985   768
1929.00  0.03740  0.03757  0.01130  0.80968  -229.33089  -231.23781  4.99985   768
1930.00  0.03740  0.03757  0.01124  0.80968  -229.40718  -231.28206  4.99985   768
1931.00  0.03740  0.03757  0.01079  0.80968  -230.04347  -231.87410  4.99985   768
1932.00  0.03740  0.03757  0.01021  0.80968  -230.91322  -232.76826  4.99985   768
1933.00  0.03740  0.03757  0.00979  0.80968  -231.62428  -233.46864  4.99985   768
1934.00  0.03740  0.03757  0.00954  0.80968  -232.00728  -233.89131  4.99985   768
1935.00  0.03740  0.03757  0.00983  0.80968  -231.62276  -233.54799  4.99985   768
1936.00  0.03740  0.03757  0.01041  0.80968  -230.71486  -232.64772  4.99985   768
1937.00  0.03740  0.03757  0.01093  0.80968  -229.94429  -231.85579  4.99985   768
1938.00  0.03739  0.03757  0.01134  0.80968  -229.25917  -231.17067  4.99985   768
1939.00  0.03740  0.03757  0.01146  0.80968  -229.05165  -230.92042  4.99985   768
1940.00  0.03740  0.03757  0.01111  0.80968  -229.53535  -231.36903  4.99985   768
1941.00  0.03740  0.03757  0.01058  0.80968  -230.34102  -232.15486  4.99985   768
1942.00  0.03740  0.03757  0.01000  0.80968  -231.24739  -233.08717  4.99985   768
1943.00  0.03739  0.03757  0.00959  0.80968  -231.92183  -233.78908  4.99985   768
1944.00  0.03740  0.03757  0.00961  0.80968  -231.93098  -233.82875  4.99985   768
1945.00  0.03739  0.03757  0.01004  0.80968  -231.32826  -233.28859  4.99985   768
1946.00  0.03741  0.03757  0.01060  0.80968  -230.44478  -232.39442  4.99985   768
1947.00  0.03739  0.03757  0.01115  0.80968  -229.59029  -231.54146  4.99985   768
1948.00  0.03741  0.03757  0.01133  0.80968  -229.30495  -231.22255  4.99985   768
1949.00  0.03740  0.03757  0.01112  0.80968  -229.55519  -231.41023  4.99985   768
1950.00  0.03741  0.03757  0.01072  0.80968  -230.16859  -232.00685  4.99985   768
1951.00  0.03739  0.03757  0.01016  0.80968  -230.98952  -232.83388  4.99985   768
1952.00  0.03740  0.03757  0.00972  0.80968  -231.71431  -233.55409  4.99985   768
1953.00  0.03740  0.03757  0.00956  0.80968  -232.01948  -233.88673  4.99985   768
1954.00  0.03740  0.03757  0.00982  0.80968  -231.63649  -233.53883  4.99985   768
1955.00  0.03740  0.03757  0.01044  0.80968  -230.67366  -232.60957  4.99985   768
1956.00  0.03740  0.03757  0.01103  0.80968  -229.78560  -231.70778  4.99985   768
1957.00  0.03740  0.03757  0.01130  0.80968  -229.31868  -231.20424  4.99985   768
1958.00  0.03740  0.03757  0.01125  0.80968  -229.37208  -231.23018  4.99985   768
1959.00  0.03739  0.03757  0.01101  0.80968  -229.73982  -231.59944  4.99985   768
1960.00  0.03740  0.03757  0.01046  0.80968  -230.54549  -232.38527  4.99985   768
1961.00  0.03740  0.03757  0.00989  0.80968  -231.42287  -233.24892  4.99985   768
1962.00  0.03740  0.03757  0.00962  0.80968  -231.86995  -233.75703  4.99985   768
1963.00  0.03740  0.03757  0.00973  0.80968  -231.75398  -233.68227  4.99985   768
1964.00  0.03740  0.03757  0.01015  0.80968  -231.12074  -233.05360  4.99985   768
1965.00  0.03740  0.03757  0.01078  0.80968  -230.19606  -232.14876  4.99985   768
1966.00  0.03740  0.03757  0.01134  0.80968  -229.30647  -231.24544  4.99985   768
1967.00  0.03739  0.03757  0.01149  0.80968  -229.02113  -230.89296  4.99985   768
1968.00  0.03742  0.03757  0.01128  0.80968  -229.32936  -231.17067  4.99985   768
1969.00  0.03740  0.03757  0.01079  0.80968  -230.04347  -231.88478  4.99985   768
1970.00  0.03739  0.03757  0.01013  0.80968  -231.05360  -232.86897  4.99985   768
1971.00  0.03739  0.03757  0.00966  0.80968  -231.77992  -233.62123  4.99985   768
1972.00  0.03739  0.03757  0.00964  0.80968  -231.86079  -233.74330  4.99985   768
1973.00  0.03740  0.03757  0.00995  0.80968  -231.43202  -233.32216  4.99985   768
1974.00  0.03740  0.03757  0.01051  0.80968  -230.58974  -232.53786  4.99985   768
1975.00  0.03740  0.03757  0.01108  0.80968  -229.70625  -231.63148  4.99985   768
1976.00  0.03740  0.03757  0.01134  0.80968  -229.23323  -231.13863  4.99985   768
1977.00  0.03738  0.03757  0.01135  0.80968  -229.25307  -231.13405  4.99985   768
1978.00  0.03739  0.03757  0.01105  0.80968  -229.68642  -231.53535  4.99985   768
1979.00  0.03739  0.03757  0.01033  0.80968  -230.71944  -232.53938  4.99985   768
1980.00  0.03740  0.03757  0.00976  0.80968  -231.61513  -233.45338  4.99985   768
1981.00  0.03739  0.03757  0.00936  0.80968  -232.26668  -234.14308  4.99985   768
1982.00  0.03741  0.03757  0.00956  0.80968  -232.03932  -233.97523  4.99985   768
1983.00  0.03740  0.03757  0.01009  0.80968  -231.23976  -233.18178  4.99985   768
1984.00  0.03740  0.03757  0.01075  0.80968  -230.22810  -232.17165  4.99985   768
1985.00  0.03740  0.03757  0.01132  0.80968  -229.31105  -231.24849  4.99985   768
1986.00  0.03740  0.03757  0.01147  0.80968  -229.04249  -230.91432  4.99985   768
1987.00  0.03741  0.03757  0.01122  0.80968  -229.38124  -231.21950  4.99985   768
1988.00  0.03740  0.03757  0.01075  0.80968  -230.10603  -231.91530  4.99985   768
1989.00  0.03739  0.03757  0.01006  0.80968  -231.14363  -232.96052  4.99985   768
1990.00  0.03739  0.03757  0.00963  0.80968  -231.82417  -233.67006  4.99985   768
1991.00  0.03740  0.03757  0.00948  0.80968  -232.09425  -233.95387  4.99985   768
1992.00  0.03739  0.03757  0.00979  0.80968  -231.70210  -233.63344  4.99985   768
1993.00  0.03740  0.03757  0.01042  0.80968  -230.71638  -232.65993  4.99985   768
1994.00  0.03741  0.03757  0.01108  0.80968  -229.73219  -231.65895  4.99985   768
1995.00  0.03739  0.03757  0.01139  0.80968  -229.18135  -231.10200  4.99985   768
1996.00  0.03739  0.03757  0.01137  0.80968  -229.17067  -231.04860  4.99985   768
1997.00  0.03740  0.03757  0.01097  0.80968  -229.76271  -231.61317  4.99985   768
1998.00  0.03740  0.03757  0.01030  0.80968  -230.80183  -232.63246  4.99985   768
1999.00  0.03739  0.03757  0.00975  0.80968  -231.63801  -233.47627  4.99985   768
2000.00  0.04293  0.05780  0.00949  0.80968  -232.07442  -233.94929  4.99985   768
2001.00  0.05529  0.05780  0.01013  0.80968  -231.22908  -233.27333  4.99985   768
2002.00  0.05590  0.05780  0.01176  0.80968  -228.74037  -230.74190  4.99985   768
2003.00  0.05605  0.05780  0.01198  0.80968  -228.20479  -230.02779  4.99985   768
2004.00  0.05617  0.05780  0.01260  0.80968  -227.47237  -229.48305  4.99985   768
