ASI 600A Data File
Created: Wed May  8 12:12:19 2024
A/D Sampling Rate: 1000 Hz
Comment: Mouse 512 Cell 1
Width 0.0388
Thick 0.0194
After Activation
Width 0.0
Thick 0.0
*** Setup Parameters ***
Length Controller: 315C
Force Transducer: 406A
Initial Length: 0.0537 mm
Minimum Length: -5 Lo
Maximum Length: 5 Lo
Fiber Length: 0.0537 mm
Initial Sarcomere Length: 0 um
Diameter: 1.91919 mm
Maximum Tetanic Tension: 3 mN
Calibrate FC step size:  -20 um
Calibrate FC ramp time:  100 ms
Calibrate FC hold time:  200 ms
Force Gain-Factor:       0.6
Force Integral-Constant: 0.26 ms
Force Filter-Constant:   0.2 ms
Constant Stiffness Range: 100
dF/dL measured at Force:  34522 adu
Fiber Stiffness (adu):    0
Fiber Stiffness (mN/mm):  0
SL Gain-Factor:           0.25
SL Integral-Constant:     0.1 ms
SL Filter-Constant:       0 ms
SL Stiffness (adu):       0.3
SL Stiffness (um/mm):     1
ADC0 Offset: -28.840 mv
ADC1 Offset: -28.840 mv
DAC0 Offset: 3.336 mv
DAC1 Offset: -3.588 mv
Panel 1 size: 2
Panel 2 size: 4
Panel 3 size: 2
Panel 4 size: 5
Panel 1 signal: 0
Panel 2 signal: 1
Panel 3 signal: 2
Panel 4 signal: 6
Background (0/1): 0
Length In color:  16395263
Force  In color:  16717330
SL     In color:  16771867
Aux1   In color:  1769257
Length Out color:  255
Force  Out color:  255
Stim   Out color:  16777215
Aux2   In  color:  16747283
Length Units: um
Force Units: mN
Time Units: ms
Sarcomere Length Units: um
Scope Display1: 0
Scope Display2: 2
AUX Channels Scope Display: 0
Scope Timebase: 1
Scope Vscale:   0
Scope Lunit:    1
Scope Lmin:     0.026370
Scope Lmax:     0.026470
Scope Funit:    0
Scope Fmin:     0.157780
Scope Fmax:     0.157960
Scope AUX1_min:     10.000000
Scope AUX1_max:     16.000000
Scope AUX2_min:     8.000000
Scope AUX2_max:     14.000000
Scope L Data Scale:     1.651868
Scope F Data Scale:     0.225000
Scope AUX1 Data Scale:     1.000000
Scope AUX2 Data Scale:     1.000000
Scope SL Data Scale:     1.000000
Scope Sunit:    0
Analysis Lunit: 4
Analysis Funit: 0
Analysis Tunit: 0
Analysis Channels: 101000000010000
Analysis Readout: 1
Analysis Gaussian Filter Kernel Size (Lin):     201
Analysis Gaussian Filter Kernel Size (Fin):     50
Analysis Gaussian Filter Kernel Size (Aux1):    201
Analysis Gaussian Filter Kernel Size (Aux2):    201
Analysis Gaussian Filter Standard Deviation (Lin):     1.0
Analysis Gaussian Filter Standard Deviation (Fin):     1.0
Analysis Gaussian Filter Standard Deviation (Aux1):    1.0
Analysis Gaussian Filter Standard Deviation (Aux2):    1.0
Aux1 Name: Aux1
Aux1 Units: C
Aux1 Scale (units/volt): 100.000000
Aux1 Offset (units): 2.000000
Aux2 Name: Aux2
Aux2 Units: mv
Aux2 Scale (units/volt): 100
Aux2 Offset (units): 0
 *** Cantilever Properties ***
Cantilever Stiffness Calculation Method: 2
Cantilever Stiffness (N/m): -1.000
Cantilever Length (um): 450.000
Cantilever Thickness (um): 2.000
Cantilever Width 1 (um): 50.000
Cantilever Width 2 (um): 50.000
Cantilever Elasticity (GPa): 160.000
 *** ASI804A Test Window Properties ***
ASI804A Vscale: 0
ASI804A Timebase: 0
ASI804A Sampling Rate: 0
ASI804A Scope L_min:     999.800000
ASI804A Scope L_max:     1000.200000
ASI804A Scope F_min:     -0.040000
ASI804A Scope F_max:     0.020000
ASI804A Scope log10Rario_min:     -0.063875
ASI804A Scope log10Ratio_max:     -0.063650
ASI804A Scope L Scale Units:    4
ASI804A Scope F Scale Units:    0
ASI804A Scope L Scale:     1.000000
ASI804A Scope F Scale:     1.000000
ASI804A Scope log10Ratio Scale:     0.500000
ASI804A Data Files Directory: /home/asi/data
ASI804A Data Files Name: atp_datafile
ASI804A Font: Liberation Sans
ASI804A Font Size: 24
ASI804A pCa Combo Size: 0
ASI804A pCa Combo Active: -1
 *** Additional devices ***
ASI802D Bath Controller: 0
ASI804A ATPase Controller: 1
*** Calibration Parameters ***
Model  LOoffset  LOscale  LIoffset  LIscale  FOoffset  FOscale  FIoffset  FIscale
Number 	mm        mm/v	   mm        mm/v     mN        mN/v     mN        mN/v
308B	 0	 0.2	 0	 0.2	 0	 1	 0	 1
312C	 0	 0.15	 0	 0.15	 0	 1	 0	 1
315C	 0	 0.15	 0	 0.15	 0	 1	 0	 1
318B	 0	 0.3	 0	 0.3	 0	 1	 0	 1
322C	 0	 0.3	 0	 0.3	 0	 1	 0	 1
340A	 0	 0.005	 0	 0.005	 0	 1	 0	 1
300C	 0	 0.5	 0	 0.5	 0	 50	 0	 50
300C-LR	 0	 0.5	 0	 0.5	 0	 100	 0	 100
305C	 0	 1	 0	 1	 0	 500	 0	 500
305C-LR	 0	 1	 0	 1	 0	 1000	 0	 1000
309C	 0	 1.25	 0	 1.25	 0	 2000	 0	 2000
310C	 0	 2	 0	 2	 0	 5000	 0	 5000
310C-LR	 0	 2	 0	 2	 0	 10000	 0	 10000
???	 0	 1	 0	 1	 0	 1	 0	 1
400A	 0	 1	 0	 1	 0	 5	 0	 5
402A	 0	 1	 0	 1	 0	 50	 0	 50
403A-CF	 0	 1	 0	 1	 0	 0.2	 0	 0.2
403A	 0	 1	 0	 1	 0	 0.5	 0	 0.5
404A	 0	 1	 0	 1	 0	 10	 0	 10
405A	 0	 1	 0	 1	 0	 1	 0	 1
406A	 0	 1	 0	 1	 0.163	 0.06497	 0.163	 0.06497
407A	 0	 1	 0	 1	 0	 100	 0	 100
470A	 0	 1	 0	 1	 0	 1	 0	 1
other	 0	 1	 0	 1	 0	 1	 0	 1
none	 0	 1	 0	 1	 0	 1	 0	 1
*** Test Protocol Parameters ***
A/D Sampling Rate: 1000 Hz
Comment: Length Discrete Sine protocol for stiffness testing
Minimum Length: -5.000 (Lo)
Maximum Length: 5.000 (Lo)
PD Deadband:    0.000000 mN
Stimulus 01: 0.3 ms 100.000 Hz 10.0 ms 50.000 Hz 0.100 s
Stimulus 02: 1.2 ms 100.000 Hz 20.0 ms 2.000 Hz 100.000 s
Stimulus 03: 1.3 ms 100.000 Hz 20.0 ms 2.000 Hz 100.000 s
Stimulus 04: 1.4 ms 100.000 Hz 20.0 ms 2.000 Hz 100.000 s
Stimulus 05: 1.5 ms 100.000 Hz 20.0 ms 2.000 Hz 100.000 s
Stimulus 06: 1.6 ms 100.000 Hz 20.0 ms 2.000 Hz 100.000 s
Stimulus 07: 1.7 ms 100.000 Hz 20.0 ms 2.000 Hz 100.000 s
Stimulus 08: 1.8 ms 100.000 Hz 20.0 ms 2.000 Hz 100.000 s
Stimulus 09: 1.9 ms 100.000 Hz 20.0 ms 2.000 Hz 100.000 s
Stimulus 10: 2.2 ms 100.000 Hz 20.0 ms 2.000 Hz 100.000 s
Time (ms)	Control Function	Options
      0.0	Data-Enable		
    200.0	Length-Step		 0.65 Lo
   2000.0	Length-Step		 1 Lo
   2005.0	Data-Disable		
      0.0	Stop		
*** Force and Length Signals vs Time ***
Time (ms)  Lin (mm)  Lout (mm)  Fin (mN)  Fout (mN)  Aux1 C  Aux2 mv  SL (um)   Stimulus/Triggers
0.00  0.05374  0.05370  0.01722  0.81268  -224.83107  -226.70595  4.99985   768
1.00  0.05373  0.05370  0.01709  0.81268  -225.02486  -226.91347  4.99985   768
2.00  0.05372  0.05370  0.01731  0.81268  -224.73799  -226.64644  4.99985   768
3.00  0.05374  0.05370  0.01784  0.81268  -223.96284  -225.91554  4.99985   768
4.00  0.05373  0.05370  0.01847  0.81268  -222.92982  -224.85048  4.99985   768
5.00  0.05373  0.05370  0.01892  0.81268  -222.28590  -224.20808  4.99985   768
6.00  0.05373  0.05370  0.01899  0.81268  -222.09364  -223.95173  4.99985   768
7.00  0.05373  0.05370  0.01868  0.81268  -222.54072  -224.35914  4.99985   768
8.00  0.05373  0.05370  0.01809  0.81268  -223.37233  -225.18770  4.99985   768
9.00  0.05374  0.05370  0.01748  0.81268  -224.38246  -226.19173  4.99985   768
10.00  0.05373  0.05370  0.01715  0.81268  -224.91499  -226.77766  4.99985   768
11.00  0.05372  0.05370  0.01714  0.81268  -224.93025  -226.81734  4.99985   768
12.00  0.05373  0.05370  0.01752  0.81268  -224.44502  -226.36873  4.99985   768
13.00  0.05373  0.05370  0.01823  0.81268  -223.35249  -225.32808  4.99985   768
14.00  0.05372  0.05370  0.01873  0.81268  -222.54225  -224.45528  4.99985   768
15.00  0.05372  0.05370  0.01898  0.81268  -222.14400  -224.04176  4.99985   768
16.00  0.05374  0.05370  0.01887  0.81268  -222.25538  -224.13026  4.99985   768
17.00  0.05373  0.05370  0.01841  0.81268  -222.95271  -224.79097  4.99985   768
18.00  0.05373  0.05370  0.01775  0.81268  -223.90333  -225.72786  4.99985   768
19.00  0.05373  0.05370  0.01713  0.81268  -224.90584  -226.76393  4.99985   768
20.00  0.05373  0.05370  0.01702  0.81268  -225.12709  -227.00197  4.99985   768
21.00  0.05373  0.05370  0.01729  0.81268  -224.75172  -226.66017  4.99985   768
22.00  0.05372  0.05370  0.01785  0.81268  -223.93385  -225.86519  4.99985   768
23.00  0.05372  0.05370  0.01839  0.81268  -223.09614  -225.01222  4.99985   768
24.00  0.05373  0.05370  0.01881  0.81268  -222.37440  -224.26912  4.99985   768
25.00  0.05373  0.05370  0.01887  0.81268  -222.24776  -224.11806  4.99985   768
26.00  0.05373  0.05370  0.01852  0.81268  -222.82759  -224.65211  4.99985   768
27.00  0.05373  0.05370  0.01803  0.81268  -223.50508  -225.33723  4.99985   768
28.00  0.05372  0.05370  0.01743  0.81268  -224.43281  -226.26192  4.99985   768
29.00  0.05373  0.05370  0.01698  0.81268  -225.22169  -227.04469  4.99985   768
30.00  0.05372  0.05370  0.01712  0.81268  -225.00502  -226.92110  4.99985   768
31.00  0.05373  0.05370  0.01748  0.81268  -224.49232  -226.42671  4.99985   768
32.00  0.05373  0.05370  0.01816  0.81268  -223.44099  -225.39522  4.99985   768
33.00  0.05373  0.05370  0.01863  0.81268  -222.71620  -224.65059  4.99985   768
34.00  0.05373  0.05370  0.01881  0.81268  -222.39577  -224.28743  4.99985   768
35.00  0.05373  0.05370  0.01866  0.81268  -222.57429  -224.45070  4.99985   768
36.00  0.05373  0.05370  0.01820  0.81268  -223.27772  -225.10530  4.99985   768
37.00  0.05373  0.05370  0.01758  0.81268  -224.21156  -226.03609  4.99985   768
38.00  0.05373  0.05370  0.01705  0.81268  -225.04317  -226.88142  4.99985   768
39.00  0.05372  0.05370  0.01688  0.81268  -225.31935  -227.17744  4.99985   768
40.00  0.05373  0.05370  0.01720  0.81268  -224.91499  -226.82497  4.99985   768
41.00  0.05373  0.05370  0.01785  0.81268  -223.88045  -225.80720  4.99985   768
42.00  0.05373  0.05370  0.01849  0.81268  -222.92219  -224.82912  4.99985   768
43.00  0.05373  0.05370  0.01890  0.81268  -222.27217  -224.19893  4.99985   768
44.00  0.05373  0.05370  0.01888  0.81268  -222.23555  -224.08754  4.99985   768
45.00  0.05373  0.05370  0.01859  0.81268  -222.67348  -224.51021  4.99985   768
46.00  0.05371  0.05370  0.01804  0.81268  -223.52949  -225.36470  4.99985   768
47.00  0.05373  0.05370  0.01744  0.81268  -224.40840  -226.24055  4.99985   768
48.00  0.05372  0.05370  0.01702  0.81268  -225.13167  -227.00349  4.99985   768
49.00  0.05374  0.05370  0.01711  0.81268  -225.03706  -226.95314  4.99985   768
50.00  0.05373  0.05370  0.01756  0.81268  -224.39314  -226.33668  4.99985   768
51.00  0.05371  0.05370  0.01815  0.81268  -223.43642  -225.38911  4.99985   768
52.00  0.05372  0.05370  0.01868  0.81268  -222.65059  -224.57735  4.99985   768
53.00  0.05373  0.05370  0.01898  0.81268  -222.10280  -223.97767  4.99985   768
54.00  0.05373  0.05370  0.01876  0.81268  -222.49342  -224.34236  4.99985   768
55.00  0.05373  0.05370  0.01832  0.81268  -223.05189  -224.87489  4.99985   768
56.00  0.05372  0.05370  0.01769  0.81268  -224.03151  -225.85603  4.99985   768
57.00  0.05373  0.05370  0.01719  0.81268  -224.80665  -226.62050  4.99985   768
58.00  0.05373  0.05370  0.01697  0.81268  -225.18812  -227.06758  4.99985   768
59.00  0.05373  0.05370  0.01733  0.81268  -224.68764  -226.59761  4.99985   768
60.00  0.05373  0.05370  0.01797  0.81268  -223.74464  -225.69887  4.99985   768
61.00  0.05372  0.05370  0.01853  0.81268  -222.85811  -224.78792  4.99985   768
62.00  0.05371  0.05370  0.01892  0.81268  -222.21876  -224.12721  4.99985   768
63.00  0.05373  0.05370  0.01897  0.81268  -222.10585  -223.98225  4.99985   768
64.00  0.05372  0.05370  0.01867  0.81268  -222.54378  -224.40187  4.99985   768
65.00  0.05372  0.05370  0.01804  0.81268  -223.49898  -225.31282  4.99985   768
66.00  0.05374  0.05370  0.01744  0.81268  -224.48469  -226.33668  4.99985   768
67.00  0.05372  0.05370  0.01708  0.81268  -225.02943  -226.91194  4.99985   768
68.00  0.05374  0.05370  0.01721  0.81268  -224.86006  -226.75020  4.99985   768
69.00  0.05372  0.05370  0.01767  0.81268  -224.21614  -226.16579  4.99985   768
70.00  0.05373  0.05370  0.01822  0.81268  -223.39827  -225.32960  4.99985   768
71.00  0.05373  0.05370  0.01869  0.81268  -222.56972  -224.47206  4.99985   768
72.00  0.05373  0.05370  0.01884  0.81268  -222.34999  -224.23097  4.99985   768
73.00  0.05373  0.05370  0.01869  0.81268  -222.53462  -224.36983  4.99985   768
74.00  0.05374  0.05370  0.01832  0.81268  -223.05647  -224.88252  4.99985   768
75.00  0.05372  0.05370  0.01771  0.81268  -224.03609  -225.86214  4.99985   768
76.00  0.05372  0.05370  0.01717  0.81268  -224.84328  -226.67238  4.99985   768
77.00  0.05373  0.05370  0.01714  0.81268  -224.94398  -226.82954  4.99985   768
78.00  0.05373  0.05370  0.01746  0.81268  -224.53200  -226.44350  4.99985   768
79.00  0.05372  0.05370  0.01803  0.81268  -223.63173  -225.58290  4.99985   768
80.00  0.05372  0.05370  0.01862  0.81268  -222.73298  -224.68416  4.99985   768
81.00  0.05373  0.05370  0.01898  0.81268  -222.12416  -224.02498  4.99985   768
82.00  0.05372  0.05370  0.01900  0.81268  -222.10127  -223.97462  4.99985   768
83.00  0.05373  0.05370  0.01868  0.81268  -222.54683  -224.38661  4.99985   768
84.00  0.05373  0.05370  0.01810  0.81268  -223.43489  -225.27162  4.99985   768
85.00  0.05373  0.05370  0.01752  0.81268  -224.30922  -226.14137  4.99985   768
86.00  0.05372  0.05370  0.01713  0.81268  -224.95619  -226.80665  4.99985   768
87.00  0.05372  0.05370  0.01721  0.81268  -224.88905  -226.78987  4.99985   768
88.00  0.05372  0.05370  0.01766  0.81268  -224.20393  -226.11085  4.99985   768
89.00  0.05371  0.05370  0.01826  0.81268  -223.29451  -225.22584  4.99985   768
90.00  0.05373  0.05370  0.01877  0.81268  -222.46748  -224.37746  4.99985   768
91.00  0.05374  0.05370  0.01900  0.81268  -222.08143  -223.95936  4.99985   768
92.00  0.05372  0.05370  0.01876  0.81268  -222.40492  -224.25233  4.99985   768
93.00  0.05373  0.05370  0.01829  0.81268  -223.12208  -224.94508  4.99985   768
94.00  0.05373  0.05370  0.01774  0.81268  -223.97658  -225.81331  4.99985   768
95.00  0.05373  0.05370  0.01723  0.81268  -224.77461  -226.61897  4.99985   768
96.00  0.05373  0.05370  0.01708  0.81268  -225.05537  -226.94856  4.99985   768
97.00  0.05372  0.05370  0.01734  0.81268  -224.63576  -226.54878  4.99985   768
98.00  0.05372  0.05370  0.01783  0.81268  -223.93690  -225.86824  4.99985   768
99.00  0.05372  0.05370  0.01842  0.81268  -223.05342  -225.00001  4.99985   768
100.00  0.05371  0.05370  0.01889  0.81268  -222.33015  -224.25233  4.99985   768
101.00  0.05371  0.05370  0.01886  0.81268  -222.28285  -224.14400  4.99985   768
102.00  0.05373  0.05370  0.01843  0.81268  -222.91456  -224.75130  4.99985   768
103.00  0.05373  0.05370  0.01794  0.81268  -223.68056  -225.51271  4.99985   768
104.00  0.05371  0.05370  0.01736  0.81268  -224.52437  -226.33668  4.99985   768
105.00  0.05372  0.05370  0.01704  0.81268  -225.07368  -226.95009  4.99985   768
106.00  0.05373  0.05370  0.01714  0.81268  -224.94856  -226.84175  4.99985   768
107.00  0.05373  0.05370  0.01756  0.81268  -224.36568  -226.26955  4.99985   768
108.00  0.05374  0.05370  0.01820  0.81268  -223.37080  -225.30061  4.99985   768
109.00  0.05373  0.05370  0.01875  0.81268  -222.52394  -224.44917  4.99985   768
110.00  0.05372  0.05370  0.01884  0.81268  -222.34236  -224.21419  4.99985   768
111.00  0.05373  0.05370  0.01862  0.81268  -222.61854  -224.47816  4.99985   768
112.00  0.05373  0.05370  0.01824  0.81268  -223.20601  -225.04121  4.99985   768
113.00  0.05372  0.05370  0.01763  0.81268  -224.14747  -225.96895  4.99985   768
114.00  0.05373  0.05370  0.01710  0.81268  -224.98060  -226.83870  4.99985   768
115.00  0.05372  0.05370  0.01714  0.81268  -224.97908  -226.89363  4.99985   768
116.00  0.05372  0.05370  0.01747  0.81268  -224.50758  -226.45418  4.99985   768
117.00  0.05373  0.05370  0.01799  0.81268  -223.65919  -225.59663  4.99985   768
118.00  0.05373  0.05370  0.01856  0.81268  -222.83827  -224.78639  4.99985   768
119.00  0.05372  0.05370  0.01887  0.81268  -222.31032  -224.21113  4.99985   768
120.00  0.05373  0.05370  0.01879  0.81268  -222.34694  -224.20045  4.99985   768
121.00  0.05372  0.05370  0.01839  0.81268  -222.97560  -224.80012  4.99985   768
122.00  0.05373  0.05370  0.01784  0.81268  -223.79042  -225.60731  4.99985   768
123.00  0.05372  0.05370  0.01727  0.81268  -224.69374  -226.52284  4.99985   768
124.00  0.05373  0.05370  0.01702  0.81268  -225.08589  -226.94093  4.99985   768
125.00  0.05372  0.05370  0.01709  0.81268  -225.06911  -226.96992  4.99985   768
126.00  0.05372  0.05370  0.01774  0.81268  -224.08339  -226.02846  4.99985   768
127.00  0.05373  0.05370  0.01836  0.81268  -223.15565  -225.08851  4.99985   768
128.00  0.05373  0.05370  0.01881  0.81268  -222.40645  -224.30116  4.99985   768
129.00  0.05373  0.05370  0.01897  0.81268  -222.13789  -224.03261  4.99985   768
130.00  0.05373  0.05370  0.01870  0.81268  -222.50563  -224.34389  4.99985   768
131.00  0.05373  0.05370  0.01825  0.81268  -223.19075  -225.03969  4.99985   768
132.00  0.05371  0.05370  0.01762  0.81268  -224.17189  -226.00557  4.99985   768
133.00  0.05373  0.05370  0.01722  0.81268  -224.82649  -226.68764  4.99985   768
134.00  0.05373  0.05370  0.01714  0.81268  -224.98213  -226.87532  4.99985   768
135.00  0.05373  0.05370  0.01741  0.81268  -224.56251  -226.47096  4.99985   768
136.00  0.05371  0.05370  0.01810  0.81268  -223.56917  -225.51118  4.99985   768
137.00  0.05373  0.05370  0.01869  0.81268  -222.64296  -224.55141  4.99985   768
138.00  0.05373  0.05370  0.01890  0.81268  -222.20961  -224.08906  4.99985   768
139.00  0.05373  0.05370  0.01886  0.81268  -222.29353  -224.15620  4.99985   768
140.00  0.05372  0.05370  0.01840  0.81268  -222.92067  -224.72841  4.99985   768
141.00  0.05372  0.05370  0.01783  0.81268  -223.81941  -225.64393  4.99985   768
142.00  0.05372  0.05370  0.01723  0.81268  -224.70595  -226.53047  4.99985   768
143.00  0.05372  0.05370  0.01709  0.81268  -225.02943  -226.91194  4.99985   768
144.00  0.05373  0.05370  0.01722  0.81268  -224.84785  -226.73799  4.99985   768
145.00  0.05374  0.05370  0.01778  0.81268  -224.02998  -225.97200  4.99985   768
146.00  0.05372  0.05370  0.01850  0.81268  -222.94661  -224.90999  4.99985   768
147.00  0.05373  0.05370  0.01890  0.81268  -222.25538  -224.17146  4.99985   768
148.00  0.05373  0.05370  0.01907  0.81268  -221.98836  -223.89833  4.99985   768
149.00  0.05374  0.05370  0.01886  0.81268  -222.24776  -224.10280  4.99985   768
150.00  0.05373  0.05370  0.01824  0.81268  -223.17702  -224.98781  4.99985   768
151.00  0.05372  0.05370  0.01760  0.81268  -224.17494  -225.99794  4.99985   768
152.00  0.05372  0.05370  0.01714  0.81268  -224.92415  -226.79140  4.99985   768
153.00  0.05373  0.05370  0.01712  0.81268  -224.99586  -226.88142  4.99985   768
154.00  0.05373  0.05370  0.01748  0.81268  -224.43892  -226.36110  4.99985   768
155.00  0.05373  0.05370  0.01806  0.81268  -223.57069  -225.50813  4.99985   768
156.00  0.05372  0.05370  0.01873  0.81268  -222.58955  -224.51631  4.99985   768
157.00  0.05373  0.05370  0.01900  0.81268  -222.05855  -223.93648  4.99985   768
158.00  0.05371  0.05370  0.01892  0.81268  -222.19435  -224.04024  4.99985   768
159.00  0.05373  0.05370  0.01854  0.81268  -222.76350  -224.60329  4.99985   768
160.00  0.05373  0.05370  0.01798  0.81268  -223.59205  -225.40285  4.99985   768
161.00  0.05372  0.05370  0.01734  0.81268  -224.60219  -226.44197  4.99985   768
162.00  0.05372  0.05370  0.01701  0.81268  -225.07979  -226.94704  4.99985   768
163.00  0.05373  0.05370  0.01714  0.81268  -224.98213  -226.88905  4.99985   768
164.00  0.05373  0.05370  0.01769  0.81268  -224.17952  -226.10780  4.99985   768
165.00  0.05373  0.05370  0.01835  0.81268  -223.17091  -225.12056  4.99985   768
166.00  0.05372  0.05370  0.01882  0.81268  -222.42323  -224.33168  4.99985   768
167.00  0.05373  0.05370  0.01901  0.81268  -222.06007  -223.96242  4.99985   768
168.00  0.05373  0.05370  0.01877  0.81268  -222.45222  -224.28590  4.99985   768
169.00  0.05373  0.05370  0.01819  0.81268  -223.25331  -225.06563  4.99985   768
170.00  0.05373  0.05370  0.01761  0.81268  -224.18104  -226.03151  4.99985   768
171.00  0.05373  0.05370  0.01721  0.81268  -224.79445  -226.64033  4.99985   768
172.00  0.05372  0.05370  0.01708  0.81268  -225.05690  -226.91804  4.99985   768
173.00  0.05374  0.05370  0.01735  0.81268  -224.68306  -226.59914  4.99985   768
174.00  0.05371  0.05370  0.01799  0.81268  -223.67903  -225.59663  4.99985   768
175.00  0.05373  0.05370  0.01853  0.81268  -222.84743  -224.75740  4.99985   768
176.00  0.05373  0.05370  0.01888  0.81268  -222.28438  -224.17604  4.99985   768
177.00  0.05373  0.05370  0.01879  0.81268  -222.37135  -224.21724  4.99985   768
178.00  0.05373  0.05370  0.01850  0.81268  -222.80928  -224.66432  4.99985   768
179.00  0.05372  0.05370  0.01779  0.81268  -223.85908  -225.66987  4.99985   768
180.00  0.05373  0.05370  0.01744  0.81268  -224.49690  -226.37025  4.99985   768
181.00  0.05372  0.05370  0.01716  0.81268  -224.89973  -226.77309  4.99985   768
182.00  0.05372  0.05370  0.01727  0.81268  -224.76240  -226.66475  4.99985   768
183.00  0.05373  0.05370  0.01781  0.81268  -223.98421  -225.94453  4.99985   768
184.00  0.05373  0.05370  0.01835  0.81268  -223.16328  -225.09462  4.99985   768
185.00  0.05373  0.05370  0.01885  0.81268  -222.35304  -224.27370  4.99985   768
186.00  0.05373  0.05370  0.01906  0.81268  -222.00667  -223.89986  4.99985   768
187.00  0.05372  0.05370  0.01873  0.81268  -222.42476  -224.26301  4.99985   768
188.00  0.05372  0.05370  0.01812  0.81268  -223.35554  -225.15260  4.99985   768
189.00  0.05372  0.05370  0.01752  0.81268  -224.30006  -226.11543  4.99985   768
190.00  0.05372  0.05370  0.01711  0.81268  -224.94704  -226.80055  4.99985   768
191.00  0.05373  0.05370  0.01709  0.81268  -225.00654  -226.87684  4.99985   768
192.00  0.05372  0.05370  0.01749  0.81268  -224.46181  -226.37483  4.99985   768
193.00  0.05371  0.05370  0.01805  0.81268  -223.60274  -225.53865  4.99985   768
194.00  0.05372  0.05370  0.01866  0.81268  -222.66585  -224.60023  4.99985   768
195.00  0.05374  0.05370  0.01899  0.81268  -222.14400  -224.03871  4.99985   768
196.00  0.05373  0.05370  0.01894  0.81268  -222.19130  -224.05702  4.99985   768
197.00  0.05373  0.05370  0.01845  0.81268  -222.86574  -224.70705  4.99985   768
198.00  0.05373  0.05370  0.01783  0.81268  -223.83925  -225.67293  4.99985   768
199.00  0.05373  0.05370  0.01724  0.81268  -224.72273  -226.56862  4.99985   768
200.00  0.04903  0.03489  0.01723  0.81268  -224.86006  -226.80665  4.99985   768
201.00  0.03897  0.03489  0.01521  0.81268  -227.54408  -229.07411  4.99985   768
202.00  0.03818  0.03489  0.01281  0.81268  -231.40761  -233.11006  4.99985   768
203.00  0.03781  0.03489  0.01393  0.81268  -230.13350  -232.23115  4.99985   768
204.00  0.03753  0.03489  0.01292  0.81268  -231.23671  -232.93611  4.99985   768
205.00  0.03734  0.03489  0.01164  0.81268  -233.31648  -235.10591  4.99985   768
206.00  0.03716  0.03489  0.01259  0.81268  -231.97523  -233.91878  4.99985   768
207.00  0.03701  0.03489  0.01058  0.81268  -234.77522  -236.42122  4.99985   768
208.00  0.03688  0.03489  0.00955  0.81268  -236.62611  -238.48878  4.99985   768
209.00  0.03678  0.03489  0.01014  0.81268  -235.62514  -237.46645  4.99985   768
210.00  0.03671  0.03489  0.00879  0.81268  -237.68507  -239.48518  4.99985   768
211.00  0.03663  0.03489  0.00965  0.81268  -236.69783  -238.76192  4.99985   768
212.00  0.03656  0.03489  0.01072  0.81268  -234.73708  -236.58144  4.99985   768
213.00  0.03651  0.03489  0.01023  0.81268  -235.60988  -237.55342  4.99985   768
214.00  0.03646  0.03489  0.01151  0.81268  -233.75746  -235.77882  4.99985   768
215.00  0.03642  0.03489  0.01096  0.81268  -234.26405  -236.00008  4.99985   768
216.00  0.03639  0.03489  0.01023  0.81268  -235.56410  -237.46645  4.99985   768
217.00  0.03635  0.03489  0.01045  0.81268  -235.21468  -237.09413  4.99985   768
218.00  0.03633  0.03489  0.00893  0.81268  -237.41957  -239.15407  4.99985   768
219.00  0.03630  0.03489  0.00908  0.81268  -237.43025  -239.41347  4.99985   768
220.00  0.03627  0.03489  0.00964  0.81268  -236.43843  -238.32399  4.99985   768
221.00  0.03624  0.03489  0.00956  0.81268  -236.68257  -238.59865  4.99985   768
222.00  0.03622  0.03489  0.01100  0.81268  -234.55092  -236.55092  4.99985   768
223.00  0.03620  0.03489  0.01127  0.81268  -233.91768  -235.74525  4.99985   768
224.00  0.03618  0.03489  0.01095  0.81268  -234.47462  -236.36934  4.99985   768
225.00  0.03616  0.03489  0.01120  0.81268  -233.99092  -235.83375  4.99985   768
226.00  0.03616  0.03489  0.01007  0.81268  -235.65565  -237.40999  4.99985   768
227.00  0.03615  0.03489  0.00964  0.81268  -236.49641  -238.39571  4.99985   768
228.00  0.03614  0.03489  0.00946  0.81268  -236.65358  -238.47353  4.99985   768
229.00  0.03614  0.03489  0.00893  0.81268  -237.57216  -239.45161  4.99985   768
230.00  0.03612  0.03489  0.00979  0.81268  -236.39265  -238.40333  4.99985   768
231.00  0.03611  0.03489  0.01037  0.81268  -235.38557  -237.29097  4.99985   768
232.00  0.03612  0.03489  0.01068  0.81268  -234.95985  -236.92476  4.99985   768
233.00  0.03611  0.03489  0.01140  0.81268  -233.78798  -235.72389  4.99985   768
234.00  0.03610  0.03489  0.01089  0.81268  -234.45631  -236.28236  4.99985   768
235.00  0.03609  0.03489  0.01040  0.81268  -235.30470  -237.16280  4.99985   768
236.00  0.03609  0.03489  0.00995  0.81268  -235.91811  -237.72432  4.99985   768
237.00  0.03608  0.03489  0.00907  0.81268  -237.28987  -239.11134  4.99985   768
238.00  0.03609  0.03489  0.00906  0.81268  -237.39973  -239.30971  4.99985   768
239.00  0.03606  0.03489  0.00930  0.81268  -236.97707  -238.84889  4.99985   768
240.00  0.03609  0.03489  0.00969  0.81268  -236.49336  -238.44148  4.99985   768
241.00  0.03607  0.03489  0.01062  0.81268  -235.04225  -236.97816  4.99985   768
242.00  0.03605  0.03489  0.01089  0.81268  -234.55092  -236.43495  4.99985   768
243.00  0.03606  0.03489  0.01099  0.81268  -234.41511  -236.31746  4.99985   768
244.00  0.03606  0.03489  0.01088  0.81268  -234.53261  -236.35408  4.99985   768
245.00  0.03607  0.03489  0.00993  0.81268  -235.93794  -237.74110  4.99985   768
246.00  0.03606  0.03489  0.00944  0.81268  -236.72530  -238.59407  4.99985   768
247.00  0.03605  0.03489  0.00911  0.81268  -237.29140  -239.13881  4.99985   768
248.00  0.03605  0.03489  0.00900  0.81268  -237.48518  -239.39973  4.99985   768
249.00  0.03605  0.03489  0.00969  0.81268  -236.46284  -238.44759  4.99985   768
250.00  0.03605  0.03489  0.01032  0.81268  -235.50154  -237.46492  4.99985   768
251.00  0.03605  0.03489  0.01091  0.81268  -234.56618  -236.49751  4.99985   768
252.00  0.03603  0.03489  0.01128  0.81268  -234.01533  -235.91005  4.99985   768
253.00  0.03605  0.03489  0.01101  0.81268  -234.33119  -236.18928  4.99985   768
254.00  0.03604  0.03489  0.01065  0.81268  -234.86067  -236.70656  4.99985   768
255.00  0.03604  0.03489  0.01000  0.81268  -235.85860  -237.66634  4.99985   768
256.00  0.03604  0.03489  0.00920  0.81268  -237.06709  -238.87788  4.99985   768
257.00  0.03604  0.03489  0.00918  0.81268  -237.18001  -239.08388  4.99985   768
258.00  0.03604  0.03489  0.00944  0.81268  -236.76039  -238.64900  4.99985   768
259.00  0.03603  0.03489  0.01000  0.81268  -235.98830  -237.92268  4.99985   768
260.00  0.03602  0.03489  0.01076  0.81268  -234.80574  -236.74165  4.99985   768
261.00  0.03604  0.03489  0.01107  0.81268  -234.28999  -236.19691  4.99985   768
262.00  0.03603  0.03489  0.01117  0.81268  -234.14198  -236.04585  4.99985   768
263.00  0.03603  0.03489  0.01083  0.81268  -234.58144  -236.40901  4.99985   768
264.00  0.03603  0.03489  0.01006  0.81268  -235.74568  -237.58089  4.99985   768
265.00  0.03602  0.03489  0.00950  0.81268  -236.63374  -238.46284  4.99985   768
266.00  0.03603  0.03489  0.00911  0.81268  -237.24257  -239.11897  4.99985   768
267.00  0.03602  0.03489  0.00905  0.81268  -237.44246  -239.36616  4.99985   768
268.00  0.03601  0.03489  0.00957  0.81268  -236.62306  -238.57881  4.99985   768
269.00  0.03603  0.03489  0.01011  0.81268  -235.79298  -237.73958  4.99985   768
270.00  0.03602  0.03489  0.01073  0.81268  -234.86677  -236.80269  4.99985   768
271.00  0.03602  0.03489  0.01102  0.81268  -234.36171  -236.25185  4.99985   768
272.00  0.03601  0.03489  0.01079  0.81268  -234.65468  -236.48988  4.99985   768
273.00  0.03601  0.03489  0.01031  0.81268  -235.41151  -237.22536  4.99985   768
274.00  0.03601  0.03489  0.00970  0.81268  -236.28279  -238.08900  4.99985   768
275.00  0.03602  0.03489  0.00919  0.81268  -237.11439  -238.98012  4.99985   768
276.00  0.03602  0.03489  0.00906  0.81268  -237.34480  -239.20137  4.99985   768
277.00  0.03601  0.03489  0.00931  0.81268  -237.03047  -238.95418  4.99985   768
278.00  0.03603  0.03489  0.00998  0.81268  -236.02187  -237.96388  4.99985   768
279.00  0.03600  0.03489  0.01061  0.81268  -235.05293  -236.99647  4.99985   768
280.00  0.03601  0.03489  0.01103  0.81268  -234.40291  -236.33729  4.99985   768
281.00  0.03601  0.03489  0.01116  0.81268  -234.13130  -235.99855  4.99985   768
282.00  0.03601  0.03489  0.01081  0.81268  -234.63789  -236.49904  4.99985   768
283.00  0.03601  0.03489  0.01023  0.81268  -235.51680  -237.35353  4.99985   768
284.00  0.03600  0.03489  0.00957  0.81268  -236.52693  -238.34840  4.99985   768
285.00  0.03600  0.03489  0.00917  0.81268  -237.20595  -239.06557  4.99985   768
286.00  0.03600  0.03489  0.00928  0.81268  -237.08693  -239.01826  4.99985   768
287.00  0.03599  0.03489  0.00983  0.81268  -236.21413  -238.15156  4.99985   768
288.00  0.03599  0.03489  0.01050  0.81268  -235.21620  -237.15364  4.99985   768
289.00  0.03599  0.03489  0.01101  0.81268  -234.39680  -236.30373  4.99985   768
290.00  0.03599  0.03489  0.01125  0.81268  -233.99855  -235.89326  4.99985   768
291.00  0.03600  0.03489  0.01104  0.81268  -234.27016  -236.10841  4.99985   768
292.00  0.03598  0.03489  0.01049  0.81268  -235.11854  -236.92934  4.99985   768
293.00  0.03599  0.03489  0.00990  0.81268  -235.96083  -237.78841  4.99985   768
294.00  0.03599  0.03489  0.00927  0.81268  -236.97707  -238.81074  4.99985   768
295.00  0.03598  0.03489  0.00913  0.81268  -237.30360  -239.18153  4.99985   768
296.00  0.03600  0.03489  0.00939  0.81268  -236.86720  -238.81685  4.99985   768
297.00  0.03598  0.03489  0.01003  0.81268  -235.93336  -237.86928  4.99985   768
298.00  0.03598  0.03489  0.01065  0.81268  -234.98427  -236.94307  4.99985   768
299.00  0.03600  0.03489  0.01113  0.81268  -234.22743  -236.15877  4.99985   768
300.00  0.03600  0.03489  0.01112  0.81268  -234.19081  -236.06569  4.99985   768
301.00  0.03598  0.03489  0.01068  0.81268  -234.81489  -236.67146  4.99985   768
302.00  0.03597  0.03489  0.01005  0.81268  -235.79146  -237.60530  4.99985   768
303.00  0.03598  0.03489  0.00948  0.81268  -236.64290  -238.47963  4.99985   768
304.00  0.03599  0.03489  0.00904  0.81268  -237.37990  -239.21663  4.99985   768
305.00  0.03598  0.03489  0.00916  0.81268  -237.24867  -239.13423  4.99985   768
306.00  0.03598  0.03489  0.00965  0.81268  -236.50404  -238.42775  4.99985   768
307.00  0.03598  0.03489  0.01041  0.81268  -235.37794  -237.31843  4.99985   768
308.00  0.03597  0.03489  0.01095  0.81268  -234.51582  -236.44105  4.99985   768
309.00  0.03597  0.03489  0.01124  0.81268  -233.98176  -235.87190  4.99985   768
310.00  0.03598  0.03489  0.01091  0.81268  -234.49599  -236.32204  4.99985   768
311.00  0.03597  0.03489  0.01040  0.81268  -235.25282  -237.09871  4.99985   768
312.00  0.03598  0.03489  0.00978  0.81268  -236.18513  -237.99898  4.99985   768
313.00  0.03598  0.03489  0.00920  0.81268  -237.13423  -238.97707  4.99985   768
314.00  0.03597  0.03489  0.00915  0.81268  -237.23646  -239.14644  4.99985   768
315.00  0.03597  0.03489  0.00953  0.81268  -236.69783  -238.63069  4.99985   768
316.00  0.03598  0.03489  0.01007  0.81268  -235.88301  -237.85097  4.99985   768
317.00  0.03596  0.03489  0.01088  0.81268  -234.68214  -236.63332  4.99985   768
318.00  0.03597  0.03489  0.01113  0.81268  -234.17097  -236.05043  4.99985   768
319.00  0.03596  0.03489  0.01104  0.81268  -234.31746  -236.19081  4.99985   768
320.00  0.03598  0.03489  0.01066  0.81268  -234.87593  -236.70198  4.99985   768
321.00  0.03597  0.03489  0.01008  0.81268  -235.70448  -237.52748  4.99985   768
322.00  0.03596  0.03489  0.00943  0.81268  -236.69325  -238.50099  4.99985   768
323.00  0.03597  0.03489  0.00917  0.81268  -237.18611  -239.04420  4.99985   768
324.00  0.03596  0.03489  0.00926  0.81268  -237.08693  -238.99690  4.99985   768
325.00  0.03597  0.03489  0.00982  0.81268  -236.29347  -238.24007  4.99985   768
326.00  0.03597  0.03489  0.01052  0.81268  -235.17195  -237.12007  4.99985   768
327.00  0.03595  0.03489  0.01112  0.81268  -234.21980  -236.15114  4.99985   768
328.00  0.03597  0.03489  0.01122  0.81268  -234.05806  -235.94057  4.99985   768
329.00  0.03595  0.03489  0.01103  0.81268  -234.30373  -236.18471  4.99985   768
330.00  0.03595  0.03489  0.01051  0.81268  -235.09413  -236.91103  4.99985   768
331.00  0.03596  0.03489  0.00989  0.81268  -236.03255  -237.85707  4.99985   768
332.00  0.03596  0.03489  0.00931  0.81268  -236.96028  -238.81990  4.99985   768
333.00  0.03596  0.03489  0.00920  0.81268  -237.13881  -239.03810  4.99985   768
334.00  0.03597  0.03489  0.00957  0.81268  -236.61391  -238.54677  4.99985   768
335.00  0.03596  0.03489  0.01022  0.81268  -235.66023  -237.61751  4.99985   768
336.00  0.03596  0.03489  0.01081  0.81268  -234.74623  -236.69130  4.99985   768
337.00  0.03597  0.03489  0.01120  0.81268  -234.07179  -235.98024  4.99985   768
338.00  0.03595  0.03489  0.01119  0.81268  -234.09773  -235.96956  4.99985   768
339.00  0.03595  0.03489  0.01076  0.81268  -234.65163  -236.48225  4.99985   768
340.00  0.03595  0.03489  0.01009  0.81268  -235.70906  -237.51527  4.99985   768
341.00  0.03595  0.03489  0.00946  0.81268  -236.67342  -238.47505  4.99985   768
342.00  0.03595  0.03489  0.00905  0.81268  -237.35396  -239.20442  4.99985   768
343.00  0.03596  0.03489  0.00916  0.81268  -237.26240  -239.17696  4.99985   768
344.00  0.03595  0.03489  0.00974  0.81268  -236.40028  -238.34688  4.99985   768
345.00  0.03595  0.03489  0.01042  0.81268  -235.36879  -237.32149  4.99985   768
346.00  0.03595  0.03489  0.01099  0.81268  -234.42274  -236.34340  4.99985   768
347.00  0.03595  0.03489  0.01113  0.81268  -234.14961  -236.02907  4.99985   768
348.00  0.03595  0.03489  0.01083  0.81268  -234.64857  -236.50819  4.99985   768
349.00  0.03595  0.03489  0.01034  0.81268  -235.31691  -237.16585  4.99985   768
350.00  0.03594  0.03489  0.00975  0.81268  -236.28432  -238.11342  4.99985   768
351.00  0.03594  0.03489  0.00929  0.81268  -236.99690  -238.85500  4.99985   768
352.00  0.03595  0.03489  0.00910  0.81268  -237.29597  -239.16627  4.99985   768
353.00  0.03595  0.03489  0.00943  0.81268  -236.86262  -238.79091  4.99985   768
354.00  0.03594  0.03489  0.01006  0.81268  -235.91200  -237.85402  4.99985   768
355.00  0.03595  0.03489  0.01073  0.81268  -234.83168  -236.77675  4.99985   768
356.00  0.03594  0.03489  0.01114  0.81268  -234.17708  -236.07790  4.99985   768
357.00  0.03593  0.03489  0.01112  0.81268  -234.13740  -235.98634  4.99985   768
358.00  0.03595  0.03489  0.01067  0.81268  -234.85457  -236.67909  4.99985   768
359.00  0.03594  0.03489  0.01014  0.81268  -235.63429  -237.45882  4.99985   768
360.00  0.03595  0.03489  0.00958  0.81268  -236.50862  -238.33009  4.99985   768
361.00  0.03594  0.03489  0.00925  0.81268  -237.06404  -238.93587  4.99985   768
362.00  0.03594  0.03489  0.00938  0.81268  -236.88399  -238.80769  4.99985   768
363.00  0.03594  0.03489  0.00998  0.81268  -236.04933  -238.01118  4.99985   768
364.00  0.03594  0.03489  0.01066  0.81268  -234.96748  -236.92018  4.99985   768
365.00  0.03593  0.03489  0.01113  0.81268  -234.19997  -236.12978  4.99985   768
366.00  0.03593  0.03489  0.01132  0.81268  -233.90242  -235.81087  4.99985   768
367.00  0.03593  0.03489  0.01115  0.81268  -234.08247  -235.94514  4.99985   768
368.00  0.03594  0.03489  0.01056  0.81268  -235.00410  -236.84236  4.99985   768
369.00  0.03594  0.03489  0.00986  0.81268  -236.04018  -237.85860  4.99985   768
370.00  0.03592  0.03489  0.00941  0.81268  -236.80769  -238.65968  4.99985   768
371.00  0.03594  0.03489  0.00930  0.81268  -236.99843  -238.87483  4.99985   768
372.00  0.03592  0.03489  0.00967  0.81268  -236.43385  -238.35298  4.99985   768
373.00  0.03593  0.03489  0.01030  0.81268  -235.53358  -237.47407  4.99985   768
374.00  0.03593  0.03489  0.01083  0.81268  -234.68977  -236.61348  4.99985   768
375.00  0.03591  0.03489  0.01118  0.81268  -234.16487  -236.05501  4.99985   768
376.00  0.03593  0.03489  0.01105  0.81268  -234.25795  -236.11452  4.99985   768
377.00  0.03593  0.03489  0.01061  0.81268  -234.95833  -236.78438  4.99985   768
378.00  0.03594  0.03489  0.00997  0.81268  -235.90285  -237.72279  4.99985   768
379.00  0.03592  0.03489  0.00942  0.81268  -236.77260  -238.61848  4.99985   768
380.00  0.03594  0.03489  0.00911  0.81268  -237.24715  -239.12660  4.99985   768
381.00  0.03593  0.03489  0.00927  0.81268  -237.10371  -239.03047  4.99985   768
382.00  0.03592  0.03489  0.00988  0.81268  -236.17750  -238.12868  4.99985   768
383.00  0.03594  0.03489  0.01059  0.81268  -235.11397  -237.08498  4.99985   768
384.00  0.03593  0.03489  0.01109  0.81268  -234.26558  -236.18623  4.99985   768
385.00  0.03592  0.03489  0.01117  0.81268  -234.14046  -236.02602  4.99985   768
386.00  0.03594  0.03489  0.01085  0.81268  -234.57838  -236.41359  4.99985   768
387.00  0.03593  0.03489  0.01038  0.81268  -235.28487  -237.13533  4.99985   768
388.00  0.03593  0.03489  0.00975  0.81268  -236.24770  -238.05238  4.99985   768
389.00  0.03592  0.03489  0.00937  0.81268  -236.85957  -238.71156  4.99985   768
390.00  0.03592  0.03489  0.00928  0.81268  -237.02132  -238.90993  4.99985   768
391.00  0.03591  0.03489  0.00961  0.81268  -236.56050  -238.47047  4.99985   768
392.00  0.03593  0.03489  0.01024  0.81268  -235.58699  -237.51375  4.99985   768
393.00  0.03593  0.03489  0.01091  0.81268  -234.57991  -236.52956  4.99985   768
394.00  0.03591  0.03489  0.01127  0.81268  -233.98634  -235.87495  4.99985   768
395.00  0.03593  0.03489  0.01123  0.81268  -234.00770  -235.87953  4.99985   768
396.00  0.03592  0.03489  0.01077  0.81268  -234.69588  -236.53718  4.99985   768
397.00  0.03593  0.03489  0.01006  0.81268  -235.75026  -237.57936  4.99985   768
398.00  0.03592  0.03489  0.00949  0.81268  -236.66884  -238.49947  4.99985   768
399.00  0.03591  0.03489  0.00932  0.81268  -237.00758  -238.90840  4.99985   768
400.00  0.03591  0.03489  0.00953  0.81268  -236.67342  -238.60170  4.99985   768
401.00  0.03592  0.03489  0.01005  0.81268  -235.92116  -237.87080  4.99985   768
402.00  0.03592  0.03489  0.01075  0.81268  -234.83626  -236.78590  4.99985   768
403.00  0.03591  0.03489  0.01119  0.81268  -234.10689  -236.02907  4.99985   768
404.00  0.03592  0.03489  0.01135  0.81268  -233.85207  -235.73915  4.99985   768
405.00  0.03592  0.03489  0.01098  0.81268  -234.32509  -236.15114  4.99985   768
406.00  0.03592  0.03489  0.01040  0.81268  -235.22841  -237.05904  4.99985   768
407.00  0.03591  0.03489  0.00974  0.81268  -236.22938  -238.03255  4.99985   768
408.00  0.03592  0.03489  0.00926  0.81268  -237.03047  -238.86415  4.99985   768
409.00  0.03592  0.03489  0.00940  0.81268  -236.87178  -238.78328  4.99985   768
410.00  0.03591  0.03489  0.00976  0.81268  -236.32704  -238.25227  4.99985   768
411.00  0.03591  0.03489  0.01037  0.81268  -235.39778  -237.33064  4.99985   768
412.00  0.03592  0.03489  0.01094  0.81268  -234.52193  -236.45784  4.99985   768
413.00  0.03592  0.03489  0.01123  0.81268  -234.05806  -235.95735  4.99985   768
414.00  0.03592  0.03489  0.01116  0.81268  -234.14351  -236.01991  4.99985   768
415.00  0.03590  0.03489  0.01070  0.81268  -234.78133  -236.62569  4.99985   768
416.00  0.03591  0.03489  0.01011  0.81268  -235.70753  -237.52443  4.99985   768
417.00  0.03591  0.03489  0.00953  0.81268  -236.56050  -238.41249  4.99985   768
418.00  0.03591  0.03489  0.00928  0.81268  -237.02437  -238.91298  4.99985   768
419.00  0.03591  0.03489  0.00948  0.81268  -236.76192  -238.68410  4.99985   768
420.00  0.03591  0.03489  0.01007  0.81268  -235.87233  -237.83113  4.99985   768
421.00  0.03592  0.03489  0.01072  0.81268  -234.85304  -236.77980  4.99985   768
422.00  0.03591  0.03489  0.01121  0.81268  -234.10384  -236.01533  4.99985   768
423.00  0.03592  0.03489  0.01125  0.81268  -233.96956  -235.82765  4.99985   768
424.00  0.03591  0.03489  0.01095  0.81268  -234.40138  -236.23354  4.99985   768
425.00  0.03590  0.03489  0.01041  0.81268  -235.20399  -237.02089  4.99985   768
426.00  0.03591  0.03489  0.00975  0.81268  -236.25838  -238.08137  4.99985   768
427.00  0.03592  0.03489  0.00935  0.81268  -236.89467  -238.73750  4.99985   768
428.00  0.03590  0.03489  0.00933  0.81268  -236.95113  -238.86873  4.99985   768
429.00  0.03592  0.03489  0.00984  0.81268  -236.22786  -238.18056  4.99985   768
430.00  0.03591  0.03489  0.01053  0.81268  -235.20399  -237.17348  4.99985   768
431.00  0.03591  0.03489  0.01108  0.81268  -234.31898  -236.25490  4.99985   768
432.00  0.03591  0.03489  0.01143  0.81268  -233.76204  -235.66133  4.99985   768
433.00  0.03592  0.03489  0.01125  0.81268  -233.99397  -235.85664  4.99985   768
434.00  0.03592  0.03489  0.01084  0.81268  -234.57686  -236.41054  4.99985   768
435.00  0.03590  0.03489  0.01027  0.81268  -235.43288  -237.27113  4.99985   768
436.00  0.03591  0.03489  0.00973  0.81268  -236.28889  -238.12562  4.99985   768
437.00  0.03590  0.03489  0.00950  0.81268  -236.68715  -238.56050  4.99985   768
438.00  0.03590  0.03489  0.00964  0.81268  -236.50404  -238.40639  4.99985   768
439.00  0.03591  0.03489  0.01021  0.81268  -235.67244  -237.60988  4.99985   768
440.00  0.03592  0.03489  0.01086  0.81268  -234.65010  -236.57838  4.99985   768
441.00  0.03590  0.03489  0.01135  0.81268  -233.86580  -235.77882  4.99985   768
442.00  0.03591  0.03489  0.01149  0.81268  -233.58656  -235.45534  4.99985   768
443.00  0.03591  0.03489  0.01109  0.81268  -234.15877  -235.98176  4.99985   768
444.00  0.03591  0.03489  0.01052  0.81268  -235.06514  -236.88203  4.99985   768
445.00  0.03590  0.03489  0.00975  0.81268  -236.23244  -238.05238  4.99985   768
446.00  0.03591  0.03489  0.00941  0.81268  -236.83821  -238.71156  4.99985   768
447.00  0.03590  0.03489  0.00943  0.81268  -236.85347  -238.75124  4.99985   768
448.00  0.03590  0.03489  0.00981  0.81268  -236.26906  -238.19429  4.99985   768
449.00  0.03591  0.03489  0.01049  0.81268  -235.24519  -237.21162  4.99985   768
450.00  0.03590  0.03489  0.01115  0.81268  -234.17097  -236.12672  4.99985   768
451.00  0.03590  0.03489  0.01141  0.81268  -233.75441  -235.65218  4.99985   768
452.00  0.03591  0.03489  0.01134  0.81268  -233.81697  -235.68574  4.99985   768
453.00  0.03590  0.03489  0.01078  0.81268  -234.66688  -236.48836  4.99985   768
454.00  0.03590  0.03489  0.01009  0.81268  -235.69990  -237.52138  4.99985   768
455.00  0.03590  0.03489  0.00956  0.81268  -236.50862  -238.34688  4.99985   768
456.00  0.03591  0.03489  0.00932  0.81268  -236.97401  -238.85347  4.99985   768
457.00  0.03590  0.03489  0.00963  0.81268  -236.52541  -238.43233  4.99985   768
458.00  0.03590  0.03489  0.01028  0.81268  -235.54732  -237.48933  4.99985   768
459.00  0.03591  0.03489  0.01096  0.81268  -234.50362  -236.43495  4.99985   768
460.00  0.03590  0.03489  0.01156  0.81268  -233.56673  -235.50111  4.99985   768
461.00  0.03590  0.03489  0.01157  0.81268  -233.48585  -235.32869  4.99985   768
462.00  0.03591  0.03489  0.01118  0.81268  -234.03975  -235.89479  4.99985   768
463.00  0.03590  0.03489  0.01056  0.81268  -235.00105  -236.83015  4.99985   768
464.00  0.03590  0.03489  0.00994  0.81268  -235.96083  -237.80519  4.99985   768
465.00  0.03589  0.03489  0.00951  0.81268  -236.64442  -238.51320  4.99985   768
466.00  0.03589  0.03489  0.00960  0.81268  -236.56660  -238.48268  4.99985   768
467.00  0.03589  0.03489  0.01010  0.81268  -235.81892  -237.77467  4.99985   768
468.00  0.03590  0.03489  0.01066  0.81268  -234.93239  -236.87135  4.99985   768
469.00  0.03589  0.03489  0.01128  0.81268  -234.02449  -235.96956  4.99985   768
470.00  0.03589  0.03489  0.01156  0.81268  -233.53163  -235.42482  4.99985   768
471.00  0.03590  0.03489  0.01131  0.81268  -233.85207  -235.67812  4.99985   768
472.00  0.03589  0.03489  0.01078  0.81268  -234.68520  -236.50514  4.99985   768
473.00  0.03591  0.03489  0.01010  0.81268  -235.68159  -237.49696  4.99985   768
474.00  0.03590  0.03489  0.00947  0.81268  -236.63985  -238.45369  4.99985   768
475.00  0.03590  0.03489  0.00922  0.81268  -237.10524  -238.97859  4.99985   768
476.00  0.03590  0.03489  0.00956  0.81268  -236.61848  -238.54219  4.99985   768
477.00  0.03589  0.03489  0.01009  0.81268  -235.83266  -237.77467  4.99985   768
478.00  0.03589  0.03489  0.01086  0.81268  -234.63637  -236.60585  4.99985   768
479.00  0.03589  0.03489  0.01132  0.81268  -233.90395  -235.81544  4.99985   768
480.00  0.03589  0.03489  0.01134  0.81268  -233.83833  -235.71321  4.99985   768
481.00  0.03590  0.03489  0.01107  0.81268  -234.25185  -236.09621  4.99985   768
482.00  0.03590  0.03489  0.01041  0.81268  -235.20705  -237.04073  4.99985   768
483.00  0.03589  0.03489  0.00977  0.81268  -236.20650  -238.05086  4.99985   768
484.00  0.03589  0.03489  0.00931  0.81268  -236.98622  -238.84431  4.99985   768
485.00  0.03590  0.03489  0.00937  0.81268  -236.93739  -238.85194  4.99985   768
486.00  0.03588  0.03489  0.00983  0.81268  -236.23701  -238.19887  4.99985   768
487.00  0.03589  0.03489  0.01057  0.81268  -235.10939  -237.04225  4.99985   768
488.00  0.03590  0.03489  0.01118  0.81268  -234.18623  -236.11299  4.99985   768
489.00  0.03589  0.03489  0.01149  0.81268  -233.63997  -235.51790  4.99985   768
490.00  0.03589  0.03489  0.01134  0.81268  -233.86122  -235.69490  4.99985   768
491.00  0.03589  0.03489  0.01080  0.81268  -234.57381  -236.38307  4.99985   768
492.00  0.03590  0.03489  0.01007  0.81268  -235.71211  -237.52901  4.99985   768
493.00  0.03589  0.03489  0.00951  0.81268  -236.62611  -238.47200  4.99985   768
494.00  0.03591  0.03489  0.00933  0.81268  -236.93129  -238.80769  4.99985   768
495.00  0.03590  0.03489  0.00962  0.81268  -236.50709  -238.42012  4.99985   768
496.00  0.03589  0.03489  0.01019  0.81268  -235.71364  -237.66176  4.99985   768
497.00  0.03588  0.03489  0.01084  0.81268  -234.73555  -236.68672  4.99985   768
498.00  0.03588  0.03489  0.01124  0.81268  -234.05348  -235.97261  4.99985   768
499.00  0.03588  0.03489  0.01142  0.81268  -233.77272  -235.67812  4.99985   768
500.00  0.03590  0.03489  0.01113  0.81268  -234.10384  -235.94667  4.99985   768
501.00  0.03589  0.03489  0.01042  0.81268  -235.22230  -237.04530  4.99985   768
502.00  0.03588  0.03489  0.00978  0.81268  -236.18666  -238.01729  4.99985   768
503.00  0.03589  0.03489  0.00936  0.81268  -236.87788  -238.74513  4.99985   768
504.00  0.03588  0.03489  0.00943  0.81268  -236.84584  -238.74666  4.99985   768
505.00  0.03589  0.03489  0.00991  0.81268  -236.09663  -238.02797  4.99985   768
506.00  0.03589  0.03489  0.01058  0.81268  -235.09566  -237.02089  4.99985   768
507.00  0.03590  0.03489  0.01112  0.81268  -234.23964  -236.15877  4.99985   768
508.00  0.03590  0.03489  0.01126  0.81268  -233.98329  -235.86732  4.99985   768
509.00  0.03590  0.03489  0.01120  0.81268  -234.07790  -235.94057  4.99985   768
510.00  0.03589  0.03489  0.01077  0.81268  -234.68214  -236.50972  4.99985   768
511.00  0.03590  0.03489  0.01013  0.81268  -235.64040  -237.44356  4.99985   768
512.00  0.03589  0.03489  0.00960  0.81268  -236.50404  -238.34383  4.99985   768
513.00  0.03589  0.03489  0.00941  0.81268  -236.81227  -238.68104  4.99985   768
514.00  0.03588  0.03489  0.00964  0.81268  -236.51625  -238.43690  4.99985   768
515.00  0.03587  0.03489  0.01030  0.81268  -235.51985  -237.48018  4.99985   768
516.00  0.03589  0.03489  0.01096  0.81268  -234.49904  -236.46852  4.99985   768
517.00  0.03590  0.03489  0.01136  0.81268  -233.85512  -235.77730  4.99985   768
518.00  0.03588  0.03489  0.01144  0.81268  -233.71474  -235.60640  4.99985   768
519.00  0.03590  0.03489  0.01111  0.81268  -234.19234  -236.05196  4.99985   768
520.00  0.03589  0.03489  0.01049  0.81268  -235.09566  -236.92018  4.99985   768
521.00  0.03588  0.03489  0.00993  0.81268  -235.97151  -237.79756  4.99985   768
522.00  0.03588  0.03489  0.00948  0.81268  -236.71767  -238.56203  4.99985   768
523.00  0.03587  0.03489  0.00952  0.81268  -236.65816  -238.54677  4.99985   768
524.00  0.03588  0.03489  0.01005  0.81268  -235.88911  -237.82350  4.99985   768
525.00  0.03589  0.03489  0.01063  0.81268  -235.01784  -236.95528  4.99985   768
526.00  0.03588  0.03489  0.01120  0.81268  -234.11299  -236.04127  4.99985   768
527.00  0.03588  0.03489  0.01155  0.81268  -233.54536  -235.45076  4.99985   768
528.00  0.03588  0.03489  0.01132  0.81268  -233.88716  -235.74831  4.99985   768
529.00  0.03587  0.03489  0.01083  0.81268  -234.55702  -236.39223  4.99985   768
530.00  0.03588  0.03489  0.01024  0.81268  -235.50764  -237.34743  4.99985   768
531.00  0.03589  0.03489  0.00978  0.81268  -236.20497  -238.07832  4.99985   768
532.00  0.03588  0.03489  0.00962  0.81268  -236.50404  -238.40181  4.99985   768
533.00  0.03590  0.03489  0.00998  0.81268  -235.98982  -237.93336  4.99985   768
534.00  0.03588  0.03489  0.01051  0.81268  -235.19942  -237.16432  4.99985   768
535.00  0.03589  0.03489  0.01116  0.81268  -234.21217  -236.14809  4.99985   768
536.00  0.03588  0.03489  0.01158  0.81268  -233.51485  -235.44160  4.99985   768
537.00  0.03587  0.03489  0.01163  0.81268  -233.40346  -235.26765  4.99985   768
538.00  0.03589  0.03489  0.01113  0.81268  -234.05501  -235.86275  4.99985   768
539.00  0.03588  0.03489  0.01058  0.81268  -234.94154  -236.77370  4.99985   768
540.00  0.03589  0.03489  0.00995  0.81268  -235.94252  -237.75178  4.99985   768
541.00  0.03588  0.03489  0.00964  0.81268  -236.43538  -238.30110  4.99985   768
542.00  0.03589  0.03489  0.00972  0.81268  -236.36671  -238.29042  4.99985   768
543.00  0.03589  0.03489  0.01024  0.81268  -235.61140  -237.55495  4.99985   768
544.00  0.03586  0.03489  0.01084  0.81268  -234.66994  -236.62569  4.99985   768
545.00  0.03588  0.03489  0.01132  0.81268  -233.91615  -235.83223  4.99985   768
546.00  0.03587  0.03489  0.01152  0.81268  -233.60335  -235.49501  4.99985   768
547.00  0.03589  0.03489  0.01136  0.81268  -233.81087  -235.67659  4.99985   768
548.00  0.03587  0.03489  0.01087  0.81268  -234.51735  -236.35408  4.99985   768
549.00  0.03588  0.03489  0.01005  0.81268  -235.78841  -237.62361  4.99985   768
550.00  0.03588  0.03489  0.00956  0.81268  -236.60323  -238.47200  4.99985   768
551.00  0.03587  0.03489  0.00949  0.81268  -236.68257  -238.58186  4.99985   768
552.00  0.03587  0.03489  0.00985  0.81268  -236.20802  -238.13020  4.99985   768
553.00  0.03587  0.03489  0.01048  0.81268  -235.26656  -237.20247  4.99985   768
554.00  0.03589  0.03489  0.01110  0.81268  -234.27626  -236.21675  4.99985   768
555.00  0.03589  0.03489  0.01140  0.81268  -233.81087  -235.70558  4.99985   768
556.00  0.03588  0.03489  0.01132  0.81268  -233.85054  -235.70863  4.99985   768
557.00  0.03588  0.03489  0.01108  0.81268  -234.23964  -236.08400  4.99985   768
558.00  0.03588  0.03489  0.01052  0.81268  -235.03615  -236.84999  4.99985   768
559.00  0.03586  0.03489  0.00989  0.81268  -236.02644  -237.84639  4.99985   768
560.00  0.03587  0.03489  0.00952  0.81268  -236.64748  -238.51625  4.99985   768
561.00  0.03586  0.03489  0.00963  0.81268  -236.50252  -238.42317  4.99985   768
562.00  0.03588  0.03489  0.01021  0.81268  -235.67396  -237.62819  4.99985   768
563.00  0.03588  0.03489  0.01092  0.81268  -234.56160  -236.50819  4.99985   768
564.00  0.03588  0.03489  0.01130  0.81268  -233.95735  -235.89479  4.99985   768
565.00  0.03588  0.03489  0.01153  0.81268  -233.57893  -235.46907  4.99985   768
566.00  0.03588  0.03489  0.01128  0.81268  -233.94057  -235.82002  4.99985   768
567.00  0.03588  0.03489  0.01085  0.81268  -234.56618  -236.39375  4.99985   768
568.00  0.03587  0.03489  0.01020  0.81268  -235.56868  -237.40999  4.99985   768
569.00  0.03586  0.03489  0.00974  0.81268  -236.31026  -238.15309  4.99985   768
570.00  0.03587  0.03489  0.00972  0.81268  -236.38960  -238.30263  4.99985   768
571.00  0.03588  0.03489  0.01007  0.81268  -235.87385  -237.79909  4.99985   768
572.00  0.03586  0.03489  0.01063  0.81268  -235.01326  -236.92476  4.99985   768
573.00  0.03587  0.03489  0.01129  0.81268  -233.97719  -235.90395  4.99985   768
574.00  0.03587  0.03489  0.01150  0.81268  -233.63234  -235.50722  4.99985   768
575.00  0.03589  0.03489  0.01136  0.81268  -233.78950  -235.63539  4.99985   768
576.00  0.03587  0.03489  0.01093  0.81268  -234.43037  -236.27473  4.99985   768
577.00  0.03586  0.03489  0.01036  0.81268  -235.29250  -237.12007  4.99985   768
578.00  0.03588  0.03489  0.00976  0.81268  -236.19734  -238.03102  4.99985   768
579.00  0.03587  0.03489  0.00952  0.81268  -236.67494  -238.55745  4.99985   768
580.00  0.03587  0.03489  0.00971  0.81268  -236.38808  -238.31636  4.99985   768
581.00  0.03587  0.03489  0.01021  0.81268  -235.65260  -237.60683  4.99985   768
582.00  0.03586  0.03489  0.01082  0.81268  -234.72639  -236.67451  4.99985   768
583.00  0.03587  0.03489  0.01138  0.81268  -233.86275  -235.79561  4.99985   768
584.00  0.03587  0.03489  0.01147  0.81268  -233.65065  -235.53621  4.99985   768
585.00  0.03588  0.03489  0.01123  0.81268  -233.97871  -235.81697  4.99985   768
586.00  0.03586  0.03489  0.01063  0.81268  -234.88966  -236.70808  4.99985   768
587.00  0.03587  0.03489  0.00992  0.81268  -235.96541  -237.78993  4.99985   768
588.00  0.03588  0.03489  0.00960  0.81268  -236.47353  -238.35451  4.99985   768
589.00  0.03587  0.03489  0.00965  0.81268  -236.47200  -238.37129  4.99985   768
590.00  0.03587  0.03489  0.01006  0.81268  -235.88606  -237.79451  4.99985   768
591.00  0.03586  0.03489  0.01075  0.81268  -234.83473  -236.76759  4.99985   768
592.00  0.03587  0.03489  0.01134  0.81268  -233.92989  -235.85512  4.99985   768
593.00  0.03587  0.03489  0.01166  0.81268  -233.36989  -235.26613  4.99985   768
594.00  0.03586  0.03489  0.01161  0.81268  -233.41719  -235.29512  4.99985   768
595.00  0.03587  0.03489  0.01122  0.81268  -233.98939  -235.82307  4.99985   768
596.00  0.03586  0.03489  0.01054  0.81268  -235.03004  -236.84999  4.99985   768
597.00  0.03586  0.03489  0.00985  0.81268  -236.05543  -237.90895  4.99985   768
598.00  0.03587  0.03489  0.00960  0.81268  -236.51778  -238.39723  4.99985   768
599.00  0.03587  0.03489  0.00981  0.81268  -236.29805  -238.24464  4.99985   768
600.00  0.03587  0.03489  0.01043  0.81268  -235.33522  -237.29707  4.99985   768
601.00  0.03587  0.03489  0.01111  0.81268  -234.30525  -236.24879  4.99985   768
602.00  0.03587  0.03489  0.01150  0.81268  -233.60640  -235.53773  4.99985   768
603.00  0.03585  0.03489  0.01155  0.81268  -233.52400  -235.39278  4.99985   768
604.00  0.03587  0.03489  0.01134  0.81268  -233.81544  -235.67049  4.99985   768
605.00  0.03587  0.03489  0.01071  0.81268  -234.77522  -236.58449  4.99985   768
606.00  0.03586  0.03489  0.01003  0.81268  -235.74263  -237.55647  4.99985   768
607.00  0.03586  0.03489  0.00967  0.81268  -236.41249  -238.27058  4.99985   768
608.00  0.03587  0.03489  0.00957  0.81268  -236.59712  -238.48726  4.99985   768
609.00  0.03587  0.03489  0.01003  0.81268  -235.91963  -237.84639  4.99985   768
610.00  0.03587  0.03489  0.01073  0.81268  -234.86677  -236.82710  4.99985   768
611.00  0.03586  0.03489  0.01131  0.81268  -233.93599  -235.85359  4.99985   768
612.00  0.03585  0.03489  0.01163  0.81268  -233.43855  -235.34395  4.99985   768
613.00  0.03587  0.03489  0.01152  0.81268  -233.57588  -235.45076  4.99985   768
614.00  0.03586  0.03489  0.01104  0.81268  -234.21217  -236.03670  4.99985   768
615.00  0.03586  0.03489  0.01032  0.81268  -235.39015  -237.21162  4.99985   768
616.00  0.03586  0.03489  0.00986  0.81268  -236.15156  -238.00661  4.99985   768
617.00  0.03586  0.03489  0.00962  0.81268  -236.49489  -238.38808  4.99985   768
618.00  0.03586  0.03489  0.00985  0.81268  -236.21565  -238.15156  4.99985   768
619.00  0.03587  0.03489  0.01047  0.81268  -235.21773  -237.18416  4.99985   768
620.00  0.03587  0.03489  0.01113  0.81268  -234.24879  -236.18166  4.99985   768
621.00  0.03587  0.03489  0.01155  0.81268  -233.53926  -235.43855  4.99985   768
622.00  0.03585  0.03489  0.01163  0.81268  -233.37447  -235.25087  4.99985   768
623.00  0.03586  0.03489  0.01122  0.81268  -233.98634  -235.80476  4.99985   768
624.00  0.03585  0.03489  0.01062  0.81268  -234.90340  -236.71266  4.99985   768
625.00  0.03587  0.03489  0.01000  0.81268  -235.86165  -237.68770  4.99985   768
626.00  0.03586  0.03489  0.00964  0.81268  -236.47200  -238.33925  4.99985   768
627.00  0.03585  0.03489  0.00969  0.81268  -236.38197  -238.29195  4.99985   768
628.00  0.03586  0.03489  0.01011  0.81268  -235.78688  -237.72890  4.99985   768
629.00  0.03587  0.03489  0.01074  0.81268  -234.83931  -236.77980  4.99985   768
630.00  0.03586  0.03489  0.01134  0.81268  -233.94209  -235.87953  4.99985   768
631.00  0.03587  0.03489  0.01159  0.81268  -233.46907  -235.37752  4.99985   768
632.00  0.03584  0.03489  0.01141  0.81268  -233.72542  -235.58961  4.99985   768
633.00  0.03584  0.03489  0.01091  0.81268  -234.49599  -236.34798  4.99985   768
634.00  0.03586  0.03489  0.01027  0.81268  -235.42830  -237.26045  4.99985   768
635.00  0.03585  0.03489  0.00970  0.81268  -236.31483  -238.16072  4.99985   768
636.00  0.03587  0.03489  0.00957  0.81268  -236.58339  -238.49031  4.99985   768
637.00  0.03586  0.03489  0.00975  0.81268  -236.31789  -238.23701  4.99985   768
638.00  0.03586  0.03489  0.01042  0.81268  -235.34895  -237.29250  4.99985   768
639.00  0.03586  0.03489  0.01109  0.81268  -234.30220  -236.24116  4.99985   768
640.00  0.03585  0.03489  0.01150  0.81268  -233.60640  -235.50264  4.99985   768
641.00  0.03586  0.03489  0.01156  0.81268  -233.50416  -235.35768  4.99985   768
642.00  0.03585  0.03489  0.01120  0.81268  -234.03517  -235.86427  4.99985   768
643.00  0.03586  0.03489  0.01060  0.81268  -234.93697  -236.75233  4.99985   768
644.00  0.03586  0.03489  0.01000  0.81268  -235.83113  -237.66328  4.99985   768
645.00  0.03585  0.03489  0.00968  0.81268  -236.41707  -238.28737  4.99985   768
646.00  0.03586  0.03489  0.00965  0.81268  -236.43690  -238.33162  4.99985   768
647.00  0.03586  0.03489  0.01011  0.81268  -235.82198  -237.75636  4.99985   768
648.00  0.03585  0.03489  0.01075  0.81268  -234.85609  -236.82558  4.99985   768
649.00  0.03586  0.03489  0.01131  0.81268  -233.97261  -235.90395  4.99985   768
650.00  0.03585  0.03489  0.01157  0.81268  -233.56520  -235.45839  4.99985   768
651.00  0.03585  0.03489  0.01136  0.81268  -233.78187  -235.62776  4.99985   768
652.00  0.03586  0.03489  0.01088  0.81268  -234.52498  -236.36018  4.99985   768
653.00  0.03585  0.03489  0.01021  0.81268  -235.50764  -237.32149  4.99985   768
654.00  0.03587  0.03489  0.00975  0.81268  -236.25990  -238.10426  4.99985   768
655.00  0.03585  0.03489  0.00956  0.81268  -236.59712  -238.47200  4.99985   768
656.00  0.03586  0.03489  0.00985  0.81268  -236.20039  -238.11800  4.99985   768
657.00  0.03585  0.03489  0.01040  0.81268  -235.38100  -237.30775  4.99985   768
658.00  0.03584  0.03489  0.01105  0.81268  -234.38155  -236.30525  4.99985   768
659.00  0.03586  0.03489  0.01148  0.81268  -233.63844  -235.55147  4.99985   768
660.00  0.03585  0.03489  0.01155  0.81268  -233.52095  -235.38515  4.99985   768
661.00  0.03586  0.03489  0.01110  0.81268  -234.19081  -236.03517  4.99985   768
662.00  0.03585  0.03489  0.01056  0.81268  -234.97816  -236.80574  4.99985   768
663.00  0.03586  0.03489  0.00989  0.81268  -236.06764  -237.91353  4.99985   768
664.00  0.03584  0.03489  0.00952  0.81268  -236.62917  -238.51472  4.99985   768
665.00  0.03585  0.03489  0.00954  0.81268  -236.66273  -238.55897  4.99985   768
666.00  0.03585  0.03489  0.01004  0.81268  -235.92726  -237.86470  4.99985   768
667.00  0.03585  0.03489  0.01070  0.81268  -234.90645  -236.87898  4.99985   768
668.00  0.03585  0.03489  0.01125  0.81268  -234.02296  -235.95125  4.99985   768
669.00  0.03584  0.03489  0.01148  0.81268  -233.64302  -235.53163  4.99985   768
670.00  0.03585  0.03489  0.01137  0.81268  -233.80476  -235.63997  4.99985   768
671.00  0.03585  0.03489  0.01078  0.81268  -234.61348  -236.41969  4.99985   768
672.00  0.03585  0.03489  0.01004  0.81268  -235.77925  -237.60225  4.99985   768
673.00  0.03585  0.03489  0.00952  0.81268  -236.63069  -238.44759  4.99985   768
674.00  0.03585  0.03489  0.00928  0.81268  -236.98622  -238.83974  4.99985   768
675.00  0.03584  0.03489  0.00957  0.81268  -236.62917  -238.55440  4.99985   768
676.00  0.03585  0.03489  0.01025  0.81268  -235.61751  -237.55647  4.99985   768
677.00  0.03584  0.03489  0.01081  0.81268  -234.71876  -236.65315  4.99985   768
678.00  0.03585  0.03489  0.01120  0.81268  -234.09468  -236.00313  4.99985   768
679.00  0.03585  0.03489  0.01112  0.81268  -234.16640  -236.01686  4.99985   768
680.00  0.03585  0.03489  0.01071  0.81268  -234.79811  -236.63942  4.99985   768
681.00  0.03585  0.03489  0.01012  0.81268  -235.69228  -237.53664  4.99985   768
682.00  0.03584  0.03489  0.00956  0.81268  -236.54372  -238.37282  4.99985   768
683.00  0.03584  0.03489  0.00920  0.81268  -237.14033  -239.01521  4.99985   768
684.00  0.03585  0.03489  0.00925  0.81268  -237.07167  -238.97859  4.99985   768
685.00  0.03583  0.03489  0.00970  0.81268  -236.45674  -238.41402  4.99985   768
686.00  0.03585  0.03489  0.01027  0.81268  -235.57478  -237.51527  4.99985   768
687.00  0.03584  0.03489  0.01080  0.81268  -234.72792  -236.65620  4.99985   768
688.00  0.03585  0.03489  0.01102  0.81268  -234.36476  -236.24574  4.99985   768
689.00  0.03585  0.03489  0.01076  0.81268  -234.74013  -236.56923  4.99985   768
690.00  0.03585  0.03489  0.01022  0.81268  -235.49239  -237.31233  4.99985   768
691.00  0.03585  0.03489  0.00956  0.81268  -236.49489  -238.29652  4.99985   768
692.00  0.03585  0.03489  0.00900  0.81268  -237.40736  -239.22273  4.99985   768
693.00  0.03585  0.03489  0.00885  0.81268  -237.67897  -239.58131  4.99985   768
694.00  0.03586  0.03489  0.00906  0.81268  -237.44093  -239.33565  4.99985   768
695.00  0.03585  0.03489  0.00976  0.81268  -236.34077  -238.30568  4.99985   768
696.00  0.03585  0.03489  0.01040  0.81268  -235.36726  -237.30012  4.99985   768
697.00  0.03586  0.03489  0.01084  0.81268  -234.66688  -236.59212  4.99985   768
698.00  0.03584  0.03489  0.01073  0.81268  -234.73555  -236.59669  4.99985   768
699.00  0.03585  0.03489  0.01031  0.81268  -235.39320  -237.24062  4.99985   768
700.00  0.03584  0.03489  0.00968  0.81268  -236.34535  -238.17598  4.99985   768
701.00  0.03583  0.03489  0.00902  0.81268  -237.35243  -239.17848  4.99985   768
702.00  0.03584  0.03489  0.00876  0.81268  -237.84376  -239.70949  4.99985   768
703.00  0.03585  0.03489  0.00887  0.81268  -237.70491  -239.61793  4.99985   768
704.00  0.03584  0.03489  0.00954  0.81268  -236.69325  -238.65358  4.99985   768
705.00  0.03585  0.03489  0.01019  0.81268  -235.67854  -237.61598  4.99985   768
706.00  0.03586  0.03489  0.01073  0.81268  -234.83321  -236.74928  4.99985   768
707.00  0.03585  0.03489  0.01097  0.81268  -234.40901  -236.29152  4.99985   768
708.00  0.03585  0.03489  0.01073  0.81268  -234.77064  -236.60127  4.99985   768
709.00  0.03585  0.03489  0.01025  0.81268  -235.48323  -237.30470  4.99985   768
710.00  0.03585  0.03489  0.00964  0.81268  -236.38808  -238.21565  4.99985   768
711.00  0.03583  0.03489  0.00924  0.81268  -237.06404  -238.90993  4.99985   768
712.00  0.03585  0.03489  0.00921  0.81268  -237.14033  -239.03352  4.99985   768
713.00  0.03585  0.03489  0.00966  0.81268  -236.52693  -238.49031  4.99985   768
714.00  0.03585  0.03489  0.01034  0.81268  -235.46645  -237.42982  4.99985   768
715.00  0.03585  0.03489  0.01090  0.81268  -234.57381  -236.53566  4.99985   768
716.00  0.03584  0.03489  0.01127  0.81268  -233.98787  -235.90395  4.99985   768
717.00  0.03585  0.03489  0.01130  0.81268  -233.89326  -235.77425  4.99985   768
718.00  0.03585  0.03489  0.01079  0.81268  -234.62874  -236.46547  4.99985   768
719.00  0.03585  0.03489  0.01018  0.81268  -235.58699  -237.40999  4.99985   768
720.00  0.03586  0.03489  0.00959  0.81268  -236.48115  -238.31331  4.99985   768
721.00  0.03584  0.03489  0.00931  0.81268  -236.94960  -238.81837  4.99985   768
722.00  0.03585  0.03489  0.00946  0.81268  -236.77260  -238.68104  4.99985   768
723.00  0.03585  0.03489  0.00989  0.81268  -236.17293  -238.10884  4.99985   768
724.00  0.03585  0.03489  0.01066  0.81268  -234.95528  -236.88661  4.99985   768
725.00  0.03584  0.03489  0.01120  0.81268  -234.10841  -236.03670  4.99985   768
726.00  0.03585  0.03489  0.01131  0.81268  -233.87190  -235.73762  4.99985   768
727.00  0.03585  0.03489  0.01114  0.81268  -234.11909  -235.96956  4.99985   768
728.00  0.03584  0.03489  0.01049  0.81268  -235.08192  -236.89271  4.99985   768
729.00  0.03585  0.03489  0.00965  0.81268  -236.34688  -238.17293  4.99985   768
730.00  0.03583  0.03489  0.00898  0.81268  -237.43178  -239.28834  4.99985   768
731.00  0.03583  0.03489  0.00882  0.81268  -237.78578  -239.68965  4.99985   768
732.00  0.03583  0.03489  0.00918  0.81268  -237.19679  -239.13576  4.99985   768
733.00  0.03584  0.03489  0.01029  0.81268  -235.60377  -237.62056  4.99985   768
734.00  0.03585  0.03489  0.01073  0.81268  -234.84236  -236.78438  4.99985   768
735.00  0.03584  0.03489  0.01068  0.81268  -234.82405  -236.68214  4.99985   768
736.00  0.03584  0.03489  0.01027  0.81268  -235.45729  -237.26350  4.99985   768
737.00  0.03584  0.03489  0.00972  0.81268  -236.37587  -238.26295  4.99985   768
738.00  0.03584  0.03489  0.00948  0.81268  -236.65663  -238.47810  4.99985   768
739.00  0.03584  0.03489  0.00921  0.81268  -237.09151  -238.93434  4.99985   768
740.00  0.03583  0.03489  0.00816  0.81268  -238.68758  -240.48006  4.99985   768
741.00  0.03583  0.03489  0.00767  0.81268  -239.40779  -241.24757  4.99985   768
742.00  0.03584  0.03489  0.00747  0.81268  -239.73128  -241.58022  4.99985   768
743.00  0.03585  0.03489  0.00785  0.81268  -239.33913  -241.31776  4.99985   768
744.00  0.03584  0.03489  0.00861  0.81268  -238.07722  -239.99025  4.99985   768
745.00  0.03583  0.03489  0.00885  0.81268  -237.67744  -239.55995  4.99985   768
746.00  0.03585  0.03489  0.00821  0.81268  -238.60518  -240.42818  4.99985   768
747.00  0.03584  0.03489  0.00714  0.81268  -240.20888  -241.97084  4.99985   768
748.00  0.03583  0.03489  0.00586  0.81268  -242.16353  -243.95143  4.99985   768
749.00  0.03584  0.03489  0.00538  0.81268  -243.02718  -244.91426  4.99985   768
750.00  0.03584  0.03489  0.00541  0.81268  -242.91426  -244.81508  4.99985   768
751.00  0.03582  0.03489  0.00539  0.81268  -242.99513  -244.87764  4.99985   768
752.00  0.03584  0.03489  0.00523  0.81268  -243.25606  -245.12331  4.99985   768
753.00  0.03583  0.03489  0.00495  0.81268  -243.61464  -245.50325  4.99985   768
754.00  0.03584  0.03489  0.00486  0.81268  -243.81758  -245.68025  4.99985   768
755.00  0.03583  0.03489  0.00473  0.81268  -243.98238  -245.84047  4.99985   768
756.00  0.03583  0.03489  0.00414  0.81268  -244.80788  -246.60799  4.99985   768
757.00  0.03584  0.03489  0.00301  0.81268  -246.52754  -248.28493  4.99985   768
758.00  0.03584  0.03489  0.00182  0.81268  -248.35097  -250.13429  4.99985   768
759.00  0.03584  0.03489  0.00118  0.81268  -249.41145  -251.25429  4.99985   768
760.00  0.03584  0.03489  0.00115  0.81268  -249.54573  -251.42366  4.99985   768
761.00  0.03583  0.03489  0.00131  0.81268  -249.25429  -251.15511  4.99985   768
762.00  0.03584  0.03489  0.00146  0.81268  -249.03609  -250.94301  4.99985   768
763.00  0.03583  0.03489  0.00139  0.81268  -249.12917  -250.99794  4.99985   768
764.00  0.03584  0.03489  0.00094  0.81268  -249.76698  -251.61897  4.99985   768
765.00  0.03583  0.03489  0.00025  0.81268  -250.82137  -252.65657  4.99985   768
766.00  0.03583  0.03489  -0.00064  0.81268  -252.12447  -253.93526  4.99985   768
767.00  0.03584  0.03489  -0.00150  0.81268  -253.50996  -255.34670  4.99985   768
768.00  0.03583  0.03489  -0.00222  0.81268  -254.61623  -256.43617  4.99985   768
769.00  0.03584  0.03489  -0.00261  0.81268  -255.28609  -257.16554  4.99985   768
770.00  0.03582  0.03489  -0.00261  0.81268  -255.31355  -257.20522  4.99985   768
771.00  0.03582  0.03489  -0.00243  0.81268  -255.01143  -256.90157  4.99985   768
772.00  0.03584  0.03489  -0.00235  0.81268  -254.90614  -256.79781  4.99985   768
773.00  0.03582  0.03489  -0.00250  0.81268  -255.06178  -256.90309  4.99985   768
774.00  0.03583  0.03489  -0.00294  0.81268  -255.73775  -257.57600  4.99985   768
775.00  0.03584  0.03489  -0.00329  0.81268  -256.22908  -258.07039  4.99985   768
776.00  0.03583  0.03489  -0.00410  0.81268  -257.47878  -259.26820  4.99985   768
777.00  0.03582  0.03489  -0.00484  0.81268  -258.68575  -260.52095  4.99985   768
778.00  0.03583  0.03489  -0.00518  0.81268  -259.15877  -261.00771  4.99985   768
779.00  0.03584  0.03489  -0.00543  0.81268  -259.63179  -261.49904  4.99985   768
780.00  0.03582  0.03489  -0.00561  0.81268  -259.86983  -261.76912  4.99985   768
781.00  0.03584  0.03489  -0.00545  0.81268  -259.67757  -261.59517  4.99985   768
782.00  0.03583  0.03489  -0.00503  0.81268  -259.07942  -261.03975  4.99985   768
783.00  0.03584  0.03489  -0.00486  0.81268  -258.71321  -260.61556  4.99985   768
784.00  0.03584  0.03489  -0.00554  0.81268  -259.68977  -261.51125  4.99985   768
785.00  0.03584  0.03489  -0.00683  0.81268  -261.61849  -263.37434  4.99985   768
786.00  0.03583  0.03489  -0.00798  0.81268  -263.42818  -265.23897  4.99985   768
787.00  0.03584  0.03489  -0.00848  0.81268  -264.29945  -266.15755  4.99985   768
788.00  0.03582  0.03489  -0.00843  0.81268  -264.22011  -266.12245  4.99985   768
789.00  0.03582  0.03489  -0.00824  0.81268  -263.97139  -265.87526  4.99985   768
790.00  0.03583  0.03489  -0.00791  0.81268  -263.44496  -265.34578  4.99985   768
791.00  0.03584  0.03489  -0.00773  0.81268  -263.13826  -265.05129  4.99985   768
792.00  0.03582  0.03489  -0.00780  0.81268  -263.23134  -265.11080  4.99985   768
793.00  0.03584  0.03489  -0.00800  0.81268  -263.50600  -265.35341  4.99985   768
794.00  0.03583  0.03489  -0.00862  0.81268  -264.43221  -266.25368  4.99985   768
795.00  0.03582  0.03489  -0.00957  0.81268  -265.85738  -267.66817  4.99985   768
796.00  0.03582  0.03489  -0.01060  0.81268  -267.43666  -269.23677  4.99985   768
797.00  0.03584  0.03489  -0.01162  0.81268  -269.06783  -270.89388  4.99985   768
798.00  0.03583  0.03489  -0.01186  0.81268  -269.46913  -271.35927  4.99985   768
799.00  0.03584  0.03489  -0.01200  0.81268  -269.70564  -271.58510  4.99985   768
800.00  0.03584  0.03489  -0.01237  0.81268  -270.27480  -272.15273  4.99985   768
801.00  0.03584  0.03489  -0.01262  0.81268  -270.62422  -272.49452  4.99985   768
802.00  0.03584  0.03489  -0.01310  0.81268  -271.39632  -273.24831  4.99985   768
803.00  0.03584  0.03489  -0.01362  0.81268  -272.09670  -273.95479  4.99985   768
804.00  0.03583  0.03489  -0.01457  0.81268  -273.52492  -275.31893  4.99985   768
805.00  0.03584  0.03489  -0.01540  0.81268  -274.86617  -276.66628  4.99985   768
806.00  0.03583  0.03489  -0.01525  0.81268  -274.78682  -276.76088  4.99985   768
807.00  0.03582  0.03489  -0.01361  0.81268  -272.25386  -274.23250  4.99985   768
808.00  0.03583  0.03489  -0.01385  0.81268  -272.50105  -274.34389  4.99985   768
809.00  0.03584  0.03489  -0.01305  0.81268  -271.44820  -273.46803  4.99985   768
810.00  0.03585  0.03489  -0.01306  0.81268  -271.21321  -273.01943  4.99985   768
811.00  0.03584  0.03489  -0.01394  0.81268  -272.70094  -274.58956  4.99985   768
812.00  0.03584  0.03489  -0.01318  0.81268  -271.62367  -273.60536  4.99985   768
813.00  0.03584  0.03489  -0.01081  0.81268  -268.38118  -270.70467  4.99985   768
814.00  0.03583  0.03489  0.00335  0.81268  -247.64754  -251.03914  4.99985   768
815.00  0.03583  0.03489  0.00416  0.81268  -244.38216  -245.82216  4.99985   768
816.00  0.03584  0.03489  0.00689  0.81268  -241.70271  -244.47023  4.99985   768
817.00  0.03584  0.03489  0.01331  0.81268  -230.85524  -232.84914  4.99985   768
818.00  0.03583  0.03489  0.01129  0.81268  -234.04127  -235.92073  4.99985   768
819.00  0.03583  0.03489  0.01680  0.81268  -226.01057  -228.43782  4.99985   768
820.00  0.03583  0.03489  0.01654  0.81268  -225.64436  -227.31325  4.99985   768
821.00  0.03584  0.03489  0.01655  0.81268  -226.07008  -228.15248  4.99985   768
822.00  0.03583  0.03489  0.01837  0.81268  -223.02290  -224.88252  4.99985   768
823.00  0.03584  0.03489  0.01669  0.81268  -225.56654  -227.34682  4.99985   768
824.00  0.03583  0.03489  0.01721  0.81268  -224.93025  -226.86922  4.99985   768
825.00  0.03584  0.03489  0.01654  0.81268  -225.71608  -227.46889  4.99985   768
826.00  0.03582  0.03489  0.01647  0.81268  -226.07771  -228.03804  4.99985   768
827.00  0.03584  0.03489  0.01724  0.81268  -224.84785  -226.79140  4.99985   768
828.00  0.03582  0.03489  0.01798  0.81268  -223.74922  -225.73854  4.99985   768
829.00  0.03583  0.03489  0.01900  0.81268  -222.14552  -224.08143  4.99985   768
830.00  0.03583  0.03489  0.01925  0.81268  -221.72896  -223.66029  4.99985   768
831.00  0.03584  0.03489  0.01927  0.81268  -221.64198  -223.50160  4.99985   768
832.00  0.03582  0.03489  0.01857  0.81268  -222.71162  -224.53920  4.99985   768
833.00  0.03584  0.03489  0.01846  0.81268  -222.91914  -224.81233  4.99985   768
834.00  0.03583  0.03489  0.01787  0.81268  -223.79042  -225.61342  4.99985   768
835.00  0.03582  0.03489  0.01757  0.81268  -224.30464  -226.20241  4.99985   768
836.00  0.03582  0.03489  0.01785  0.81268  -223.87739  -225.76143  4.99985   768
837.00  0.03583  0.03489  0.01794  0.81268  -223.81178  -225.73549  4.99985   768
838.00  0.03582  0.03489  0.01914  0.81268  -221.99293  -223.98530  4.99985   768
839.00  0.03582  0.03489  0.01959  0.81268  -221.14912  -223.01332  4.99985   768
840.00  0.03583  0.03489  0.01948  0.81268  -221.34749  -223.22694  4.99985   768
841.00  0.03584  0.03489  0.01914  0.81268  -221.83577  -223.64656  4.99985   768
842.00  0.03583  0.03489  0.01810  0.81268  -223.36317  -225.13734  4.99985   768
843.00  0.03584  0.03489  0.01785  0.81268  -223.86366  -225.74617  4.99985   768
844.00  0.03584  0.03489  0.01765  0.81268  -224.09407  -225.92317  4.99985   768
845.00  0.03583  0.03489  0.01732  0.81268  -224.69069  -226.58540  4.99985   768
846.00  0.03583  0.03489  0.01780  0.81268  -223.99946  -225.93690  4.99985   768
847.00  0.03583  0.03489  0.01814  0.81268  -223.45625  -225.37080  4.99985   768
848.00  0.03582  0.03489  0.01891  0.81268  -222.33778  -224.31184  4.99985   768
849.00  0.03583  0.03489  0.01957  0.81268  -221.26356  -223.17811  4.99985   768
850.00  0.03584  0.03489  0.01923  0.81268  -221.72285  -223.57484  3.99107   768
851.00  0.03583  0.03489  0.01866  0.81268  -222.52852  -224.35457  1.63727   768
852.00  0.03584  0.03489  0.01776  0.81268  -223.89265  -225.68819  1.63727   768
853.00  0.03581  0.03489  0.01723  0.81268  -224.79903  -226.65559  1.63727   768
854.00  0.03583  0.03489  0.01751  0.81268  -224.41450  -226.32295  1.63727   768
855.00  0.03583  0.03489  0.01790  0.81268  -223.84077  -225.73549  1.63727   768
856.00  0.03584  0.03489  0.01833  0.81268  -223.14192  -225.06257  1.63727   768
857.00  0.03582  0.03489  0.01868  0.81268  -222.61244  -224.49647  1.63727   768
858.00  0.03584  0.03489  0.01893  0.81268  -222.24318  -224.15468  1.63727   768
859.00  0.03582  0.03489  0.01930  0.81268  -221.66945  -223.57179  1.63727   768
860.00  0.03584  0.03489  0.01904  0.81268  -221.95631  -223.78541  1.63727   768
861.00  0.03582  0.03489  0.01832  0.81268  -223.06105  -224.86268  1.63969   768
862.00  0.03582  0.03489  0.01756  0.81268  -224.23140  -226.05134  1.64536   768
863.00  0.03584  0.03489  0.01711  0.81268  -224.95161  -226.81123  1.64536   768
864.00  0.03583  0.03489  0.01726  0.81268  -224.82039  -226.75172  1.64536   768
865.00  0.03582  0.03489  0.01777  0.81268  -224.01320  -225.96132  1.64536   768
866.00  0.03582  0.03489  0.01830  0.81268  -223.22737  -225.16328  1.64536   768
867.00  0.03583  0.03489  0.01858  0.81268  -222.82149  -224.72230  1.64536   768
868.00  0.03583  0.03489  0.01882  0.81268  -222.38966  -224.31489  1.64536   768
869.00  0.03582  0.03489  0.01881  0.81268  -222.38051  -224.23555  1.64536   768
870.00  0.03582  0.03489  0.01829  0.81268  -223.09920  -224.92677  1.64536   768
871.00  0.03583  0.03489  0.01741  0.81268  -224.43739  -226.21614  1.64536   768
872.00  0.03583  0.03489  0.01697  0.81268  -225.18660  -227.02943  1.68452   768
873.00  0.03584  0.03489  0.01686  0.81268  -225.39412  -227.25221  1.90643   768
874.00  0.03582  0.03489  0.01725  0.81268  -224.87990  -226.79903  1.90643   768
875.00  0.03582  0.03489  0.01776  0.81268  -224.01930  -225.93843  1.90643   768
876.00  0.03584  0.03489  0.01820  0.81268  -223.35249  -225.28078  1.90643   768
877.00  0.03584  0.03489  0.01866  0.81268  -222.65974  -224.57735  1.90643   768
878.00  0.03583  0.03489  0.01885  0.81268  -222.33015  -224.19740  1.90643   768
879.00  0.03582  0.03489  0.01861  0.81268  -222.61702  -224.47816  1.90643   768
880.00  0.03582  0.03489  0.01795  0.81268  -223.63783  -225.45015  1.90643   768
881.00  0.03582  0.03489  0.01716  0.81268  -224.86464  -226.69679  1.90643   768
882.00  0.03583  0.03489  0.01671  0.81268  -225.59096  -227.45973  1.90643   768
883.00  0.03582  0.03489  0.01697  0.81268  -225.28120  -227.24916  1.87952   768
884.00  0.03583  0.03489  0.01763  0.81268  -224.25276  -226.18104  1.63727   768
885.00  0.03584  0.03489  0.01828  0.81268  -223.24568  -225.20143  1.63727   768
886.00  0.03583  0.03489  0.01859  0.81268  -222.75435  -224.63380  1.63727   768
887.00  0.03583  0.03489  0.01850  0.81268  -222.86421  -224.72230  1.63727   768
888.00  0.03583  0.03489  0.01829  0.81268  -223.11903  -224.98476  1.63727   768
889.00  0.03582  0.03489  0.01801  0.81268  -223.57374  -225.41658  1.63727   768
890.00  0.03582  0.03489  0.01775  0.81268  -223.97658  -225.82094  1.63727   768
891.00  0.03582  0.03489  0.01726  0.81268  -224.68916  -226.50148  1.63727   768
892.00  0.03583  0.03489  0.01674  0.81268  -225.54823  -227.38954  1.63727   768
893.00  0.03584  0.03489  0.01685  0.81268  -225.46431  -227.38344  1.63727   768
894.00  0.03584  0.03489  0.01750  0.81268  -224.47096  -226.41756  1.63727   768
895.00  0.03581  0.03489  0.01840  0.81268  -223.14345  -225.10377  1.63567   768
896.00  0.03582  0.03489  0.01878  0.81268  -222.47969  -224.38966  1.63559   768
897.00  0.03582  0.03489  0.01857  0.81268  -222.68416  -224.52852  1.63559   768
898.00  0.03583  0.03489  0.01797  0.81268  -223.62410  -225.45625  1.63559   768
899.00  0.03582  0.03489  0.01736  0.81268  -224.58693  -226.43739  1.63559   768
900.00  0.03582  0.03489  0.01711  0.81268  -225.01570  -226.89516  1.63559   768
901.00  0.03582  0.03489  0.01696  0.81268  -225.22475  -227.09810  1.63559   768
902.00  0.03582  0.03489  0.01687  0.81268  -225.37123  -227.25679  1.63559   768
903.00  0.03584  0.03489  0.01710  0.81268  -225.05995  -226.96840  1.63559   768
904.00  0.03583  0.03489  0.01765  0.81268  -224.21919  -226.17341  1.63559   768
905.00  0.03583  0.03489  0.01822  0.81268  -223.36165  -225.28383  1.63559   768
906.00  0.03582  0.03489  0.01857  0.81268  -222.73604  -224.62465  1.63655   768
907.00  0.03582  0.03489  0.01840  0.81268  -222.95271  -224.76503  1.63666   768
908.00  0.03583  0.03489  0.01771  0.81268  -224.01625  -225.82857  1.63666   768
909.00  0.03582  0.03489  0.01718  0.81268  -224.81123  -226.62050  1.63666   768
910.00  0.03583  0.03489  0.01678  0.81268  -225.49635  -227.36207  1.63666   768
911.00  0.03583  0.03489  0.01680  0.81268  -225.45210  -227.33156  1.63666   768
912.00  0.03582  0.03489  0.01714  0.81268  -225.00197  -226.92415  1.63666   768
913.00  0.03583  0.03489  0.01774  0.81268  -224.11848  -226.09254  1.63666   768
914.00  0.03583  0.03489  0.01837  0.81268  -223.07783  -225.02138  1.63666   768
915.00  0.03582  0.03489  0.01869  0.81268  -222.57582  -224.47969  1.63666   768
916.00  0.03583  0.03489  0.01865  0.81268  -222.61091  -224.48884  1.63666   768
917.00  0.03582  0.03489  0.01820  0.81268  -223.31129  -225.14039  1.64201   768
918.00  0.03584  0.03489  0.01759  0.81268  -224.18867  -226.02846  1.64490   768
919.00  0.03583  0.03489  0.01704  0.81268  -225.09199  -226.94246  1.64490   768
920.00  0.03583  0.03489  0.01693  0.81268  -225.23695  -227.12251  1.64490   768
921.00  0.03583  0.03489  0.01698  0.81268  -225.20796  -227.09352  1.64490   768
922.00  0.03581  0.03489  0.01736  0.81268  -224.71663  -226.64644  1.64490   768
923.00  0.03583  0.03489  0.01790  0.81268  -223.82704  -225.74617  1.64490   768
924.00  0.03583  0.03489  0.01840  0.81268  -223.05495  -224.94966  1.64490   768
925.00  0.03581  0.03489  0.01867  0.81268  -222.61091  -224.49800  1.64490   768
926.00  0.03583  0.03489  0.01849  0.81268  -222.83217  -224.67500  1.64490   768
927.00  0.03582  0.03489  0.01787  0.81268  -223.77974  -225.56611  1.64490   768
928.00  0.03582  0.03489  0.01705  0.81268  -224.99739  -226.80513  1.64874   768
929.00  0.03581  0.03489  0.01660  0.81268  -225.72676  -227.59096  1.65039   768
930.00  0.03582  0.03489  0.01667  0.81268  -225.73439  -227.63826  1.65039   768
931.00  0.03582  0.03489  0.01709  0.81268  -225.09810  -227.04774  1.65039   768
932.00  0.03582  0.03489  0.01774  0.81268  -224.08949  -226.02846  1.65039   768
933.00  0.03582  0.03489  0.01822  0.81268  -223.37538  -225.30061  1.65039   768
934.00  0.03582  0.03489  0.01832  0.81268  -223.09004  -224.96797  1.65039   768
935.00  0.03583  0.03489  0.01832  0.81268  -223.13887  -225.03206  1.65039   768
936.00  0.03582  0.03489  0.01812  0.81268  -223.40590  -225.26247  1.65039   768
937.00  0.03582  0.03489  0.01768  0.81268  -224.06966  -225.89113  1.65039   768
938.00  0.03582  0.03489  0.01701  0.81268  -225.05995  -226.86464  1.65039   768
939.00  0.03582  0.03489  0.01647  0.81268  -225.95564  -227.81373  1.77406   768
940.00  0.03582  0.03489  0.01660  0.81268  -225.83205  -227.74049  1.89774   768
941.00  0.03580  0.03489  0.01724  0.81268  -224.88753  -226.82344  1.89774   768
942.00  0.03582  0.03489  0.01813  0.81268  -223.49592  -225.43947  1.89774   768
943.00  0.03583  0.03489  0.01861  0.81268  -222.72688  -224.62617  1.89774   768
944.00  0.03582  0.03489  0.01873  0.81268  -222.49495  -224.38051  1.89774   768
945.00  0.03582  0.03489  0.01826  0.81268  -223.18159  -225.00459  1.89774   768
946.00  0.03583  0.03489  0.01775  0.81268  -223.97352  -225.82094  1.89774   768
947.00  0.03583  0.03489  0.01726  0.81268  -224.70442  -226.54115  1.89774   768
948.00  0.03582  0.03489  0.01694  0.81268  -225.24611  -227.10725  1.89774   768
949.00  0.03581  0.03489  0.01681  0.81268  -225.45515  -227.36818  1.89774   768
950.00  0.03582  0.03489  0.01699  0.81268  -225.18965  -227.08742  1.90147   768
951.00  0.03581  0.03489  0.01755  0.81268  -224.39162  -226.34279  1.90521   768
952.00  0.03583  0.03489  0.01826  0.81268  -223.33266  -225.27772  1.90521   768
953.00  0.03582  0.03489  0.01858  0.81268  -222.75587  -224.64906  1.90521   768
954.00  0.03584  0.03489  0.01850  0.81268  -222.84743  -224.70094  1.90521   768
955.00  0.03582  0.03489  0.01803  0.81268  -223.51424  -225.32808  1.90521   768
956.00  0.03582  0.03489  0.01726  0.81268  -224.68611  -226.49385  1.90521   768
957.00  0.03583  0.03489  0.01674  0.81268  -225.51619  -227.34224  1.90521   768
958.00  0.03580  0.03489  0.01655  0.81268  -225.83967  -227.70082  1.90521   768
959.00  0.03582  0.03489  0.01670  0.81268  -225.61384  -227.53145  1.90521   768
960.00  0.03582  0.03489  0.01712  0.81268  -225.03859  -226.93635  1.90521   768
961.00  0.03581  0.03489  0.01776  0.81268  -224.08797  -226.03456  1.86671   768
962.00  0.03582  0.03489  0.01829  0.81268  -223.20601  -225.13734  1.64856   768
963.00  0.03582  0.03489  0.01845  0.81268  -222.95576  -224.84437  1.64856   768
964.00  0.03582  0.03489  0.01814  0.81268  -223.38606  -225.24110  1.64856   768
965.00  0.03581  0.03489  0.01747  0.81268  -224.38246  -226.19630  1.64856   768
966.00  0.03582  0.03489  0.01682  0.81268  -225.37123  -227.21559  1.64856   768
967.00  0.03581  0.03489  0.01642  0.81268  -226.04109  -227.89918  1.64856   768
968.00  0.03582  0.03489  0.01649  0.81268  -225.97395  -227.89613  1.64856   768
969.00  0.03582  0.03489  0.01685  0.81268  -225.42311  -227.33613  1.64856   768
970.00  0.03583  0.03489  0.01732  0.81268  -224.71205  -226.65712  1.64856   768
971.00  0.03582  0.03489  0.01779  0.81268  -223.94301  -225.85451  1.64856   768
972.00  0.03582  0.03489  0.01818  0.81268  -223.38454  -225.28078  1.72615   768
973.00  0.03582  0.03489  0.01817  0.81268  -223.35554  -225.21211  1.90720   768
974.00  0.03583  0.03489  0.01778  0.81268  -223.85908  -225.68819  1.90720   768
975.00  0.03582  0.03489  0.01717  0.81268  -224.82191  -226.61897  1.90720   768
976.00  0.03582  0.03489  0.01653  0.81268  -225.84730  -227.67335  1.90720   768
977.00  0.03582  0.03489  0.01627  0.81268  -226.29744  -228.16926  1.90720   768
978.00  0.03582  0.03489  0.01653  0.81268  -225.93733  -227.87019  1.90720   768
979.00  0.03582  0.03489  0.01717  0.81268  -224.96840  -226.92415  1.90720   768
980.00  0.03581  0.03489  0.01765  0.81268  -224.21461  -226.14442  1.90720   768
981.00  0.03583  0.03489  0.01796  0.81268  -223.73244  -225.63173  1.90720   768
982.00  0.03582  0.03489  0.01801  0.81268  -223.59968  -225.50355  1.90720   768
983.00  0.03581  0.03489  0.01779  0.81268  -223.95064  -225.81178  1.86746   768
984.00  0.03582  0.03489  0.01739  0.81268  -224.51063  -226.34736  1.64230   768
985.00  0.03581  0.03489  0.01673  0.81268  -225.51771  -227.34987  1.64230   768
986.00  0.03583  0.03489  0.01628  0.81268  -226.24251  -228.08839  1.64230   768
987.00  0.03581  0.03489  0.01614  0.81268  -226.50648  -228.38747  1.64230   768
988.00  0.03582  0.03489  0.01655  0.81268  -225.89766  -227.81221  1.64230   768
989.00  0.03582  0.03489  0.01711  0.81268  -225.08284  -227.00502  1.64230   768
990.00  0.03582  0.03489  0.01773  0.81268  -224.08339  -226.00252  1.64230   768
991.00  0.03581  0.03489  0.01797  0.81268  -223.67293  -225.56154  1.64230   768
992.00  0.03582  0.03489  0.01787  0.81268  -223.76295  -225.61647  1.64230   768
993.00  0.03582  0.03489  0.01751  0.81268  -224.32905  -226.15663  1.64230   768
994.00  0.03583  0.03489  0.01699  0.81268  -225.10115  -226.93788  1.66759   768
995.00  0.03580  0.03489  0.01643  0.81268  -225.99989  -227.83205  1.89514   768
996.00  0.03582  0.03489  0.01622  0.81268  -226.39509  -228.28371  1.89514   768
997.00  0.03583  0.03489  0.01637  0.81268  -226.11128  -228.03956  1.89514   768
998.00  0.03581  0.03489  0.01689  0.81268  -225.40785  -227.34071  1.89514   768
999.00  0.03582  0.03489  0.01747  0.81268  -224.54420  -226.49843  1.89514   768
1000.00  0.03582  0.03489  0.01793  0.81268  -223.75380  -225.68361  1.89514   768
1001.00  0.03582  0.03489  0.01805  0.81268  -223.56917  -225.46998  1.89514   768
1002.00  0.03581  0.03489  0.01776  0.81268  -223.93385  -225.77669  1.89514   768
1003.00  0.03580  0.03489  0.01722  0.81268  -224.75935  -226.60066  1.89514   768
1004.00  0.03582  0.03489  0.01658  0.81268  -225.73439  -227.54213  1.89514   768
1005.00  0.03581  0.03489  0.01606  0.81268  -226.55989  -228.39967  1.89514   768
1006.00  0.03582  0.03489  0.01613  0.81268  -226.51716  -228.41798  1.66415   768
1007.00  0.03582  0.03489  0.01654  0.81268  -225.95412  -227.86561  1.63849   768
1008.00  0.03581  0.03489  0.01714  0.81268  -224.99892  -226.94704  1.63849   768
1009.00  0.03584  0.03489  0.01770  0.81268  -224.12916  -226.05287  1.63849   768
1010.00  0.03581  0.03489  0.01795  0.81268  -223.69429  -225.59358  1.63849   768
1011.00  0.03582  0.03489  0.01777  0.81268  -223.95369  -225.80873  1.63849   768
1012.00  0.03581  0.03489  0.01734  0.81268  -224.57930  -226.41450  1.63849   768
1013.00  0.03581  0.03489  0.01678  0.81268  -225.47041  -227.30867  1.63849   768
1014.00  0.03582  0.03489  0.01626  0.81268  -226.27760  -228.12501  1.63849   768
1015.00  0.03581  0.03489  0.01599  0.81268  -226.69112  -228.56142  1.63849   768
1016.00  0.03582  0.03489  0.01612  0.81268  -226.58888  -228.50648  1.63849   768
1017.00  0.03582  0.03489  0.01669  0.81268  -225.69319  -227.64589  1.87772   768
1018.00  0.03580  0.03489  0.01736  0.81268  -224.68001  -226.64033  1.90430   768
1019.00  0.03582  0.03489  0.01782  0.81268  -223.91859  -225.82857  1.90430   768
1020.00  0.03581  0.03489  0.01788  0.81268  -223.80873  -225.68971  1.90430   768
1021.00  0.03582  0.03489  0.01755  0.81268  -224.26649  -226.11543  1.90430   768
1022.00  0.03582  0.03489  0.01704  0.81268  -225.00807  -226.84022  1.90430   768
1023.00  0.03582  0.03489  0.01648  0.81268  -225.94343  -227.76948  1.90430   768
1024.00  0.03580  0.03489  0.01615  0.81268  -226.43629  -228.28065  1.90430   768
1025.00  0.03582  0.03489  0.01616  0.81268  -226.47597  -228.35847  1.90430   768
1026.00  0.03581  0.03489  0.01661  0.81268  -225.86256  -227.79085  1.90430   768
1027.00  0.03582  0.03489  0.01733  0.81268  -224.71052  -226.64949  1.90430   768
1028.00  0.03581  0.03489  0.01775  0.81268  -224.04524  -225.96284  1.57551   768
1029.00  0.03580  0.03489  0.01805  0.81268  -223.57985  -225.48982  1.46591   768
1030.00  0.03581  0.03489  0.01796  0.81268  -223.63783  -225.51271  1.46591   768
1031.00  0.03583  0.03489  0.01745  0.81268  -224.43892  -226.27717  1.46591   768
1032.00  0.03581  0.03489  0.01689  0.81268  -225.28425  -227.11641  1.46591   768
1033.00  0.03581  0.03489  0.01641  0.81268  -226.04567  -227.90224  1.46591   768
1034.00  0.03582  0.03489  0.01625  0.81268  -226.34016  -228.22420  1.46591   768
1035.00  0.03583  0.03489  0.01647  0.81268  -225.97700  -227.91139  1.46591   768
1036.00  0.03581  0.03489  0.01702  0.81268  -225.19575  -227.13014  1.46591   768
1037.00  0.03580  0.03489  0.01765  0.81268  -224.21156  -226.14442  1.46591   768
1038.00  0.03581  0.03489  0.01800  0.81268  -223.65919  -225.54628  1.46591   768
1039.00  0.03581  0.03489  0.01785  0.81268  -223.84535  -225.69734  1.59366   768
1040.00  0.03583  0.03489  0.01752  0.81268  -224.31227  -226.14747  1.64841   768
1041.00  0.03582  0.03489  0.01697  0.81268  -225.15608  -226.98060  1.64841   768
1042.00  0.03582  0.03489  0.01638  0.81268  -226.05025  -227.85799  1.64841   768
1043.00  0.03582  0.03489  0.01608  0.81268  -226.55226  -228.40883  1.64841   768
1044.00  0.03580  0.03489  0.01609  0.81268  -226.54768  -228.45308  1.64841   768
1045.00  0.03583  0.03489  0.01654  0.81268  -225.94649  -227.88850  1.64841   768
1046.00  0.03582  0.03489  0.01714  0.81268  -224.98671  -226.94398  1.64841   768
1047.00  0.03581  0.03489  0.01770  0.81268  -224.16121  -226.10628  1.64841   768
1048.00  0.03580  0.03489  0.01791  0.81268  -223.76295  -225.65004  1.64841   768
1049.00  0.03581  0.03489  0.01766  0.81268  -224.16731  -226.02388  1.64841   768
1050.00  0.03581  0.03489  0.01715  0.81268  -224.88753  -226.73341  1.74576   768
1051.00  0.03581  0.03489  0.01659  0.81268  -225.75880  -227.58638  1.89178   768
1052.00  0.03581  0.03489  0.01608  0.81268  -226.56904  -228.41188  1.89178   768
1053.00  0.03582  0.03489  0.01600  0.81268  -226.71400  -228.60872  1.89178   768
1054.00  0.03582  0.03489  0.01634  0.81268  -226.20589  -228.12959  1.89178   768
1055.00  0.03581  0.03489  0.01689  0.81268  -225.37428  -227.30714  1.89178   768
1056.00  0.03580  0.03489  0.01750  0.81268  -224.46181  -226.37483  1.89178   768
1057.00  0.03581  0.03489  0.01787  0.81268  -223.83467  -225.72023  1.89178   768
1058.00  0.03582  0.03489  0.01784  0.81268  -223.85756  -225.70344  1.89178   768
1059.00  0.03581  0.03489  0.01755  0.81268  -224.30006  -226.11696  1.89178   768
1060.00  0.03581  0.03489  0.01704  0.81268  -225.04164  -226.87074  1.89178   768
1061.00  0.03582  0.03489  0.01648  0.81268  -225.90681  -227.74812  2.06772   768
1062.00  0.03582  0.03489  0.01609  0.81268  -226.54768  -228.40578  2.24365   768
1063.00  0.03581  0.03489  0.01613  0.81268  -226.53090  -228.44697  2.24365   768
1064.00  0.03581  0.03489  0.01662  0.81268  -225.81068  -227.75880  2.24365   768
1065.00  0.03581  0.03489  0.01729  0.81268  -224.83107  -226.77156  2.24365   768
1066.00  0.03582  0.03489  0.01771  0.81268  -224.14747  -226.07576  2.24365   768
1067.00  0.03581  0.03489  0.01804  0.81268  -223.54628  -225.48067  2.24365   768
1068.00  0.03582  0.03489  0.01777  0.81268  -223.91249  -225.75227  2.24365   768
1069.00  0.03582  0.03489  0.01719  0.81268  -224.82039  -226.64796  2.24365   768
1070.00  0.03581  0.03489  0.01650  0.81268  -225.84883  -227.64894  2.24365   768
1071.00  0.03580  0.03489  0.01601  0.81268  -226.65449  -228.48207  2.24365   768
1072.00  0.03582  0.03489  0.01583  0.81268  -226.99019  -228.86354  2.23911   768
1073.00  0.03581  0.03489  0.01620  0.81268  -226.41188  -228.32185  2.23068   768
1074.00  0.03582  0.03489  0.01680  0.81268  -225.54518  -227.46736  2.23068   768
1075.00  0.03582  0.03489  0.01733  0.81268  -224.73036  -226.66322  2.23068   768
1076.00  0.03582  0.03489  0.01764  0.81268  -224.18715  -226.07118  2.23068   768
1077.00  0.03582  0.03489  0.01771  0.81268  -224.05287  -225.93080  2.23068   768
1078.00  0.03581  0.03489  0.01731  0.81268  -224.60219  -226.43281  2.23068   768
1079.00  0.03581  0.03489  0.01675  0.81268  -225.49483  -227.32240  2.23068   768
1080.00  0.03581  0.03489  0.01616  0.81268  -226.39662  -228.22725  2.23068   768
1081.00  0.03581  0.03489  0.01566  0.81268  -227.16414  -229.00850  2.23068   768
1082.00  0.03580  0.03489  0.01572  0.81268  -227.15803  -229.08784  2.23068   768
1083.00  0.03580  0.03489  0.01633  0.81268  -226.27150  -228.23335  2.12823   768
1084.00  0.03581  0.03489  0.01696  0.81268  -225.32088  -227.27510  1.88919   768
1085.00  0.03581  0.03489  0.01765  0.81268  -224.26192  -226.20241  1.88919   768
1086.00  0.03582  0.03489  0.01776  0.81268  -223.92775  -225.81483  1.88919   768
1087.00  0.03581  0.03489  0.01760  0.81268  -224.18715  -226.03456  1.88919   768
1088.00  0.03581  0.03489  0.01696  0.81268  -225.17439  -226.98976  1.88919   768
1089.00  0.03580  0.03489  0.01636  0.81268  -226.07771  -227.87935  1.88919   768
1090.00  0.03581  0.03489  0.01594  0.81268  -226.73384  -228.58430  1.88919   768
1091.00  0.03581  0.03489  0.01577  0.81268  -227.07564  -228.93373  1.88919   768
1092.00  0.03581  0.03489  0.01604  0.81268  -226.67738  -228.56752  1.88919   768
1093.00  0.03582  0.03489  0.01664  0.81268  -225.77864  -227.72981  1.88919   768
1094.00  0.03582  0.03489  0.01731  0.81268  -224.74867  -226.67543  2.09427   768
1095.00  0.03581  0.03489  0.01766  0.81268  -224.18257  -226.07728  3.25638   768
1096.00  0.03581  0.03489  0.01767  0.81268  -224.12306  -225.99794  3.25638   768
1097.00  0.03582  0.03489  0.01736  0.81268  -224.58082  -226.42213  3.25638   768
1098.00  0.03579  0.03489  0.01666  0.81268  -225.59401  -227.42311  3.25638   768
1099.00  0.03581  0.03489  0.01608  0.81268  -226.57362  -228.40883  3.25638   768
1100.00  0.03581  0.03489  0.01573  0.81268  -227.08937  -228.97188  3.25638   768
1101.00  0.03580  0.03489  0.01582  0.81268  -226.98561  -228.91084  3.25638   768
1102.00  0.03582  0.03489  0.01626  0.81268  -226.38136  -228.30812  3.25638   768
1103.00  0.03580  0.03489  0.01692  0.81268  -225.36207  -227.31172  3.25638   768
1104.00  0.03581  0.03489  0.01741  0.81268  -224.60066  -226.50911  3.25638   768
1105.00  0.03580  0.03489  0.01757  0.81268  -224.29396  -226.15968  3.43073   768
1106.00  0.03580  0.03489  0.01738  0.81268  -224.51674  -226.36568  4.99985   768
1107.00  0.03581  0.03489  0.01689  0.81268  -225.30257  -227.11183  4.99985   768
1108.00  0.03581  0.03489  0.01630  0.81268  -226.19368  -228.00600  4.99985   768
1109.00  0.03581  0.03489  0.01595  0.81268  -226.78572  -228.64076  4.99985   768
1110.00  0.03581  0.03489  0.01580  0.81268  -227.01613  -228.90932  4.99985   768
1111.00  0.03580  0.03489  0.01607  0.81268  -226.59498  -228.51564  4.99985   768
1112.00  0.03581  0.03489  0.01670  0.81268  -225.70387  -227.65199  4.99985   768
1113.00  0.03581  0.03489  0.01732  0.81268  -224.73341  -226.68306  4.99985   768
1114.00  0.03581  0.03489  0.01767  0.81268  -224.16426  -226.07881  4.99985   768
1115.00  0.03580  0.03489  0.01758  0.81268  -224.23903  -226.10780  4.99985   768
1116.00  0.03582  0.03489  0.01722  0.81268  -224.83259  -226.69069  4.99985   768
1117.00  0.03580  0.03489  0.01671  0.81268  -225.58638  -227.42921  4.99985   768
1118.00  0.03581  0.03489  0.01615  0.81268  -226.40730  -228.23183  4.99985   768
1119.00  0.03582  0.03489  0.01584  0.81268  -226.95357  -228.82844  4.99985   768
1120.00  0.03579  0.03489  0.01597  0.81268  -226.78114  -228.67128  4.99985   768
1121.00  0.03581  0.03489  0.01644  0.81268  -226.08076  -228.01668  4.99985   768
1122.00  0.03581  0.03489  0.01702  0.81268  -225.17897  -227.11183  4.99985   768
1123.00  0.03580  0.03489  0.01755  0.81268  -224.33974  -226.25429  4.99985   768
1124.00  0.03581  0.03489  0.01768  0.81268  -224.08034  -225.94758  4.99985   768
1125.00  0.03581  0.03489  0.01738  0.81268  -224.57014  -226.40687  4.99985   768
1126.00  0.03579  0.03489  0.01692  0.81268  -225.20491  -227.02180  4.99985   768
1127.00  0.03581  0.03489  0.01631  0.81268  -226.17232  -227.98616  4.99985   768
1128.00  0.03580  0.03489  0.01580  0.81268  -226.96120  -228.81319  4.99985   768
1129.00  0.03582  0.03489  0.01572  0.81268  -227.15193  -229.05427  4.99985   768
1130.00  0.03582  0.03489  0.01605  0.81268  -226.65602  -228.59193  4.99985   768
1131.00  0.03580  0.03489  0.01658  0.81268  -225.88545  -227.81679  4.99985   768
1132.00  0.03581  0.03489  0.01713  0.81268  -225.03248  -226.97908  4.99985   768
1133.00  0.03581  0.03489  0.01749  0.81268  -224.45723  -226.37330  4.99985   768
1134.00  0.03580  0.03489  0.01747  0.81268  -224.43587  -226.30311  4.99985   768
1135.00  0.03581  0.03489  0.01710  0.81268  -225.00960  -226.86464  4.99985   768
1136.00  0.03580  0.03489  0.01655  0.81268  -225.78474  -227.61079  4.99985   768
1137.00  0.03581  0.03489  0.01600  0.81268  -226.66670  -228.49428  4.99985   768
1138.00  0.03581  0.03489  0.01571  0.81268  -227.12904  -229.00392  4.99985   768
1139.00  0.03579  0.03489  0.01585  0.81268  -226.97340  -228.87575  4.99985   768
1140.00  0.03582  0.03489  0.01637  0.81268  -226.16774  -228.08534  4.99985   768
1141.00  0.03580  0.03489  0.01693  0.81268  -225.33003  -227.24763  4.99985   768
1142.00  0.03581  0.03489  0.01746  0.81268  -224.52284  -226.43129  4.99985   768
1143.00  0.03582  0.03489  0.01761  0.81268  -224.20241  -226.07271  4.99985   768
1144.00  0.03581  0.03489  0.01750  0.81268  -224.38551  -226.25276  4.99985   768
1145.00  0.03581  0.03489  0.01700  0.81268  -225.12404  -226.93635  4.99985   768
1146.00  0.03582  0.03489  0.01623  0.81268  -226.28981  -228.11891  4.99985   768
1147.00  0.03581  0.03489  0.01571  0.81268  -227.12294  -228.96730  4.99985   768
1148.00  0.03580  0.03489  0.01558  0.81268  -227.37471  -229.28316  4.99985   768
1149.00  0.03581  0.03489  0.01616  0.81268  -226.54616  -228.51564  4.99985   768
1150.00  0.03579  0.03489  0.01686  0.81268  -225.45363  -227.42311  4.99985   768
1151.00  0.03580  0.03489  0.01737  0.81268  -224.61287  -226.52894  4.99985   768
1152.00  0.03582  0.03489  0.01738  0.81268  -224.57777  -226.46638  4.99985   768
1153.00  0.03581  0.03489  0.01729  0.81268  -224.72578  -226.59303  4.99985   768
1154.00  0.03581  0.03489  0.01702  0.81268  -225.09962  -226.96535  4.99985   768
1155.00  0.03581  0.03489  0.01651  0.81268  -225.83205  -227.64284  4.99985   768
1156.00  0.03581  0.03489  0.01601  0.81268  -226.61940  -228.45155  4.99985   768
1157.00  0.03581  0.03489  0.01491  0.81268  -228.09798  -229.73024  4.99985   768
1158.00  0.03580  0.03489  0.01178  0.81268  -232.96858  -234.61916  4.99985   768
1159.00  0.03581  0.03489  0.01204  0.81268  -232.91518  -234.90755  4.99985   768
1160.00  0.03581  0.03489  0.01141  0.81268  -233.60030  -235.34853  4.99985   768
1161.00  0.03582  0.03489  0.01077  0.81268  -234.76759  -236.66536  4.99985   768
1162.00  0.03582  0.03489  0.01092  0.81268  -234.36323  -236.14351  4.99985   768
1163.00  0.03580  0.03489  0.00893  0.81268  -237.42262  -239.16475  4.99985   768
1164.00  0.03582  0.03489  0.00830  0.81268  -238.49074  -240.35188  4.99985   768
1165.00  0.03579  0.03489  0.00751  0.81268  -239.60158  -241.36659  4.99985   768
1166.00  0.03581  0.03489  0.00669  0.81268  -240.99928  -242.85585  4.99985   768
1167.00  0.03581  0.03489  0.00667  0.81268  -241.05879  -242.97334  4.99985   768
1168.00  0.03581  0.03489  0.00634  0.81268  -241.51808  -243.37923  4.99985   768
1169.00  0.03582  0.03489  0.00698  0.81268  -240.64070  -242.62239  4.99985   768
1170.00  0.03581  0.03489  0.00773  0.81268  -239.47340  -241.42915  4.99985   768
1171.00  0.03580  0.03489  0.00776  0.81268  -239.35438  -241.21858  4.99985   768
1172.00  0.03580  0.03489  0.00774  0.81268  -239.40016  -241.27351  4.99985   768
1173.00  0.03580  0.03489  0.00744  0.81268  -239.78316  -241.61531  4.99985   768
1174.00  0.03582  0.03489  0.00680  0.81268  -240.76277  -242.56898  4.99985   768
1175.00  0.03580  0.03489  0.00615  0.81268  -241.79274  -243.62337  4.99985   768
1176.00  0.03581  0.03489  0.00581  0.81268  -242.30086  -244.14674  4.99985   768
1177.00  0.03579  0.03489  0.00579  0.81268  -242.41988  -244.31459  4.99985   768
1178.00  0.03580  0.03489  0.00629  0.81268  -241.70576  -243.64778  4.99985   768
1179.00  0.03581  0.03489  0.00674  0.81268  -240.94130  -242.85432  4.99985   768
1180.00  0.03581  0.03489  0.00694  0.81268  -240.64223  -242.55220  4.99985   768
1181.00  0.03580  0.03489  0.00695  0.81268  -240.61476  -242.50185  4.99985   768
1182.00  0.03580  0.03489  0.00644  0.81268  -241.32124  -243.16408  4.99985   768
1183.00  0.03580  0.03489  0.00588  0.81268  -242.16811  -243.99873  4.99985   768
1184.00  0.03579  0.03489  0.00518  0.81268  -243.25758  -245.09889  4.99985   768
1185.00  0.03581  0.03489  0.00519  0.81268  -243.36287  -245.27589  4.99985   768
1186.00  0.03579  0.03489  0.00505  0.81268  -243.48799  -245.36745  4.99985   768
1187.00  0.03580  0.03489  0.00571  0.81268  -242.66859  -244.65791  4.99985   768
1188.00  0.03581  0.03489  0.00711  0.81268  -240.49574  -242.50642  4.99985   768
1189.00  0.03579  0.03489  0.00800  0.81268  -239.05836  -241.01259  4.99985   768
1190.00  0.03580  0.03489  0.00897  0.81268  -237.54164  -239.50197  4.99985   768
1191.00  0.03579  0.03489  0.00910  0.81268  -237.27003  -239.13271  4.99985   768
1192.00  0.03580  0.03489  0.00910  0.81268  -237.27461  -239.13728  4.99985   768
1193.00  0.03579  0.03489  0.00861  0.81268  -237.98262  -239.79799  4.99985   768
1194.00  0.03579  0.03489  0.00800  0.81268  -238.94545  -240.77760  4.99985   768
1195.00  0.03579  0.03489  0.00777  0.81268  -239.27199  -241.14534  4.99985   768
1196.00  0.03579  0.03489  0.00750  0.81268  -239.77400  -241.64888  4.99985   768
1197.00  0.03580  0.03489  0.00795  0.81268  -239.14229  -241.10261  4.99985   768
1198.00  0.03580  0.03489  0.00833  0.81268  -238.52583  -240.45259  4.99985   768
1199.00  0.03579  0.03489  0.00876  0.81268  -237.86513  -239.80562  4.99985   768
1200.00  0.03579  0.03489  0.00888  0.81268  -237.62556  -239.49434  4.99985   768
1201.00  0.03579  0.03489  0.00842  0.81268  -238.28322  -240.12300  4.99985   768
1202.00  0.03580  0.03489  0.00785  0.81268  -239.15602  -240.98360  4.99985   768
1203.00  0.03580  0.03489  0.00720  0.81268  -240.15242  -241.98610  4.99985   768
1204.00  0.03579  0.03489  0.00689  0.81268  -240.70631  -242.59645  4.99985   768
1205.00  0.03581  0.03489  0.00711  0.81268  -240.37215  -242.26381  4.99985   768
1206.00  0.03580  0.03489  0.00746  0.81268  -239.85945  -241.80299  4.99985   768
1207.00  0.03580  0.03489  0.00825  0.81268  -238.67842  -240.62959  4.99985   768
1208.00  0.03579  0.03489  0.00876  0.81268  -237.79188  -239.68813  4.99985   768
1209.00  0.03580  0.03489  0.00890  0.81268  -237.60878  -239.50197  4.99985   768
1210.00  0.03579  0.03489  0.00857  0.81268  -238.05586  -239.87428  4.99985   768
1211.00  0.03579  0.03489  0.00789  0.81268  -239.11482  -240.94850  4.99985   768
1212.00  0.03580  0.03489  0.00751  0.81268  -239.65498  -241.49477  4.99985   768
1213.00  0.03579  0.03489  0.00830  0.81268  -238.77455  -240.86763  4.99985   768
1214.00  0.03580  0.03489  0.00914  0.81268  -237.14033  -238.98469  4.99985   768
1215.00  0.03578  0.03489  0.00958  0.81268  -236.76039  -238.79854  4.99985   768
1216.00  0.03580  0.03489  0.01134  0.81268  -233.99855  -236.03517  4.99985   768
1217.00  0.03579  0.03489  0.01168  0.81268  -233.36226  -235.29207  4.99985   768
1218.00  0.03579  0.03489  0.01334  0.81268  -230.98494  -233.02919  4.99985   768
1219.00  0.03579  0.03489  0.01343  0.81268  -230.58058  -232.39290  4.99985   768
1220.00  0.03579  0.03489  0.01338  0.81268  -230.79268  -232.73317  4.99985   768
1221.00  0.03579  0.03489  0.01398  0.81268  -229.81459  -231.73830  4.99985   768
1222.00  0.03579  0.03489  0.01065  0.81268  -234.27473  -235.60182  4.99985   768
1223.00  0.03580  0.03489  0.00779  0.81268  -239.56496  -241.56953  4.99985   768
1224.00  0.03579  0.03489  0.01006  0.81268  -235.65718  -237.44356  4.99985   768
1225.00  0.03580  0.03489  0.00758  0.81268  -239.62141  -241.44289  4.99985   768
1226.00  0.03581  0.03489  0.01247  0.81268  -232.55659  -234.88771  4.99985   768
1227.00  0.03580  0.03489  0.01012  0.81268  -235.37947  -236.89271  4.99985   768
1228.00  0.03579  0.03489  0.01078  0.81268  -234.99953  -237.12770  4.99985   768
1229.00  0.03581  0.03489  0.01205  0.81268  -232.53676  -234.27888  4.99985   768
1230.00  0.03580  0.03489  0.00918  0.81268  -237.22731  -239.07014  4.99985   768
1231.00  0.03580  0.03489  0.01042  0.81268  -235.40236  -237.42677  4.99985   768
1232.00  0.03579  0.03489  0.00950  0.81268  -236.35146  -237.94557  4.99985   768
1233.00  0.03580  0.03489  0.00869  0.81268  -238.12453  -240.18861  4.99985   768
1234.00  0.03579  0.03489  0.01038  0.81268  -235.32301  -237.22230  4.99985   768
1235.00  0.03581  0.03489  0.00854  0.81268  -238.04365  -239.79799  4.99985   768
1236.00  0.03580  0.03489  0.01059  0.81268  -235.26503  -237.39625  4.99985   768
1237.00  0.03581  0.03489  0.00998  0.81268  -235.73958  -237.43135  4.99985   768
1238.00  0.03579  0.03489  0.00947  0.81268  -236.87331  -238.85652  4.99985   768
1239.00  0.03580  0.03489  0.01071  0.81268  -234.72334  -236.57228  4.99985   768
1240.00  0.03580  0.03489  0.00866  0.81268  -237.82698  -239.52638  4.99985   768
1241.00  0.03580  0.03489  0.00890  0.81268  -237.66219  -239.63014  4.99985   768
1242.00  0.03580  0.03489  0.00832  0.81268  -238.32594  -240.03755  4.99985   768
1243.00  0.03581  0.03489  0.00783  0.81268  -239.34370  -241.28267  4.99985   768
1244.00  0.03580  0.03489  0.00909  0.81268  -237.41499  -239.39058  4.99985   768
1245.00  0.03580  0.03489  0.00907  0.81268  -237.35701  -239.23952  4.99985   768
1246.00  0.03580  0.03489  0.00992  0.81268  -236.16530  -238.16835  4.99985   768
1247.00  0.03581  0.03489  0.01031  0.81268  -235.35963  -237.22078  4.99985   768
1248.00  0.03580  0.03489  0.00965  0.81268  -236.42165  -238.27821  4.99985   768
1249.00  0.03579  0.03489  0.00962  0.81268  -236.50404  -238.39265  4.99985   768
1250.00  0.03579  0.03489  0.00871  0.81268  -237.74458  -239.51265  4.99985   768
1251.00  0.03580  0.03489  0.00798  0.81268  -239.04005  -240.92256  4.99985   768
1252.00  0.03580  0.03489  0.00867  0.81268  -238.01314  -239.96126  4.99985   768
1253.00  0.03581  0.03489  0.00836  0.81268  -238.45106  -240.31221  4.99985   768
1254.00  0.03580  0.03489  0.00951  0.81268  -236.83821  -238.88551  4.99985   768
1255.00  0.03580  0.03489  0.01067  0.81268  -234.95680  -236.89271  4.99985   768
1256.00  0.03580  0.03489  0.01109  0.81268  -234.33424  -236.26863  4.99985   768
1257.00  0.03580  0.03489  0.01214  0.81268  -232.67409  -234.62831  4.99985   768
1258.00  0.03579  0.03489  0.01167  0.81268  -233.23256  -235.04182  4.99985   768
1259.00  0.03579  0.03489  0.01126  0.81268  -233.95125  -235.81087  4.99985   768
1260.00  0.03580  0.03489  0.01090  0.81268  -234.41359  -236.21217  4.99985   768
1261.00  0.03581  0.03489  0.01004  0.81268  -235.80672  -237.63429  4.99985   768
1262.00  0.03579  0.03489  0.01024  0.81268  -235.58241  -237.49544  4.99985   768
1263.00  0.03581  0.03489  0.01031  0.81268  -235.42677  -237.30470  4.99985   768
1264.00  0.03580  0.03489  0.01030  0.81268  -235.49544  -237.41762  4.99985   768
1265.00  0.03579  0.03489  0.01073  0.81268  -234.82405  -236.74776  4.99985   768
1266.00  0.03581  0.03489  0.01016  0.81268  -235.59309  -237.41609  4.99985   768
1267.00  0.03579  0.03489  0.00948  0.81268  -236.65816  -238.50709  4.99985   768
1268.00  0.03579  0.03489  0.00892  0.81268  -237.48518  -239.30971  4.99985   768
1269.00  0.03579  0.03489  0.00758  0.81268  -239.57259  -241.37270  4.99985   768
1270.00  0.03580  0.03489  0.00757  0.81268  -239.63972  -241.53596  4.99985   768
1271.00  0.03580  0.03489  0.00726  0.81268  -240.06697  -241.88539  4.99985   768
1272.00  0.03580  0.03489  0.00755  0.81268  -239.80757  -241.80147  4.99985   768
1273.00  0.03579  0.03489  0.00868  0.81268  -237.94600  -239.84071  4.99985   768
1274.00  0.03580  0.03489  0.00856  0.81268  -238.15810  -240.03603  4.99985   768
1275.00  0.03579  0.03489  0.00938  0.81268  -236.96791  -238.93739  4.99985   768
1276.00  0.03580  0.03489  0.00927  0.81268  -236.94350  -238.76039  4.99985   768
1277.00  0.03579  0.03489  0.00898  0.81268  -237.49739  -239.40126  4.99985   768
1278.00  0.03579  0.03489  0.00892  0.81268  -237.49892  -239.34633  4.99985   768
1279.00  0.03580  0.03489  0.00812  0.81268  -238.73640  -240.55635  4.99985   768
1280.00  0.03579  0.03489  0.00816  0.81268  -238.78065  -240.69978  4.99985   768
1281.00  0.03580  0.03489  0.00833  0.81268  -238.53957  -240.45564  4.99985   768
1282.00  0.03579  0.03489  0.00873  0.81268  -237.97041  -239.92616  4.99985   768
1283.00  0.03580  0.03489  0.00988  0.81268  -236.20802  -238.22328  4.99985   768
1284.00  0.03580  0.03489  0.01047  0.81268  -235.23756  -237.15059  4.99985   768
1285.00  0.03578  0.03489  0.01075  0.81268  -234.79658  -236.72487  4.99985   768
1286.00  0.03581  0.03489  0.01090  0.81268  -234.50972  -236.39833  4.99985   768
1287.00  0.03579  0.03489  0.01028  0.81268  -235.35658  -237.18874  4.99985   768
1288.00  0.03580  0.03489  0.01015  0.81268  -235.65260  -237.53053  4.99985   768
1289.00  0.03580  0.03489  0.00980  0.81268  -236.15462  -237.98067  4.99985   768
1290.00  0.03580  0.03489  0.00972  0.81268  -236.38502  -238.29500  4.99985   768
1291.00  0.03579  0.03489  0.01043  0.81268  -235.29250  -237.23604  4.99985   768
1292.00  0.03580  0.03489  0.01080  0.81268  -234.72945  -236.64400  4.99985   768
1293.00  0.03580  0.03489  0.01157  0.81268  -233.55910  -235.51027  4.99985   768
1294.00  0.03581  0.03489  0.01200  0.81268  -232.85109  -234.72139  4.99985   768
1295.00  0.03582  0.03489  0.01148  0.81268  -233.57893  -235.42177  4.99985   768
1296.00  0.03580  0.03489  0.01089  0.81268  -234.47310  -236.29915  4.99985   768
1297.00  0.03578  0.03489  0.00986  0.81268  -236.04781  -237.82350  4.99985   768
1298.00  0.03579  0.03489  0.00903  0.81268  -237.32191  -239.15102  4.99985   768
1299.00  0.03579  0.03489  0.00857  0.81268  -238.10316  -239.96584  4.99985   768
1300.00  0.03579  0.03489  0.00841  0.81268  -238.37630  -240.28017  4.99985   768
1301.00  0.03580  0.03489  0.00883  0.81268  -237.77052  -239.72169  4.99985   768
1302.00  0.03579  0.03489  0.00933  0.81268  -237.03657  -238.96333  4.99985   768
1303.00  0.03579  0.03489  0.00966  0.81268  -236.48421  -238.40791  4.99985   768
1304.00  0.03579  0.03489  0.00976  0.81268  -236.27669  -238.13936  4.99985   768
1305.00  0.03579  0.03489  0.00921  0.81268  -237.05946  -238.87941  4.99985   768
1306.00  0.03579  0.03489  0.00849  0.81268  -238.11842  -239.92006  4.99985   768
1307.00  0.03580  0.03489  0.00760  0.81268  -239.49934  -241.29182  4.99985   768
1308.00  0.03579  0.03489  0.00699  0.81268  -240.49574  -242.33095  4.99985   768
1309.00  0.03581  0.03489  0.00697  0.81268  -240.59187  -242.47591  4.99985   768
1310.00  0.03579  0.03489  0.00714  0.81268  -240.32637  -242.23634  4.99985   768
1311.00  0.03579  0.03489  0.00771  0.81268  -239.49171  -241.45204  4.99985   768
1312.00  0.03580  0.03489  0.00837  0.81268  -238.49379  -240.43581  4.99985   768
1313.00  0.03580  0.03489  0.00882  0.81268  -237.77052  -239.68965  4.99985   768
1314.00  0.03580  0.03489  0.00957  0.81268  -236.67189  -238.63832  4.99985   768
1315.00  0.03580  0.03489  0.00924  0.81268  -236.99080  -238.82448  4.99985   768
1316.00  0.03580  0.03489  0.00884  0.81268  -237.72627  -239.60725  4.99985   768
1317.00  0.03579  0.03489  0.00850  0.81268  -238.16573  -239.99025  4.99985   768
1318.00  0.03579  0.03489  0.00802  0.81268  -238.95155  -240.82643  4.99985   768
1319.00  0.03580  0.03489  0.00858  0.81268  -238.17335  -240.13368  4.99985   768
1320.00  0.03581  0.03489  0.00899  0.81268  -237.48823  -239.41652  4.99985   768
1321.00  0.03580  0.03489  0.00983  0.81268  -236.28126  -238.27058  4.99985   768
1322.00  0.03579  0.03489  0.01062  0.81268  -234.96596  -236.87898  4.99985   768
1323.00  0.03581  0.03489  0.01066  0.81268  -234.89882  -236.78895  4.99985   768
1324.00  0.03579  0.03489  0.01087  0.81268  -234.56618  -236.43953  4.99985   768
1325.00  0.03579  0.03489  0.01029  0.81268  -235.36726  -237.17195  4.99985   768
1326.00  0.03580  0.03489  0.00967  0.81268  -236.40639  -238.26448  4.99985   768
1327.00  0.03580  0.03489  0.00924  0.81268  -237.03200  -238.85347  4.99985   768
1328.00  0.03580  0.03489  0.00887  0.81268  -237.63625  -239.49892  4.99985   768
1329.00  0.03580  0.03489  0.00930  0.81268  -237.06709  -239.02742  4.99985   768
1330.00  0.03579  0.03489  0.00974  0.81268  -236.32094  -238.24007  4.99985   768
1331.00  0.03579  0.03489  0.01009  0.81268  -235.86012  -237.79298  4.99985   768
1332.00  0.03579  0.03489  0.01063  0.81268  -234.99800  -236.93086  4.99985   768
1333.00  0.03579  0.03489  0.01041  0.81268  -235.27724  -237.14754  4.99985   768
1334.00  0.03580  0.03489  0.01008  0.81268  -235.76857  -237.63887  4.99985   768
1335.00  0.03579  0.03489  0.00950  0.81268  -236.60017  -238.40944  4.99985   768
1336.00  0.03578  0.03489  0.00872  0.81268  -237.83614  -239.64235  4.99985   768
1337.00  0.03580  0.03489  0.00847  0.81268  -238.23897  -240.12300  4.99985   768
1338.00  0.03579  0.03489  0.00841  0.81268  -238.38545  -240.25880  4.99985   768
1339.00  0.03579  0.03489  0.00882  0.81268  -237.81325  -239.74611  4.99985   768
1340.00  0.03579  0.03489  0.00956  0.81268  -236.63069  -238.57271  4.99985   768
1341.00  0.03579  0.03489  0.00999  0.81268  -235.97914  -237.88759  4.99985   768
1342.00  0.03580  0.03489  0.01010  0.81268  -235.79298  -237.63734  4.99985   768
1343.00  0.03581  0.03489  0.01006  0.81268  -235.78841  -237.66328  4.99985   768
1344.00  0.03579  0.03489  0.00944  0.81268  -236.69478  -238.51167  4.99985   768
1345.00  0.03578  0.03489  0.00899  0.81268  -237.39821  -239.25630  4.99985   768
1346.00  0.03579  0.03489  0.00853  0.81268  -238.12758  -239.97499  4.99985   768
1347.00  0.03580  0.03489  0.00833  0.81268  -238.49989  -240.38698  4.99985   768
1348.00  0.03579  0.03489  0.00884  0.81268  -237.75679  -239.72017  4.99985   768
1349.00  0.03579  0.03489  0.00936  0.81268  -237.00148  -238.95570  4.99985   768
1350.00  0.03580  0.03489  0.01019  0.81268  -235.74721  -237.72890  4.99985   768
1351.00  0.03579  0.03489  0.01062  0.81268  -234.98122  -236.88356  4.99985   768
1352.00  0.03580  0.03489  0.01035  0.81268  -235.36116  -237.20552  4.99985   768
1353.00  0.03578  0.03489  0.01015  0.81268  -235.66328  -237.51985  4.99985   768
1354.00  0.03580  0.03489  0.00930  0.81268  -236.90382  -238.68715  4.99985   768
1355.00  0.03579  0.03489  0.00894  0.81268  -237.52028  -239.38753  4.99985   768
1356.00  0.03579  0.03489  0.00879  0.81268  -237.74153  -239.60420  4.99985   768
1357.00  0.03580  0.03489  0.00883  0.81268  -237.73848  -239.62251  4.99985   768
1358.00  0.03580  0.03489  0.00956  0.81268  -236.69020  -238.63222  4.99985   768
1359.00  0.03579  0.03489  0.01022  0.81268  -235.62666  -237.56868  4.99985   768
1360.00  0.03579  0.03489  0.01075  0.81268  -234.84389  -236.77980  4.99985   768
1361.00  0.03579  0.03489  0.01099  0.81268  -234.35255  -236.21828  4.99985   768
1362.00  0.03579  0.03489  0.01052  0.81268  -235.07277  -236.91408  4.99985   768
1363.00  0.03579  0.03489  0.01012  0.81268  -235.73042  -237.57936  4.99985   768
1364.00  0.03580  0.03489  0.00941  0.81268  -236.76955  -238.61085  4.99985   768
1365.00  0.03579  0.03489  0.00892  0.81268  -237.54927  -239.40736  4.99985   768
1366.00  0.03579  0.03489  0.00892  0.81268  -237.62404  -239.53096  4.99985   768
1367.00  0.03579  0.03489  0.00919  0.81268  -237.23036  -239.18306  4.99985   768
1368.00  0.03579  0.03489  0.00992  0.81268  -236.11494  -238.07222  4.99985   768
1369.00  0.03579  0.03489  0.01062  0.81268  -235.06056  -236.98885  4.99985   768
1370.00  0.03578  0.03489  0.01089  0.81268  -234.56770  -236.45021  4.99985   768
1371.00  0.03578  0.03489  0.01082  0.81268  -234.64857  -236.50972  4.99985   768
1372.00  0.03580  0.03489  0.01031  0.81268  -235.35353  -237.17500  4.99985   768
1373.00  0.03579  0.03489  0.00963  0.81268  -236.39113  -238.18971  4.99985   768
1374.00  0.03580  0.03489  0.00896  0.81268  -237.45161  -239.26393  4.99985   768
1375.00  0.03579  0.03489  0.00855  0.81268  -238.11079  -239.95058  4.99985   768
1376.00  0.03578  0.03489  0.00868  0.81268  -237.99788  -239.91396  4.99985   768
1377.00  0.03579  0.03489  0.00921  0.81268  -237.18611  -239.10829  4.99985   768
1378.00  0.03579  0.03489  0.00985  0.81268  -236.23396  -238.17293  4.99985   768
1379.00  0.03580  0.03489  0.01042  0.81268  -235.33369  -237.26045  4.99985   768
1380.00  0.03579  0.03489  0.01061  0.81268  -234.93544  -236.83168  4.99985   768
1381.00  0.03579  0.03489  0.01032  0.81268  -235.41151  -237.28181  4.99985   768
1382.00  0.03579  0.03489  0.00975  0.81268  -236.23549  -238.05086  4.99985   768
1383.00  0.03579  0.03489  0.00914  0.81268  -237.19374  -239.02589  4.99985   768
1384.00  0.03581  0.03489  0.00867  0.81268  -237.98720  -239.85445  4.99985   768
1385.00  0.03579  0.03489  0.00862  0.81268  -238.05128  -239.95363  4.99985   768
1386.00  0.03579  0.03489  0.00897  0.81268  -237.56148  -239.49434  4.99985   768
1387.00  0.03579  0.03489  0.00964  0.81268  -236.53914  -238.49336  4.99985   768
1388.00  0.03579  0.03489  0.01030  0.81268  -235.51222  -237.45271  4.99985   768
1389.00  0.03578  0.03489  0.01066  0.81268  -234.93544  -236.82252  4.99985   768
1390.00  0.03579  0.03489  0.01064  0.81268  -234.91255  -236.78438  4.99985   768
1391.00  0.03578  0.03489  0.01026  0.81268  -235.45729  -237.26808  4.99985   768
1392.00  0.03578  0.03489  0.00962  0.81268  -236.45216  -238.26295  4.99985   768
1393.00  0.03579  0.03489  0.00914  0.81268  -237.16322  -239.00911  4.99985   768
1394.00  0.03579  0.03489  0.00887  0.81268  -237.66066  -239.53554  4.99985   768
1395.00  0.03580  0.03489  0.00902  0.81268  -237.45772  -239.34633  4.99985   768
1396.00  0.03579  0.03489  0.00959  0.81268  -236.62001  -238.57423  4.99985   768
1397.00  0.03580  0.03489  0.01022  0.81268  -235.68312  -237.63429  4.99985   768
1398.00  0.03580  0.03489  0.01071  0.81268  -234.86067  -236.77827  4.99985   768
1399.00  0.03578  0.03489  0.01087  0.81268  -234.60585  -236.48836  4.99985   768
1400.00  0.03579  0.03489  0.01062  0.81268  -234.95528  -236.83626  4.99985   768
1401.00  0.03579  0.03489  0.01004  0.81268  -235.76247  -237.56715  4.99985   768
1402.00  0.03579  0.03489  0.00944  0.81268  -236.73445  -238.55592  4.99985   768
1403.00  0.03580  0.03489  0.00895  0.81268  -237.46382  -239.33107  4.99985   768
1404.00  0.03579  0.03489  0.00888  0.81268  -237.64693  -239.53096  4.99985   768
1405.00  0.03579  0.03489  0.00915  0.81268  -237.24562  -239.17848  4.99985   768
1406.00  0.03579  0.03489  0.00986  0.81268  -236.19124  -238.15156  4.99985   768
1407.00  0.03579  0.03489  0.01044  0.81268  -235.25130  -237.16890  4.99985   768
1408.00  0.03579  0.03489  0.01067  0.81268  -234.89577  -236.78438  4.99985   768
1409.00  0.03578  0.03489  0.01055  0.81268  -235.03615  -236.91103  4.99985   768
1410.00  0.03581  0.03489  0.01014  0.81268  -235.64802  -237.46797  4.99985   768
1411.00  0.03578  0.03489  0.00955  0.81268  -236.54677  -238.35451  4.99985   768
1412.00  0.03580  0.03489  0.00903  0.81268  -237.34175  -239.18001  4.99985   768
1413.00  0.03579  0.03489  0.00868  0.81268  -237.96431  -239.85597  4.99985   768
1414.00  0.03579  0.03489  0.00891  0.81268  -237.63472  -239.56605  4.99985   768
1415.00  0.03580  0.03489  0.00950  0.81268  -236.76039  -238.71461  4.99985   768
1416.00  0.03578  0.03489  0.01016  0.81268  -235.76552  -237.70296  4.99985   768
1417.00  0.03578  0.03489  0.01064  0.81268  -234.99647  -236.92628  4.99985   768
1418.00  0.03578  0.03489  0.01077  0.81268  -234.73097  -236.61806  4.99985   768
1419.00  0.03580  0.03489  0.01049  0.81268  -235.13838  -236.98579  4.99985   768
1420.00  0.03578  0.03489  0.00990  0.81268  -236.01729  -237.81892  4.99985   768
1421.00  0.03579  0.03489  0.00935  0.81268  -236.85500  -238.70393  4.99985   768
1422.00  0.03579  0.03489  0.00900  0.81268  -237.42720  -239.26851  4.99985   768
1423.00  0.03578  0.03489  0.00894  0.81268  -237.54927  -239.44093  4.99985   768
1424.00  0.03579  0.03489  0.00937  0.81268  -236.95265  -238.87331  4.99985   768
1425.00  0.03578  0.03489  0.01000  0.81268  -235.96693  -237.90590  4.99985   768
1426.00  0.03578  0.03489  0.01057  0.81268  -235.06514  -237.00105  4.99985   768
1427.00  0.03580  0.03489  0.01099  0.81268  -234.42274  -236.33577  4.99985   768
1428.00  0.03579  0.03489  0.01085  0.81268  -234.58754  -236.43800  4.99985   768
1429.00  0.03579  0.03489  0.01040  0.81268  -235.24824  -237.09871  4.99985   768
1430.00  0.03579  0.03489  0.00978  0.81268  -236.17903  -238.01271  4.99985   768
1431.00  0.03579  0.03489  0.00927  0.81268  -236.97554  -238.83363  4.99985   768
1432.00  0.03579  0.03489  0.00901  0.81268  -237.44246  -239.32649  4.99985   768
1433.00  0.03578  0.03489  0.00923  0.81268  -237.15102  -239.08083  4.99985   768
1434.00  0.03579  0.03489  0.00978  0.81268  -236.30873  -238.26143  4.99985   768
1435.00  0.03578  0.03489  0.01043  0.81268  -235.33064  -237.28181  4.99985   768
1436.00  0.03579  0.03489  0.01087  0.81268  -234.58601  -236.50667  4.99985   768
1437.00  0.03578  0.03489  0.01090  0.81268  -234.48988  -236.35866  4.99985   768
1438.00  0.03579  0.03489  0.01058  0.81268  -234.97359  -236.80421  4.99985   768
1439.00  0.03577  0.03489  0.00995  0.81268  -235.92879  -237.73805  4.99985   768
1440.00  0.03580  0.03489  0.00928  0.81268  -236.96486  -238.78175  4.99985   768
1441.00  0.03578  0.03489  0.00881  0.81268  -237.71559  -239.54622  4.99985   768
1442.00  0.03579  0.03489  0.00878  0.81268  -237.77510  -239.66066  4.99985   768
1443.00  0.03579  0.03489  0.00916  0.81268  -237.23036  -239.15559  4.99985   768
1444.00  0.03578  0.03489  0.00976  0.81268  -236.33467  -238.27058  4.99985   768
1445.00  0.03579  0.03489  0.01033  0.81268  -235.47407  -237.39625  4.99985   768
1446.00  0.03579  0.03489  0.01057  0.81268  -235.03767  -236.92934  4.99985   768
1447.00  0.03579  0.03489  0.01043  0.81268  -235.26045  -237.12312  4.99985   768
1448.00  0.03578  0.03489  0.01000  0.81268  -235.88148  -237.74568  4.99985   768
1449.00  0.03579  0.03489  0.00935  0.81268  -236.86720  -238.68410  4.99985   768
1450.00  0.03578  0.03489  0.00881  0.81268  -237.70186  -239.54622  4.99985   768
1451.00  0.03578  0.03489  0.00867  0.81268  -237.96736  -239.86208  4.99985   768
1452.00  0.03579  0.03489  0.00894  0.81268  -237.58742  -239.50807  4.99985   768
1453.00  0.03580  0.03489  0.00957  0.81268  -236.66426  -238.62154  4.99985   768
1454.00  0.03579  0.03489  0.01017  0.81268  -235.71669  -237.62361  4.99985   768
1455.00  0.03578  0.03489  0.01061  0.81268  -235.01326  -236.93544  4.99985   768
1456.00  0.03578  0.03489  0.01073  0.81268  -234.78438  -236.64247  4.99985   768
1457.00  0.03579  0.03489  0.01040  0.81268  -235.26198  -237.09260  4.99985   768
1458.00  0.03578  0.03489  0.00981  0.81268  -236.13020  -237.93642  4.99985   768
1459.00  0.03580  0.03489  0.00918  0.81268  -237.12202  -238.94350  4.99985   768
1460.00  0.03579  0.03489  0.00880  0.81268  -237.75221  -239.60878  4.99985   768
1461.00  0.03578  0.03489  0.00888  0.81268  -237.67287  -239.58437  4.99985   768
1462.00  0.03578  0.03489  0.00930  0.81268  -237.05183  -238.98927  4.99985   768
1463.00  0.03578  0.03489  0.01001  0.81268  -235.98372  -237.96236  4.99985   768
1464.00  0.03578  0.03489  0.01054  0.81268  -235.10786  -237.02547  4.99985   768
1465.00  0.03578  0.03489  0.01080  0.81268  -234.71724  -236.61500  4.99985   768
1466.00  0.03579  0.03489  0.01067  0.81268  -234.88966  -236.77217  4.99985   768
1467.00  0.03578  0.03489  0.01015  0.81268  -235.67091  -237.50001  4.99985   768
1468.00  0.03579  0.03489  0.00951  0.81268  -236.61238  -238.43538  4.99985   768
1469.00  0.03579  0.03489  0.00900  0.81268  -237.40279  -239.25935  4.99985   768
1470.00  0.03579  0.03489  0.00882  0.81268  -237.74458  -239.62099  4.99985   768
1471.00  0.03580  0.03489  0.00895  0.81268  -237.52028  -239.42567  4.99985   768
1472.00  0.03579  0.03489  0.00948  0.81268  -236.78328  -238.71614  4.99985   768
1473.00  0.03578  0.03489  0.01016  0.81268  -235.71822  -237.66176  4.99985   768
1474.00  0.03579  0.03489  0.01058  0.81268  -235.02547  -236.92934  4.99985   768
1475.00  0.03579  0.03489  0.01059  0.81268  -234.97511  -236.84846  4.99985   768
1476.00  0.03579  0.03489  0.01015  0.81268  -235.62666  -237.43898  4.99985   768
1477.00  0.03578  0.03489  0.00964  0.81268  -236.37434  -238.21107  4.99985   768
1478.00  0.03579  0.03489  0.00898  0.81268  -237.41957  -239.26088  4.99985   768
1479.00  0.03578  0.03489  0.00859  0.81268  -238.04671  -239.91548  4.99985   768
1480.00  0.03579  0.03489  0.00871  0.81268  -237.92464  -239.85902  4.99985   768
1481.00  0.03579  0.03489  0.00910  0.81268  -237.34022  -239.27003  4.99985   768
1482.00  0.03578  0.03489  0.00972  0.81268  -236.40639  -238.37740  4.99985   768
1483.00  0.03578  0.03489  0.01033  0.81268  -235.44508  -237.37794  4.99985   768
1484.00  0.03579  0.03489  0.01066  0.81268  -234.92628  -236.83778  4.99985   768
1485.00  0.03577  0.03489  0.01050  0.81268  -235.12770  -236.98274  4.99985   768
1486.00  0.03579  0.03489  0.01002  0.81268  -235.79298  -237.63124  4.99985   768
1487.00  0.03579  0.03489  0.00936  0.81268  -236.80159  -238.60475  4.99985   768
1488.00  0.03579  0.03489  0.00885  0.81268  -237.65913  -239.49129  4.99985   768
1489.00  0.03578  0.03489  0.00867  0.81268  -237.94600  -239.81477  4.99985   768
1490.00  0.03579  0.03489  0.00906  0.81268  -237.43330  -239.36769  4.99985   768
1491.00  0.03579  0.03489  0.00962  0.81268  -236.56050  -238.48115  4.99985   768
1492.00  0.03580  0.03489  0.01030  0.81268  -235.48323  -237.42372  4.99985   768
1493.00  0.03579  0.03489  0.01078  0.81268  -234.77522  -236.67451  4.99985   768
1494.00  0.03578  0.03489  0.01078  0.81268  -234.66231  -236.51887  4.99985   768
1495.00  0.03578  0.03489  0.01043  0.81268  -235.21010  -237.03920  4.99985   768
1496.00  0.03579  0.03489  0.00969  0.81268  -236.34383  -238.16682  4.99985   768
1497.00  0.03579  0.03489  0.00910  0.81268  -237.25630  -239.08693  4.99985   768
1498.00  0.03578  0.03489  0.00869  0.81268  -237.92311  -239.80104  4.99985   768
1499.00  0.03579  0.03489  0.00877  0.81268  -237.88039  -239.80409  4.99985   768
1500.00  0.03579  0.03489  0.00937  0.81268  -236.94350  -238.88704  4.99985   768
1501.00  0.03579  0.03489  0.01002  0.81268  -235.96083  -237.91200  4.99985   768
1502.00  0.03578  0.03489  0.01074  0.81268  -234.83931  -236.79658  4.99985   768
1503.00  0.03576  0.03489  0.01097  0.81268  -234.44105  -236.33577  4.99985   768
1504.00  0.03579  0.03489  0.01079  0.81268  -234.64552  -236.48531  4.99985   768
1505.00  0.03578  0.03489  0.01023  0.81268  -235.49849  -237.31233  4.99985   768
1506.00  0.03578  0.03489  0.00964  0.81268  -236.41707  -238.22328  4.99985   768
1507.00  0.03578  0.03489  0.00910  0.81268  -237.26546  -239.10371  4.99985   768
1508.00  0.03578  0.03489  0.00884  0.81268  -237.68202  -239.54774  4.99985   768
1509.00  0.03579  0.03489  0.00910  0.81268  -237.33260  -239.25325  4.99985   768
1510.00  0.03579  0.03489  0.00968  0.81268  -236.47200  -238.38960  4.99985   768
1511.00  0.03577  0.03489  0.01038  0.81268  -235.41151  -237.35200  4.99985   768
1512.00  0.03579  0.03489  0.01083  0.81268  -234.66841  -236.58754  4.99985   768
1513.00  0.03579  0.03489  0.01081  0.81268  -234.65468  -236.54481  4.99985   768
1514.00  0.03579  0.03489  0.01050  0.81268  -235.07735  -236.93544  4.99985   768
1515.00  0.03578  0.03489  0.00977  0.81268  -236.19582  -238.00508  4.99985   768
1516.00  0.03579  0.03489  0.00915  0.81268  -237.18153  -239.02589  4.99985   768
1517.00  0.03578  0.03489  0.00875  0.81268  -237.79646  -239.65913  4.99985   768
1518.00  0.03579  0.03489  0.00877  0.81268  -237.87123  -239.78273  4.99985   768
1519.00  0.03578  0.03489  0.00924  0.81268  -237.14796  -239.10219  4.99985   768
1520.00  0.03579  0.03489  0.00990  0.81268  -236.15004  -238.11189  4.99985   768
1521.00  0.03579  0.03489  0.01055  0.81268  -235.11702  -237.03767  4.99985   768
1522.00  0.03579  0.03489  0.01075  0.81268  -234.81032  -236.68367  4.99985   768
1523.00  0.03578  0.03489  0.01057  0.81268  -235.00410  -236.84236  4.99985   768
1524.00  0.03578  0.03489  0.01009  0.81268  -235.68007  -237.48933  4.99985   768
1525.00  0.03578  0.03489  0.00941  0.81268  -236.76955  -238.57881  4.99985   768
1526.00  0.03578  0.03489  0.00889  0.81268  -237.55995  -239.42567  4.99985   768
1527.00  0.03578  0.03489  0.00881  0.81268  -237.75069  -239.63167  4.99985   768
1528.00  0.03577  0.03489  0.00909  0.81268  -237.36311  -239.28987  4.99985   768
1529.00  0.03578  0.03489  0.00973  0.81268  -236.41096  -238.36824  4.99985   768
1530.00  0.03579  0.03489  0.01041  0.81268  -235.35200  -237.30623  4.99985   768
1531.00  0.03579  0.03489  0.01088  0.81268  -234.61500  -236.54176  4.99985   768
1532.00  0.03579  0.03489  0.01095  0.81268  -234.47157  -236.36629  4.99985   768
1533.00  0.03581  0.03489  0.01059  0.81268  -234.97206  -236.82252  4.99985   768
1534.00  0.03578  0.03489  0.00998  0.81268  -235.89674  -237.71669  4.99985   768
1535.00  0.03577  0.03489  0.00937  0.81268  -236.83058  -238.67189  4.99985   768
1536.00  0.03579  0.03489  0.00899  0.81268  -237.45772  -239.32497  4.99985   768
1537.00  0.03579  0.03489  0.00898  0.81268  -237.53706  -239.44246  4.99985   768
1538.00  0.03579  0.03489  0.00957  0.81268  -236.62154  -238.55135  4.99985   768
1539.00  0.03578  0.03489  0.01025  0.81268  -235.56868  -237.51680  4.99985   768
1540.00  0.03577  0.03489  0.01079  0.81268  -234.74776  -236.66994  4.99985   768
1541.00  0.03579  0.03489  0.01098  0.81268  -234.41664  -236.28999  4.99985   768
1542.00  0.03577  0.03489  0.01077  0.81268  -234.68672  -236.53108  4.99985   768
1543.00  0.03577  0.03489  0.01024  0.81268  -235.51527  -237.35506  4.99985   768
1544.00  0.03578  0.03489  0.00954  0.81268  -236.49947  -238.28584  4.99985   768
1545.00  0.03577  0.03489  0.00894  0.81268  -237.54011  -239.39821  4.99985   768
1546.00  0.03577  0.03489  0.00868  0.81268  -237.95210  -239.81935  4.99985   768
1547.00  0.03577  0.03489  0.00890  0.81268  -237.64998  -239.59352  4.99985   768
1548.00  0.03578  0.03489  0.00955  0.81268  -236.67952  -238.63985  4.99985   768
1549.00  0.03579  0.03489  0.01026  0.81268  -235.61598  -237.56715  4.99985   768
1550.00  0.03579  0.03489  0.01067  0.81268  -234.95833  -236.89271  4.99985   768
1551.00  0.03578  0.03489  0.01066  0.81268  -234.90187  -236.78743  4.99985   768
1552.00  0.03578  0.03489  0.01025  0.81268  -235.51222  -237.33980  4.99985   768
1553.00  0.03578  0.03489  0.00967  0.81268  -236.35603  -238.18361  4.99985   768
1554.00  0.03579  0.03489  0.00907  0.81268  -237.26546  -239.09151  4.99985   768
1555.00  0.03577  0.03489  0.00870  0.81268  -237.93532  -239.79341  4.99985   768
1556.00  0.03577  0.03489  0.00876  0.81268  -237.83461  -239.72475  4.99985   768
1557.00  0.03577  0.03489  0.00931  0.81268  -237.03352  -238.97859  4.99985   768
1558.00  0.03578  0.03489  0.00991  0.81268  -236.15767  -238.11647  4.99985   768
1559.00  0.03577  0.03489  0.01053  0.81268  -235.10634  -237.02852  4.99985   768
1560.00  0.03579  0.03489  0.01077  0.81268  -234.76149  -236.63179  4.99985   768
1561.00  0.03578  0.03489  0.01062  0.81268  -234.95680  -236.79353  4.99985   768
1562.00  0.03578  0.03489  0.01013  0.81268  -235.65260  -237.48781  4.99985   768
1563.00  0.03578  0.03489  0.00951  0.81268  -236.60170  -238.44148  4.99985   768
1564.00  0.03579  0.03489  0.00902  0.81268  -237.37074  -239.24104  4.99985   768
1565.00  0.03577  0.03489  0.00880  0.81268  -237.73238  -239.61793  4.99985   768
1566.00  0.03577  0.03489  0.00918  0.81268  -237.28072  -239.22578  4.99985   768
1567.00  0.03579  0.03489  0.00975  0.81268  -236.36061  -238.31178  4.99985   768
1568.00  0.03577  0.03489  0.01034  0.81268  -235.45576  -237.39168  4.99985   768
1569.00  0.03578  0.03489  0.01076  0.81268  -234.75386  -236.66688  4.99985   768
1570.00  0.03579  0.03489  0.01074  0.81268  -234.75081  -236.59517  4.99985   768
1571.00  0.03577  0.03489  0.01042  0.81268  -235.23299  -237.06666  4.99985   768
1572.00  0.03578  0.03489  0.00980  0.81268  -236.13478  -237.94252  4.99985   768
1573.00  0.03578  0.03489  0.00916  0.81268  -237.16322  -238.98012  4.99985   768
1574.00  0.03578  0.03489  0.00882  0.81268  -237.67287  -239.52333  4.99985   768
1575.00  0.03578  0.03489  0.00894  0.81268  -237.55385  -239.46382  4.99985   768
1576.00  0.03578  0.03489  0.00939  0.81268  -236.90840  -238.84431  4.99985   768
1577.00  0.03578  0.03489  0.00997  0.81268  -236.05696  -237.98372  4.99985   768
1578.00  0.03578  0.03489  0.01049  0.81268  -235.18416  -237.09260  4.99985   768
1579.00  0.03578  0.03489  0.01060  0.81268  -234.99953  -236.89577  4.99985   768
1580.00  0.03578  0.03489  0.01044  0.81268  -235.23146  -237.11397  4.99985   768
1581.00  0.03578  0.03489  0.00990  0.81268  -236.04018  -237.87385  4.99985   768
1582.00  0.03578  0.03489  0.00930  0.81268  -236.91756  -238.73750  4.99985   768
1583.00  0.03578  0.03489  0.00876  0.81268  -237.78731  -239.65150  4.99985   768
1584.00  0.03577  0.03489  0.00866  0.81268  -238.00551  -239.92158  4.99985   768
1585.00  0.03578  0.03489  0.00904  0.81268  -237.43178  -239.36464  4.99985   768
1586.00  0.03579  0.03489  0.00973  0.81268  -236.39723  -238.38502  4.99985   768
1587.00  0.03578  0.03489  0.01033  0.81268  -235.45729  -237.37337  4.99985   768
1588.00  0.03578  0.03489  0.01068  0.81268  -234.88203  -236.79201  4.99985   768
1589.00  0.03578  0.03489  0.01072  0.81268  -234.79506  -236.65620  4.99985   768
1590.00  0.03578  0.03489  0.01029  0.81268  -235.38863  -237.20552  4.99985   768
1591.00  0.03577  0.03489  0.00972  0.81268  -236.27974  -238.10121  4.99985   768
1592.00  0.03579  0.03489  0.00911  0.81268  -237.22578  -239.04420  4.99985   768
1593.00  0.03578  0.03489  0.00879  0.81268  -237.74763  -239.61031  4.99985   768
1594.00  0.03577  0.03489  0.00891  0.81268  -237.63472  -239.53401  4.99985   768
1595.00  0.03578  0.03489  0.00942  0.81268  -236.86262  -238.80464  4.99985   768
1596.00  0.03578  0.03489  0.01015  0.81268  -235.77162  -237.73347  4.99985   768
1597.00  0.03579  0.03489  0.01064  0.81268  -234.94307  -236.86525  4.99985   768
1598.00  0.03577  0.03489  0.01077  0.81268  -234.72182  -236.61806  4.99985   768
1599.00  0.03578  0.03489  0.01052  0.81268  -235.10023  -236.96443  4.99985   768
1600.00  0.03578  0.03489  0.00994  0.81268  -235.93794  -237.77772  4.99985   768
1601.00  0.03578  0.03489  0.00934  0.81268  -236.86720  -238.71156  4.99985   768
1602.00  0.03578  0.03489  0.00881  0.81268  -237.73085  -239.56911  4.99985   768
1603.00  0.03578  0.03489  0.00871  0.81268  -237.91243  -239.79646  4.99985   768
1604.00  0.03579  0.03489  0.00908  0.81268  -237.39668  -239.32954  4.99985   768
1605.00  0.03579  0.03489  0.00969  0.81268  -236.47505  -238.40333  4.99985   768
1606.00  0.03576  0.03489  0.01033  0.81268  -235.47255  -237.40846  4.99985   768
1607.00  0.03578  0.03489  0.01083  0.81268  -234.65163  -236.56007  4.99985   768
1608.00  0.03578  0.03489  0.01072  0.81268  -234.76149  -236.59822  4.99985   768
1609.00  0.03578  0.03489  0.01032  0.81268  -235.36726  -237.19331  4.99985   768
1610.00  0.03578  0.03489  0.00961  0.81268  -236.42470  -238.22481  4.99985   768
1611.00  0.03578  0.03489  0.00900  0.81268  -237.42415  -239.26240  4.99985   768
1612.00  0.03579  0.03489  0.00867  0.81268  -237.93074  -239.80104  4.99985   768
1613.00  0.03579  0.03489  0.00882  0.81268  -237.76747  -239.68660  4.99985   768
1614.00  0.03579  0.03489  0.00938  0.81268  -236.94655  -238.89925  4.99985   768
1615.00  0.03578  0.03489  0.01008  0.81268  -235.85402  -237.79909  4.99985   768
1616.00  0.03579  0.03489  0.01066  0.81268  -234.97969  -236.91255  4.99985   768
1617.00  0.03577  0.03489  0.01093  0.81268  -234.52650  -236.44258  4.99985   768
1618.00  0.03577  0.03489  0.01059  0.81268  -234.95528  -236.81184  4.99985   768
1619.00  0.03576  0.03489  0.01009  0.81268  -235.72584  -237.56715  4.99985   768
1620.00  0.03579  0.03489  0.00942  0.81268  -236.76497  -238.58797  4.99985   768
1621.00  0.03577  0.03489  0.00883  0.81268  -237.66219  -239.49129  4.99985   768
1622.00  0.03579  0.03489  0.00878  0.81268  -237.77968  -239.65456  4.99985   768
1623.00  0.03579  0.03489  0.00926  0.81268  -237.13423  -239.06709  4.99985   768
1624.00  0.03577  0.03489  0.00983  0.81268  -236.20039  -238.12868  4.99985   768
1625.00  0.03577  0.03489  0.01055  0.81268  -235.15517  -237.09413  4.99985   768
1626.00  0.03578  0.03489  0.01088  0.81268  -234.57228  -236.46547  4.99985   768
1627.00  0.03578  0.03489  0.01082  0.81268  -234.64857  -236.51125  4.99985   768
1628.00  0.03578  0.03489  0.01036  0.81268  -235.32606  -237.15364  4.99985   768
1629.00  0.03578  0.03489  0.00974  0.81268  -236.26143  -238.08595  4.99985   768
1630.00  0.03578  0.03489  0.00901  0.81268  -237.37685  -239.21205  4.99985   768
1631.00  0.03577  0.03489  0.00872  0.81268  -237.90633  -239.79341  4.99985   768
1632.00  0.03577  0.03489  0.00882  0.81268  -237.73390  -239.64235  4.99985   768
1633.00  0.03576  0.03489  0.00935  0.81268  -237.01521  -238.98317  4.99985   768
1634.00  0.03578  0.03489  0.01014  0.81268  -235.77620  -237.74263  4.99985   768
1635.00  0.03577  0.03489  0.01065  0.81268  -234.97206  -236.89577  4.99985   768
1636.00  0.03577  0.03489  0.01077  0.81268  -234.71571  -236.60432  4.99985   768
1637.00  0.03577  0.03489  0.01047  0.81268  -235.15364  -236.99037  4.99985   768
1638.00  0.03579  0.03489  0.00999  0.81268  -235.84944  -237.66176  4.99985   768
1639.00  0.03577  0.03489  0.00931  0.81268  -236.92976  -238.73750  4.99985   768
1640.00  0.03577  0.03489  0.00884  0.81268  -237.66676  -239.51875  4.99985   768
1641.00  0.03578  0.03489  0.00877  0.81268  -237.78426  -239.66524  4.99985   768
1642.00  0.03579  0.03489  0.00909  0.81268  -237.36616  -239.26851  4.99985   768
1643.00  0.03579  0.03489  0.00971  0.81268  -236.43233  -238.37740  4.99985   768
1644.00  0.03577  0.03489  0.01040  0.81268  -235.35963  -237.30928  4.99985   768
1645.00  0.03579  0.03489  0.01079  0.81268  -234.74623  -236.65010  4.99985   768
1646.00  0.03578  0.03489  0.01069  0.81268  -234.83321  -236.70503  4.99985   768
1647.00  0.03578  0.03489  0.01035  0.81268  -235.33522  -237.20552  4.99985   768
1648.00  0.03578  0.03489  0.00967  0.81268  -236.30263  -238.11647  4.99985   768
1649.00  0.03578  0.03489  0.00908  0.81268  -237.31886  -239.18764  4.99985   768
1650.00  0.03578  0.03489  0.00880  0.81268  -237.74916  -239.62556  4.99985   768
1651.00  0.03578  0.03489  0.00897  0.81268  -237.53554  -239.45772  4.99985   768
1652.00  0.03578  0.03489  0.00944  0.81268  -236.85652  -238.79396  4.99985   768
1653.00  0.03577  0.03489  0.01011  0.81268  -235.86317  -237.80977  4.99985   768
1654.00  0.03577  0.03489  0.01068  0.81268  -234.93849  -236.87288  4.99985   768
1655.00  0.03577  0.03489  0.01088  0.81268  -234.56923  -236.44258  4.99985   768
1656.00  0.03578  0.03489  0.01067  0.81268  -234.86220  -236.72182  4.99985   768
1657.00  0.03578  0.03489  0.01014  0.81268  -235.63582  -237.43593  4.99985   768
1658.00  0.03578  0.03489  0.00945  0.81268  -236.69478  -238.49184  4.99985   768
1659.00  0.03578  0.03489  0.00900  0.81268  -237.44856  -239.30818  4.99985   768
1660.00  0.03578  0.03489  0.00893  0.81268  -237.53554  -239.42415  4.99985   768
1661.00  0.03577  0.03489  0.00932  0.81268  -237.02895  -238.96333  4.99985   768
1662.00  0.03578  0.03489  0.00984  0.81268  -236.19887  -238.13325  4.99985   768
1663.00  0.03578  0.03489  0.01045  0.81268  -235.29402  -237.25282  4.99985   768
1664.00  0.03578  0.03489  0.01065  0.81268  -234.93086  -236.83473  4.99985   768
1665.00  0.03578  0.03489  0.01060  0.81268  -234.98579  -236.87746  4.99985   768
1666.00  0.03577  0.03489  0.01025  0.81268  -235.48628  -237.34895  4.99985   768
1667.00  0.03577  0.03489  0.00963  0.81268  -236.39876  -238.22176  4.99985   768
1668.00  0.03578  0.03489  0.00906  0.81268  -237.31276  -239.17085  4.99985   768
1669.00  0.03579  0.03489  0.00888  0.81268  -237.67744  -239.56911  4.99985   768
1670.00  0.03577  0.03489  0.00908  0.81268  -237.32802  -239.23341  4.99985   768
1671.00  0.03578  0.03489  0.00954  0.81268  -236.66579  -238.59712  4.99985   768
1672.00  0.03578  0.03489  0.01013  0.81268  -235.76094  -237.69685  4.99985   768
1673.00  0.03578  0.03489  0.01057  0.81268  -235.03920  -236.93086  4.99985   768
1674.00  0.03577  0.03489  0.01065  0.81268  -234.91408  -236.78743  4.99985   768
1675.00  0.03577  0.03489  0.01046  0.81268  -235.20552  -237.03920  4.99985   768
1676.00  0.03577  0.03489  0.00993  0.81268  -235.97609  -237.79756  4.99985   768
1677.00  0.03579  0.03489  0.00938  0.81268  -236.84126  -238.65663  4.99985   768
1678.00  0.03577  0.03489  0.00898  0.81268  -237.47908  -239.34480  4.99985   768
1679.00  0.03577  0.03489  0.00891  0.81268  -237.64082  -239.53096  4.99985   768
1680.00  0.03576  0.03489  0.00937  0.81268  -236.93434  -238.88704  4.99985   768
1681.00  0.03578  0.03489  0.00991  0.81268  -236.09969  -238.03865  4.99985   768
1682.00  0.03577  0.03489  0.01050  0.81268  -235.19942  -237.15211  4.99985   768
1683.00  0.03577  0.03489  0.01081  0.81268  -234.71114  -236.60280  4.99985   768
1684.00  0.03577  0.03489  0.01059  0.81268  -234.98885  -236.85762  4.99985   768
1685.00  0.03578  0.03489  0.01010  0.81268  -235.70143  -237.51985  4.99985   768
1686.00  0.03578  0.03489  0.00946  0.81268  -236.68562  -238.52235  4.99985   768
1687.00  0.03577  0.03489  0.00905  0.81268  -237.37685  -239.23341  4.99985   768
1688.00  0.03578  0.03489  0.00896  0.81268  -237.50960  -239.38600  4.99985   768
1689.00  0.03577  0.03489  0.00917  0.81268  -237.25020  -239.16017  4.99985   768
1690.00  0.03576  0.03489  0.00969  0.81268  -236.44301  -238.36366  4.99985   768
1691.00  0.03577  0.03489  0.01030  0.81268  -235.48628  -237.40236  4.99985   768
1692.00  0.03577  0.03489  0.01068  0.81268  -234.89119  -236.79353  4.99985   768
1693.00  0.03577  0.03489  0.01069  0.81268  -234.81947  -236.68062  4.99985   768
1694.00  0.03577  0.03489  0.01030  0.81268  -235.40236  -237.22841  4.99985   768
1695.00  0.03577  0.03489  0.00974  0.81268  -236.24922  -238.07375  4.99985   768
1696.00  0.03577  0.03489  0.00909  0.81268  -237.23036  -239.07320  4.99985   768
1697.00  0.03577  0.03489  0.00870  0.81268  -237.91701  -239.78273  4.99985   768
1698.00  0.03577  0.03489  0.00888  0.81268  -237.63930  -239.56300  4.99985   768
1699.00  0.03578  0.03489  0.00928  0.81268  -237.10829  -239.05336  4.99985   768
1700.00  0.03576  0.03489  0.01001  0.81268  -235.95778  -237.91505  4.99985   768
1701.00  0.03576  0.03489  0.01058  0.81268  -235.07277  -237.01173  4.99985   768
1702.00  0.03577  0.03489  0.01080  0.81268  -234.68520  -236.55702  4.99985   768
1703.00  0.03577  0.03489  0.01053  0.81268  -235.07735  -236.93239  4.99985   768
1704.00  0.03579  0.03489  0.01004  0.81268  -235.78535  -237.61140  4.99985   768
1705.00  0.03576  0.03489  0.00932  0.81268  -236.83211  -238.63222  4.99985   768
1706.00  0.03577  0.03489  0.00879  0.81268  -237.77205  -239.61336  4.99985   768
1707.00  0.03578  0.03489  0.00872  0.81268  -237.90022  -239.77357  4.99985   768
1708.00  0.03576  0.03489  0.00901  0.81268  -237.49129  -239.41499  4.99985   768
1709.00  0.03578  0.03489  0.00972  0.81268  -236.41249  -238.35146  4.99985   768
1710.00  0.03577  0.03489  0.01047  0.81268  -235.24062  -237.20399  4.99985   768
1711.00  0.03577  0.03489  0.01086  0.81268  -234.58601  -236.49599  4.99985   768
1712.00  0.03579  0.03489  0.01083  0.81268  -234.65010  -236.51582  4.99985   768
1713.00  0.03579  0.03489  0.01047  0.81268  -235.14754  -236.99495  4.99985   768
1714.00  0.03577  0.03489  0.00983  0.81268  -236.12410  -237.92726  4.99985   768
1715.00  0.03578  0.03489  0.00911  0.81268  -237.25478  -239.08693  4.99985   768
1716.00  0.03578  0.03489  0.00873  0.81268  -237.86818  -239.73848  4.99985   768
1717.00  0.03577  0.03489  0.00885  0.81268  -237.72169  -239.64998  4.99985   768
1718.00  0.03577  0.03489  0.00938  0.81268  -236.91450  -238.84431  4.99985   768
1719.00  0.03578  0.03489  0.01007  0.81268  -235.88606  -237.84944  4.99985   768
1720.00  0.03577  0.03489  0.01070  0.81268  -234.91408  -236.83473  4.99985   768
1721.00  0.03576  0.03489  0.01089  0.81268  -234.54481  -236.42427  4.99985   768
1722.00  0.03577  0.03489  0.01066  0.81268  -234.89729  -236.74318  4.99985   768
1723.00  0.03578  0.03489  0.01016  0.81268  -235.59614  -237.41609  4.99985   768
1724.00  0.03578  0.03489  0.00948  0.81268  -236.62306  -238.44453  4.99985   768
1725.00  0.03577  0.03489  0.00888  0.81268  -237.56911  -239.39058  4.99985   768
1726.00  0.03578  0.03489  0.00874  0.81268  -237.87276  -239.74916  4.99985   768
1727.00  0.03577  0.03489  0.00899  0.81268  -237.50807  -239.43025  4.99985   768
1728.00  0.03577  0.03489  0.00969  0.81268  -236.47658  -238.44606  4.99985   768
1729.00  0.03576  0.03489  0.01043  0.81268  -235.33217  -237.28487  4.99985   768
1730.00  0.03577  0.03489  0.01088  0.81268  -234.53871  -236.47157  4.99985   768
1731.00  0.03578  0.03489  0.01086  0.81268  -234.59669  -236.47310  4.99985   768
1732.00  0.03576  0.03489  0.01050  0.81268  -235.10786  -236.96596  4.99985   768
1733.00  0.03576  0.03489  0.00997  0.81268  -235.87691  -237.72279  4.99985   768
1734.00  0.03578  0.03489  0.00918  0.81268  -237.08998  -238.90840  4.99985   768
1735.00  0.03577  0.03489  0.00878  0.81268  -237.80104  -239.66066  4.99985   768
1736.00  0.03579  0.03489  0.00895  0.81268  -237.57063  -239.48213  4.99985   768
1737.00  0.03577  0.03489  0.00937  0.81268  -236.90230  -238.83516  4.99985   768
1738.00  0.03579  0.03489  0.01010  0.81268  -235.85554  -237.81282  4.99985   768
1739.00  0.03578  0.03489  0.01075  0.81268  -234.82252  -236.74013  4.99985   768
1740.00  0.03578  0.03489  0.01098  0.81268  -234.39833  -236.28389  4.99985   768
1741.00  0.03577  0.03489  0.01081  0.81268  -234.63942  -236.47462  4.99985   768
1742.00  0.03577  0.03489  0.01023  0.81268  -235.48476  -237.29097  4.99985   768
1743.00  0.03577  0.03489  0.00948  0.81268  -236.63832  -238.45674  4.99985   768
1744.00  0.03577  0.03489  0.00901  0.81268  -237.40126  -239.26851  4.99985   768
1745.00  0.03578  0.03489  0.00881  0.81268  -237.73390  -239.59657  4.99985   768
1746.00  0.03577  0.03489  0.00912  0.81268  -237.31581  -239.25478  4.99985   768
1747.00  0.03577  0.03489  0.00983  0.81268  -236.28432  -238.24922  4.99985   768
1748.00  0.03577  0.03489  0.01051  0.81268  -235.19789  -237.15211  4.99985   768
1749.00  0.03578  0.03489  0.01088  0.81268  -234.58296  -236.50514  4.99985   768
1750.00  0.03577  0.03489  0.01093  0.81268  -234.46089  -236.34645  4.99985   768
1751.00  0.03577  0.03489  0.01055  0.81268  -235.04683  -236.87746  4.99985   768
1752.00  0.03577  0.03489  0.00990  0.81268  -235.96846  -237.78841  4.99985   768
1753.00  0.03578  0.03489  0.00928  0.81268  -236.97249  -238.82906  4.99985   768
1754.00  0.03577  0.03489  0.00885  0.81268  -237.66371  -239.49129  4.99985   768
1755.00  0.03577  0.03489  0.00896  0.81268  -237.52791  -239.42873  4.99985   768
1756.00  0.03577  0.03489  0.00953  0.81268  -236.68104  -238.62306  4.99985   768
1757.00  0.03576  0.03489  0.01017  0.81268  -235.72127  -237.66939  4.99985   768
1758.00  0.03577  0.03489  0.01074  0.81268  -234.81947  -236.74470  4.99985   768
1759.00  0.03577  0.03489  0.01093  0.81268  -234.46242  -236.33424  4.99985   768
1760.00  0.03576  0.03489  0.01079  0.81268  -234.67604  -236.53413  4.99985   768
1761.00  0.03577  0.03489  0.01032  0.81268  -235.35353  -237.16585  4.99985   768
1762.00  0.03577  0.03489  0.00959  0.81268  -236.47047  -238.28584  4.99985   768
1763.00  0.03577  0.03489  0.00899  0.81268  -237.43483  -239.27156  4.99985   768
1764.00  0.03577  0.03489  0.00879  0.81268  -237.76900  -239.66219  4.99985   768
1765.00  0.03577  0.03489  0.00907  0.81268  -237.39973  -239.33565  4.99985   768
1766.00  0.03578  0.03489  0.00977  0.81268  -236.38655  -238.35451  4.99985   768
1767.00  0.03578  0.03489  0.01045  0.81268  -235.28487  -237.20705  4.99985   768
1768.00  0.03577  0.03489  0.01087  0.81268  -234.61043  -236.54481  4.99985   768
1769.00  0.03579  0.03489  0.01078  0.81268  -234.66994  -236.53261  4.99985   768
1770.00  0.03577  0.03489  0.01031  0.81268  -235.38252  -237.19789  4.99985   768
1771.00  0.03577  0.03489  0.00973  0.81268  -236.24464  -238.06459  4.99985   768
1772.00  0.03577  0.03489  0.00904  0.81268  -237.35243  -239.16170  4.99985   768
1773.00  0.03578  0.03489  0.00867  0.81268  -237.93837  -239.79799  4.99985   768
1774.00  0.03577  0.03489  0.00882  0.81268  -237.76137  -239.63319  4.99985   768
1775.00  0.03578  0.03489  0.00930  0.81268  -237.03810  -238.98775  4.99985   768
1776.00  0.03578  0.03489  0.01004  0.81268  -235.90437  -237.86012  4.99985   768
1777.00  0.03577  0.03489  0.01069  0.81268  -234.89882  -236.83626  4.99985   768
1778.00  0.03577  0.03489  0.01088  0.81268  -234.58754  -236.46242  4.99985   768
1779.00  0.03579  0.03489  0.01070  0.81268  -234.81642  -236.67604  4.99985   768
1780.00  0.03577  0.03489  0.01023  0.81268  -235.51375  -237.36574  4.99985   768
1781.00  0.03577  0.03489  0.00949  0.81268  -236.61085  -238.43690  4.99985   768
1782.00  0.03577  0.03489  0.00898  0.81268  -237.46382  -239.32649  4.99985   768
1783.00  0.03576  0.03489  0.00886  0.81268  -237.67897  -239.58894  4.99985   768
1784.00  0.03577  0.03489  0.00915  0.81268  -237.28072  -239.21205  4.99985   768
1785.00  0.03577  0.03489  0.00974  0.81268  -236.41402  -238.36824  4.99985   768
1786.00  0.03577  0.03489  0.01032  0.81268  -235.45271  -237.39473  4.99985   768
1787.00  0.03578  0.03489  0.01072  0.81268  -234.84083  -236.74470  4.99985   768
1788.00  0.03578  0.03489  0.01073  0.81268  -234.78743  -236.63179  4.99985   768
1789.00  0.03578  0.03489  0.01039  0.81268  -235.22078  -237.07277  4.99985   768
1790.00  0.03576  0.03489  0.00977  0.81268  -236.22328  -238.03560  4.99985   768
1791.00  0.03576  0.03489  0.00898  0.81268  -237.40126  -239.20137  4.99985   768
1792.00  0.03578  0.03489  0.00861  0.81268  -238.00398  -239.86818  4.99985   768
1793.00  0.03577  0.03489  0.00875  0.81268  -237.86665  -239.76747  4.99985   768
1794.00  0.03578  0.03489  0.00924  0.81268  -237.16475  -239.10677  4.99985   768
1795.00  0.03578  0.03489  0.00989  0.81268  -236.13783  -238.07680  4.99985   768
1796.00  0.03578  0.03489  0.01040  0.81268  -235.37642  -237.30928  4.99985   768
1797.00  0.03579  0.03489  0.01050  0.81268  -235.13686  -237.02241  4.99985   768
1798.00  0.03577  0.03489  0.01039  0.81268  -235.29860  -237.17348  4.99985   768
1799.00  0.03577  0.03489  0.00985  0.81268  -236.09969  -237.95167  4.99985   768
1800.00  0.03578  0.03489  0.00933  0.81268  -236.90535  -238.75886  4.99985   768
1801.00  0.03579  0.03489  0.00880  0.81268  -237.71254  -239.55537  4.99985   768
1802.00  0.03576  0.03489  0.00864  0.81268  -238.01009  -239.91548  4.99985   768
1803.00  0.03577  0.03489  0.00899  0.81268  -237.52486  -239.46535  4.99985   768
1804.00  0.03577  0.03489  0.00966  0.81268  -236.51625  -238.46742  4.99985   768
1805.00  0.03577  0.03489  0.01028  0.81268  -235.56410  -237.49086  4.99985   768
1806.00  0.03577  0.03489  0.01075  0.81268  -234.77370  -236.68977  4.99985   768
1807.00  0.03577  0.03489  0.01079  0.81268  -234.69435  -236.53871  4.99985   768
1808.00  0.03578  0.03489  0.01026  0.81268  -235.42830  -237.24062  4.99985   768
1809.00  0.03578  0.03489  0.00967  0.81268  -236.34688  -238.17903  4.99985   768
1810.00  0.03577  0.03489  0.00922  0.81268  -237.10066  -238.93129  4.99985   768
1811.00  0.03578  0.03489  0.00889  0.81268  -237.58742  -239.45772  4.99985   768
1812.00  0.03577  0.03489  0.00898  0.81268  -237.51723  -239.42262  4.99985   768
1813.00  0.03577  0.03489  0.00953  0.81268  -236.69478  -238.63832  4.99985   768
1814.00  0.03576  0.03489  0.01019  0.81268  -235.68617  -237.63887  4.99985   768
1815.00  0.03577  0.03489  0.01073  0.81268  -234.84083  -236.77217  4.99985   768
1816.00  0.03578  0.03489  0.01094  0.81268  -234.48225  -236.38765  4.99985   768
1817.00  0.03578  0.03489  0.01068  0.81268  -234.84846  -236.70808  4.99985   768
1818.00  0.03577  0.03489  0.01003  0.81268  -235.78078  -237.60530  4.99985   768
1819.00  0.03577  0.03489  0.00937  0.81268  -236.84431  -238.67342  4.99985   768
1820.00  0.03577  0.03489  0.00892  0.81268  -237.55843  -239.40431  4.99985   768
1821.00  0.03577  0.03489  0.00876  0.81268  -237.81172  -239.66676  4.99985   768
1822.00  0.03578  0.03489  0.00908  0.81268  -237.37227  -239.28987  4.99985   768
1823.00  0.03577  0.03489  0.00969  0.81268  -236.46284  -238.40944  4.99985   768
1824.00  0.03577  0.03489  0.01031  0.81268  -235.51375  -237.43288  4.99985   768
1825.00  0.03578  0.03489  0.01067  0.81268  -234.92171  -236.81642  4.99985   768
1826.00  0.03577  0.03489  0.01070  0.81268  -234.78590  -236.65315  4.99985   768
1827.00  0.03576  0.03489  0.01039  0.81268  -235.25893  -237.10023  4.99985   768
1828.00  0.03577  0.03489  0.00967  0.81268  -236.36519  -238.16682  4.99985   768
1829.00  0.03577  0.03489  0.00904  0.81268  -237.35548  -239.21510  4.99985   768
1830.00  0.03578  0.03489  0.00888  0.81268  -237.61946  -239.50960  4.99985   768
1831.00  0.03577  0.03489  0.00905  0.81268  -237.40126  -239.32954  4.99985   768
1832.00  0.03576  0.03489  0.00950  0.81268  -236.74513  -238.69020  4.99985   768
1833.00  0.03577  0.03489  0.01019  0.81268  -235.72737  -237.69533  4.99985   768
1834.00  0.03576  0.03489  0.01071  0.81268  -234.88966  -236.81947  4.99985   768
1835.00  0.03577  0.03489  0.01085  0.81268  -234.60890  -236.49293  4.99985   768
1836.00  0.03577  0.03489  0.01062  0.81268  -234.96748  -236.81947  4.99985   768
1837.00  0.03576  0.03489  0.01012  0.81268  -235.67244  -237.49086  4.99985   768
1838.00  0.03576  0.03489  0.00945  0.81268  -236.69325  -238.50557  4.99985   768
1839.00  0.03577  0.03489  0.00896  0.81268  -237.46687  -239.32344  4.99985   768
1840.00  0.03576  0.03489  0.00886  0.81268  -237.64998  -239.53249  4.99985   768
1841.00  0.03577  0.03489  0.00929  0.81268  -237.08693  -239.01826  4.99985   768
1842.00  0.03579  0.03489  0.00991  0.81268  -236.10579  -238.04781  4.99985   768
1843.00  0.03576  0.03489  0.01062  0.81268  -235.01326  -236.95222  4.99985   768
1844.00  0.03577  0.03489  0.01079  0.81268  -234.69740  -236.56007  4.99985   768
1845.00  0.03576  0.03489  0.01074  0.81268  -234.78438  -236.66231  4.99985   768
1846.00  0.03578  0.03489  0.01040  0.81268  -235.28639  -237.12160  4.99985   768
1847.00  0.03577  0.03489  0.00977  0.81268  -236.20955  -238.04018  4.99985   768
1848.00  0.03577  0.03489  0.00915  0.81268  -237.19069  -239.04878  4.99985   768
1849.00  0.03578  0.03489  0.00883  0.81268  -237.69575  -239.58131  4.99985   768
1850.00  0.03577  0.03489  0.00898  0.81268  -237.54164  -239.44856  4.99985   768
1851.00  0.03576  0.03489  0.00948  0.81268  -236.78480  -238.73598  4.99985   768
1852.00  0.03578  0.03489  0.01027  0.81268  -235.59157  -237.53969  4.99985   768
1853.00  0.03578  0.03489  0.01075  0.81268  -234.83015  -236.75844  4.99985   768
1854.00  0.03577  0.03489  0.01084  0.81268  -234.61043  -236.46547  4.99985   768
1855.00  0.03578  0.03489  0.01055  0.81268  -235.04073  -236.87593  4.99985   768
1856.00  0.03578  0.03489  0.00998  0.81268  -235.86470  -237.68770  4.99985   768
1857.00  0.03576  0.03489  0.00937  0.81268  -236.81685  -238.63527  4.99985   768
1858.00  0.03577  0.03489  0.00903  0.81268  -237.38600  -239.23036  4.99985   768
1859.00  0.03576  0.03489  0.00893  0.81268  -237.56300  -239.43330  4.99985   768
1860.00  0.03576  0.03489  0.00929  0.81268  -237.07320  -239.01216  4.99985   768
1861.00  0.03577  0.03489  0.00999  0.81268  -236.00813  -237.95015  4.99985   768
1862.00  0.03577  0.03489  0.01057  0.81268  -235.08192  -237.01936  4.99985   768
1863.00  0.03577  0.03489  0.01089  0.81268  -234.55550  -236.46242  4.99985   768
1864.00  0.03577  0.03489  0.01085  0.81268  -234.59212  -236.48225  4.99985   768
1865.00  0.03578  0.03489  0.01036  0.81268  -235.29860  -237.13838  4.99985   768
1866.00  0.03577  0.03489  0.00973  0.81268  -236.25380  -238.09969  4.99985   768
1867.00  0.03576  0.03489  0.00919  0.81268  -237.13423  -238.96638  4.99985   768
1868.00  0.03577  0.03489  0.00887  0.81268  -237.66829  -239.54927  4.99985   768
1869.00  0.03576  0.03489  0.00907  0.81268  -237.37837  -239.30360  4.99985   768
1870.00  0.03577  0.03489  0.00964  0.81268  -236.54372  -238.49336  4.99985   768
1871.00  0.03578  0.03489  0.01029  0.81268  -235.50459  -237.42830  4.99985   768
1872.00  0.03576  0.03489  0.01061  0.81268  -234.99495  -236.90187  4.99985   768
1873.00  0.03577  0.03489  0.01075  0.81268  -234.77675  -236.62721  4.99985   768
1874.00  0.03576  0.03489  0.01044  0.81268  -235.19484  -237.02852  4.99985   768
1875.00  0.03576  0.03489  0.00989  0.81268  -236.02339  -237.83876  4.99985   768
1876.00  0.03578  0.03489  0.00934  0.81268  -236.87941  -238.70851  4.99985   768
1877.00  0.03576  0.03489  0.00884  0.81268  -237.70644  -239.54774  4.99985   768
1878.00  0.03577  0.03489  0.00884  0.81268  -237.70644  -239.60878  4.99985   768
1879.00  0.03577  0.03489  0.00925  0.81268  -237.10829  -239.04726  4.99985   768
1880.00  0.03577  0.03489  0.00988  0.81268  -236.18666  -238.14546  4.99985   768
1881.00  0.03577  0.03489  0.01049  0.81268  -235.20247  -237.14448  4.99985   768
1882.00  0.03577  0.03489  0.01080  0.81268  -234.71571  -236.61043  4.99985   768
1883.00  0.03576  0.03489  0.01068  0.81268  -234.88051  -236.72792  4.99985   768
1884.00  0.03578  0.03489  0.01021  0.81268  -235.56715  -237.42372  4.99985   768
1885.00  0.03578  0.03489  0.00969  0.81268  -236.33162  -238.16835  4.99985   768
1886.00  0.03578  0.03489  0.00915  0.81268  -237.19069  -239.03810  4.99985   768
1887.00  0.03578  0.03489  0.00893  0.81268  -237.55995  -239.44246  4.99985   768
1888.00  0.03577  0.03489  0.00917  0.81268  -237.22121  -239.12050  4.99985   768
1889.00  0.03579  0.03489  0.00979  0.81268  -236.27211  -238.22023  4.99985   768
1890.00  0.03578  0.03489  0.01043  0.81268  -235.30623  -237.22078  4.99985   768
1891.00  0.03577  0.03489  0.01086  0.81268  -234.61806  -236.52498  4.99985   768
1892.00  0.03578  0.03489  0.01091  0.81268  -234.48683  -236.34798  4.99985   768
1893.00  0.03577  0.03489  0.01060  0.81268  -234.98732  -236.81947  4.99985   768
1894.00  0.03577  0.03489  0.01002  0.81268  -235.80366  -237.62971  4.99985   768
1895.00  0.03577  0.03489  0.00940  0.81268  -236.75734  -238.57729  4.99985   768
1896.00  0.03576  0.03489  0.00903  0.81268  -237.41042  -239.26851  4.99985   768
1897.00  0.03576  0.03489  0.00891  0.81268  -237.56300  -239.45314  4.99985   768
1898.00  0.03576  0.03489  0.00929  0.81268  -237.08083  -239.03657  4.99985   768
1899.00  0.03576  0.03489  0.00989  0.81268  -236.15156  -238.10579  4.99985   768
1900.00  0.03577  0.03489  0.01054  0.81268  -235.17042  -237.10634  4.99985   768
1901.00  0.03576  0.03489  0.01083  0.81268  -234.67146  -236.59059  4.99985   768
1902.00  0.03577  0.03489  0.01070  0.81268  -234.82100  -236.67909  4.99985   768
1903.00  0.03577  0.03489  0.01017  0.81268  -235.60225  -237.43898  4.99985   768
1904.00  0.03576  0.03489  0.00945  0.81268  -236.64442  -238.46437  4.99985   768
1905.00  0.03577  0.03489  0.00890  0.81268  -237.57216  -239.39210  4.99985   768
1906.00  0.03576  0.03489  0.00869  0.81268  -237.95363  -239.82545  4.99985   768
1907.00  0.03577  0.03489  0.00896  0.81268  -237.54164  -239.45161  4.99985   768
1908.00  0.03576  0.03489  0.00949  0.81268  -236.76039  -238.69020  4.99985   768
1909.00  0.03577  0.03489  0.01021  0.81268  -235.64802  -237.59614  4.99985   768
1910.00  0.03578  0.03489  0.01072  0.81268  -234.83931  -236.75386  4.99985   768
1911.00  0.03576  0.03489  0.01075  0.81268  -234.75844  -236.63789  4.99985   768
1912.00  0.03577  0.03489  0.01039  0.81268  -235.22841  -237.06819  4.99985   768
1913.00  0.03576  0.03489  0.00981  0.81268  -236.12868  -237.95015  4.99985   768
1914.00  0.03578  0.03489  0.00911  0.81268  -237.23646  -239.07472  4.99985   768
1915.00  0.03576  0.03489  0.00879  0.81268  -237.77815  -239.66066  4.99985   768
1916.00  0.03577  0.03489  0.00884  0.81268  -237.69423  -239.59810  4.99985   768
1917.00  0.03575  0.03489  0.00933  0.81268  -236.99385  -238.93587  4.99985   768
1918.00  0.03576  0.03489  0.01004  0.81268  -235.95930  -237.92573  4.99985   768
1919.00  0.03576  0.03489  0.01064  0.81268  -235.00410  -236.94459  4.99985   768
1920.00  0.03575  0.03489  0.01090  0.81268  -234.56007  -236.44411  4.99985   768
1921.00  0.03578  0.03489  0.01078  0.81268  -234.69435  -236.54481  4.99985   768
1922.00  0.03576  0.03489  0.01032  0.81268  -235.36574  -237.18721  4.99985   768
1923.00  0.03576  0.03489  0.00960  0.81268  -236.45064  -238.25685  4.99985   768
1924.00  0.03577  0.03489  0.00910  0.81268  -237.24409  -239.08693  4.99985   768
1925.00  0.03577  0.03489  0.00888  0.81268  -237.63319  -239.49739  4.99985   768
1926.00  0.03577  0.03489  0.00908  0.81268  -237.34480  -239.25630  4.99985   768
1927.00  0.03579  0.03489  0.00966  0.81268  -236.53761  -238.48115  4.99985   768
1928.00  0.03576  0.03489  0.01038  0.81268  -235.40541  -237.33369  4.99985   768
1929.00  0.03577  0.03489  0.01081  0.81268  -234.72029  -236.63179  4.99985   768
1930.00  0.03577  0.03489  0.01078  0.81268  -234.73402  -236.60280  4.99985   768
1931.00  0.03577  0.03489  0.01044  0.81268  -235.19484  -237.04530  4.99985   768
1932.00  0.03578  0.03489  0.00976  0.81268  -236.22786  -238.04933  4.99985   768
1933.00  0.03577  0.03489  0.00911  0.81268  -237.23341  -239.07167  4.99985   768
1934.00  0.03577  0.03489  0.00870  0.81268  -237.89870  -239.76137  4.99985   768
1935.00  0.03578  0.03489  0.00878  0.81268  -237.81477  -239.71864  4.99985   768
1936.00  0.03578  0.03489  0.00916  0.81268  -237.30360  -239.23036  4.99985   768
1937.00  0.03577  0.03489  0.00988  0.81268  -236.16835  -238.11952  4.99985   768
1938.00  0.03578  0.03489  0.01047  0.81268  -235.21925  -237.14448  4.99985   768
1939.00  0.03577  0.03489  0.01071  0.81268  -234.83778  -236.71724  4.99985   768
1940.00  0.03578  0.03489  0.01052  0.81268  -235.07277  -236.92171  4.99985   768
1941.00  0.03577  0.03489  0.00992  0.81268  -235.96999  -237.77467  4.99985   768
1942.00  0.03577  0.03489  0.00931  0.81268  -236.88704  -238.70546  4.99985   768
1943.00  0.03577  0.03489  0.00886  0.81268  -237.64845  -239.49892  4.99985   768
1944.00  0.03578  0.03489  0.00877  0.81268  -237.79341  -239.66524  4.99985   768
1945.00  0.03576  0.03489  0.00908  0.81268  -237.40736  -239.33260  4.99985   768
1946.00  0.03576  0.03489  0.00963  0.81268  -236.54524  -238.48573  4.99985   768
1947.00  0.03577  0.03489  0.01024  0.81268  -235.59920  -237.54121  4.99985   768
1948.00  0.03577  0.03489  0.01072  0.81268  -234.85304  -236.77980  4.99985   768
1949.00  0.03577  0.03489  0.01078  0.81268  -234.73097  -236.62874  4.99985   768
1950.00  0.03576  0.03489  0.01049  0.81268  -235.10329  -236.93391  4.99985   768
1951.00  0.03576  0.03489  0.00988  0.81268  -236.02339  -237.85860  4.99985   768
1952.00  0.03577  0.03489  0.00921  0.81268  -237.06862  -238.90688  4.99985   768
1953.00  0.03575  0.03489  0.00882  0.81268  -237.71254  -239.56758  4.99985   768
1954.00  0.03576  0.03489  0.00897  0.81268  -237.51417  -239.42262  4.99985   768
1955.00  0.03576  0.03489  0.00947  0.81268  -236.80464  -238.72835  4.99985   768
1956.00  0.03577  0.03489  0.01008  0.81268  -235.88301  -237.80977  4.99985   768
1957.00  0.03578  0.03489  0.01069  0.81268  -234.88814  -236.80421  4.99985   768
1958.00  0.03577  0.03489  0.01085  0.81268  -234.58144  -236.44411  4.99985   768
1959.00  0.03575  0.03489  0.01072  0.81268  -234.78590  -236.63789  4.99985   768
1960.00  0.03578  0.03489  0.01031  0.81268  -235.35811  -237.19942  4.99985   768
1961.00  0.03577  0.03489  0.00954  0.81268  -236.50252  -238.29500  4.99985   768
1962.00  0.03576  0.03489  0.00888  0.81268  -237.58589  -239.41652  4.99985   768
1963.00  0.03577  0.03489  0.00875  0.81268  -237.88649  -239.79951  4.99985   768
1964.00  0.03578  0.03489  0.00904  0.81268  -237.45772  -239.37227  4.99985   768
1965.00  0.03576  0.03489  0.00966  0.81268  -236.53609  -238.49489  4.99985   768
1966.00  0.03576  0.03489  0.01031  0.81268  -235.48628  -237.45119  4.99985   768
1967.00  0.03577  0.03489  0.01081  0.81268  -234.73097  -236.63179  4.99985   768
1968.00  0.03576  0.03489  0.01069  0.81268  -234.80116  -236.68214  4.99985   768
1969.00  0.03576  0.03489  0.01043  0.81268  -235.19484  -237.05446  4.99985   768
1970.00  0.03577  0.03489  0.00987  0.81268  -236.04475  -237.87843  4.99985   768
1971.00  0.03577  0.03489  0.00925  0.81268  -237.00758  -238.82753  4.99985   768
1972.00  0.03576  0.03489  0.00878  0.81268  -237.78120  -239.63319  4.99985   768
1973.00  0.03577  0.03489  0.00885  0.81268  -237.68355  -239.56605  4.99985   768
1974.00  0.03577  0.03489  0.00934  0.81268  -236.97249  -238.89162  4.99985   768
1975.00  0.03576  0.03489  0.01002  0.81268  -235.96541  -237.90132  4.99985   768
1976.00  0.03577  0.03489  0.01068  0.81268  -234.92781  -236.84541  4.99985   768
1977.00  0.03577  0.03489  0.01095  0.81268  -234.46547  -236.34645  4.99985   768
1978.00  0.03578  0.03489  0.01075  0.81268  -234.74013  -236.61500  4.99985   768
1979.00  0.03576  0.03489  0.01030  0.81268  -235.40541  -237.23451  4.99985   768
1980.00  0.03577  0.03489  0.00963  0.81268  -236.41554  -238.24007  4.99985   768
1981.00  0.03577  0.03489  0.00919  0.81268  -237.14339  -238.99232  4.99985   768
1982.00  0.03577  0.03489  0.00895  0.81268  -237.53554  -239.43483  4.99985   768
1983.00  0.03577  0.03489  0.00925  0.81268  -237.11439  -239.05794  4.99985   768
1984.00  0.03576  0.03489  0.00972  0.81268  -236.44759  -238.39113  4.99985   768
1985.00  0.03576  0.03489  0.01048  0.81268  -235.25130  -237.20857  4.99985   768
1986.00  0.03578  0.03489  0.01099  0.81268  -234.42885  -236.35713  4.99985   768
1987.00  0.03575  0.03489  0.01100  0.81268  -234.33577  -236.20302  4.99985   768
1988.00  0.03576  0.03489  0.01063  0.81268  -234.88966  -236.71724  4.99985   768
1989.00  0.03577  0.03489  0.01002  0.81268  -235.86317  -237.65871  4.99985   768
1990.00  0.03577  0.03489  0.00936  0.81268  -236.82143  -238.64900  4.99985   768
1991.00  0.03576  0.03489  0.00899  0.81268  -237.47298  -239.33412  4.99985   768
1992.00  0.03576  0.03489  0.00906  0.81268  -237.35701  -239.23799  4.99985   768
1993.00  0.03578  0.03489  0.00947  0.81268  -236.76802  -238.70088  4.99985   768
1994.00  0.03576  0.03489  0.01006  0.81268  -235.86775  -237.79604  4.99985   768
1995.00  0.03579  0.03489  0.01053  0.81268  -235.15517  -237.08192  4.99985   768
1996.00  0.03576  0.03489  0.01079  0.81268  -234.72792  -236.63332  4.99985   768
1997.00  0.03576  0.03489  0.01065  0.81268  -234.89882  -236.75233  4.99985   768
1998.00  0.03578  0.03489  0.01010  0.81268  -235.70448  -237.53816  4.99985   768
1999.00  0.03576  0.03489  0.00943  0.81268  -236.77107  -238.61085  4.99985   768
2000.00  0.04067  0.05370  0.00885  0.81268  -237.59657  -239.43788  4.99985   768
2001.00  0.05116  0.05370  0.00980  0.81268  -236.46132  -238.56050  4.99985   768
2002.00  0.05166  0.05370  0.01197  0.81268  -233.07387  -235.14558  4.99985   768
2003.00  0.05186  0.05370  0.01212  0.81268  -232.53218  -234.29872  4.99985   768
2004.00  0.05202  0.05370  0.01306  0.81268  -231.42287  -233.49763  4.99985   768
