ASI 600A Data File
Created: Wed May  8 12:08:03 2024
A/D Sampling Rate: 1000 Hz
Comment: Mouse 512 Cell 1
Width 0.0388
Thick 0.0194
After Activation
Width 0.0
Thick 0.0
*** Setup Parameters ***
Length Controller: 315C
Force Transducer: 406A
Initial Length: 0.0537 mm
Minimum Length: -5 Lo
Maximum Length: 5 Lo
Fiber Length: 0.0537 mm
Initial Sarcomere Length: 0 um
Diameter: 1.91919 mm
Maximum Tetanic Tension: 3 mN
Calibrate FC step size:  -20 um
Calibrate FC ramp time:  100 ms
Calibrate FC hold time:  200 ms
Force Gain-Factor:       0.6
Force Integral-Constant: 0.26 ms
Force Filter-Constant:   0.2 ms
Constant Stiffness Range: 100
dF/dL measured at Force:  34522 adu
Fiber Stiffness (adu):    0
Fiber Stiffness (mN/mm):  0
SL Gain-Factor:           0.25
SL Integral-Constant:     0.1 ms
SL Filter-Constant:       0 ms
SL Stiffness (adu):       0.3
SL Stiffness (um/mm):     1
ADC0 Offset: -28.840 mv
ADC1 Offset: -28.840 mv
DAC0 Offset: 3.336 mv
DAC1 Offset: -3.588 mv
Panel 1 size: 2
Panel 2 size: 4
Panel 3 size: 2
Panel 4 size: 5
Panel 1 signal: 0
Panel 2 signal: 1
Panel 3 signal: 2
Panel 4 signal: 6
Background (0/1): 0
Length In color:  16395263
Force  In color:  16717330
SL     In color:  16771867
Aux1   In color:  1769257
Length Out color:  255
Force  Out color:  255
Stim   Out color:  16777215
Aux2   In  color:  16747283
Length Units: um
Force Units: mN
Time Units: ms
Sarcomere Length Units: um
Scope Display1: 0
Scope Display2: 2
AUX Channels Scope Display: 0
Scope Timebase: 1
Scope Vscale:   0
Scope Lunit:    1
Scope Lmin:     0.026370
Scope Lmax:     0.026470
Scope Funit:    0
Scope Fmin:     0.157780
Scope Fmax:     0.157960
Scope AUX1_min:     10.000000
Scope AUX1_max:     16.000000
Scope AUX2_min:     8.000000
Scope AUX2_max:     14.000000
Scope L Data Scale:     1.651868
Scope F Data Scale:     0.225000
Scope AUX1 Data Scale:     1.000000
Scope AUX2 Data Scale:     1.000000
Scope SL Data Scale:     1.000000
Scope Sunit:    0
Analysis Lunit: 4
Analysis Funit: 0
Analysis Tunit: 0
Analysis Channels: 101000000010000
Analysis Readout: 1
Analysis Gaussian Filter Kernel Size (Lin):     201
Analysis Gaussian Filter Kernel Size (Fin):     50
Analysis Gaussian Filter Kernel Size (Aux1):    201
Analysis Gaussian Filter Kernel Size (Aux2):    201
Analysis Gaussian Filter Standard Deviation (Lin):     1.0
Analysis Gaussian Filter Standard Deviation (Fin):     1.0
Analysis Gaussian Filter Standard Deviation (Aux1):    1.0
Analysis Gaussian Filter Standard Deviation (Aux2):    1.0
Aux1 Name: Aux1
Aux1 Units: C
Aux1 Scale (units/volt): 100.000000
Aux1 Offset (units): 2.000000
Aux2 Name: Aux2
Aux2 Units: mv
Aux2 Scale (units/volt): 100
Aux2 Offset (units): 0
 *** Cantilever Properties ***
Cantilever Stiffness Calculation Method: 2
Cantilever Stiffness (N/m): -1.000
Cantilever Length (um): 450.000
Cantilever Thickness (um): 2.000
Cantilever Width 1 (um): 50.000
Cantilever Width 2 (um): 50.000
Cantilever Elasticity (GPa): 160.000
 *** ASI804A Test Window Properties ***
ASI804A Vscale: 0
ASI804A Timebase: 0
ASI804A Sampling Rate: 0
ASI804A Scope L_min:     999.800000
ASI804A Scope L_max:     1000.200000
ASI804A Scope F_min:     -0.040000
ASI804A Scope F_max:     0.020000
ASI804A Scope log10Rario_min:     -0.063875
ASI804A Scope log10Ratio_max:     -0.063650
ASI804A Scope L Scale Units:    4
ASI804A Scope F Scale Units:    0
ASI804A Scope L Scale:     1.000000
ASI804A Scope F Scale:     1.000000
ASI804A Scope log10Ratio Scale:     0.500000
ASI804A Data Files Directory: /home/asi/data
ASI804A Data Files Name: atp_datafile
ASI804A Font: Liberation Sans
ASI804A Font Size: 24
ASI804A pCa Combo Size: 0
ASI804A pCa Combo Active: -1
 *** Additional devices ***
ASI802D Bath Controller: 0
ASI804A ATPase Controller: 1
*** Calibration Parameters ***
Model  LOoffset  LOscale  LIoffset  LIscale  FOoffset  FOscale  FIoffset  FIscale
Number 	mm        mm/v	   mm        mm/v     mN        mN/v     mN        mN/v
308B	 0	 0.2	 0	 0.2	 0	 1	 0	 1
312C	 0	 0.15	 0	 0.15	 0	 1	 0	 1
315C	 0	 0.15	 0	 0.15	 0	 1	 0	 1
318B	 0	 0.3	 0	 0.3	 0	 1	 0	 1
322C	 0	 0.3	 0	 0.3	 0	 1	 0	 1
340A	 0	 0.005	 0	 0.005	 0	 1	 0	 1
300C	 0	 0.5	 0	 0.5	 0	 50	 0	 50
300C-LR	 0	 0.5	 0	 0.5	 0	 100	 0	 100
305C	 0	 1	 0	 1	 0	 500	 0	 500
305C-LR	 0	 1	 0	 1	 0	 1000	 0	 1000
309C	 0	 1.25	 0	 1.25	 0	 2000	 0	 2000
310C	 0	 2	 0	 2	 0	 5000	 0	 5000
310C-LR	 0	 2	 0	 2	 0	 10000	 0	 10000
???	 0	 1	 0	 1	 0	 1	 0	 1
400A	 0	 1	 0	 1	 0	 5	 0	 5
402A	 0	 1	 0	 1	 0	 50	 0	 50
403A-CF	 0	 1	 0	 1	 0	 0.2	 0	 0.2
403A	 0	 1	 0	 1	 0	 0.5	 0	 0.5
404A	 0	 1	 0	 1	 0	 10	 0	 10
405A	 0	 1	 0	 1	 0	 1	 0	 1
406A	 0	 1	 0	 1	 0.163	 0.06497	 0.163	 0.06497
407A	 0	 1	 0	 1	 0	 100	 0	 100
470A	 0	 1	 0	 1	 0	 1	 0	 1
other	 0	 1	 0	 1	 0	 1	 0	 1
none	 0	 1	 0	 1	 0	 1	 0	 1
*** Test Protocol Parameters ***
A/D Sampling Rate: 1000 Hz
Comment: Length Discrete Sine protocol for stiffness testing
Minimum Length: -5.000 (Lo)
Maximum Length: 5.000 (Lo)
PD Deadband:    0.000000 mN
Stimulus 01: 0.3 ms 100.000 Hz 10.0 ms 50.000 Hz 0.100 s
Stimulus 02: 1.2 ms 100.000 Hz 20.0 ms 2.000 Hz 100.000 s
Stimulus 03: 1.3 ms 100.000 Hz 20.0 ms 2.000 Hz 100.000 s
Stimulus 04: 1.4 ms 100.000 Hz 20.0 ms 2.000 Hz 100.000 s
Stimulus 05: 1.5 ms 100.000 Hz 20.0 ms 2.000 Hz 100.000 s
Stimulus 06: 1.6 ms 100.000 Hz 20.0 ms 2.000 Hz 100.000 s
Stimulus 07: 1.7 ms 100.000 Hz 20.0 ms 2.000 Hz 100.000 s
Stimulus 08: 1.8 ms 100.000 Hz 20.0 ms 2.000 Hz 100.000 s
Stimulus 09: 1.9 ms 100.000 Hz 20.0 ms 2.000 Hz 100.000 s
Stimulus 10: 2.2 ms 100.000 Hz 20.0 ms 2.000 Hz 100.000 s
Time (ms)	Control Function	Options
      0.0	Data-Enable		
    200.0	Length-Step		 0.65 Lo
   2000.0	Length-Step		 1 Lo
   2005.0	Data-Disable		
      0.0	Stop		
*** Force and Length Signals vs Time ***
Time (ms)  Lin (mm)  Lout (mm)  Fin (mN)  Fout (mN)  Aux1 C  Aux2 mv  SL (um)   Stimulus/Triggers
0.00  0.05363  0.05370  0.01893  0.81268  -222.14857  -223.98225  4.99985   768
1.00  0.05362  0.05370  0.01847  0.81268  -222.85506  -224.69636  4.99985   768
2.00  0.05362  0.05370  0.01779  0.81268  -223.86061  -225.67445  4.99985   768
3.00  0.05362  0.05370  0.01736  0.81268  -224.54573  -226.36415  4.99985   768
4.00  0.05363  0.05370  0.01723  0.81268  -224.82954  -226.70289  4.99985   768
5.00  0.05362  0.05370  0.01756  0.81268  -224.34584  -226.26039  4.99985   768
6.00  0.05362  0.05370  0.01819  0.81268  -223.42573  -225.37691  4.99985   768
7.00  0.05361  0.05370  0.01878  0.81268  -222.46290  -224.39577  4.99985   768
8.00  0.05362  0.05370  0.01914  0.81268  -221.88154  -223.78694  4.99985   768
9.00  0.05362  0.05370  0.01911  0.81268  -221.91969  -223.79762  4.99985   768
10.00  0.05362  0.05370  0.01875  0.81268  -222.44154  -224.27827  4.99985   768
11.00  0.05362  0.05370  0.01818  0.81268  -223.28230  -225.13277  4.99985   768
12.00  0.05362  0.05370  0.01759  0.81268  -224.22835  -226.04066  4.99985   768
13.00  0.05362  0.05370  0.01730  0.81268  -224.67390  -226.55946  4.99985   768
14.00  0.05362  0.05370  0.01743  0.81268  -224.51826  -226.44197  4.99985   768
15.00  0.05361  0.05370  0.01796  0.81268  -223.75685  -225.68819  4.99985   768
16.00  0.05361  0.05370  0.01864  0.81268  -222.69026  -224.63685  4.99985   768
17.00  0.05361  0.05370  0.01920  0.81268  -221.82509  -223.72133  4.99985   768
18.00  0.05362  0.05370  0.01940  0.81268  -221.45582  -223.34749  4.99985   768
19.00  0.05362  0.05370  0.01921  0.81268  -221.75947  -223.58247  4.99985   768
20.00  0.05361  0.05370  0.01868  0.81268  -222.51326  -224.33015  4.99985   768
21.00  0.05362  0.05370  0.01808  0.81268  -223.37843  -225.17854  4.99985   768
22.00  0.05361  0.05370  0.01756  0.81268  -224.25429  -226.09102  4.99985   768
23.00  0.05362  0.05370  0.01736  0.81268  -224.55031  -226.44044  4.99985   768
24.00  0.05362  0.05370  0.01776  0.81268  -224.08034  -226.01167  4.99985   768
25.00  0.05362  0.05370  0.01841  0.81268  -223.05037  -224.99849  4.99985   768
26.00  0.05362  0.05370  0.01895  0.81268  -222.20961  -224.13179  4.99985   768
27.00  0.05361  0.05370  0.01934  0.81268  -221.59773  -223.51991  4.99985   768
28.00  0.05361  0.05370  0.01933  0.81268  -221.59163  -223.48024  4.99985   768
29.00  0.05361  0.05370  0.01890  0.81268  -222.20045  -224.03413  4.99985   768
30.00  0.05362  0.05370  0.01839  0.81268  -222.95119  -224.77571  4.99985   768
31.00  0.05363  0.05370  0.01777  0.81268  -223.87434  -225.70955  4.99985   768
32.00  0.05363  0.05370  0.01745  0.81268  -224.46028  -226.32295  4.99985   768
33.00  0.05361  0.05370  0.01755  0.81268  -224.33211  -226.23292  4.99985   768
34.00  0.05362  0.05370  0.01806  0.81268  -223.60884  -225.54628  4.99985   768
35.00  0.05362  0.05370  0.01872  0.81268  -222.57582  -224.49342  4.99985   768
36.00  0.05362  0.05370  0.01912  0.81268  -221.92274  -223.83882  4.99985   768
37.00  0.05362  0.05370  0.01920  0.81268  -221.75642  -223.60231  4.99985   768
38.00  0.05362  0.05370  0.01897  0.81268  -222.07533  -223.90748  4.99985   768
39.00  0.05362  0.05370  0.01842  0.81268  -222.94050  -224.78639  4.99985   768
40.00  0.05362  0.05370  0.01791  0.81268  -223.69581  -225.53407  4.99985   768
41.00  0.05361  0.05370  0.01745  0.81268  -224.39467  -226.24513  4.99985   768
42.00  0.05362  0.05370  0.01736  0.81268  -224.60219  -226.49232  4.99985   768
43.00  0.05362  0.05370  0.01761  0.81268  -224.25581  -226.17799  4.99985   768
44.00  0.05361  0.05370  0.01829  0.81268  -223.30977  -225.26094  4.99985   768
45.00  0.05361  0.05370  0.01883  0.81268  -222.40340  -224.35457  4.99985   768
46.00  0.05362  0.05370  0.01923  0.81268  -221.72896  -223.63893  4.99985   768
47.00  0.05362  0.05370  0.01911  0.81268  -221.91359  -223.75490  4.99985   768
48.00  0.05362  0.05370  0.01862  0.81268  -222.63075  -224.46901  4.99985   768
49.00  0.05362  0.05370  0.01809  0.81268  -223.46693  -225.31434  4.99985   768
50.00  0.05362  0.05370  0.01752  0.81268  -224.24666  -226.05745  4.99985   768
51.00  0.05363  0.05370  0.01735  0.81268  -224.60676  -226.47706  4.99985   768
52.00  0.05362  0.05370  0.01743  0.81268  -224.54573  -226.44044  4.99985   768
53.00  0.05362  0.05370  0.01798  0.81268  -223.74007  -225.65156  4.99985   768
54.00  0.05361  0.05370  0.01864  0.81268  -222.65211  -224.57429  4.99985   768
55.00  0.05361  0.05370  0.01913  0.81268  -221.95326  -223.86934  4.99985   768
56.00  0.05361  0.05370  0.01933  0.81268  -221.59010  -223.47261  4.99985   768
57.00  0.05363  0.05370  0.01915  0.81268  -221.81898  -223.68013  4.99985   768
58.00  0.05362  0.05370  0.01861  0.81268  -222.61091  -224.44612  4.99985   768
59.00  0.05363  0.05370  0.01792  0.81268  -223.68666  -225.48830  4.99985   768
60.00  0.05361  0.05370  0.01750  0.81268  -224.37788  -226.24818  4.99985   768
61.00  0.05361  0.05370  0.01743  0.81268  -224.52132  -226.42976  4.99985   768
62.00  0.05362  0.05370  0.01780  0.81268  -223.96590  -225.89570  4.99985   768
63.00  0.05362  0.05370  0.01832  0.81268  -223.19685  -225.13429  4.99985   768
64.00  0.05362  0.05370  0.01896  0.81268  -222.22029  -224.16841  4.99985   768
65.00  0.05361  0.05370  0.01917  0.81268  -221.78999  -223.68776  4.99985   768
66.00  0.05362  0.05370  0.01919  0.81268  -221.76100  -223.61757  4.99985   768
67.00  0.05363  0.05370  0.01889  0.81268  -222.19893  -224.01430  4.99985   768
68.00  0.05361  0.05370  0.01828  0.81268  -223.14192  -224.95729  4.99985   768
69.00  0.05362  0.05370  0.01766  0.81268  -224.06203  -225.87587  4.99985   768
70.00  0.05361  0.05370  0.01744  0.81268  -224.49080  -226.34889  4.99985   768
71.00  0.05362  0.05370  0.01756  0.81268  -224.29396  -226.18715  4.99985   768
72.00  0.05361  0.05370  0.01814  0.81268  -223.51271  -225.45625  4.99985   768
73.00  0.05363  0.05370  0.01875  0.81268  -222.50105  -224.42628  4.99985   768
74.00  0.05362  0.05370  0.01915  0.81268  -221.88307  -223.80525  4.99985   768
75.00  0.05361  0.05370  0.01917  0.81268  -221.85560  -223.75490  4.99985   768
76.00  0.05361  0.05370  0.01887  0.81268  -222.21724  -224.04787  4.99985   768
77.00  0.05361  0.05370  0.01841  0.81268  -222.96492  -224.80623  4.99985   768
78.00  0.05361  0.05370  0.01778  0.81268  -223.91707  -225.75990  4.99985   768
79.00  0.05360  0.05370  0.01738  0.81268  -224.53810  -226.38093  4.99985   768
80.00  0.05362  0.05370  0.01729  0.81268  -224.68153  -226.58388  4.99985   768
81.00  0.05361  0.05370  0.01764  0.81268  -224.23598  -226.19020  4.99985   768
82.00  0.05362  0.05370  0.01830  0.81268  -223.20601  -225.13734  4.99985   768
83.00  0.05361  0.05370  0.01892  0.81268  -222.27217  -224.19435  4.99985   768
84.00  0.05361  0.05370  0.01938  0.81268  -221.56569  -223.47261  4.99985   768
85.00  0.05362  0.05370  0.01925  0.81268  -221.60536  -223.43751  4.99985   768
86.00  0.05362  0.05370  0.01883  0.81268  -222.30269  -224.14552  4.99985   768
87.00  0.05361  0.05370  0.01821  0.81268  -223.22127  -225.03511  4.99985   768
88.00  0.05362  0.05370  0.01769  0.81268  -224.02083  -225.86671  4.99985   768
89.00  0.05361  0.05370  0.01739  0.81268  -224.58693  -226.42976  4.99985   768
90.00  0.05359  0.05370  0.01750  0.81268  -224.37636  -226.26955  4.99985   768
91.00  0.05361  0.05370  0.01807  0.81268  -223.58900  -225.53102  4.99985   768
92.00  0.05362  0.05370  0.01864  0.81268  -222.71620  -224.66279  4.99985   768
93.00  0.05362  0.05370  0.01907  0.81268  -221.99141  -223.90596  4.99985   768
94.00  0.05361  0.05370  0.01922  0.81268  -221.75490  -223.63893  4.99985   768
95.00  0.05361  0.05370  0.01905  0.81268  -222.02193  -223.86018  4.99985   768
96.00  0.05362  0.05370  0.01857  0.81268  -222.69484  -224.55293  4.99985   768
97.00  0.05360  0.05370  0.01800  0.81268  -223.61037  -225.43184  4.99985   768
98.00  0.05363  0.05370  0.01762  0.81268  -224.20241  -226.06050  4.99985   768
99.00  0.05362  0.05370  0.01753  0.81268  -224.35652  -226.24055  4.99985   768
100.00  0.05362  0.05370  0.01792  0.81268  -223.78584  -225.71107  4.99985   768
101.00  0.05362  0.05370  0.01854  0.81268  -222.87031  -224.79402  4.99985   768
102.00  0.05362  0.05370  0.01906  0.81268  -221.99904  -223.89986  4.99985   768
103.00  0.05362  0.05370  0.01932  0.81268  -221.62062  -223.51533  4.99985   768
104.00  0.05362  0.05370  0.01927  0.81268  -221.63130  -223.47719  4.99985   768
105.00  0.05361  0.05370  0.01884  0.81268  -222.27064  -224.10432  4.99985   768
106.00  0.05361  0.05370  0.01820  0.81268  -223.25331  -225.05800  4.99985   768
107.00  0.05362  0.05370  0.01766  0.81268  -224.13832  -225.98573  4.99985   768
108.00  0.05361  0.05370  0.01741  0.81268  -224.51674  -226.37941  4.99985   768
109.00  0.05361  0.05370  0.01758  0.81268  -224.32448  -226.25886  4.99985   768
110.00  0.05361  0.05370  0.01812  0.81268  -223.51271  -225.46846  4.99985   768
111.00  0.05361  0.05370  0.01874  0.81268  -222.58192  -224.51478  4.99985   768
112.00  0.05360  0.05370  0.01913  0.81268  -221.92427  -223.84798  4.99985   768
113.00  0.05360  0.05370  0.01922  0.81268  -221.74269  -223.61299  4.99985   768
114.00  0.05362  0.05370  0.01896  0.81268  -222.15315  -223.99141  4.99985   768
115.00  0.05361  0.05370  0.01842  0.81268  -222.95271  -224.78792  4.99985   768
116.00  0.05362  0.05370  0.01776  0.81268  -223.86976  -225.69276  4.99985   768
117.00  0.05362  0.05370  0.01738  0.81268  -224.57014  -226.40993  4.99985   768
118.00  0.05361  0.05370  0.01738  0.81268  -224.59303  -226.47859  4.99985   768
119.00  0.05362  0.05370  0.01779  0.81268  -224.01472  -225.92927  4.99985   768
120.00  0.05361  0.05370  0.01840  0.81268  -223.04121  -224.96492  4.99985   768
121.00  0.05362  0.05370  0.01894  0.81268  -222.21113  -224.11195  4.99985   768
122.00  0.05363  0.05370  0.01917  0.81268  -221.85103  -223.74727  4.99985   768
123.00  0.05362  0.05370  0.01911  0.81268  -221.88917  -223.75337  4.99985   768
124.00  0.05362  0.05370  0.01870  0.81268  -222.53004  -224.36067  4.99985   768
125.00  0.05361  0.05370  0.01811  0.81268  -223.39522  -225.23653  4.99985   768
126.00  0.05361  0.05370  0.01762  0.81268  -224.17036  -226.02235  4.99985   768
127.00  0.05361  0.05370  0.01735  0.81268  -224.60982  -226.48317  4.99985   768
128.00  0.05362  0.05370  0.01754  0.81268  -224.37941  -226.30006  4.99985   768
129.00  0.05362  0.05370  0.01813  0.81268  -223.46083  -225.40437  4.99985   768
130.00  0.05362  0.05370  0.01872  0.81268  -222.54530  -224.50715  4.99985   768
131.00  0.05362  0.05370  0.01913  0.81268  -221.93342  -223.84035  4.99985   768
132.00  0.05362  0.05370  0.01921  0.81268  -221.74879  -223.61909  4.99985   768
133.00  0.05362  0.05370  0.01893  0.81268  -222.14400  -223.96852  4.99985   768
134.00  0.05361  0.05370  0.01842  0.81268  -222.90236  -224.73451  4.99985   768
135.00  0.05362  0.05370  0.01782  0.81268  -223.85756  -225.68208  4.99985   768
136.00  0.05362  0.05370  0.01756  0.81268  -224.24971  -226.09407  4.99985   768
137.00  0.05362  0.05370  0.01750  0.81268  -224.38093  -226.24666  4.99985   768
138.00  0.05363  0.05370  0.01785  0.81268  -223.93080  -225.85756  4.99985   768
139.00  0.05361  0.05370  0.01847  0.81268  -222.96187  -224.90541  4.99985   768
140.00  0.05362  0.05370  0.01897  0.81268  -222.20350  -224.12569  4.99985   768
141.00  0.05361  0.05370  0.01938  0.81268  -221.50770  -223.43904  4.99985   768
142.00  0.05362  0.05370  0.01923  0.81268  -221.69844  -223.54433  4.99985   768
143.00  0.05362  0.05370  0.01865  0.81268  -222.57277  -224.40950  4.99985   768
144.00  0.05361  0.05370  0.01808  0.81268  -223.48372  -225.32960  4.99985   768
145.00  0.05362  0.05370  0.01761  0.81268  -224.15510  -225.99794  4.99985   768
146.00  0.05362  0.05370  0.01749  0.81268  -224.42671  -226.33211  4.99985   768
147.00  0.05361  0.05370  0.01775  0.81268  -224.06203  -225.98573  4.99985   768
148.00  0.05362  0.05370  0.01825  0.81268  -223.30977  -225.25026  4.99985   768
149.00  0.05360  0.05370  0.01886  0.81268  -222.40187  -224.33473  4.99985   768
150.00  0.05361  0.05370  0.01928  0.81268  -221.69386  -223.60231  4.99985   768
151.00  0.05362  0.05370  0.01936  0.81268  -221.55653  -223.41768  4.99985   768
152.00  0.05362  0.05370  0.01897  0.81268  -222.09975  -223.93342  4.99985   768
153.00  0.05360  0.05370  0.01843  0.81268  -222.86726  -224.68263  4.99985   768
154.00  0.05362  0.05370  0.01796  0.81268  -223.60884  -225.44099  4.99985   768
155.00  0.05362  0.05370  0.01757  0.81268  -224.25886  -226.10628  4.99985   768
156.00  0.05360  0.05370  0.01763  0.81268  -224.22529  -226.11543  4.99985   768
157.00  0.05362  0.05370  0.01809  0.81268  -223.55849  -225.49745  4.99985   768
158.00  0.05362  0.05370  0.01870  0.81268  -222.62465  -224.56361  4.99985   768
159.00  0.05362  0.05370  0.01921  0.81268  -221.82204  -223.76253  4.99985   768
160.00  0.05361  0.05370  0.01936  0.81268  -221.53670  -223.43141  4.99985   768
161.00  0.05361  0.05370  0.01920  0.81268  -221.75795  -223.62215  4.99985   768
162.00  0.05361  0.05370  0.01867  0.81268  -222.51631  -224.35609  4.99985   768
163.00  0.05361  0.05370  0.01820  0.81268  -223.31282  -225.15718  4.99985   768
164.00  0.05362  0.05370  0.01770  0.81268  -224.01778  -225.85908  4.99985   768
165.00  0.05362  0.05370  0.01749  0.81268  -224.43739  -226.30311  4.99985   768
166.00  0.05362  0.05370  0.01770  0.81268  -224.14442  -226.06050  4.99985   768
167.00  0.05362  0.05370  0.01836  0.81268  -223.16176  -225.09004  4.99985   768
168.00  0.05363  0.05370  0.01891  0.81268  -222.23555  -224.16536  4.99985   768
169.00  0.05362  0.05370  0.01927  0.81268  -221.65114  -223.53059  4.99985   768
170.00  0.05361  0.05370  0.01927  0.81268  -221.66487  -223.51686  4.99985   768
171.00  0.05361  0.05370  0.01897  0.81268  -222.09975  -223.93342  4.99985   768
172.00  0.05361  0.05370  0.01840  0.81268  -222.96644  -224.78639  4.99985   768
173.00  0.05361  0.05370  0.01787  0.81268  -223.75990  -225.59053  4.99985   768
174.00  0.05361  0.05370  0.01754  0.81268  -224.31837  -226.17036  4.99985   768
175.00  0.05361  0.05370  0.01756  0.81268  -224.31074  -226.19935  4.99985   768
176.00  0.05362  0.05370  0.01795  0.81268  -223.75685  -225.69429  4.99985   768
177.00  0.05362  0.05370  0.01861  0.81268  -222.80928  -224.77266  4.99985   768
178.00  0.05361  0.05370  0.01920  0.81268  -221.82509  -223.76710  4.99985   768
179.00  0.05362  0.05370  0.01936  0.81268  -221.53822  -223.42683  4.99985   768
180.00  0.05362  0.05370  0.01920  0.81268  -221.73964  -223.60689  4.99985   768
181.00  0.05361  0.05370  0.01875  0.81268  -222.43849  -224.25844  4.99985   768
182.00  0.05361  0.05370  0.01821  0.81268  -223.28993  -225.12208  4.99985   768
183.00  0.05362  0.05370  0.01767  0.81268  -224.09712  -225.93385  4.99985   768
184.00  0.05361  0.05370  0.01756  0.81268  -224.27717  -226.13832  4.99985   768
185.00  0.05362  0.05370  0.01777  0.81268  -224.02083  -225.92012  4.99985   768
186.00  0.05361  0.05370  0.01834  0.81268  -223.14955  -225.05800  4.99985   768
187.00  0.05362  0.05370  0.01885  0.81268  -222.38051  -224.31032  4.99985   768
188.00  0.05362  0.05370  0.01929  0.81268  -221.66640  -223.57789  4.99985   768
189.00  0.05361  0.05370  0.01937  0.81268  -221.46956  -223.35054  4.99985   768
190.00  0.05362  0.05370  0.01911  0.81268  -221.96547  -223.79152  4.99985   768
191.00  0.05362  0.05370  0.01849  0.81268  -222.79249  -224.62007  4.99985   768
192.00  0.05362  0.05370  0.01795  0.81268  -223.65156  -225.49287  4.99985   768
193.00  0.05362  0.05370  0.01761  0.81268  -224.19935  -226.06660  4.99985   768
194.00  0.05361  0.05370  0.01758  0.81268  -224.32143  -226.20698  4.99985   768
195.00  0.05361  0.05370  0.01802  0.81268  -223.68208  -225.62868  4.99985   768
196.00  0.05361  0.05370  0.01871  0.81268  -222.57582  -224.53615  4.99985   768
197.00  0.05360  0.05370  0.01911  0.81268  -222.00514  -223.90596  4.99985   768
198.00  0.05360  0.05370  0.01931  0.81268  -221.66945  -223.53517  4.99985   768
199.00  0.05362  0.05370  0.01908  0.81268  -221.89833  -223.71980  4.99985   768
200.00  0.04895  0.03489  0.01880  0.81268  -222.38356  -224.26607  4.99985   768
201.00  0.03927  0.03489  0.01562  0.81268  -226.79640  -228.16469  4.99985   768
202.00  0.03854  0.03489  0.01171  0.81268  -232.94417  -234.48640  4.99985   768
203.00  0.03813  0.03489  0.01211  0.81268  -232.86787  -234.92891  4.99985   768
204.00  0.03781  0.03489  0.01059  0.81268  -234.80269  -236.47005  4.99985   768
205.00  0.03757  0.03489  0.00964  0.81268  -236.45674  -238.31026  4.99985   768
206.00  0.03739  0.03489  0.01178  0.81268  -233.28291  -235.31496  4.99985   768
207.00  0.03723  0.03489  0.01048  0.81268  -235.04225  -236.78438  4.99985   768
208.00  0.03710  0.03489  0.00997  0.81268  -236.04323  -237.96388  4.99985   768
209.00  0.03697  0.03489  0.01080  0.81268  -234.58296  -236.40901  4.99985   768
210.00  0.03687  0.03489  0.00859  0.81268  -237.89564  -239.63167  4.99985   768
211.00  0.03679  0.03489  0.00851  0.81268  -238.33510  -240.35188  4.99985   768
212.00  0.03671  0.03489  0.00858  0.81268  -237.91701  -239.65608  4.99985   768
213.00  0.03665  0.03489  0.00758  0.81268  -239.69618  -241.59090  4.99985   768
214.00  0.03660  0.03489  0.00929  0.81268  -237.22121  -239.30818  4.99985   768
215.00  0.03655  0.03489  0.00921  0.81268  -237.01979  -238.80922  4.99985   768
216.00  0.03651  0.03489  0.00957  0.81268  -236.68104  -238.66121  4.99985   768
217.00  0.03647  0.03489  0.01076  0.81268  -234.78438  -236.71114  4.99985   768
218.00  0.03644  0.03489  0.00921  0.81268  -236.95570  -238.65663  4.99985   768
219.00  0.03642  0.03489  0.00928  0.81268  -237.10219  -239.04420  4.99985   768
220.00  0.03640  0.03489  0.00906  0.81268  -237.23036  -239.01674  4.99985   768
221.00  0.03637  0.03489  0.00760  0.81268  -239.54512  -241.36201  4.99985   768
222.00  0.03635  0.03489  0.00842  0.81268  -238.40987  -240.37935  4.99985   768
223.00  0.03630  0.03489  0.00845  0.81268  -238.25117  -240.07570  4.99985   768
224.00  0.03631  0.03489  0.00885  0.81268  -237.78578  -239.79951  4.99985   768
225.00  0.03627  0.03489  0.01020  0.81268  -235.67396  -237.65260  4.99985   768
226.00  0.03627  0.03489  0.00982  0.81268  -236.14699  -237.97609  4.99985   768
227.00  0.03624  0.03489  0.01002  0.81268  -235.98372  -237.95473  4.99985   768
228.00  0.03624  0.03489  0.00987  0.81268  -235.98524  -237.80061  4.99985   768
229.00  0.03624  0.03489  0.00859  0.81268  -237.99177  -239.79036  4.99985   768
230.00  0.03621  0.03489  0.00854  0.81268  -238.18404  -240.10316  4.99985   768
231.00  0.03621  0.03489  0.00802  0.81268  -238.85084  -240.64943  4.99985   768
232.00  0.03621  0.03489  0.00797  0.81268  -239.12398  -241.06905  4.99985   768
233.00  0.03620  0.03489  0.00897  0.81268  -237.55843  -239.51112  4.99985   768
234.00  0.03617  0.03489  0.00924  0.81268  -237.04115  -238.93434  4.99985   768
235.00  0.03618  0.03489  0.00981  0.81268  -236.26753  -238.24007  4.99985   768
236.00  0.03617  0.03489  0.01019  0.81268  -235.58241  -237.42525  4.99985   768
237.00  0.03617  0.03489  0.00960  0.81268  -236.49031  -238.34230  4.99985   768
238.00  0.03616  0.03489  0.00942  0.81268  -236.76039  -238.62306  4.99985   768
239.00  0.03617  0.03489  0.00866  0.81268  -237.84376  -239.61641  4.99985   768
240.00  0.03617  0.03489  0.00799  0.81268  -238.98512  -240.84627  4.99985   768
241.00  0.03616  0.03489  0.00828  0.81268  -238.63264  -240.55177  4.99985   768
242.00  0.03616  0.03489  0.00842  0.81268  -238.35951  -240.26948  4.99985   768
243.00  0.03615  0.03489  0.00913  0.81268  -237.36311  -239.33870  4.99985   768
244.00  0.03613  0.03489  0.00991  0.81268  -236.09053  -238.03102  4.99985   768
245.00  0.03614  0.03489  0.00996  0.81268  -236.00050  -237.90437  4.99985   768
246.00  0.03612  0.03489  0.01015  0.81268  -235.75789  -237.66481  4.99985   768
247.00  0.03612  0.03489  0.00967  0.81268  -236.30568  -238.12562  4.99985   768
248.00  0.03613  0.03489  0.00890  0.81268  -237.52638  -239.35243  4.99985   768
249.00  0.03612  0.03489  0.00859  0.81268  -238.00551  -239.86055  4.99985   768
250.00  0.03613  0.03489  0.00810  0.81268  -238.80812  -240.62807  4.99985   768
251.00  0.03612  0.03489  0.00828  0.81268  -238.60823  -240.55025  4.99985   768
252.00  0.03612  0.03489  0.00900  0.81268  -237.46535  -239.39516  4.99985   768
253.00  0.03612  0.03489  0.00954  0.81268  -236.65663  -238.57576  4.99985   768
254.00  0.03611  0.03489  0.01016  0.81268  -235.76552  -237.69685  4.99985   768
255.00  0.03612  0.03489  0.01023  0.81268  -235.48170  -237.33675  4.99985   768
256.00  0.03611  0.03489  0.00986  0.81268  -236.08137  -237.93642  4.99985   768
257.00  0.03612  0.03489  0.00943  0.81268  -236.74361  -238.58797  4.99985   768
258.00  0.03610  0.03489  0.00862  0.81268  -237.95058  -239.75679  4.99985   768
259.00  0.03611  0.03489  0.00822  0.81268  -238.62501  -240.50447  4.99985   768
260.00  0.03610  0.03489  0.00816  0.81268  -238.78828  -240.68452  4.99985   768
261.00  0.03609  0.03489  0.00840  0.81268  -238.42207  -240.37172  4.99985   768
262.00  0.03610  0.03489  0.00919  0.81268  -237.25020  -239.21968  4.99985   768
263.00  0.03610  0.03489  0.00979  0.81268  -236.26906  -238.21413  4.99985   768
264.00  0.03610  0.03489  0.01010  0.81268  -235.83113  -237.76247  4.99985   768
265.00  0.03610  0.03489  0.01018  0.81268  -235.56258  -237.41914  4.99985   768
266.00  0.03610  0.03489  0.00959  0.81268  -236.49184  -238.29652  4.99985   768
267.00  0.03608  0.03489  0.00892  0.81268  -237.51570  -239.32802  4.99985   768
268.00  0.03609  0.03489  0.00841  0.81268  -238.27101  -240.10316  4.99985   768
269.00  0.03610  0.03489  0.00811  0.81268  -238.78523  -240.63570  4.99985   768
270.00  0.03608  0.03489  0.00835  0.81268  -238.51057  -240.43428  4.99985   768
271.00  0.03609  0.03489  0.00889  0.81268  -237.68355  -239.61946  4.99985   768
272.00  0.03609  0.03489  0.00954  0.81268  -236.67799  -238.62154  4.99985   768
273.00  0.03609  0.03489  0.01010  0.81268  -235.77315  -237.69838  4.99985   768
274.00  0.03608  0.03489  0.01015  0.81268  -235.66176  -237.54121  4.99985   768
275.00  0.03609  0.03489  0.00990  0.81268  -236.02187  -237.87385  4.99985   768
276.00  0.03609  0.03489  0.00943  0.81268  -236.76955  -238.61543  4.99985   768
277.00  0.03609  0.03489  0.00864  0.81268  -237.92616  -239.74458  4.99985   768
278.00  0.03607  0.03489  0.00825  0.81268  -238.61281  -240.47853  4.99985   768
279.00  0.03608  0.03489  0.00827  0.81268  -238.62044  -240.53957  4.99985   768
280.00  0.03608  0.03489  0.00859  0.81268  -238.14131  -240.08943  4.99985   768
281.00  0.03608  0.03489  0.00932  0.81268  -237.00758  -238.96638  4.99985   768
282.00  0.03607  0.03489  0.00986  0.81268  -236.16682  -238.09816  4.99985   768
283.00  0.03607  0.03489  0.01011  0.81268  -235.71059  -237.60377  4.99985   768
284.00  0.03608  0.03489  0.01001  0.81268  -235.86775  -237.71059  4.99985   768
285.00  0.03608  0.03489  0.00955  0.81268  -236.53761  -238.34840  4.99985   768
286.00  0.03608  0.03489  0.00899  0.81268  -237.43025  -239.26240  4.99985   768
287.00  0.03607  0.03489  0.00839  0.81268  -238.31679  -240.14131  4.99985   768
288.00  0.03606  0.03489  0.00815  0.81268  -238.72420  -240.58229  4.99985   768
289.00  0.03606  0.03489  0.00842  0.81268  -238.40834  -240.33815  4.99985   768
290.00  0.03606  0.03489  0.00893  0.81268  -237.63625  -239.55843  4.99985   768
291.00  0.03607  0.03489  0.00964  0.81268  -236.54677  -238.51167  4.99985   768
292.00  0.03606  0.03489  0.01015  0.81268  -235.71211  -237.63277  4.99985   768
293.00  0.03606  0.03489  0.01024  0.81268  -235.53664  -237.42982  4.99985   768
294.00  0.03606  0.03489  0.00989  0.81268  -236.04628  -237.90742  4.99985   768
295.00  0.03605  0.03489  0.00930  0.81268  -236.98317  -238.82295  4.99985   768
296.00  0.03606  0.03489  0.00866  0.81268  -237.88802  -239.72017  4.99985   768
297.00  0.03605  0.03489  0.00825  0.81268  -238.57313  -240.42207  4.99985   768
298.00  0.03605  0.03489  0.00821  0.81268  -238.67995  -240.59755  4.99985   768
299.00  0.03606  0.03489  0.00872  0.81268  -237.97194  -239.90785  4.99985   768
300.00  0.03606  0.03489  0.00949  0.81268  -236.80769  -238.75429  4.99985   768
301.00  0.03604  0.03489  0.01011  0.81268  -235.83876  -237.76094  4.99985   768
302.00  0.03606  0.03489  0.01041  0.81268  -235.28029  -237.16280  4.99985   768
303.00  0.03606  0.03489  0.01026  0.81268  -235.44966  -237.28334  4.99985   768
304.00  0.03604  0.03489  0.00978  0.81268  -236.22481  -238.03407  4.99985   768
305.00  0.03605  0.03489  0.00910  0.81268  -237.18916  -239.00606  4.99985   768
306.00  0.03605  0.03489  0.00846  0.81268  -238.26643  -240.12605  4.99985   768
307.00  0.03605  0.03489  0.00825  0.81268  -238.57161  -240.46785  4.99985   768
308.00  0.03605  0.03489  0.00844  0.81268  -238.32442  -240.26033  4.99985   768
309.00  0.03604  0.03489  0.00901  0.81268  -237.50044  -239.45619  4.99985   768
310.00  0.03604  0.03489  0.00975  0.81268  -236.35756  -238.33009  4.99985   768
311.00  0.03605  0.03489  0.01023  0.81268  -235.61751  -237.55952  4.99985   768
312.00  0.03605  0.03489  0.01026  0.81268  -235.51375  -237.39168  4.99985   768
313.00  0.03603  0.03489  0.00999  0.81268  -235.85707  -237.72432  4.99985   768
314.00  0.03605  0.03489  0.00938  0.81268  -236.83211  -238.64290  4.99985   768
315.00  0.03604  0.03489  0.00875  0.81268  -237.78426  -239.60573  4.99985   768
316.00  0.03605  0.03489  0.00833  0.81268  -238.44954  -240.29237  4.99985   768
317.00  0.03604  0.03489  0.00831  0.81268  -238.50600  -240.40529  4.99985   768
318.00  0.03604  0.03489  0.00874  0.81268  -237.90175  -239.83614  4.99985   768
319.00  0.03603  0.03489  0.00953  0.81268  -236.72987  -238.68410  4.99985   768
320.00  0.03605  0.03489  0.01010  0.81268  -235.75636  -237.64802  4.99985   768
321.00  0.03604  0.03489  0.01037  0.81268  -235.34895  -237.22841  4.99985   768
322.00  0.03605  0.03489  0.01035  0.81268  -235.38557  -237.26198  4.99985   768
323.00  0.03603  0.03489  0.00981  0.81268  -236.17445  -238.00813  4.99985   768
324.00  0.03606  0.03489  0.00915  0.81268  -237.16170  -238.99843  4.99985   768
325.00  0.03604  0.03489  0.00855  0.81268  -238.05434  -239.90785  4.99985   768
326.00  0.03604  0.03489  0.00829  0.81268  -238.51820  -240.40987  4.99985   768
327.00  0.03603  0.03489  0.00854  0.81268  -238.21303  -240.14589  4.99985   768
328.00  0.03603  0.03489  0.00920  0.81268  -237.22731  -239.18611  4.99985   768
329.00  0.03604  0.03489  0.00992  0.81268  -236.13631  -238.10579  4.99985   768
330.00  0.03604  0.03489  0.01033  0.81268  -235.42830  -237.33827  4.99985   768
331.00  0.03603  0.03489  0.01043  0.81268  -235.26656  -237.14143  4.99985   768
332.00  0.03604  0.03489  0.01008  0.81268  -235.71059  -237.55647  4.99985   768
333.00  0.03603  0.03489  0.00954  0.81268  -236.54372  -238.35146  4.99985   768
334.00  0.03604  0.03489  0.00892  0.81268  -237.55995  -239.36769  4.99985   768
335.00  0.03604  0.03489  0.00848  0.81268  -238.24507  -240.08943  4.99985   768
336.00  0.03604  0.03489  0.00842  0.81268  -238.32747  -240.19777  4.99985   768
337.00  0.03602  0.03489  0.00883  0.81268  -237.75374  -239.68660  4.99985   768
338.00  0.03603  0.03489  0.00960  0.81268  -236.58949  -238.54829  4.99985   768
339.00  0.03602  0.03489  0.01017  0.81268  -235.69228  -237.62208  4.99985   768
340.00  0.03603  0.03489  0.01036  0.81268  -235.40083  -237.31538  4.99985   768
341.00  0.03602  0.03489  0.01023  0.81268  -235.56868  -237.42219  4.99985   768
342.00  0.03601  0.03489  0.00976  0.81268  -236.18361  -238.02797  4.99985   768
343.00  0.03603  0.03489  0.00906  0.81268  -237.27766  -239.10219  4.99985   768
344.00  0.03602  0.03489  0.00861  0.81268  -238.02840  -239.89564  4.99985   768
345.00  0.03602  0.03489  0.00847  0.81268  -238.29085  -240.19014  4.99985   768
346.00  0.03602  0.03489  0.00858  0.81268  -238.15810  -240.07265  4.99985   768
347.00  0.03601  0.03489  0.00917  0.81268  -237.20442  -239.14796  4.99985   768
348.00  0.03602  0.03489  0.00985  0.81268  -236.22176  -238.18361  4.99985   768
349.00  0.03602  0.03489  0.01031  0.81268  -235.50154  -237.42677  4.99985   768
350.00  0.03602  0.03489  0.01043  0.81268  -235.27418  -237.13228  4.99985   768
351.00  0.03602  0.03489  0.01010  0.81268  -235.74263  -237.56258  4.99985   768
352.00  0.03602  0.03489  0.00955  0.81268  -236.50252  -238.33620  4.99985   768
353.00  0.03601  0.03489  0.00888  0.81268  -237.55080  -239.35854  4.99985   768
354.00  0.03602  0.03489  0.00856  0.81268  -238.09248  -239.94600  4.99985   768
355.00  0.03602  0.03489  0.00854  0.81268  -238.15199  -240.04976  4.99985   768
356.00  0.03603  0.03489  0.00901  0.81268  -237.52028  -239.45009  4.99985   768
357.00  0.03602  0.03489  0.00967  0.81268  -236.51015  -238.44453  4.99985   768
358.00  0.03601  0.03489  0.01022  0.81268  -235.67244  -237.62666  4.99985   768
359.00  0.03602  0.03489  0.01043  0.81268  -235.21010  -237.11092  4.99985   768
360.00  0.03602  0.03489  0.01031  0.81268  -235.40236  -237.26198  4.99985   768
361.00  0.03602  0.03489  0.00986  0.81268  -236.06917  -237.93031  4.99985   768
362.00  0.03601  0.03489  0.00922  0.81268  -237.08693  -238.92824  4.99985   768
363.00  0.03601  0.03489  0.00862  0.81268  -237.97957  -239.84224  4.99985   768
364.00  0.03601  0.03489  0.00832  0.81268  -238.45106  -240.29848  4.99985   768
365.00  0.03603  0.03489  0.00868  0.81268  -238.02687  -239.96736  4.99985   768
366.00  0.03601  0.03489  0.00922  0.81268  -237.17848  -239.11134  4.99985   768
367.00  0.03601  0.03489  0.00990  0.81268  -236.13173  -238.06917  4.99985   768
368.00  0.03601  0.03489  0.01027  0.81268  -235.49544  -237.39625  4.99985   768
369.00  0.03601  0.03489  0.01029  0.81268  -235.40388  -237.24824  4.99985   768
370.00  0.03600  0.03489  0.00994  0.81268  -235.99287  -237.83113  4.99985   768
371.00  0.03601  0.03489  0.00946  0.81268  -236.67647  -238.51625  4.99985   768
372.00  0.03600  0.03489  0.00883  0.81268  -237.61641  -239.43483  4.99985   768
373.00  0.03602  0.03489  0.00846  0.81268  -238.27559  -240.11690  4.99985   768
374.00  0.03601  0.03489  0.00850  0.81268  -238.27864  -240.18098  4.99985   768
375.00  0.03601  0.03489  0.00908  0.81268  -237.44246  -239.39821  4.99985   768
376.00  0.03600  0.03489  0.00966  0.81268  -236.54372  -238.49184  4.99985   768
377.00  0.03601  0.03489  0.01027  0.81268  -235.52748  -237.47407  4.99985   768
378.00  0.03599  0.03489  0.01057  0.81268  -235.07124  -236.98427  4.99985   768
379.00  0.03600  0.03489  0.01038  0.81268  -235.28944  -237.16432  4.99985   768
380.00  0.03602  0.03489  0.00994  0.81268  -235.96388  -237.80672  4.99985   768
381.00  0.03600  0.03489  0.00943  0.81268  -236.74513  -238.58949  4.99985   768
382.00  0.03600  0.03489  0.00879  0.81268  -237.75832  -239.60725  4.99985   768
383.00  0.03601  0.03489  0.00868  0.81268  -237.97957  -239.87428  4.99985   768
384.00  0.03600  0.03489  0.00893  0.81268  -237.58894  -239.49739  4.99985   768
385.00  0.03602  0.03489  0.00958  0.81268  -236.59254  -238.54982  4.99985   768
386.00  0.03599  0.03489  0.01022  0.81268  -235.55952  -237.47713  4.99985   768
387.00  0.03601  0.03489  0.01066  0.81268  -234.93391  -236.82405  4.99985   768
388.00  0.03600  0.03489  0.01066  0.81268  -234.89882  -236.78743  4.99985   768
389.00  0.03600  0.03489  0.01028  0.81268  -235.43593  -237.25282  4.99985   768
390.00  0.03599  0.03489  0.00974  0.81268  -236.27821  -238.12562  4.99985   768
391.00  0.03599  0.03489  0.00912  0.81268  -237.24257  -239.06709  4.99985   768
392.00  0.03600  0.03489  0.00873  0.81268  -237.84834  -239.72627  4.99985   768
393.00  0.03598  0.03489  0.00883  0.81268  -237.70949  -239.62099  4.99985   768
394.00  0.03599  0.03489  0.00924  0.81268  -237.14644  -239.08388  4.99985   768
395.00  0.03601  0.03489  0.00978  0.81268  -236.34383  -238.29195  4.99985   768
396.00  0.03599  0.03489  0.01038  0.81268  -235.36116  -237.31996  4.99985   768
397.00  0.03600  0.03489  0.01057  0.81268  -235.02089  -236.91713  4.99985   768
398.00  0.03599  0.03489  0.01033  0.81268  -235.41457  -237.26503  4.99985   768
399.00  0.03598  0.03489  0.00983  0.81268  -236.12868  -237.95015  4.99985   768
400.00  0.03599  0.03489  0.00921  0.81268  -237.07167  -238.87941  4.99985   768
401.00  0.03600  0.03489  0.00866  0.81268  -237.93379  -239.76594  4.99985   768
402.00  0.03600  0.03489  0.00850  0.81268  -238.25880  -240.12453  4.99985   768
403.00  0.03599  0.03489  0.00878  0.81268  -237.83461  -239.75069  4.99985   768
404.00  0.03599  0.03489  0.00939  0.81268  -236.86568  -238.80922  4.99985   768
405.00  0.03598  0.03489  0.01006  0.81268  -235.87996  -237.81282  4.99985   768
406.00  0.03598  0.03489  0.01047  0.81268  -235.22383  -237.11854  4.99985   768
407.00  0.03599  0.03489  0.01049  0.81268  -235.17042  -237.03615  4.99985   768
408.00  0.03599  0.03489  0.01023  0.81268  -235.52443  -237.39473  4.99985   768
409.00  0.03599  0.03489  0.00964  0.81268  -236.41402  -238.22938  4.99985   768
410.00  0.03598  0.03489  0.00907  0.81268  -237.30971  -239.14796  4.99985   768
411.00  0.03598  0.03489  0.00872  0.81268  -237.87733  -239.77205  4.99985   768
412.00  0.03598  0.03489  0.00877  0.81268  -237.86208  -239.75984  4.99985   768
413.00  0.03599  0.03489  0.00933  0.81268  -237.08083  -239.04115  4.99985   768
414.00  0.03598  0.03489  0.01003  0.81268  -235.90132  -237.85249  4.99985   768
415.00  0.03598  0.03489  0.01054  0.81268  -235.20094  -237.10634  4.99985   768
416.00  0.03598  0.03489  0.01080  0.81268  -234.65315  -236.54481  4.99985   768
417.00  0.03598  0.03489  0.01061  0.81268  -234.98732  -236.83931  4.99985   768
418.00  0.03599  0.03489  0.01006  0.81268  -235.73805  -237.55342  4.99985   768
419.00  0.03598  0.03489  0.00948  0.81268  -236.64748  -238.46284  4.99985   768
420.00  0.03598  0.03489  0.00895  0.81268  -237.48366  -239.31886  4.99985   768
421.00  0.03598  0.03489  0.00882  0.81268  -237.69118  -239.57368  4.99985   768
422.00  0.03598  0.03489  0.00903  0.81268  -237.37532  -239.28987  4.99985   768
423.00  0.03598  0.03489  0.00964  0.81268  -236.54677  -238.47963  4.99985   768
424.00  0.03597  0.03489  0.01030  0.81268  -235.51833  -237.46492  4.99985   768
425.00  0.03598  0.03489  0.01064  0.81268  -234.98274  -236.90492  4.99985   768
426.00  0.03598  0.03489  0.01064  0.81268  -234.88356  -236.75844  4.99985   768
427.00  0.03598  0.03489  0.01021  0.81268  -235.54732  -237.38405  4.99985   768
428.00  0.03597  0.03489  0.00960  0.81268  -236.47353  -238.32094  4.99985   768
429.00  0.03598  0.03489  0.00906  0.81268  -237.34175  -239.18764  4.99985   768
430.00  0.03598  0.03489  0.00862  0.81268  -238.05434  -239.91548  4.99985   768
431.00  0.03597  0.03489  0.00866  0.81268  -238.02534  -239.95210  4.99985   768
432.00  0.03597  0.03489  0.00911  0.81268  -237.32497  -239.26088  4.99985   768
433.00  0.03598  0.03489  0.00975  0.81268  -236.38045  -238.30873  4.99985   768
434.00  0.03597  0.03489  0.01026  0.81268  -235.56715  -237.49391  4.99985   768
435.00  0.03596  0.03489  0.01057  0.81268  -235.08040  -236.95833  4.99985   768
436.00  0.03597  0.03489  0.01029  0.81268  -235.40236  -237.23756  4.99985   768
437.00  0.03598  0.03489  0.00979  0.81268  -236.16988  -238.00355  4.99985   768
438.00  0.03598  0.03489  0.00929  0.81268  -236.94655  -238.76955  4.99985   768
439.00  0.03597  0.03489  0.00885  0.81268  -237.63930  -239.48366  4.99985   768
440.00  0.03598  0.03489  0.00879  0.81268  -237.76594  -239.64845  4.99985   768
441.00  0.03596  0.03489  0.00905  0.81268  -237.41804  -239.33870  4.99985   768
442.00  0.03598  0.03489  0.00966  0.81268  -236.49489  -238.46437  4.99985   768
443.00  0.03598  0.03489  0.01023  0.81268  -235.59920  -237.54579  4.99985   768
444.00  0.03596  0.03489  0.01065  0.81268  -234.97206  -236.90340  4.99985   768
445.00  0.03597  0.03489  0.01069  0.81268  -234.86067  -236.74165  4.99985   768
446.00  0.03597  0.03489  0.01034  0.81268  -235.37184  -237.22078  4.99985   768
447.00  0.03597  0.03489  0.00974  0.81268  -236.29195  -238.12868  4.99985   768
448.00  0.03597  0.03489  0.00917  0.81268  -237.09456  -238.92671  4.99985   768
449.00  0.03596  0.03489  0.00892  0.81268  -237.56758  -239.43788  4.99985   768
450.00  0.03597  0.03489  0.00899  0.81268  -237.47908  -239.38142  4.99985   768
451.00  0.03596  0.03489  0.00952  0.81268  -236.72377  -238.64290  4.99985   768
452.00  0.03597  0.03489  0.01007  0.81268  -235.82045  -237.75026  4.99985   768
453.00  0.03597  0.03489  0.01047  0.81268  -235.24062  -237.13533  4.99985   768
454.00  0.03598  0.03489  0.01069  0.81268  -234.83015  -236.72334  4.99985   768
455.00  0.03597  0.03489  0.01039  0.81268  -235.28487  -237.14601  4.99985   768
456.00  0.03596  0.03489  0.01007  0.81268  -235.70448  -237.52443  4.99985   768
457.00  0.03596  0.03489  0.00947  0.81268  -236.68562  -238.52388  4.99985   768
458.00  0.03597  0.03489  0.00896  0.81268  -237.47755  -239.33107  4.99985   768
459.00  0.03597  0.03489  0.00885  0.81268  -237.68965  -239.59962  4.99985   768
460.00  0.03596  0.03489  0.00927  0.81268  -237.12660  -239.07472  4.99985   768
461.00  0.03597  0.03489  0.00986  0.81268  -236.20497  -238.16835  4.99985   768
462.00  0.03596  0.03489  0.01056  0.81268  -235.13380  -237.09718  4.99985   768
463.00  0.03596  0.03489  0.01088  0.81268  -234.58601  -236.48225  4.99985   768
464.00  0.03596  0.03489  0.01071  0.81268  -234.84846  -236.70961  4.99985   768
465.00  0.03597  0.03489  0.01035  0.81268  -235.29707  -237.14143  4.99985   768
466.00  0.03597  0.03489  0.00979  0.81268  -236.12257  -237.91200  4.99985   768
467.00  0.03597  0.03489  0.00921  0.81268  -237.10982  -238.93739  4.99985   768
468.00  0.03596  0.03489  0.00889  0.81268  -237.62251  -239.47603  4.99985   768
469.00  0.03596  0.03489  0.00913  0.81268  -237.29597  -239.20900  4.99985   768
470.00  0.03596  0.03489  0.00955  0.81268  -236.64748  -238.58797  4.99985   768
471.00  0.03597  0.03489  0.01030  0.81268  -235.53664  -237.48323  4.99985   768
472.00  0.03596  0.03489  0.01089  0.81268  -234.60127  -236.53261  4.99985   768
473.00  0.03596  0.03489  0.01091  0.81268  -234.46852  -236.32356  4.99985   768
474.00  0.03596  0.03489  0.01066  0.81268  -234.86830  -236.71114  4.99985   768
475.00  0.03597  0.03489  0.01006  0.81268  -235.78383  -237.63277  4.99985   768
476.00  0.03595  0.03489  0.00936  0.81268  -236.85652  -238.66884  4.99985   768
477.00  0.03596  0.03489  0.00891  0.81268  -237.52791  -239.39668  4.99985   768
478.00  0.03596  0.03489  0.00891  0.81268  -237.61793  -239.53554  4.99985   768
479.00  0.03596  0.03489  0.00927  0.81268  -237.10066  -239.02132  4.99985   768
480.00  0.03596  0.03489  0.00976  0.81268  -236.33620  -238.27821  4.99985   768
481.00  0.03597  0.03489  0.01041  0.81268  -235.36726  -237.28944  4.99985   768
482.00  0.03596  0.03489  0.01077  0.81268  -234.74776  -236.64400  4.99985   768
483.00  0.03597  0.03489  0.01072  0.81268  -234.82252  -236.69435  4.99985   768
484.00  0.03596  0.03489  0.01034  0.81268  -235.27876  -237.08803  4.99985   768
485.00  0.03596  0.03489  0.00971  0.81268  -236.33162  -238.13478  4.99985   768
486.00  0.03597  0.03489  0.00915  0.81268  -237.14949  -238.98469  4.99985   768
487.00  0.03596  0.03489  0.00895  0.81268  -237.54011  -239.42720  4.99985   768
488.00  0.03596  0.03489  0.00908  0.81268  -237.36616  -239.27309  4.99985   768
489.00  0.03596  0.03489  0.00973  0.81268  -236.37740  -238.34077  4.99985   768
490.00  0.03595  0.03489  0.01043  0.81268  -235.28487  -237.23451  4.99985   768
491.00  0.03596  0.03489  0.01096  0.81268  -234.45631  -236.36781  4.99985   768
492.00  0.03596  0.03489  0.01111  0.81268  -234.22285  -236.11299  4.99985   768
493.00  0.03596  0.03489  0.01082  0.81268  -234.62416  -236.47157  4.99985   768
494.00  0.03597  0.03489  0.01033  0.81268  -235.39931  -237.24977  4.99985   768
495.00  0.03596  0.03489  0.00959  0.81268  -236.43385  -238.26295  4.99985   768
496.00  0.03597  0.03489  0.00914  0.81268  -237.23494  -239.08998  4.99985   768
497.00  0.03596  0.03489  0.00903  0.81268  -237.41042  -239.30055  4.99985   768
498.00  0.03596  0.03489  0.00944  0.81268  -236.85194  -238.80006  4.99985   768
499.00  0.03595  0.03489  0.01015  0.81268  -235.73347  -237.69533  4.99985   768
500.00  0.03595  0.03489  0.01074  0.81268  -234.77827  -236.70045  4.99985   768
501.00  0.03595  0.03489  0.01107  0.81268  -234.29152  -236.16029  4.99985   768
502.00  0.03596  0.03489  0.01089  0.81268  -234.49904  -236.34492  4.99985   768
503.00  0.03595  0.03489  0.01032  0.81268  -235.35506  -237.17042  4.99985   768
504.00  0.03597  0.03489  0.00966  0.81268  -236.36061  -238.18666  4.99985   768
505.00  0.03595  0.03489  0.00912  0.81268  -237.23646  -239.05794  4.99985   768
506.00  0.03595  0.03489  0.00883  0.81268  -237.68660  -239.55690  4.99985   768
507.00  0.03595  0.03489  0.00899  0.81268  -237.48061  -239.38448  4.99985   768
508.00  0.03595  0.03489  0.00954  0.81268  -236.75124  -238.71461  4.99985   768
509.00  0.03596  0.03489  0.01023  0.81268  -235.66939  -237.61598  4.99985   768
510.00  0.03595  0.03489  0.01076  0.81268  -234.82100  -236.76302  4.99985   768
511.00  0.03595  0.03489  0.01093  0.81268  -234.52956  -236.42885  4.99985   768
512.00  0.03594  0.03489  0.01059  0.81268  -234.95528  -236.82252  4.99985   768
513.00  0.03595  0.03489  0.01013  0.81268  -235.62056  -237.45729  4.99985   768
514.00  0.03595  0.03489  0.00940  0.81268  -236.76344  -238.59407  4.99985   768
515.00  0.03595  0.03489  0.00886  0.81268  -237.60115  -239.42720  4.99985   768
516.00  0.03595  0.03489  0.00887  0.81268  -237.71254  -239.60115  4.99985   768
517.00  0.03596  0.03489  0.00920  0.81268  -237.23952  -239.17390  4.99985   768
518.00  0.03596  0.03489  0.00993  0.81268  -236.06764  -238.00661  4.99985   768
519.00  0.03595  0.03489  0.01067  0.81268  -234.94459  -236.86830  4.99985   768
520.00  0.03595  0.03489  0.01105  0.81268  -234.34187  -236.24116  4.99985   768
521.00  0.03595  0.03489  0.01101  0.81268  -234.37697  -236.23354  4.99985   768
522.00  0.03595  0.03489  0.01069  0.81268  -234.79201  -236.62263  4.99985   768
523.00  0.03595  0.03489  0.01003  0.81268  -235.75178  -237.58089  4.99985   768
524.00  0.03595  0.03489  0.00944  0.81268  -236.70088  -238.54219  4.99985   768
525.00  0.03594  0.03489  0.00909  0.81268  -237.32497  -239.20747  4.99985   768
526.00  0.03595  0.03489  0.00920  0.81268  -237.18001  -239.09303  4.99985   768
527.00  0.03595  0.03489  0.00978  0.81268  -236.33162  -238.27669  4.99985   768
528.00  0.03595  0.03489  0.01050  0.81268  -235.21925  -237.17348  4.99985   768
529.00  0.03595  0.03489  0.01102  0.81268  -234.42274  -236.35255  4.99985   768
530.00  0.03595  0.03489  0.01119  0.81268  -234.05653  -235.93599  4.99985   768
531.00  0.03594  0.03489  0.01087  0.81268  -234.53871  -236.39528  4.99985   768
532.00  0.03595  0.03489  0.01029  0.81268  -235.40541  -237.22536  4.99985   768
533.00  0.03594  0.03489  0.00958  0.81268  -236.56355  -238.37129  4.99985   768
534.00  0.03593  0.03489  0.00912  0.81268  -237.23341  -239.08235  4.99985   768
535.00  0.03595  0.03489  0.00904  0.81268  -237.36159  -239.24715  4.99985   768
536.00  0.03595  0.03489  0.00944  0.81268  -236.81837  -238.72682  4.99985   768
537.00  0.03594  0.03489  0.01000  0.81268  -235.97609  -237.91505  4.99985   768
538.00  0.03595  0.03489  0.01062  0.81268  -235.04683  -236.96138  4.99985   768
539.00  0.03596  0.03489  0.01092  0.81268  -234.52040  -236.42580  4.99985   768
540.00  0.03593  0.03489  0.01089  0.81268  -234.46699  -236.34035  4.99985   768
541.00  0.03594  0.03489  0.01053  0.81268  -235.05751  -236.89119  4.99985   768
542.00  0.03594  0.03489  0.00993  0.81268  -235.98067  -237.80824  4.99985   768
543.00  0.03593  0.03489  0.00915  0.81268  -237.14491  -238.96944  4.99985   768
544.00  0.03594  0.03489  0.00895  0.81268  -237.55232  -239.45161  4.99985   768
545.00  0.03594  0.03489  0.00912  0.81268  -237.34785  -239.28224  4.99985   768
546.00  0.03594  0.03489  0.00967  0.81268  -236.48726  -238.45216  4.99985   768
547.00  0.03595  0.03489  0.01038  0.81268  -235.39320  -237.34132  4.99985   768
548.00  0.03595  0.03489  0.01094  0.81268  -234.53413  -236.48073  4.99985   768
549.00  0.03594  0.03489  0.01102  0.81268  -234.31441  -236.18471  4.99985   768
550.00  0.03594  0.03489  0.01077  0.81268  -234.70656  -236.54481  4.99985   768
551.00  0.03593  0.03489  0.01034  0.81268  -235.32149  -237.14601  4.99985   768
552.00  0.03593  0.03489  0.00964  0.81268  -236.39723  -238.20650  4.99985   768
553.00  0.03594  0.03489  0.00917  0.81268  -237.12508  -238.94807  4.99985   768
554.00  0.03594  0.03489  0.00916  0.81268  -237.24715  -239.12965  4.99985   768
555.00  0.03593  0.03489  0.00955  0.81268  -236.68715  -238.60170  4.99985   768
556.00  0.03595  0.03489  0.01019  0.81268  -235.73958  -237.71211  4.99985   768
557.00  0.03595  0.03489  0.01084  0.81268  -234.64857  -236.59059  4.99985   768
558.00  0.03594  0.03489  0.01109  0.81268  -234.25032  -236.14351  4.99985   768
559.00  0.03595  0.03489  0.01099  0.81268  -234.38002  -236.25795  4.99985   768
560.00  0.03594  0.03489  0.01063  0.81268  -234.91103  -236.75844  4.99985   768
561.00  0.03595  0.03489  0.00999  0.81268  -235.88148  -237.71669  4.99985   768
562.00  0.03594  0.03489  0.00942  0.81268  -236.74208  -238.58339  4.99985   768
563.00  0.03594  0.03489  0.00916  0.81268  -237.19527  -239.07625  4.99985   768
564.00  0.03594  0.03489  0.00935  0.81268  -236.95723  -238.87178  4.99985   768
565.00  0.03594  0.03489  0.00980  0.81268  -236.27211  -238.22938  4.99985   768
566.00  0.03594  0.03489  0.01042  0.81268  -235.31691  -237.25435  4.99985   768
567.00  0.03593  0.03489  0.01089  0.81268  -234.59212  -236.50972  4.99985   768
568.00  0.03593  0.03489  0.01102  0.81268  -234.32204  -236.19386  4.99985   768
569.00  0.03595  0.03489  0.01078  0.81268  -234.67757  -236.51125  4.99985   768
570.00  0.03595  0.03489  0.01020  0.81268  -235.56105  -237.36269  4.99985   768
571.00  0.03594  0.03489  0.00960  0.81268  -236.45369  -238.28584  4.99985   768
572.00  0.03593  0.03489  0.00930  0.81268  -236.94502  -238.79091  4.99985   768
573.00  0.03593  0.03489  0.00927  0.81268  -237.06099  -238.97401  4.99985   768
574.00  0.03595  0.03489  0.00956  0.81268  -236.66579  -238.60017  4.99985   768
575.00  0.03594  0.03489  0.01017  0.81268  -235.67091  -237.62056  4.99985   768
576.00  0.03592  0.03489  0.01074  0.81268  -234.81489  -236.76759  4.99985   768
577.00  0.03593  0.03489  0.01096  0.81268  -234.45021  -236.36171  4.99985   768
578.00  0.03593  0.03489  0.01092  0.81268  -234.48378  -236.37544  4.99985   768
579.00  0.03593  0.03489  0.01050  0.81268  -235.11549  -236.95985  4.99985   768
580.00  0.03594  0.03489  0.00986  0.81268  -236.10884  -237.94099  4.99985   768
581.00  0.03593  0.03489  0.00935  0.81268  -236.85347  -238.69630  4.99985   768
582.00  0.03594  0.03489  0.00911  0.81268  -237.26851  -239.13118  4.99985   768
583.00  0.03594  0.03489  0.00930  0.81268  -237.03810  -238.94655  4.99985   768
584.00  0.03593  0.03489  0.00990  0.81268  -236.15004  -238.09969  4.99985   768
585.00  0.03593  0.03489  0.01058  0.81268  -235.04225  -236.97053  4.99985   768
586.00  0.03592  0.03489  0.01100  0.81268  -234.44105  -236.34340  4.99985   768
587.00  0.03593  0.03489  0.01102  0.81268  -234.29152  -236.14656  4.99985   768
588.00  0.03593  0.03489  0.01080  0.81268  -234.63484  -236.47615  4.99985   768
589.00  0.03595  0.03489  0.01024  0.81268  -235.51375  -237.33980  4.99985   768
590.00  0.03595  0.03489  0.00973  0.81268  -236.27364  -238.10731  4.99985   768
591.00  0.03594  0.03489  0.00930  0.81268  -236.99690  -238.86873  4.99985   768
592.00  0.03593  0.03489  0.00928  0.81268  -237.07625  -238.98775  4.99985   768
593.00  0.03593  0.03489  0.00970  0.81268  -236.40639  -238.34840  4.99985   768
594.00  0.03593  0.03489  0.01034  0.81268  -235.49239  -237.45729  4.99985   768
595.00  0.03593  0.03489  0.01091  0.81268  -234.58754  -236.51887  4.99985   768
596.00  0.03593  0.03489  0.01123  0.81268  -234.00923  -235.91310  4.99985   768
597.00  0.03594  0.03489  0.01105  0.81268  -234.27473  -236.13588  4.99985   768
598.00  0.03594  0.03489  0.01059  0.81268  -234.96748  -236.81184  4.99985   768
599.00  0.03593  0.03489  0.00999  0.81268  -235.86928  -237.70296  4.99985   768
600.00  0.03593  0.03489  0.00941  0.81268  -236.74361  -238.56508  4.99985   768
601.00  0.03593  0.03489  0.00917  0.81268  -237.15559  -239.02589  4.99985   768
602.00  0.03593  0.03489  0.00950  0.81268  -236.74055  -238.66273  4.99985   768
603.00  0.03593  0.03489  0.01009  0.81268  -235.85554  -237.79604  4.99985   768
604.00  0.03593  0.03489  0.01073  0.81268  -234.83473  -236.77217  4.99985   768
605.00  0.03595  0.03489  0.01115  0.81268  -234.18166  -236.08705  4.99985   768
606.00  0.03593  0.03489  0.01118  0.81268  -234.08858  -235.96345  4.99985   768
607.00  0.03593  0.03489  0.01077  0.81268  -234.64552  -236.48683  4.99985   768
608.00  0.03593  0.03489  0.01018  0.81268  -235.59920  -237.41762  4.99985   768
609.00  0.03594  0.03489  0.00952  0.81268  -236.56966  -238.40333  4.99985   768
610.00  0.03592  0.03489  0.00916  0.81268  -237.21663  -239.09456  4.99985   768
611.00  0.03594  0.03489  0.00923  0.81268  -237.14491  -239.05183  4.99985   768
612.00  0.03593  0.03489  0.00962  0.81268  -236.55440  -238.49336  4.99985   768
613.00  0.03592  0.03489  0.01023  0.81268  -235.59309  -237.54427  4.99985   768
614.00  0.03593  0.03489  0.01094  0.81268  -234.59517  -236.53566  4.99985   768
615.00  0.03593  0.03489  0.01121  0.81268  -234.04585  -235.95125  4.99985   768
616.00  0.03594  0.03489  0.01094  0.81268  -234.47157  -236.31441  4.99985   768
617.00  0.03592  0.03489  0.01052  0.81268  -235.08498  -236.90492  4.99985   768
618.00  0.03593  0.03489  0.00990  0.81268  -235.95320  -237.75789  4.99985   768
619.00  0.03591  0.03489  0.00934  0.81268  -236.90077  -238.74666  4.99985   768
620.00  0.03593  0.03489  0.00921  0.81268  -237.14949  -239.03352  4.99985   768
621.00  0.03594  0.03489  0.00947  0.81268  -236.71767  -238.62611  4.99985   768
622.00  0.03592  0.03489  0.01010  0.81268  -235.82350  -237.78688  4.99985   768
623.00  0.03593  0.03489  0.01076  0.81268  -234.85152  -236.80269  4.99985   768
624.00  0.03593  0.03489  0.01125  0.81268  -234.01686  -235.92531  4.99985   768
625.00  0.03593  0.03489  0.01128  0.81268  -233.92226  -235.80629  4.99985   768
626.00  0.03592  0.03489  0.01095  0.81268  -234.45021  -236.31441  4.99985   768
627.00  0.03593  0.03489  0.01040  0.81268  -235.22993  -237.05293  4.99985   768
628.00  0.03592  0.03489  0.00967  0.81268  -236.34688  -238.17903  4.99985   768
629.00  0.03593  0.03489  0.00935  0.81268  -236.93892  -238.80617  4.99985   768
630.00  0.03592  0.03489  0.00945  0.81268  -236.80769  -238.71919  4.99985   768
631.00  0.03593  0.03489  0.00991  0.81268  -236.11647  -238.03865  4.99985   768
632.00  0.03592  0.03489  0.01054  0.81268  -235.19026  -237.14601  4.99985   768
633.00  0.03591  0.03489  0.01109  0.81268  -234.21980  -236.13740  4.99985   768
634.00  0.03593  0.03489  0.01130  0.81268  -233.91310  -235.80324  4.99985   768
635.00  0.03593  0.03489  0.01109  0.81268  -234.19691  -236.03822  4.99985   768
636.00  0.03593  0.03489  0.01066  0.81268  -234.83931  -236.66688  4.99985   768
637.00  0.03593  0.03489  0.01005  0.81268  -235.74873  -237.54274  4.99985   768
638.00  0.03592  0.03489  0.00950  0.81268  -236.62001  -238.46895  4.99985   768
639.00  0.03592  0.03489  0.00946  0.81268  -236.76649  -238.65053  4.99985   768
640.00  0.03593  0.03489  0.00952  0.81268  -236.64900  -238.54372  4.99985   768
641.00  0.03593  0.03489  0.01022  0.81268  -235.69380  -237.66328  4.99985   768
642.00  0.03592  0.03489  0.01084  0.81268  -234.67604  -236.62416  4.99985   768
643.00  0.03593  0.03489  0.01120  0.81268  -234.10841  -236.00770  4.99985   768
644.00  0.03591  0.03489  0.01125  0.81268  -233.99397  -235.90852  4.99985   768
645.00  0.03593  0.03489  0.01089  0.81268  -234.47005  -236.30220  4.99985   768
646.00  0.03593  0.03489  0.01023  0.81268  -235.50154  -237.33980  4.99985   768
647.00  0.03594  0.03489  0.00959  0.81268  -236.48726  -238.30873  4.99985   768
648.00  0.03593  0.03489  0.00927  0.81268  -237.07014  -238.92366  4.99985   768
649.00  0.03593  0.03489  0.00932  0.81268  -237.04420  -238.94960  4.99985   768
650.00  0.03592  0.03489  0.00984  0.81268  -236.22328  -238.16072  4.99985   768
651.00  0.03592  0.03489  0.01051  0.81268  -235.19942  -237.13228  4.99985   768
652.00  0.03592  0.03489  0.01107  0.81268  -234.31288  -236.24727  4.99985   768
653.00  0.03591  0.03489  0.01127  0.81268  -233.99092  -235.86427  4.99985   768
654.00  0.03593  0.03489  0.01117  0.81268  -234.13740  -235.99245  4.99985   768
655.00  0.03592  0.03489  0.01067  0.81268  -234.87135  -236.70045  4.99985   768
656.00  0.03592  0.03489  0.01003  0.81268  -235.78383  -237.60683  4.99985   768
657.00  0.03592  0.03489  0.00958  0.81268  -236.53456  -238.38960  4.99985   768
658.00  0.03591  0.03489  0.00942  0.81268  -236.79701  -238.68257  4.99985   768
659.00  0.03592  0.03489  0.00969  0.81268  -236.47505  -238.41859  4.99985   768
660.00  0.03591  0.03489  0.01027  0.81268  -235.53969  -237.49086  4.99985   768
661.00  0.03591  0.03489  0.01083  0.81268  -234.67604  -236.62263  4.99985   768
662.00  0.03592  0.03489  0.01128  0.81268  -234.00008  -235.92378  4.99985   768
663.00  0.03592  0.03489  0.01130  0.81268  -233.89784  -235.79866  4.99985   768
664.00  0.03592  0.03489  0.01100  0.81268  -234.37239  -236.21522  4.99985   768
665.00  0.03592  0.03489  0.01043  0.81268  -235.20552  -237.03767  4.99985   768
666.00  0.03591  0.03489  0.00983  0.81268  -236.09969  -237.89827  4.99985   768
667.00  0.03591  0.03489  0.00942  0.81268  -236.77412  -238.62764  4.99985   768
668.00  0.03592  0.03489  0.00948  0.81268  -236.74055  -238.65968  4.99985   768
669.00  0.03592  0.03489  0.01002  0.81268  -235.96999  -237.89217  4.99985   768
670.00  0.03592  0.03489  0.01057  0.81268  -235.01631  -236.94307  4.99985   768
671.00  0.03592  0.03489  0.01115  0.81268  -234.16334  -236.07027  4.99985   768
672.00  0.03591  0.03489  0.01133  0.81268  -233.86427  -235.75593  4.99985   768
673.00  0.03590  0.03489  0.01105  0.81268  -234.27321  -236.10536  4.99985   768
674.00  0.03592  0.03489  0.01054  0.81268  -235.03462  -236.87440  4.99985   768
675.00  0.03592  0.03489  0.01000  0.81268  -235.86470  -237.71516  4.99985   768
676.00  0.03591  0.03489  0.00952  0.81268  -236.65968  -238.50099  4.99985   768
677.00  0.03592  0.03489  0.00933  0.81268  -236.97554  -238.87941  4.99985   768
678.00  0.03593  0.03489  0.00964  0.81268  -236.51167  -238.44911  4.99985   768
679.00  0.03591  0.03489  0.01032  0.81268  -235.46645  -237.42982  4.99985   768
680.00  0.03593  0.03489  0.01092  0.81268  -234.56007  -236.50209  4.99985   768
681.00  0.03592  0.03489  0.01121  0.81268  -234.02449  -235.90852  4.99985   768
682.00  0.03591  0.03489  0.01120  0.81268  -234.08705  -235.95430  4.99985   768
683.00  0.03591  0.03489  0.01088  0.81268  -234.50209  -236.33577  4.99985   768
684.00  0.03591  0.03489  0.01024  0.81268  -235.48476  -237.29707  4.99985   768
685.00  0.03591  0.03489  0.00974  0.81268  -236.21107  -238.02797  4.99985   768
686.00  0.03591  0.03489  0.00944  0.81268  -236.76192  -238.62154  4.99985   768
687.00  0.03592  0.03489  0.00958  0.81268  -236.61391  -238.51167  4.99985   768
688.00  0.03592  0.03489  0.01006  0.81268  -235.86165  -237.78841  4.99985   768
689.00  0.03593  0.03489  0.01076  0.81268  -234.81795  -236.79658  4.99985   768
690.00  0.03592  0.03489  0.01129  0.81268  -234.00008  -235.92073  4.99985   768
691.00  0.03591  0.03489  0.01142  0.81268  -233.76814  -235.65828  4.99985   768
692.00  0.03592  0.03489  0.01118  0.81268  -234.02144  -235.87648  4.99985   768
693.00  0.03590  0.03489  0.01066  0.81268  -234.80574  -236.61806  4.99985   768
694.00  0.03591  0.03489  0.01002  0.81268  -235.83113  -237.67396  4.99985   768
695.00  0.03592  0.03489  0.00960  0.81268  -236.49947  -238.36671  4.99985   768
696.00  0.03590  0.03489  0.00948  0.81268  -236.72987  -238.62917  4.99985   768
697.00  0.03592  0.03489  0.00989  0.81268  -236.13783  -238.07985  4.99985   768
698.00  0.03592  0.03489  0.01048  0.81268  -235.20247  -237.15211  4.99985   768
699.00  0.03590  0.03489  0.01108  0.81268  -234.33882  -236.27016  4.99985   768
700.00  0.03591  0.03489  0.01137  0.81268  -233.85664  -235.74220  4.99985   768
701.00  0.03591  0.03489  0.01136  0.81268  -233.81392  -235.67201  4.99985   768
702.00  0.03591  0.03489  0.01093  0.81268  -234.39070  -236.20607  4.99985   768
703.00  0.03591  0.03489  0.01022  0.81268  -235.47102  -237.27418  4.99985   768
704.00  0.03590  0.03489  0.00970  0.81268  -236.34230  -238.18208  4.99985   768
705.00  0.03591  0.03489  0.00946  0.81268  -236.74818  -238.62306  4.99985   768
706.00  0.03591  0.03489  0.00972  0.81268  -236.39113  -238.29958  4.99985   768
707.00  0.03591  0.03489  0.01021  0.81268  -235.67702  -237.63124  4.99985   768
708.00  0.03592  0.03489  0.01083  0.81268  -234.63789  -236.57228  4.99985   768
709.00  0.03591  0.03489  0.01123  0.81268  -234.07942  -235.99092  4.99985   768
710.00  0.03590  0.03489  0.01143  0.81268  -233.73457  -235.64760  4.99985   768
711.00  0.03592  0.03489  0.01122  0.81268  -234.01228  -235.86275  4.99985   768
712.00  0.03591  0.03489  0.01060  0.81268  -235.00410  -236.84389  4.99985   768
713.00  0.03592  0.03489  0.00984  0.81268  -236.10121  -237.92879  4.99985   768
714.00  0.03591  0.03489  0.00942  0.81268  -236.83516  -238.71004  4.99985   768
715.00  0.03591  0.03489  0.00939  0.81268  -236.85805  -238.75276  4.99985   768
716.00  0.03591  0.03489  0.00987  0.81268  -236.12868  -238.04628  4.99985   768
717.00  0.03590  0.03489  0.01055  0.81268  -235.08498  -237.01631  4.99985   768
718.00  0.03592  0.03489  0.01111  0.81268  -234.22438  -236.14351  4.99985   768
719.00  0.03592  0.03489  0.01144  0.81268  -233.68574  -235.55757  4.99985   768
720.00  0.03591  0.03489  0.01145  0.81268  -233.65370  -235.51637  4.99985   768
721.00  0.03590  0.03489  0.01103  0.81268  -234.25185  -236.07332  4.99985   768
722.00  0.03592  0.03489  0.01038  0.81268  -235.25893  -237.06361  4.99985   768
723.00  0.03591  0.03489  0.00973  0.81268  -236.25075  -238.05543  4.99985   768
724.00  0.03592  0.03489  0.00939  0.81268  -236.86262  -238.72835  4.99985   768
725.00  0.03591  0.03489  0.00964  0.81268  -236.54219  -238.46437  4.99985   768
726.00  0.03592  0.03489  0.01024  0.81268  -235.60072  -237.55495  4.99985   768
727.00  0.03590  0.03489  0.01091  0.81268  -234.63026  -236.59059  4.99985   768
728.00  0.03590  0.03489  0.01145  0.81268  -233.72237  -235.67659  4.99985   768
729.00  0.03590  0.03489  0.01153  0.81268  -233.52248  -235.41109  4.99985   768
730.00  0.03590  0.03489  0.01136  0.81268  -233.83223  -235.68269  4.99985   768
731.00  0.03590  0.03489  0.01083  0.81268  -234.56160  -236.39223  4.99985   768
732.00  0.03590  0.03489  0.01013  0.81268  -235.68007  -237.49086  4.99985   768
733.00  0.03590  0.03489  0.00958  0.81268  -236.49031  -238.31789  4.99985   768
734.00  0.03590  0.03489  0.00945  0.81268  -236.76955  -238.66579  4.99985   768
735.00  0.03591  0.03489  0.00985  0.81268  -236.18513  -238.09816  4.99985   768
736.00  0.03591  0.03489  0.01051  0.81268  -235.21315  -237.15517  4.99985   768
737.00  0.03590  0.03489  0.01111  0.81268  -234.30525  -236.22133  4.99985   768
738.00  0.03591  0.03489  0.01149  0.81268  -233.65523  -235.56978  4.99985   768
739.00  0.03591  0.03489  0.01149  0.81268  -233.60487  -235.48128  4.99985   768
740.00  0.03590  0.03489  0.01103  0.81268  -234.27168  -236.09163  4.99985   768
741.00  0.03590  0.03489  0.01042  0.81268  -235.21162  -237.03920  4.99985   768
742.00  0.03592  0.03489  0.00982  0.81268  -236.15004  -237.99593  4.99985   768
743.00  0.03590  0.03489  0.00953  0.81268  -236.61238  -238.48421  4.99985   768
744.00  0.03591  0.03489  0.00966  0.81268  -236.50252  -238.42927  4.99985   768
745.00  0.03591  0.03489  0.01020  0.81268  -235.70296  -237.64497  4.99985   768
746.00  0.03590  0.03489  0.01082  0.81268  -234.71114  -236.65926  4.99985   768
747.00  0.03589  0.03489  0.01127  0.81268  -234.01228  -235.92989  4.99985   768
748.00  0.03590  0.03489  0.01149  0.81268  -233.57283  -235.46907  4.99985   768
749.00  0.03589  0.03489  0.01128  0.81268  -233.89174  -235.73305  4.99985   768
750.00  0.03590  0.03489  0.01069  0.81268  -234.81489  -236.63637  4.99985   768
751.00  0.03590  0.03489  0.01007  0.81268  -235.74416  -237.53969  4.99985   768
752.00  0.03591  0.03489  0.00957  0.81268  -236.54066  -238.40944  4.99985   768
753.00  0.03591  0.03489  0.00953  0.81268  -236.62611  -238.49794  4.99985   768
754.00  0.03590  0.03489  0.01001  0.81268  -235.95015  -237.87538  4.99985   768
755.00  0.03590  0.03489  0.01068  0.81268  -234.96748  -236.90950  4.99985   768
756.00  0.03590  0.03489  0.01125  0.81268  -233.99092  -235.92531  4.99985   768
757.00  0.03590  0.03489  0.01150  0.81268  -233.61861  -235.50874  4.99985   768
758.00  0.03591  0.03489  0.01149  0.81268  -233.59877  -235.49501  4.99985   768
759.00  0.03590  0.03489  0.01104  0.81268  -234.24574  -236.09010  4.99985   768
760.00  0.03590  0.03489  0.01038  0.81268  -235.25740  -237.11397  4.99985   768
761.00  0.03588  0.03489  0.00984  0.81268  -236.12410  -237.96846  4.99985   768
762.00  0.03591  0.03489  0.00953  0.81268  -236.62917  -238.52083  4.99985   768
763.00  0.03589  0.03489  0.00975  0.81268  -236.34230  -238.27364  4.99985   768
764.00  0.03591  0.03489  0.01039  0.81268  -235.41457  -237.37337  4.99985   768
765.00  0.03591  0.03489  0.01105  0.81268  -234.35561  -236.30678  4.99985   768
766.00  0.03591  0.03489  0.01155  0.81268  -233.54994  -235.45839  4.99985   768
767.00  0.03589  0.03489  0.01157  0.81268  -233.48128  -235.34395  4.99985   768
768.00  0.03591  0.03489  0.01129  0.81268  -233.89632  -235.72694  4.99985   768
769.00  0.03591  0.03489  0.01075  0.81268  -234.66383  -236.48073  4.99985   768
770.00  0.03592  0.03489  0.01007  0.81268  -235.77467  -237.57631  4.99985   768
771.00  0.03590  0.03489  0.00965  0.81268  -236.42165  -238.27211  4.99985   768
772.00  0.03590  0.03489  0.00963  0.81268  -236.51472  -238.40333  4.99985   768
773.00  0.03589  0.03489  0.01003  0.81268  -235.92879  -237.86623  4.99985   768
774.00  0.03591  0.03489  0.01064  0.81268  -235.00716  -236.95833  4.99985   768
775.00  0.03590  0.03489  0.01126  0.81268  -234.02449  -235.97261  4.99985   768
776.00  0.03590  0.03489  0.01158  0.81268  -233.51027  -235.41872  4.99985   768
777.00  0.03589  0.03489  0.01141  0.81268  -233.70253  -235.56978  4.99985   768
778.00  0.03590  0.03489  0.01098  0.81268  -234.37697  -236.21675  4.99985   768
779.00  0.03589  0.03489  0.01032  0.81268  -235.38557  -237.24062  4.99985   768
780.00  0.03590  0.03489  0.00970  0.81268  -236.30110  -238.12715  4.99985   768
781.00  0.03589  0.03489  0.00945  0.81268  -236.75124  -238.63069  4.99985   768
782.00  0.03590  0.03489  0.00969  0.81268  -236.40486  -238.33009  4.99985   768
783.00  0.03590  0.03489  0.01022  0.81268  -235.66481  -237.59004  4.99985   768
784.00  0.03590  0.03489  0.01086  0.81268  -234.63179  -236.56312  4.99985   768
785.00  0.03591  0.03489  0.01125  0.81268  -234.03364  -235.93599  4.99985   768
786.00  0.03590  0.03489  0.01133  0.81268  -233.86732  -235.73305  4.99985   768
787.00  0.03591  0.03489  0.01106  0.81268  -234.24116  -236.08552  4.99985   768
788.00  0.03591  0.03489  0.01055  0.81268  -235.00716  -236.82405  4.99985   768
789.00  0.03590  0.03489  0.00995  0.81268  -235.94862  -237.79451  4.99985   768
790.00  0.03590  0.03489  0.00956  0.81268  -236.57118  -238.44148  4.99985   768
791.00  0.03590  0.03489  0.00960  0.81268  -236.52388  -238.43996  4.99985   768
792.00  0.03591  0.03489  0.01004  0.81268  -235.89827  -237.83113  4.99985   768
793.00  0.03590  0.03489  0.01068  0.81268  -234.94154  -236.90492  4.99985   768
794.00  0.03590  0.03489  0.01126  0.81268  -234.06569  -236.01228  4.99985   768
795.00  0.03589  0.03489  0.01151  0.81268  -233.60030  -235.50111  4.99985   768
796.00  0.03590  0.03489  0.01132  0.81268  -233.88869  -235.75136  4.99985   768
797.00  0.03590  0.03489  0.01096  0.81268  -234.38612  -236.24422  4.99985   768
798.00  0.03591  0.03489  0.01039  0.81268  -235.23146  -237.05141  4.99985   768
799.00  0.03591  0.03489  0.00987  0.81268  -236.05849  -237.89369  4.99985   768
800.00  0.03590  0.03489  0.00968  0.81268  -236.42165  -238.30873  4.99985   768
801.00  0.03590  0.03489  0.00995  0.81268  -236.00966  -237.92116  4.99985   768
802.00  0.03590  0.03489  0.01047  0.81268  -235.21315  -237.14448  4.99985   768
803.00  0.03590  0.03489  0.01118  0.81268  -234.19081  -236.13435  4.99985   768
804.00  0.03591  0.03489  0.01159  0.81268  -233.45991  -235.37141  4.99985   768
805.00  0.03590  0.03489  0.01169  0.81268  -233.29054  -235.15321  4.99985   768
806.00  0.03590  0.03489  0.01126  0.81268  -233.88716  -235.72694  4.99985   768
807.00  0.03591  0.03489  0.01070  0.81268  -234.80269  -236.61348  4.99985   768
808.00  0.03591  0.03489  0.01003  0.81268  -235.80214  -237.65108  4.99985   768
809.00  0.03590  0.03489  0.00967  0.81268  -236.43690  -238.30873  4.99985   768
810.00  0.03591  0.03489  0.00979  0.81268  -236.30873  -238.23396  4.99985   768
811.00  0.03590  0.03489  0.01014  0.81268  -235.75789  -237.69838  4.99985   768
812.00  0.03590  0.03489  0.01080  0.81268  -234.75081  -236.71266  4.99985   768
813.00  0.03590  0.03489  0.01128  0.81268  -234.01991  -235.95125  4.99985   768
814.00  0.03590  0.03489  0.01152  0.81268  -233.56825  -235.47060  4.99985   768
815.00  0.03591  0.03489  0.01141  0.81268  -233.74983  -235.59877  4.99985   768
816.00  0.03590  0.03489  0.01090  0.81268  -234.47157  -236.29152  4.99985   768
817.00  0.03590  0.03489  0.01024  0.81268  -235.47407  -237.29250  4.99985   768
818.00  0.03590  0.03489  0.00970  0.81268  -236.31026  -238.15614  4.99985   768
819.00  0.03590  0.03489  0.00958  0.81268  -236.56508  -238.43385  4.99985   768
820.00  0.03590  0.03489  0.00975  0.81268  -236.31178  -238.20344  4.99985   768
821.00  0.03590  0.03489  0.01033  0.81268  -235.47560  -237.42372  4.99985   768
822.00  0.03590  0.03489  0.01115  0.81268  -234.23964  -236.18318  4.99985   768
823.00  0.03589  0.03489  0.01155  0.81268  -233.56673  -235.49806  4.99985   768
824.00  0.03590  0.03489  0.01166  0.81268  -233.33632  -235.21120  4.99985   768
825.00  0.03589  0.03489  0.01135  0.81268  -233.82918  -235.67049  4.99985   768
826.00  0.03589  0.03489  0.01073  0.81268  -234.69435  -236.54634  4.99985   768
827.00  0.03589  0.03489  0.01010  0.81268  -235.69533  -237.51985  4.99985   768
828.00  0.03589  0.03489  0.00982  0.81268  -236.16835  -238.07222  4.99985   768
829.00  0.03591  0.03489  0.00996  0.81268  -236.02034  -237.94405  4.99985   768
830.00  0.03590  0.03489  0.01032  0.81268  -235.45424  -237.40388  4.99985   768
831.00  0.03588  0.03489  0.01104  0.81268  -234.42274  -236.35561  4.99985   768
832.00  0.03589  0.03489  0.01151  0.81268  -233.62013  -235.54842  4.99985   768
833.00  0.03591  0.03489  0.01185  0.81268  -233.13490  -235.04640  4.99985   768
834.00  0.03588  0.03489  0.01172  0.81268  -233.25850  -235.10591  4.99985   768
835.00  0.03589  0.03489  0.01124  0.81268  -233.94972  -235.76662  4.99985   768
836.00  0.03590  0.03489  0.01056  0.81268  -234.99495  -236.79048  4.99985   768
837.00  0.03588  0.03489  0.01002  0.81268  -235.81435  -237.65413  4.99985   768
838.00  0.03590  0.03489  0.00989  0.81268  -236.13783  -238.04018  4.99985   768
839.00  0.03590  0.03489  0.01029  0.81268  -235.47102  -237.37947  4.99985   768
840.00  0.03590  0.03489  0.01086  0.81268  -234.66383  -236.61958  4.99985   768
841.00  0.03590  0.03489  0.01149  0.81268  -233.70253  -235.65675  4.99985   768
842.00  0.03590  0.03489  0.01178  0.81268  -233.20357  -235.09676  4.99985   768
843.00  0.03590  0.03489  0.01171  0.81268  -233.29359  -235.18526  4.99985   768
844.00  0.03589  0.03489  0.01137  0.81268  -233.76051  -235.62166  4.99985   768
845.00  0.03590  0.03489  0.01086  0.81268  -234.53718  -236.36781  4.99985   768
846.00  0.03590  0.03489  0.01018  0.81268  -235.59767  -237.42830  4.99985   768
847.00  0.03589  0.03489  0.00985  0.81268  -236.10426  -237.97304  4.99985   768
848.00  0.03588  0.03489  0.00990  0.81268  -236.11494  -238.02644  4.99985   768
849.00  0.03590  0.03489  0.01044  0.81268  -235.27266  -237.20247  4.99985   768
850.00  0.03589  0.03489  0.01114  0.81268  -234.24574  -236.18928  4.99985   768
851.00  0.03589  0.03489  0.01163  0.81268  -233.43245  -235.35158  4.99985   768
852.00  0.03589  0.03489  0.01182  0.81268  -233.11201  -234.98842  4.99985   768
853.00  0.03589  0.03489  0.01153  0.81268  -233.52400  -235.34853  4.99985   768
854.00  0.03589  0.03489  0.01103  0.81268  -234.24727  -236.06569  4.99985   768
855.00  0.03588  0.03489  0.01044  0.81268  -235.13075  -236.96291  4.99985   768
856.00  0.03589  0.03489  0.01006  0.81268  -235.82350  -237.69380  4.99985   768
857.00  0.03590  0.03489  0.00997  0.81268  -235.95930  -237.85097  4.99985   768
858.00  0.03589  0.03489  0.01026  0.81268  -235.59462  -237.52290  4.99985   768
859.00  0.03588  0.03489  0.01091  0.81268  -234.59975  -236.57381  4.99985   768
860.00  0.03590  0.03489  0.01163  0.81268  -233.48585  -235.43550  4.99985   768
861.00  0.03589  0.03489  0.01198  0.81268  -232.89229  -234.81905  4.99985   768
862.00  0.03589  0.03489  0.01206  0.81268  -232.76869  -234.65883  4.99985   768
863.00  0.03590  0.03489  0.01160  0.81268  -233.35310  -235.18373  4.99985   768
864.00  0.03589  0.03489  0.01101  0.81268  -234.27168  -236.09926  4.99985   768
865.00  0.03589  0.03489  0.01043  0.81268  -235.22536  -237.06819  4.99985   768
866.00  0.03590  0.03489  0.01026  0.81268  -235.54579  -237.42219  4.99985   768
867.00  0.03589  0.03489  0.01025  0.81268  -235.53511  -237.43135  4.99985   768
868.00  0.03588  0.03489  0.01072  0.81268  -234.86983  -236.78590  4.99985   768
869.00  0.03590  0.03489  0.01144  0.81268  -233.76356  -235.71626  4.99985   768
870.00  0.03588  0.03489  0.01200  0.81268  -232.87703  -234.79463  4.99985   768
871.00  0.03588  0.03489  0.01218  0.81268  -232.56270  -234.43758  4.99985   768
872.00  0.03588  0.03489  0.01195  0.81268  -232.87398  -234.71834  4.99985   768
873.00  0.03589  0.03489  0.01144  0.81268  -233.63692  -235.46144  4.99985   768
874.00  0.03589  0.03489  0.01081  0.81268  -234.60127  -236.41511  4.99985   768
875.00  0.03589  0.03489  0.01032  0.81268  -235.41914  -237.29555  4.99985   768
876.00  0.03589  0.03489  0.01023  0.81268  -235.54732  -237.43898  4.99985   768
877.00  0.03589  0.03489  0.01057  0.81268  -235.10481  -237.05293  4.99985   768
878.00  0.03589  0.03489  0.01123  0.81268  -234.11146  -236.08705  4.99985   768
879.00  0.03589  0.03489  0.01185  0.81268  -233.14558  -235.09065  4.99985   768
880.00  0.03590  0.03489  0.01218  0.81268  -232.53065  -234.43910  4.99985   768
881.00  0.03588  0.03489  0.01223  0.81268  -232.46657  -234.33229  4.99985   768
882.00  0.03591  0.03489  0.01184  0.81268  -233.04182  -234.88008  4.99985   768
883.00  0.03589  0.03489  0.01117  0.81268  -234.05958  -235.86427  4.99985   768
884.00  0.03588  0.03489  0.01065  0.81268  -234.86983  -236.68214  4.99985   768
885.00  0.03589  0.03489  0.01026  0.81268  -235.47560  -237.33369  4.99985   768
886.00  0.03590  0.03489  0.01038  0.81268  -235.35048  -237.26961  4.99985   768
887.00  0.03589  0.03489  0.01091  0.81268  -234.56465  -236.50819  4.99985   768
888.00  0.03590  0.03489  0.01164  0.81268  -233.45076  -235.39583  4.99985   768
889.00  0.03588  0.03489  0.01224  0.81268  -232.55659  -234.48488  4.99985   768
890.00  0.03589  0.03489  0.01251  0.81268  -232.07899  -233.97981  4.99985   768
891.00  0.03590  0.03489  0.01230  0.81268  -232.34755  -234.21937  4.99985   768
892.00  0.03589  0.03489  0.01182  0.81268  -233.10133  -234.93806  4.99985   768
893.00  0.03588  0.03489  0.01129  0.81268  -233.87953  -235.72389  4.99985   768
894.00  0.03589  0.03489  0.01093  0.81268  -234.50362  -236.38460  4.99985   768
895.00  0.03589  0.03489  0.01092  0.81268  -234.50667  -236.41054  4.99985   768
896.00  0.03588  0.03489  0.01134  0.81268  -233.92989  -235.87953  4.99985   768
897.00  0.03590  0.03489  0.01204  0.81268  -232.83278  -234.79616  4.99985   768
898.00  0.03588  0.03489  0.01275  0.81268  -231.78297  -233.72652  4.99985   768
899.00  0.03590  0.03489  0.01315  0.81268  -231.11922  -233.02614  4.99985   768
900.00  0.03590  0.03489  0.01321  0.81268  -230.96205  -232.81862  4.99985   768
901.00  0.03588  0.03489  0.01294  0.81268  -231.35268  -233.20619  4.99985   768
902.00  0.03589  0.03489  0.01257  0.81268  -231.92641  -233.75703  4.99985   768
903.00  0.03589  0.03489  0.01203  0.81268  -232.73665  -234.57185  4.99985   768
904.00  0.03589  0.03489  0.01181  0.81268  -233.13338  -234.97774  4.99985   768
905.00  0.03590  0.03489  0.01220  0.81268  -232.58253  -234.50166  4.99985   768
906.00  0.03588  0.03489  0.01294  0.81268  -231.45186  -233.42744  4.99985   768
907.00  0.03589  0.03489  0.01364  0.81268  -230.40053  -232.35170  4.99985   768
908.00  0.03589  0.03489  0.01432  0.81268  -229.36598  -231.31715  4.99985   768
909.00  0.03590  0.03489  0.01461  0.81268  -228.82124  -230.73274  4.99985   768
910.00  0.03587  0.03489  0.01437  0.81268  -229.18440  -231.04249  4.99985   768
911.00  0.03587  0.03489  0.01408  0.81268  -229.64064  -231.49415  4.99985   768
912.00  0.03588  0.03489  0.01365  0.81268  -230.24946  -232.12129  4.99985   768
913.00  0.03588  0.03489  0.01341  0.81268  -230.65382  -232.51802  4.99985   768
914.00  0.03587  0.03489  0.01371  0.81268  -230.28151  -232.20674  4.99985   768
915.00  0.03588  0.03489  0.01436  0.81268  -229.29274  -231.24238  4.99985   768
916.00  0.03589  0.03489  0.01530  0.81268  -227.91029  -229.86299  4.99985   768
917.00  0.03588  0.03489  0.01625  0.81268  -226.40883  -228.37373  4.99985   768
918.00  0.03588  0.03489  0.01689  0.81268  -225.37276  -227.29036  4.99985   768
919.00  0.03589  0.03489  0.01694  0.81268  -225.24306  -227.11030  4.99985   768
920.00  0.03590  0.03489  0.01680  0.81268  -225.46431  -227.32088  4.99985   768
921.00  0.03588  0.03489  0.01638  0.81268  -226.06856  -227.89003  4.99985   768
922.00  0.03588  0.03489  0.01601  0.81268  -226.66365  -228.52022  4.99985   768
923.00  0.03587  0.03489  0.01592  0.81268  -226.82539  -228.70180  4.99985   768
924.00  0.03589  0.03489  0.01622  0.81268  -226.40272  -228.34321  4.99985   768
925.00  0.03588  0.03489  0.01711  0.81268  -225.09962  -227.07521  4.99985   768
926.00  0.03587  0.03489  0.01814  0.81268  -223.56306  -225.56001  4.99985   768
927.00  0.03588  0.03489  0.01896  0.81268  -222.21113  -224.16841  4.99985   768
928.00  0.03588  0.03489  0.01934  0.81268  -221.61146  -223.53212  4.99985   768
929.00  0.03588  0.03489  0.01946  0.81268  -221.42073  -223.33375  4.99985   768
930.00  0.03589  0.03489  0.01933  0.81268  -221.54433  -223.40547  4.99985   768
931.00  0.03588  0.03489  0.01911  0.81268  -221.96089  -223.84035  4.99985   768
932.00  0.03587  0.03489  0.01911  0.81268  -221.94563  -223.82966  4.99985   768
933.00  0.03588  0.03489  0.01944  0.81268  -221.44972  -223.35969  4.99985   768
934.00  0.03587  0.03489  0.02014  0.81268  -220.41212  -222.36177  4.99985   768
935.00  0.03588  0.03489  0.02128  0.81268  -218.70924  -220.70619  4.99985   768
936.00  0.03587  0.03489  0.02235  0.81268  -217.03230  -219.00331  4.99985   768
937.00  0.03588  0.03489  0.02313  0.81268  -215.76887  -217.67579  4.99985   768
938.00  0.03587  0.03489  0.02342  0.81268  -215.30195  -217.22108  4.99985   768
939.00  0.03587  0.03489  0.02342  0.81268  -215.32484  -217.20277  4.99985   768
940.00  0.03588  0.03489  0.02334  0.81268  -215.41640  -217.26076  4.99985   768
941.00  0.03586  0.03489  0.02332  0.81268  -215.51253  -217.38740  4.99985   768
942.00  0.03588  0.03489  0.02328  0.81268  -215.54304  -217.43471  4.99985   768
943.00  0.03587  0.03489  0.02371  0.81268  -214.91286  -216.84877  4.99985   768
944.00  0.03588  0.03489  0.02469  0.81268  -213.47243  -215.47395  4.99985   768
945.00  0.03588  0.03489  0.02574  0.81268  -211.83973  -213.83058  4.99985   768
946.00  0.03587  0.03489  0.02641  0.81268  -210.74415  -212.68464  4.99985   768
947.00  0.03587  0.03489  0.02673  0.81268  -210.25282  -212.17347  4.99985   768
948.00  0.03587  0.03489  0.02659  0.81268  -210.38405  -212.22230  4.99985   768
949.00  0.03587  0.03489  0.02634  0.81268  -210.77162  -212.61445  4.99985   768
950.00  0.03589  0.03489  0.02611  0.81268  -211.14546  -213.01118  4.99985   768
951.00  0.03587  0.03489  0.02599  0.81268  -211.33925  -213.19124  4.99985   768
952.00  0.03588  0.03489  0.02614  0.81268  -211.15004  -213.04323  4.99985   768
953.00  0.03589  0.03489  0.02682  0.81268  -210.19941  -212.14601  4.99985   768
954.00  0.03589  0.03489  0.02771  0.81268  -208.79561  -210.75288  4.99985   768
955.00  0.03588  0.03489  0.02859  0.81268  -207.47419  -209.44826  4.99985   768
956.00  0.03587  0.03489  0.02948  0.81268  -206.06581  -208.01088  4.99985   768
957.00  0.03587  0.03489  0.02970  0.81268  -205.68586  -207.54548  4.99985   768
958.00  0.03588  0.03489  0.02920  0.81268  -206.35878  -208.18940  4.99985   768
959.00  0.03588  0.03489  0.02885  0.81268  -206.95997  -208.84096  4.99985   768
960.00  0.03587  0.03489  0.02848  0.81268  -207.50013  -209.37196  4.99985   768
961.00  0.03588  0.03489  0.02901  0.81268  -206.82264  -208.80739  4.99985   768
962.00  0.03589  0.03489  0.02975  0.81268  -205.62483  -207.55464  4.99985   768
963.00  0.03587  0.03489  0.03033  0.81268  -204.81306  -206.78102  4.99985   768
964.00  0.03588  0.03489  0.03106  0.81268  -203.63661  -205.57100  4.99985   768
965.00  0.03587  0.03489  0.03185  0.81268  -202.42048  -204.37471  4.99985   768
966.00  0.03588  0.03489  0.03196  0.81268  -202.17024  -204.01460  4.99985   768
967.00  0.03587  0.03489  0.03154  0.81268  -202.75618  -204.57460  4.99985   768
968.00  0.03588  0.03489  0.03104  0.81268  -203.58626  -205.40620  4.99985   768
969.00  0.03587  0.03489  0.03061  0.81268  -204.21644  -206.04554  4.99985   768
970.00  0.03589  0.03489  0.03041  0.81268  -204.56434  -206.43312  4.99985   768
971.00  0.03587  0.03489  0.03082  0.81268  -203.97383  -205.88533  4.99985   768
972.00  0.03588  0.03489  0.03148  0.81268  -202.99116  -204.95302  4.99985   768
973.00  0.03587  0.03489  0.03215  0.81268  -201.95204  -203.88337  4.99985   768
974.00  0.03587  0.03489  0.03278  0.81268  -200.99226  -202.96937  4.99985   768
975.00  0.03588  0.03489  0.03345  0.81268  -199.91804  -201.84175  4.99985   768
976.00  0.03588  0.03489  0.03367  0.81268  -199.58235  -201.49690  4.99985   768
977.00  0.03589  0.03489  0.03391  0.81268  -199.27412  -201.19630  4.99985   768
978.00  0.03587  0.03489  0.03426  0.81268  -198.67750  -200.60426  4.99985   768
979.00  0.03589  0.03489  0.03486  0.81268  -197.83522  -199.79554  4.99985   768
980.00  0.03588  0.03489  0.03553  0.81268  -196.78083  -198.73201  4.99985   768
981.00  0.03588  0.03489  0.03627  0.81268  -195.69746  -197.66694  4.99985   768
982.00  0.03588  0.03489  0.03743  0.81268  -193.90455  -195.89692  4.99985   768
983.00  0.03587  0.03489  0.03907  0.81268  -191.41584  -193.44636  4.99985   768
984.00  0.03588  0.03489  0.04064  0.81268  -189.03395  -191.05378  4.99985   768
985.00  0.03588  0.03489  0.04177  0.81268  -187.17237  -189.11287  4.99985   768
986.00  0.03588  0.03489  0.04249  0.81268  -186.08442  -188.02034  4.99985   768
987.00  0.03588  0.03489  0.04327  0.81268  -184.90797  -186.83931  4.99985   768
988.00  0.03588  0.03489  0.04377  0.81268  -184.08400  -186.00465  4.99985   768
989.00  0.03587  0.03489  0.04475  0.81268  -182.64967  -184.64662  4.99985   768
990.00  0.03588  0.03489  0.04615  0.81268  -180.53328  -182.54243  4.99985   768
991.00  0.03586  0.03489  0.04777  0.81268  -178.04762  -180.10255  4.99985   768
992.00  0.03588  0.03489  0.04965  0.81268  -175.20796  -177.27357  4.99985   768
993.00  0.03587  0.03489  0.05159  0.81268  -172.22029  -174.28590  4.99985   768
994.00  0.03588  0.03489  0.05317  0.81268  -169.78956  -171.84754  4.99985   768
995.00  0.03587  0.03489  0.05452  0.81268  -167.63502  -169.59992  4.99985   768
996.00  0.03587  0.03489  0.05529  0.81268  -166.38685  -168.34107  4.99985   768
997.00  0.03587  0.03489  0.05555  0.81268  -165.99470  -167.86042  4.99985   768
998.00  0.03589  0.03489  0.05272  0.81268  -169.31959  -170.51087  4.99985   768
999.00  0.03587  0.03489  0.03521  0.81268  -195.95381  -196.46760  4.99985   768
1000.00  0.03587  0.03489  0.03675  0.81268  -195.24275  -197.50978  4.99985   768
1001.00  0.03585  0.03489  0.03062  0.81268  -203.08424  -203.86506  4.99985   768
1002.00  0.03588  0.03489  0.02788  0.81268  -208.85359  -211.02907  4.99985   768
1003.00  0.03588  0.03489  0.02910  0.81268  -206.13447  -207.66908  4.99985   768
1004.00  0.03589  0.03489  0.02309  0.81268  -215.61781  -217.22108  4.99985   768
1005.00  0.03587  0.03489  0.02536  0.81268  -212.43788  -214.48671  4.99985   768
1006.00  0.03587  0.03489  0.02133  0.81268  -217.91731  -219.24135  4.99985   768
1007.00  0.03587  0.03489  0.02082  0.81268  -219.61561  -221.73921  4.99985   768
1008.00  0.03587  0.03489  0.02092  0.81268  -218.81148  -220.45900  4.99985   768
1009.00  0.03587  0.03489  0.01873  0.81268  -222.52547  -224.40187  4.99985   768
1010.00  0.03586  0.03489  0.02125  0.81268  -218.77333  -220.85115  4.99985   768
1011.00  0.03588  0.03489  0.01978  0.81268  -220.73256  -222.43959  4.99985   768
1012.00  0.03588  0.03489  0.02060  0.81268  -219.90248  -222.00166  4.99985   768
1013.00  0.03588  0.03489  0.02096  0.81268  -218.92134  -220.66652  4.99985   768
1014.00  0.03586  0.03489  0.01950  0.81268  -221.31239  -223.17354  4.99985   768
1015.00  0.03588  0.03489  0.02016  0.81268  -220.30073  -222.21681  4.99985   768
1016.00  0.03588  0.03489  0.01855  0.81268  -222.55903  -224.22334  4.99985   768
1017.00  0.03587  0.03489  0.01829  0.81268  -223.25789  -225.20753  4.99985   768
1018.00  0.03588  0.03489  0.01848  0.81268  -222.82454  -224.64754  4.99985   768
1019.00  0.03587  0.03489  0.01803  0.81268  -223.63173  -225.53712  4.99985   768
1020.00  0.03587  0.03489  0.01936  0.81268  -221.60078  -223.57789  4.99985   768
1021.00  0.03588  0.03489  0.01950  0.81268  -221.29713  -223.13692  4.99985   768
1022.00  0.03587  0.03489  0.01965  0.81268  -221.14149  -223.09419  4.99985   768
1023.00  0.03588  0.03489  0.01991  0.81268  -220.61354  -222.45637  4.99985   768
1024.00  0.03588  0.03489  0.01895  0.81268  -222.10280  -223.89833  4.99985   768
1025.00  0.03587  0.03489  0.01863  0.81268  -222.65974  -224.53004  4.99985   768
1026.00  0.03587  0.03489  0.01786  0.81268  -223.71107  -225.50355  4.99985   768
1027.00  0.03587  0.03489  0.01748  0.81268  -224.46028  -226.38399  4.99985   768
1028.00  0.03588  0.03489  0.01797  0.81268  -223.76448  -225.69124  4.99985   768
1029.00  0.03588  0.03489  0.01829  0.81268  -223.18617  -225.11751  4.99985   768
1030.00  0.03588  0.03489  0.01905  0.81268  -222.13789  -224.12416  4.99985   768
1031.00  0.03587  0.03489  0.01943  0.81268  -221.40852  -223.29866  4.99985   768
1032.00  0.03588  0.03489  0.01938  0.81268  -221.55501  -223.44209  4.99985   768
1033.00  0.03588  0.03489  0.01932  0.81268  -221.50007  -223.35054  4.99985   768
1034.00  0.03587  0.03489  0.01857  0.81268  -222.62160  -224.39577  4.99985   768
1035.00  0.03588  0.03489  0.01777  0.81268  -223.93080  -225.74922  3.75790   768
1036.00  0.03587  0.03489  0.01739  0.81268  -224.50758  -226.35194  1.89499   768
1037.00  0.03588  0.03489  0.01711  0.81268  -224.96535  -226.82191  1.89499   768
1038.00  0.03588  0.03489  0.01770  0.81268  -224.20241  -226.14747  1.89499   768
1039.00  0.03587  0.03489  0.01842  0.81268  -223.03358  -224.97255  1.89499   768
1040.00  0.03588  0.03489  0.01885  0.81268  -222.39577  -224.33015  1.89499   768
1041.00  0.03587  0.03489  0.01920  0.81268  -221.74422  -223.65114  1.89499   768
1042.00  0.03587  0.03489  0.01896  0.81268  -222.12416  -223.98378  1.89499   768
1043.00  0.03587  0.03489  0.01856  0.81268  -222.75587  -224.60939  1.89499   768
1044.00  0.03588  0.03489  0.01799  0.81268  -223.57374  -225.40285  1.89499   768
1045.00  0.03587  0.03489  0.01740  0.81268  -224.52742  -226.36720  1.89499   768
1046.00  0.03587  0.03489  0.01718  0.81268  -224.88295  -226.76698  1.89435   768
1047.00  0.03588  0.03489  0.01724  0.81268  -224.84938  -226.73952  1.89316   768
1048.00  0.03589  0.03489  0.01772  0.81268  -224.10322  -226.05592  1.89316   768
1049.00  0.03587  0.03489  0.01853  0.81268  -222.84285  -224.79860  1.89316   768
1050.00  0.03586  0.03489  0.01900  0.81268  -222.14552  -224.04787  1.89316   768
1051.00  0.03587  0.03489  0.01916  0.81268  -221.84645  -223.72743  1.89316   768
1052.00  0.03587  0.03489  0.01875  0.81268  -222.36677  -224.17909  1.89316   768
1053.00  0.03587  0.03489  0.01808  0.81268  -223.45625  -225.28230  1.89316   768
1054.00  0.03587  0.03489  0.01747  0.81268  -224.39009  -226.18257  1.89316   768
1055.00  0.03588  0.03489  0.01704  0.81268  -225.06148  -226.90889  1.89316   768
1056.00  0.03586  0.03489  0.01699  0.81268  -225.18965  -227.08894  1.89316   768
1057.00  0.03587  0.03489  0.01728  0.81268  -224.79750  -226.73189  1.82892   768
1058.00  0.03588  0.03489  0.01779  0.81268  -223.98421  -225.92927  1.63620   768
1059.00  0.03587  0.03489  0.01847  0.81268  -222.98933  -224.92982  1.63620   768
1060.00  0.03588  0.03489  0.01877  0.81268  -222.45833  -224.36677  1.63620   768
1061.00  0.03587  0.03489  0.01874  0.81268  -222.52394  -224.40797  1.63620   768
1062.00  0.03587  0.03489  0.01836  0.81268  -223.01222  -224.85811  1.63620   768
1063.00  0.03586  0.03489  0.01768  0.81268  -224.05897  -225.88502  1.63620   768
1064.00  0.03589  0.03489  0.01714  0.81268  -224.90126  -226.74562  1.63620   768
1065.00  0.03589  0.03489  0.01692  0.81268  -225.28425  -227.16371  1.63620   768
1066.00  0.03588  0.03489  0.01703  0.81268  -225.09962  -227.00654  1.63620   768
1067.00  0.03588  0.03489  0.01760  0.81268  -224.27412  -226.21004  1.63620   768
1068.00  0.03587  0.03489  0.01818  0.81268  -223.42726  -225.35097  1.63721   768
1069.00  0.03586  0.03489  0.01877  0.81268  -222.47511  -224.38814  1.64291   768
1070.00  0.03587  0.03489  0.01889  0.81268  -222.23250  -224.08906  1.64291   768
1071.00  0.03587  0.03489  0.01868  0.81268  -222.56361  -224.40340  1.64291   768
1072.00  0.03588  0.03489  0.01804  0.81268  -223.49592  -225.31282  1.64291   768
1073.00  0.03587  0.03489  0.01734  0.81268  -224.55183  -226.39467  1.64291   768
1074.00  0.03589  0.03489  0.01705  0.81268  -225.06911  -226.93330  1.64291   768
1075.00  0.03588  0.03489  0.01698  0.81268  -225.21864  -227.10115  1.64291   768
1076.00  0.03588  0.03489  0.01726  0.81268  -224.85396  -226.79597  1.64291   768
1077.00  0.03588  0.03489  0.01772  0.81268  -224.12459  -226.07271  1.64291   768
1078.00  0.03588  0.03489  0.01826  0.81268  -223.24568  -225.17854  1.64291   768
1079.00  0.03587  0.03489  0.01864  0.81268  -222.68416  -224.61397  1.64291   768
1080.00  0.03587  0.03489  0.01870  0.81268  -222.55141  -224.42476  1.64764   768
1081.00  0.03587  0.03489  0.01824  0.81268  -223.19380  -225.01222  1.64764   768
1082.00  0.03587  0.03489  0.01749  0.81268  -224.34126  -226.14747  1.64764   768
1083.00  0.03587  0.03489  0.01696  0.81268  -225.21406  -227.04774  1.64764   768
1084.00  0.03588  0.03489  0.01678  0.81268  -225.48567  -227.35445  1.64764   768
1085.00  0.03587  0.03489  0.01701  0.81268  -225.18355  -227.08894  1.64764   768
1086.00  0.03587  0.03489  0.01748  0.81268  -224.44197  -226.37025  1.64764   768
1087.00  0.03587  0.03489  0.01800  0.81268  -223.74159  -225.66072  1.64764   768
1088.00  0.03587  0.03489  0.01850  0.81268  -222.88557  -224.78944  1.64764   768
1089.00  0.03588  0.03489  0.01857  0.81268  -222.74977  -224.60634  1.64764   768
1090.00  0.03586  0.03489  0.01826  0.81268  -223.14802  -224.99544  1.64764   768
1091.00  0.03587  0.03489  0.01779  0.81268  -223.93233  -225.78737  2.21400   768
1092.00  0.03587  0.03489  0.01726  0.81268  -224.69832  -226.51826  2.24380   768
1093.00  0.03587  0.03489  0.01679  0.81268  -225.43379  -227.28883  2.24380   768
1094.00  0.03588  0.03489  0.01680  0.81268  -225.53450  -227.45668  2.24380   768
1095.00  0.03587  0.03489  0.01726  0.81268  -224.82802  -226.77309  2.24380   768
1096.00  0.03587  0.03489  0.01790  0.81268  -223.86976  -225.81331  2.24380   768
1097.00  0.03586  0.03489  0.01845  0.81268  -222.95424  -224.86421  2.24380   768
1098.00  0.03587  0.03489  0.01864  0.81268  -222.65364  -224.53309  2.24380   768
1099.00  0.03588  0.03489  0.01850  0.81268  -222.82912  -224.67195  2.24380   768
1100.00  0.03587  0.03489  0.01804  0.81268  -223.52797  -225.34791  2.24380   768
1101.00  0.03587  0.03489  0.01739  0.81268  -224.49080  -226.29854  2.24380   768
1102.00  0.03588  0.03489  0.01688  0.81268  -225.30562  -227.14235  1.82809   768
1103.00  0.03587  0.03489  0.01661  0.81268  -225.78627  -227.65047  1.64993   768
1104.00  0.03587  0.03489  0.01686  0.81268  -225.34224  -227.24916  1.64993   768
1105.00  0.03587  0.03489  0.01745  0.81268  -224.52742  -226.46333  1.64993   768
1106.00  0.03587  0.03489  0.01802  0.81268  -223.70802  -225.63936  1.64993   768
1107.00  0.03587  0.03489  0.01829  0.81268  -223.22127  -225.12208  1.64993   768
1108.00  0.03588  0.03489  0.01834  0.81268  -223.10225  -224.97102  1.64993   768
1109.00  0.03587  0.03489  0.01810  0.81268  -223.45625  -225.33113  1.64993   768
1110.00  0.03586  0.03489  0.01761  0.81268  -224.16426  -226.00099  1.64993   768
1111.00  0.03586  0.03489  0.01704  0.81268  -225.04317  -226.88600  1.64993   768
1112.00  0.03587  0.03489  0.01669  0.81268  -225.60927  -227.48262  1.64993   768
1113.00  0.03587  0.03489  0.01661  0.81268  -225.83205  -227.72676  1.83372   768
1114.00  0.03587  0.03489  0.01700  0.81268  -225.19881  -227.14845  1.89499   768
1115.00  0.03587  0.03489  0.01765  0.81268  -224.27107  -226.20698  1.89499   768
1116.00  0.03588  0.03489  0.01822  0.81268  -223.34639  -225.29146  1.89499   768
1117.00  0.03588  0.03489  0.01830  0.81268  -223.14650  -225.00612  1.89499   768
1118.00  0.03587  0.03489  0.01804  0.81268  -223.51881  -225.35249  1.89499   768
1119.00  0.03586  0.03489  0.01752  0.81268  -224.30769  -226.13069  1.89499   768
1120.00  0.03588  0.03489  0.01702  0.81268  -225.09505  -226.93941  1.89499   768
1121.00  0.03588  0.03489  0.01658  0.81268  -225.79237  -227.62147  1.89499   768
1122.00  0.03588  0.03489  0.01649  0.81268  -225.90681  -227.76948  1.89499   768
1123.00  0.03586  0.03489  0.01671  0.81268  -225.63521  -227.56044  1.89499   768
1124.00  0.03585  0.03489  0.01723  0.81268  -224.83107  -226.76088  1.62830   768
1125.00  0.03587  0.03489  0.01777  0.81268  -224.05134  -225.99489  1.45050   768
1126.00  0.03587  0.03489  0.01815  0.81268  -223.42268  -225.33723  1.45050   768
1127.00  0.03587  0.03489  0.01817  0.81268  -223.39064  -225.28078  1.45050   768
1128.00  0.03587  0.03489  0.01779  0.81268  -223.87892  -225.73244  1.45050   768
1129.00  0.03586  0.03489  0.01718  0.81268  -224.76546  -226.59608  1.45050   768
1130.00  0.03587  0.03489  0.01653  0.81268  -225.79390  -227.61079  1.45050   768
1131.00  0.03587  0.03489  0.01615  0.81268  -226.43324  -228.29133  1.45050   768
1132.00  0.03587  0.03489  0.01633  0.81268  -226.27302  -228.19826  1.45050   768
1133.00  0.03589  0.03489  0.01685  0.81268  -225.44905  -227.38649  1.45050   768
1134.00  0.03586  0.03489  0.01754  0.81268  -224.37941  -226.31837  1.45050   768
1135.00  0.03587  0.03489  0.01805  0.81268  -223.58748  -225.48067  1.46094   768
1136.00  0.03587  0.03489  0.01819  0.81268  -223.33113  -225.17702  1.46790   768
1137.00  0.03587  0.03489  0.01793  0.81268  -223.73091  -225.57985  1.46790   768
1138.00  0.03586  0.03489  0.01750  0.81268  -224.32295  -226.16121  1.46790   768
1139.00  0.03586  0.03489  0.01695  0.81268  -225.12099  -226.93941  1.46790   768
1140.00  0.03586  0.03489  0.01636  0.81268  -226.12196  -227.95869  1.46790   768
1141.00  0.03589  0.03489  0.01615  0.81268  -226.47749  -228.35084  1.46790   768
1142.00  0.03587  0.03489  0.01644  0.81268  -226.10213  -228.03499  1.46790   768
1143.00  0.03587  0.03489  0.01706  0.81268  -225.12556  -227.07979  1.46790   768
1144.00  0.03587  0.03489  0.01779  0.81268  -224.02998  -225.99336  1.46790   768
1145.00  0.03587  0.03489  0.01825  0.81268  -223.26857  -225.16328  1.46790   768
1146.00  0.03587  0.03489  0.01815  0.81268  -223.39674  -225.26247  1.63843   768
1147.00  0.03586  0.03489  0.01768  0.81268  -224.08339  -225.92470  1.89423   768
1148.00  0.03586  0.03489  0.01711  0.81268  -224.93330  -226.77766  1.89423   768
1149.00  0.03587  0.03489  0.01662  0.81268  -225.73897  -227.57722  1.89423   768
1150.00  0.03587  0.03489  0.01641  0.81268  -226.01820  -227.88240  1.89423   768
1151.00  0.03587  0.03489  0.01623  0.81268  -226.32338  -228.18605  1.89423   768
1152.00  0.03587  0.03489  0.01676  0.81268  -225.61079  -227.55281  1.89423   768
1153.00  0.03587  0.03489  0.01738  0.81268  -224.64339  -226.57777  1.89423   768
1154.00  0.03586  0.03489  0.01793  0.81268  -223.73244  -225.66835  1.89423   768
1155.00  0.03588  0.03489  0.01815  0.81268  -223.36775  -225.23042  1.89423   768
1156.00  0.03587  0.03489  0.01793  0.81268  -223.71870  -225.55543  1.89423   768
1157.00  0.03587  0.03489  0.01737  0.81268  -224.57930  -226.40840  1.89994   768
1158.00  0.03587  0.03489  0.01673  0.81268  -225.57570  -227.40785  1.91055   768
1159.00  0.03587  0.03489  0.01619  0.81268  -226.38899  -228.23945  1.91055   768
1160.00  0.03587  0.03489  0.01612  0.81268  -226.51259  -228.41341  1.91055   768
1161.00  0.03586  0.03489  0.01640  0.81268  -226.15248  -228.07771  1.91055   768
1162.00  0.03587  0.03489  0.01705  0.81268  -225.16066  -227.14387  1.91055   768
1163.00  0.03587  0.03489  0.01770  0.81268  -224.14900  -226.10170  1.91055   768
1164.00  0.03586  0.03489  0.01815  0.81268  -223.40590  -225.31892  1.91055   768
1165.00  0.03587  0.03489  0.01805  0.81268  -223.54780  -225.39979  1.91055   768
1166.00  0.03587  0.03489  0.01768  0.81268  -224.06355  -225.88350  1.91055   768
1167.00  0.03587  0.03489  0.01714  0.81268  -224.90126  -226.73799  1.91055   768
1168.00  0.03587  0.03489  0.01656  0.81268  -225.76185  -227.57875  1.90637   768
1169.00  0.03587  0.03489  0.01621  0.81268  -226.34169  -228.18910  1.88965   768
1170.00  0.03587  0.03489  0.01628  0.81268  -226.30812  -228.17995  1.88965   768
1171.00  0.03588  0.03489  0.01670  0.81268  -225.72218  -227.64894  1.88965   768
1172.00  0.03587  0.03489  0.01736  0.81268  -224.64644  -226.60982  1.88965   768
1173.00  0.03587  0.03489  0.01802  0.81268  -223.64851  -225.56459  1.88965   768
1174.00  0.03586  0.03489  0.01820  0.81268  -223.35554  -225.25026  1.88965   768
1175.00  0.03587  0.03489  0.01797  0.81268  -223.65614  -225.49592  1.88965   768
1176.00  0.03587  0.03489  0.01734  0.81268  -224.55946  -226.39162  1.88965   768
1177.00  0.03586  0.03489  0.01673  0.81268  -225.52687  -227.36360  1.88965   768
1178.00  0.03588  0.03489  0.01630  0.81268  -226.23640  -228.07924  1.88965   768
1179.00  0.03587  0.03489  0.01621  0.81268  -226.40578  -228.30965  1.87743   768
1180.00  0.03586  0.03489  0.01646  0.81268  -226.01515  -227.93275  1.64520   768
1181.00  0.03586  0.03489  0.01699  0.81268  -225.24458  -227.18049  1.64520   768
1182.00  0.03587  0.03489  0.01768  0.81268  -224.22682  -226.15816  1.64520   768
1183.00  0.03586  0.03489  0.01808  0.81268  -223.51424  -225.41048  1.64520   768
1184.00  0.03585  0.03489  0.01815  0.81268  -223.41353  -225.28383  1.64520   768
1185.00  0.03587  0.03489  0.01779  0.81268  -223.87434  -225.68513  1.64520   768
1186.00  0.03587  0.03489  0.01715  0.81268  -224.90431  -226.72426  1.64520   768
1187.00  0.03587  0.03489  0.01646  0.81268  -225.93123  -227.74965  1.64520   768
1188.00  0.03588  0.03489  0.01620  0.81268  -226.37068  -228.22420  1.64520   768
1189.00  0.03587  0.03489  0.01627  0.81268  -226.31575  -228.21351  1.64520   768
1190.00  0.03586  0.03489  0.01676  0.81268  -225.56654  -227.48872  1.64499   768
1191.00  0.03585  0.03489  0.01738  0.81268  -224.69527  -226.64644  1.64093   768
1192.00  0.03587  0.03489  0.01784  0.81268  -223.93538  -225.86214  1.64093   768
1193.00  0.03586  0.03489  0.01793  0.81268  -223.73396  -225.60426  1.64093   768
1194.00  0.03587  0.03489  0.01781  0.81268  -223.91096  -225.77974  1.64093   768
1195.00  0.03585  0.03489  0.01743  0.81268  -224.51369  -226.37025  1.64093   768
1196.00  0.03587  0.03489  0.01682  0.81268  -225.37276  -227.18812  1.64093   768
1197.00  0.03587  0.03489  0.01631  0.81268  -226.15248  -228.01210  1.64093   768
1198.00  0.03587  0.03489  0.01617  0.81268  -226.44545  -228.32796  1.64093   768
1199.00  0.03586  0.03489  0.01650  0.81268  -225.97700  -227.89766  1.64093   768
1200.00  0.03587  0.03489  0.01714  0.81268  -225.01265  -226.94551  1.64093   768
1201.00  0.03587  0.03489  0.01771  0.81268  -224.10475  -226.03303  1.64093   768
1202.00  0.03588  0.03489  0.01798  0.81268  -223.66072  -225.55543  1.88214   768
1203.00  0.03587  0.03489  0.01789  0.81268  -223.76295  -225.61494  1.89484   768
1204.00  0.03587  0.03489  0.01754  0.81268  -224.28633  -226.12306  1.89484   768
1205.00  0.03588  0.03489  0.01708  0.81268  -224.95772  -226.79750  1.89484   768
1206.00  0.03587  0.03489  0.01649  0.81268  -225.87630  -227.70082  1.89484   768
1207.00  0.03585  0.03489  0.01618  0.81268  -226.36610  -228.23945  1.89484   768
1208.00  0.03586  0.03489  0.01624  0.81268  -226.36763  -228.29133  1.89484   768
1209.00  0.03586  0.03489  0.01677  0.81268  -225.63063  -227.60164  1.89484   768
1210.00  0.03586  0.03489  0.01745  0.81268  -224.53047  -226.47249  1.89484   768
1211.00  0.03586  0.03489  0.01788  0.81268  -223.87892  -225.82246  1.89484   768
1212.00  0.03586  0.03489  0.01791  0.81268  -223.72481  -225.61037  1.89484   768
1213.00  0.03586  0.03489  0.01767  0.81268  -224.11543  -225.94758  1.89163   768
1214.00  0.03585  0.03489  0.01718  0.81268  -224.87379  -226.70595  1.89056   768
1215.00  0.03586  0.03489  0.01660  0.81268  -225.74354  -227.55434  1.89056   768
1216.00  0.03587  0.03489  0.01605  0.81268  -226.54616  -228.37221  1.89056   768
1217.00  0.03587  0.03489  0.01596  0.81268  -226.80403  -228.68501  1.89056   768
1218.00  0.03585  0.03489  0.01633  0.81268  -226.27455  -228.20894  1.89056   768
1219.00  0.03586  0.03489  0.01703  0.81268  -225.18812  -227.12556  1.89056   768
1220.00  0.03587  0.03489  0.01760  0.81268  -224.28328  -226.20088  1.89056   768
1221.00  0.03585  0.03489  0.01780  0.81268  -223.96895  -225.84993  1.89056   768
1222.00  0.03587  0.03489  0.01762  0.81268  -224.18104  -226.03914  1.89056   768
1223.00  0.03587  0.03489  0.01729  0.81268  -224.68001  -226.51826  1.89056   768
1224.00  0.03587  0.03489  0.01681  0.81268  -225.43532  -227.28883  1.87374   768
1225.00  0.03585  0.03489  0.01626  0.81268  -226.23030  -228.07771  1.86813   768
1226.00  0.03587  0.03489  0.01589  0.81268  -226.82844  -228.68959  1.86813   768
1227.00  0.03587  0.03489  0.01599  0.81268  -226.77351  -228.68349  1.86813   768
1228.00  0.03586  0.03489  0.01662  0.81268  -225.85188  -227.82136  1.86813   768
1229.00  0.03586  0.03489  0.01724  0.81268  -224.86922  -226.79597  1.86813   768
1230.00  0.03589  0.03489  0.01765  0.81268  -224.23445  -226.13527  1.86813   768
1231.00  0.03586  0.03489  0.01770  0.81268  -224.05745  -225.93843  1.86813   768
1232.00  0.03586  0.03489  0.01742  0.81268  -224.48775  -226.31532  1.86813   768
1233.00  0.03586  0.03489  0.01690  0.81268  -225.22932  -227.03859  1.86813   768
1234.00  0.03587  0.03489  0.01624  0.81268  -226.28523  -228.10365  1.86813   768
1235.00  0.03587  0.03489  0.01580  0.81268  -226.93526  -228.79182  1.88232   768
1236.00  0.03586  0.03489  0.01572  0.81268  -227.13972  -229.01308  1.89178   768
1237.00  0.03586  0.03489  0.01621  0.81268  -226.42409  -228.38594  1.89178   768
1238.00  0.03586  0.03489  0.01705  0.81268  -225.15608  -227.11030  1.89178   768
1239.00  0.03586  0.03489  0.01762  0.81268  -224.27107  -226.19630  1.89178   768
1240.00  0.03586  0.03489  0.01781  0.81268  -223.87892  -225.76143  1.89178   768
1241.00  0.03586  0.03489  0.01760  0.81268  -224.23598  -226.09254  1.89178   768
1242.00  0.03586  0.03489  0.01731  0.81268  -224.64796  -226.50453  1.89178   768
1243.00  0.03586  0.03489  0.01679  0.81268  -225.42311  -227.26137  1.89178   768
1244.00  0.03585  0.03489  0.01617  0.81268  -226.38899  -228.23335  1.89178   768
1245.00  0.03586  0.03489  0.01580  0.81268  -227.00697  -228.89406  1.89178   768
1246.00  0.03586  0.03489  0.01596  0.81268  -226.81471  -228.72316  3.60122   768
1247.00  0.03587  0.03489  0.01675  0.81268  -225.65657  -227.63216  4.99985   768
1248.00  0.03586  0.03489  0.01754  0.81268  -224.34126  -226.28633  4.99985   768
1249.00  0.03587  0.03489  0.01787  0.81268  -223.88045  -225.78432  4.99985   768
1250.00  0.03586  0.03489  0.01791  0.81268  -223.70344  -225.56459  4.99985   768
1251.00  0.03586  0.03489  0.01756  0.81268  -224.24361  -226.07118  4.99985   768
1252.00  0.03586  0.03489  0.01700  0.81268  -225.09810  -226.91041  4.99985   768
1253.00  0.03586  0.03489  0.01643  0.81268  -225.92207  -227.76338  4.99985   768
1254.00  0.03586  0.03489  0.01601  0.81268  -226.67128  -228.51106  4.99985   768
1255.00  0.03587  0.03489  0.01601  0.81268  -226.70332  -228.59956  4.99985   768
1256.00  0.03586  0.03489  0.01646  0.81268  -226.05788  -228.00600  4.99985   768
1257.00  0.03587  0.03489  0.01715  0.81268  -224.97908  -226.91499  4.99985   768
1258.00  0.03587  0.03489  0.01756  0.81268  -224.35042  -226.26497  4.99985   768
1259.00  0.03587  0.03489  0.01766  0.81268  -224.13985  -226.04982  4.99985   768
1260.00  0.03586  0.03489  0.01760  0.81268  -224.22377  -226.09559  4.99985   768
1261.00  0.03586  0.03489  0.01724  0.81268  -224.76088  -226.60829  4.99985   768
1262.00  0.03586  0.03489  0.01649  0.81268  -225.88087  -227.70692  4.99985   768
1263.00  0.03586  0.03489  0.01596  0.81268  -226.73842  -228.57057  4.99985   768
1264.00  0.03585  0.03489  0.01570  0.81268  -227.17177  -229.06648  4.99985   768
1265.00  0.03586  0.03489  0.01602  0.81268  -226.68959  -228.63008  4.99985   768
1266.00  0.03586  0.03489  0.01671  0.81268  -225.69014  -227.62758  4.99985   768
1267.00  0.03586  0.03489  0.01738  0.81268  -224.64339  -226.57320  4.99985   768
1268.00  0.03588  0.03489  0.01774  0.81268  -224.07271  -225.95674  4.99985   768
1269.00  0.03586  0.03489  0.01776  0.81268  -224.02235  -225.89570  4.99985   768
1270.00  0.03586  0.03489  0.01758  0.81268  -224.22835  -226.05897  4.99985   768
1271.00  0.03585  0.03489  0.01703  0.81268  -225.05232  -226.87379  4.99985   768
1272.00  0.03584  0.03489  0.01647  0.81268  -225.99684  -227.84120  4.99985   768
1273.00  0.03586  0.03489  0.01605  0.81268  -226.58430  -228.43935  4.99985   768
1274.00  0.03587  0.03489  0.01608  0.81268  -226.60261  -228.49428  4.99985   768
1275.00  0.03585  0.03489  0.01640  0.81268  -226.13875  -228.08534  4.99985   768
1276.00  0.03586  0.03489  0.01714  0.81268  -225.02943  -226.98518  4.99985   768
1277.00  0.03585  0.03489  0.01765  0.81268  -224.21309  -226.15816  4.99985   768
1278.00  0.03587  0.03489  0.01797  0.81268  -223.71565  -225.63325  4.99985   768
1279.00  0.03586  0.03489  0.01783  0.81268  -223.88655  -225.72938  4.99985   768
1280.00  0.03585  0.03489  0.01730  0.81268  -224.65101  -226.47249  4.99985   768
1281.00  0.03586  0.03489  0.01665  0.81268  -225.65657  -227.49177  4.99985   768
1282.00  0.03586  0.03489  0.01619  0.81268  -226.31575  -228.16316  4.99985   768
1283.00  0.03585  0.03489  0.01607  0.81268  -226.59651  -228.45918  4.99985   768
1284.00  0.03586  0.03489  0.01630  0.81268  -226.30049  -228.21046  4.99985   768
1285.00  0.03586  0.03489  0.01682  0.81268  -225.46889  -227.40175  4.99985   768
1286.00  0.03586  0.03489  0.01736  0.81268  -224.65712  -226.57167  4.99985   768
1287.00  0.03587  0.03489  0.01779  0.81268  -223.97963  -225.89876  4.99985   768
1288.00  0.03588  0.03489  0.01791  0.81268  -223.71565  -225.57985  4.99985   768
1289.00  0.03586  0.03489  0.01755  0.81268  -224.32753  -226.15510  4.99985   768
1290.00  0.03587  0.03489  0.01698  0.81268  -225.16676  -227.00654  4.99985   768
1291.00  0.03586  0.03489  0.01634  0.81268  -226.12501  -227.96174  4.99985   768
1292.00  0.03586  0.03489  0.01592  0.81268  -226.80250  -228.67280  4.99985   768
1293.00  0.03586  0.03489  0.01597  0.81268  -226.79335  -228.68654  4.99985   768
1294.00  0.03586  0.03489  0.01641  0.81268  -226.12196  -228.07313  4.99985   768
1295.00  0.03586  0.03489  0.01703  0.81268  -225.18507  -227.13624  4.99985   768
1296.00  0.03587  0.03489  0.01751  0.81268  -224.42976  -226.35652  4.99985   768
1297.00  0.03586  0.03489  0.01771  0.81268  -224.06355  -225.96437  4.99985   768
1298.00  0.03586  0.03489  0.01751  0.81268  -224.30159  -226.15663  4.99985   768
1299.00  0.03586  0.03489  0.01711  0.81268  -224.92567  -226.75477  4.99985   768
1300.00  0.03586  0.03489  0.01659  0.81268  -225.76033  -227.57265  4.99985   768
1301.00  0.03586  0.03489  0.01609  0.81268  -226.55531  -228.40730  4.99985   768
1302.00  0.03586  0.03489  0.01604  0.81268  -226.64839  -228.52632  4.99985   768
1303.00  0.03585  0.03489  0.01632  0.81268  -226.26234  -228.16926  4.99985   768
1304.00  0.03586  0.03489  0.01675  0.81268  -225.58790  -227.50093  4.99985   768
1305.00  0.03585  0.03489  0.01736  0.81268  -224.68764  -226.61592  4.99985   768
1306.00  0.03586  0.03489  0.01778  0.81268  -224.00557  -225.91402  4.99985   768
1307.00  0.03587  0.03489  0.01789  0.81268  -223.81483  -225.71565  4.99985   768
1308.00  0.03586  0.03489  0.01777  0.81268  -223.94148  -225.79347  4.99985   768
1309.00  0.03586  0.03489  0.01744  0.81268  -224.46791  -226.32600  4.99985   768
1310.00  0.03586  0.03489  0.01722  0.81268  -224.80818  -226.68306  4.99985   768
1311.00  0.03587  0.03489  0.01718  0.81268  -224.88753  -226.77156  4.99985   768
1312.00  0.03586  0.03489  0.01752  0.81268  -224.42824  -226.38246  4.99985   768
1313.00  0.03586  0.03489  0.01817  0.81268  -223.44099  -225.38759  4.99985   768
1314.00  0.03586  0.03489  0.01899  0.81268  -222.24165  -224.20503  4.99985   768
1315.00  0.03585  0.03489  0.01962  0.81268  -221.18880  -223.12471  4.99985   768
1316.00  0.03585  0.03489  0.01994  0.81268  -220.67763  -222.56471  4.99985   768
1317.00  0.03585  0.03489  0.01981  0.81268  -220.79512  -222.63490  4.99985   768
1318.00  0.03586  0.03489  0.01899  0.81268  -222.00514  -223.77778  4.99985   768
1319.00  0.03585  0.03489  0.01851  0.81268  -222.82301  -224.66585  4.99985   768
1320.00  0.03587  0.03489  0.01809  0.81268  -223.44404  -225.28230  4.99985   768
1321.00  0.03587  0.03489  0.01702  0.81268  -224.69527  -226.25429  4.99985   768
1322.00  0.03586  0.03489  0.01270  0.81268  -231.63344  -233.32979  4.99985   768
1323.00  0.03586  0.03489  0.01364  0.81268  -230.47530  -232.50886  4.99985   768
1324.00  0.03585  0.03489  0.01230  0.81268  -232.13698  -233.78603  4.99985   768
1325.00  0.03587  0.03489  0.01196  0.81268  -233.01894  -234.97468  4.99985   768
1326.00  0.03585  0.03489  0.01227  0.81268  -232.36281  -234.19649  4.99985   768
1327.00  0.03584  0.03489  0.01080  0.81268  -234.62569  -236.41817  4.99985   768
1328.00  0.03586  0.03489  0.01084  0.81268  -234.65926  -236.53871  4.99985   768
1329.00  0.03585  0.03489  0.01044  0.81268  -235.17042  -237.00258  4.99985   768
1330.00  0.03586  0.03489  0.01027  0.81268  -235.58852  -237.51375  4.99985   768
1331.00  0.03586  0.03489  0.01095  0.81268  -234.54329  -236.47310  4.99985   768
1332.00  0.03587  0.03489  0.01151  0.81268  -233.69795  -235.65218  4.99985   768
1333.00  0.03585  0.03489  0.01279  0.81268  -231.75246  -233.74330  4.99985   768
1334.00  0.03585  0.03489  0.01347  0.81268  -230.64009  -232.55922  4.99985   768
1335.00  0.03587  0.03489  0.01384  0.81268  -230.03889  -231.93361  4.99985   768
1336.00  0.03586  0.03489  0.01395  0.81268  -229.82069  -231.70320  4.99985   768
1337.00  0.03586  0.03489  0.01362  0.81268  -230.29524  -232.12129  4.99985   768
1338.00  0.03587  0.03489  0.01297  0.81268  -231.27943  -233.10853  4.99985   768
1339.00  0.03586  0.03489  0.01284  0.81268  -231.55562  -233.41676  4.99985   768
1340.00  0.03587  0.03489  0.01273  0.81268  -231.73415  -233.59987  4.99985   768
1341.00  0.03586  0.03489  0.01301  0.81268  -231.37709  -233.32368  4.99985   768
1342.00  0.03585  0.03489  0.01365  0.81268  -230.36543  -232.32576  4.99985   768
1343.00  0.03585  0.03489  0.01426  0.81268  -229.43465  -231.37056  4.99985   768
1344.00  0.03587  0.03489  0.01461  0.81268  -228.86092  -230.79225  4.99985   768
1345.00  0.03586  0.03489  0.01471  0.81268  -228.69307  -230.57863  4.99985   768
1346.00  0.03586  0.03489  0.01424  0.81268  -229.32326  -231.16304  4.99985   768
1347.00  0.03586  0.03489  0.01365  0.81268  -230.25709  -232.06178  4.99985   768
1348.00  0.03586  0.03489  0.01307  0.81268  -231.14516  -232.98189  4.99985   768
1349.00  0.03585  0.03489  0.01287  0.81268  -231.48848  -233.37251  4.99985   768
1350.00  0.03586  0.03489  0.01304  0.81268  -231.30995  -233.21077  4.99985   768
1351.00  0.03586  0.03489  0.01344  0.81268  -230.65230  -232.57753  4.99985   768
1352.00  0.03586  0.03489  0.01411  0.81268  -229.64369  -231.58266  4.99985   768
1353.00  0.03586  0.03489  0.01450  0.81268  -229.03334  -230.92805  4.99985   768
1354.00  0.03585  0.03489  0.01472  0.81268  -228.67781  -230.56795  4.99985   768
1355.00  0.03586  0.03489  0.01470  0.81268  -228.62593  -230.47182  4.99985   768
1356.00  0.03585  0.03489  0.01426  0.81268  -229.34920  -231.19661  4.99985   768
1357.00  0.03587  0.03489  0.01399  0.81268  -229.77339  -231.62996  4.99985   768
1358.00  0.03586  0.03489  0.01385  0.81268  -229.98091  -231.87105  4.99985   768
1359.00  0.03586  0.03489  0.01391  0.81268  -229.94734  -231.85579  4.99985   768
1360.00  0.03585  0.03489  0.01468  0.81268  -228.82429  -230.80293  4.99985   768
1361.00  0.03586  0.03489  0.01555  0.81268  -227.51509  -229.50441  4.99985   768
1362.00  0.03586  0.03489  0.01650  0.81268  -226.02888  -228.01057  4.99985   768
1363.00  0.03587  0.03489  0.01689  0.81268  -225.38344  -227.28120  4.99985   768
1364.00  0.03586  0.03489  0.01700  0.81268  -225.14540  -227.02943  4.99985   768
1365.00  0.03586  0.03489  0.01697  0.81268  -225.22475  -227.09199  4.99985   768
1366.00  0.03585  0.03489  0.01657  0.81268  -225.77864  -227.60469  4.99985   768
1367.00  0.03585  0.03489  0.01618  0.81268  -226.33711  -228.17995  4.99985   768
1368.00  0.03586  0.03489  0.01614  0.81268  -226.46223  -228.30049  4.99985   768
1369.00  0.03586  0.03489  0.01569  0.81268  -227.19771  -229.06953  4.99985   768
1370.00  0.03585  0.03489  0.01689  0.81268  -225.44600  -227.46126  4.99985   768
1371.00  0.03587  0.03489  0.01802  0.81268  -223.68819  -225.64393  4.99985   768
1372.00  0.03586  0.03489  0.01877  0.81268  -222.52241  -224.45833  4.99985   768
1373.00  0.03584  0.03489  0.01901  0.81268  -222.12874  -224.01124  4.99985   768
1374.00  0.03586  0.03489  0.01836  0.81268  -222.90236  -224.65364  4.99985   768
1375.00  0.03586  0.03489  0.01682  0.81268  -225.37733  -227.16066  4.99985   768
1376.00  0.03585  0.03489  0.01575  0.81268  -227.00239  -228.80403  4.99985   768
1377.00  0.03587  0.03489  0.01488  0.81268  -228.34669  -230.15596  4.99985   768
1378.00  0.03586  0.03489  0.01395  0.81268  -229.78407  -231.58571  4.99985   768
1379.00  0.03586  0.03489  0.01374  0.81268  -230.16249  -232.06636  4.99985   768
1380.00  0.03587  0.03489  0.01345  0.81268  -230.59431  -232.43715  4.99985   768
1381.00  0.03586  0.03489  0.01369  0.81268  -230.29677  -232.20979  4.99985   768
1382.00  0.03587  0.03489  0.01378  0.81268  -230.11671  -231.98091  4.99985   768
1383.00  0.03587  0.03489  0.01306  0.81268  -231.14668  -232.93306  4.99985   768
1384.00  0.03586  0.03489  0.01263  0.81268  -231.83638  -233.67158  4.99985   768
1385.00  0.03586  0.03489  0.01197  0.81268  -232.76869  -234.54286  4.99985   768
1386.00  0.03586  0.03489  0.01103  0.81268  -234.26405  -236.07790  4.99985   768
1387.00  0.03586  0.03489  0.01086  0.81268  -234.55550  -236.43343  4.99985   768
1388.00  0.03586  0.03489  0.01077  0.81268  -234.77675  -236.66994  4.99985   768
1389.00  0.03584  0.03489  0.01125  0.81268  -234.04433  -235.98634  4.99985   768
1390.00  0.03586  0.03489  0.01207  0.81268  -232.85261  -234.80379  4.99985   768
1391.00  0.03585  0.03489  0.01244  0.81268  -232.21785  -234.11714  4.99985   768
1392.00  0.03587  0.03489  0.01244  0.81268  -232.13087  -234.02559  4.99985   768
1393.00  0.03585  0.03489  0.01228  0.81268  -232.39332  -234.25752  4.99985   768
1394.00  0.03587  0.03489  0.01179  0.81268  -233.13032  -234.98537  4.99985   768
1395.00  0.03586  0.03489  0.01121  0.81268  -233.99245  -235.83528  4.99985   768
1396.00  0.03586  0.03489  0.01084  0.81268  -234.60432  -236.45631  4.99985   768
1397.00  0.03586  0.03489  0.01085  0.81268  -234.61043  -236.51430  4.99985   768
1398.00  0.03585  0.03489  0.01111  0.81268  -234.26100  -236.17403  4.99985   768
1399.00  0.03585  0.03489  0.01167  0.81268  -233.43397  -235.36684  4.99985   768
1400.00  0.03584  0.03489  0.01232  0.81268  -232.39790  -234.31856  4.99985   768
1401.00  0.03585  0.03489  0.01256  0.81268  -231.95845  -233.84096  4.99985   768
1402.00  0.03585  0.03489  0.01231  0.81268  -232.32619  -234.17818  4.99985   768
1403.00  0.03586  0.03489  0.01186  0.81268  -233.00520  -234.83125  4.99985   768
1404.00  0.03586  0.03489  0.01113  0.81268  -234.05348  -235.83986  4.99985   768
1405.00  0.03586  0.03489  0.01038  0.81268  -235.24367  -237.07124  4.99985   768
1406.00  0.03587  0.03489  0.01005  0.81268  -235.78841  -237.66176  4.99985   768
1407.00  0.03585  0.03489  0.01017  0.81268  -235.69228  -237.58699  4.99985   768
1408.00  0.03585  0.03489  0.01069  0.81268  -234.96748  -236.93086  4.99985   768
1409.00  0.03585  0.03489  0.01135  0.81268  -233.88869  -235.83681  4.99985   768
1410.00  0.03586  0.03489  0.01174  0.81268  -233.26155  -235.16389  4.99985   768
1411.00  0.03586  0.03489  0.01181  0.81268  -233.13032  -235.01588  4.99985   768
1412.00  0.03586  0.03489  0.01147  0.81268  -233.65370  -235.52400  4.99985   768
1413.00  0.03587  0.03489  0.01110  0.81268  -234.16792  -236.00160  4.99985   768
1414.00  0.03585  0.03489  0.01060  0.81268  -234.94002  -236.80727  4.99985   768
1415.00  0.03584  0.03489  0.01011  0.81268  -235.67091  -237.49849  4.99985   768
1416.00  0.03586  0.03489  0.00989  0.81268  -236.10884  -237.96846  4.99985   768
1417.00  0.03585  0.03489  0.01019  0.81268  -235.66939  -237.59462  4.99985   768
1418.00  0.03586  0.03489  0.01075  0.81268  -234.81032  -236.73250  4.99985   768
1419.00  0.03585  0.03489  0.01123  0.81268  -234.07179  -235.98024  4.99985   768
1420.00  0.03586  0.03489  0.01143  0.81268  -233.74068  -235.60792  4.99985   768
1421.00  0.03586  0.03489  0.01117  0.81268  -234.01686  -235.84596  4.99985   768
1422.00  0.03585  0.03489  0.01050  0.81268  -235.07887  -236.89119  4.99985   768
1423.00  0.03585  0.03489  0.00985  0.81268  -236.04933  -237.87843  4.99985   768
1424.00  0.03586  0.03489  0.00937  0.81268  -236.89314  -238.76039  4.99985   768
1425.00  0.03586  0.03489  0.00914  0.81268  -237.21663  -239.11287  4.99985   768
1426.00  0.03585  0.03489  0.00927  0.81268  -237.04726  -238.95875  4.99985   768
1427.00  0.03584  0.03489  0.00972  0.81268  -236.46895  -238.42165  4.99985   768
1428.00  0.03586  0.03489  0.01040  0.81268  -235.36574  -237.31233  4.99985   768
1429.00  0.03585  0.03489  0.01080  0.81268  -234.68520  -236.58296  4.99985   768
1430.00  0.03584  0.03489  0.01088  0.81268  -234.58754  -236.47615  4.99985   768
1431.00  0.03586  0.03489  0.01063  0.81268  -234.88509  -236.72334  4.99985   768
1432.00  0.03585  0.03489  0.00997  0.81268  -235.91505  -237.71364  4.99985   768
1433.00  0.03587  0.03489  0.00935  0.81268  -236.84889  -238.68104  4.99985   768
1434.00  0.03585  0.03489  0.00894  0.81268  -237.55232  -239.39210  4.99985   768
1435.00  0.03587  0.03489  0.00886  0.81268  -237.70338  -239.57216  4.99985   768
1436.00  0.03585  0.03489  0.00925  0.81268  -237.09151  -239.01063  4.99985   768
1437.00  0.03586  0.03489  0.00988  0.81268  -236.17903  -238.10579  4.99985   768
1438.00  0.03586  0.03489  0.01034  0.81268  -235.44051  -237.35200  4.99985   768
1439.00  0.03584  0.03489  0.01054  0.81268  -235.05904  -236.95528  4.99985   768
1440.00  0.03586  0.03489  0.01046  0.81268  -235.19484  -237.05141  4.99985   768
1441.00  0.03585  0.03489  0.00999  0.81268  -235.91048  -237.75484  4.99985   768
1442.00  0.03586  0.03489  0.00944  0.81268  -236.67342  -238.50709  4.99985   768
1443.00  0.03585  0.03489  0.00890  0.81268  -237.58437  -239.41957  4.99985   768
1444.00  0.03585  0.03489  0.00865  0.81268  -237.99330  -239.87886  4.99985   768
1445.00  0.03586  0.03489  0.00897  0.81268  -237.56758  -239.51570  4.99985   768
1446.00  0.03585  0.03489  0.00963  0.81268  -236.61543  -238.57881  4.99985   768
1447.00  0.03586  0.03489  0.01028  0.81268  -235.55647  -237.51375  4.99985   768
1448.00  0.03586  0.03489  0.01067  0.81268  -234.93849  -236.84236  4.99985   768
1449.00  0.03587  0.03489  0.01066  0.81268  -234.89729  -236.76149  4.99985   768
1450.00  0.03586  0.03489  0.01029  0.81268  -235.41304  -237.25435  4.99985   768
1451.00  0.03585  0.03489  0.00978  0.81268  -236.15919  -237.99440  4.99985   768
1452.00  0.03586  0.03489  0.00909  0.81268  -237.24104  -239.04115  4.99985   768
1453.00  0.03585  0.03489  0.00862  0.81268  -238.00703  -239.86208  4.99985   768
1454.00  0.03586  0.03489  0.00879  0.81268  -237.80257  -239.70338  4.99985   768
1455.00  0.03586  0.03489  0.00919  0.81268  -237.18764  -239.11897  4.99985   768
1456.00  0.03586  0.03489  0.00987  0.81268  -236.17293  -238.14241  4.99985   768
1457.00  0.03586  0.03489  0.01046  0.81268  -235.26045  -237.17042  4.99985   768
1458.00  0.03585  0.03489  0.01050  0.81268  -235.13991  -237.02852  4.99985   768
1459.00  0.03585  0.03489  0.01034  0.81268  -235.42525  -237.30318  4.99985   768
1460.00  0.03585  0.03489  0.00983  0.81268  -236.06764  -237.88759  4.99985   768
1461.00  0.03584  0.03489  0.00914  0.81268  -237.18306  -239.02132  4.99985   768
1462.00  0.03585  0.03489  0.00870  0.81268  -237.90175  -239.77510  4.99985   768
1463.00  0.03586  0.03489  0.00849  0.81268  -238.22829  -240.10774  4.99985   768
1464.00  0.03585  0.03489  0.00875  0.81268  -237.84071  -239.78731  4.99985   768
1465.00  0.03584  0.03489  0.00879  0.81268  -237.80867  -239.70033  4.99985   768
1466.00  0.03585  0.03489  0.00953  0.81268  -236.68562  -238.64900  4.99985   768
1467.00  0.03586  0.03489  0.01004  0.81268  -235.83266  -237.71669  4.99985   768
1468.00  0.03587  0.03489  0.00970  0.81268  -236.34840  -238.20039  4.99985   768
1469.00  0.03586  0.03489  0.00961  0.81268  -236.47353  -238.33620  4.99985   768
1470.00  0.03585  0.03489  0.00888  0.81268  -237.53096  -239.31734  4.99985   768
1471.00  0.03585  0.03489  0.00809  0.81268  -238.81270  -240.62807  4.99985   768
1472.00  0.03585  0.03489  0.00807  0.81268  -238.86458  -240.75471  4.99985   768
1473.00  0.03585  0.03489  0.00800  0.81268  -238.99275  -240.87984  4.99985   768
1474.00  0.03584  0.03489  0.00850  0.81268  -238.29390  -240.25270  4.99985   768
1475.00  0.03586  0.03489  0.00927  0.81268  -237.10066  -239.06709  4.99985   768
1476.00  0.03585  0.03489  0.00979  0.81268  -236.25075  -238.17750  4.99985   768
1477.00  0.03585  0.03489  0.00995  0.81268  -236.03865  -237.94099  4.99985   768
1478.00  0.03584  0.03489  0.00977  0.81268  -236.27516  -238.13478  4.99985   768
1479.00  0.03585  0.03489  0.00919  0.81268  -237.07930  -238.92671  4.99985   768
1480.00  0.03586  0.03489  0.00867  0.81268  -237.89564  -239.72017  4.99985   768
1481.00  0.03586  0.03489  0.00802  0.81268  -238.91646  -240.76387  4.99985   768
1482.00  0.03585  0.03489  0.00793  0.81268  -239.09651  -240.98360  4.99985   768
1483.00  0.03585  0.03489  0.00825  0.81268  -238.65706  -240.57313  4.99985   768
1484.00  0.03585  0.03489  0.00880  0.81268  -237.82088  -239.76594  4.99985   768
1485.00  0.03586  0.03489  0.00962  0.81268  -236.58491  -238.52998  4.99985   768
1486.00  0.03584  0.03489  0.00988  0.81268  -236.06154  -237.94405  4.99985   768
1487.00  0.03585  0.03489  0.00985  0.81268  -236.15767  -238.02797  4.99985   768
1488.00  0.03584  0.03489  0.00970  0.81268  -236.37282  -238.23549  4.99985   768
1489.00  0.03585  0.03489  0.00915  0.81268  -237.16170  -238.97401  4.99985   768
1490.00  0.03585  0.03489  0.00852  0.81268  -238.15962  -240.00551  4.99985   768
1491.00  0.03585  0.03489  0.00825  0.81268  -238.57924  -240.45717  4.99985   768
1492.00  0.03586  0.03489  0.00825  0.81268  -238.65401  -240.55177  4.99985   768
1493.00  0.03586  0.03489  0.00882  0.81268  -237.76900  -239.73390  4.99985   768
1494.00  0.03584  0.03489  0.00952  0.81268  -236.71461  -238.66884  4.99985   768
1495.00  0.03585  0.03489  0.00991  0.81268  -236.08900  -238.00813  4.99985   768
1496.00  0.03585  0.03489  0.01014  0.81268  -235.73653  -237.63124  4.99985   768
1497.00  0.03585  0.03489  0.00988  0.81268  -236.07527  -237.92573  4.99985   768
1498.00  0.03585  0.03489  0.00940  0.81268  -236.76802  -238.61848  4.99985   768
1499.00  0.03585  0.03489  0.00880  0.81268  -237.66829  -239.47755  4.99985   768
1500.00  0.03585  0.03489  0.00829  0.81268  -238.52126  -240.35646  4.99985   768
1501.00  0.03586  0.03489  0.00821  0.81268  -238.70131  -240.59145  4.99985   768
1502.00  0.03585  0.03489  0.00854  0.81268  -238.18098  -240.07112  4.99985   768
1503.00  0.03585  0.03489  0.00921  0.81268  -237.20290  -239.15407  4.99985   768
1504.00  0.03587  0.03489  0.00986  0.81268  -236.19582  -238.12562  4.99985   768
1505.00  0.03585  0.03489  0.01017  0.81268  -235.66939  -237.57021  4.99985   768
1506.00  0.03587  0.03489  0.01014  0.81268  -235.67549  -237.54274  4.99985   768
1507.00  0.03586  0.03489  0.00969  0.81268  -236.30720  -238.14546  4.99985   768
1508.00  0.03585  0.03489  0.00919  0.81268  -237.11745  -238.96333  4.99985   768
1509.00  0.03586  0.03489  0.00871  0.81268  -237.83766  -239.69881  4.99985   768
1510.00  0.03584  0.03489  0.00826  0.81268  -238.55330  -240.41750  4.99985   768
1511.00  0.03586  0.03489  0.00849  0.81268  -238.28627  -240.22371  4.99985   768
1512.00  0.03585  0.03489  0.00911  0.81268  -237.33412  -239.29140  4.99985   768
1513.00  0.03585  0.03489  0.00964  0.81268  -236.52998  -238.45521  4.99985   768
1514.00  0.03585  0.03489  0.01025  0.81268  -235.60683  -237.54732  4.99985   768
1515.00  0.03586  0.03489  0.01030  0.81268  -235.38557  -237.25587  4.99985   768
1516.00  0.03587  0.03489  0.00996  0.81268  -235.90742  -237.76094  4.99985   768
1517.00  0.03585  0.03489  0.00947  0.81268  -236.65053  -238.45521  4.99985   768
1518.00  0.03586  0.03489  0.00874  0.81268  -237.79951  -239.61641  4.99985   768
1519.00  0.03586  0.03489  0.00841  0.81268  -238.31526  -240.16115  4.99985   768
1520.00  0.03586  0.03489  0.00829  0.81268  -238.54262  -240.42818  4.99985   768
1521.00  0.03585  0.03489  0.00871  0.81268  -237.99940  -239.93532  4.99985   768
1522.00  0.03585  0.03489  0.00952  0.81268  -236.75124  -238.71461  4.99985   768
1523.00  0.03585  0.03489  0.01008  0.81268  -235.84639  -237.79146  4.99985   768
1524.00  0.03585  0.03489  0.01042  0.81268  -235.28181  -237.17042  4.99985   768
1525.00  0.03584  0.03489  0.01035  0.81268  -235.37642  -237.25130  4.99985   768
1526.00  0.03586  0.03489  0.00990  0.81268  -236.06306  -237.89217  4.99985   768
1527.00  0.03585  0.03489  0.00933  0.81268  -236.91603  -238.76497  4.99985   768
1528.00  0.03585  0.03489  0.00871  0.81268  -237.83308  -239.67744  4.99985   768
1529.00  0.03586  0.03489  0.00837  0.81268  -238.40834  -240.27101  4.99985   768
1530.00  0.03585  0.03489  0.00862  0.81268  -238.09553  -240.01771  4.99985   768
1531.00  0.03586  0.03489  0.00914  0.81268  -237.33107  -239.29597  4.99985   768
1532.00  0.03584  0.03489  0.00999  0.81268  -235.97304  -237.95320  4.99985   768
1533.00  0.03586  0.03489  0.01051  0.81268  -235.14906  -237.03920  4.99985   768
1534.00  0.03584  0.03489  0.01054  0.81268  -235.06972  -236.94002  4.99985   768
1535.00  0.03585  0.03489  0.01031  0.81268  -235.45424  -237.30012  4.99985   768
1536.00  0.03586  0.03489  0.00979  0.81268  -236.16225  -237.97609  4.99985   768
1537.00  0.03585  0.03489  0.00911  0.81268  -237.22273  -239.03200  4.99985   768
1538.00  0.03585  0.03489  0.00866  0.81268  -237.93379  -239.79036  4.99985   768
1539.00  0.03585  0.03489  0.00850  0.81268  -238.19929  -240.08333  4.99985   768
1540.00  0.03586  0.03489  0.00899  0.81268  -237.54317  -239.48823  4.99985   768
1541.00  0.03584  0.03489  0.00960  0.81268  -236.61391  -238.56050  4.99985   768
1542.00  0.03586  0.03489  0.01022  0.81268  -235.61598  -237.57783  4.99985   768
1543.00  0.03585  0.03489  0.01049  0.81268  -235.17500  -237.06361  4.99985   768
1544.00  0.03586  0.03489  0.01046  0.81268  -235.21315  -237.09566  4.99985   768
1545.00  0.03585  0.03489  0.00997  0.81268  -235.91353  -237.73500  4.99985   768
1546.00  0.03585  0.03489  0.00936  0.81268  -236.81380  -238.64748  4.99985   768
1547.00  0.03585  0.03489  0.00885  0.81268  -237.64387  -239.48976  4.99985   768
1548.00  0.03586  0.03489  0.00849  0.81268  -238.23134  -240.08028  4.99985   768
1549.00  0.03585  0.03489  0.00872  0.81268  -237.92769  -239.84682  4.99985   768
1550.00  0.03585  0.03489  0.00930  0.81268  -237.03505  -238.97249  4.99985   768
1551.00  0.03585  0.03489  0.01007  0.81268  -235.90132  -237.83876  4.99985   768
1552.00  0.03586  0.03489  0.01056  0.81268  -235.08803  -236.99953  4.99985   768
1553.00  0.03585  0.03489  0.01067  0.81268  -234.86830  -236.75539  4.99985   768
1554.00  0.03585  0.03489  0.01041  0.81268  -235.25740  -237.08345  4.99985   768
1555.00  0.03585  0.03489  0.00993  0.81268  -235.95167  -237.77467  4.99985   768
1556.00  0.03584  0.03489  0.00935  0.81268  -236.87941  -238.70698  4.99985   768
1557.00  0.03585  0.03489  0.00883  0.81268  -237.72932  -239.58894  4.99985   768
1558.00  0.03585  0.03489  0.00877  0.81268  -237.80409  -239.69575  4.99985   768
1559.00  0.03585  0.03489  0.00931  0.81268  -237.03657  -238.98775  4.99985   768
1560.00  0.03584  0.03489  0.00994  0.81268  -236.09206  -238.05391  4.99985   768
1561.00  0.03585  0.03489  0.01065  0.81268  -234.98427  -236.93239  4.99985   768
1562.00  0.03585  0.03489  0.01094  0.81268  -234.49751  -236.40749  4.99985   768
1563.00  0.03585  0.03489  0.01084  0.81268  -234.61195  -236.49141  4.99985   768
1564.00  0.03585  0.03489  0.01043  0.81268  -235.22383  -237.04530  4.99985   768
1565.00  0.03585  0.03489  0.00992  0.81268  -235.95015  -237.78688  4.99985   768
1566.00  0.03585  0.03489  0.00931  0.81268  -236.95113  -238.79549  4.99985   768
1567.00  0.03585  0.03489  0.00918  0.81268  -237.17390  -239.05336  4.99985   768
1568.00  0.03585  0.03489  0.00941  0.81268  -236.86568  -238.78480  4.99985   768
1569.00  0.03585  0.03489  0.01003  0.81268  -235.95015  -237.89217  4.99985   768
1570.00  0.03585  0.03489  0.01074  0.81268  -234.87288  -236.81489  4.99985   768
1571.00  0.03586  0.03489  0.01117  0.81268  -234.11909  -236.03212  4.99985   768
1572.00  0.03585  0.03489  0.01138  0.81268  -233.79866  -235.69337  4.99985   768
1573.00  0.03587  0.03489  0.01105  0.81268  -234.23811  -236.07332  4.99985   768
1574.00  0.03585  0.03489  0.01051  0.81268  -235.05904  -236.91560  4.99985   768
1575.00  0.03585  0.03489  0.00987  0.81268  -236.06764  -237.91048  4.99985   768
1576.00  0.03586  0.03489  0.00948  0.81268  -236.70698  -238.56660  4.99985   768
1577.00  0.03585  0.03489  0.00941  0.81268  -236.83974  -238.74818  4.99985   768
1578.00  0.03586  0.03489  0.01001  0.81268  -235.98982  -237.94405  4.99985   768
1579.00  0.03586  0.03489  0.01067  0.81268  -234.99953  -236.96901  4.99985   768
1580.00  0.03584  0.03489  0.01122  0.81268  -234.09468  -236.01839  4.99985   768
1581.00  0.03583  0.03489  0.01157  0.81268  -233.53773  -235.44618  4.99985   768
1582.00  0.03586  0.03489  0.01142  0.81268  -233.71626  -235.56367  4.99985   768
1583.00  0.03585  0.03489  0.01093  0.81268  -234.37392  -236.19844  4.99985   768
1584.00  0.03586  0.03489  0.01035  0.81268  -235.32454  -237.14754  4.99985   768
1585.00  0.03585  0.03489  0.00981  0.81268  -236.15767  -237.97151  4.99985   768
1586.00  0.03585  0.03489  0.00959  0.81268  -236.54829  -238.41859  4.99985   768
1587.00  0.03585  0.03489  0.00992  0.81268  -236.08748  -238.00966  4.99985   768
1588.00  0.03584  0.03489  0.01064  0.81268  -234.99190  -236.94612  4.99985   768
1589.00  0.03586  0.03489  0.01127  0.81268  -234.05196  -235.96803  4.99985   768
1590.00  0.03586  0.03489  0.01186  0.81268  -233.13032  -235.06013  4.99985   768
1591.00  0.03584  0.03489  0.01192  0.81268  -232.93654  -234.83430  4.99985   768
1592.00  0.03585  0.03489  0.01153  0.81268  -233.53316  -235.38362  4.99985   768
1593.00  0.03584  0.03489  0.01096  0.81268  -234.39833  -236.24269  4.99985   768
1594.00  0.03585  0.03489  0.01044  0.81268  -235.21468  -237.08955  4.99985   768
1595.00  0.03584  0.03489  0.01005  0.81268  -235.82198  -237.66176  4.99985   768
1596.00  0.03586  0.03489  0.01013  0.81268  -235.74416  -237.65718  4.99985   768
1597.00  0.03585  0.03489  0.01068  0.81268  -234.96748  -236.92171  4.99985   768
1598.00  0.03586  0.03489  0.01142  0.81268  -233.80019  -235.74525  4.99985   768
1599.00  0.03585  0.03489  0.01212  0.81268  -232.75496  -234.69850  4.99985   768
1600.00  0.03584  0.03489  0.01257  0.81268  -231.97676  -233.88521  4.99985   768
1601.00  0.03585  0.03489  0.01241  0.81268  -232.18123  -234.01643  4.99985   768
1602.00  0.03586  0.03489  0.01209  0.81268  -232.65120  -234.49708  4.99985   768
1603.00  0.03585  0.03489  0.01151  0.81268  -233.54536  -235.35005  4.99985   768
1604.00  0.03585  0.03489  0.01100  0.81268  -234.33882  -236.17555  4.99985   768
1605.00  0.03585  0.03489  0.01086  0.81268  -234.61653  -236.50667  4.99985   768
1606.00  0.03585  0.03489  0.01121  0.81268  -234.11909  -236.02907  4.99985   768
1607.00  0.03585  0.03489  0.01195  0.81268  -233.00062  -234.97011  4.99985   768
1608.00  0.03584  0.03489  0.01263  0.81268  -231.91725  -233.87147  4.99985   768
1609.00  0.03586  0.03489  0.01293  0.81268  -231.43660  -233.32979  4.99985   768
1610.00  0.03584  0.03489  0.01308  0.81268  -231.19856  -233.08717  4.99985   768
1611.00  0.03586  0.03489  0.01275  0.81268  -231.66548  -233.51442  4.99985   768
1612.00  0.03584  0.03489  0.01218  0.81268  -232.51234  -234.34755  4.99985   768
1613.00  0.03586  0.03489  0.01148  0.81268  -233.53316  -235.35921  4.99985   768
1614.00  0.03586  0.03489  0.01110  0.81268  -234.20912  -236.07179  4.99985   768
1615.00  0.03584  0.03489  0.01117  0.81268  -234.15419  -236.05958  4.99985   768
1616.00  0.03584  0.03489  0.01171  0.81268  -233.36531  -235.30122  4.99985   768
1617.00  0.03585  0.03489  0.01248  0.81268  -232.21785  -234.15834  4.99985   768
1618.00  0.03586  0.03489  0.01304  0.81268  -231.27486  -233.17873  4.99985   768
1619.00  0.03585  0.03489  0.01323  0.81268  -230.97578  -232.85371  4.99985   768
1620.00  0.03585  0.03489  0.01301  0.81268  -231.24739  -233.07954  4.99985   768
1621.00  0.03584  0.03489  0.01255  0.81268  -231.88673  -233.71583  4.99985   768
1622.00  0.03586  0.03489  0.01201  0.81268  -232.79921  -234.64509  4.99985   768
1623.00  0.03584  0.03489  0.01161  0.81268  -233.36531  -235.19441  4.99985   768
1624.00  0.03586  0.03489  0.01153  0.81268  -233.64760  -235.55147  4.99985   768
1625.00  0.03584  0.03489  0.01181  0.81268  -233.19136  -235.11201  4.99985   768
1626.00  0.03584  0.03489  0.01251  0.81268  -232.15376  -234.12172  4.99985   768
1627.00  0.03584  0.03489  0.01325  0.81268  -231.01088  -232.96968  4.99985   768
1628.00  0.03585  0.03489  0.01372  0.81268  -230.22658  -232.15028  4.99985   768
1629.00  0.03585  0.03489  0.01378  0.81268  -230.14876  -232.02516  4.99985   768
1630.00  0.03584  0.03489  0.01348  0.81268  -230.53023  -232.38374  4.99985   768
1631.00  0.03584  0.03489  0.01296  0.81268  -231.29927  -233.12227  4.99985   768
1632.00  0.03586  0.03489  0.01236  0.81268  -232.24837  -234.06831  4.99985   768
1633.00  0.03585  0.03489  0.01222  0.81268  -232.49861  -234.38112  4.99985   768
1634.00  0.03584  0.03489  0.01236  0.81268  -232.32161  -234.23921  4.99985   768
1635.00  0.03586  0.03489  0.01293  0.81268  -231.48085  -233.40456  4.99985   768
1636.00  0.03584  0.03489  0.01374  0.81268  -230.26015  -232.20674  4.99985   768
1637.00  0.03585  0.03489  0.01435  0.81268  -229.24391  -231.17372  4.99985   768
1638.00  0.03584  0.03489  0.01463  0.81268  -228.81666  -230.73122  4.99985   768
1639.00  0.03585  0.03489  0.01452  0.81268  -228.92348  -230.77241  4.99985   768
1640.00  0.03584  0.03489  0.01403  0.81268  -229.63148  -231.46211  4.99985   768
1641.00  0.03584  0.03489  0.01333  0.81268  -230.76826  -232.58363  4.99985   768
1642.00  0.03585  0.03489  0.01279  0.81268  -231.63801  -233.47475  4.99985   768
1643.00  0.03584  0.03489  0.01273  0.81268  -231.72499  -233.65022  4.99985   768
1644.00  0.03585  0.03489  0.01304  0.81268  -231.29774  -233.24586  4.99985   768
1645.00  0.03585  0.03489  0.01364  0.81268  -230.39137  -232.34712  4.99985   768
1646.00  0.03585  0.03489  0.01427  0.81268  -229.41939  -231.37208  4.99985   768
1647.00  0.03585  0.03489  0.01460  0.81268  -228.84566  -230.74495  4.99985   768
1648.00  0.03584  0.03489  0.01457  0.81268  -228.91890  -230.78004  4.99985   768
1649.00  0.03585  0.03489  0.01419  0.81268  -229.44075  -231.29426  4.99985   768
1650.00  0.03584  0.03489  0.01367  0.81268  -230.19911  -232.00380  4.99985   768
1651.00  0.03585  0.03489  0.01302  0.81268  -231.25807  -233.08717  4.99985   768
1652.00  0.03585  0.03489  0.01277  0.81268  -231.64412  -233.49763  4.99985   768
1653.00  0.03584  0.03489  0.01293  0.81268  -231.44423  -233.34657  4.99985   768
1654.00  0.03585  0.03489  0.01355  0.81268  -230.57295  -232.53328  4.99985   768
1655.00  0.03586  0.03489  0.01429  0.81268  -229.36903  -231.31410  4.99985   768
1656.00  0.03584  0.03489  0.01491  0.81268  -228.43367  -230.36806  4.99985   768
1657.00  0.03584  0.03489  0.01516  0.81268  -228.02626  -229.93165  4.99985   768
1658.00  0.03585  0.03489  0.01507  0.81268  -228.11781  -229.99422  4.99985   768
1659.00  0.03584  0.03489  0.01473  0.81268  -228.63356  -230.47334  4.99985   768
1660.00  0.03584  0.03489  0.01423  0.81268  -229.35377  -231.21950  4.99985   768
1661.00  0.03584  0.03489  0.01383  0.81268  -230.00075  -231.87105  4.99985   768
1662.00  0.03583  0.03489  0.01385  0.81268  -230.07094  -231.98549  4.99985   768
1663.00  0.03584  0.03489  0.01438  0.81268  -229.26222  -231.20424  4.99985   768
1664.00  0.03584  0.03489  0.01514  0.81268  -228.11629  -230.06898  4.99985   768
1665.00  0.03582  0.03489  0.01585  0.81268  -227.01460  -228.96120  4.99985   768
1666.00  0.03585  0.03489  0.01624  0.81268  -226.34779  -228.26539  4.99985   768
1667.00  0.03584  0.03489  0.01631  0.81268  -226.19978  -228.07008  4.99985   768
1668.00  0.03584  0.03489  0.01604  0.81268  -226.59193  -228.42103  4.99985   768
1669.00  0.03585  0.03489  0.01548  0.81268  -227.40980  -229.20991  4.99985   768
1670.00  0.03584  0.03489  0.01502  0.81268  -228.18495  -230.02321  4.99985   768
1671.00  0.03586  0.03489  0.01466  0.81268  -228.72969  -230.58626  4.99985   768
1672.00  0.03586  0.03489  0.01494  0.81268  -228.34212  -230.25056  4.99985   768
1673.00  0.03584  0.03489  0.01549  0.81268  -227.49678  -229.46779  4.99985   768
1674.00  0.03584  0.03489  0.01614  0.81268  -226.54463  -228.48360  4.99985   768
1675.00  0.03584  0.03489  0.01672  0.81268  -225.66878  -227.59706  4.99985   768
1676.00  0.03585  0.03489  0.01674  0.81268  -225.57112  -227.46736  4.99985   768
1677.00  0.03585  0.03489  0.01644  0.81268  -225.96937  -227.81679  4.99985   768
1678.00  0.03584  0.03489  0.01593  0.81268  -226.76131  -228.59651  4.99985   768
1679.00  0.03585  0.03489  0.01519  0.81268  -227.87215  -229.69362  4.99985   768
1680.00  0.03584  0.03489  0.01474  0.81268  -228.60762  -230.45045  4.99985   768
1681.00  0.03585  0.03489  0.01468  0.81268  -228.72816  -230.64424  4.99985   768
1682.00  0.03584  0.03489  0.01515  0.81268  -228.05067  -229.98811  4.99985   768
1683.00  0.03583  0.03489  0.01589  0.81268  -226.92152  -228.86201  4.99985   768
1684.00  0.03583  0.03489  0.01658  0.81268  -225.89155  -227.84578  4.99985   768
1685.00  0.03584  0.03489  0.01706  0.81268  -225.10115  -226.99892  4.99985   768
1686.00  0.03584  0.03489  0.01715  0.81268  -224.90431  -226.75935  4.99985   768
1687.00  0.03585  0.03489  0.01692  0.81268  -225.24611  -227.09199  4.99985   768
1688.00  0.03584  0.03489  0.01640  0.81268  -226.03651  -227.86256  4.99985   768
1689.00  0.03584  0.03489  0.01601  0.81268  -226.65755  -228.51259  4.99985   768
1690.00  0.03585  0.03489  0.01588  0.81268  -226.83760  -228.73689  4.99985   768
1691.00  0.03583  0.03489  0.01630  0.81268  -226.29591  -228.23030  4.99985   768
1692.00  0.03584  0.03489  0.01713  0.81268  -225.08284  -227.05385  4.99985   768
1693.00  0.03584  0.03489  0.01799  0.81268  -223.67750  -225.64546  4.99985   768
1694.00  0.03585  0.03489  0.01871  0.81268  -222.64143  -224.59260  4.99985   768
1695.00  0.03583  0.03489  0.01904  0.81268  -222.04481  -223.95936  4.99985   768
1696.00  0.03584  0.03489  0.01892  0.81268  -222.19740  -224.05702  4.99985   768
1697.00  0.03584  0.03489  0.01800  0.81268  -223.51424  -225.29603  4.99985   768
1698.00  0.03585  0.03489  0.01750  0.81268  -224.33821  -226.17952  4.99985   768
1699.00  0.03583  0.03489  0.01679  0.81268  -225.41701  -227.22169  4.99985   768
1700.00  0.03585  0.03489  0.01674  0.81268  -225.62453  -227.52840  4.99985   768
1701.00  0.03584  0.03489  0.01724  0.81268  -224.83870  -226.75783  4.99985   768
1702.00  0.03584  0.03489  0.01763  0.81268  -224.23903  -226.15816  4.99985   768
1703.00  0.03584  0.03489  0.01849  0.81268  -222.94966  -224.89473  4.99985   768
1704.00  0.03584  0.03489  0.01857  0.81268  -222.72078  -224.56666  4.99985   768
1705.00  0.03583  0.03489  0.01844  0.81268  -223.01222  -224.90694  4.99985   768
1706.00  0.03585  0.03489  0.01831  0.81268  -223.09004  -224.93745  4.99985   768
1707.00  0.03584  0.03489  0.01745  0.81268  -224.40382  -226.20698  4.99985   768
1708.00  0.03583  0.03489  0.01709  0.81268  -225.02333  -226.88295  4.99985   768
1709.00  0.03586  0.03489  0.01676  0.81268  -225.50093  -227.36513  4.99985   768
1710.00  0.03585  0.03489  0.01685  0.81268  -225.44295  -227.37276  4.99985   768
1711.00  0.03585  0.03489  0.01765  0.81268  -224.23750  -226.20241  4.99985   768
1712.00  0.03585  0.03489  0.01815  0.81268  -223.48982  -225.40895  4.99985   768
1713.00  0.03585  0.03489  0.01874  0.81268  -222.54988  -224.48274  4.99985   768
1714.00  0.03585  0.03489  0.01897  0.81268  -222.17909  -224.05549  4.99985   768
1715.00  0.03584  0.03489  0.01859  0.81268  -222.71925  -224.57887  4.99985   768
1716.00  0.03584  0.03489  0.01825  0.81268  -223.17396  -225.00612  4.99985   768
1717.00  0.03584  0.03489  0.01770  0.81268  -223.97200  -225.77669  4.99985   768
1718.00  0.03584  0.03489  0.01743  0.81268  -224.53047  -226.39924  4.99985   768
1719.00  0.03584  0.03489  0.01757  0.81268  -224.27260  -226.16121  4.99985   768
1720.00  0.03585  0.03489  0.01789  0.81268  -223.84840  -225.77821  4.99985   768
1721.00  0.03584  0.03489  0.01866  0.81268  -222.70705  -224.65669  4.99985   768
1722.00  0.03586  0.03489  0.01942  0.81268  -221.48634  -223.43599  4.99985   768
1723.00  0.03584  0.03489  0.01969  0.81268  -221.07893  -222.98433  4.99985   768
1724.00  0.03584  0.03489  0.01971  0.81268  -221.03773  -222.91261  4.99985   768
1725.00  0.03584  0.03489  0.01942  0.81268  -221.38411  -223.22694  4.99985   768
1726.00  0.03584  0.03489  0.01862  0.81268  -222.61549  -224.42476  4.99985   768
1727.00  0.03584  0.03489  0.01813  0.81268  -223.41505  -225.27620  4.99985   768
1728.00  0.03583  0.03489  0.01794  0.81268  -223.73091  -225.63173  4.99985   768
1729.00  0.03584  0.03489  0.01817  0.81268  -223.43184  -225.36775  4.99985   768
1730.00  0.03583  0.03489  0.01875  0.81268  -222.54072  -224.46596  4.99985   768
1731.00  0.03584  0.03489  0.01927  0.81268  -221.69081  -223.63283  4.99985   768
1732.00  0.03585  0.03489  0.01979  0.81268  -220.87294  -222.79054  4.99985   768
1733.00  0.03583  0.03489  0.01977  0.81268  -220.90498  -222.74476  4.99985   768
1734.00  0.03584  0.03489  0.01944  0.81268  -221.36427  -223.20863  4.99985   768
1735.00  0.03585  0.03489  0.01891  0.81268  -222.14705  -223.93953  4.99985   768
1736.00  0.03584  0.03489  0.01812  0.81268  -223.36165  -225.16023  4.99985   768
1737.00  0.03584  0.03489  0.01760  0.81268  -224.24971  -226.06966  4.99985   768
1738.00  0.03583  0.03489  0.01767  0.81268  -224.15510  -226.05440  4.99985   768
1739.00  0.03584  0.03489  0.01805  0.81268  -223.59511  -225.51729  4.99985   768
1740.00  0.03584  0.03489  0.01872  0.81268  -222.61549  -224.56361  4.99985   768
1741.00  0.03584  0.03489  0.01938  0.81268  -221.56264  -223.51686  4.99985   768
1742.00  0.03583  0.03489  0.01953  0.81268  -221.23915  -223.12623  4.99985   768
1743.00  0.03583  0.03489  0.01941  0.81268  -221.42836  -223.30781  4.99985   768
1744.00  0.03583  0.03489  0.01902  0.81268  -222.03108  -223.87392  4.99985   768
1745.00  0.03583  0.03489  0.01845  0.81268  -222.87947  -224.71315  4.99985   768
1746.00  0.03584  0.03489  0.01795  0.81268  -223.70802  -225.55086  4.99985   768
1747.00  0.03584  0.03489  0.01778  0.81268  -223.95674  -225.84535  4.99985   768
1748.00  0.03583  0.03489  0.01808  0.81268  -223.53407  -225.46236  4.99985   768
1749.00  0.03583  0.03489  0.01871  0.81268  -222.60481  -224.53767  4.99985   768
1750.00  0.03583  0.03489  0.01939  0.81268  -221.51839  -223.45125  4.99985   768
1751.00  0.03582  0.03489  0.01984  0.81268  -220.84090  -222.75239  4.99985   768
1752.00  0.03584  0.03489  0.01996  0.81268  -220.59218  -222.44569  4.99985   768
1753.00  0.03584  0.03489  0.01964  0.81268  -221.10182  -222.91566  4.99985   768
1754.00  0.03585  0.03489  0.01908  0.81268  -221.88154  -223.71980  4.99985   768
1755.00  0.03583  0.03489  0.01844  0.81268  -222.88405  -224.68873  4.99985   768
1756.00  0.03583  0.03489  0.01808  0.81268  -223.49287  -225.36012  4.99985   768
1757.00  0.03585  0.03489  0.01817  0.81268  -223.41658  -225.33876  4.99985   768
1758.00  0.03583  0.03489  0.01866  0.81268  -222.65211  -224.58345  4.99985   768
1759.00  0.03584  0.03489  0.01920  0.81268  -221.86018  -223.80372  4.99985   768
1760.00  0.03584  0.03489  0.01971  0.81268  -221.07893  -223.01637  4.99985   768
1761.00  0.03584  0.03489  0.01995  0.81268  -220.64253  -222.54640  4.99985   768
1762.00  0.03584  0.03489  0.01972  0.81268  -220.97517  -222.82258  4.99985   768
1763.00  0.03583  0.03489  0.01915  0.81268  -221.82356  -223.66029  4.99985   768
1764.00  0.03584  0.03489  0.01846  0.81268  -222.85048  -224.66737  4.99985   768
1765.00  0.03583  0.03489  0.01784  0.81268  -223.81788  -225.65919  4.99985   768
1766.00  0.03584  0.03489  0.01770  0.81268  -224.06660  -225.94606  4.99985   768
1767.00  0.03585  0.03489  0.01785  0.81268  -223.84077  -225.73854  4.99985   768
1768.00  0.03584  0.03489  0.01834  0.81268  -223.17244  -225.09767  4.99985   768
1769.00  0.03584  0.03489  0.01896  0.81268  -222.17909  -224.10127  4.99985   768
1770.00  0.03584  0.03489  0.01937  0.81268  -221.55043  -223.44362  4.99985   768
1771.00  0.03585  0.03489  0.01939  0.81268  -221.48482  -223.35817  4.99985   768
1772.00  0.03584  0.03489  0.01912  0.81268  -221.80372  -223.65877  4.99985   768
1773.00  0.03583  0.03489  0.01848  0.81268  -222.84285  -224.65517  4.99985   768
1774.00  0.03584  0.03489  0.01786  0.81268  -223.77516  -225.60884  4.99985   768
1775.00  0.03584  0.03489  0.01746  0.81268  -224.43587  -226.28786  4.99985   768
1776.00  0.03585  0.03489  0.01761  0.81268  -224.25276  -226.16731  4.99985   768
1777.00  0.03582  0.03489  0.01804  0.81268  -223.64851  -225.61189  4.99985   768
1778.00  0.03584  0.03489  0.01888  0.81268  -222.39119  -224.36372  4.99985   768
1779.00  0.03584  0.03489  0.01939  0.81268  -221.57179  -223.50313  4.99985   768
1780.00  0.03584  0.03489  0.01974  0.81268  -220.96449  -222.86989  4.99985   768
1781.00  0.03583  0.03489  0.01963  0.81268  -221.08656  -222.94923  4.99985   768
1782.00  0.03584  0.03489  0.01915  0.81268  -221.81288  -223.63588  4.99985   768
1783.00  0.03584  0.03489  0.01842  0.81268  -222.89015  -224.69331  4.99985   768
1784.00  0.03583  0.03489  0.01792  0.81268  -223.78584  -225.60884  4.99985   768
1785.00  0.03583  0.03489  0.01776  0.81268  -223.96132  -225.84230  4.99985   768
1786.00  0.03584  0.03489  0.01804  0.81268  -223.59816  -225.50508  4.99985   768
1787.00  0.03584  0.03489  0.01872  0.81268  -222.60176  -224.54683  4.99985   768
1788.00  0.03585  0.03489  0.01937  0.81268  -221.59010  -223.52449  4.99985   768
1789.00  0.03583  0.03489  0.01972  0.81268  -221.04536  -222.96297  4.99985   768
1790.00  0.03584  0.03489  0.01973  0.81268  -220.89125  -222.74934  4.99985   768
1791.00  0.03583  0.03489  0.01932  0.81268  -221.55043  -223.39631  4.99985   768
1792.00  0.03584  0.03489  0.01869  0.81268  -222.51631  -224.33015  4.99985   768
1793.00  0.03584  0.03489  0.01794  0.81268  -223.64546  -225.47761  4.99985   768
1794.00  0.03584  0.03489  0.01752  0.81268  -224.36720  -226.23903  4.99985   768
1795.00  0.03584  0.03489  0.01763  0.81268  -224.21309  -226.13374  4.99985   768
1796.00  0.03585  0.03489  0.01810  0.81268  -223.57832  -225.52492  4.99985   768
1797.00  0.03584  0.03489  0.01874  0.81268  -222.51631  -224.46290  4.99985   768
1798.00  0.03584  0.03489  0.01932  0.81268  -221.64351  -223.57027  4.99985   768
1799.00  0.03584  0.03489  0.01946  0.81268  -221.40394  -223.29103  4.99985   768
1800.00  0.03584  0.03489  0.01919  0.81268  -221.70912  -223.55195  4.99985   768
1801.00  0.03582  0.03489  0.01880  0.81268  -222.32863  -224.13942  4.99985   768
1802.00  0.03584  0.03489  0.01804  0.81268  -223.47304  -225.26857  4.99985   768
1803.00  0.03585  0.03489  0.01753  0.81268  -224.36110  -226.18715  4.99985   768
1804.00  0.03582  0.03489  0.01743  0.81268  -224.46333  -226.34889  4.99985   768
1805.00  0.03583  0.03489  0.01788  0.81268  -223.86671  -225.79347  4.99985   768
1806.00  0.03583  0.03489  0.01846  0.81268  -222.97407  -224.92830  4.99985   768
1807.00  0.03584  0.03489  0.01921  0.81268  -221.86629  -223.83272  4.99985   768
1808.00  0.03585  0.03489  0.01965  0.81268  -221.14454  -223.04231  4.99985   768
1809.00  0.03584  0.03489  0.01955  0.81268  -221.21931  -223.07588  4.99985   768
1810.00  0.03584  0.03489  0.01915  0.81268  -221.82204  -223.68623  4.99985   768
1811.00  0.03583  0.03489  0.01861  0.81268  -222.63685  -224.46596  4.99985   768
1812.00  0.03584  0.03489  0.01797  0.81268  -223.61189  -225.45320  4.99985   768
1813.00  0.03584  0.03489  0.01767  0.81268  -224.15053  -226.00862  4.99985   768
1814.00  0.03584  0.03489  0.01783  0.81268  -223.87434  -225.78889  4.99985   768
1815.00  0.03584  0.03489  0.01822  0.81268  -223.36317  -225.28993  4.99985   768
1816.00  0.03585  0.03489  0.01890  0.81268  -222.36067  -224.31337  4.99985   768
1817.00  0.03583  0.03489  0.01945  0.81268  -221.40700  -223.32765  4.99985   768
1818.00  0.03584  0.03489  0.01960  0.81268  -221.16438  -223.02705  4.99985   768
1819.00  0.03583  0.03489  0.01938  0.81268  -221.49702  -223.32002  4.99985   768
1820.00  0.03584  0.03489  0.01886  0.81268  -222.25538  -224.08906  4.99985   768
1821.00  0.03583  0.03489  0.01812  0.81268  -223.34944  -225.14650  4.99985   768
1822.00  0.03584  0.03489  0.01750  0.81268  -224.34584  -226.19325  4.99985   768
1823.00  0.03582  0.03489  0.01740  0.81268  -224.61134  -226.49995  4.99985   768
1824.00  0.03584  0.03489  0.01773  0.81268  -224.08034  -226.02083  4.99985   768
1825.00  0.03585  0.03489  0.01842  0.81268  -223.06715  -225.02748  4.99985   768
1826.00  0.03583  0.03489  0.01910  0.81268  -221.98988  -223.95784  4.99985   768
1827.00  0.03583  0.03489  0.01938  0.81268  -221.51381  -223.42225  4.99985   768
1828.00  0.03583  0.03489  0.01936  0.81268  -221.53059  -223.39784  4.99985   768
1829.00  0.03583  0.03489  0.01903  0.81268  -222.00056  -223.85255  4.99985   768
1830.00  0.03582  0.03489  0.01843  0.81268  -222.87184  -224.70857  4.99985   768
1831.00  0.03582  0.03489  0.01775  0.81268  -223.98573  -225.78889  4.99985   768
1832.00  0.03582  0.03489  0.01743  0.81268  -224.51063  -226.39009  4.99985   768
1833.00  0.03584  0.03489  0.01753  0.81268  -224.35194  -226.23598  4.99985   768
1834.00  0.03584  0.03489  0.01807  0.81268  -223.61342  -225.56001  4.99985   768
1835.00  0.03584  0.03489  0.01889  0.81268  -222.34846  -224.31947  4.99985   768
1836.00  0.03583  0.03489  0.01944  0.81268  -221.41463  -223.31544  4.99985   768
1837.00  0.03584  0.03489  0.01967  0.81268  -221.07588  -222.96297  4.99985   768
1838.00  0.03584  0.03489  0.01947  0.81268  -221.34138  -223.19032  4.99985   768
1839.00  0.03583  0.03489  0.01896  0.81268  -222.11653  -223.95173  4.99985   768
1840.00  0.03583  0.03489  0.01818  0.81268  -223.25636  -225.05647  4.99985   768
1841.00  0.03584  0.03489  0.01774  0.81268  -223.99489  -225.86671  4.99985   768
1842.00  0.03584  0.03489  0.01767  0.81268  -224.16426  -226.05440  4.99985   768
1843.00  0.03583  0.03489  0.01789  0.81268  -223.84535  -225.78584  4.99985   768
1844.00  0.03583  0.03489  0.01855  0.81268  -222.81996  -224.77266  4.99985   768
1845.00  0.03584  0.03489  0.01930  0.81268  -221.73201  -223.68928  4.99985   768
1846.00  0.03584  0.03489  0.01961  0.81268  -221.19795  -223.10487  4.99985   768
1847.00  0.03584  0.03489  0.01955  0.81268  -221.21626  -223.08961  4.99985   768
1848.00  0.03582  0.03489  0.01910  0.81268  -221.84798  -223.67555  4.99985   768
1849.00  0.03583  0.03489  0.01841  0.81268  -222.95424  -224.76045  4.99985   768
1850.00  0.03583  0.03489  0.01775  0.81268  -223.96437  -225.80415  4.99985   768
1851.00  0.03583  0.03489  0.01747  0.81268  -224.38551  -226.24513  4.99985   768
1852.00  0.03583  0.03489  0.01748  0.81268  -224.45265  -226.33363  4.99985   768
1853.00  0.03583  0.03489  0.01792  0.81268  -223.79500  -225.71413  4.99985   768
1854.00  0.03583  0.03489  0.01862  0.81268  -222.74214  -224.67958  4.99985   768
1855.00  0.03585  0.03489  0.01915  0.81268  -221.85408  -223.76710  4.99985   768
1856.00  0.03584  0.03489  0.01936  0.81268  -221.55653  -223.45277  4.99985   768
1857.00  0.03583  0.03489  0.01920  0.81268  -221.73811  -223.59621  4.99985   768
1858.00  0.03584  0.03489  0.01872  0.81268  -222.46138  -224.31489  4.99985   768
1859.00  0.03583  0.03489  0.01805  0.81268  -223.49440  -225.30366  4.99985   768
1860.00  0.03584  0.03489  0.01756  0.81268  -224.30159  -226.15816  4.99985   768
1861.00  0.03584  0.03489  0.01752  0.81268  -224.39009  -226.27260  4.99985   768
1862.00  0.03584  0.03489  0.01793  0.81268  -223.80720  -225.75838  4.99985   768
1863.00  0.03583  0.03489  0.01865  0.81268  -222.68873  -224.66127  4.99985   768
1864.00  0.03584  0.03489  0.01927  0.81268  -221.68318  -223.61604  4.99985   768
1865.00  0.03584  0.03489  0.01961  0.81268  -221.21626  -223.13081  4.99985   768
1866.00  0.03584  0.03489  0.01963  0.81268  -221.12929  -222.98128  4.99985   768
1867.00  0.03584  0.03489  0.01917  0.81268  -221.77626  -223.59010  4.99985   768
1868.00  0.03585  0.03489  0.01853  0.81268  -222.72993  -224.54683  4.99985   768
1869.00  0.03584  0.03489  0.01795  0.81268  -223.63631  -225.45320  4.99985   768
1870.00  0.03584  0.03489  0.01770  0.81268  -224.08186  -225.96895  4.99985   768
1871.00  0.03584  0.03489  0.01798  0.81268  -223.68361  -225.59053  4.99985   768
1872.00  0.03585  0.03489  0.01846  0.81268  -223.01222  -224.93440  4.99985   768
1873.00  0.03583  0.03489  0.01906  0.81268  -222.08906  -224.03261  4.99985   768
1874.00  0.03585  0.03489  0.01954  0.81268  -221.32002  -223.25288  4.99985   768
1875.00  0.03584  0.03489  0.01971  0.81268  -220.97212  -222.86073  4.99985   768
1876.00  0.03585  0.03489  0.01941  0.81268  -221.40700  -223.27730  4.99985   768
1877.00  0.03584  0.03489  0.01879  0.81268  -222.35914  -224.16994  4.99985   768
1878.00  0.03584  0.03489  0.01807  0.81268  -223.44404  -225.26857  4.99985   768
1879.00  0.03584  0.03489  0.01754  0.81268  -224.28938  -226.13527  4.99985   768
1880.00  0.03584  0.03489  0.01751  0.81268  -224.40077  -226.30159  4.99985   768
1881.00  0.03584  0.03489  0.01791  0.81268  -223.81941  -225.75990  4.99985   768
1882.00  0.03584  0.03489  0.01859  0.81268  -222.84132  -224.77724  4.99985   768
1883.00  0.03584  0.03489  0.01915  0.81268  -221.92732  -223.84645  4.99985   768
1884.00  0.03582  0.03489  0.01942  0.81268  -221.42531  -223.30781  4.99985   768
1885.00  0.03584  0.03489  0.01932  0.81268  -221.58247  -223.42988  4.99985   768
1886.00  0.03583  0.03489  0.01888  0.81268  -222.21724  -224.04329  4.99985   768
1887.00  0.03584  0.03489  0.01829  0.81268  -223.13277  -224.93898  4.99985   768
1888.00  0.03584  0.03489  0.01766  0.81268  -224.09102  -225.91554  4.99985   768
1889.00  0.03585  0.03489  0.01744  0.81268  -224.47401  -226.35652  4.99985   768
1890.00  0.03584  0.03489  0.01761  0.81268  -224.26649  -226.18410  4.99985   768
1891.00  0.03585  0.03489  0.01828  0.81268  -223.29451  -225.25331  4.99985   768
1892.00  0.03584  0.03489  0.01905  0.81268  -222.11806  -224.08754  4.99985   768
1893.00  0.03584  0.03489  0.01954  0.81268  -221.28493  -223.21168  4.99985   768
1894.00  0.03585  0.03489  0.01976  0.81268  -220.92177  -222.82258  4.99985   768
1895.00  0.03584  0.03489  0.01942  0.81268  -221.41310  -223.26967  4.99985   768
1896.00  0.03583  0.03489  0.01886  0.81268  -222.25233  -224.07991  4.99985   768
1897.00  0.03584  0.03489  0.01813  0.81268  -223.34944  -225.16481  4.99985   768
1898.00  0.03582  0.03489  0.01768  0.81268  -224.10628  -225.93385  4.99985   768
1899.00  0.03584  0.03489  0.01759  0.81268  -224.28938  -226.17952  4.99985   768
1900.00  0.03584  0.03489  0.01800  0.81268  -223.65462  -225.58900  4.99985   768
1901.00  0.03585  0.03489  0.01866  0.81268  -222.70399  -224.64754  4.99985   768
1902.00  0.03584  0.03489  0.01925  0.81268  -221.73811  -223.64961  4.99985   768
1903.00  0.03584  0.03489  0.01956  0.81268  -221.25288  -223.13386  4.99985   768
1904.00  0.03584  0.03489  0.01947  0.81268  -221.33375  -223.18269  4.99985   768
1905.00  0.03584  0.03489  0.01895  0.81268  -222.12263  -223.95479  4.99985   768
1906.00  0.03584  0.03489  0.01831  0.81268  -223.05342  -224.86268  4.99985   768
1907.00  0.03583  0.03489  0.01764  0.81268  -224.11238  -225.93385  4.99985   768
1908.00  0.03584  0.03489  0.01732  0.81268  -224.67390  -226.55794  4.99985   768
1909.00  0.03583  0.03489  0.01755  0.81268  -224.38093  -226.31074  4.99985   768
1910.00  0.03584  0.03489  0.01812  0.81268  -223.47761  -225.42573  4.99985   768
1911.00  0.03583  0.03489  0.01881  0.81268  -222.45528  -224.42476  4.99985   768
1912.00  0.03583  0.03489  0.01928  0.81268  -221.65419  -223.57789  4.99985   768
1913.00  0.03584  0.03489  0.01937  0.81268  -221.54738  -223.42073  4.99985   768
1914.00  0.03584  0.03489  0.01905  0.81268  -221.98530  -223.83577  4.99985   768
1915.00  0.03583  0.03489  0.01858  0.81268  -222.63228  -224.45985  4.99985   768
1916.00  0.03584  0.03489  0.01782  0.81268  -223.84993  -225.64393  4.99985   768
1917.00  0.03582  0.03489  0.01733  0.81268  -224.62202  -226.45723  4.99985   768
1918.00  0.03583  0.03489  0.01735  0.81268  -224.64491  -226.53810  4.99985   768
1919.00  0.03583  0.03489  0.01781  0.81268  -223.97200  -225.90181  4.99985   768
1920.00  0.03584  0.03489  0.01849  0.81268  -222.95424  -224.88405  4.99985   768
1921.00  0.03584  0.03489  0.01919  0.81268  -221.87544  -223.82204  4.99985   768
1922.00  0.03585  0.03489  0.01953  0.81268  -221.28187  -223.18574  4.99985   768
1923.00  0.03584  0.03489  0.01937  0.81268  -221.48482  -223.33070  4.99985   768
1924.00  0.03585  0.03489  0.01890  0.81268  -222.21113  -224.03871  4.99985   768
1925.00  0.03583  0.03489  0.01826  0.81268  -223.18465  -225.02443  4.99985   768
1926.00  0.03583  0.03489  0.01769  0.81268  -224.06660  -225.90486  4.99985   768
1927.00  0.03584  0.03489  0.01750  0.81268  -224.41908  -226.29854  4.99985   768
1928.00  0.03583  0.03489  0.01769  0.81268  -224.15968  -226.08339  4.99985   768
1929.00  0.03583  0.03489  0.01819  0.81268  -223.37538  -225.32350  4.99985   768
1930.00  0.03584  0.03489  0.01888  0.81268  -222.42781  -224.36677  4.99985   768
1931.00  0.03584  0.03489  0.01931  0.81268  -221.60841  -223.51991  4.99985   768
1932.00  0.03584  0.03489  0.01941  0.81268  -221.47261  -223.35206  4.99985   768
1933.00  0.03584  0.03489  0.01910  0.81268  -221.89528  -223.71828  4.99985   768
1934.00  0.03584  0.03489  0.01835  0.81268  -222.97102  -224.76350  4.99985   768
1935.00  0.03583  0.03489  0.01775  0.81268  -223.97963  -225.80568  4.99985   768
1936.00  0.03582  0.03489  0.01733  0.81268  -224.59914  -226.41908  4.99985   768
1937.00  0.03582  0.03489  0.01733  0.81268  -224.69832  -226.58998  4.99985   768
1938.00  0.03583  0.03489  0.01776  0.81268  -224.05897  -225.98726  4.99985   768
1939.00  0.03584  0.03489  0.01846  0.81268  -223.05189  -224.99544  4.99985   768
1940.00  0.03583  0.03489  0.01901  0.81268  -222.11195  -224.04481  4.99985   768
1941.00  0.03583  0.03489  0.01930  0.81268  -221.66792  -223.59315  4.99985   768
1942.00  0.03584  0.03489  0.01919  0.81268  -221.78236  -223.64961  4.99985   768
1943.00  0.03584  0.03489  0.01870  0.81268  -222.49190  -224.32100  4.99985   768
1944.00  0.03584  0.03489  0.01804  0.81268  -223.51118  -225.35402  4.99985   768
1945.00  0.03584  0.03489  0.01753  0.81268  -224.32905  -226.19020  4.99985   768
1946.00  0.03583  0.03489  0.01741  0.81268  -224.53657  -226.43281  4.99985   768
1947.00  0.03584  0.03489  0.01776  0.81268  -224.05592  -225.99946  4.99985   768
1948.00  0.03585  0.03489  0.01839  0.81268  -223.12819  -225.06410  4.99985   768
1949.00  0.03582  0.03489  0.01904  0.81268  -222.09822  -224.01735  4.99985   768
1950.00  0.03583  0.03489  0.01938  0.81268  -221.52754  -223.42225  4.99985   768
1951.00  0.03583  0.03489  0.01950  0.81268  -221.32155  -223.18727  4.99985   768
1952.00  0.03583  0.03489  0.01915  0.81268  -221.80830  -223.64046  4.99985   768
1953.00  0.03584  0.03489  0.01843  0.81268  -222.87642  -224.68416  4.99985   768
1954.00  0.03584  0.03489  0.01784  0.81268  -223.81483  -225.62715  4.99985   768
1955.00  0.03584  0.03489  0.01746  0.81268  -224.46791  -226.31685  4.99985   768
1956.00  0.03584  0.03489  0.01752  0.81268  -224.39009  -226.30922  4.99985   768
1957.00  0.03584  0.03489  0.01795  0.81268  -223.76448  -225.70039  4.99985   768
1958.00  0.03584  0.03489  0.01865  0.81268  -222.69179  -224.64906  4.99985   768
1959.00  0.03583  0.03489  0.01920  0.81268  -221.83882  -223.77016  4.99985   768
1960.00  0.03583  0.03489  0.01940  0.81268  -221.47566  -223.37190  4.99985   768
1961.00  0.03583  0.03489  0.01927  0.81268  -221.67402  -223.54890  4.99985   768
1962.00  0.03584  0.03489  0.01880  0.81268  -222.31032  -224.13331  4.99985   768
1963.00  0.03584  0.03489  0.01812  0.81268  -223.45320  -225.28840  4.99985   768
1964.00  0.03584  0.03489  0.01757  0.81268  -224.24513  -226.09254  4.99985   768
1965.00  0.03584  0.03489  0.01746  0.81268  -224.45265  -226.33974  4.99985   768
1966.00  0.03583  0.03489  0.01775  0.81268  -224.03609  -225.94301  4.99985   768
1967.00  0.03583  0.03489  0.01845  0.81268  -223.03358  -224.97865  4.99985   768
1968.00  0.03584  0.03489  0.01906  0.81268  -222.03413  -223.95173  4.99985   768
1969.00  0.03583  0.03489  0.01955  0.81268  -221.28645  -223.16438  4.99985   768
1970.00  0.03584  0.03489  0.01951  0.81268  -221.30476  -223.16286  4.99985   768
1971.00  0.03585  0.03489  0.01917  0.81268  -221.75032  -223.59163  4.99985   768
1972.00  0.03583  0.03489  0.01859  0.81268  -222.63838  -224.44459  4.99985   768
1973.00  0.03584  0.03489  0.01798  0.81268  -223.59205  -225.42268  4.99985   768
1974.00  0.03583  0.03489  0.01765  0.81268  -224.12916  -226.00557  4.99985   768
1975.00  0.03585  0.03489  0.01772  0.81268  -224.09559  -226.01625  4.99985   768
1976.00  0.03584  0.03489  0.01826  0.81268  -223.32503  -225.28383  4.99985   768
1977.00  0.03584  0.03489  0.01892  0.81268  -222.26301  -224.23250  4.99985   768
1978.00  0.03584  0.03489  0.01965  0.81268  -221.16438  -223.10182  4.99985   768
1979.00  0.03584  0.03489  0.01971  0.81268  -220.97517  -222.84395  4.99985   768
1980.00  0.03582  0.03489  0.01951  0.81268  -221.34749  -223.19795  4.99985   768
1981.00  0.03584  0.03489  0.01896  0.81268  -222.05397  -223.86934  4.99985   768
1982.00  0.03584  0.03489  0.01825  0.81268  -223.19227  -225.01069  4.99985   768
1983.00  0.03585  0.03489  0.01774  0.81268  -223.99641  -225.82246  4.99985   768
1984.00  0.03585  0.03489  0.01749  0.81268  -224.38246  -226.24055  4.99985   768
1985.00  0.03584  0.03489  0.01778  0.81268  -224.02235  -225.92927  4.99985   768
1986.00  0.03583  0.03489  0.01830  0.81268  -223.22432  -225.14497  4.99985   768
1987.00  0.03584  0.03489  0.01888  0.81268  -222.31184  -224.24776  4.99985   768
1988.00  0.03584  0.03489  0.01939  0.81268  -221.53975  -223.44209  4.99985   768
1989.00  0.03584  0.03489  0.01934  0.81268  -221.54280  -223.40394  4.99985   768
1990.00  0.03583  0.03489  0.01900  0.81268  -222.09517  -223.95021  4.99985   768
1991.00  0.03583  0.03489  0.01825  0.81268  -223.19075  -224.99544  4.99985   768
1992.00  0.03583  0.03489  0.01759  0.81268  -224.17341  -226.00404  4.99985   768
1993.00  0.03582  0.03489  0.01734  0.81268  -224.63270  -226.51521  4.99985   768
1994.00  0.03583  0.03489  0.01744  0.81268  -224.56251  -226.49080  4.99985   768
1995.00  0.03583  0.03489  0.01793  0.81268  -223.78584  -225.71718  4.99985   768
1996.00  0.03583  0.03489  0.01863  0.81268  -222.74367  -224.71010  4.99985   768
1997.00  0.03583  0.03489  0.01921  0.81268  -221.82204  -223.74879  4.99985   768
1998.00  0.03583  0.03489  0.01949  0.81268  -221.35512  -223.24068  4.99985   768
1999.00  0.03584  0.03489  0.01936  0.81268  -221.49702  -223.34444  4.99985   768
2000.00  0.04075  0.05370  0.01875  0.81268  -222.38051  -224.15773  4.99985   768
2001.00  0.05106  0.05370  0.01929  0.81268  -221.91969  -223.94716  4.99985   768
2002.00  0.05155  0.05370  0.02079  0.81268  -219.42641  -221.39436  4.99985   768
2003.00  0.05173  0.05370  0.02000  0.81268  -220.32362  -222.02302  4.99985   768
2004.00  0.05193  0.05370  0.02088  0.81268  -219.42183  -221.48897  4.99985   768
