ASI 600A Data File
Created: Wed May  8 12:22:24 2024
A/D Sampling Rate: 1000 Hz
Comment: Mouse 512 Cell 1
Width 0.0388
Thick 0.0194
After Activation
Width 0.0
Thick 0.0
*** Setup Parameters ***
Length Controller: 315C
Force Transducer: 406A
Initial Length: 0.0537 mm
Minimum Length: -5 Lo
Maximum Length: 5 Lo
Fiber Length: 0.0537 mm
Initial Sarcomere Length: 0 um
Diameter: 1.91919 mm
Maximum Tetanic Tension: 3 mN
Calibrate FC step size:  -20 um
Calibrate FC ramp time:  100 ms
Calibrate FC hold time:  200 ms
Force Gain-Factor:       0.6
Force Integral-Constant: 0.26 ms
Force Filter-Constant:   0.2 ms
Constant Stiffness Range: 100
dF/dL measured at Force:  34522 adu
Fiber Stiffness (adu):    0
Fiber Stiffness (mN/mm):  0
SL Gain-Factor:           0.25
SL Integral-Constant:     0.1 ms
SL Filter-Constant:       0 ms
SL Stiffness (adu):       0.3
SL Stiffness (um/mm):     1
ADC0 Offset: -28.840 mv
ADC1 Offset: -28.840 mv
DAC0 Offset: 3.336 mv
DAC1 Offset: -3.588 mv
Panel 1 size: 2
Panel 2 size: 4
Panel 3 size: 2
Panel 4 size: 5
Panel 1 signal: 0
Panel 2 signal: 1
Panel 3 signal: 2
Panel 4 signal: 6
Background (0/1): 0
Length In color:  16395263
Force  In color:  16717330
SL     In color:  16771867
Aux1   In color:  1769257
Length Out color:  255
Force  Out color:  255
Stim   Out color:  16777215
Aux2   In  color:  16747283
Length Units: um
Force Units: mN
Time Units: ms
Sarcomere Length Units: um
Scope Display1: 0
Scope Display2: 2
AUX Channels Scope Display: 0
Scope Timebase: 1
Scope Vscale:   0
Scope Lunit:    1
Scope Lmin:     0.026370
Scope Lmax:     0.026470
Scope Funit:    0
Scope Fmin:     0.157780
Scope Fmax:     0.157960
Scope AUX1_min:     10.000000
Scope AUX1_max:     16.000000
Scope AUX2_min:     8.000000
Scope AUX2_max:     14.000000
Scope L Data Scale:     1.651868
Scope F Data Scale:     0.225000
Scope AUX1 Data Scale:     1.000000
Scope AUX2 Data Scale:     1.000000
Scope SL Data Scale:     1.000000
Scope Sunit:    0
Analysis Lunit: 4
Analysis Funit: 0
Analysis Tunit: 0
Analysis Channels: 101000000010000
Analysis Readout: 1
Analysis Gaussian Filter Kernel Size (Lin):     201
Analysis Gaussian Filter Kernel Size (Fin):     50
Analysis Gaussian Filter Kernel Size (Aux1):    201
Analysis Gaussian Filter Kernel Size (Aux2):    201
Analysis Gaussian Filter Standard Deviation (Lin):     1.0
Analysis Gaussian Filter Standard Deviation (Fin):     1.0
Analysis Gaussian Filter Standard Deviation (Aux1):    1.0
Analysis Gaussian Filter Standard Deviation (Aux2):    1.0
Aux1 Name: Aux1
Aux1 Units: C
Aux1 Scale (units/volt): 100.000000
Aux1 Offset (units): 2.000000
Aux2 Name: Aux2
Aux2 Units: mv
Aux2 Scale (units/volt): 100
Aux2 Offset (units): 0
 *** Cantilever Properties ***
Cantilever Stiffness Calculation Method: 2
Cantilever Stiffness (N/m): -1.000
Cantilever Length (um): 450.000
Cantilever Thickness (um): 2.000
Cantilever Width 1 (um): 50.000
Cantilever Width 2 (um): 50.000
Cantilever Elasticity (GPa): 160.000
 *** ASI804A Test Window Properties ***
ASI804A Vscale: 0
ASI804A Timebase: 0
ASI804A Sampling Rate: 0
ASI804A Scope L_min:     999.800000
ASI804A Scope L_max:     1000.200000
ASI804A Scope F_min:     -0.040000
ASI804A Scope F_max:     0.020000
ASI804A Scope log10Rario_min:     -0.063875
ASI804A Scope log10Ratio_max:     -0.063650
ASI804A Scope L Scale Units:    4
ASI804A Scope F Scale Units:    0
ASI804A Scope L Scale:     1.000000
ASI804A Scope F Scale:     1.000000
ASI804A Scope log10Ratio Scale:     0.500000
ASI804A Data Files Directory: /home/asi/data
ASI804A Data Files Name: atp_datafile
ASI804A Font: Liberation Sans
ASI804A Font Size: 24
ASI804A pCa Combo Size: 0
ASI804A pCa Combo Active: -1
 *** Additional devices ***
ASI802D Bath Controller: 0
ASI804A ATPase Controller: 1
*** Calibration Parameters ***
Model  LOoffset  LOscale  LIoffset  LIscale  FOoffset  FOscale  FIoffset  FIscale
Number 	mm        mm/v	   mm        mm/v     mN        mN/v     mN        mN/v
308B	 0	 0.2	 0	 0.2	 0	 1	 0	 1
312C	 0	 0.15	 0	 0.15	 0	 1	 0	 1
315C	 0	 0.15	 0	 0.15	 0	 1	 0	 1
318B	 0	 0.3	 0	 0.3	 0	 1	 0	 1
322C	 0	 0.3	 0	 0.3	 0	 1	 0	 1
340A	 0	 0.005	 0	 0.005	 0	 1	 0	 1
300C	 0	 0.5	 0	 0.5	 0	 50	 0	 50
300C-LR	 0	 0.5	 0	 0.5	 0	 100	 0	 100
305C	 0	 1	 0	 1	 0	 500	 0	 500
305C-LR	 0	 1	 0	 1	 0	 1000	 0	 1000
309C	 0	 1.25	 0	 1.25	 0	 2000	 0	 2000
310C	 0	 2	 0	 2	 0	 5000	 0	 5000
310C-LR	 0	 2	 0	 2	 0	 10000	 0	 10000
???	 0	 1	 0	 1	 0	 1	 0	 1
400A	 0	 1	 0	 1	 0	 5	 0	 5
402A	 0	 1	 0	 1	 0	 50	 0	 50
403A-CF	 0	 1	 0	 1	 0	 0.2	 0	 0.2
403A	 0	 1	 0	 1	 0	 0.5	 0	 0.5
404A	 0	 1	 0	 1	 0	 10	 0	 10
405A	 0	 1	 0	 1	 0	 1	 0	 1
406A	 0	 1	 0	 1	 0.163	 0.06497	 0.163	 0.06497
407A	 0	 1	 0	 1	 0	 100	 0	 100
470A	 0	 1	 0	 1	 0	 1	 0	 1
other	 0	 1	 0	 1	 0	 1	 0	 1
none	 0	 1	 0	 1	 0	 1	 0	 1
*** Test Protocol Parameters ***
A/D Sampling Rate: 1000 Hz
Comment: Length Discrete Sine protocol for stiffness testing
Minimum Length: -5.000 (Lo)
Maximum Length: 5.000 (Lo)
PD Deadband:    0.000000 mN
Stimulus 01: 0.3 ms 100.000 Hz 10.0 ms 50.000 Hz 0.100 s
Stimulus 02: 1.2 ms 100.000 Hz 20.0 ms 2.000 Hz 100.000 s
Stimulus 03: 1.3 ms 100.000 Hz 20.0 ms 2.000 Hz 100.000 s
Stimulus 04: 1.4 ms 100.000 Hz 20.0 ms 2.000 Hz 100.000 s
Stimulus 05: 1.5 ms 100.000 Hz 20.0 ms 2.000 Hz 100.000 s
Stimulus 06: 1.6 ms 100.000 Hz 20.0 ms 2.000 Hz 100.000 s
Stimulus 07: 1.7 ms 100.000 Hz 20.0 ms 2.000 Hz 100.000 s
Stimulus 08: 1.8 ms 100.000 Hz 20.0 ms 2.000 Hz 100.000 s
Stimulus 09: 1.9 ms 100.000 Hz 20.0 ms 2.000 Hz 100.000 s
Stimulus 10: 2.2 ms 100.000 Hz 20.0 ms 2.000 Hz 100.000 s
Time (ms)	Control Function	Options
      0.0	Data-Enable		
    200.0	Length-Step		 0.65 Lo
   2000.0	Length-Step		 1 Lo
   2005.0	Data-Disable		
      0.0	Stop		
*** Force and Length Signals vs Time ***
Time (ms)  Lin (mm)  Lout (mm)  Fin (mN)  Fout (mN)  Aux1 C  Aux2 mv  SL (um)   Stimulus/Triggers
0.00  0.05383  0.05370  0.02315  0.81268  -215.63002  -217.43928  4.99985   768
1.00  0.05384  0.05370  0.02269  0.81268  -216.42805  -218.28767  4.99985   768
2.00  0.05384  0.05370  0.02258  0.81268  -216.58827  -218.48451  4.99985   768
3.00  0.05384  0.05370  0.02299  0.81268  -216.00233  -217.93062  4.99985   768
4.00  0.05383  0.05370  0.02365  0.81268  -215.06087  -217.01814  4.99985   768
5.00  0.05385  0.05370  0.02416  0.81268  -214.20637  -216.13466  4.99985   768
6.00  0.05384  0.05370  0.02452  0.81268  -213.63722  -215.56398  4.99985   768
7.00  0.05384  0.05370  0.02458  0.81268  -213.51057  -215.37324  4.99985   768
8.00  0.05384  0.05370  0.02414  0.81268  -214.10567  -215.93934  4.99985   768
9.00  0.05384  0.05370  0.02348  0.81268  -215.15700  -216.97236  4.99985   768
10.00  0.05385  0.05370  0.02287  0.81268  -216.12135  -217.95656  4.99985   768
11.00  0.05384  0.05370  0.02256  0.81268  -216.61726  -218.45552  4.99985   768
12.00  0.05385  0.05370  0.02271  0.81268  -216.42805  -218.32734  4.99985   768
13.00  0.05384  0.05370  0.02324  0.81268  -215.62544  -217.56288  4.99985   768
14.00  0.05384  0.05370  0.02381  0.81268  -214.73128  -216.65651  4.99985   768
15.00  0.05384  0.05370  0.02429  0.81268  -213.98512  -215.89204  4.99985   768
16.00  0.05385  0.05370  0.02445  0.81268  -213.73030  -215.63264  4.99985   768
17.00  0.05385  0.05370  0.02431  0.81268  -213.90425  -215.73945  4.99985   768
18.00  0.05384  0.05370  0.02384  0.81268  -214.57716  -216.42305  4.99985   768
19.00  0.05384  0.05370  0.02323  0.81268  -215.52168  -217.34468  4.99985   768
20.00  0.05384  0.05370  0.02283  0.81268  -216.19459  -218.05116  4.99985   768
21.00  0.05383  0.05370  0.02264  0.81268  -216.50892  -218.38991  4.99985   768
22.00  0.05383  0.05370  0.02296  0.81268  -216.05421  -217.98707  4.99985   768
23.00  0.05384  0.05370  0.02359  0.81268  -215.11275  -217.07002  4.99985   768
24.00  0.05384  0.05370  0.02412  0.81268  -214.32081  -216.24452  4.99985   768
25.00  0.05384  0.05370  0.02432  0.81268  -213.95460  -215.84779  4.99985   768
26.00  0.05383  0.05370  0.02427  0.81268  -213.98512  -215.83558  4.99985   768
27.00  0.05383  0.05370  0.02392  0.81268  -214.46730  -216.29945  4.99985   768
28.00  0.05384  0.05370  0.02339  0.81268  -215.27601  -217.09291  4.99985   768
29.00  0.05384  0.05370  0.02290  0.81268  -216.05574  -217.88179  4.99985   768
30.00  0.05384  0.05370  0.02273  0.81268  -216.34718  -218.21290  4.99985   768
31.00  0.05384  0.05370  0.02287  0.81268  -216.13966  -218.04048  4.99985   768
32.00  0.05383  0.05370  0.02337  0.81268  -215.44844  -217.37367  4.99985   768
33.00  0.05384  0.05370  0.02395  0.81268  -214.54512  -216.49629  4.99985   768
34.00  0.05383  0.05370  0.02437  0.81268  -213.86763  -215.74861  4.99985   768
35.00  0.05383  0.05370  0.02444  0.81268  -213.72572  -215.61128  4.99985   768
36.00  0.05383  0.05370  0.02418  0.81268  -214.09041  -215.93171  4.99985   768
37.00  0.05383  0.05370  0.02364  0.81268  -214.92048  -216.76027  4.99985   768
38.00  0.05383  0.05370  0.02314  0.81268  -215.66664  -217.50337  4.99985   768
39.00  0.05384  0.05370  0.02274  0.81268  -216.34566  -218.21901  4.99985   768
40.00  0.05383  0.05370  0.02273  0.81268  -216.36397  -218.25715  4.99985   768
41.00  0.05384  0.05370  0.02313  0.81268  -215.81007  -217.73378  4.99985   768
42.00  0.05384  0.05370  0.02377  0.81268  -214.86403  -216.81978  4.99985   768
43.00  0.05383  0.05370  0.02431  0.81268  -213.98512  -215.90272  4.99985   768
44.00  0.05384  0.05370  0.02455  0.81268  -213.55787  -215.45411  4.99985   768
45.00  0.05384  0.05370  0.02436  0.81268  -213.83101  -215.65706  4.99985   768
46.00  0.05383  0.05370  0.02386  0.81268  -214.55275  -216.37422  4.99985   768
47.00  0.05384  0.05370  0.02336  0.81268  -215.33095  -217.13869  4.99985   768
48.00  0.05384  0.05370  0.02282  0.81268  -216.16102  -218.00996  4.99985   768
49.00  0.05384  0.05370  0.02258  0.81268  -216.55165  -218.40516  4.99985   768
50.00  0.05384  0.05370  0.02283  0.81268  -216.28004  -218.20833  4.99985   768
51.00  0.05383  0.05370  0.02335  0.81268  -215.47133  -217.39961  4.99985   768
52.00  0.05385  0.05370  0.02396  0.81268  -214.50850  -216.46119  4.99985   768
53.00  0.05384  0.05370  0.02438  0.81268  -213.85390  -215.76997  4.99985   768
54.00  0.05384  0.05370  0.02436  0.81268  -213.86458  -215.73640  4.99985   768
55.00  0.05383  0.05370  0.02414  0.81268  -214.15602  -216.02632  4.99985   768
56.00  0.05384  0.05370  0.02365  0.81268  -214.90523  -216.73585  4.99985   768
57.00  0.05384  0.05370  0.02312  0.81268  -215.73225  -217.56135  4.99985   768
58.00  0.05384  0.05370  0.02276  0.81268  -216.31056  -218.17018  4.99985   768
59.00  0.05384  0.05370  0.02274  0.81268  -216.35634  -218.25715  4.99985   768
60.00  0.05383  0.05370  0.02325  0.81268  -215.62544  -217.56746  4.99985   768
61.00  0.05383  0.05370  0.02381  0.81268  -214.76942  -216.67940  4.99985   768
62.00  0.05385  0.05370  0.02434  0.81268  -213.89815  -215.80202  4.99985   768
63.00  0.05384  0.05370  0.02452  0.81268  -213.60670  -215.49226  4.99985   768
64.00  0.05383  0.05370  0.02422  0.81268  -213.99122  -215.81575  4.99985   768
65.00  0.05384  0.05370  0.02379  0.81268  -214.66719  -216.48866  4.99985   768
66.00  0.05384  0.05370  0.02326  0.81268  -215.50947  -217.32332  4.99985   768
67.00  0.05384  0.05370  0.02284  0.81268  -216.19307  -218.05421  4.99985   768
68.00  0.05383  0.05370  0.02281  0.81268  -216.25868  -218.14729  4.99985   768
69.00  0.05383  0.05370  0.02308  0.81268  -215.88789  -217.80244  4.99985   768
70.00  0.05384  0.05370  0.02367  0.81268  -214.99678  -216.96321  4.99985   768
71.00  0.05383  0.05370  0.02433  0.81268  -213.98512  -215.92714  4.99985   768
72.00  0.05383  0.05370  0.02468  0.81268  -213.38392  -215.28627  4.99985   768
73.00  0.05384  0.05370  0.02463  0.81268  -213.46022  -215.32289  4.99985   768
74.00  0.05384  0.05370  0.02420  0.81268  -214.06141  -215.87068  4.99985   768
75.00  0.05384  0.05370  0.02356  0.81268  -215.07765  -216.89760  4.99985   768
76.00  0.05384  0.05370  0.02288  0.81268  -216.05116  -217.86958  4.99985   768
77.00  0.05384  0.05370  0.02254  0.81268  -216.63099  -218.49214  4.99985   768
78.00  0.05384  0.05370  0.02259  0.81268  -216.58827  -218.47383  4.99985   768
79.00  0.05384  0.05370  0.02310  0.81268  -215.85585  -217.79176  4.99985   768
80.00  0.05384  0.05370  0.02384  0.81268  -214.72517  -216.67329  4.99985   768
81.00  0.05384  0.05370  0.02441  0.81268  -213.79286  -215.69215  4.99985   768
82.00  0.05383  0.05370  0.02469  0.81268  -213.36409  -215.24049  4.99985   768
83.00  0.05383  0.05370  0.02461  0.81268  -213.51210  -215.34730  4.99985   768
84.00  0.05382  0.05370  0.02407  0.81268  -214.22926  -216.06141  4.99985   768
85.00  0.05383  0.05370  0.02338  0.81268  -215.28517  -217.08070  4.99985   768
86.00  0.05384  0.05370  0.02276  0.81268  -216.27394  -218.11220  4.99985   768
87.00  0.05383  0.05370  0.02252  0.81268  -216.70729  -218.58827  4.99985   768
88.00  0.05381  0.05370  0.02270  0.81268  -216.42195  -218.34718  4.99985   768
89.00  0.05384  0.05370  0.02326  0.81268  -215.59035  -217.55678  4.99985   768
90.00  0.05384  0.05370  0.02398  0.81268  -214.51460  -216.47493  4.99985   768
91.00  0.05383  0.05370  0.02433  0.81268  -213.93171  -215.81270  4.99985   768
92.00  0.05384  0.05370  0.02436  0.81268  -213.83558  -215.71351  4.99985   768
93.00  0.05384  0.05370  0.02420  0.81268  -214.07820  -215.92561  4.99985   768
94.00  0.05383  0.05370  0.02364  0.81268  -214.89149  -216.70381  4.99985   768
95.00  0.05384  0.05370  0.02310  0.81268  -215.74904  -217.57356  4.99985   768
96.00  0.05384  0.05370  0.02269  0.81268  -216.41127  -218.26936  4.99985   768
97.00  0.05384  0.05370  0.02279  0.81268  -216.29225  -218.18086  4.99985   768
98.00  0.05384  0.05370  0.02322  0.81268  -215.63612  -217.55372  4.99985   768
99.00  0.05384  0.05370  0.02387  0.81268  -214.66566  -216.60921  4.99985   768
100.00  0.05384  0.05370  0.02443  0.81268  -213.77302  -215.67994  4.99985   768
101.00  0.05384  0.05370  0.02455  0.81268  -213.56093  -215.42665  4.99985   768
102.00  0.05384  0.05370  0.02436  0.81268  -213.84016  -215.70436  4.99985   768
103.00  0.05384  0.05370  0.02375  0.81268  -214.73128  -216.54512  4.99985   768
104.00  0.05385  0.05370  0.02311  0.81268  -215.70173  -217.54152  4.99985   768
105.00  0.05383  0.05370  0.02263  0.81268  -216.49977  -218.35481  4.99985   768
106.00  0.05385  0.05370  0.02254  0.81268  -216.66151  -218.55012  4.99985   768
107.00  0.05383  0.05370  0.02285  0.81268  -216.22816  -218.16713  4.99985   768
108.00  0.05383  0.05370  0.02355  0.81268  -215.18751  -217.13106  4.99985   768
109.00  0.05384  0.05370  0.02426  0.81268  -214.07667  -216.02937  4.99985   768
110.00  0.05383  0.05370  0.02466  0.81268  -213.42970  -215.33815  4.99985   768
111.00  0.05384  0.05370  0.02464  0.81268  -213.39461  -215.24965  4.99985   768
112.00  0.05383  0.05370  0.02425  0.81268  -213.96681  -215.80049  4.99985   768
113.00  0.05383  0.05370  0.02358  0.81268  -214.95863  -216.75722  4.99985   768
114.00  0.05384  0.05370  0.02304  0.81268  -215.84212  -217.66206  4.99985   768
115.00  0.05384  0.05370  0.02267  0.81268  -216.41279  -218.24953  4.99985   768
116.00  0.05384  0.05370  0.02264  0.81268  -216.53029  -218.40822  4.99985   768
117.00  0.05383  0.05370  0.02307  0.81268  -215.89094  -217.81618  4.99985   768
118.00  0.05383  0.05370  0.02368  0.81268  -214.94795  -216.87776  4.99985   768
119.00  0.05383  0.05370  0.02419  0.81268  -214.18196  -216.09956  4.99985   768
120.00  0.05383  0.05370  0.02453  0.81268  -213.63722  -215.53956  4.99985   768
121.00  0.05384  0.05370  0.02436  0.81268  -213.82948  -215.69063  4.99985   768
122.00  0.05384  0.05370  0.02392  0.81268  -214.47645  -216.33302  4.99985   768
123.00  0.05384  0.05370  0.02334  0.81268  -215.37672  -217.20888  4.99985   768
124.00  0.05383  0.05370  0.02287  0.81268  -216.12288  -217.97182  4.99985   768
125.00  0.05383  0.05370  0.02276  0.81268  -216.35939  -218.25715  4.99985   768
126.00  0.05382  0.05370  0.02303  0.81268  -215.88637  -217.80397  4.99985   768
127.00  0.05383  0.05370  0.02356  0.81268  -215.15089  -217.06392  4.99985   768
128.00  0.05384  0.05370  0.02392  0.81268  -214.59242  -216.49171  4.99985   768
129.00  0.05384  0.05370  0.02424  0.81268  -214.06447  -215.94850  4.99985   768
130.00  0.05383  0.05370  0.02428  0.81268  -213.96528  -215.79896  4.99985   768
131.00  0.05384  0.05370  0.02390  0.81268  -214.50392  -216.35133  4.99985   768
132.00  0.05383  0.05370  0.02336  0.81268  -215.34620  -217.15547  4.99985   768
133.00  0.05384  0.05370  0.02285  0.81268  -216.12898  -217.96876  4.99985   768
134.00  0.05383  0.05370  0.02268  0.81268  -216.42805  -218.28920  4.99985   768
135.00  0.05384  0.05370  0.02292  0.81268  -216.09389  -218.02980  4.99985   768
136.00  0.05384  0.05370  0.02342  0.81268  -215.36146  -217.30806  4.99985   768
137.00  0.05384  0.05370  0.02400  0.81268  -214.47340  -216.40474  4.99985   768
138.00  0.05383  0.05370  0.02431  0.81268  -213.95155  -215.86000  4.99985   768
139.00  0.05385  0.05370  0.02443  0.81268  -213.77608  -215.66316  4.99985   768
140.00  0.05383  0.05370  0.02419  0.81268  -214.09346  -215.95460  4.99985   768
141.00  0.05384  0.05370  0.02377  0.81268  -214.72365  -216.55733  4.99985   768
142.00  0.05384  0.05370  0.02312  0.81268  -215.69716  -217.52168  4.99985   768
143.00  0.05382  0.05370  0.02266  0.81268  -216.44636  -218.28309  4.99985   768
144.00  0.05385  0.05370  0.02263  0.81268  -216.53029  -218.38685  4.99985   768
145.00  0.05384  0.05370  0.02309  0.81268  -215.84822  -217.76735  4.99985   768
146.00  0.05382  0.05370  0.02358  0.81268  -215.12037  -217.06239  4.99985   768
147.00  0.05383  0.05370  0.02423  0.81268  -214.09956  -216.00496  4.99985   768
148.00  0.05383  0.05370  0.02453  0.81268  -213.60518  -215.48463  4.99985   768
149.00  0.05384  0.05370  0.02435  0.81268  -213.76539  -215.61281  4.99985   768
150.00  0.05382  0.05370  0.02405  0.81268  -214.32234  -216.15602  4.99985   768
151.00  0.05383  0.05370  0.02346  0.81268  -215.16310  -216.97236  4.99985   768
152.00  0.05383  0.05370  0.02289  0.81268  -216.09389  -217.93825  4.99985   768
153.00  0.05384  0.05370  0.02257  0.81268  -216.58369  -218.44942  4.99985   768
154.00  0.05384  0.05370  0.02270  0.81268  -216.47230  -218.37770  4.99985   768
155.00  0.05383  0.05370  0.02326  0.81268  -215.62697  -217.58119  4.99985   768
156.00  0.05384  0.05370  0.02389  0.81268  -214.69771  -216.64125  4.99985   768
157.00  0.05384  0.05370  0.02428  0.81268  -213.96986  -215.90577  4.99985   768
158.00  0.05383  0.05370  0.02441  0.81268  -213.76692  -215.62349  4.99985   768
159.00  0.05384  0.05370  0.02416  0.81268  -214.13313  -215.99275  4.99985   768
160.00  0.05383  0.05370  0.02361  0.81268  -214.94490  -216.75569  4.99985   768
161.00  0.05384  0.05370  0.02300  0.81268  -215.88942  -217.71089  4.99985   768
162.00  0.05383  0.05370  0.02261  0.81268  -216.54402  -218.40059  4.99985   768
163.00  0.05385  0.05370  0.02266  0.81268  -216.46162  -218.35328  4.99985   768
164.00  0.05384  0.05370  0.02298  0.81268  -216.03132  -217.93519  4.99985   768
165.00  0.05383  0.05370  0.02363  0.81268  -215.03340  -216.96931  4.99985   768
166.00  0.05384  0.05370  0.02422  0.81268  -214.09804  -216.02174  4.99985   768
167.00  0.05384  0.05370  0.02449  0.81268  -213.65248  -215.53804  4.99985   768
168.00  0.05382  0.05370  0.02430  0.81268  -213.89815  -215.74861  4.99985   768
169.00  0.05383  0.05370  0.02388  0.81268  -214.55580  -216.39711  4.99985   768
170.00  0.05384  0.05370  0.02324  0.81268  -215.51405  -217.33095  4.99985   768
171.00  0.05384  0.05370  0.02273  0.81268  -216.33040  -218.18849  4.99985   768
172.00  0.05384  0.05370  0.02251  0.81268  -216.68745  -218.56233  4.99985   768
173.00  0.05383  0.05370  0.02271  0.81268  -216.45704  -218.38228  4.99985   768
174.00  0.05384  0.05370  0.02337  0.81268  -215.41792  -217.37520  4.99985   768
175.00  0.05383  0.05370  0.02399  0.81268  -214.52376  -216.46577  4.99985   768
176.00  0.05385  0.05370  0.02441  0.81268  -213.78676  -215.68910  4.99985   768
177.00  0.05384  0.05370  0.02456  0.81268  -213.54414  -215.41139  4.99985   768
178.00  0.05382  0.05370  0.02427  0.81268  -213.93629  -215.76997  4.99985   768
179.00  0.05383  0.05370  0.02365  0.81268  -214.84419  -216.64735  4.99985   768
180.00  0.05384  0.05370  0.02301  0.81268  -215.84974  -217.66817  4.99985   768
181.00  0.05384  0.05370  0.02254  0.81268  -216.64168  -218.47993  4.99985   768
182.00  0.05384  0.05370  0.02247  0.81268  -216.76375  -218.64320  4.99985   768
183.00  0.05383  0.05370  0.02293  0.81268  -216.09694  -218.03285  4.99985   768
184.00  0.05383  0.05370  0.02364  0.81268  -215.02272  -216.97236  4.99985   768
185.00  0.05384  0.05370  0.02426  0.81268  -214.09346  -216.03395  4.99985   768
186.00  0.05384  0.05370  0.02459  0.81268  -213.54872  -215.45411  4.99985   768
187.00  0.05383  0.05370  0.02452  0.81268  -213.60975  -215.47090  4.99985   768
188.00  0.05384  0.05370  0.02401  0.81268  -214.34828  -216.17738  4.99985   768
189.00  0.05383  0.05370  0.02342  0.81268  -215.25007  -217.07918  4.99985   768
190.00  0.05383  0.05370  0.02289  0.81268  -216.09389  -217.93367  4.99985   768
191.00  0.05384  0.05370  0.02263  0.81268  -216.52571  -218.39448  4.99985   768
192.00  0.05384  0.05370  0.02281  0.81268  -216.27394  -218.19154  4.99985   768
193.00  0.05384  0.05370  0.02338  0.81268  -215.40724  -217.36909  4.99985   768
194.00  0.05384  0.05370  0.02403  0.81268  -214.42457  -216.34065  4.99985   768
195.00  0.05382  0.05370  0.02445  0.81268  -213.71962  -215.61891  4.99985   768
196.00  0.05384  0.05370  0.02452  0.81268  -213.60670  -215.48616  4.99985   768
197.00  0.05385  0.05370  0.02421  0.81268  -214.02632  -215.86305  4.99985   768
198.00  0.05384  0.05370  0.02358  0.81268  -214.96474  -216.76637  4.99985   768
199.00  0.05383  0.05370  0.02305  0.81268  -215.81618  -217.65443  4.99985   768
200.00  0.04903  0.03489  0.02288  0.81268  -216.17171  -218.08626  4.99985   768
201.00  0.03848  0.03489  0.01983  0.81268  -220.28853  -221.65224  4.99985   768
202.00  0.03761  0.03489  0.01629  0.81268  -226.00142  -227.64589  4.99985   768
203.00  0.03732  0.03489  0.01750  0.81268  -224.68001  -226.83870  4.99985   768
204.00  0.03711  0.03489  0.01612  0.81268  -226.30507  -227.97395  4.99985   768
205.00  0.03688  0.03489  0.01471  0.81268  -228.63203  -230.43062  4.99985   768
206.00  0.03676  0.03489  0.01616  0.81268  -226.53853  -228.51716  4.99985   768
207.00  0.03664  0.03489  0.01386  0.81268  -229.75508  -231.41786  4.99985   768
208.00  0.03656  0.03489  0.01265  0.81268  -231.85469  -233.73720  4.99985   768
209.00  0.03647  0.03489  0.01337  0.81268  -230.59279  -232.40663  4.99985   768
210.00  0.03641  0.03489  0.01137  0.81268  -233.73305  -235.49348  4.99985   768
211.00  0.03636  0.03489  0.01212  0.81268  -232.89076  -234.95790  4.99985   768
212.00  0.03628  0.03489  0.01307  0.81268  -231.09175  -232.88881  4.99985   768
213.00  0.03623  0.03489  0.01262  0.81268  -231.97981  -233.91115  4.99985   768
214.00  0.03618  0.03489  0.01443  0.81268  -229.31715  -231.38887  4.99985   768
215.00  0.03615  0.03489  0.01375  0.81268  -229.88173  -231.55824  4.99985   768
216.00  0.03614  0.03489  0.01317  0.81268  -231.09022  -233.01546  4.99985   768
217.00  0.03611  0.03489  0.01364  0.81268  -230.23726  -232.11671  4.99985   768
218.00  0.03608  0.03489  0.01169  0.81268  -233.13795  -234.82362  4.99985   768
219.00  0.03608  0.03489  0.01180  0.81268  -233.25087  -235.21883  4.99985   768
220.00  0.03606  0.03489  0.01228  0.81268  -232.37807  -234.23616  4.99985   768
221.00  0.03604  0.03489  0.01159  0.81268  -233.53316  -235.45381  4.99985   768
222.00  0.03602  0.03489  0.01327  0.81268  -231.09785  -233.16041  4.99985   768
223.00  0.03600  0.03489  0.01354  0.81268  -230.37154  -232.19148  4.99985   768
224.00  0.03599  0.03489  0.01347  0.81268  -230.70875  -232.69044  4.99985   768
225.00  0.03598  0.03489  0.01418  0.81268  -229.45753  -231.35377  4.99985   768
226.00  0.03597  0.03489  0.01301  0.81268  -231.16041  -232.90864  4.99985   768
227.00  0.03597  0.03489  0.01268  0.81268  -231.83333  -233.73720  4.99985   768
228.00  0.03596  0.03489  0.01229  0.81268  -232.29567  -234.08052  4.99985   768
229.00  0.03596  0.03489  0.01147  0.81268  -233.63539  -235.46907  4.99985   768
230.00  0.03596  0.03489  0.01224  0.81268  -232.56880  -234.55507  4.99985   768
231.00  0.03593  0.03489  0.01263  0.81268  -231.88826  -233.76161  4.99985   768
232.00  0.03595  0.03489  0.01299  0.81268  -231.39845  -233.35115  4.99985   768
233.00  0.03594  0.03489  0.01396  0.81268  -229.88936  -231.84816  4.99985   768
234.00  0.03593  0.03489  0.01352  0.81268  -230.42036  -232.23878  4.99985   768
235.00  0.03593  0.03489  0.01335  0.81268  -230.82472  -232.72249  4.99985   768
236.00  0.03593  0.03489  0.01306  0.81268  -231.11159  -232.91627  4.99985   768
237.00  0.03592  0.03489  0.01197  0.81268  -232.83888  -234.64052  4.99985   768
238.00  0.03592  0.03489  0.01197  0.81268  -232.90907  -234.84651  4.99985   768
239.00  0.03592  0.03489  0.01184  0.81268  -233.07692  -234.93654  4.99985   768
240.00  0.03591  0.03489  0.01208  0.81268  -232.84346  -234.80836  4.99985   768
241.00  0.03592  0.03489  0.01310  0.81268  -231.27028  -233.25197  4.99985   768
242.00  0.03591  0.03489  0.01334  0.81268  -230.75758  -232.65382  4.99985   768
243.00  0.03591  0.03489  0.01362  0.81268  -230.40053  -232.32423  4.99985   768
244.00  0.03590  0.03489  0.01372  0.81268  -230.18385  -232.03584  4.99985   768
245.00  0.03589  0.03489  0.01289  0.81268  -231.39540  -233.18330  4.99985   768
246.00  0.03591  0.03489  0.01255  0.81268  -231.95998  -233.81959  4.99985   768
247.00  0.03590  0.03489  0.01206  0.81268  -232.68477  -234.49098  4.99985   768
248.00  0.03589  0.03489  0.01173  0.81268  -233.25545  -235.14558  4.99985   768
249.00  0.03589  0.03489  0.01223  0.81268  -232.56728  -234.49251  4.99985   768
250.00  0.03590  0.03489  0.01274  0.81268  -231.73720  -233.67921  4.99985   768
251.00  0.03590  0.03489  0.01338  0.81268  -230.83540  -232.77742  4.99985   768
252.00  0.03589  0.03489  0.01386  0.81268  -229.99007  -231.87868  4.99985   768
253.00  0.03589  0.03489  0.01356  0.81268  -230.42952  -232.28609  4.99985   768
254.00  0.03589  0.03489  0.01347  0.81268  -230.59126  -232.47377  4.99985   768
255.00  0.03589  0.03489  0.01278  0.81268  -231.54188  -233.36641  4.99985   768
256.00  0.03589  0.03489  0.01217  0.81268  -232.54591  -234.39638  4.99985   768
257.00  0.03588  0.03489  0.01199  0.81268  -232.86787  -234.75801  4.99985   768
258.00  0.03588  0.03489  0.01195  0.81268  -232.94417  -234.86482  4.99985   768
259.00  0.03590  0.03489  0.01248  0.81268  -232.18275  -234.13545  4.99985   768
260.00  0.03587  0.03489  0.01324  0.81268  -230.98189  -232.91780  4.99985   768
261.00  0.03587  0.03489  0.01362  0.81268  -230.39595  -232.29829  4.99985   768
262.00  0.03588  0.03489  0.01381  0.81268  -230.08925  -231.97481  4.99985   768
263.00  0.03588  0.03489  0.01368  0.81268  -230.23878  -232.06178  4.99985   768
264.00  0.03587  0.03489  0.01302  0.81268  -231.19551  -233.01240  4.99985   768
265.00  0.03587  0.03489  0.01246  0.81268  -232.06068  -233.88521  4.99985   768
266.00  0.03587  0.03489  0.01190  0.81268  -232.96095  -234.77937  4.99985   768
267.00  0.03587  0.03489  0.01190  0.81268  -232.99452  -234.90297  4.99985   768
268.00  0.03587  0.03489  0.01228  0.81268  -232.46199  -234.37807  4.99985   768
269.00  0.03587  0.03489  0.01286  0.81268  -231.60750  -233.55562  4.99985   768
270.00  0.03587  0.03489  0.01358  0.81268  -230.49513  -232.44783  4.99985   768
271.00  0.03586  0.03489  0.01400  0.81268  -229.77492  -231.69862  4.99985   768
272.00  0.03586  0.03489  0.01377  0.81268  -230.14571  -232.00685  4.99985   768
273.00  0.03587  0.03489  0.01347  0.81268  -230.51649  -232.38832  4.99985   768
274.00  0.03586  0.03489  0.01277  0.81268  -231.59834  -233.40456  4.99985   768
275.00  0.03586  0.03489  0.01215  0.81268  -232.52455  -234.37959  4.99985   768
276.00  0.03585  0.03489  0.01189  0.81268  -233.00520  -234.86940  4.99985   768
277.00  0.03586  0.03489  0.01204  0.81268  -232.83278  -234.73054  4.99985   768
278.00  0.03586  0.03489  0.01260  0.81268  -231.98744  -233.92946  4.99985   768
279.00  0.03584  0.03489  0.01330  0.81268  -230.92543  -232.85829  4.99985   768
280.00  0.03586  0.03489  0.01391  0.81268  -229.95497  -231.88020  4.99985   768
281.00  0.03585  0.03489  0.01411  0.81268  -229.57197  -231.43465  4.99985   768
282.00  0.03586  0.03489  0.01385  0.81268  -229.92445  -231.76576  4.99985   768
283.00  0.03585  0.03489  0.01334  0.81268  -230.72707  -232.56380  4.99985   768
284.00  0.03583  0.03489  0.01259  0.81268  -231.86537  -233.67769  4.99985   768
285.00  0.03586  0.03489  0.01206  0.81268  -232.71834  -234.56575  4.99985   768
286.00  0.03585  0.03489  0.01201  0.81268  -232.83888  -234.75801  4.99985   768
287.00  0.03586  0.03489  0.01234  0.81268  -232.34755  -234.29262  4.99985   768
288.00  0.03585  0.03489  0.01297  0.81268  -231.46101  -233.42744  4.99985   768
289.00  0.03584  0.03489  0.01370  0.81268  -230.29524  -232.24031  4.99985   768
290.00  0.03584  0.03489  0.01414  0.81268  -229.62385  -231.53841  4.99985   768
291.00  0.03585  0.03489  0.01413  0.81268  -229.58876  -231.46364  4.99985   768
292.00  0.03584  0.03489  0.01364  0.81268  -230.22658  -232.06026  4.99985   768
293.00  0.03585  0.03489  0.01299  0.81268  -231.24739  -233.07344  4.99985   768
294.00  0.03584  0.03489  0.01229  0.81268  -232.34755  -234.14766  4.99985   768
295.00  0.03583  0.03489  0.01208  0.81268  -232.75038  -234.63594  4.99985   768
296.00  0.03583  0.03489  0.01225  0.81268  -232.47725  -234.37959  4.99985   768
297.00  0.03584  0.03489  0.01292  0.81268  -231.48390  -233.40608  4.99985   768
298.00  0.03582  0.03489  0.01350  0.81268  -230.60957  -232.53023  4.99985   768
299.00  0.03584  0.03489  0.01407  0.81268  -229.74898  -231.66811  4.99985   768
300.00  0.03584  0.03489  0.01428  0.81268  -229.32936  -231.21797  4.99985   768
301.00  0.03584  0.03489  0.01401  0.81268  -229.72151  -231.57197  4.99985   768
302.00  0.03583  0.03489  0.01349  0.81268  -230.47835  -232.30287  4.99985   768
303.00  0.03583  0.03489  0.01282  0.81268  -231.50679  -233.32979  4.99985   768
304.00  0.03583  0.03489  0.01234  0.81268  -232.32161  -234.18123  4.99985   768
305.00  0.03583  0.03489  0.01223  0.81268  -232.45741  -234.37196  4.99985   768
306.00  0.03583  0.03489  0.01267  0.81268  -231.88521  -233.84401  4.99985   768
307.00  0.03583  0.03489  0.01335  0.81268  -230.88423  -232.82930  4.99985   768
308.00  0.03582  0.03489  0.01396  0.81268  -229.94276  -231.87257  4.99985   768
309.00  0.03583  0.03489  0.01430  0.81268  -229.35835  -231.25612  4.99985   768
310.00  0.03583  0.03489  0.01425  0.81268  -229.36446  -231.24086  4.99985   768
311.00  0.03582  0.03489  0.01384  0.81268  -229.98091  -231.81459  4.99985   768
312.00  0.03582  0.03489  0.01330  0.81268  -230.79115  -232.59737  4.99985   768
313.00  0.03583  0.03489  0.01264  0.81268  -231.80739  -233.63039  4.99985   768
314.00  0.03583  0.03489  0.01240  0.81268  -232.24226  -234.10036  4.99985   768
315.00  0.03583  0.03489  0.01245  0.81268  -232.18886  -234.10036  4.99985   768
316.00  0.03583  0.03489  0.01300  0.81268  -231.38167  -233.31758  4.99985   768
317.00  0.03582  0.03489  0.01373  0.81268  -230.23268  -232.18080  4.99985   768
318.00  0.03582  0.03489  0.01423  0.81268  -229.42854  -231.34614  4.99985   768
319.00  0.03582  0.03489  0.01435  0.81268  -229.26527  -231.15694  4.99985   768
320.00  0.03582  0.03489  0.01415  0.81268  -229.49415  -231.37056  4.99985   768
321.00  0.03583  0.03489  0.01353  0.81268  -230.46614  -232.29372  4.99985   768
322.00  0.03581  0.03489  0.01293  0.81268  -231.37251  -233.21992  4.99985   768
323.00  0.03582  0.03489  0.01250  0.81268  -232.09578  -233.96608  4.99985   768
324.00  0.03582  0.03489  0.01238  0.81268  -232.25294  -234.13850  4.99985   768
325.00  0.03579  0.03489  0.01277  0.81268  -231.77077  -233.71583  4.99985   768
326.00  0.03582  0.03489  0.01342  0.81268  -230.70418  -232.65382  4.99985   768
327.00  0.03582  0.03489  0.01411  0.81268  -229.67573  -231.60402  4.99985   768
328.00  0.03581  0.03489  0.01443  0.81268  -229.12794  -231.00893  4.99985   768
329.00  0.03581  0.03489  0.01423  0.81268  -229.38887  -231.23628  4.99985   768
330.00  0.03583  0.03489  0.01382  0.81268  -229.99922  -231.83595  4.99985   768
331.00  0.03582  0.03489  0.01318  0.81268  -230.91627  -232.71944  4.99985   768
332.00  0.03582  0.03489  0.01264  0.81268  -231.78755  -233.61970  4.99985   768
333.00  0.03582  0.03489  0.01247  0.81268  -232.10951  -233.98592  4.99985   768
334.00  0.03580  0.03489  0.01263  0.81268  -231.97218  -233.86995  4.99985   768
335.00  0.03581  0.03489  0.01314  0.81268  -231.14821  -233.08107  4.99985   768
336.00  0.03581  0.03489  0.01383  0.81268  -230.09993  -232.07246  4.99985   768
337.00  0.03582  0.03489  0.01431  0.81268  -229.32326  -231.26375  4.99985   768
338.00  0.03582  0.03489  0.01441  0.81268  -229.15236  -231.02571  4.99985   768
339.00  0.03581  0.03489  0.01405  0.81268  -229.64979  -231.50941  4.99985   768
340.00  0.03582  0.03489  0.01353  0.81268  -230.42799  -232.26625  4.99985   768
341.00  0.03580  0.03489  0.01289  0.81268  -231.41371  -233.24129  4.99985   768
342.00  0.03580  0.03489  0.01244  0.81268  -232.16902  -234.03169  4.99985   768
343.00  0.03582  0.03489  0.01240  0.81268  -232.27125  -234.14461  4.99985   768
344.00  0.03580  0.03489  0.01291  0.81268  -231.50679  -233.44270  4.99985   768
345.00  0.03581  0.03489  0.01363  0.81268  -230.40205  -232.35322  4.99985   768
346.00  0.03580  0.03489  0.01423  0.81268  -229.47890  -231.39040  4.99985   768
347.00  0.03581  0.03489  0.01449  0.81268  -229.03334  -230.88991  4.99985   768
348.00  0.03581  0.03489  0.01440  0.81268  -229.14778  -231.00740  4.99985   768
349.00  0.03580  0.03489  0.01393  0.81268  -229.82832  -231.64217  4.99985   768
350.00  0.03580  0.03489  0.01330  0.81268  -230.78657  -232.60652  4.99985   768
351.00  0.03581  0.03489  0.01280  0.81268  -231.56935  -233.41218  4.99985   768
352.00  0.03582  0.03489  0.01253  0.81268  -232.05153  -233.92335  4.99985   768
353.00  0.03581  0.03489  0.01278  0.81268  -231.67921  -233.61207  4.99985   768
354.00  0.03581  0.03489  0.01337  0.81268  -230.80946  -232.75911  4.99985   768
355.00  0.03581  0.03489  0.01405  0.81268  -229.76424  -231.70625  4.99985   768
356.00  0.03580  0.03489  0.01449  0.81268  -229.05775  -231.00435  4.99985   768
357.00  0.03581  0.03489  0.01461  0.81268  -228.83345  -230.71596  4.99985   768
358.00  0.03579  0.03489  0.01423  0.81268  -229.42549  -231.26680  4.99985   768
359.00  0.03580  0.03489  0.01362  0.81268  -230.25252  -232.05415  4.99985   768
360.00  0.03580  0.03489  0.01304  0.81268  -231.20924  -233.06428  4.99985   768
361.00  0.03580  0.03489  0.01260  0.81268  -231.86079  -233.71278  4.99985   768
362.00  0.03579  0.03489  0.01265  0.81268  -231.87758  -233.77077  4.99985   768
363.00  0.03581  0.03489  0.01306  0.81268  -231.25502  -233.18025  4.99985   768
364.00  0.03580  0.03489  0.01372  0.81268  -230.22200  -232.15944  4.99985   768
365.00  0.03579  0.03489  0.01423  0.81268  -229.48042  -231.39345  4.99985   768
366.00  0.03579  0.03489  0.01462  0.81268  -228.83803  -230.72053  4.99985   768
367.00  0.03580  0.03489  0.01443  0.81268  -229.08217  -230.94942  4.99985   768
368.00  0.03580  0.03489  0.01394  0.81268  -229.81612  -231.62843  4.99985   768
369.00  0.03581  0.03489  0.01322  0.81268  -230.92696  -232.76063  4.99985   768
370.00  0.03579  0.03489  0.01266  0.81268  -231.77534  -233.61970  4.99985   768
371.00  0.03579  0.03489  0.01255  0.81268  -232.02559  -233.92183  4.99985   768
372.00  0.03580  0.03489  0.01286  0.81268  -231.57088  -233.51289  4.99985   768
373.00  0.03580  0.03489  0.01347  0.81268  -230.66298  -232.61720  4.99985   768
374.00  0.03579  0.03489  0.01418  0.81268  -229.54451  -231.50789  4.99985   768
375.00  0.03578  0.03489  0.01459  0.81268  -228.96467  -230.85786  4.99985   768
376.00  0.03579  0.03489  0.01464  0.81268  -228.74647  -230.63051  4.99985   768
377.00  0.03579  0.03489  0.01420  0.81268  -229.43770  -231.27443  4.99985   768
378.00  0.03579  0.03489  0.01364  0.81268  -230.24336  -232.05873  4.99985   768
379.00  0.03579  0.03489  0.01301  0.81268  -231.21535  -233.04597  4.99985   768
380.00  0.03580  0.03489  0.01265  0.81268  -231.83943  -233.68837  4.99985   768
381.00  0.03580  0.03489  0.01282  0.81268  -231.64717  -233.55714  4.99985   768
382.00  0.03579  0.03489  0.01340  0.81268  -230.74080  -232.68434  4.99985   768
383.00  0.03578  0.03489  0.01409  0.81268  -229.68489  -231.61165  4.99985   768
384.00  0.03576  0.03489  0.01463  0.81268  -228.86854  -230.79835  4.99985   768
385.00  0.03579  0.03489  0.01492  0.81268  -228.37874  -230.27498  4.99985   768
386.00  0.03578  0.03489  0.01468  0.81268  -228.70985  -230.56337  4.99985   768
387.00  0.03579  0.03489  0.01407  0.81268  -229.62843  -231.44227  4.99985   768
388.00  0.03578  0.03489  0.01336  0.81268  -230.66908  -232.49513  4.99985   768
389.00  0.03578  0.03489  0.01277  0.81268  -231.61360  -233.45796  4.99985   768
390.00  0.03580  0.03489  0.01260  0.81268  -231.93404  -233.83790  4.99985   768
391.00  0.03578  0.03489  0.01299  0.81268  -231.38167  -233.31605  4.99985   768
392.00  0.03577  0.03489  0.01359  0.81268  -230.49208  -232.44783  4.99985   768
393.00  0.03578  0.03489  0.01439  0.81268  -229.28816  -231.23781  4.99985   768
394.00  0.03577  0.03489  0.01483  0.81268  -228.52980  -230.42604  4.99985   768
395.00  0.03578  0.03489  0.01481  0.81268  -228.48402  -230.33754  4.99985   768
396.00  0.03579  0.03489  0.01446  0.81268  -229.02418  -230.86244  4.99985   768
397.00  0.03578  0.03489  0.01381  0.81268  -230.00227  -231.80543  4.99985   768
398.00  0.03578  0.03489  0.01308  0.81268  -231.12074  -232.91322  4.99985   768
399.00  0.03578  0.03489  0.01262  0.81268  -231.88368  -233.73567  4.99985   768
400.00  0.03578  0.03489  0.01267  0.81268  -231.81807  -233.71583  4.99985   768
401.00  0.03578  0.03489  0.01325  0.81268  -231.00478  -232.94984  4.99985   768
402.00  0.03579  0.03489  0.01391  0.81268  -229.97328  -231.92140  4.99985   768
403.00  0.03578  0.03489  0.01456  0.81268  -228.98451  -230.92500  4.99985   768
404.00  0.03579  0.03489  0.01481  0.81268  -228.54201  -230.45198  4.99985   768
405.00  0.03578  0.03489  0.01475  0.81268  -228.63966  -230.50844  4.99985   768
406.00  0.03579  0.03489  0.01427  0.81268  -229.34004  -231.18593  4.99985   768
407.00  0.03579  0.03489  0.01362  0.81268  -230.30134  -232.10908  4.99985   768
408.00  0.03576  0.03489  0.01303  0.81268  -231.25655  -233.10701  4.99985   768
409.00  0.03576  0.03489  0.01287  0.81268  -231.50679  -233.39082  4.99985   768
410.00  0.03579  0.03489  0.01322  0.81268  -231.00020  -232.92390  4.99985   768
411.00  0.03579  0.03489  0.01378  0.81268  -230.17012  -232.09383  4.99985   768
412.00  0.03577  0.03489  0.01445  0.81268  -229.16762  -231.09590  4.99985   768
413.00  0.03579  0.03489  0.01500  0.81268  -228.25514  -230.17427  4.99985   768
414.00  0.03578  0.03489  0.01501  0.81268  -228.14070  -229.97896  4.99985   768
415.00  0.03578  0.03489  0.01463  0.81268  -228.78157  -230.61983  4.99985   768
416.00  0.03578  0.03489  0.01406  0.81268  -229.61775  -231.42244  4.99985   768
417.00  0.03577  0.03489  0.01344  0.81268  -230.63704  -232.45546  4.99985   768
418.00  0.03577  0.03489  0.01309  0.81268  -231.14516  -232.99867  4.99985   768
419.00  0.03578  0.03489  0.01317  0.81268  -231.07802  -232.98341  4.99985   768
420.00  0.03577  0.03489  0.01366  0.81268  -230.37001  -232.31813  4.99985   768
421.00  0.03577  0.03489  0.01427  0.81268  -229.43159  -231.39497  4.99985   768
422.00  0.03577  0.03489  0.01477  0.81268  -228.64577  -230.58626  4.99985   768
423.00  0.03578  0.03489  0.01503  0.81268  -228.22768  -230.12849  4.99985   768
424.00  0.03577  0.03489  0.01485  0.81268  -228.42299  -230.27956  4.99985   768
425.00  0.03577  0.03489  0.01424  0.81268  -229.30342  -231.11574  4.99985   768
426.00  0.03576  0.03489  0.01359  0.81268  -230.34102  -232.16402  4.99985   768
427.00  0.03577  0.03489  0.01309  0.81268  -231.12227  -232.97121  4.99985   768
428.00  0.03578  0.03489  0.01312  0.81268  -231.15736  -233.03224  4.99985   768
429.00  0.03576  0.03489  0.01350  0.81268  -230.59126  -232.51649  4.99985   768
430.00  0.03577  0.03489  0.01407  0.81268  -229.72914  -231.65285  4.99985   768
431.00  0.03576  0.03489  0.01458  0.81268  -228.93416  -230.85176  4.99985   768
432.00  0.03577  0.03489  0.01499  0.81268  -228.25819  -230.19258  4.99985   768
433.00  0.03577  0.03489  0.01507  0.81268  -228.08729  -229.94081  4.99985   768
434.00  0.03576  0.03489  0.01463  0.81268  -228.75868  -230.58015  4.99985   768
435.00  0.03576  0.03489  0.01405  0.81268  -229.62538  -231.43770  4.99985   768
436.00  0.03577  0.03489  0.01344  0.81268  -230.55617  -232.40663  4.99985   768
437.00  0.03577  0.03489  0.01301  0.81268  -231.28859  -233.16804  4.99985   768
438.00  0.03576  0.03489  0.01317  0.81268  -231.09633  -233.02614  4.99985   768
439.00  0.03577  0.03489  0.01374  0.81268  -230.26320  -232.22353  4.99985   768
440.00  0.03578  0.03489  0.01438  0.81268  -229.25154  -231.21034  4.99985   768
441.00  0.03577  0.03489  0.01494  0.81268  -228.33754  -230.28566  4.99985   768
442.00  0.03576  0.03489  0.01513  0.81268  -228.03084  -229.91945  4.99985   768
443.00  0.03578  0.03489  0.01483  0.81268  -228.43672  -230.27956  4.99985   768
444.00  0.03577  0.03489  0.01427  0.81268  -229.30189  -231.11574  4.99985   768
445.00  0.03576  0.03489  0.01363  0.81268  -230.26625  -232.09535  4.99985   768
446.00  0.03576  0.03489  0.01312  0.81268  -231.10548  -232.93764  4.99985   768
447.00  0.03577  0.03489  0.01309  0.81268  -231.15584  -233.05818  4.99985   768
448.00  0.03576  0.03489  0.01345  0.81268  -230.67976  -232.61110  4.99985   768
449.00  0.03576  0.03489  0.01407  0.81268  -229.72609  -231.66658  4.99985   768
450.00  0.03576  0.03489  0.01475  0.81268  -228.65187  -230.57558  4.99985   768
451.00  0.03577  0.03489  0.01503  0.81268  -228.20326  -230.10866  4.99985   768
452.00  0.03576  0.03489  0.01494  0.81268  -228.32228  -230.17427  4.99985   768
453.00  0.03576  0.03489  0.01462  0.81268  -228.76784  -230.61220  4.99985   768
454.00  0.03576  0.03489  0.01394  0.81268  -229.82374  -231.66200  4.99985   768
455.00  0.03576  0.03489  0.01335  0.81268  -230.72707  -232.57600  4.99985   768
456.00  0.03576  0.03489  0.01314  0.81268  -231.11769  -233.00783  4.99985   768
457.00  0.03576  0.03489  0.01337  0.81268  -230.81557  -232.74080  4.99985   768
458.00  0.03577  0.03489  0.01389  0.81268  -230.02669  -231.98854  4.99985   768
459.00  0.03576  0.03489  0.01459  0.81268  -228.94484  -230.90822  4.99985   768
460.00  0.03577  0.03489  0.01506  0.81268  -228.21242  -230.12849  4.99985   768
461.00  0.03576  0.03489  0.01520  0.81268  -227.91334  -229.77296  4.99985   768
462.00  0.03576  0.03489  0.01492  0.81268  -228.34212  -230.18495  4.99985   768
463.00  0.03577  0.03489  0.01434  0.81268  -229.17372  -230.97841  4.99985   768
464.00  0.03576  0.03489  0.01371  0.81268  -230.15486  -231.97023  4.99985   768
465.00  0.03576  0.03489  0.01328  0.81268  -230.85676  -232.70875  4.99985   768
466.00  0.03575  0.03489  0.01317  0.81268  -231.05055  -232.91170  4.99985   768
467.00  0.03576  0.03489  0.01356  0.81268  -230.51192  -232.44325  4.99985   768
468.00  0.03577  0.03489  0.01420  0.81268  -229.53230  -231.48958  4.99985   768
469.00  0.03576  0.03489  0.01482  0.81268  -228.56184  -230.51301  4.99985   768
470.00  0.03575  0.03489  0.01512  0.81268  -228.08424  -229.97896  4.99985   768
471.00  0.03575  0.03489  0.01502  0.81268  -228.19411  -230.06441  4.99985   768
472.00  0.03574  0.03489  0.01458  0.81268  -228.83955  -230.67323  4.99985   768
473.00  0.03576  0.03489  0.01384  0.81268  -229.93513  -231.74592  4.99985   768
474.00  0.03576  0.03489  0.01325  0.81268  -230.88118  -232.74080  4.99985   768
475.00  0.03575  0.03489  0.01313  0.81268  -231.08259  -232.98952  4.99985   768
476.00  0.03576  0.03489  0.01324  0.81268  -231.01393  -232.91017  4.99985   768
477.00  0.03574  0.03489  0.01380  0.81268  -230.13045  -232.08009  4.99985   768
478.00  0.03576  0.03489  0.01445  0.81268  -229.14320  -231.06691  4.99985   768
479.00  0.03575  0.03489  0.01504  0.81268  -228.21852  -230.15138  4.99985   768
480.00  0.03576  0.03489  0.01513  0.81268  -228.03847  -229.90114  4.99985   768
481.00  0.03575  0.03489  0.01488  0.81268  -228.41078  -230.26582  4.99985   768
482.00  0.03576  0.03489  0.01431  0.81268  -229.21339  -231.01198  4.99985   768
483.00  0.03574  0.03489  0.01361  0.81268  -230.27693  -232.07094  4.99985   768
484.00  0.03575  0.03489  0.01324  0.81268  -230.92696  -232.81862  4.99985   768
485.00  0.03575  0.03489  0.01325  0.81268  -230.93306  -232.81404  4.99985   768
486.00  0.03575  0.03489  0.01365  0.81268  -230.38832  -232.33797  4.99985   768
487.00  0.03575  0.03489  0.01434  0.81268  -229.31868  -231.27901  4.99985   768
488.00  0.03576  0.03489  0.01492  0.81268  -228.41231  -230.36195  4.99985   768
489.00  0.03575  0.03489  0.01523  0.81268  -227.92555  -229.84468  4.99985   768
490.00  0.03574  0.03489  0.01515  0.81268  -228.00947  -229.87672  4.99985   768
491.00  0.03576  0.03489  0.01473  0.81268  -228.56489  -230.40468  4.99985   768
492.00  0.03575  0.03489  0.01409  0.81268  -229.58266  -231.40565  4.99985   768
493.00  0.03576  0.03489  0.01350  0.81268  -230.47835  -232.31660  4.99985   768
494.00  0.03575  0.03489  0.01330  0.81268  -230.82625  -232.71028  4.99985   768
495.00  0.03575  0.03489  0.01347  0.81268  -230.61110  -232.52412  4.99985   768
496.00  0.03573  0.03489  0.01402  0.81268  -229.79628  -231.73677  4.99985   768
497.00  0.03574  0.03489  0.01473  0.81268  -228.67323  -230.59846  4.99985   768
498.00  0.03574  0.03489  0.01516  0.81268  -228.03999  -229.94386  4.99985   768
499.00  0.03575  0.03489  0.01535  0.81268  -227.70582  -229.59596  4.99985   768
500.00  0.03575  0.03489  0.01504  0.81268  -228.11781  -229.96065  4.99985   768
501.00  0.03574  0.03489  0.01448  0.81268  -228.99824  -230.83955  4.99985   768
502.00  0.03576  0.03489  0.01389  0.81268  -229.87715  -231.70473  4.99985   768
503.00  0.03574  0.03489  0.01349  0.81268  -230.56532  -232.42494  4.99985   768
504.00  0.03575  0.03489  0.01342  0.81268  -230.68434  -232.59431  4.99985   768
505.00  0.03574  0.03489  0.01383  0.81268  -230.09077  -232.03126  4.99985   768
506.00  0.03575  0.03489  0.01443  0.81268  -229.17677  -231.12337  4.99985   768
507.00  0.03575  0.03489  0.01501  0.81268  -228.26277  -230.19258  4.99985   768
508.00  0.03575  0.03489  0.01537  0.81268  -227.71956  -229.64632  4.99985   768
509.00  0.03575  0.03489  0.01530  0.81268  -227.75465  -229.61427  4.99985   768
510.00  0.03573  0.03489  0.01482  0.81268  -228.45808  -230.28718  4.99985   768
511.00  0.03574  0.03489  0.01410  0.81268  -229.52315  -231.34614  4.99985   768
512.00  0.03574  0.03489  0.01360  0.81268  -230.33644  -232.15639  4.99985   768
513.00  0.03575  0.03489  0.01343  0.81268  -230.63246  -232.49055  4.99985   768
514.00  0.03575  0.03489  0.01361  0.81268  -230.41731  -232.31203  4.99985   768
515.00  0.03575  0.03489  0.01412  0.81268  -229.63911  -231.56129  4.99985   768
516.00  0.03576  0.03489  0.01471  0.81268  -228.75258  -230.68544  4.99985   768
517.00  0.03574  0.03489  0.01516  0.81268  -228.02931  -229.94234  4.99985   768
518.00  0.03574  0.03489  0.01530  0.81268  -227.74702  -229.63869  4.99985   768
519.00  0.03575  0.03489  0.01512  0.81268  -227.98811  -229.84926  4.99985   768
520.00  0.03575  0.03489  0.01458  0.81268  -228.83955  -230.67476  4.99985   768
521.00  0.03574  0.03489  0.01394  0.81268  -229.80391  -231.62843  4.99985   768
522.00  0.03574  0.03489  0.01358  0.81268  -230.41884  -232.30745  4.99985   768
523.00  0.03575  0.03489  0.01353  0.81268  -230.49208  -232.38069  4.99985   768
524.00  0.03574  0.03489  0.01402  0.81268  -229.82985  -231.77034  4.99985   768
525.00  0.03575  0.03489  0.01462  0.81268  -228.87617  -230.84260  4.99985   768
526.00  0.03574  0.03489  0.01516  0.81268  -228.10255  -230.00947  4.99985   768
527.00  0.03574  0.03489  0.01536  0.81268  -227.69514  -229.58375  4.99985   768
528.00  0.03574  0.03489  0.01521  0.81268  -227.91029  -229.74702  4.99985   768
529.00  0.03575  0.03489  0.01491  0.81268  -228.33906  -230.17732  4.99985   768
530.00  0.03574  0.03489  0.01427  0.81268  -229.26070  -231.06843  4.99985   768
531.00  0.03575  0.03489  0.01376  0.81268  -230.09535  -231.91988  4.99985   768
532.00  0.03575  0.03489  0.01350  0.81268  -230.52870  -232.37306  4.99985   768
533.00  0.03575  0.03489  0.01372  0.81268  -230.23115  -232.14876  4.99985   768
534.00  0.03574  0.03489  0.01448  0.81268  -229.11269  -231.07454  4.99985   768
535.00  0.03575  0.03489  0.01510  0.81268  -228.11476  -230.06135  4.99985   768
536.00  0.03573  0.03489  0.01543  0.81268  -227.61275  -229.52119  4.99985   768
537.00  0.03575  0.03489  0.01535  0.81268  -227.66005  -229.53950  4.99985   768
538.00  0.03574  0.03489  0.01502  0.81268  -228.20479  -230.05830  4.99985   768
539.00  0.03575  0.03489  0.01446  0.81268  -229.05165  -230.89448  4.99985   768
540.00  0.03574  0.03489  0.01388  0.81268  -229.86800  -231.71388  4.99985   768
541.00  0.03574  0.03489  0.01353  0.81268  -230.48598  -232.35628  4.99985   768
542.00  0.03575  0.03489  0.01367  0.81268  -230.30897  -232.23726  4.99985   768
543.00  0.03576  0.03489  0.01414  0.81268  -229.61317  -231.53688  4.99985   768
544.00  0.03575  0.03489  0.01484  0.81268  -228.52827  -230.47182  4.99985   768
545.00  0.03574  0.03489  0.01534  0.81268  -227.76228  -229.69057  4.99985   768
546.00  0.03574  0.03489  0.01553  0.81268  -227.41743  -229.27705  4.99985   768
547.00  0.03574  0.03489  0.01520  0.81268  -227.87977  -229.70888  4.99985   768
548.00  0.03574  0.03489  0.01465  0.81268  -228.65797  -230.47639  4.99985   768
549.00  0.03574  0.03489  0.01403  0.81268  -229.68336  -231.50484  4.99985   768
550.00  0.03576  0.03489  0.01362  0.81268  -230.32423  -232.15333  4.99985   768
551.00  0.03574  0.03489  0.01342  0.81268  -230.67213  -232.54243  4.99985   768
552.00  0.03573  0.03489  0.01375  0.81268  -230.19911  -232.15486  4.99985   768
553.00  0.03575  0.03489  0.01439  0.81268  -229.27595  -231.22102  4.99985   768
554.00  0.03574  0.03489  0.01509  0.81268  -228.14986  -230.11934  4.99985   768
555.00  0.03573  0.03489  0.01545  0.81268  -227.55629  -229.47542  4.99985   768
556.00  0.03573  0.03489  0.01543  0.81268  -227.57002  -229.44337  4.99985   768
557.00  0.03574  0.03489  0.01497  0.81268  -228.19105  -230.02168  4.99985   768
558.00  0.03573  0.03489  0.01429  0.81268  -229.29274  -231.11269  4.99985   768
559.00  0.03574  0.03489  0.01375  0.81268  -230.13655  -231.99007  4.99985   768
560.00  0.03572  0.03489  0.01342  0.81268  -230.63551  -232.49055  4.99985   768
561.00  0.03574  0.03489  0.01351  0.81268  -230.56074  -232.45851  4.99985   768
562.00  0.03573  0.03489  0.01412  0.81268  -229.64674  -231.58876  4.99985   768
563.00  0.03574  0.03489  0.01480  0.81268  -228.62898  -230.56642  4.99985   768
564.00  0.03574  0.03489  0.01529  0.81268  -227.82789  -229.72871  4.99985   768
565.00  0.03574  0.03489  0.01552  0.81268  -227.43574  -229.30147  4.99985   768
566.00  0.03574  0.03489  0.01529  0.81268  -227.79433  -229.62495  4.99985   768
567.00  0.03573  0.03489  0.01474  0.81268  -228.56337  -230.39400  4.99985   768
568.00  0.03573  0.03489  0.01405  0.81268  -229.61012  -231.42091  4.99985   768
569.00  0.03574  0.03489  0.01355  0.81268  -230.43104  -232.27540  4.99985   768
570.00  0.03573  0.03489  0.01353  0.81268  -230.51497  -232.41579  4.99985   768
571.00  0.03574  0.03489  0.01388  0.81268  -230.03279  -231.98244  4.99985   768
572.00  0.03573  0.03489  0.01443  0.81268  -229.18135  -231.12031  4.99985   768
573.00  0.03574  0.03489  0.01518  0.81268  -228.05373  -230.01863  4.99985   768
574.00  0.03574  0.03489  0.01556  0.81268  -227.43574  -229.33961  4.99985   768
575.00  0.03573  0.03489  0.01542  0.81268  -227.60664  -229.46931  4.99985   768
576.00  0.03573  0.03489  0.01506  0.81268  -228.10866  -229.94691  4.99985   768
577.00  0.03572  0.03489  0.01447  0.81268  -228.97841  -230.80141  4.99985   768
578.00  0.03573  0.03489  0.01383  0.81268  -229.96260  -231.78712  4.99985   768
579.00  0.03573  0.03489  0.01342  0.81268  -230.64314  -232.49361  4.99985   768
580.00  0.03573  0.03489  0.01359  0.81268  -230.42189  -232.31355  4.99985   768
581.00  0.03574  0.03489  0.01411  0.81268  -229.64064  -231.56587  4.99985   768
582.00  0.03573  0.03489  0.01487  0.81268  -228.53743  -230.49470  4.99985   768
583.00  0.03574  0.03489  0.01549  0.81268  -227.57765  -229.49678  4.99985   768
584.00  0.03574  0.03489  0.01559  0.81268  -227.32283  -229.19466  4.99985   768
585.00  0.03573  0.03489  0.01529  0.81268  -227.77144  -229.62800  4.99985   768
586.00  0.03574  0.03489  0.01482  0.81268  -228.44282  -230.27956  4.99985   768
587.00  0.03573  0.03489  0.01416  0.81268  -229.46211  -231.28969  4.99985   768
588.00  0.03571  0.03489  0.01368  0.81268  -230.25404  -232.11061  4.99985   768
589.00  0.03572  0.03489  0.01356  0.81268  -230.49361  -232.38374  4.99985   768
590.00  0.03573  0.03489  0.01384  0.81268  -230.07857  -232.01295  4.99985   768
591.00  0.03572  0.03489  0.01450  0.81268  -229.08675  -231.03334  4.99985   768
592.00  0.03572  0.03489  0.01512  0.81268  -228.10713  -230.04915  4.99985   768
593.00  0.03574  0.03489  0.01562  0.81268  -227.30604  -229.23128  4.99985   768
594.00  0.03573  0.03489  0.01557  0.81268  -227.34419  -229.18397  4.99985   768
595.00  0.03571  0.03489  0.01513  0.81268  -227.98659  -229.80806  4.99985   768
596.00  0.03573  0.03489  0.01445  0.81268  -229.00282  -230.80751  4.99985   768
597.00  0.03574  0.03489  0.01385  0.81268  -229.98396  -231.79170  4.99985   768
598.00  0.03573  0.03489  0.01354  0.81268  -230.45241  -232.31508  4.99985   768
599.00  0.03573  0.03489  0.01371  0.81268  -230.24946  -232.14571  4.99985   768
600.00  0.03573  0.03489  0.01423  0.81268  -229.45906  -231.39345  4.99985   768
601.00  0.03573  0.03489  0.01494  0.81268  -228.39400  -230.34975  4.99985   768
602.00  0.03573  0.03489  0.01542  0.81268  -227.65852  -229.57307  4.99985   768
603.00  0.03573  0.03489  0.01565  0.81268  -227.29384  -229.19160  4.99985   768
604.00  0.03571  0.03489  0.01538  0.81268  -227.60817  -229.44490  4.99985   768
605.00  0.03573  0.03489  0.01481  0.81268  -228.46113  -230.30244  4.99985   768
606.00  0.03573  0.03489  0.01424  0.81268  -229.32783  -231.16762  4.99985   768
607.00  0.03573  0.03489  0.01374  0.81268  -230.15181  -232.00075  4.99985   768
608.00  0.03573  0.03489  0.01365  0.81268  -230.29677  -232.20064  4.99985   768
609.00  0.03574  0.03489  0.01406  0.81268  -229.71998  -231.63454  4.99985   768
610.00  0.03572  0.03489  0.01471  0.81268  -228.73274  -230.69612  4.99985   768
611.00  0.03571  0.03489  0.01533  0.81268  -227.78364  -229.70277  4.99985   768
612.00  0.03571  0.03489  0.01563  0.81268  -227.27553  -229.17024  4.99985   768
613.00  0.03573  0.03489  0.01559  0.81268  -227.31215  -229.17177  4.99985   768
614.00  0.03573  0.03489  0.01508  0.81268  -228.03084  -229.85078  4.99985   768
615.00  0.03572  0.03489  0.01453  0.81268  -228.94026  -230.76021  4.99985   768
616.00  0.03573  0.03489  0.01399  0.81268  -229.73830  -231.56892  4.99985   768
617.00  0.03573  0.03489  0.01374  0.81268  -230.15028  -232.02363  4.99985   768
618.00  0.03573  0.03489  0.01389  0.81268  -229.93819  -231.86037  4.99985   768
619.00  0.03572  0.03489  0.01448  0.81268  -229.15236  -231.11116  4.99985   768
620.00  0.03573  0.03489  0.01516  0.81268  -228.05220  -230.00947  4.99985   768
621.00  0.03572  0.03489  0.01568  0.81268  -227.24501  -229.17329  4.99985   768
622.00  0.03573  0.03489  0.01577  0.81268  -227.07716  -228.96272  4.99985   768
623.00  0.03573  0.03489  0.01550  0.81268  -227.43880  -229.29384  4.99985   768
624.00  0.03572  0.03489  0.01488  0.81268  -228.34364  -230.16359  4.99985   768
625.00  0.03572  0.03489  0.01434  0.81268  -229.22255  -231.06081  4.99985   768
626.00  0.03573  0.03489  0.01381  0.81268  -230.04042  -231.88173  4.99985   768
627.00  0.03573  0.03489  0.01385  0.81268  -230.02363  -231.90767  4.99985   768
628.00  0.03573  0.03489  0.01427  0.81268  -229.39650  -231.31563  4.99985   768
629.00  0.03571  0.03489  0.01482  0.81268  -228.58931  -230.52370  4.99985   768
630.00  0.03573  0.03489  0.01554  0.81268  -227.47389  -229.41743  4.99985   768
631.00  0.03573  0.03489  0.01584  0.81268  -226.94899  -228.83302  4.99985   768
632.00  0.03572  0.03489  0.01580  0.81268  -227.01002  -228.86201  4.99985   768
633.00  0.03571  0.03489  0.01536  0.81268  -227.65547  -229.47694  4.99985   768
634.00  0.03573  0.03489  0.01480  0.81268  -228.48250  -230.31160  4.99985   768
635.00  0.03571  0.03489  0.01419  0.81268  -229.41786  -231.24849  4.99985   768
636.00  0.03572  0.03489  0.01403  0.81268  -229.75355  -231.66353  4.99985   768
637.00  0.03572  0.03489  0.01431  0.81268  -229.34462  -231.26680  4.99985   768
638.00  0.03572  0.03489  0.01479  0.81268  -228.65187  -230.58778  4.99985   768
639.00  0.03572  0.03489  0.01542  0.81268  -227.64632  -229.61580  4.99985   768
640.00  0.03573  0.03489  0.01600  0.81268  -226.75215  -228.67586  4.99985   768
641.00  0.03571  0.03489  0.01613  0.81268  -226.48665  -228.36458  4.99985   768
642.00  0.03572  0.03489  0.01584  0.81268  -226.95051  -228.80250  4.99985   768
643.00  0.03572  0.03489  0.01526  0.81268  -227.75618  -229.57307  4.99985   768
644.00  0.03572  0.03489  0.01451  0.81268  -228.92805  -230.74647  4.99985   768
645.00  0.03573  0.03489  0.01402  0.81268  -229.68642  -231.52620  4.99985   768
646.00  0.03572  0.03489  0.01404  0.81268  -229.73067  -231.62843  4.99985   768
647.00  0.03573  0.03489  0.01444  0.81268  -229.17219  -231.08064  4.99985   768
648.00  0.03573  0.03489  0.01512  0.81268  -228.10713  -230.06441  4.99985   768
649.00  0.03573  0.03489  0.01575  0.81268  -227.08327  -229.02070  4.99985   768
650.00  0.03572  0.03489  0.01632  0.81268  -226.29133  -228.21199  4.99985   768
651.00  0.03572  0.03489  0.01613  0.81268  -226.44850  -228.30049  4.99985   768
652.00  0.03571  0.03489  0.01573  0.81268  -227.08784  -228.95051  4.99985   768
653.00  0.03572  0.03489  0.01524  0.81268  -227.82942  -229.67531  4.99985   768
654.00  0.03572  0.03489  0.01466  0.81268  -228.69154  -230.52675  4.99985   768
655.00  0.03573  0.03489  0.01430  0.81268  -229.31258  -231.19966  4.99985   768
656.00  0.03572  0.03489  0.01470  0.81268  -228.76631  -230.70375  4.99985   768
657.00  0.03572  0.03489  0.01530  0.81268  -227.81111  -229.76991  4.99985   768
658.00  0.03571  0.03489  0.01603  0.81268  -226.72316  -228.69417  4.99985   768
659.00  0.03572  0.03489  0.01654  0.81268  -225.87019  -227.76796  4.99985   768
660.00  0.03573  0.03489  0.01658  0.81268  -225.81526  -227.69777  4.99985   768
661.00  0.03572  0.03489  0.01624  0.81268  -226.27150  -228.10823  4.99985   768
662.00  0.03572  0.03489  0.01583  0.81268  -226.92763  -228.78419  4.99985   768
663.00  0.03571  0.03489  0.01539  0.81268  -227.60969  -229.42659  4.99985   768
664.00  0.03572  0.03489  0.01500  0.81268  -228.20174  -230.06288  4.99985   768
665.00  0.03572  0.03489  0.01499  0.81268  -228.25362  -230.15291  4.99985   768
666.00  0.03572  0.03489  0.01546  0.81268  -227.54713  -229.46779  4.99985   768
667.00  0.03571  0.03489  0.01606  0.81268  -226.65297  -228.60567  4.99985   768
668.00  0.03573  0.03489  0.01682  0.81268  -225.51008  -227.46736  4.99985   768
669.00  0.03572  0.03489  0.01727  0.81268  -224.77766  -226.67543  4.99985   768
670.00  0.03571  0.03489  0.01706  0.81268  -225.05690  -226.91499  4.99985   768
671.00  0.03572  0.03489  0.01663  0.81268  -225.70082  -227.54671  4.99985   768
672.00  0.03572  0.03489  0.01609  0.81268  -226.48970  -228.33864  4.99985   768
673.00  0.03572  0.03489  0.01579  0.81268  -227.02833  -228.89406  4.99985   768
674.00  0.03573  0.03489  0.01562  0.81268  -227.28163  -229.18550  4.99985   768
675.00  0.03572  0.03489  0.01585  0.81268  -226.95967  -228.87880  4.99985   768
676.00  0.03572  0.03489  0.01661  0.81268  -225.83357  -227.81679  4.99985   768
677.00  0.03572  0.03489  0.01744  0.81268  -224.55641  -226.50453  4.99985   768
678.00  0.03571  0.03489  0.01815  0.81268  -223.45778  -225.38606  4.99985   768
679.00  0.03572  0.03489  0.01841  0.81268  -223.00612  -224.89625  4.99985   768
680.00  0.03572  0.03489  0.01809  0.81268  -223.41658  -225.25178  4.99985   768
681.00  0.03572  0.03489  0.01754  0.81268  -224.28328  -226.10780  4.99985   768
682.00  0.03573  0.03489  0.01709  0.81268  -225.01417  -226.85243  4.99985   768
683.00  0.03572  0.03489  0.01681  0.81268  -225.46583  -227.31935  4.99985   768
684.00  0.03571  0.03489  0.01699  0.81268  -225.18965  -227.10878  4.99985   768
685.00  0.03572  0.03489  0.01749  0.81268  -224.48927  -226.43739  4.99985   768
686.00  0.03571  0.03489  0.01809  0.81268  -223.54628  -225.48677  4.99985   768
687.00  0.03572  0.03489  0.01872  0.81268  -222.58345  -224.53462  4.99985   768
688.00  0.03571  0.03489  0.01906  0.81268  -222.03261  -223.92885  4.99985   768
689.00  0.03571  0.03489  0.01903  0.81268  -222.02040  -223.90291  4.99985   768
690.00  0.03571  0.03489  0.01863  0.81268  -222.64754  -224.48274  4.99985   768
691.00  0.03572  0.03489  0.01819  0.81268  -223.29146  -225.14802  4.99985   768
692.00  0.03570  0.03489  0.01775  0.81268  -223.93843  -225.78889  4.99985   768
693.00  0.03572  0.03489  0.01774  0.81268  -224.06813  -225.97352  4.99985   768
694.00  0.03572  0.03489  0.01828  0.81268  -223.25484  -225.19838  4.99985   768
695.00  0.03571  0.03489  0.01911  0.81268  -221.99904  -223.95631  4.99985   768
696.00  0.03572  0.03489  0.01997  0.81268  -220.67000  -222.61659  4.99985   768
697.00  0.03571  0.03489  0.02057  0.81268  -219.71327  -221.62935  4.99985   768
698.00  0.03571  0.03489  0.02081  0.81268  -219.33180  -221.22499  4.99985   768
699.00  0.03572  0.03489  0.02085  0.81268  -219.23872  -221.10292  4.99985   768
700.00  0.03572  0.03489  0.02053  0.81268  -219.68733  -221.52559  4.99985   768
701.00  0.03572  0.03489  0.02020  0.81268  -220.19545  -222.04286  4.99985   768
702.00  0.03573  0.03489  0.02024  0.81268  -220.22444  -222.12831  4.99985   768
703.00  0.03571  0.03489  0.02062  0.81268  -219.66597  -221.61409  4.99985   768
704.00  0.03571  0.03489  0.02143  0.81268  -218.43306  -220.41017  4.99985   768
705.00  0.03571  0.03489  0.02220  0.81268  -217.28865  -219.25813  4.99985   768
706.00  0.03570  0.03489  0.02302  0.81268  -216.00996  -217.97182  4.99985   768
707.00  0.03571  0.03489  0.02342  0.81268  -215.30958  -217.23329  4.99985   768
708.00  0.03571  0.03489  0.02348  0.81268  -215.16157  -217.03798  4.99985   768
709.00  0.03571  0.03489  0.02303  0.81268  -215.79176  -217.62086  4.99985   768
710.00  0.03571  0.03489  0.02228  0.81268  -216.97890  -218.80037  4.99985   768
711.00  0.03571  0.03489  0.02194  0.81268  -217.56331  -219.40462  4.99985   768
712.00  0.03571  0.03489  0.02185  0.81268  -217.67012  -219.54805  4.99985   768
713.00  0.03571  0.03489  0.02243  0.81268  -216.88734  -218.84157  4.99985   768
714.00  0.03571  0.03489  0.02342  0.81268  -215.39198  -217.35383  4.99985   768
715.00  0.03572  0.03489  0.02403  0.81268  -214.42610  -216.35133  4.99985   768
716.00  0.03571  0.03489  0.02455  0.81268  -213.63112  -215.55025  4.99985   768
717.00  0.03571  0.03489  0.02489  0.81268  -213.02687  -214.90175  4.99985   768
718.00  0.03571  0.03489  0.02459  0.81268  -213.47853  -215.31984  4.99985   768
719.00  0.03571  0.03489  0.02415  0.81268  -214.14229  -215.97139  4.99985   768
720.00  0.03571  0.03489  0.02358  0.81268  -214.99525  -216.83656  4.99985   768
721.00  0.03572  0.03489  0.02331  0.81268  -215.48353  -217.37672  4.99985   768
722.00  0.03571  0.03489  0.02363  0.81268  -215.06392  -217.00899  4.99985   768
723.00  0.03572  0.03489  0.02436  0.81268  -213.95460  -215.90120  4.99985   768
724.00  0.03572  0.03489  0.02509  0.81268  -212.82545  -214.79188  4.99985   768
725.00  0.03572  0.03489  0.02579  0.81268  -211.70698  -213.65358  4.99985   768
726.00  0.03572  0.03489  0.02607  0.81268  -211.21565  -213.10579  4.99985   768
727.00  0.03571  0.03489  0.02595  0.81268  -211.41249  -213.27363  4.99985   768
728.00  0.03569  0.03489  0.02555  0.81268  -211.95875  -213.76649  4.99985   768
729.00  0.03571  0.03489  0.02449  0.81268  -213.57924  -215.35036  4.99985   768
730.00  0.03570  0.03489  0.02411  0.81268  -214.22926  -216.08583  4.99985   768
731.00  0.03572  0.03489  0.02419  0.81268  -214.18348  -216.10719  4.99985   768
732.00  0.03571  0.03489  0.02520  0.81268  -212.68507  -214.63777  4.99985   768
733.00  0.03570  0.03489  0.02612  0.81268  -211.23701  -213.18513  4.99985   768
734.00  0.03572  0.03489  0.02656  0.81268  -210.46797  -212.39168  4.99985   768
735.00  0.03569  0.03489  0.02654  0.81268  -210.50612  -212.38862  4.99985   768
736.00  0.03571  0.03489  0.02663  0.81268  -210.40388  -212.28792  4.99985   768
737.00  0.03571  0.03489  0.02654  0.81268  -210.44966  -212.30623  4.99985   768
738.00  0.03571  0.03489  0.02587  0.81268  -211.46742  -213.29957  4.99985   768
739.00  0.03570  0.03489  0.02529  0.81268  -212.41499  -214.27003  4.99985   768
740.00  0.03571  0.03489  0.02506  0.81268  -212.80104  -214.66371  4.99985   768
741.00  0.03571  0.03489  0.02533  0.81268  -212.43330  -214.38142  4.99985   768
742.00  0.03571  0.03489  0.02598  0.81268  -211.38045  -213.32857  4.99985   768
743.00  0.03570  0.03489  0.02657  0.81268  -210.55037  -212.46950  4.99985   768
744.00  0.03571  0.03489  0.02683  0.81268  -210.09260  -211.98427  4.99985   768
745.00  0.03571  0.03489  0.02711  0.81268  -209.66383  -211.56618  4.99985   768
746.00  0.03571  0.03489  0.02714  0.81268  -209.56312  -211.44258  4.99985   768
747.00  0.03569  0.03489  0.02666  0.81268  -210.26045  -212.07124  4.99985   768
748.00  0.03571  0.03489  0.02603  0.81268  -211.22481  -213.02949  4.99985   768
749.00  0.03571  0.03489  0.02543  0.81268  -212.19221  -214.02131  4.99985   768
750.00  0.03570  0.03489  0.02540  0.81268  -212.30360  -214.19221  4.99985   768
751.00  0.03570  0.03489  0.02602  0.81268  -211.37434  -213.32551  4.99985   768
752.00  0.03571  0.03489  0.02670  0.81268  -210.38252  -212.31538  4.99985   768
753.00  0.03570  0.03489  0.02739  0.81268  -209.29609  -211.27015  4.99985   768
754.00  0.03571  0.03489  0.02788  0.81268  -208.46907  -210.37599  4.99985   768
755.00  0.03569  0.03489  0.02797  0.81268  -208.33937  -210.22340  4.99985   768
756.00  0.03570  0.03489  0.02782  0.81268  -208.56520  -210.45686  4.99985   768
757.00  0.03569  0.03489  0.02778  0.81268  -208.57130  -210.43550  4.99985   768
758.00  0.03570  0.03489  0.02725  0.81268  -209.38307  -211.26405  4.99985   768
759.00  0.03571  0.03489  0.02698  0.81268  -209.83320  -211.66688  4.99985   768
760.00  0.03570  0.03489  0.02744  0.81268  -209.20149  -211.14961  4.99985   768
761.00  0.03569  0.03489  0.02887  0.81268  -207.13698  -209.21785  4.99985   768
762.00  0.03571  0.03489  0.03072  0.81268  -204.28969  -206.36445  4.99985   768
763.00  0.03571  0.03489  0.03226  0.81268  -201.76741  -203.69111  4.99985   768
764.00  0.03570  0.03489  0.03315  0.81268  -200.49177  -202.48414  4.99985   768
765.00  0.03571  0.03489  0.03331  0.81268  -200.09199  -201.96992  4.99985   768
766.00  0.03572  0.03489  0.03317  0.81268  -200.22017  -202.01875  4.99985   768
767.00  0.03571  0.03489  0.03204  0.81268  -201.91084  -203.66670  4.99985   768
768.00  0.03571  0.03489  0.03148  0.81268  -202.99116  -204.93470  4.99985   768
769.00  0.03572  0.03489  0.03169  0.81268  -202.59901  -204.47084  4.99985   768
770.00  0.03572  0.03489  0.03160  0.81268  -202.71345  -204.55171  4.99985   768
771.00  0.03573  0.03489  0.03121  0.81268  -203.32380  -205.19105  4.99985   768
772.00  0.03574  0.03489  0.02758  0.81268  -208.33174  -209.70308  4.99985   768
773.00  0.03574  0.03489  0.02482  0.81268  -213.04976  -214.81782  4.99985   768
774.00  0.03574  0.03489  0.02492  0.81268  -212.97804  -214.86055  4.99985   768
775.00  0.03574  0.03489  0.02183  0.81268  -217.43971  -219.02315  4.99985   768
776.00  0.03574  0.03489  0.02076  0.81268  -219.29365  -221.11055  4.99985   768
777.00  0.03574  0.03489  0.01930  0.81268  -221.41768  -223.06978  4.99985   768
778.00  0.03573  0.03489  0.01778  0.81268  -223.99489  -225.84993  4.99985   768
779.00  0.03574  0.03489  0.01826  0.81268  -223.21364  -225.11598  4.99985   768
780.00  0.03574  0.03489  0.01798  0.81268  -223.61189  -225.41658  4.99985   768
781.00  0.03574  0.03489  0.01814  0.81268  -223.46388  -225.39064  4.99985   768
782.00  0.03574  0.03489  0.01815  0.81268  -223.38148  -225.23805  4.99985   768
783.00  0.03575  0.03489  0.01789  0.81268  -223.76601  -225.60579  4.99985   768
784.00  0.03575  0.03489  0.01789  0.81268  -223.79347  -225.67598  4.99985   768
785.00  0.03574  0.03489  0.01756  0.81268  -224.24666  -226.08186  4.99985   768
786.00  0.03574  0.03489  0.01676  0.81268  -225.47346  -227.28273  4.99985   768
787.00  0.03576  0.03489  0.01617  0.81268  -226.37678  -228.22725  4.99985   768
788.00  0.03574  0.03489  0.01600  0.81268  -226.66975  -228.56142  4.99985   768
789.00  0.03576  0.03489  0.01622  0.81268  -226.44697  -228.39357  4.99985   768
790.00  0.03575  0.03489  0.01704  0.81268  -225.17439  -227.13930  4.99985   768
791.00  0.03576  0.03489  0.01773  0.81268  -224.10628  -226.04066  4.99985   768
792.00  0.03577  0.03489  0.01796  0.81268  -223.71413  -225.63020  4.99985   768
793.00  0.03576  0.03489  0.01784  0.81268  -223.86671  -225.72481  4.99985   768
794.00  0.03577  0.03489  0.01741  0.81268  -224.44807  -226.25276  4.99985   768
795.00  0.03576  0.03489  0.01674  0.81268  -225.49483  -227.30562  4.99985   768
796.00  0.03576  0.03489  0.01622  0.81268  -226.31880  -228.15553  4.99985   768
797.00  0.03577  0.03489  0.01595  0.81268  -226.75825  -228.62855  2.66926   768
798.00  0.03577  0.03489  0.01604  0.81268  -226.62703  -228.50191  1.89240   768
799.00  0.03576  0.03489  0.01623  0.81268  -226.39052  -228.27913  1.89240   768
800.00  0.03576  0.03489  0.01695  0.81268  -225.32851  -227.28273  1.89240   768
801.00  0.03578  0.03489  0.01755  0.81268  -224.37178  -226.27260  1.89240   768
802.00  0.03577  0.03489  0.01766  0.81268  -224.15205  -226.05592  1.89240   768
803.00  0.03576  0.03489  0.01741  0.81268  -224.48622  -226.32448  1.89240   768
804.00  0.03576  0.03489  0.01661  0.81268  -225.67793  -227.49635  1.89240   768
805.00  0.03574  0.03489  0.01623  0.81268  -226.34627  -228.23793  1.89240   768
806.00  0.03577  0.03489  0.01615  0.81268  -226.49275  -228.35084  1.89240   768
807.00  0.03576  0.03489  0.01624  0.81268  -226.36153  -228.27760  1.89240   768
808.00  0.03576  0.03489  0.01664  0.81268  -225.74507  -227.69472  1.90434   768
809.00  0.03577  0.03489  0.01700  0.81268  -225.16371  -227.07063  1.90567   768
810.00  0.03576  0.03489  0.01724  0.81268  -224.82802  -226.74562  1.90567   768
811.00  0.03575  0.03489  0.01740  0.81268  -224.53963  -226.42976  1.90567   768
812.00  0.03577  0.03489  0.01733  0.81268  -224.64949  -226.51216  1.90567   768
813.00  0.03577  0.03489  0.01698  0.81268  -225.16829  -226.99129  1.90567   768
814.00  0.03576  0.03489  0.01635  0.81268  -226.10365  -227.90681  1.90567   768
815.00  0.03576  0.03489  0.01578  0.81268  -226.95357  -228.79335  1.90567   768
816.00  0.03576  0.03489  0.01561  0.81268  -227.28316  -229.15193  1.90567   768
817.00  0.03577  0.03489  0.01595  0.81268  -226.84828  -228.79335  1.90567   768
818.00  0.03576  0.03489  0.01677  0.81268  -225.62910  -227.59096  1.90567   768
819.00  0.03576  0.03489  0.01741  0.81268  -224.57930  -226.53047  1.54930   768
820.00  0.03576  0.03489  0.01784  0.81268  -223.91249  -225.82704  1.43051   768
821.00  0.03577  0.03489  0.01773  0.81268  -224.03151  -225.90028  1.43051   768
822.00  0.03577  0.03489  0.01720  0.81268  -224.78529  -226.62660  1.43051   768
823.00  0.03575  0.03489  0.01671  0.81268  -225.57875  -227.42311  1.43051   768
824.00  0.03575  0.03489  0.01608  0.81268  -226.48207  -228.31422  1.43051   768
825.00  0.03575  0.03489  0.01555  0.81268  -227.39607  -229.23738  1.43051   768
826.00  0.03576  0.03489  0.01549  0.81268  -227.52730  -229.44032  1.43051   768
827.00  0.03575  0.03489  0.01594  0.81268  -226.84981  -228.77809  1.43051   768
828.00  0.03576  0.03489  0.01665  0.81268  -225.78169  -227.73591  1.43051   768
829.00  0.03574  0.03489  0.01724  0.81268  -224.82497  -226.72883  1.43051   768
830.00  0.03575  0.03489  0.01751  0.81268  -224.40687  -226.29396  1.43970   768
831.00  0.03575  0.03489  0.01748  0.81268  -224.40230  -226.25123  1.44363   768
832.00  0.03576  0.03489  0.01710  0.81268  -224.92872  -226.75325  1.44363   768
833.00  0.03574  0.03489  0.01643  0.81268  -225.97090  -227.79237  1.44363   768
834.00  0.03575  0.03489  0.01580  0.81268  -226.98256  -228.81013  1.44363   768
835.00  0.03573  0.03489  0.01538  0.81268  -227.62495  -229.49525  1.44363   768
836.00  0.03574  0.03489  0.01569  0.81268  -227.26027  -229.20381  1.44363   768
837.00  0.03573  0.03489  0.01628  0.81268  -226.36153  -228.31880  1.44363   768
838.00  0.03573  0.03489  0.01683  0.81268  -225.46278  -227.38954  1.44363   768
839.00  0.03571  0.03489  0.01713  0.81268  -225.01723  -226.93025  1.44363   768
840.00  0.03570  0.03489  0.01706  0.81268  -225.05385  -226.94093  1.44363   768
841.00  0.03569  0.03489  0.01670  0.81268  -225.60774  -227.45058  1.53984   768
842.00  0.03569  0.03489  0.01622  0.81268  -226.37984  -228.22877  1.63605   768
843.00  0.03570  0.03489  0.01566  0.81268  -227.14125  -228.95509  1.63605   768
844.00  0.03569  0.03489  0.01531  0.81268  -227.73787  -229.60817  1.63605   768
845.00  0.03571  0.03489  0.01537  0.81268  -227.69972  -229.59596  1.63605   768
846.00  0.03571  0.03489  0.01580  0.81268  -227.07411  -228.99782  1.63605   768
847.00  0.03570  0.03489  0.01638  0.81268  -226.11891  -228.04872  1.63605   768
848.00  0.03571  0.03489  0.01693  0.81268  -225.31019  -227.23543  1.63605   768
849.00  0.03570  0.03489  0.01722  0.81268  -224.86464  -226.74715  1.63605   768
850.00  0.03569  0.03489  0.01705  0.81268  -225.07063  -226.93025  1.63605   768
851.00  0.03570  0.03489  0.01643  0.81268  -225.96785  -227.77711  1.63605   768
852.00  0.03570  0.03489  0.01575  0.81268  -227.03596  -228.86812  1.64299   768
853.00  0.03569  0.03489  0.01517  0.81268  -227.93776  -229.78212  1.64993   768
854.00  0.03571  0.03489  0.01514  0.81268  -228.04610  -229.95759  1.64993   768
855.00  0.03569  0.03489  0.01567  0.81268  -227.26942  -229.22517  1.64993   768
856.00  0.03569  0.03489  0.01627  0.81268  -226.34016  -228.29286  1.64993   768
857.00  0.03569  0.03489  0.01688  0.81268  -225.43074  -227.39259  1.64993   768
858.00  0.03570  0.03489  0.01726  0.81268  -224.81123  -226.73494  1.64993   768
859.00  0.03571  0.03489  0.01722  0.81268  -224.85396  -226.70137  1.64993   768
860.00  0.03571  0.03489  0.01688  0.81268  -225.32851  -227.18965  1.64993   768
861.00  0.03569  0.03489  0.01621  0.81268  -226.28828  -228.10670  1.64993   768
862.00  0.03571  0.03489  0.01556  0.81268  -227.30910  -229.12446  1.64993   768
863.00  0.03570  0.03489  0.01515  0.81268  -227.98964  -229.84621  1.58018   768
864.00  0.03570  0.03489  0.01528  0.81268  -227.85994  -229.76228  1.45065   768
865.00  0.03570  0.03489  0.01571  0.81268  -227.18397  -229.10005  1.45065   768
866.00  0.03571  0.03489  0.01652  0.81268  -225.96022  -227.90987  1.45065   768
867.00  0.03570  0.03489  0.01712  0.81268  -225.08894  -227.01417  1.45065   768
868.00  0.03569  0.03489  0.01728  0.81268  -224.71205  -226.59761  1.45065   768
869.00  0.03571  0.03489  0.01700  0.81268  -225.13777  -227.00349  1.45065   768
870.00  0.03570  0.03489  0.01643  0.81268  -225.96480  -227.77864  1.45065   768
871.00  0.03570  0.03489  0.01579  0.81268  -226.97645  -228.81929  1.45065   768
872.00  0.03571  0.03489  0.01538  0.81268  -227.64021  -229.51509  1.45065   768
873.00  0.03571  0.03489  0.01534  0.81268  -227.73482  -229.63716  1.45065   768
874.00  0.03568  0.03489  0.01559  0.81268  -227.33961  -229.26942  1.58556   768
875.00  0.03571  0.03489  0.01613  0.81268  -226.60261  -228.55379  1.90033   768
876.00  0.03571  0.03489  0.01680  0.81268  -225.54518  -227.48720  1.90033   768
877.00  0.03570  0.03489  0.01715  0.81268  -224.90889  -226.79750  1.90033   768
878.00  0.03571  0.03489  0.01709  0.81268  -225.00502  -226.86159  1.90033   768
879.00  0.03570  0.03489  0.01680  0.81268  -225.42158  -227.24916  1.90033   768
880.00  0.03570  0.03489  0.01609  0.81268  -226.49275  -228.31270  1.90033   768
881.00  0.03571  0.03489  0.01551  0.81268  -227.37166  -229.21297  1.90033   768
882.00  0.03571  0.03489  0.01521  0.81268  -227.84468  -229.70125  1.90033   768
883.00  0.03570  0.03489  0.01536  0.81268  -227.70735  -229.60054  1.90033   768
884.00  0.03571  0.03489  0.01596  0.81268  -226.90016  -228.86659  1.90033   768
885.00  0.03571  0.03489  0.01673  0.81268  -225.64741  -227.59096  1.90033   768
886.00  0.03570  0.03489  0.01721  0.81268  -224.89516  -226.84175  1.65359   768
887.00  0.03571  0.03489  0.01723  0.81268  -224.80818  -226.67390  1.65359   768
888.00  0.03570  0.03489  0.01691  0.81268  -225.28273  -227.13930  1.65359   768
889.00  0.03569  0.03489  0.01630  0.81268  -226.15858  -227.99074  1.65359   768
890.00  0.03571  0.03489  0.01566  0.81268  -227.18550  -229.01765  1.65359   768
891.00  0.03569  0.03489  0.01534  0.81268  -227.69057  -229.57002  1.65359   768
892.00  0.03570  0.03489  0.01524  0.81268  -227.92860  -229.79890  1.65359   768
893.00  0.03571  0.03489  0.01547  0.81268  -227.53950  -229.45405  1.65359   768
894.00  0.03571  0.03489  0.01618  0.81268  -226.50343  -228.46529  1.65359   768
895.00  0.03570  0.03489  0.01684  0.81268  -225.48414  -227.40633  1.65359   768
896.00  0.03569  0.03489  0.01728  0.81268  -224.77766  -226.68458  1.67734   768
897.00  0.03570  0.03489  0.01737  0.81268  -224.55794  -226.42976  1.89102   768
898.00  0.03570  0.03489  0.01687  0.81268  -225.28731  -227.10878  1.89102   768
899.00  0.03571  0.03489  0.01618  0.81268  -226.33101  -228.12959  1.89102   768
900.00  0.03570  0.03489  0.01558  0.81268  -227.35335  -229.17940  1.89102   768
901.00  0.03570  0.03489  0.01522  0.81268  -227.88588  -229.74550  1.89102   768
902.00  0.03570  0.03489  0.01538  0.81268  -227.69209  -229.60664  1.89102   768
903.00  0.03570  0.03489  0.01589  0.81268  -226.93068  -228.86659  1.89102   768
904.00  0.03571  0.03489  0.01638  0.81268  -226.19673  -228.13112  1.89102   768
905.00  0.03570  0.03489  0.01680  0.81268  -225.47041  -227.40175  1.89102   768
906.00  0.03570  0.03489  0.01700  0.81268  -225.18507  -227.08894  1.89102   768
907.00  0.03569  0.03489  0.01689  0.81268  -225.34224  -227.20949  1.89102   768
908.00  0.03569  0.03489  0.01649  0.81268  -225.91139  -227.76948  1.66827   768
909.00  0.03569  0.03489  0.01594  0.81268  -226.79793  -228.61940  1.64352   768
910.00  0.03571  0.03489  0.01540  0.81268  -227.62648  -229.46016  1.64352   768
911.00  0.03570  0.03489  0.01531  0.81268  -227.77449  -229.65852  1.64352   768
912.00  0.03570  0.03489  0.01571  0.81268  -227.21754  -229.12904  1.64352   768
913.00  0.03570  0.03489  0.01639  0.81268  -226.17842  -228.09907  1.64352   768
914.00  0.03570  0.03489  0.01678  0.81268  -225.53602  -227.43379  1.64352   768
915.00  0.03570  0.03489  0.01699  0.81268  -225.20491  -227.08284  1.64352   768
916.00  0.03570  0.03489  0.01693  0.81268  -225.24153  -227.11336  1.64352   768
917.00  0.03569  0.03489  0.01648  0.81268  -225.89308  -227.71608  1.64352   768
918.00  0.03569  0.03489  0.01606  0.81268  -226.53090  -228.35542  1.64352   768
919.00  0.03571  0.03489  0.01558  0.81268  -227.33961  -229.20686  1.64764   768
920.00  0.03571  0.03489  0.01522  0.81268  -227.87672  -229.72719  1.64810   768
921.00  0.03570  0.03489  0.01533  0.81268  -227.77754  -229.70582  1.64810   768
922.00  0.03569  0.03489  0.01598  0.81268  -226.85591  -228.82692  1.64810   768
923.00  0.03569  0.03489  0.01676  0.81268  -225.62910  -227.58638  1.64810   768
924.00  0.03568  0.03489  0.01724  0.81268  -224.82191  -226.73189  1.64810   768
925.00  0.03568  0.03489  0.01730  0.81268  -224.64186  -226.51826  1.64810   768
926.00  0.03569  0.03489  0.01679  0.81268  -225.41243  -227.23848  1.64810   768
927.00  0.03571  0.03489  0.01617  0.81268  -226.36610  -228.19826  1.64810   768
928.00  0.03569  0.03489  0.01569  0.81268  -227.12752  -228.95662  1.64810   768
929.00  0.03569  0.03489  0.01536  0.81268  -227.65089  -229.48457  1.64810   768
930.00  0.03570  0.03489  0.01518  0.81268  -227.96675  -229.82484  1.62464   768
931.00  0.03570  0.03489  0.01559  0.81268  -227.38844  -229.30757  1.61682   768
932.00  0.03570  0.03489  0.01625  0.81268  -226.37831  -228.33253  1.61682   768
933.00  0.03569  0.03489  0.01689  0.81268  -225.35292  -227.27815  1.61682   768
934.00  0.03569  0.03489  0.01723  0.81268  -224.84785  -226.76698  1.61682   768
935.00  0.03571  0.03489  0.01721  0.81268  -224.81276  -226.68458  1.61682   768
936.00  0.03570  0.03489  0.01667  0.81268  -225.62758  -227.45973  1.61682   768
937.00  0.03571  0.03489  0.01593  0.81268  -226.73842  -228.55226  1.61682   768
938.00  0.03569  0.03489  0.01524  0.81268  -227.83705  -229.67836  1.61682   768
939.00  0.03569  0.03489  0.01515  0.81268  -228.04304  -229.97133  1.61682   768
940.00  0.03569  0.03489  0.01557  0.81268  -227.43269  -229.35945  1.61682   768
941.00  0.03571  0.03489  0.01611  0.81268  -226.58888  -228.52479  1.63263   768
942.00  0.03569  0.03489  0.01671  0.81268  -225.68251  -227.64436  1.63940   768
943.00  0.03570  0.03489  0.01707  0.81268  -225.06453  -226.94856  1.63940   768
944.00  0.03568  0.03489  0.01699  0.81268  -225.17134  -227.05385  1.63940   768
945.00  0.03568  0.03489  0.01674  0.81268  -225.51771  -227.34682  1.63940   768
946.00  0.03568  0.03489  0.01601  0.81268  -226.59041  -228.40425  1.63940   768
947.00  0.03569  0.03489  0.01569  0.81268  -227.14888  -228.95967  1.63940   768
948.00  0.03570  0.03489  0.01536  0.81268  -227.69667  -229.57765  1.63940   768
949.00  0.03571  0.03489  0.01551  0.81268  -227.44490  -229.33198  1.63940   768
950.00  0.03571  0.03489  0.01585  0.81268  -226.95357  -228.88338  1.63940   768
951.00  0.03569  0.03489  0.01636  0.81268  -226.16774  -228.10670  1.63940   768
952.00  0.03569  0.03489  0.01694  0.81268  -225.27815  -227.20338  1.74994   768
953.00  0.03570  0.03489  0.01722  0.81268  -224.83412  -226.73341  1.91574   768
954.00  0.03569  0.03489  0.01714  0.81268  -224.93788  -226.81886  1.91574   768
955.00  0.03569  0.03489  0.01656  0.81268  -225.76948  -227.58790  1.91574   768
956.00  0.03569  0.03489  0.01573  0.81268  -227.02528  -228.84828  1.91574   768
957.00  0.03569  0.03489  0.01525  0.81268  -227.87215  -229.72108  1.91574   768
958.00  0.03569  0.03489  0.01515  0.81268  -228.01405  -229.91792  1.91574   768
959.00  0.03567  0.03489  0.01563  0.81268  -227.33351  -229.28010  1.91574   768
960.00  0.03570  0.03489  0.01611  0.81268  -226.54310  -228.48207  1.91574   768
961.00  0.03569  0.03489  0.01687  0.81268  -225.43379  -227.38496  1.91574   768
962.00  0.03568  0.03489  0.01735  0.81268  -224.67543  -226.58235  1.91574   768
963.00  0.03571  0.03489  0.01732  0.81268  -224.64033  -226.51369  1.89789   768
964.00  0.03570  0.03489  0.01702  0.81268  -225.08742  -226.92262  1.88004   768
965.00  0.03568  0.03489  0.01642  0.81268  -225.98311  -227.79085  1.88004   768
966.00  0.03570  0.03489  0.01569  0.81268  -227.10005  -228.90779  1.88004   768
967.00  0.03568  0.03489  0.01521  0.81268  -227.85689  -229.71345  1.88004   768
968.00  0.03570  0.03489  0.01530  0.81268  -227.82332  -229.71956  1.88004   768
969.00  0.03569  0.03489  0.01581  0.81268  -227.10463  -229.04970  1.88004   768
970.00  0.03569  0.03489  0.01655  0.81268  -225.93733  -227.90224  1.88004   768
971.00  0.03570  0.03489  0.01717  0.81268  -224.96382  -226.89210  1.88004   768
972.00  0.03569  0.03489  0.01737  0.81268  -224.61897  -226.53352  1.88004   768
973.00  0.03570  0.03489  0.01719  0.81268  -224.89058  -226.74562  1.88004   768
974.00  0.03568  0.03489  0.01681  0.81268  -225.42921  -227.26900  1.88969   768
975.00  0.03569  0.03489  0.01622  0.81268  -226.28218  -228.12959  1.91223   768
976.00  0.03570  0.03489  0.01570  0.81268  -227.08784  -228.93220  1.91223   768
977.00  0.03571  0.03489  0.01550  0.81268  -227.46474  -229.32588  1.91223   768
978.00  0.03569  0.03489  0.01571  0.81268  -227.17787  -229.07258  1.91223   768
979.00  0.03568  0.03489  0.01621  0.81268  -226.44545  -228.37984  1.91223   768
980.00  0.03570  0.03489  0.01690  0.81268  -225.34376  -227.26289  1.91223   768
981.00  0.03570  0.03489  0.01725  0.81268  -224.83107  -226.74562  1.91223   768
982.00  0.03569  0.03489  0.01732  0.81268  -224.66475  -226.51521  1.91223   768
983.00  0.03569  0.03489  0.01704  0.81268  -225.01417  -226.85091  1.91223   768
984.00  0.03568  0.03489  0.01631  0.81268  -226.12654  -227.90529  1.91223   768
985.00  0.03568  0.03489  0.01565  0.81268  -227.20381  -229.02528  1.90944   768
986.00  0.03570  0.03489  0.01541  0.81268  -227.59444  -229.47389  1.90292   768
987.00  0.03570  0.03489  0.01544  0.81268  -227.60054  -229.51051  1.90292   768
988.00  0.03569  0.03489  0.01588  0.81268  -226.94441  -228.88643  1.90292   768
989.00  0.03569  0.03489  0.01658  0.81268  -225.88850  -227.87324  1.90292   768
990.00  0.03568  0.03489  0.01715  0.81268  -224.96229  -226.89210  1.90292   768
991.00  0.03569  0.03489  0.01735  0.81268  -224.63270  -226.53200  1.90292   768
992.00  0.03570  0.03489  0.01724  0.81268  -224.73341  -226.60371  1.90292   768
993.00  0.03569  0.03489  0.01663  0.81268  -225.69624  -227.52229  1.90292   768
994.00  0.03569  0.03489  0.01607  0.81268  -226.53090  -228.34932  1.90292   768
995.00  0.03569  0.03489  0.01553  0.81268  -227.35335  -229.17634  1.90292   768
996.00  0.03570  0.03489  0.01535  0.81268  -227.70888  -229.58986  1.90283   768
997.00  0.03569  0.03489  0.01558  0.81268  -227.38692  -229.29536  1.90109   768
998.00  0.03569  0.03489  0.01618  0.81268  -226.49885  -228.45613  1.90109   768
999.00  0.03569  0.03489  0.01695  0.81268  -225.30409  -227.24458  1.90109   768
1000.00  0.03569  0.03489  0.01734  0.81268  -224.66322  -226.56709  1.90109   768
1001.00  0.03568  0.03489  0.01737  0.81268  -224.53657  -226.39924  1.90109   768
1002.00  0.03569  0.03489  0.01701  0.81268  -225.09199  -226.94398  1.90109   768
1003.00  0.03570  0.03489  0.01648  0.81268  -225.90224  -227.76185  1.90109   768
1004.00  0.03569  0.03489  0.01592  0.81268  -226.72926  -228.57667  1.90109   768
1005.00  0.03568  0.03489  0.01552  0.81268  -227.44490  -229.30452  1.90109   768
1006.00  0.03568  0.03489  0.01554  0.81268  -227.42659  -229.33351  1.90109   768
1007.00  0.03570  0.03489  0.01594  0.81268  -226.85591  -228.78419  1.90146   768
1008.00  0.03570  0.03489  0.01655  0.81268  -225.96480  -227.93275  1.90475   768
1009.00  0.03569  0.03489  0.01714  0.81268  -224.95009  -226.88295  1.90475   768
1010.00  0.03569  0.03489  0.01729  0.81268  -224.70747  -226.58845  1.90475   768
1011.00  0.03569  0.03489  0.01714  0.81268  -224.91347  -226.75325  1.90475   768
1012.00  0.03568  0.03489  0.01668  0.81268  -225.59859  -227.42006  1.90475   768
1013.00  0.03569  0.03489  0.01603  0.81268  -226.58888  -228.38289  1.90475   768
1014.00  0.03568  0.03489  0.01551  0.81268  -227.41591  -229.24806  1.90475   768
1015.00  0.03568  0.03489  0.01540  0.81268  -227.61732  -229.49525  1.90475   768
1016.00  0.03570  0.03489  0.01564  0.81268  -227.30147  -229.21449  1.90475   768
1017.00  0.03568  0.03489  0.01619  0.81268  -226.51411  -228.47444  1.90475   768
1018.00  0.03569  0.03489  0.01675  0.81268  -225.64589  -227.57265  1.90475   768
1019.00  0.03568  0.03489  0.01717  0.81268  -224.92262  -226.84785  1.89910   768
1020.00  0.03568  0.03489  0.01725  0.81268  -224.75630  -226.64186  1.89880   768
1021.00  0.03568  0.03489  0.01686  0.81268  -225.35597  -227.19881  1.89880   768
1022.00  0.03568  0.03489  0.01619  0.81268  -226.34474  -228.17689  1.89880   768
1023.00  0.03571  0.03489  0.01564  0.81268  -227.24806  -229.09852  1.89880   768
1024.00  0.03568  0.03489  0.01546  0.81268  -227.53798  -229.40523  1.89880   768
1025.00  0.03568  0.03489  0.01555  0.81268  -227.46168  -229.37929  1.89880   768
1026.00  0.03568  0.03489  0.01598  0.81268  -226.76741  -228.70332  1.89880   768
1027.00  0.03568  0.03489  0.01651  0.81268  -225.98311  -227.91749  1.89880   768
1028.00  0.03569  0.03489  0.01701  0.81268  -225.17439  -227.09505  1.89880   768
1029.00  0.03568  0.03489  0.01722  0.81268  -224.84328  -226.71968  1.89880   768
1030.00  0.03570  0.03489  0.01708  0.81268  -225.01570  -226.85853  1.66727   768
1031.00  0.03568  0.03489  0.01653  0.81268  -225.81679  -227.60622  1.64154   768
1032.00  0.03568  0.03489  0.01596  0.81268  -226.69417  -228.52632  1.64154   768
1033.00  0.03568  0.03489  0.01538  0.81268  -227.63106  -229.48915  1.64154   768
1034.00  0.03569  0.03489  0.01536  0.81268  -227.66615  -229.55324  1.64154   768
1035.00  0.03568  0.03489  0.01582  0.81268  -227.00697  -228.93831  1.64154   768
1036.00  0.03568  0.03489  0.01640  0.81268  -226.14485  -228.10518  1.64154   768
1037.00  0.03568  0.03489  0.01697  0.81268  -225.28578  -227.22475  1.64154   768
1038.00  0.03570  0.03489  0.01718  0.81268  -224.88753  -226.77461  1.64154   768
1039.00  0.03569  0.03489  0.01720  0.81268  -224.84633  -226.73189  1.64154   768
1040.00  0.03568  0.03489  0.01688  0.81268  -225.31782  -227.19270  1.64154   768
1041.00  0.03570  0.03489  0.01633  0.81268  -226.15706  -227.99379  1.82899   768
1042.00  0.03569  0.03489  0.01574  0.81268  -226.96425  -228.81624  1.89148   768
1043.00  0.03568  0.03489  0.01546  0.81268  -227.55934  -229.41743  1.89148   768
1044.00  0.03568  0.03489  0.01564  0.81268  -227.31367  -229.21449  1.89148   768
1045.00  0.03569  0.03489  0.01608  0.81268  -226.63008  -228.53395  1.89148   768
1046.00  0.03570  0.03489  0.01671  0.81268  -225.64284  -227.57875  1.89148   768
1047.00  0.03569  0.03489  0.01722  0.81268  -224.87227  -226.80055  1.89148   768
1048.00  0.03569  0.03489  0.01735  0.81268  -224.61287  -226.46181  1.89148   768
1049.00  0.03568  0.03489  0.01709  0.81268  -224.97755  -226.80665  1.89148   768
1050.00  0.03569  0.03489  0.01652  0.81268  -225.83815  -227.68403  1.89148   768
1051.00  0.03568  0.03489  0.01598  0.81268  -226.68043  -228.52022  1.89148   768
1052.00  0.03568  0.03489  0.01548  0.81268  -227.46474  -229.32588  4.06734   768
1053.00  0.03569  0.03489  0.01541  0.81268  -227.59596  -229.50593  4.99985   768
1054.00  0.03569  0.03489  0.01573  0.81268  -227.19923  -229.13515  4.99985   768
1055.00  0.03568  0.03489  0.01632  0.81268  -226.27455  -228.21809  4.99985   768
1056.00  0.03568  0.03489  0.01704  0.81268  -225.18507  -227.13777  4.99985   768
1057.00  0.03568  0.03489  0.01729  0.81268  -224.75020  -226.65101  4.99985   768
1058.00  0.03567  0.03489  0.01736  0.81268  -224.64033  -226.52742  4.99985   768
1059.00  0.03571  0.03489  0.01691  0.81268  -225.23848  -227.06911  4.99985   768
1060.00  0.03567  0.03489  0.01630  0.81268  -226.16011  -227.97853  4.99985   768
1061.00  0.03567  0.03489  0.01570  0.81268  -227.10615  -228.93526  4.99985   768
1062.00  0.03568  0.03489  0.01547  0.81268  -227.53645  -229.37623  4.99985   768
1063.00  0.03570  0.03489  0.01560  0.81268  -227.36250  -229.26179  4.99985   768
1064.00  0.03569  0.03489  0.01610  0.81268  -226.57362  -228.48360  4.99985   768
1065.00  0.03569  0.03489  0.01666  0.81268  -225.73591  -227.67488  4.99985   768
1066.00  0.03569  0.03489  0.01715  0.81268  -224.99281  -226.90736  4.99985   768
1067.00  0.03568  0.03489  0.01736  0.81268  -224.59303  -226.49995  4.99985   768
1068.00  0.03569  0.03489  0.01714  0.81268  -224.95466  -226.79597  4.99985   768
1069.00  0.03568  0.03489  0.01652  0.81268  -225.82442  -227.65657  4.99985   768
1070.00  0.03569  0.03489  0.01557  0.81268  -227.27553  -229.07869  4.99985   768
1071.00  0.03568  0.03489  0.01572  0.81268  -227.19466  -229.14278  4.99985   768
1072.00  0.03569  0.03489  0.01576  0.81268  -227.04054  -228.92763  4.99985   768
1073.00  0.03568  0.03489  0.01558  0.81268  -227.36250  -229.25722  4.99985   768
1074.00  0.03568  0.03489  0.01605  0.81268  -226.68654  -228.61940  4.99985   768
1075.00  0.03568  0.03489  0.01676  0.81268  -225.60622  -227.55434  4.99985   768
1076.00  0.03570  0.03489  0.01716  0.81268  -225.01723  -226.92720  4.99985   768
1077.00  0.03568  0.03489  0.01707  0.81268  -225.00807  -226.86616  4.99985   768
1078.00  0.03569  0.03489  0.01672  0.81268  -225.56807  -227.38649  4.99985   768
1079.00  0.03569  0.03489  0.01630  0.81268  -226.17232  -227.99226  4.99985   768
1080.00  0.03569  0.03489  0.01566  0.81268  -227.19160  -229.02376  4.99985   768
1081.00  0.03568  0.03489  0.01540  0.81268  -227.61732  -229.47237  4.99985   768
1082.00  0.03568  0.03489  0.01579  0.81268  -227.08479  -229.01613  4.99985   768
1083.00  0.03570  0.03489  0.01611  0.81268  -226.55531  -228.46376  4.99985   768
1084.00  0.03568  0.03489  0.01700  0.81268  -225.29494  -227.27357  4.99985   768
1085.00  0.03569  0.03489  0.01757  0.81268  -224.29091  -226.17189  4.99985   768
1086.00  0.03568  0.03489  0.01755  0.81268  -224.35652  -226.25734  4.99985   768
1087.00  0.03569  0.03489  0.01743  0.81268  -224.46028  -226.33363  4.99985   768
1088.00  0.03568  0.03489  0.01703  0.81268  -225.04927  -226.88905  4.99985   768
1089.00  0.03568  0.03489  0.01670  0.81268  -225.63368  -227.52382  4.99985   768
1090.00  0.03568  0.03489  0.01664  0.81268  -225.72829  -227.61384  4.99985   768
1091.00  0.03567  0.03489  0.01685  0.81268  -225.42464  -227.35292  4.99985   768
1092.00  0.03569  0.03489  0.01778  0.81268  -224.10933  -226.09254  4.99985   768
1093.00  0.03568  0.03489  0.01863  0.81268  -222.78944  -224.75435  4.99985   768
1094.00  0.03568  0.03489  0.01961  0.81268  -221.23152  -223.19948  4.99985   768
1095.00  0.03568  0.03489  0.02012  0.81268  -220.43959  -222.35414  4.99985   768
1096.00  0.03568  0.03489  0.02016  0.81268  -220.30226  -222.16188  4.99985   768
1097.00  0.03569  0.03489  0.02041  0.81268  -219.89180  -221.76210  4.99985   768
1098.00  0.03568  0.03489  0.02028  0.81268  -220.10542  -221.96504  4.99985   768
1099.00  0.03569  0.03489  0.02028  0.81268  -220.16798  -222.07643  4.99985   768
1100.00  0.03568  0.03489  0.02080  0.81268  -219.39131  -221.29365  4.99985   768
1101.00  0.03568  0.03489  0.02145  0.81268  -218.42543  -220.36897  4.99985   768
1102.00  0.03568  0.03489  0.02247  0.81268  -216.89955  -218.91633  4.99985   768
1103.00  0.03568  0.03489  0.02352  0.81268  -215.25465  -217.23024  4.99985   768
1104.00  0.03568  0.03489  0.02452  0.81268  -213.67842  -215.66774  4.99985   768
1105.00  0.03568  0.03489  0.02508  0.81268  -212.80409  -214.74153  4.99985   768
1106.00  0.03567  0.03489  0.02518  0.81268  -212.60115  -214.50654  4.99985   768
1107.00  0.03569  0.03489  0.02524  0.81268  -212.51417  -214.37990  4.99985   768
1108.00  0.03568  0.03489  0.02512  0.81268  -212.71864  -214.60573  4.99985   768
1109.00  0.03568  0.03489  0.02525  0.81268  -212.56453  -214.48366  4.99985   768
1110.00  0.03568  0.03489  0.02586  0.81268  -211.59712  -213.53914  4.99985   768
1111.00  0.03568  0.03489  0.02658  0.81268  -210.57631  -212.53969  4.99985   768
1112.00  0.03568  0.03489  0.02787  0.81268  -208.61860  -210.62318  4.99985   768
1113.00  0.03568  0.03489  0.02876  0.81268  -207.13087  -209.05153  4.99985   768
1114.00  0.03567  0.03489  0.02930  0.81268  -206.31758  -208.21687  4.99985   768
1115.00  0.03567  0.03489  0.02960  0.81268  -205.82014  -207.69349  4.99985   768
1116.00  0.03568  0.03489  0.02925  0.81268  -206.29469  -208.10701  4.99985   768
1117.00  0.03568  0.03489  0.02904  0.81268  -206.69142  -208.56782  4.99985   768
1118.00  0.03566  0.03489  0.02850  0.81268  -207.45131  -209.27125  4.99985   768
1119.00  0.03566  0.03489  0.02841  0.81268  -207.70155  -209.63441  4.99985   768
1120.00  0.03567  0.03489  0.02951  0.81268  -206.05360  -208.03071  4.99985   768
1121.00  0.03568  0.03489  0.03022  0.81268  -204.95649  -206.91682  4.99985   768
1122.00  0.03568  0.03489  0.03135  0.81268  -203.27650  -205.30549  4.99985   768
1123.00  0.03568  0.03489  0.03188  0.81268  -202.25264  -204.11378  4.99985   768
1124.00  0.03567  0.03489  0.03175  0.81268  -202.58680  -204.50593  4.99985   768
1125.00  0.03565  0.03489  0.03224  0.81268  -201.82081  -203.73231  4.99985   768
1126.00  0.03568  0.03489  0.03192  0.81268  -202.24959  -204.11531  4.99985   768
1127.00  0.03567  0.03489  0.03182  0.81268  -202.38081  -204.24348  4.99985   768
1128.00  0.03568  0.03489  0.03187  0.81268  -202.29689  -204.14277  4.99985   768
1129.00  0.03568  0.03489  0.03192  0.81268  -202.25111  -204.14430  4.99985   768
1130.00  0.03567  0.03489  0.03251  0.81268  -201.47596  -203.45613  4.99985   768
1131.00  0.03567  0.03489  0.03366  0.81268  -199.63728  -201.59608  4.99985   768
1132.00  0.03567  0.03489  0.03418  0.81268  -198.85603  -200.76295  4.99985   768
1133.00  0.03568  0.03489  0.03460  0.81268  -198.14344  -200.04121  4.99985   768
1134.00  0.03567  0.03489  0.03518  0.81268  -197.29200  -199.21571  4.99985   768
1135.00  0.03568  0.03489  0.03494  0.81268  -197.57124  -199.43086  4.99985   768
1136.00  0.03567  0.03489  0.03482  0.81268  -197.80470  -199.68721  4.99985   768
1137.00  0.03568  0.03489  0.03504  0.81268  -197.47358  -199.39424  4.99985   768
1138.00  0.03567  0.03489  0.03525  0.81268  -197.17756  -199.09364  4.99985   768
1139.00  0.03568  0.03489  0.03595  0.81268  -196.18879  -198.17506  4.99985   768
1140.00  0.03567  0.03489  0.03709  0.81268  -194.45692  -196.43861  4.99985   768
1141.00  0.03566  0.03489  0.03791  0.81268  -193.10347  -195.06532  4.99985   768
1142.00  0.03566  0.03489  0.03883  0.81268  -191.77443  -193.72407  4.99985   768
1143.00  0.03566  0.03489  0.03900  0.81268  -191.35176  -193.24037  4.99985   768
1144.00  0.03567  0.03489  0.03903  0.81268  -191.33040  -193.20527  4.99985   768
1145.00  0.03568  0.03489  0.03891  0.81268  -191.47230  -193.31971  4.99985   768
1146.00  0.03565  0.03489  0.03852  0.81268  -192.10096  -193.94532  4.99985   768
1147.00  0.03568  0.03489  0.03859  0.81268  -192.00483  -193.87513  4.99985   768
1148.00  0.03566  0.03489  0.03874  0.81268  -191.77900  -193.70729  4.99985   768
1149.00  0.03566  0.03489  0.03932  0.81268  -190.94740  -192.88789  4.99985   768
1150.00  0.03567  0.03489  0.04012  0.81268  -189.71602  -191.67024  4.99985   768
1151.00  0.03569  0.03489  0.04069  0.81268  -188.85084  -190.77455  4.99985   768
1152.00  0.03566  0.03489  0.04112  0.81268  -188.13673  -190.06959  4.99985   768
1153.00  0.03567  0.03489  0.04094  0.81268  -188.36103  -190.21455  4.99985   768
1154.00  0.03567  0.03489  0.04047  0.81268  -189.11634  -190.95155  4.99985   768
1155.00  0.03567  0.03489  0.03995  0.81268  -189.87928  -191.74043  4.99985   768
1156.00  0.03566  0.03489  0.03966  0.81268  -190.34163  -192.22566  4.99985   768
1157.00  0.03567  0.03489  0.03988  0.81268  -190.09596  -192.03187  4.99985   768
1158.00  0.03566  0.03489  0.04045  0.81268  -189.22926  -191.17891  4.99985   768
1159.00  0.03564  0.03489  0.04128  0.81268  -187.99788  -189.96583  4.99985   768
1160.00  0.03565  0.03489  0.04235  0.81268  -186.31025  -188.29347  4.99985   768
1161.00  0.03566  0.03489  0.04320  0.81268  -184.97206  -186.90950  4.99985   768
1162.00  0.03567  0.03489  0.04352  0.81268  -184.44868  -186.33271  4.99985   768
1163.00  0.03567  0.03489  0.04358  0.81268  -184.34492  -186.19538  4.99985   768
1164.00  0.03566  0.03489  0.04326  0.81268  -184.81489  -186.64857  4.99985   768
1165.00  0.03567  0.03489  0.04296  0.81268  -185.26960  -187.12922  4.99985   768
1166.00  0.03566  0.03489  0.04297  0.81268  -185.31385  -187.19026  4.99985   768
1167.00  0.03567  0.03489  0.04329  0.81268  -184.87593  -186.80879  4.99985   768
1168.00  0.03567  0.03489  0.04415  0.81268  -183.55146  -185.52095  4.99985   768
1169.00  0.03565  0.03489  0.04504  0.81268  -182.16597  -184.12934  4.99985   768
1170.00  0.03566  0.03489  0.04581  0.81268  -180.99867  -182.94374  4.99985   768
1171.00  0.03567  0.03489  0.04623  0.81268  -180.29676  -182.22505  4.99985   768
1172.00  0.03567  0.03489  0.04643  0.81268  -179.96717  -181.88325  4.99985   768
1173.00  0.03567  0.03489  0.04625  0.81268  -180.22505  -182.07856  4.99985   768
1174.00  0.03567  0.03489  0.04588  0.81268  -180.75605  -182.61872  4.99985   768
1175.00  0.03564  0.03489  0.04556  0.81268  -181.34962  -183.21840  4.99985   768
1176.00  0.03567  0.03489  0.04554  0.81268  -181.31147  -183.16652  4.99985   768
1177.00  0.03567  0.03489  0.04590  0.81268  -180.82167  -182.74537  4.99985   768
1178.00  0.03566  0.03489  0.04660  0.81268  -179.75965  -181.69404  4.99985   768
1179.00  0.03565  0.03489  0.04727  0.81268  -178.71290  -180.64729  4.99985   768
1180.00  0.03566  0.03489  0.04750  0.81268  -178.32380  -180.21089  4.99985   768
1181.00  0.03565  0.03489  0.04765  0.81268  -178.09492  -179.98811  4.99985   768
1182.00  0.03565  0.03489  0.04761  0.81268  -178.09492  -179.92707  4.99985   768
1183.00  0.03565  0.03489  0.04696  0.81268  -179.08064  -180.88685  4.99985   768
1184.00  0.03566  0.03489  0.04669  0.81268  -179.58418  -181.45448  4.99985   768
1185.00  0.03565  0.03489  0.04634  0.81268  -180.06941  -181.90766  4.99985   768
1186.00  0.03565  0.03489  0.04642  0.81268  -180.01600  -181.95497  4.99985   768
1187.00  0.03565  0.03489  0.04721  0.81268  -178.85023  -180.80598  4.99985   768
1188.00  0.03565  0.03489  0.04778  0.81268  -177.93623  -179.87214  4.99985   768
1189.00  0.03566  0.03489  0.04853  0.81268  -176.86506  -178.84065  4.99985   768
1190.00  0.03566  0.03489  0.04894  0.81268  -176.11891  -177.98921  4.99985   768
1191.00  0.03565  0.03489  0.04878  0.81268  -176.33406  -178.22877  4.99985   768
1192.00  0.03564  0.03489  0.04863  0.81268  -176.53242  -178.38594  4.99985   768
1193.00  0.03568  0.03489  0.04832  0.81268  -177.01460  -178.85896  4.99985   768
1194.00  0.03565  0.03489  0.04830  0.81268  -177.08021  -178.94136  4.99985   768
1195.00  0.03566  0.03489  0.04843  0.81268  -176.88185  -178.78114  4.99985   768
1196.00  0.03565  0.03489  0.04896  0.81268  -176.14027  -178.09297  4.99985   768
1197.00  0.03565  0.03489  0.04986  0.81268  -174.78834  -176.74714  4.99985   768
1198.00  0.03565  0.03489  0.05062  0.81268  -173.58595  -175.51576  4.99985   768
1199.00  0.03566  0.03489  0.05106  0.81268  -172.87489  -174.79707  4.99985   768
1200.00  0.03564  0.03489  0.05115  0.81268  -172.64601  -174.50715  4.99985   768
1201.00  0.03564  0.03489  0.05074  0.81268  -173.24873  -175.08699  4.99985   768
1202.00  0.03565  0.03489  0.05029  0.81268  -174.00099  -175.85450  4.99985   768
1203.00  0.03566  0.03489  0.04984  0.81268  -174.69831  -176.53657  4.99985   768
1204.00  0.03566  0.03489  0.04964  0.81268  -175.04164  -176.91804  4.99985   768
1205.00  0.03563  0.03489  0.04986  0.81268  -174.75172  -176.68763  4.99985   768
1206.00  0.03565  0.03489  0.05030  0.81268  -174.07576  -176.02540  4.99985   768
1207.00  0.03564  0.03489  0.05101  0.81268  -172.99391  -174.93898  4.99985   768
1208.00  0.03565  0.03489  0.05136  0.81268  -172.37287  -174.27522  4.99985   768
1209.00  0.03564  0.03489  0.05151  0.81268  -172.13636  -174.02803  4.99985   768
1210.00  0.03564  0.03489  0.05112  0.81268  -172.73756  -174.54835  4.99985   768
1211.00  0.03566  0.03489  0.05056  0.81268  -173.54017  -175.36622  4.99985   768
1212.00  0.03564  0.03489  0.04995  0.81268  -174.49232  -176.30006  4.99985   768
1213.00  0.03565  0.03489  0.04953  0.81268  -175.20491  -177.06300  4.99985   768
1214.00  0.03565  0.03489  0.04961  0.81268  -175.09352  -176.97602  4.99985   768
1215.00  0.03565  0.03489  0.04992  0.81268  -174.64949  -176.55946  4.99985   768
1216.00  0.03566  0.03489  0.05066  0.81268  -173.53254  -175.50355  4.99985   768
1217.00  0.03563  0.03489  0.05143  0.81268  -172.33931  -174.25080  4.99985   768
1218.00  0.03565  0.03489  0.05165  0.81268  -171.95936  -173.84645  4.99985   768
1219.00  0.03564  0.03489  0.05173  0.81268  -171.80067  -173.68928  4.99985   768
1220.00  0.03565  0.03489  0.05137  0.81268  -172.32252  -174.16535  4.99985   768
1221.00  0.03565  0.03489  0.05097  0.81268  -172.95423  -174.82453  4.99985   768
1222.00  0.03564  0.03489  0.05059  0.81268  -173.54475  -175.40132  4.99985   768
1223.00  0.03565  0.03489  0.05044  0.81268  -173.83772  -175.74617  4.99985   768
1224.00  0.03565  0.03489  0.05094  0.81268  -173.11445  -175.06105  4.99985   768
1225.00  0.03564  0.03489  0.05153  0.81268  -172.23555  -174.19129  4.99985   768
1226.00  0.03564  0.03489  0.05238  0.81268  -170.87751  -172.84242  4.99985   768
1227.00  0.03563  0.03489  0.05314  0.81268  -169.70411  -171.62782  4.99985   768
1228.00  0.03564  0.03489  0.05349  0.81268  -169.10902  -171.01136  4.99985   768
1229.00  0.03565  0.03489  0.05342  0.81268  -169.20973  -171.05104  4.99985   768
1230.00  0.03563  0.03489  0.05312  0.81268  -169.61866  -171.47218  4.99985   768
1231.00  0.03564  0.03489  0.05270  0.81268  -170.28089  -172.10542  4.99985   768
1232.00  0.03564  0.03489  0.05241  0.81268  -170.76918  -172.61048  4.99985   768
1233.00  0.03564  0.03489  0.05243  0.81268  -170.80427  -172.69899  4.99985   768
1234.00  0.03563  0.03489  0.05285  0.81268  -170.16340  -172.09169  4.99985   768
1235.00  0.03565  0.03489  0.05347  0.81268  -169.19294  -171.13191  4.99985   768
1236.00  0.03564  0.03489  0.05389  0.81268  -168.56428  -170.50172  4.99985   768
1237.00  0.03565  0.03489  0.05428  0.81268  -167.91120  -169.81507  4.99985   768
1238.00  0.03563  0.03489  0.05405  0.81268  -168.25148  -170.10194  4.99985   768
1239.00  0.03565  0.03489  0.05358  0.81268  -168.93049  -170.78401  4.99985   768
1240.00  0.03563  0.03489  0.05306  0.81268  -169.70259  -171.52406  4.99985   768
1241.00  0.03565  0.03489  0.05239  0.81268  -170.78291  -172.62117  4.99985   768
1242.00  0.03563  0.03489  0.05236  0.81268  -170.87446  -172.76765  4.99985   768
1243.00  0.03565  0.03489  0.05246  0.81268  -170.72035  -172.62727  4.99985   768
1244.00  0.03563  0.03489  0.05321  0.81268  -169.63545  -171.59883  4.99985   768
1245.00  0.03565  0.03489  0.05372  0.81268  -168.80842  -170.73060  4.99985   768
1246.00  0.03565  0.03489  0.05444  0.81268  -167.70063  -169.63044  4.99985   768
1247.00  0.03565  0.03489  0.05478  0.81268  -167.14369  -169.03535  4.99985   768
1248.00  0.03563  0.03489  0.05459  0.81268  -167.40003  -169.23066  4.99985   768
1249.00  0.03564  0.03489  0.05433  0.81268  -167.78761  -169.64418  4.99985   768
1250.00  0.03563  0.03489  0.05389  0.81268  -168.42390  -170.25605  4.99985   768
1251.00  0.03565  0.03489  0.05349  0.81268  -169.08461  -170.95033  4.99985   768
1252.00  0.03565  0.03489  0.05375  0.81268  -168.73213  -170.65431  4.99985   768
1253.00  0.03565  0.03489  0.05424  0.81268  -168.03785  -169.98292  4.99985   768
1254.00  0.03565  0.03489  0.05510  0.81268  -166.76069  -168.75001  4.99985   768
1255.00  0.03563  0.03489  0.05585  0.81268  -165.54151  -167.47132  4.99985   768
1256.00  0.03564  0.03489  0.05634  0.81268  -164.79841  -166.72975  4.99985   768
1257.00  0.03564  0.03489  0.05656  0.81268  -164.40626  -166.31013  4.99985   768
1258.00  0.03564  0.03489  0.05624  0.81268  -164.80146  -166.65650  4.99985   768
1259.00  0.03562  0.03489  0.05595  0.81268  -165.32026  -167.18293  4.99985   768
1260.00  0.03563  0.03489  0.05572  0.81268  -165.65138  -167.48658  4.99985   768
1261.00  0.03564  0.03489  0.05554  0.81268  -165.98554  -167.87263  4.99985   768
1262.00  0.03564  0.03489  0.05578  0.81268  -165.62239  -167.51557  4.99985   768
1263.00  0.03564  0.03489  0.05637  0.81268  -164.81062  -166.74958  4.99985   768
1264.00  0.03564  0.03489  0.05726  0.81268  -163.37782  -165.32136  4.99985   768
1265.00  0.03563  0.03489  0.05740  0.81268  -163.11537  -164.96125  4.99985   768
1266.00  0.03564  0.03489  0.05754  0.81268  -162.89411  -164.77967  4.99985   768
1267.00  0.03563  0.03489  0.05736  0.81268  -163.13825  -164.98719  4.99985   768
1268.00  0.03563  0.03489  0.05676  0.81268  -164.06752  -165.89814  4.99985   768
1269.00  0.03564  0.03489  0.05641  0.81268  -164.59547  -166.45509  4.99985   768
1270.00  0.03564  0.03489  0.05611  0.81268  -165.08680  -166.95252  4.99985   768
1271.00  0.03563  0.03489  0.05635  0.81268  -164.79231  -166.72975  4.99985   768
1272.00  0.03562  0.03489  0.05699  0.81268  -163.82490  -165.76997  4.99985   768
1273.00  0.03563  0.03489  0.05785  0.81268  -162.56605  -164.56147  4.99985   768
1274.00  0.03564  0.03489  0.05853  0.81268  -161.43995  -163.36824  4.99985   768
1275.00  0.03564  0.03489  0.05901  0.81268  -160.67549  -162.61140  4.99985   768
1276.00  0.03563  0.03489  0.05902  0.81268  -160.57478  -162.44813  4.99985   768
1277.00  0.03563  0.03489  0.05863  0.81268  -161.16529  -163.00660  4.99985   768
1278.00  0.03562  0.03489  0.05830  0.81268  -161.69325  -163.55134  4.99985   768
1279.00  0.03563  0.03489  0.05801  0.81268  -162.16017  -163.99995  4.99985   768
1280.00  0.03563  0.03489  0.05801  0.81268  -162.16017  -164.05488  4.99985   768
1281.00  0.03562  0.03489  0.05841  0.81268  -161.59864  -163.51472  4.99985   768
1282.00  0.03563  0.03489  0.05924  0.81268  -160.38862  -162.35353  4.99985   768
1283.00  0.03565  0.03489  0.06020  0.81268  -158.90852  -160.86122  4.99985   768
1284.00  0.03562  0.03489  0.06064  0.81268  -158.10438  -159.99299  4.99985   768
1285.00  0.03563  0.03489  0.06072  0.81268  -158.05403  -159.96095  4.99985   768
1286.00  0.03563  0.03489  0.06075  0.81268  -157.94874  -159.83125  4.99985   768
1287.00  0.03563  0.03489  0.06017  0.81268  -158.76051  -160.57282  4.99985   768
1288.00  0.03562  0.03489  0.05943  0.81268  -159.95069  -161.79353  4.99985   768
1289.00  0.03563  0.03489  0.05911  0.81268  -160.43287  -162.30775  4.99985   768
1290.00  0.03562  0.03489  0.05911  0.81268  -160.48933  -162.41303  4.99985   768
1291.00  0.03562  0.03489  0.05960  0.81268  -159.84388  -161.78132  4.99985   768
1292.00  0.03563  0.03489  0.06013  0.81268  -158.91004  -160.85359  4.99985   768
1293.00  0.03564  0.03489  0.06082  0.81268  -157.91822  -159.86939  4.99985   768
1294.00  0.03563  0.03489  0.06116  0.81268  -157.32771  -159.19953  4.99985   768
1295.00  0.03563  0.03489  0.06106  0.81268  -157.46809  -159.33229  4.99985   768
1296.00  0.03561  0.03489  0.06072  0.81268  -157.96247  -159.79005  4.99985   768
1297.00  0.03563  0.03489  0.06031  0.81268  -158.57435  -160.40345  4.99985   768
1298.00  0.03563  0.03489  0.05996  0.81268  -159.13893  -160.99549  4.99985   768
1299.00  0.03562  0.03489  0.06014  0.81268  -158.92835  -160.82765  4.99985   768
1300.00  0.03561  0.03489  0.06063  0.81268  -158.20204  -160.15626  4.99985   768
1301.00  0.03564  0.03489  0.06145  0.81268  -156.96455  -158.92793  4.99985   768
1302.00  0.03561  0.03489  0.06233  0.81268  -155.58973  -157.55464  4.99985   768
1303.00  0.03562  0.03489  0.06289  0.81268  -154.71845  -156.66200  4.99985   768
1304.00  0.03563  0.03489  0.06302  0.81268  -154.46516  -156.34156  4.99985   768
1305.00  0.03562  0.03489  0.06260  0.81268  -155.03431  -156.88325  4.99985   768
1306.00  0.03561  0.03489  0.06202  0.81268  -155.94221  -157.78657  4.99985   768
1307.00  0.03562  0.03489  0.06146  0.81268  -156.80433  -158.66090  4.99985   768
1308.00  0.03562  0.03489  0.06120  0.81268  -157.28651  -159.15528  4.99985   768
1309.00  0.03562  0.03489  0.06139  0.81268  -157.01643  -158.93250  4.99985   768
1310.00  0.03561  0.03489  0.06183  0.81268  -156.33741  -158.27180  4.99985   768
1311.00  0.03563  0.03489  0.06249  0.81268  -155.34101  -157.27540  4.99985   768
1312.00  0.03562  0.03489  0.06314  0.81268  -154.32325  -156.25611  4.99985   768
1313.00  0.03562  0.03489  0.06347  0.81268  -153.79988  -155.70069  4.99985   768
1314.00  0.03562  0.03489  0.06336  0.81268  -153.88075  -155.72206  4.99985   768
1315.00  0.03563  0.03489  0.06287  0.81268  -154.62843  -156.44532  4.99985   768
1316.00  0.03563  0.03489  0.06232  0.81268  -155.46614  -157.30744  4.99985   768
1317.00  0.03562  0.03489  0.06186  0.81268  -156.20619  -158.03681  4.99985   768
1318.00  0.03560  0.03489  0.06181  0.81268  -156.38929  -158.28553  4.99985   768
1319.00  0.03560  0.03489  0.06211  0.81268  -155.91474  -157.84760  4.99985   768
1320.00  0.03562  0.03489  0.06280  0.81268  -154.90309  -156.86646  4.99985   768
1321.00  0.03562  0.03489  0.06343  0.81268  -153.90058  -155.84413  4.99985   768
1322.00  0.03561  0.03489  0.06389  0.81268  -153.16664  -155.09492  4.99985   768
1323.00  0.03561  0.03489  0.06407  0.81268  -152.85536  -154.75312  4.99985   768
1324.00  0.03562  0.03489  0.06390  0.81268  -153.10407  -154.97437  4.99985   768
1325.00  0.03562  0.03489  0.06353  0.81268  -153.64576  -155.49165  4.99985   768
1326.00  0.03561  0.03489  0.06302  0.81268  -154.46821  -156.32020  4.99985   768
1327.00  0.03562  0.03489  0.06274  0.81268  -154.91072  -156.76118  4.99985   768
1328.00  0.03562  0.03489  0.06295  0.81268  -154.59638  -156.50636  4.99985   768
1329.00  0.03562  0.03489  0.06351  0.81268  -153.77088  -155.71137  4.99985   768
1330.00  0.03563  0.03489  0.06428  0.81268  -152.62495  -154.56391  4.99985   768
1331.00  0.03560  0.03489  0.06488  0.81268  -151.69416  -153.60566  4.99985   768
1332.00  0.03563  0.03489  0.06528  0.81268  -150.99531  -152.91596  4.99985   768
1333.00  0.03562  0.03489  0.06529  0.81268  -150.98158  -152.85188  4.99985   768
1334.00  0.03561  0.03489  0.06504  0.81268  -151.32795  -153.18604  4.99985   768
1335.00  0.03560  0.03489  0.06460  0.81268  -152.01917  -153.84980  4.99985   768
1336.00  0.03561  0.03489  0.06424  0.81268  -152.56697  -154.43574  4.99985   768
1337.00  0.03562  0.03489  0.06429  0.81268  -152.55323  -154.46321  4.99985   768
1338.00  0.03559  0.03489  0.06470  0.81268  -151.94288  -153.88185  4.99985   768
1339.00  0.03562  0.03489  0.06537  0.81268  -150.94648  -152.92512  4.99985   768
1340.00  0.03559  0.03489  0.06589  0.81268  -150.07520  -152.02027  4.99985   768
1341.00  0.03562  0.03489  0.06627  0.81268  -149.53657  -151.45570  4.99985   768
1342.00  0.03562  0.03489  0.06614  0.81268  -149.69526  -151.55183  4.99985   768
1343.00  0.03562  0.03489  0.06561  0.81268  -150.43684  -152.26747  4.99985   768
1344.00  0.03561  0.03489  0.06493  0.81268  -151.41950  -153.21504  4.99985   768
1345.00  0.03561  0.03489  0.06420  0.81268  -152.56697  -154.38996  4.99985   768
1346.00  0.03560  0.03489  0.06375  0.81268  -153.34669  -155.20020  4.99985   768
1347.00  0.03562  0.03489  0.06378  0.81268  -153.29786  -155.18037  4.99985   768
1348.00  0.03560  0.03489  0.06421  0.81268  -152.69056  -154.61122  4.99985   768
1349.00  0.03560  0.03489  0.06486  0.81268  -151.73231  -153.68348  4.99985   768
1350.00  0.03563  0.03489  0.06543  0.81268  -150.83967  -152.76185  4.99985   768
1351.00  0.03563  0.03489  0.06560  0.81268  -150.50245  -152.39717  4.99985   768
1352.00  0.03560  0.03489  0.06535  0.81268  -150.84730  -152.70844  4.99985   768
1353.00  0.03560  0.03489  0.06490  0.81268  -151.49427  -153.32032  4.99985   768
1354.00  0.03562  0.03489  0.06428  0.81268  -152.49372  -154.32893  4.99985   768
1355.00  0.03561  0.03489  0.06391  0.81268  -153.09797  -154.95912  4.99985   768
1356.00  0.03562  0.03489  0.06393  0.81268  -153.11933  -155.02931  4.99985   768
1357.00  0.03561  0.03489  0.06434  0.81268  -152.48762  -154.43421  4.99985   768
1358.00  0.03560  0.03489  0.06506  0.81268  -151.45460  -153.40730  4.99985   768
1359.00  0.03561  0.03489  0.06595  0.81268  -150.06147  -152.01722  4.99985   768
1360.00  0.03559  0.03489  0.06653  0.81268  -149.07728  -151.01167  4.99985   768
1361.00  0.03561  0.03489  0.06663  0.81268  -148.91401  -150.78126  4.99985   768
1362.00  0.03559  0.03489  0.06636  0.81268  -149.28785  -151.14137  4.99985   768
1363.00  0.03561  0.03489  0.06593  0.81268  -149.94093  -151.77308  4.99985   768
1364.00  0.03561  0.03489  0.06546  0.81268  -150.64588  -152.48109  4.99985   768
1365.00  0.03559  0.03489  0.06536  0.81268  -150.89918  -152.76948  4.99985   768
1366.00  0.03559  0.03489  0.06555  0.81268  -150.61689  -152.51771  4.99985   768
1367.00  0.03561  0.03489  0.06608  0.81268  -149.84480  -151.78376  4.99985   768
1368.00  0.03560  0.03489  0.06684  0.81268  -148.65614  -150.61799  4.99985   768
1369.00  0.03561  0.03489  0.06742  0.81268  -147.73451  -149.66737  4.99985   768
1370.00  0.03561  0.03489  0.06769  0.81268  -147.30421  -149.21266  4.99985   768
1371.00  0.03559  0.03489  0.06748  0.81268  -147.58039  -149.44612  4.99985   768
1372.00  0.03559  0.03489  0.06704  0.81268  -148.26704  -150.11292  4.99985   768
1373.00  0.03560  0.03489  0.06646  0.81268  -149.11695  -150.95674  4.99985   768
1374.00  0.03559  0.03489  0.06605  0.81268  -149.81275  -151.67390  4.99985   768
1375.00  0.03560  0.03489  0.06582  0.81268  -150.13624  -152.02180  4.99985   768
1376.00  0.03560  0.03489  0.06612  0.81268  -149.78987  -151.72578  4.99985   768
1377.00  0.03559  0.03489  0.06668  0.81268  -148.92622  -150.84077  4.99985   768
1378.00  0.03560  0.03489  0.06715  0.81268  -148.18922  -150.11903  4.99985   768
1379.00  0.03559  0.03489  0.06743  0.81268  -147.71314  -149.60938  4.99985   768
1380.00  0.03561  0.03489  0.06735  0.81268  -147.79402  -149.63990  4.99985   768
1381.00  0.03561  0.03489  0.06689  0.81268  -148.46388  -150.28993  4.99985   768
1382.00  0.03560  0.03489  0.06614  0.81268  -149.61744  -151.40534  4.99985   768
1383.00  0.03559  0.03489  0.06558  0.81268  -150.50703  -152.34681  4.99985   768
1384.00  0.03560  0.03489  0.06527  0.81268  -150.99226  -152.86408  4.99985   768
1385.00  0.03560  0.03489  0.06533  0.81268  -150.96327  -152.87324  4.99985   768
1386.00  0.03560  0.03489  0.06593  0.81268  -150.06147  -152.01722  4.99985   768
1387.00  0.03560  0.03489  0.06671  0.81268  -148.87892  -150.84992  4.99985   768
1388.00  0.03559  0.03489  0.06733  0.81268  -147.89778  -149.84742  4.99985   768
1389.00  0.03558  0.03489  0.06759  0.81268  -147.49800  -149.41407  4.99985   768
1390.00  0.03560  0.03489  0.06752  0.81268  -147.53614  -149.40949  4.99985   768
1391.00  0.03561  0.03489  0.06722  0.81268  -147.99238  -149.85047  4.99985   768
1392.00  0.03559  0.03489  0.06678  0.81268  -148.69886  -150.54780  4.99985   768
1393.00  0.03560  0.03489  0.06650  0.81268  -149.09559  -150.95521  4.99985   768
1394.00  0.03558  0.03489  0.06654  0.81268  -149.07118  -150.97352  4.99985   768
1395.00  0.03559  0.03489  0.06705  0.81268  -148.36469  -150.30213  4.99985   768
1396.00  0.03561  0.03489  0.06790  0.81268  -147.05396  -149.02497  4.99985   768
1397.00  0.03559  0.03489  0.06865  0.81268  -145.83936  -147.78596  4.99985   768
1398.00  0.03558  0.03489  0.06906  0.81268  -145.17713  -147.08558  4.99985   768
1399.00  0.03560  0.03489  0.06927  0.81268  -144.89790  -146.78956  4.99985   768
1400.00  0.03560  0.03489  0.06904  0.81268  -145.17256  -147.00929  4.99985   768
1401.00  0.03559  0.03489  0.06827  0.81268  -146.31391  -148.10945  4.99985   768
1402.00  0.03560  0.03489  0.06756  0.81268  -147.43238  -149.28132  4.99985   768
1403.00  0.03560  0.03489  0.06737  0.81268  -147.78944  -149.68415  4.99985   768
1404.00  0.03560  0.03489  0.06747  0.81268  -147.66584  -149.59718  4.99985   768
1405.00  0.03559  0.03489  0.06807  0.81268  -146.82356  -148.78236  4.99985   768
1406.00  0.03559  0.03489  0.06871  0.81268  -145.74629  -147.68830  4.99985   768
1407.00  0.03559  0.03489  0.06908  0.81268  -145.20155  -147.13136  4.99985   768
1408.00  0.03557  0.03489  0.06906  0.81268  -145.18629  -147.06880  4.99985   768
1409.00  0.03559  0.03489  0.06885  0.81268  -145.43195  -147.29920  4.99985   768
1410.00  0.03558  0.03489  0.06825  0.81268  -146.35206  -148.17201  4.99985   768
1411.00  0.03560  0.03489  0.06775  0.81268  -147.18672  -149.04176  4.99985   768
1412.00  0.03557  0.03489  0.06793  0.81268  -146.90595  -148.78236  4.99985   768
1413.00  0.03559  0.03489  0.06720  0.81268  -147.93440  -149.71314  4.99985   768
1414.00  0.03559  0.03489  0.06643  0.81268  -149.29701  -151.17494  4.99985   768
1415.00  0.03559  0.03489  0.06786  0.81268  -147.13178  -149.11805  4.99985   768
1416.00  0.03558  0.03489  0.06907  0.81268  -145.25953  -147.25953  4.99985   768
1417.00  0.03559  0.03489  0.06970  0.81268  -144.16242  -146.02815  4.99985   768
1418.00  0.03558  0.03489  0.06860  0.81268  -145.81037  -147.61353  4.99985   768
1419.00  0.03559  0.03489  0.06802  0.81268  -146.73963  -148.58094  4.99985   768
1420.00  0.03559  0.03489  0.06764  0.81268  -147.35304  -149.22791  4.99985   768
1421.00  0.03559  0.03489  0.06772  0.81268  -147.28895  -149.20808  4.99985   768
1422.00  0.03558  0.03489  0.06793  0.81268  -146.96546  -148.88001  4.99985   768
1423.00  0.03559  0.03489  0.06785  0.81268  -147.02039  -148.89680  4.99985   768
1424.00  0.03559  0.03489  0.06787  0.81268  -147.03413  -148.95173  4.99985   768
1425.00  0.03556  0.03489  0.06873  0.81268  -145.75392  -147.75392  4.99985   768
1426.00  0.03557  0.03489  0.06926  0.81268  -144.87196  -146.76667  4.99985   768
1427.00  0.03559  0.03489  0.06947  0.81268  -144.63697  -146.55000  4.99985   768
1428.00  0.03559  0.03489  0.06984  0.81268  -143.97474  -145.84962  4.99985   768
1429.00  0.03557  0.03489  0.06874  0.81268  -145.56013  -147.31904  4.99985   768
1430.00  0.03559  0.03489  0.06837  0.81268  -146.23152  -148.11707  4.99985   768
1431.00  0.03559  0.03489  0.06847  0.81268  -146.10792  -147.99043  4.99985   768
1432.00  0.03560  0.03489  0.06881  0.81268  -145.63642  -147.55555  4.99985   768
1433.00  0.03559  0.03489  0.06929  0.81268  -144.82923  -146.73768  4.99985   768
1434.00  0.03559  0.03489  0.06994  0.81268  -143.93507  -145.90455  4.99985   768
1435.00  0.03557  0.03489  0.07077  0.81268  -142.60145  -144.54194  4.99985   768
1436.00  0.03557  0.03489  0.07072  0.81268  -142.63807  -144.52821  4.99985   768
1437.00  0.03559  0.03489  0.07099  0.81268  -142.28559  -144.21998  4.99985   768
1438.00  0.03557  0.03489  0.07085  0.81268  -142.37104  -144.22151  4.99985   768
1439.00  0.03560  0.03489  0.06980  0.81268  -143.98084  -145.78095  4.99985   768
1440.00  0.03558  0.03489  0.06924  0.81268  -144.84144  -146.69038  4.99985   768
1441.00  0.03558  0.03489  0.06883  0.81268  -145.54029  -147.40601  4.99985   768
1442.00  0.03556  0.03489  0.06894  0.81268  -145.41822  -147.33125  4.99985   768
1443.00  0.03557  0.03489  0.06917  0.81268  -145.04438  -146.92841  4.99985   768
1444.00  0.03557  0.03489  0.06975  0.81268  -144.23872  -146.23261  4.99985   768
1445.00  0.03558  0.03489  0.06980  0.81268  -144.00221  -145.82215  4.99985   768
1446.00  0.03558  0.03489  0.06933  0.81268  -144.73310  -146.58051  4.99985   768
1447.00  0.03558  0.03489  0.06961  0.81268  -144.32264  -146.21125  4.99985   768
1448.00  0.03558  0.03489  0.06900  0.81268  -145.19544  -147.01081  4.99985   768
1449.00  0.03558  0.03489  0.06859  0.81268  -145.90345  -147.75697  4.99985   768
1450.00  0.03556  0.03489  0.06825  0.81268  -146.42072  -148.24830  4.99985   768
1451.00  0.03557  0.03489  0.06812  0.81268  -146.63435  -148.53669  4.99985   768
1452.00  0.03556  0.03489  0.06857  0.81268  -146.03925  -147.98127  4.99985   768
1453.00  0.03559  0.03489  0.06944  0.81268  -144.69038  -146.66902  4.99985   768
1454.00  0.03559  0.03489  0.07006  0.81268  -143.71229  -145.64820  4.99985   768
1455.00  0.03556  0.03489  0.07029  0.81268  -143.33082  -145.24842  4.99985   768
1456.00  0.03557  0.03489  0.07027  0.81268  -143.31251  -145.19349  4.99985   768
1457.00  0.03557  0.03489  0.06984  0.81268  -143.95796  -145.79774  4.99985   768
1458.00  0.03555  0.03489  0.06955  0.81268  -144.42182  -146.27839  4.99985   768
1459.00  0.03557  0.03489  0.06906  0.81268  -145.11610  -146.93757  4.99985   768
1460.00  0.03558  0.03489  0.06871  0.81268  -145.71272  -147.59522  4.99985   768
1461.00  0.03557  0.03489  0.06908  0.81268  -145.20155  -147.13136  4.99985   768
1462.00  0.03556  0.03489  0.06975  0.81268  -144.20973  -146.14716  4.99985   768
1463.00  0.03557  0.03489  0.07061  0.81268  -142.88984  -144.85169  4.99985   768
1464.00  0.03557  0.03489  0.07097  0.81268  -142.24745  -144.11927  4.99985   768
1465.00  0.03558  0.03489  0.07061  0.81268  -142.80134  -144.63807  4.99985   768
1466.00  0.03558  0.03489  0.07025  0.81268  -143.27131  -145.10499  4.99985   768
1467.00  0.03555  0.03489  0.06979  0.81268  -144.01747  -145.86640  4.99985   768
1468.00  0.03555  0.03489  0.06962  0.81268  -144.30586  -146.17463  4.99985   768
1469.00  0.03554  0.03489  0.06937  0.81268  -144.66444  -146.52101  4.99985   768
1470.00  0.03557  0.03489  0.06922  0.81268  -144.96198  -146.86585  4.99985   768
1471.00  0.03557  0.03489  0.06959  0.81268  -144.42793  -146.37147  4.99985   768
1472.00  0.03556  0.03489  0.07017  0.81268  -143.54597  -145.48493  4.99985   768
1473.00  0.03557  0.03489  0.07083  0.81268  -142.57704  -144.54499  4.99985   768
1474.00  0.03556  0.03489  0.07126  0.81268  -141.76679  -143.67982  4.99985   768
1475.00  0.03555  0.03489  0.07086  0.81268  -142.39393  -144.23371  4.99985   768
1476.00  0.03557  0.03489  0.07023  0.81268  -143.30641  -145.10652  4.99985   768
1477.00  0.03556  0.03489  0.06943  0.81268  -144.56831  -146.38215  4.99985   768
1478.00  0.03556  0.03489  0.06891  0.81268  -145.36787  -147.20002  4.99985   768
1479.00  0.03557  0.03489  0.06878  0.81268  -145.57997  -147.46858  4.99985   768
1480.00  0.03558  0.03489  0.06885  0.81268  -145.52046  -147.42127  4.99985   768
1481.00  0.03556  0.03489  0.06904  0.81268  -145.22596  -147.12068  4.99985   768
1482.00  0.03557  0.03489  0.06960  0.81268  -144.42945  -146.36537  4.99985   768
1483.00  0.03557  0.03489  0.07007  0.81268  -143.67567  -145.61768  4.99985   768
1484.00  0.03555  0.03489  0.07015  0.81268  -143.48493  -145.35066  4.99985   768
1485.00  0.03558  0.03489  0.06981  0.81268  -143.94727  -145.77790  4.99985   768
1486.00  0.03557  0.03489  0.06921  0.81268  -144.91316  -146.73310  4.99985   768
1487.00  0.03557  0.03489  0.06853  0.81268  -145.94923  -147.80122  4.99985   768
1488.00  0.03556  0.03489  0.06815  0.81268  -146.61146  -148.48023  4.99985   768
1489.00  0.03558  0.03489  0.06830  0.81268  -146.37647  -148.30171  4.99985   768
1490.00  0.03557  0.03489  0.06882  0.81268  -145.63490  -147.57997  4.99985   768
1491.00  0.03558  0.03489  0.06944  0.81268  -144.67817  -146.65070  4.99985   768
1492.00  0.03556  0.03489  0.07020  0.81268  -143.53224  -145.46205  4.99985   768
1493.00  0.03557  0.03489  0.07050  0.81268  -142.98597  -144.90052  4.99985   768
1494.00  0.03557  0.03489  0.07048  0.81268  -143.01801  -144.87611  4.99985   768
1495.00  0.03555  0.03489  0.07007  0.81268  -143.57496  -145.41169  4.99985   768
1496.00  0.03555  0.03489  0.06934  0.81268  -144.64002  -146.44319  4.99985   768
1497.00  0.03558  0.03489  0.06869  0.81268  -145.73255  -147.54792  4.99985   768
1498.00  0.03557  0.03489  0.06859  0.81268  -145.94160  -147.81800  4.99985   768
1499.00  0.03557  0.03489  0.06889  0.81268  -145.49146  -147.41670  4.99985   768
1500.00  0.03557  0.03489  0.06958  0.81268  -144.47370  -146.42487  4.99985   768
1501.00  0.03555  0.03489  0.07030  0.81268  -143.32166  -145.27284  4.99985   768
1502.00  0.03555  0.03489  0.07074  0.81268  -142.64570  -144.56788  4.99985   768
1503.00  0.03557  0.03489  0.07084  0.81268  -142.45191  -144.34968  4.99985   768
1504.00  0.03557  0.03489  0.07055  0.81268  -142.86237  -144.72962  4.99985   768
1505.00  0.03556  0.03489  0.06998  0.81268  -143.74586  -145.58106  4.99985   768
1506.00  0.03556  0.03489  0.06937  0.81268  -144.70106  -146.57746  4.99985   768
1507.00  0.03560  0.03489  0.06480  0.81268  -150.09352  -150.64851  4.99985   768
1508.00  0.03560  0.03489  0.04093  0.81268  -186.19581  -185.97108  4.99985   768
1509.00  0.03560  0.03489  0.03384  0.81268  -200.18202  -202.65962  4.99985   768
1510.00  0.03563  0.03489  0.03300  0.81268  -199.24360  -199.96034  4.99985   768
1511.00  0.03560  0.03489  0.02045  0.81268  -218.71535  -219.49769  4.99985   768
1512.00  0.03561  0.03489  0.02301  0.81268  -217.06587  -219.98445  4.99985   768
1513.00  0.03562  0.03489  0.01931  0.81268  -220.36024  -221.11055  4.99985   768
1514.00  0.03561  0.03489  0.01088  0.81268  -234.18471  -235.58198  4.99985   768
1515.00  0.03561  0.03489  0.01848  0.81268  -223.60579  -226.31837  4.99985   768
1516.00  0.03561  0.03489  0.01111  0.81268  -233.22645  -234.10493  4.99985   768
1517.00  0.03561  0.03489  0.00905  0.81268  -237.84682  -240.07875  4.99985   768
1518.00  0.03563  0.03489  0.01643  0.81268  -225.93886  -227.92818  4.99985   768
1519.00  0.03563  0.03489  0.00881  0.81268  -237.37074  -238.81532  4.99985   768
1520.00  0.03562  0.03489  0.01353  0.81268  -231.43355  -234.14613  4.99985   768
1521.00  0.03562  0.03489  0.01507  0.81268  -227.30452  -228.53700  4.99985   768
1522.00  0.03562  0.03489  0.01011  0.81268  -235.95930  -237.96236  4.99985   768
1523.00  0.03562  0.03489  0.01549  0.81268  -227.95454  -230.31770  4.99985   768
1524.00  0.03562  0.03489  0.01106  0.81268  -233.43397  -234.50777  4.99985   768
1525.00  0.03560  0.03489  0.01079  0.81268  -235.24062  -237.58241  4.99985   768
1526.00  0.03563  0.03489  0.01419  0.81268  -229.39192  -231.31410  4.99985   768
1527.00  0.03561  0.03489  0.00960  0.81268  -236.20192  -237.72890  4.99985   768
1528.00  0.03562  0.03489  0.01338  0.81268  -231.27028  -233.66701  4.99985   768
1529.00  0.03562  0.03489  0.01440  0.81268  -228.88533  -230.53438  4.99985   768
1530.00  0.03561  0.03489  0.01196  0.81268  -233.02199  -234.94112  4.99985   768
1531.00  0.03563  0.03489  0.01580  0.81268  -227.20686  -229.31673  4.99985   768
1532.00  0.03561  0.03489  0.01326  0.81268  -230.45393  -231.91835  4.99985   768
1533.00  0.03562  0.03489  0.01217  0.81268  -232.81905  -234.91823  4.99985   768
1534.00  0.03560  0.03489  0.01335  0.81268  -230.52107  -232.22963  4.99985   768
1535.00  0.03562  0.03489  0.00969  0.81268  -236.10426  -237.69685  4.99985   768
1536.00  0.03563  0.03489  0.01118  0.81268  -234.48683  -236.72029  4.99985   768
1537.00  0.03562  0.03489  0.01177  0.81268  -233.06929  -234.81752  4.99985   768
1538.00  0.03563  0.03489  0.01129  0.81268  -234.09621  -236.09010  4.99985   768
1539.00  0.03561  0.03489  0.01482  0.81268  -228.80293  -231.02418  4.99985   768
1540.00  0.03560  0.03489  0.01442  0.81268  -228.99977  -230.74342  4.99985   768
1541.00  0.03562  0.03489  0.01469  0.81268  -228.93111  -230.96925  4.99985   768
1542.00  0.03560  0.03489  0.01596  0.81268  -226.62245  -228.48817  4.99985   768
1543.00  0.03562  0.03489  0.01370  0.81268  -230.06026  -231.74898  4.99985   768
1544.00  0.03561  0.03489  0.01376  0.81268  -230.22047  -232.17775  4.99985   768
1545.00  0.03560  0.03489  0.01317  0.81268  -230.84608  -232.55464  4.99985   768
1546.00  0.03561  0.03489  0.01177  0.81268  -233.20051  -235.05403  4.99985   768
1547.00  0.03562  0.03489  0.01307  0.81268  -231.33894  -233.32674  4.99985   768
1548.00  0.03561  0.03489  0.01265  0.81268  -231.73872  -233.50221  4.99985   768
1549.00  0.03561  0.03489  0.01288  0.81268  -231.65175  -233.64259  4.99985   768
1550.00  0.03562  0.03489  0.01396  0.81268  -229.80086  -231.70625  4.99985   768
1551.00  0.03563  0.03489  0.01255  0.81268  -231.84706  -233.57088  4.99985   768
1552.00  0.03560  0.03489  0.01241  0.81268  -232.25142  -234.17207  4.99985   768
1553.00  0.03562  0.03489  0.01171  0.81268  -233.14864  -234.91518  4.99985   768
1554.00  0.03562  0.03489  0.01036  0.81268  -235.32759  -237.16737  4.99985   768
1555.00  0.03561  0.03489  0.01102  0.81268  -234.42580  -236.39070  4.99985   768
1556.00  0.03562  0.03489  0.01100  0.81268  -234.39223  -236.25185  4.99985   768
1557.00  0.03560  0.03489  0.01168  0.81268  -233.47060  -235.51027  4.99985   768
1558.00  0.03560  0.03489  0.01305  0.81268  -231.37862  -233.32674  4.99985   768
1559.00  0.03561  0.03489  0.01307  0.81268  -231.21077  -233.08870  4.99985   768
1560.00  0.03561  0.03489  0.01367  0.81268  -230.38069  -232.35322  4.99985   768
1561.00  0.03560  0.03489  0.01360  0.81268  -230.27846  -232.10145  4.99985   768
1562.00  0.03560  0.03489  0.01280  0.81268  -231.55409  -233.38319  4.99985   768
1563.00  0.03561  0.03489  0.01275  0.81268  -231.68837  -233.54494  4.99985   768
1564.00  0.03561  0.03489  0.01201  0.81268  -232.72291  -234.50624  4.99985   768
1565.00  0.03562  0.03489  0.01190  0.81268  -233.04335  -234.97774  4.99985   768
1566.00  0.03561  0.03489  0.01253  0.81268  -232.08968  -233.99812  4.99985   768
1567.00  0.03562  0.03489  0.01255  0.81268  -232.05153  -233.95235  4.99985   768
1568.00  0.03562  0.03489  0.01309  0.81268  -231.22755  -233.17262  4.99985   768
1569.00  0.03562  0.03489  0.01328  0.81268  -230.84303  -232.70875  4.99985   768
1570.00  0.03562  0.03489  0.01280  0.81268  -231.56935  -233.42134  4.99985   768
1571.00  0.03563  0.03489  0.01291  0.81268  -231.46254  -233.35115  4.99985   768
1572.00  0.03562  0.03489  0.01248  0.81268  -232.10036  -233.93404  4.99985   768
1573.00  0.03561  0.03489  0.01237  0.81268  -232.30330  -234.22395  4.99985   768
1574.00  0.03561  0.03489  0.01268  0.81268  -231.81349  -233.72957  4.99985   768
1575.00  0.03560  0.03489  0.01283  0.81268  -231.56630  -233.48695  4.99985   768
1576.00  0.03561  0.03489  0.01356  0.81268  -230.55006  -232.49818  4.99985   768
1577.00  0.03561  0.03489  0.01420  0.81268  -229.50789  -231.43312  4.99985   768
1578.00  0.03560  0.03489  0.01432  0.81268  -229.31258  -231.20882  4.99985   768
1579.00  0.03561  0.03489  0.01436  0.81268  -229.21644  -231.07606  4.99985   768
1580.00  0.03562  0.03489  0.01368  0.81268  -230.16249  -231.94124  4.99985   768
1581.00  0.03562  0.03489  0.01278  0.81268  -231.54799  -233.34657  4.99985   768
1582.00  0.03562  0.03489  0.01201  0.81268  -232.74428  -234.54439  4.99985   768
1583.00  0.03561  0.03489  0.01122  0.81268  -233.95430  -235.75746  4.99985   768
1584.00  0.03563  0.03489  0.01107  0.81268  -234.29304  -236.18166  4.99985   768
1585.00  0.03562  0.03489  0.01146  0.81268  -233.73457  -235.64607  4.99985   768
1586.00  0.03561  0.03489  0.01188  0.81268  -233.09828  -235.03725  4.99985   768
1587.00  0.03562  0.03489  0.01243  0.81268  -232.21785  -234.16749  4.99985   768
1588.00  0.03560  0.03489  0.01266  0.81268  -231.82417  -233.73109  4.99985   768
1589.00  0.03562  0.03489  0.01253  0.81268  -231.97066  -233.85622  4.99985   768
1590.00  0.03560  0.03489  0.01225  0.81268  -232.42537  -234.27278  4.99985   768
1591.00  0.03560  0.03489  0.01166  0.81268  -233.32564  -235.14101  4.99985   768
1592.00  0.03562  0.03489  0.01136  0.81268  -233.74831  -235.62624  4.99985   768
1593.00  0.03559  0.03489  0.01141  0.81268  -233.80781  -235.73457  4.99985   768
1594.00  0.03561  0.03489  0.01183  0.81268  -233.20662  -235.13643  4.99985   768
1595.00  0.03560  0.03489  0.01285  0.81268  -231.62428  -233.59376  4.99985   768
1596.00  0.03560  0.03489  0.01361  0.81268  -230.43867  -232.37459  4.99985   768
1597.00  0.03561  0.03489  0.01407  0.81268  -229.66505  -231.58571  4.99985   768
1598.00  0.03561  0.03489  0.01414  0.81268  -229.56740  -231.40565  4.99985   768
1599.00  0.03562  0.03489  0.01355  0.81268  -230.37001  -232.16554  4.99985   768
1600.00  0.03562  0.03489  0.01277  0.81268  -231.60292  -233.41371  4.99985   768
1601.00  0.03560  0.03489  0.01197  0.81268  -232.83736  -234.64357  4.99985   768
1602.00  0.03561  0.03489  0.01135  0.81268  -233.76509  -235.59419  4.99985   768
1603.00  0.03561  0.03489  0.01140  0.81268  -233.82765  -235.73915  4.99985   768
1604.00  0.03561  0.03489  0.01192  0.81268  -233.03419  -235.00368  4.99985   768
1605.00  0.03560  0.03489  0.01284  0.81268  -231.67006  -233.66853  4.99985   768
1606.00  0.03561  0.03489  0.01367  0.81268  -230.35475  -232.30745  4.99985   768
1607.00  0.03560  0.03489  0.01408  0.81268  -229.69099  -231.60249  4.99985   768
1608.00  0.03559  0.03489  0.01411  0.81268  -229.62691  -231.49721  4.99985   768
1609.00  0.03562  0.03489  0.01361  0.81268  -230.32271  -232.14113  4.99985   768
1610.00  0.03560  0.03489  0.01279  0.81268  -231.55257  -233.36183  4.99985   768
1611.00  0.03560  0.03489  0.01227  0.81268  -232.41011  -234.24531  4.99985   768
1612.00  0.03562  0.03489  0.01198  0.81268  -232.84956  -234.72291  4.99985   768
1613.00  0.03561  0.03489  0.01214  0.81268  -232.66035  -234.54439  4.99985   768
1614.00  0.03559  0.03489  0.01267  0.81268  -231.83180  -233.76161  4.99985   768
1615.00  0.03561  0.03489  0.01306  0.81268  -231.23061  -233.14363  4.99985   768
1616.00  0.03561  0.03489  0.01340  0.81268  -230.72554  -232.60957  4.99985   768
1617.00  0.03560  0.03489  0.01335  0.81268  -230.77132  -232.64925  4.99985   768
1618.00  0.03562  0.03489  0.01289  0.81268  -231.42744  -233.24434  4.99985   768
1619.00  0.03561  0.03489  0.01211  0.81268  -232.61153  -234.43605  4.99985   768
1620.00  0.03561  0.03489  0.01128  0.81268  -233.88563  -235.70406  4.99985   768
1621.00  0.03561  0.03489  0.01093  0.81268  -234.49141  -236.35866  4.99985   768
1622.00  0.03560  0.03489  0.01112  0.81268  -234.24422  -236.17860  4.99985   768
1623.00  0.03560  0.03489  0.01170  0.81268  -233.40346  -235.36531  4.99985   768
1624.00  0.03561  0.03489  0.01249  0.81268  -232.17665  -234.14155  4.99985   768
1625.00  0.03561  0.03489  0.01318  0.81268  -231.14210  -233.08717  4.99985   768
1626.00  0.03562  0.03489  0.01371  0.81268  -230.27693  -232.19759  4.99985   768
1627.00  0.03560  0.03489  0.01375  0.81268  -230.11671  -231.97023  4.99985   768
1628.00  0.03560  0.03489  0.01344  0.81268  -230.61262  -232.45241  4.99985   768
1629.00  0.03561  0.03489  0.01284  0.81268  -231.47780  -233.27943  4.99985   768
1630.00  0.03560  0.03489  0.01243  0.81268  -232.15987  -234.01033  4.99985   768
1631.00  0.03560  0.03489  0.01223  0.81268  -232.48640  -234.35518  4.99985   768
1632.00  0.03561  0.03489  0.01246  0.81268  -232.16444  -234.08815  4.99985   768
1633.00  0.03559  0.03489  0.01291  0.81268  -231.46559  -233.37556  4.99985   768
1634.00  0.03560  0.03489  0.01331  0.81268  -230.88423  -232.80336  4.99985   768
1635.00  0.03560  0.03489  0.01356  0.81268  -230.48903  -232.38374  4.99985   768
1636.00  0.03560  0.03489  0.01344  0.81268  -230.59889  -232.47682  4.99985   768
1637.00  0.03561  0.03489  0.01298  0.81268  -231.32368  -233.16194  4.99985   768
1638.00  0.03560  0.03489  0.01243  0.81268  -232.14003  -233.98439  4.99985   768
1639.00  0.03562  0.03489  0.01188  0.81268  -232.97774  -234.83125  4.99985   768
1640.00  0.03561  0.03489  0.01170  0.81268  -233.33327  -235.22493  4.99985   768
1641.00  0.03561  0.03489  0.01197  0.81268  -232.89992  -234.81752  4.99985   768
1642.00  0.03561  0.03489  0.01252  0.81268  -232.15529  -234.10036  4.99985   768
1643.00  0.03561  0.03489  0.01317  0.81268  -231.12532  -233.07649  4.99985   768
1644.00  0.03562  0.03489  0.01380  0.81268  -230.07399  -232.00227  4.99985   768
1645.00  0.03561  0.03489  0.01397  0.81268  -229.78102  -231.66353  4.99985   768
1646.00  0.03561  0.03489  0.01370  0.81268  -230.19606  -232.02669  4.99985   768
1647.00  0.03561  0.03489  0.01313  0.81268  -231.03529  -232.83998  4.99985   768
1648.00  0.03561  0.03489  0.01247  0.81268  -232.01491  -233.83028  4.99985   768
1649.00  0.03562  0.03489  0.01203  0.81268  -232.76411  -234.61458  4.99985   768
1650.00  0.03561  0.03489  0.01182  0.81268  -233.12270  -234.98537  4.99985   768
1651.00  0.03561  0.03489  0.01207  0.81268  -232.75954  -234.67714  4.99985   768
1652.00  0.03562  0.03489  0.01257  0.81268  -232.01491  -233.94777  4.99985   768
1653.00  0.03560  0.03489  0.01304  0.81268  -231.30690  -233.22450  4.99985   768
1654.00  0.03562  0.03489  0.01336  0.81268  -230.78352  -232.70265  4.99985   768
1655.00  0.03562  0.03489  0.01319  0.81268  -230.99104  -232.87050  4.99985   768
1656.00  0.03561  0.03489  0.01289  0.81268  -231.47017  -233.33589  4.99985   768
1657.00  0.03562  0.03489  0.01240  0.81268  -232.18581  -234.05000  4.99985   768
1658.00  0.03561  0.03489  0.01189  0.81268  -232.98842  -234.82667  4.99985   768
1659.00  0.03560  0.03489  0.01185  0.81268  -233.09523  -234.98689  4.99985   768
1660.00  0.03560  0.03489  0.01216  0.81268  -232.65730  -234.59169  4.99985   768
1661.00  0.03562  0.03489  0.01271  0.81268  -231.76466  -233.69752  4.99985   768
1662.00  0.03560  0.03489  0.01349  0.81268  -230.65077  -232.59431  4.99985   768
1663.00  0.03561  0.03489  0.01400  0.81268  -229.81001  -231.72151  4.99985   768
1664.00  0.03561  0.03489  0.01428  0.81268  -229.32326  -231.19508  4.99985   768
1665.00  0.03562  0.03489  0.01393  0.81268  -229.81764  -231.65895  4.99985   768
1666.00  0.03561  0.03489  0.01326  0.81268  -230.84914  -232.64925  4.99985   768
1667.00  0.03561  0.03489  0.01238  0.81268  -232.18886  -233.98286  4.99985   768
1668.00  0.03561  0.03489  0.01176  0.81268  -233.20357  -235.07082  4.99985   768
1669.00  0.03561  0.03489  0.01164  0.81268  -233.44618  -235.33632  4.99985   768
1670.00  0.03560  0.03489  0.01198  0.81268  -232.93806  -234.87703  4.99985   768
1671.00  0.03560  0.03489  0.01256  0.81268  -232.05916  -234.02559  4.99985   768
1672.00  0.03562  0.03489  0.01317  0.81268  -231.10243  -233.05208  4.99985   768
1673.00  0.03560  0.03489  0.01357  0.81268  -230.43562  -232.35322  4.99985   768
1674.00  0.03560  0.03489  0.01352  0.81268  -230.48598  -232.34560  4.99985   768
1675.00  0.03561  0.03489  0.01329  0.81268  -230.87508  -232.71944  4.99985   768
1676.00  0.03560  0.03489  0.01265  0.81268  -231.78297  -233.60597  4.99985   768
1677.00  0.03561  0.03489  0.01197  0.81268  -232.86177  -234.71071  4.99985   768
1678.00  0.03560  0.03489  0.01180  0.81268  -233.14101  -235.00673  4.99985   768
1679.00  0.03561  0.03489  0.01204  0.81268  -232.82667  -234.74123  4.99985   768
1680.00  0.03560  0.03489  0.01266  0.81268  -231.88826  -233.81502  4.99985   768
1681.00  0.03560  0.03489  0.01336  0.81268  -230.83235  -232.79268  4.99985   768
1682.00  0.03560  0.03489  0.01387  0.81268  -230.00380  -231.91682  4.99985   768
1683.00  0.03560  0.03489  0.01391  0.81268  -229.88631  -231.73830  4.99985   768
1684.00  0.03559  0.03489  0.01347  0.81268  -230.52717  -232.36085  4.99985   768
1685.00  0.03560  0.03489  0.01278  0.81268  -231.56935  -233.36946  4.99985   768
1686.00  0.03560  0.03489  0.01205  0.81268  -232.72444  -234.55049  4.99985   768
1687.00  0.03561  0.03489  0.01151  0.81268  -233.53621  -235.39735  4.99985   768
1688.00  0.03561  0.03489  0.01134  0.81268  -233.86732  -235.77119  4.99985   768
1689.00  0.03560  0.03489  0.01169  0.81268  -233.41566  -235.35310  4.99985   768
1690.00  0.03560  0.03489  0.01244  0.81268  -232.24226  -234.23158  4.99985   768
1691.00  0.03560  0.03489  0.01316  0.81268  -231.11006  -233.04140  4.99985   768
1692.00  0.03557  0.03489  0.01359  0.81268  -230.40053  -232.31203  4.99985   768
1693.00  0.03561  0.03489  0.01364  0.81268  -230.32576  -232.20979  4.99985   768
1694.00  0.03560  0.03489  0.01323  0.81268  -230.88576  -232.71333  4.99985   768
1695.00  0.03560  0.03489  0.01263  0.81268  -231.79518  -233.59987  4.99985   768
1696.00  0.03560  0.03489  0.01215  0.81268  -232.56728  -234.40401  4.99985   768
1697.00  0.03562  0.03489  0.01191  0.81268  -232.98384  -234.84804  4.99985   768
1698.00  0.03562  0.03489  0.01216  0.81268  -232.62984  -234.53218  4.99985   768
1699.00  0.03562  0.03489  0.01268  0.81268  -231.86232  -233.80128  4.99985   768
1700.00  0.03560  0.03489  0.01337  0.81268  -230.78200  -232.72401  4.99985   768
1701.00  0.03560  0.03489  0.01374  0.81268  -230.22963  -232.16707  4.99985   768
1702.00  0.03560  0.03489  0.01376  0.81268  -230.15333  -232.01295  4.99985   768
1703.00  0.03561  0.03489  0.01336  0.81268  -230.69197  -232.54549  4.99985   768
1704.00  0.03560  0.03489  0.01272  0.81268  -231.65938  -233.47322  4.99985   768
1705.00  0.03560  0.03489  0.01194  0.81268  -232.86940  -234.69697  4.99985   768
1706.00  0.03560  0.03489  0.01152  0.81268  -233.55299  -235.40803  4.99985   768
1707.00  0.03560  0.03489  0.01151  0.81268  -233.67506  -235.58809  4.99985   768
1708.00  0.03561  0.03489  0.01198  0.81268  -232.92586  -234.88771  4.99985   768
1709.00  0.03561  0.03489  0.01275  0.81268  -231.79213  -233.75246  4.99985   768
1710.00  0.03559  0.03489  0.01343  0.81268  -230.61568  -232.58058  4.99985   768
1711.00  0.03560  0.03489  0.01384  0.81268  -230.04195  -231.92293  4.99985   768
1712.00  0.03560  0.03489  0.01374  0.81268  -230.12892  -231.98549  4.99985   768
1713.00  0.03560  0.03489  0.01335  0.81268  -230.70570  -232.52412  4.99985   768
1714.00  0.03561  0.03489  0.01264  0.81268  -231.79060  -233.60139  4.99985   768
1715.00  0.03561  0.03489  0.01202  0.81268  -232.76411  -234.59474  4.99985   768
1716.00  0.03560  0.03489  0.01169  0.81268  -233.34090  -235.21425  4.99985   768
1717.00  0.03559  0.03489  0.01193  0.81268  -232.99910  -234.90602  4.99985   768
1718.00  0.03559  0.03489  0.01233  0.81268  -232.38722  -234.31703  4.99985   768
1719.00  0.03561  0.03489  0.01293  0.81268  -231.43660  -233.38167  4.99985   768
1720.00  0.03562  0.03489  0.01340  0.81268  -230.76063  -232.69197  4.99985   768
1721.00  0.03561  0.03489  0.01342  0.81268  -230.64009  -232.50429  4.99985   768
1722.00  0.03561  0.03489  0.01303  0.81268  -231.20772  -233.03987  4.99985   768
1723.00  0.03560  0.03489  0.01245  0.81268  -232.12477  -233.97829  4.99985   768
1724.00  0.03560  0.03489  0.01188  0.81268  -233.00520  -234.85414  4.99985   768
1725.00  0.03558  0.03489  0.01137  0.81268  -233.78035  -235.61708  4.99985   768
1726.00  0.03560  0.03489  0.01136  0.81268  -233.85817  -235.77119  4.99985   768
1727.00  0.03561  0.03489  0.01193  0.81268  -233.02656  -234.97621  4.99985   768
1728.00  0.03561  0.03489  0.01282  0.81268  -231.68684  -233.62581  4.99985   768
1729.00  0.03561  0.03489  0.01345  0.81268  -230.69197  -232.62331  4.99985   768
1730.00  0.03562  0.03489  0.01396  0.81268  -229.87410  -231.76576  4.99985   768
1731.00  0.03560  0.03489  0.01385  0.81268  -229.97633  -231.81612  4.99985   768
1732.00  0.03562  0.03489  0.01339  0.81268  -230.68129  -232.52260  4.99985   768
1733.00  0.03561  0.03489  0.01274  0.81268  -231.59071  -233.40608  4.99985   768
1734.00  0.03560  0.03489  0.01211  0.81268  -232.67409  -234.52150  4.99985   768
1735.00  0.03561  0.03489  0.01177  0.81268  -233.18068  -235.03725  4.99985   768
1736.00  0.03560  0.03489  0.01191  0.81268  -233.05098  -234.94722  4.99985   768
1737.00  0.03561  0.03489  0.01242  0.81268  -232.28499  -234.25905  4.99985   768
1738.00  0.03560  0.03489  0.01307  0.81268  -231.24281  -233.18483  4.99985   768
1739.00  0.03560  0.03489  0.01351  0.81268  -230.58516  -232.51802  4.99985   768
1740.00  0.03562  0.03489  0.01359  0.81268  -230.39900  -232.28456  4.99985   768
1741.00  0.03560  0.03489  0.01326  0.81268  -230.87813  -232.71486  4.99985   768
1742.00  0.03559  0.03489  0.01274  0.81268  -231.65633  -233.48238  4.99985   768
1743.00  0.03559  0.03489  0.01221  0.81268  -232.43910  -234.28346  4.99985   768
1744.00  0.03560  0.03489  0.01175  0.81268  -233.20967  -235.03725  4.99985   768
1745.00  0.03559  0.03489  0.01185  0.81268  -233.11201  -235.01131  4.99985   768
1746.00  0.03561  0.03489  0.01233  0.81268  -232.41164  -234.34145  4.99985   768
1747.00  0.03560  0.03489  0.01295  0.81268  -231.41829  -233.34199  4.99985   768
1748.00  0.03561  0.03489  0.01348  0.81268  -230.61262  -232.53786  4.99985   768
1749.00  0.03561  0.03489  0.01381  0.81268  -230.06331  -231.94734  4.99985   768
1750.00  0.03560  0.03489  0.01363  0.81268  -230.30745  -232.17927  4.99985   768
1751.00  0.03560  0.03489  0.01315  0.81268  -230.96510  -232.78200  4.99985   768
1752.00  0.03561  0.03489  0.01240  0.81268  -232.15681  -233.96608  4.99985   768
1753.00  0.03560  0.03489  0.01174  0.81268  -233.18068  -235.03725  4.99985   768
1754.00  0.03560  0.03489  0.01139  0.81268  -233.78035  -235.64912  4.99985   768
1755.00  0.03561  0.03489  0.01158  0.81268  -233.53621  -235.45381  4.99985   768
1756.00  0.03560  0.03489  0.01214  0.81268  -232.68935  -234.65883  4.99985   768
1757.00  0.03559  0.03489  0.01276  0.81268  -231.78450  -233.72652  4.99985   768
1758.00  0.03561  0.03489  0.01321  0.81268  -231.00325  -232.93458  4.99985   768
1759.00  0.03560  0.03489  0.01326  0.81268  -230.89339  -232.75148  4.99985   768
1760.00  0.03560  0.03489  0.01306  0.81268  -231.20161  -233.07649  4.99985   768
1761.00  0.03560  0.03489  0.01251  0.81268  -232.00270  -233.81044  4.99985   768
1762.00  0.03560  0.03489  0.01202  0.81268  -232.77174  -234.60084  4.99985   768
1763.00  0.03561  0.03489  0.01177  0.81268  -233.18526  -235.05250  4.99985   768
1764.00  0.03561  0.03489  0.01190  0.81268  -233.06013  -234.94112  4.99985   768
1765.00  0.03561  0.03489  0.01241  0.81268  -232.27888  -234.21632  4.99985   768
1766.00  0.03562  0.03489  0.01324  0.81268  -231.03377  -232.97273  4.99985   768
1767.00  0.03560  0.03489  0.01377  0.81268  -230.12739  -232.04805  4.99985   768
1768.00  0.03560  0.03489  0.01392  0.81268  -229.88020  -231.77797  4.99985   768
1769.00  0.03561  0.03489  0.01375  0.81268  -230.15639  -232.00532  4.99985   768
1770.00  0.03560  0.03489  0.01313  0.81268  -231.07954  -232.89796  4.99985   768
1771.00  0.03561  0.03489  0.01246  0.81268  -232.09120  -233.92488  4.99985   768
1772.00  0.03560  0.03489  0.01192  0.81268  -232.91060  -234.76106  4.99985   768
1773.00  0.03560  0.03489  0.01173  0.81268  -233.29512  -235.17915  4.99985   768
1774.00  0.03560  0.03489  0.01204  0.81268  -232.85261  -234.79616  4.99985   768
1775.00  0.03560  0.03489  0.01269  0.81268  -231.88978  -233.85622  4.99985   768
1776.00  0.03557  0.03489  0.01331  0.81268  -230.84761  -232.78657  4.99985   768
1777.00  0.03560  0.03489  0.01368  0.81268  -230.27998  -232.17470  4.99985   768
1778.00  0.03559  0.03489  0.01371  0.81268  -230.19148  -232.04347  4.99985   768
1779.00  0.03560  0.03489  0.01329  0.81268  -230.81099  -232.63399  4.99985   768
1780.00  0.03562  0.03489  0.01270  0.81268  -231.69905  -233.50526  4.99985   768
1781.00  0.03559  0.03489  0.01209  0.81268  -232.63136  -234.44520  4.99985   768
1782.00  0.03561  0.03489  0.01170  0.81268  -233.27681  -235.14558  4.99985   768
1783.00  0.03561  0.03489  0.01173  0.81268  -233.30885  -235.22645  4.99985   768
1784.00  0.03561  0.03489  0.01224  0.81268  -232.48335  -234.41621  4.99985   768
1785.00  0.03559  0.03489  0.01287  0.81268  -231.59071  -233.52663  4.99985   768
1786.00  0.03560  0.03489  0.01333  0.81268  -230.85371  -232.79573  4.99985   768
1787.00  0.03561  0.03489  0.01354  0.81268  -230.45698  -232.34865  4.99985   768
1788.00  0.03560  0.03489  0.01317  0.81268  -231.00172  -232.84761  4.99985   768
1789.00  0.03560  0.03489  0.01264  0.81268  -231.82417  -233.66090  4.99985   768
1790.00  0.03560  0.03489  0.01185  0.81268  -233.03114  -234.85719  4.99985   768
1791.00  0.03560  0.03489  0.01137  0.81268  -233.77577  -235.63692  4.99985   768
1792.00  0.03561  0.03489  0.01129  0.81268  -233.95430  -235.85817  4.99985   768
1793.00  0.03558  0.03489  0.01179  0.81268  -233.20814  -235.15626  4.99985   768
1794.00  0.03561  0.03489  0.01259  0.81268  -231.97981  -233.94014  4.99985   768
1795.00  0.03560  0.03489  0.01322  0.81268  -231.01851  -232.95137  4.99985   768
1796.00  0.03560  0.03489  0.01375  0.81268  -230.21132  -232.11366  4.99985   768
1797.00  0.03562  0.03489  0.01383  0.81268  -230.00838  -231.86189  4.99985   768
1798.00  0.03561  0.03489  0.01355  0.81268  -230.41273  -232.23726  4.99985   768
1799.00  0.03561  0.03489  0.01298  0.81268  -231.28401  -233.09785  4.99985   768
1800.00  0.03560  0.03489  0.01238  0.81268  -232.19496  -234.03169  4.99985   768
1801.00  0.03559  0.03489  0.01207  0.81268  -232.68477  -234.53523  4.99985   768
1802.00  0.03560  0.03489  0.01211  0.81268  -232.74580  -234.66951  4.99985   768
1803.00  0.03560  0.03489  0.01267  0.81268  -231.87910  -233.84096  4.99985   768
1804.00  0.03560  0.03489  0.01334  0.81268  -230.85829  -232.80946  4.99985   768
1805.00  0.03559  0.03489  0.01379  0.81268  -230.15486  -232.08162  4.99985   768
1806.00  0.03560  0.03489  0.01388  0.81268  -229.92598  -231.81306  4.99985   768
1807.00  0.03559  0.03489  0.01356  0.81268  -230.38679  -232.24794  4.99985   768
1808.00  0.03559  0.03489  0.01296  0.81268  -231.28706  -233.11464  4.99985   768
1809.00  0.03560  0.03489  0.01230  0.81268  -232.34450  -234.16139  4.99985   768
1810.00  0.03560  0.03489  0.01171  0.81268  -233.23714  -235.08913  4.99985   768
1811.00  0.03560  0.03489  0.01151  0.81268  -233.59267  -235.47060  4.99985   768
1812.00  0.03559  0.03489  0.01192  0.81268  -233.04335  -234.97163  4.99985   768
1813.00  0.03561  0.03489  0.01260  0.81268  -231.97829  -233.90352  4.99985   768
1814.00  0.03560  0.03489  0.01328  0.81268  -230.94374  -232.87965  4.99985   768
1815.00  0.03559  0.03489  0.01363  0.81268  -230.35780  -232.26167  4.99985   768
1816.00  0.03561  0.03489  0.01354  0.81268  -230.41884  -232.27998  4.99985   768
1817.00  0.03561  0.03489  0.01311  0.81268  -231.08565  -232.91933  4.99985   768
1818.00  0.03560  0.03489  0.01237  0.81268  -232.16444  -233.97829  4.99985   768
1819.00  0.03559  0.03489  0.01173  0.81268  -233.21883  -235.05861  4.99985   768
1820.00  0.03560  0.03489  0.01134  0.81268  -233.84138  -235.71016  4.99985   768
1821.00  0.03560  0.03489  0.01144  0.81268  -233.74525  -235.67812  4.99985   768
1822.00  0.03559  0.03489  0.01194  0.81268  -232.99147  -234.92738  4.99985   768
1823.00  0.03560  0.03489  0.01270  0.81268  -231.86232  -233.84859  4.99985   768
1824.00  0.03559  0.03489  0.01329  0.81268  -230.94069  -232.87355  4.99985   768
1825.00  0.03561  0.03489  0.01357  0.81268  -230.49666  -232.40358  4.99985   768
1826.00  0.03560  0.03489  0.01339  0.81268  -230.61568  -232.47835  4.99985   768
1827.00  0.03560  0.03489  0.01286  0.81268  -231.48238  -233.30842  4.99985   768
1828.00  0.03562  0.03489  0.01223  0.81268  -232.42079  -234.24531  4.99985   768
1829.00  0.03560  0.03489  0.01180  0.81268  -233.12117  -234.94874  4.99985   768
1830.00  0.03561  0.03489  0.01178  0.81268  -233.17763  -235.08150  4.99985   768
1831.00  0.03558  0.03489  0.01212  0.81268  -232.70308  -234.61916  4.99985   768
1832.00  0.03560  0.03489  0.01289  0.81268  -231.53578  -233.47780  4.99985   768
1833.00  0.03560  0.03489  0.01357  0.81268  -230.53328  -232.47987  4.99985   768
1834.00  0.03561  0.03489  0.01408  0.81268  -229.63759  -231.55672  4.99985   768
1835.00  0.03559  0.03489  0.01402  0.81268  -229.73524  -231.58723  4.99985   768
1836.00  0.03560  0.03489  0.01357  0.81268  -230.39748  -232.24641  4.99985   768
1837.00  0.03561  0.03489  0.01281  0.81268  -231.52815  -233.32674  4.99985   768
1838.00  0.03560  0.03489  0.01214  0.81268  -232.57490  -234.41011  4.99985   768
1839.00  0.03560  0.03489  0.01167  0.81268  -233.35463  -235.23866  4.99985   768
1840.00  0.03560  0.03489  0.01176  0.81268  -233.20967  -235.13643  4.99985   768
1841.00  0.03559  0.03489  0.01222  0.81268  -232.61916  -234.54439  4.99985   768
1842.00  0.03561  0.03489  0.01291  0.81268  -231.50069  -233.45033  4.99985   768
1843.00  0.03561  0.03489  0.01329  0.81268  -230.89796  -232.83388  4.99985   768
1844.00  0.03560  0.03489  0.01352  0.81268  -230.55617  -232.43257  4.99985   768
1845.00  0.03559  0.03489  0.01328  0.81268  -230.83388  -232.65993  4.99985   768
1846.00  0.03560  0.03489  0.01269  0.81268  -231.71736  -233.52357  4.99985   768
1847.00  0.03561  0.03489  0.01208  0.81268  -232.67256  -234.48793  4.99985   768
1848.00  0.03559  0.03489  0.01145  0.81268  -233.64607  -235.47670  4.99985   768
1849.00  0.03561  0.03489  0.01145  0.81268  -233.67506  -235.55604  4.99985   768
1850.00  0.03559  0.03489  0.01170  0.81268  -233.33479  -235.26155  4.99985   768
1851.00  0.03560  0.03489  0.01244  0.81268  -232.25294  -234.22548  4.99985   768
1852.00  0.03559  0.03489  0.01311  0.81268  -231.20009  -233.14210  4.99985   768
1853.00  0.03560  0.03489  0.01343  0.81268  -230.65535  -232.54396  4.99985   768
1854.00  0.03560  0.03489  0.01343  0.81268  -230.65840  -232.53786  4.99985   768
1855.00  0.03559  0.03489  0.01308  0.81268  -231.13142  -232.97121  4.99985   768
1856.00  0.03560  0.03489  0.01244  0.81268  -232.14766  -234.00117  4.99985   768
1857.00  0.03560  0.03489  0.01184  0.81268  -233.03572  -234.85719  4.99985   768
1858.00  0.03559  0.03489  0.01162  0.81268  -233.42024  -235.33021  4.99985   768
1859.00  0.03559  0.03489  0.01176  0.81268  -233.23256  -235.13185  4.99985   768
1860.00  0.03559  0.03489  0.01239  0.81268  -232.33534  -234.27736  4.99985   768
1861.00  0.03559  0.03489  0.01312  0.81268  -231.19551  -233.14821  4.99985   768
1862.00  0.03560  0.03489  0.01378  0.81268  -230.16402  -232.09383  4.99985   768
1863.00  0.03558  0.03489  0.01397  0.81268  -229.81459  -231.68642  4.99985   768
1864.00  0.03559  0.03489  0.01375  0.81268  -230.09077  -231.91988  4.99985   768
1865.00  0.03560  0.03489  0.01320  0.81268  -230.93764  -232.75758  4.99985   768
1866.00  0.03560  0.03489  0.01265  0.81268  -231.77992  -233.60292  4.99985   768
1867.00  0.03560  0.03489  0.01218  0.81268  -232.55812  -234.39943  4.99985   768
1868.00  0.03561  0.03489  0.01209  0.81268  -232.70308  -234.59322  4.99985   768
1869.00  0.03561  0.03489  0.01241  0.81268  -232.29414  -234.22243  4.99985   768
1870.00  0.03560  0.03489  0.01304  0.81268  -231.34962  -233.30080  4.99985   768
1871.00  0.03560  0.03489  0.01360  0.81268  -230.43715  -232.37764  4.99985   768
1872.00  0.03560  0.03489  0.01387  0.81268  -229.95802  -231.86800  4.99985   768
1873.00  0.03558  0.03489  0.01369  0.81268  -230.23115  -232.08925  4.99985   768
1874.00  0.03560  0.03489  0.01320  0.81268  -230.92696  -232.77742  4.99985   768
1875.00  0.03560  0.03489  0.01244  0.81268  -232.16139  -233.95387  4.99985   768
1876.00  0.03560  0.03489  0.01179  0.81268  -233.10286  -234.94264  4.99985   768
1877.00  0.03560  0.03489  0.01148  0.81268  -233.63997  -235.51637  4.99985   768
1878.00  0.03560  0.03489  0.01160  0.81268  -233.49348  -235.38820  4.99985   768
1879.00  0.03560  0.03489  0.01217  0.81268  -232.66341  -234.59474  4.99985   768
1880.00  0.03561  0.03489  0.01285  0.81268  -231.61207  -233.55562  4.99985   768
1881.00  0.03558  0.03489  0.01340  0.81268  -230.70875  -232.62178  4.99985   768
1882.00  0.03560  0.03489  0.01340  0.81268  -230.68129  -232.51649  4.99985   768
1883.00  0.03560  0.03489  0.01322  0.81268  -230.95900  -232.81099  4.99985   768
1884.00  0.03562  0.03489  0.01273  0.81268  -231.67921  -233.51594  4.99985   768
1885.00  0.03559  0.03489  0.01206  0.81268  -232.71071  -234.53065  4.99985   768
1886.00  0.03560  0.03489  0.01159  0.81268  -233.47975  -235.34547  4.99985   768
1887.00  0.03561  0.03489  0.01163  0.81268  -233.45076  -235.36836  4.99985   768
1888.00  0.03560  0.03489  0.01209  0.81268  -232.79768  -234.75038  4.99985   768
1889.00  0.03560  0.03489  0.01276  0.81268  -231.72957  -233.69752  4.99985   768
1890.00  0.03561  0.03489  0.01341  0.81268  -230.70418  -232.65535  4.99985   768
1891.00  0.03558  0.03489  0.01370  0.81268  -230.26015  -232.17165  4.99985   768
1892.00  0.03560  0.03489  0.01370  0.81268  -230.22353  -232.08620  4.99985   768
1893.00  0.03558  0.03489  0.01326  0.81268  -230.87202  -232.71028  4.99985   768
1894.00  0.03560  0.03489  0.01266  0.81268  -231.75551  -233.56935  4.99985   768
1895.00  0.03560  0.03489  0.01206  0.81268  -232.66951  -234.50014  4.99985   768
1896.00  0.03560  0.03489  0.01185  0.81268  -233.10591  -234.96248  4.99985   768
1897.00  0.03560  0.03489  0.01212  0.81268  -232.68629  -234.59627  4.99985   768
1898.00  0.03558  0.03489  0.01276  0.81268  -231.76009  -233.68684  4.99985   768
1899.00  0.03560  0.03489  0.01338  0.81268  -230.76063  -232.69044  4.99985   768
1900.00  0.03560  0.03489  0.01387  0.81268  -230.03584  -231.93819  4.99985   768
1901.00  0.03559  0.03489  0.01399  0.81268  -229.79475  -231.68336  4.99985   768
1902.00  0.03560  0.03489  0.01372  0.81268  -230.12739  -231.96565  4.99985   768
1903.00  0.03560  0.03489  0.01310  0.81268  -231.07649  -232.87965  4.99985   768
1904.00  0.03560  0.03489  0.01228  0.81268  -232.34602  -234.17055  4.99985   768
1905.00  0.03560  0.03489  0.01166  0.81268  -233.32716  -235.17610  4.99985   768
1906.00  0.03560  0.03489  0.01170  0.81268  -233.35310  -235.27986  4.99985   768
1907.00  0.03560  0.03489  0.01211  0.81268  -232.74275  -234.68324  4.99985   768
1908.00  0.03560  0.03489  0.01270  0.81268  -231.81197  -233.76009  4.99985   768
1909.00  0.03560  0.03489  0.01309  0.81268  -231.21992  -233.13753  4.99985   768
1910.00  0.03558  0.03489  0.01336  0.81268  -230.79420  -232.70265  4.99985   768
1911.00  0.03561  0.03489  0.01331  0.81268  -230.78505  -232.65840  4.99985   768
1912.00  0.03560  0.03489  0.01285  0.81268  -231.45796  -233.29011  4.99985   768
1913.00  0.03561  0.03489  0.01220  0.81268  -232.48030  -234.28499  4.99985   768
1914.00  0.03560  0.03489  0.01157  0.81268  -233.42482  -235.24019  4.99985   768
1915.00  0.03559  0.03489  0.01135  0.81268  -233.82460  -235.69948  4.99985   768
1916.00  0.03559  0.03489  0.01170  0.81268  -233.31038  -235.24477  4.99985   768
1917.00  0.03560  0.03489  0.01230  0.81268  -232.46809  -234.39790  4.99985   768
1918.00  0.03562  0.03489  0.01298  0.81268  -231.45644  -233.41218  4.99985   768
1919.00  0.03559  0.03489  0.01338  0.81268  -230.77132  -232.68892  4.99985   768
1920.00  0.03561  0.03489  0.01346  0.81268  -230.60652  -232.49666  4.99985   768
1921.00  0.03560  0.03489  0.01327  0.81268  -230.87202  -232.73927  4.99985   768
1922.00  0.03560  0.03489  0.01269  0.81268  -231.73415  -233.56782  4.99985   768
1923.00  0.03560  0.03489  0.01212  0.81268  -232.59932  -234.43452  4.99985   768
1924.00  0.03561  0.03489  0.01168  0.81268  -233.33632  -235.22645  4.99985   768
1925.00  0.03558  0.03489  0.01167  0.81268  -233.34853  -235.24629  4.99985   768
1926.00  0.03560  0.03489  0.01223  0.81268  -232.57338  -234.52913  4.99985   768
1927.00  0.03560  0.03489  0.01291  0.81268  -231.48390  -233.41829  4.99985   768
1928.00  0.03560  0.03489  0.01334  0.81268  -230.81404  -232.72401  4.99985   768
1929.00  0.03559  0.03489  0.01359  0.81268  -230.41426  -232.28761  4.99985   768
1930.00  0.03560  0.03489  0.01349  0.81268  -230.52717  -232.39137  4.99985   768
1931.00  0.03559  0.03489  0.01306  0.81268  -231.15736  -232.97578  4.99985   768
1932.00  0.03561  0.03489  0.01242  0.81268  -232.12019  -233.92335  4.99985   768
1933.00  0.03559  0.03489  0.01186  0.81268  -233.02656  -234.86482  4.99985   768
1934.00  0.03560  0.03489  0.01164  0.81268  -233.41872  -235.30275  4.99985   768
1935.00  0.03560  0.03489  0.01191  0.81268  -233.04488  -234.97926  4.99985   768
1936.00  0.03559  0.03489  0.01254  0.81268  -232.10188  -234.05611  4.99985   768
1937.00  0.03560  0.03489  0.01326  0.81268  -230.95900  -232.91627  4.99985   768
1938.00  0.03559  0.03489  0.01350  0.81268  -230.57753  -232.49513  4.99985   768
1939.00  0.03559  0.03489  0.01345  0.81268  -230.58974  -232.47224  4.99985   768
1940.00  0.03560  0.03489  0.01301  0.81268  -231.23366  -233.08107  4.99985   768
1941.00  0.03561  0.03489  0.01238  0.81268  -232.19801  -234.03322  4.99985   768
1942.00  0.03558  0.03489  0.01179  0.81268  -233.17305  -235.00520  4.99985   768
1943.00  0.03559  0.03489  0.01136  0.81268  -233.82460  -235.67354  4.99985   768
1944.00  0.03561  0.03489  0.01145  0.81268  -233.72237  -235.62624  4.99985   768
1945.00  0.03560  0.03489  0.01195  0.81268  -232.95332  -234.88924  4.99985   768
1946.00  0.03558  0.03489  0.01259  0.81268  -232.00575  -233.96608  4.99985   768
1947.00  0.03560  0.03489  0.01322  0.81268  -231.04597  -232.96358  4.99985   768
1948.00  0.03559  0.03489  0.01341  0.81268  -230.65840  -232.52870  4.99985   768
1949.00  0.03560  0.03489  0.01328  0.81268  -230.84914  -232.69807  4.99985   768
1950.00  0.03560  0.03489  0.01274  0.81268  -231.65480  -233.46254  4.99985   768
1951.00  0.03560  0.03489  0.01210  0.81268  -232.63136  -234.45741  4.99985   768
1952.00  0.03558  0.03489  0.01169  0.81268  -233.28291  -235.15169  4.99985   768
1953.00  0.03560  0.03489  0.01157  0.81268  -233.52553  -235.42177  4.99985   768
1954.00  0.03560  0.03489  0.01191  0.81268  -233.03572  -234.97926  4.99985   768
1955.00  0.03559  0.03489  0.01254  0.81268  -232.08357  -234.03932  4.99985   768
1956.00  0.03561  0.03489  0.01322  0.81268  -231.07802  -233.02461  4.99985   768
1957.00  0.03560  0.03489  0.01369  0.81268  -230.27998  -232.20827  4.99985   768
1958.00  0.03559  0.03489  0.01369  0.81268  -230.20521  -232.06483  4.99985   768
1959.00  0.03559  0.03489  0.01328  0.81268  -230.85676  -232.68739  4.99985   768
1960.00  0.03559  0.03489  0.01259  0.81268  -231.79976  -233.61970  4.99985   768
1961.00  0.03558  0.03489  0.01189  0.81268  -232.93501  -234.74580  4.99985   768
1962.00  0.03559  0.03489  0.01160  0.81268  -233.43397  -235.30733  4.99985   768
1963.00  0.03560  0.03489  0.01169  0.81268  -233.34395  -235.23256  4.99985   768
1964.00  0.03561  0.03489  0.01222  0.81268  -232.54896  -234.48030  4.99985   768
1965.00  0.03559  0.03489  0.01290  0.81268  -231.53883  -233.47475  4.99985   768
1966.00  0.03559  0.03489  0.01339  0.81268  -230.73775  -232.66756  4.99985   768
1967.00  0.03558  0.03489  0.01370  0.81268  -230.23268  -232.13045  4.99985   768
1968.00  0.03560  0.03489  0.01352  0.81268  -230.49513  -232.33034  4.99985   768
1969.00  0.03559  0.03489  0.01296  0.81268  -231.34047  -233.17415  4.99985   768
1970.00  0.03559  0.03489  0.01218  0.81268  -232.51387  -234.34602  4.99985   768
1971.00  0.03559  0.03489  0.01164  0.81268  -233.35310  -235.20662  4.99985   768
1972.00  0.03559  0.03489  0.01149  0.81268  -233.63844  -235.51637  4.99985   768
1973.00  0.03561  0.03489  0.01182  0.81268  -233.17457  -235.11507  4.99985   768
1974.00  0.03559  0.03489  0.01250  0.81268  -232.17818  -234.15681  4.99985   768
1975.00  0.03559  0.03489  0.01314  0.81268  -231.14821  -233.07649  4.99985   768
1976.00  0.03559  0.03489  0.01357  0.81268  -230.47377  -232.39290  4.99985   768
1977.00  0.03558  0.03489  0.01366  0.81268  -230.28761  -232.15944  4.99985   768
1978.00  0.03559  0.03489  0.01324  0.81268  -230.84456  -232.66450  4.99985   768
1979.00  0.03560  0.03489  0.01259  0.81268  -231.89741  -233.70515  4.99985   768
1980.00  0.03560  0.03489  0.01194  0.81268  -232.87093  -234.67714  4.99985   768
1981.00  0.03559  0.03489  0.01157  0.81268  -233.51179  -235.35005  4.99985   768
1982.00  0.03560  0.03489  0.01166  0.81268  -233.41719  -235.32716  4.99985   768
1983.00  0.03558  0.03489  0.01228  0.81268  -232.47114  -234.42079  4.99985   768
1984.00  0.03559  0.03489  0.01306  0.81268  -231.32674  -233.27486  4.99985   768
1985.00  0.03558  0.03489  0.01364  0.81268  -230.37154  -232.31508  4.99985   768
1986.00  0.03560  0.03489  0.01388  0.81268  -229.97481  -231.87257  4.99985   768
1987.00  0.03560  0.03489  0.01363  0.81268  -230.30592  -232.15181  4.99985   768
1988.00  0.03560  0.03489  0.01313  0.81268  -231.02919  -232.86439  4.99985   768
1989.00  0.03560  0.03489  0.01244  0.81268  -232.11256  -233.95692  4.99985   768
1990.00  0.03560  0.03489  0.01192  0.81268  -232.93196  -234.77937  4.99985   768
1991.00  0.03559  0.03489  0.01164  0.81268  -233.44466  -235.32106  4.99985   768
1992.00  0.03560  0.03489  0.01194  0.81268  -232.96858  -234.88618  4.99985   768
1993.00  0.03559  0.03489  0.01260  0.81268  -232.01948  -233.97676  4.99985   768
1994.00  0.03559  0.03489  0.01337  0.81268  -230.82320  -232.76521  4.99985   768
1995.00  0.03560  0.03489  0.01374  0.81268  -230.18080  -232.06941  4.99985   768
1996.00  0.03558  0.03489  0.01366  0.81268  -230.26930  -232.13808  4.99985   768
1997.00  0.03560  0.03489  0.01328  0.81268  -230.80336  -232.62941  4.99985   768
1998.00  0.03560  0.03489  0.01261  0.81268  -231.82112  -233.62123  4.99985   768
1999.00  0.03560  0.03489  0.01200  0.81268  -232.81447  -234.63441  4.99985   768
2000.00  0.04058  0.05370  0.01164  0.81268  -233.34395  -235.19594  4.99985   768
2001.00  0.05143  0.05370  0.01303  0.81268  -231.56630  -233.71126  4.99985   768
2002.00  0.05200  0.05370  0.01589  0.81268  -227.08327  -229.20686  4.99985   768
2003.00  0.05216  0.05370  0.01596  0.81268  -226.58888  -228.33406  4.99985   768
2004.00  0.05231  0.05370  0.01704  0.81268  -225.36665  -227.50856  4.99985   768
