ASI 600A Data File
Created: Wed May  8 12:13:39 2024
A/D Sampling Rate: 1000 Hz
Comment: Mouse 512 Cell 1
Width 0.0388
Thick 0.0194
After Activation
Width 0.0
Thick 0.0
*** Setup Parameters ***
Length Controller: 315C
Force Transducer: 406A
Initial Length: 0.0537 mm
Minimum Length: -5 Lo
Maximum Length: 5 Lo
Fiber Length: 0.0537 mm
Initial Sarcomere Length: 0 um
Diameter: 1.91919 mm
Maximum Tetanic Tension: 3 mN
Calibrate FC step size:  -20 um
Calibrate FC ramp time:  100 ms
Calibrate FC hold time:  200 ms
Force Gain-Factor:       0.6
Force Integral-Constant: 0.26 ms
Force Filter-Constant:   0.2 ms
Constant Stiffness Range: 100
dF/dL measured at Force:  34522 adu
Fiber Stiffness (adu):    0
Fiber Stiffness (mN/mm):  0
SL Gain-Factor:           0.25
SL Integral-Constant:     0.1 ms
SL Filter-Constant:       0 ms
SL Stiffness (adu):       0.3
SL Stiffness (um/mm):     1
ADC0 Offset: -28.840 mv
ADC1 Offset: -28.840 mv
DAC0 Offset: 3.336 mv
DAC1 Offset: -3.588 mv
Panel 1 size: 2
Panel 2 size: 4
Panel 3 size: 2
Panel 4 size: 5
Panel 1 signal: 0
Panel 2 signal: 1
Panel 3 signal: 2
Panel 4 signal: 6
Background (0/1): 0
Length In color:  16395263
Force  In color:  16717330
SL     In color:  16771867
Aux1   In color:  1769257
Length Out color:  255
Force  Out color:  255
Stim   Out color:  16777215
Aux2   In  color:  16747283
Length Units: um
Force Units: mN
Time Units: ms
Sarcomere Length Units: um
Scope Display1: 0
Scope Display2: 2
AUX Channels Scope Display: 0
Scope Timebase: 1
Scope Vscale:   0
Scope Lunit:    1
Scope Lmin:     0.026370
Scope Lmax:     0.026470
Scope Funit:    0
Scope Fmin:     0.157780
Scope Fmax:     0.157960
Scope AUX1_min:     10.000000
Scope AUX1_max:     16.000000
Scope AUX2_min:     8.000000
Scope AUX2_max:     14.000000
Scope L Data Scale:     1.651868
Scope F Data Scale:     0.225000
Scope AUX1 Data Scale:     1.000000
Scope AUX2 Data Scale:     1.000000
Scope SL Data Scale:     1.000000
Scope Sunit:    0
Analysis Lunit: 4
Analysis Funit: 0
Analysis Tunit: 0
Analysis Channels: 101000000010000
Analysis Readout: 1
Analysis Gaussian Filter Kernel Size (Lin):     201
Analysis Gaussian Filter Kernel Size (Fin):     50
Analysis Gaussian Filter Kernel Size (Aux1):    201
Analysis Gaussian Filter Kernel Size (Aux2):    201
Analysis Gaussian Filter Standard Deviation (Lin):     1.0
Analysis Gaussian Filter Standard Deviation (Fin):     1.0
Analysis Gaussian Filter Standard Deviation (Aux1):    1.0
Analysis Gaussian Filter Standard Deviation (Aux2):    1.0
Aux1 Name: Aux1
Aux1 Units: C
Aux1 Scale (units/volt): 100.000000
Aux1 Offset (units): 2.000000
Aux2 Name: Aux2
Aux2 Units: mv
Aux2 Scale (units/volt): 100
Aux2 Offset (units): 0
 *** Cantilever Properties ***
Cantilever Stiffness Calculation Method: 2
Cantilever Stiffness (N/m): -1.000
Cantilever Length (um): 450.000
Cantilever Thickness (um): 2.000
Cantilever Width 1 (um): 50.000
Cantilever Width 2 (um): 50.000
Cantilever Elasticity (GPa): 160.000
 *** ASI804A Test Window Properties ***
ASI804A Vscale: 0
ASI804A Timebase: 0
ASI804A Sampling Rate: 0
ASI804A Scope L_min:     999.800000
ASI804A Scope L_max:     1000.200000
ASI804A Scope F_min:     -0.040000
ASI804A Scope F_max:     0.020000
ASI804A Scope log10Rario_min:     -0.063875
ASI804A Scope log10Ratio_max:     -0.063650
ASI804A Scope L Scale Units:    4
ASI804A Scope F Scale Units:    0
ASI804A Scope L Scale:     1.000000
ASI804A Scope F Scale:     1.000000
ASI804A Scope log10Ratio Scale:     0.500000
ASI804A Data Files Directory: /home/asi/data
ASI804A Data Files Name: atp_datafile
ASI804A Font: Liberation Sans
ASI804A Font Size: 24
ASI804A pCa Combo Size: 0
ASI804A pCa Combo Active: -1
 *** Additional devices ***
ASI802D Bath Controller: 0
ASI804A ATPase Controller: 1
*** Calibration Parameters ***
Model  LOoffset  LOscale  LIoffset  LIscale  FOoffset  FOscale  FIoffset  FIscale
Number 	mm        mm/v	   mm        mm/v     mN        mN/v     mN        mN/v
308B	 0	 0.2	 0	 0.2	 0	 1	 0	 1
312C	 0	 0.15	 0	 0.15	 0	 1	 0	 1
315C	 0	 0.15	 0	 0.15	 0	 1	 0	 1
318B	 0	 0.3	 0	 0.3	 0	 1	 0	 1
322C	 0	 0.3	 0	 0.3	 0	 1	 0	 1
340A	 0	 0.005	 0	 0.005	 0	 1	 0	 1
300C	 0	 0.5	 0	 0.5	 0	 50	 0	 50
300C-LR	 0	 0.5	 0	 0.5	 0	 100	 0	 100
305C	 0	 1	 0	 1	 0	 500	 0	 500
305C-LR	 0	 1	 0	 1	 0	 1000	 0	 1000
309C	 0	 1.25	 0	 1.25	 0	 2000	 0	 2000
310C	 0	 2	 0	 2	 0	 5000	 0	 5000
310C-LR	 0	 2	 0	 2	 0	 10000	 0	 10000
???	 0	 1	 0	 1	 0	 1	 0	 1
400A	 0	 1	 0	 1	 0	 5	 0	 5
402A	 0	 1	 0	 1	 0	 50	 0	 50
403A-CF	 0	 1	 0	 1	 0	 0.2	 0	 0.2
403A	 0	 1	 0	 1	 0	 0.5	 0	 0.5
404A	 0	 1	 0	 1	 0	 10	 0	 10
405A	 0	 1	 0	 1	 0	 1	 0	 1
406A	 0	 1	 0	 1	 0.163	 0.06497	 0.163	 0.06497
407A	 0	 1	 0	 1	 0	 100	 0	 100
470A	 0	 1	 0	 1	 0	 1	 0	 1
other	 0	 1	 0	 1	 0	 1	 0	 1
none	 0	 1	 0	 1	 0	 1	 0	 1
*** Test Protocol Parameters ***
A/D Sampling Rate: 1000 Hz
Comment: Length Discrete Sine protocol for stiffness testing
Minimum Length: -5.000 (Lo)
Maximum Length: 5.000 (Lo)
PD Deadband:    0.000000 mN
Stimulus 01: 0.3 ms 100.000 Hz 10.0 ms 50.000 Hz 0.100 s
Stimulus 02: 1.2 ms 100.000 Hz 20.0 ms 2.000 Hz 100.000 s
Stimulus 03: 1.3 ms 100.000 Hz 20.0 ms 2.000 Hz 100.000 s
Stimulus 04: 1.4 ms 100.000 Hz 20.0 ms 2.000 Hz 100.000 s
Stimulus 05: 1.5 ms 100.000 Hz 20.0 ms 2.000 Hz 100.000 s
Stimulus 06: 1.6 ms 100.000 Hz 20.0 ms 2.000 Hz 100.000 s
Stimulus 07: 1.7 ms 100.000 Hz 20.0 ms 2.000 Hz 100.000 s
Stimulus 08: 1.8 ms 100.000 Hz 20.0 ms 2.000 Hz 100.000 s
Stimulus 09: 1.9 ms 100.000 Hz 20.0 ms 2.000 Hz 100.000 s
Stimulus 10: 2.2 ms 100.000 Hz 20.0 ms 2.000 Hz 100.000 s
Time (ms)	Control Function	Options
      0.0	Data-Enable		
    200.0	Length-Step		 0.65 Lo
   2000.0	Length-Step		 1 Lo
   2005.0	Data-Disable		
      0.0	Stop		
*** Force and Length Signals vs Time ***
Time (ms)  Lin (mm)  Lout (mm)  Fin (mN)  Fout (mN)  Aux1 C  Aux2 mv  SL (um)   Stimulus/Triggers
0.00  0.05373  0.05370  0.01284  0.81268  -231.53883  -233.37556  4.99985   768
1.00  0.05373  0.05370  0.01235  0.81268  -232.22548  -234.06221  4.99985   768
2.00  0.05373  0.05370  0.01170  0.81268  -233.21425  -235.03419  4.99985   768
3.00  0.05375  0.05370  0.01115  0.81268  -234.10384  -235.95277  4.99985   768
4.00  0.05374  0.05370  0.01091  0.81268  -234.50362  -236.41054  4.99985   768
5.00  0.05373  0.05370  0.01114  0.81268  -234.16945  -236.10536  4.99985   768
6.00  0.05373  0.05370  0.01180  0.81268  -233.23103  -235.18983  4.99985   768
7.00  0.05372  0.05370  0.01263  0.81268  -231.95998  -233.94319  4.99985   768
8.00  0.05374  0.05370  0.01308  0.81268  -231.22755  -233.14821  4.99985   768
9.00  0.05373  0.05370  0.01308  0.81268  -231.19398  -233.07039  4.99985   768
10.00  0.05374  0.05370  0.01276  0.81268  -231.65175  -233.49611  4.99985   768
11.00  0.05374  0.05370  0.01222  0.81268  -232.41316  -234.23158  4.99985   768
12.00  0.05373  0.05370  0.01149  0.81268  -233.51637  -235.32716  4.99985   768
13.00  0.05373  0.05370  0.01109  0.81268  -234.19691  -236.05043  4.99985   768
14.00  0.05374  0.05370  0.01111  0.81268  -234.20607  -236.09163  4.99985   768
15.00  0.05373  0.05370  0.01164  0.81268  -233.43855  -235.37752  4.99985   768
16.00  0.05373  0.05370  0.01229  0.81268  -232.47420  -234.40858  4.99985   768
17.00  0.05373  0.05370  0.01301  0.81268  -231.31758  -233.24434  4.99985   768
18.00  0.05374  0.05370  0.01326  0.81268  -230.92848  -232.83540  4.99985   768
19.00  0.05373  0.05370  0.01315  0.81268  -231.01088  -232.86287  4.99985   768
20.00  0.05372  0.05370  0.01261  0.81268  -231.85164  -233.66701  4.99985   768
21.00  0.05373  0.05370  0.01184  0.81268  -232.98994  -234.79768  4.99985   768
22.00  0.05373  0.05370  0.01132  0.81268  -233.84901  -235.70253  4.99985   768
23.00  0.05373  0.05370  0.01106  0.81268  -234.28389  -236.15419  4.99985   768
24.00  0.05373  0.05370  0.01128  0.81268  -234.01076  -235.94820  4.99985   768
25.00  0.05373  0.05370  0.01190  0.81268  -233.06319  -235.02199  4.99985   768
26.00  0.05374  0.05370  0.01260  0.81268  -231.97218  -233.91267  4.99985   768
27.00  0.05373  0.05370  0.01306  0.81268  -231.25197  -233.15736  4.99985   768
28.00  0.05373  0.05370  0.01315  0.81268  -231.05055  -232.93153  4.99985   768
29.00  0.05373  0.05370  0.01286  0.81268  -231.49458  -233.32979  4.99985   768
30.00  0.05373  0.05370  0.01215  0.81268  -232.50014  -234.29262  4.99985   768
31.00  0.05373  0.05370  0.01156  0.81268  -233.46144  -235.26765  4.99985   768
32.00  0.05373  0.05370  0.01108  0.81268  -234.20607  -236.05043  4.99985   768
33.00  0.05373  0.05370  0.01108  0.81268  -234.24727  -236.11604  4.99985   768
34.00  0.05374  0.05370  0.01147  0.81268  -233.69032  -235.61708  4.99985   768
35.00  0.05373  0.05370  0.01214  0.81268  -232.68172  -234.62526  4.99985   768
36.00  0.05373  0.05370  0.01277  0.81268  -231.74330  -233.68989  4.99985   768
37.00  0.05373  0.05370  0.01313  0.81268  -231.13295  -233.03529  4.99985   768
38.00  0.05373  0.05370  0.01300  0.81268  -231.31148  -233.18635  4.99985   768
39.00  0.05373  0.05370  0.01250  0.81268  -231.98897  -233.81502  4.99985   768
40.00  0.05374  0.05370  0.01183  0.81268  -233.04793  -234.88161  4.99985   768
41.00  0.05373  0.05370  0.01137  0.81268  -233.74373  -235.60030  4.99985   768
42.00  0.05373  0.05370  0.01101  0.81268  -234.37086  -236.25185  4.99985   768
43.00  0.05374  0.05370  0.01132  0.81268  -233.92378  -235.85969  4.99985   768
44.00  0.05373  0.05370  0.01185  0.81268  -233.14406  -235.07692  4.99985   768
45.00  0.05373  0.05370  0.01256  0.81268  -232.00423  -233.95082  4.99985   768
46.00  0.05373  0.05370  0.01301  0.81268  -231.31148  -233.20772  4.99985   768
47.00  0.05373  0.05370  0.01305  0.81268  -231.23213  -233.10548  4.99985   768
48.00  0.05372  0.05370  0.01274  0.81268  -231.64107  -233.45338  4.99985   768
49.00  0.05372  0.05370  0.01218  0.81268  -232.49251  -234.32161  4.99985   768
50.00  0.05373  0.05370  0.01155  0.81268  -233.46449  -235.29512  4.99985   768
51.00  0.05374  0.05370  0.01117  0.81268  -234.01686  -235.89326  4.99985   768
52.00  0.05373  0.05370  0.01116  0.81268  -234.12672  -235.99245  4.99985   768
53.00  0.05373  0.05370  0.01156  0.81268  -233.59114  -235.53468  4.99985   768
54.00  0.05373  0.05370  0.01220  0.81268  -232.60084  -234.56575  4.99985   768
55.00  0.05373  0.05370  0.01273  0.81268  -231.75856  -233.69600  4.99985   768
56.00  0.05373  0.05370  0.01297  0.81268  -231.36030  -233.27333  4.99985   768
57.00  0.05373  0.05370  0.01285  0.81268  -231.54646  -233.40608  4.99985   768
58.00  0.05372  0.05370  0.01242  0.81268  -232.12935  -233.97676  4.99985   768
59.00  0.05373  0.05370  0.01182  0.81268  -233.04335  -234.86787  4.99985   768
60.00  0.05373  0.05370  0.01128  0.81268  -233.88106  -235.72694  4.99985   768
61.00  0.05373  0.05370  0.01103  0.81268  -234.30373  -236.16487  4.99985   768
62.00  0.05373  0.05370  0.01127  0.81268  -234.01381  -235.93141  4.99985   768
63.00  0.05373  0.05370  0.01190  0.81268  -233.05861  -235.00368  4.99985   768
64.00  0.05373  0.05370  0.01250  0.81268  -232.11867  -234.02864  4.99985   768
65.00  0.05373  0.05370  0.01281  0.81268  -231.61970  -233.51747  4.99985   768
66.00  0.05373  0.05370  0.01293  0.81268  -231.39693  -233.27486  4.99985   768
67.00  0.05373  0.05370  0.01249  0.81268  -232.01491  -233.82570  4.99985   768
68.00  0.05373  0.05370  0.01199  0.81268  -232.81905  -234.62984  4.99985   768
69.00  0.05373  0.05370  0.01147  0.81268  -233.61403  -235.46907  4.99985   768
70.00  0.05373  0.05370  0.01111  0.81268  -234.18928  -236.03517  4.99985   768
71.00  0.05372  0.05370  0.01114  0.81268  -234.19234  -236.09773  4.99985   768
72.00  0.05374  0.05370  0.01155  0.81268  -233.59419  -235.54536  4.99985   768
73.00  0.05372  0.05370  0.01226  0.81268  -232.56422  -234.51387  4.99985   768
74.00  0.05373  0.05370  0.01283  0.81268  -231.58308  -233.51594  4.99985   768
75.00  0.05372  0.05370  0.01296  0.81268  -231.36336  -233.25197  4.99985   768
76.00  0.05374  0.05370  0.01275  0.81268  -231.63496  -233.48695  4.99985   768
77.00  0.05373  0.05370  0.01231  0.81268  -232.28499  -234.11561  4.99985   768
78.00  0.05372  0.05370  0.01169  0.81268  -233.25392  -235.07692  4.99985   768
79.00  0.05373  0.05370  0.01130  0.81268  -233.86122  -235.71168  4.99985   768
80.00  0.05373  0.05370  0.01110  0.81268  -234.22285  -236.08247  4.99985   768
81.00  0.05373  0.05370  0.01141  0.81268  -233.80171  -235.72694  4.99985   768
82.00  0.05373  0.05370  0.01196  0.81268  -232.93959  -234.86330  4.99985   768
83.00  0.05374  0.05370  0.01256  0.81268  -232.01643  -233.92793  4.99985   768
84.00  0.05372  0.05370  0.01295  0.81268  -231.38319  -233.29317  4.99985   768
85.00  0.05373  0.05370  0.01295  0.81268  -231.36030  -233.22755  4.99985   768
86.00  0.05373  0.05370  0.01260  0.81268  -231.87605  -233.70515  4.99985   768
87.00  0.05373  0.05370  0.01204  0.81268  -232.71223  -234.52913  4.99985   768
88.00  0.05373  0.05370  0.01141  0.81268  -233.72237  -235.57283  4.99985   768
89.00  0.05373  0.05370  0.01104  0.81268  -234.30220  -236.17708  4.99985   768
90.00  0.05373  0.05370  0.01118  0.81268  -234.16182  -236.06111  4.99985   768
91.00  0.05373  0.05370  0.01168  0.81268  -233.38057  -235.34547  4.99985   768
92.00  0.05373  0.05370  0.01240  0.81268  -232.29109  -234.25142  4.99985   768
93.00  0.05373  0.05370  0.01286  0.81268  -231.55562  -233.46864  4.99985   768
94.00  0.05374  0.05370  0.01303  0.81268  -231.29164  -233.18025  4.99985   768
95.00  0.05373  0.05370  0.01286  0.81268  -231.48695  -233.31758  4.99985   768
96.00  0.05373  0.05370  0.01233  0.81268  -232.28651  -234.08357  4.99985   768
97.00  0.05372  0.05370  0.01171  0.81268  -233.19899  -235.02199  4.99985   768
98.00  0.05373  0.05370  0.01119  0.81268  -234.05653  -235.87038  4.99985   768
99.00  0.05374  0.05370  0.01100  0.81268  -234.37544  -236.23964  4.99985   768
100.00  0.05373  0.05370  0.01139  0.81268  -233.80324  -235.74373  4.99985   768
101.00  0.05372  0.05370  0.01206  0.81268  -232.80226  -234.74275  4.99985   768
102.00  0.05373  0.05370  0.01266  0.81268  -231.88521  -233.83180  4.99985   768
103.00  0.05373  0.05370  0.01317  0.81268  -231.08259  -233.00478  4.99985   768
104.00  0.05374  0.05370  0.01310  0.81268  -231.11311  -232.96815  4.99985   768
105.00  0.05374  0.05370  0.01265  0.81268  -231.82570  -233.65785  4.99985   768
106.00  0.05372  0.05370  0.01201  0.81268  -232.75954  -234.60237  4.99985   768
107.00  0.05374  0.05370  0.01148  0.81268  -233.58809  -235.44771  4.99985   768
108.00  0.05373  0.05370  0.01113  0.81268  -234.12672  -236.00923  4.99985   768
109.00  0.05374  0.05370  0.01125  0.81268  -234.00923  -235.93446  4.99985   768
110.00  0.05372  0.05370  0.01177  0.81268  -233.29054  -235.23256  4.99985   768
111.00  0.05373  0.05370  0.01241  0.81268  -232.27431  -234.22090  4.99985   768
112.00  0.05373  0.05370  0.01294  0.81268  -231.44575  -233.37099  4.99985   768
113.00  0.05372  0.05370  0.01320  0.81268  -231.00325  -232.86439  4.99985   768
114.00  0.05373  0.05370  0.01293  0.81268  -231.35878  -233.20009  4.99985   768
115.00  0.05373  0.05370  0.01238  0.81268  -232.16597  -233.95998  4.99985   768
116.00  0.05374  0.05370  0.01169  0.81268  -233.24477  -235.06166  4.99985   768
117.00  0.05374  0.05370  0.01125  0.81268  -233.93141  -235.77272  4.99985   768
118.00  0.05373  0.05370  0.01104  0.81268  -234.33272  -236.20607  4.99985   768
119.00  0.05372  0.05370  0.01137  0.81268  -233.83528  -235.76662  4.99985   768
120.00  0.05372  0.05370  0.01198  0.81268  -232.97316  -234.91670  4.99985   768
121.00  0.05372  0.05370  0.01271  0.81268  -231.83333  -233.77382  4.99985   768
122.00  0.05374  0.05370  0.01305  0.81268  -231.28401  -233.20009  4.99985   768
123.00  0.05373  0.05370  0.01294  0.81268  -231.38472  -233.26417  4.99985   768
124.00  0.05374  0.05370  0.01269  0.81268  -231.71126  -233.56172  4.99985   768
125.00  0.05373  0.05370  0.01198  0.81268  -232.79158  -234.62678  4.99985   768
126.00  0.05374  0.05370  0.01142  0.81268  -233.66591  -235.51179  4.99985   768
127.00  0.05373  0.05370  0.01106  0.81268  -234.28541  -236.13893  4.99985   768
128.00  0.05373  0.05370  0.01122  0.81268  -234.05196  -235.97414  4.99985   768
129.00  0.05373  0.05370  0.01171  0.81268  -233.34853  -235.27071  4.99985   768
130.00  0.05373  0.05370  0.01236  0.81268  -232.35060  -234.26973  4.99985   768
131.00  0.05373  0.05370  0.01291  0.81268  -231.48695  -233.39235  4.99985   768
132.00  0.05373  0.05370  0.01307  0.81268  -231.20314  -233.07649  4.99985   768
133.00  0.05373  0.05370  0.01282  0.81268  -231.54799  -233.37709  4.99985   768
134.00  0.05373  0.05370  0.01229  0.81268  -232.31856  -234.13850  4.99985   768
135.00  0.05373  0.05370  0.01167  0.81268  -233.29970  -235.12270  4.99985   768
136.00  0.05374  0.05370  0.01122  0.81268  -234.03364  -235.87343  4.99985   768
137.00  0.05373  0.05370  0.01114  0.81268  -234.16334  -236.04585  4.99985   768
138.00  0.05372  0.05370  0.01147  0.81268  -233.72237  -235.66743  4.99985   768
139.00  0.05373  0.05370  0.01212  0.81268  -232.72139  -234.66798  4.99985   768
140.00  0.05374  0.05370  0.01278  0.81268  -231.69447  -233.64717  4.99985   768
141.00  0.05373  0.05370  0.01309  0.81268  -231.21535  -233.12990  4.99985   768
142.00  0.05372  0.05370  0.01307  0.81268  -231.17873  -233.04292  4.99985   768
143.00  0.05373  0.05370  0.01268  0.81268  -231.75551  -233.60139  4.99985   768
144.00  0.05373  0.05370  0.01206  0.81268  -232.69240  -234.51692  4.99985   768
145.00  0.05373  0.05370  0.01146  0.81268  -233.59877  -235.41414  4.99985   768
146.00  0.05373  0.05370  0.01113  0.81268  -234.18928  -236.03975  4.99985   768
147.00  0.05373  0.05370  0.01125  0.81268  -234.02449  -235.90852  4.99985   768
148.00  0.05372  0.05370  0.01180  0.81268  -233.18068  -235.09828  4.99985   768
149.00  0.05373  0.05370  0.01248  0.81268  -232.16139  -234.08968  4.99985   768
150.00  0.05374  0.05370  0.01291  0.81268  -231.45949  -233.35420  4.99985   768
151.00  0.05373  0.05370  0.01312  0.81268  -231.11311  -233.00325  4.99985   768
152.00  0.05373  0.05370  0.01280  0.81268  -231.56935  -233.42744  4.99985   768
153.00  0.05375  0.05370  0.01228  0.81268  -232.35976  -234.19191  4.99985   768
154.00  0.05373  0.05370  0.01160  0.81268  -233.39430  -235.21883  4.99985   768
155.00  0.05373  0.05370  0.01116  0.81268  -234.11757  -235.96803  4.99985   768
156.00  0.05374  0.05370  0.01103  0.81268  -234.33882  -236.24727  4.99985   768
157.00  0.05373  0.05370  0.01140  0.81268  -233.84749  -235.78035  4.99985   768
158.00  0.05373  0.05370  0.01199  0.81268  -232.93654  -234.89687  4.99985   768
159.00  0.05375  0.05370  0.01266  0.81268  -231.89589  -233.83943  4.99985   768
160.00  0.05374  0.05370  0.01288  0.81268  -231.44423  -233.34199  4.99985   768
161.00  0.05374  0.05370  0.01286  0.81268  -231.48695  -233.36030  4.99985   768
162.00  0.05373  0.05370  0.01243  0.81268  -232.12172  -233.94624  4.99985   768
163.00  0.05373  0.05370  0.01176  0.81268  -233.13948  -234.96858  4.99985   768
164.00  0.05373  0.05370  0.01129  0.81268  -233.86275  -235.68117  4.99985   768
165.00  0.05373  0.05370  0.01100  0.81268  -234.31288  -236.16182  4.99985   768
166.00  0.05375  0.05370  0.01118  0.81268  -234.13435  -236.03822  4.99985   768
167.00  0.05374  0.05370  0.01172  0.81268  -233.33021  -235.26765  4.99985   768
168.00  0.05373  0.05370  0.01244  0.81268  -232.23463  -234.17818  4.99985   768
169.00  0.05374  0.05370  0.01285  0.81268  -231.57851  -233.49611  4.99985   768
170.00  0.05372  0.05370  0.01300  0.81268  -231.28554  -233.18330  4.99985   768
171.00  0.05372  0.05370  0.01272  0.81268  -231.67616  -233.53731  4.99985   768
172.00  0.05374  0.05370  0.01227  0.81268  -232.39332  -234.26057  4.99985   768
173.00  0.05373  0.05370  0.01163  0.81268  -233.31190  -235.12270  4.99985   768
174.00  0.05373  0.05370  0.01117  0.81268  -234.12367  -235.97719  4.99985   768
175.00  0.05373  0.05370  0.01115  0.81268  -234.16029  -236.07332  4.99985   768
176.00  0.05373  0.05370  0.01154  0.81268  -233.59267  -235.53010  4.99985   768
177.00  0.05374  0.05370  0.01224  0.81268  -232.59016  -234.52302  4.99985   768
178.00  0.05373  0.05370  0.01284  0.81268  -231.61055  -233.56630  4.99985   768
179.00  0.05374  0.05370  0.01313  0.81268  -231.08870  -232.94374  4.99985   768
180.00  0.05372  0.05370  0.01292  0.81268  -231.39082  -233.23366  4.99985   768
181.00  0.05372  0.05370  0.01250  0.81268  -232.03322  -233.85622  4.99985   768
182.00  0.05374  0.05370  0.01195  0.81268  -232.83583  -234.64509  4.99985   768
183.00  0.05374  0.05370  0.01128  0.81268  -233.88106  -235.68880  4.99985   768
184.00  0.05373  0.05370  0.01111  0.81268  -234.21980  -236.09010  4.99985   768
185.00  0.05374  0.05370  0.01130  0.81268  -233.94362  -235.86885  4.99985   768
186.00  0.05374  0.05370  0.01184  0.81268  -233.12575  -235.07082  4.99985   768
187.00  0.05374  0.05370  0.01244  0.81268  -232.22395  -234.17970  4.99985   768
188.00  0.05373  0.05370  0.01290  0.81268  -231.46712  -233.38624  4.99985   768
189.00  0.05373  0.05370  0.01288  0.81268  -231.48390  -233.35268  4.99985   768
190.00  0.05374  0.05370  0.01252  0.81268  -232.00270  -233.83943  4.99985   768
191.00  0.05373  0.05370  0.01204  0.81268  -232.76869  -234.61305  4.99985   768
192.00  0.05374  0.05370  0.01141  0.81268  -233.66591  -235.49043  4.99985   768
193.00  0.05372  0.05370  0.01099  0.81268  -234.41054  -236.30067  4.99985   768
194.00  0.05373  0.05370  0.01100  0.81268  -234.38765  -236.27016  4.99985   768
195.00  0.05373  0.05370  0.01147  0.81268  -233.70406  -235.65523  4.99985   768
196.00  0.05372  0.05370  0.01213  0.81268  -232.71529  -234.65578  4.99985   768
197.00  0.05373  0.05370  0.01276  0.81268  -231.68684  -233.59834  4.99985   768
198.00  0.05374  0.05370  0.01298  0.81268  -231.33131  -233.21535  4.99985   768
199.00  0.05373  0.05370  0.01285  0.81268  -231.50526  -233.34352  4.99985   768
200.00  0.04910  0.03489  0.01237  0.81268  -232.20259  -234.02711  4.99985   768
201.00  0.03887  0.03489  0.01124  0.81268  -233.88563  -235.63539  4.99985   768
202.00  0.03807  0.03489  0.01018  0.81268  -235.55647  -237.36116  4.99985   768
203.00  0.03768  0.03489  0.01015  0.81268  -235.70753  -237.62971  4.99985   768
204.00  0.03744  0.03489  0.01018  0.81268  -235.68007  -237.57021  4.99985   768
205.00  0.03725  0.03489  0.01048  0.81268  -235.21620  -237.15822  4.99985   768
206.00  0.03705  0.03489  0.01151  0.81268  -233.69643  -235.69795  4.99985   768
207.00  0.03691  0.03489  0.01180  0.81268  -233.15626  -235.04030  4.99985   768
208.00  0.03680  0.03489  0.01172  0.81268  -233.28749  -235.17610  4.99985   768
209.00  0.03671  0.03489  0.01162  0.81268  -233.38209  -235.22493  4.99985   768
210.00  0.03663  0.03489  0.01067  0.81268  -234.81642  -236.60585  4.99985   768
211.00  0.03656  0.03489  0.01012  0.81268  -235.70906  -237.56868  4.99985   768
212.00  0.03649  0.03489  0.00981  0.81268  -236.15156  -237.97914  4.99985   768
213.00  0.03645  0.03489  0.00956  0.81268  -236.60475  -238.47963  4.99985   768
214.00  0.03641  0.03489  0.01025  0.81268  -235.62514  -237.57936  4.99985   768
215.00  0.03638  0.03489  0.01085  0.81268  -234.65163  -236.57075  4.99985   768
216.00  0.03634  0.03489  0.01148  0.81268  -233.72389  -235.65523  4.99985   768
217.00  0.03629  0.03489  0.01193  0.81268  -232.96553  -234.87855  4.99985   768
218.00  0.03626  0.03489  0.01163  0.81268  -233.34547  -235.20051  4.99985   768
219.00  0.03622  0.03489  0.01124  0.81268  -233.95430  -235.77119  4.99985   768
220.00  0.03621  0.03489  0.01059  0.81268  -234.92628  -236.74318  4.99985   768
221.00  0.03618  0.03489  0.00984  0.81268  -236.11494  -237.94862  4.99985   768
222.00  0.03617  0.03489  0.00978  0.81268  -236.27516  -238.18361  4.99985   768
223.00  0.03615  0.03489  0.00991  0.81268  -236.05238  -237.96388  4.99985   768
224.00  0.03613  0.03489  0.01046  0.81268  -235.31691  -237.30012  4.99985   768
225.00  0.03613  0.03489  0.01130  0.81268  -233.99245  -235.96345  4.99985   768
226.00  0.03611  0.03489  0.01159  0.81268  -233.50569  -235.41109  4.99985   768
227.00  0.03610  0.03489  0.01175  0.81268  -233.28444  -235.18068  4.99985   768
228.00  0.03608  0.03489  0.01148  0.81268  -233.56825  -235.39583  4.99985   768
229.00  0.03608  0.03489  0.01080  0.81268  -234.64857  -236.46699  4.99985   768
230.00  0.03607  0.03489  0.01019  0.81268  -235.53816  -237.37031  4.99985   768
231.00  0.03607  0.03489  0.00968  0.81268  -236.33162  -238.17140  4.99985   768
232.00  0.03606  0.03489  0.00965  0.81268  -236.47353  -238.35908  4.99985   768
233.00  0.03606  0.03489  0.01021  0.81268  -235.66481  -237.59462  4.99985   768
234.00  0.03606  0.03489  0.01081  0.81268  -234.76454  -236.69740  4.99985   768
235.00  0.03605  0.03489  0.01145  0.81268  -233.74983  -235.68422  4.99985   768
236.00  0.03604  0.03489  0.01176  0.81268  -233.22645  -235.13490  4.99985   768
237.00  0.03603  0.03489  0.01164  0.81268  -233.36073  -235.22798  4.99985   768
238.00  0.03603  0.03489  0.01110  0.81268  -234.18013  -236.00465  4.99985   768
239.00  0.03603  0.03489  0.01040  0.81268  -235.22993  -237.04683  4.99985   768
240.00  0.03603  0.03489  0.00989  0.81268  -236.07222  -237.95778  4.99985   768
241.00  0.03603  0.03489  0.00984  0.81268  -236.15919  -238.05238  4.99985   768
242.00  0.03602  0.03489  0.01000  0.81268  -235.97304  -237.88606  4.99985   768
243.00  0.03601  0.03489  0.01057  0.81268  -235.10329  -237.03767  4.99985   768
244.00  0.03602  0.03489  0.01134  0.81268  -233.91005  -235.86580  4.99985   768
245.00  0.03602  0.03489  0.01170  0.81268  -233.29054  -235.18068  4.99985   768
246.00  0.03600  0.03489  0.01191  0.81268  -232.99300  -234.87703  4.99985   768
247.00  0.03601  0.03489  0.01158  0.81268  -233.45839  -235.28596  4.99985   768
248.00  0.03601  0.03489  0.01094  0.81268  -234.37392  -236.18318  4.99985   768
249.00  0.03601  0.03489  0.01035  0.81268  -235.35048  -237.16737  4.99985   768
250.00  0.03601  0.03489  0.00986  0.81268  -236.06001  -237.88911  4.99985   768
251.00  0.03600  0.03489  0.00988  0.81268  -236.14088  -238.03712  4.99985   768
252.00  0.03601  0.03489  0.01038  0.81268  -235.40694  -237.36116  4.99985   768
253.00  0.03601  0.03489  0.01102  0.81268  -234.45631  -236.40749  4.99985   768
254.00  0.03600  0.03489  0.01156  0.81268  -233.57436  -235.51332  4.99985   768
255.00  0.03599  0.03489  0.01183  0.81268  -233.09523  -235.00978  4.99985   768
256.00  0.03600  0.03489  0.01168  0.81268  -233.29512  -235.16542  4.99985   768
257.00  0.03599  0.03489  0.01121  0.81268  -234.00313  -235.84749  4.99985   768
258.00  0.03598  0.03489  0.01047  0.81268  -235.10176  -236.92171  4.99985   768
259.00  0.03598  0.03489  0.00993  0.81268  -236.00966  -237.84639  4.99985   768
260.00  0.03599  0.03489  0.00982  0.81268  -236.20955  -238.09969  4.99985   768
261.00  0.03598  0.03489  0.00998  0.81268  -235.95015  -237.86317  4.99985   768
262.00  0.03598  0.03489  0.01057  0.81268  -235.10176  -237.04378  4.99985   768
263.00  0.03599  0.03489  0.01112  0.81268  -234.22285  -236.13588  4.99985   768
264.00  0.03598  0.03489  0.01152  0.81268  -233.62318  -235.52400  4.99985   768
265.00  0.03599  0.03489  0.01155  0.81268  -233.49654  -235.35463  4.99985   768
266.00  0.03597  0.03489  0.01118  0.81268  -234.03975  -235.86275  4.99985   768
267.00  0.03598  0.03489  0.01055  0.81268  -235.01631  -236.85609  4.99985   768
268.00  0.03599  0.03489  0.01004  0.81268  -235.74873  -237.56258  4.99985   768
269.00  0.03598  0.03489  0.00959  0.81268  -236.53456  -238.39265  4.99985   768
270.00  0.03598  0.03489  0.00964  0.81268  -236.48878  -238.40639  4.99985   768
271.00  0.03597  0.03489  0.01011  0.81268  -235.81892  -237.77010  4.99985   768
272.00  0.03598  0.03489  0.01078  0.81268  -234.79964  -236.76607  4.99985   768
273.00  0.03597  0.03489  0.01133  0.81268  -233.89632  -235.83070  4.99985   768
274.00  0.03596  0.03489  0.01160  0.81268  -233.45839  -235.37141  4.99985   768
275.00  0.03595  0.03489  0.01132  0.81268  -233.86427  -235.72542  4.99985   768
276.00  0.03596  0.03489  0.01099  0.81268  -234.39070  -236.23506  4.99985   768
277.00  0.03598  0.03489  0.01032  0.81268  -235.32149  -237.15211  4.99985   768
278.00  0.03598  0.03489  0.00987  0.81268  -236.11952  -237.97151  4.99985   768
279.00  0.03596  0.03489  0.00970  0.81268  -236.34383  -238.18819  4.99985   768
280.00  0.03596  0.03489  0.01008  0.81268  -235.88759  -237.83113  4.99985   768
281.00  0.03597  0.03489  0.01068  0.81268  -234.91713  -236.84541  4.99985   768
282.00  0.03596  0.03489  0.01143  0.81268  -233.79561  -235.74831  4.99985   768
283.00  0.03596  0.03489  0.01172  0.81268  -233.27376  -235.17457  4.99985   768
284.00  0.03596  0.03489  0.01173  0.81268  -233.23408  -235.09370  4.99985   768
285.00  0.03595  0.03489  0.01134  0.81268  -233.85817  -235.70253  4.99985   768
286.00  0.03595  0.03489  0.01066  0.81268  -234.83321  -236.64705  4.99985   768
287.00  0.03596  0.03489  0.01011  0.81268  -235.71822  -237.57936  4.99985   768
288.00  0.03595  0.03489  0.00988  0.81268  -236.09511  -237.97609  4.99985   768
289.00  0.03595  0.03489  0.00996  0.81268  -236.00203  -237.91658  4.99985   768
290.00  0.03595  0.03489  0.01044  0.81268  -235.33980  -237.30165  4.99985   768
291.00  0.03594  0.03489  0.01115  0.81268  -234.19234  -236.16029  4.99985   768
292.00  0.03595  0.03489  0.01156  0.81268  -233.56673  -235.47670  4.99985   768
293.00  0.03595  0.03489  0.01177  0.81268  -233.20357  -235.08760  4.99985   768
294.00  0.03595  0.03489  0.01148  0.81268  -233.58351  -235.43550  4.99985   768
295.00  0.03593  0.03489  0.01087  0.81268  -234.51735  -236.33119  4.99985   768
296.00  0.03594  0.03489  0.01015  0.81268  -235.60835  -237.42677  4.99985   768
297.00  0.03594  0.03489  0.00960  0.81268  -236.48726  -238.30415  4.99985   768
298.00  0.03594  0.03489  0.00956  0.81268  -236.63527  -238.52541  4.99985   768
299.00  0.03595  0.03489  0.00988  0.81268  -236.12562  -238.05238  4.99985   768
300.00  0.03595  0.03489  0.01054  0.81268  -235.15822  -237.09108  4.99985   768
301.00  0.03594  0.03489  0.01124  0.81268  -234.05043  -235.97566  4.99985   768
302.00  0.03595  0.03489  0.01156  0.81268  -233.54994  -235.47212  4.99985   768
303.00  0.03595  0.03489  0.01149  0.81268  -233.60182  -235.46144  4.99985   768
304.00  0.03594  0.03489  0.01117  0.81268  -234.09468  -235.94057  4.99985   768
305.00  0.03594  0.03489  0.01047  0.81268  -235.11244  -236.94459  4.99985   768
306.00  0.03593  0.03489  0.00987  0.81268  -236.07832  -237.93489  4.99985   768
307.00  0.03594  0.03489  0.00961  0.81268  -236.51472  -238.40944  4.99985   768
308.00  0.03594  0.03489  0.00976  0.81268  -236.31483  -238.23396  4.99985   768
309.00  0.03595  0.03489  0.01036  0.81268  -235.43288  -237.40694  4.99985   768
310.00  0.03594  0.03489  0.01116  0.81268  -234.21522  -236.16945  4.99985   768
311.00  0.03594  0.03489  0.01169  0.81268  -233.35158  -235.25239  4.99985   768
312.00  0.03595  0.03489  0.01192  0.81268  -232.99300  -234.87550  4.99985   768
313.00  0.03593  0.03489  0.01163  0.81268  -233.38057  -235.22035  4.99985   768
314.00  0.03593  0.03489  0.01109  0.81268  -234.16487  -235.97414  4.99985   768
315.00  0.03593  0.03489  0.01041  0.81268  -235.21162  -237.01784  4.99985   768
316.00  0.03594  0.03489  0.00991  0.81268  -235.99135  -237.83418  4.99985   768
317.00  0.03593  0.03489  0.00980  0.81268  -236.22328  -238.07832  4.99985   768
318.00  0.03593  0.03489  0.01020  0.81268  -235.65413  -237.58546  4.99985   768
319.00  0.03591  0.03489  0.01094  0.81268  -234.57228  -236.52803  4.99985   768
320.00  0.03593  0.03489  0.01162  0.81268  -233.50569  -235.45381  4.99985   768
321.00  0.03593  0.03489  0.01191  0.81268  -233.01283  -234.91212  4.99985   768
322.00  0.03593  0.03489  0.01188  0.81268  -233.02199  -234.90449  4.99985   768
323.00  0.03593  0.03489  0.01144  0.81268  -233.67812  -235.51637  4.99985   768
324.00  0.03594  0.03489  0.01074  0.81268  -234.71419  -236.54634  4.99985   768
325.00  0.03592  0.03489  0.01015  0.81268  -235.66634  -237.51985  4.99985   768
326.00  0.03593  0.03489  0.00976  0.81268  -236.21718  -238.06917  4.99985   768
327.00  0.03593  0.03489  0.00991  0.81268  -236.06154  -237.99135  4.99985   768
328.00  0.03593  0.03489  0.01050  0.81268  -235.20857  -237.14601  4.99985   768
329.00  0.03593  0.03489  0.01118  0.81268  -234.18928  -236.12215  4.99985   768
330.00  0.03591  0.03489  0.01175  0.81268  -233.24477  -235.15626  4.99985   768
331.00  0.03594  0.03489  0.01197  0.81268  -232.86024  -234.74275  4.99985   768
332.00  0.03592  0.03489  0.01168  0.81268  -233.30275  -235.12880  4.99985   768
333.00  0.03591  0.03489  0.01111  0.81268  -234.12215  -235.92531  4.99985   768
334.00  0.03592  0.03489  0.01030  0.81268  -235.35506  -237.15211  4.99985   768
335.00  0.03592  0.03489  0.00985  0.81268  -236.10274  -237.96388  4.99985   768
336.00  0.03591  0.03489  0.00970  0.81268  -236.36824  -238.26906  4.99985   768
337.00  0.03591  0.03489  0.01012  0.81268  -235.80214  -237.73805  4.99985   768
338.00  0.03592  0.03489  0.01072  0.81268  -234.86220  -236.82100  4.99985   768
339.00  0.03591  0.03489  0.01138  0.81268  -233.87343  -235.82765  4.99985   768
340.00  0.03590  0.03489  0.01179  0.81268  -233.24324  -235.17915  4.99985   768
341.00  0.03592  0.03489  0.01177  0.81268  -233.16084  -235.04335  4.99985   768
342.00  0.03590  0.03489  0.01140  0.81268  -233.73152  -235.59419  4.99985   768
343.00  0.03592  0.03489  0.01071  0.81268  -234.73097  -236.54481  4.99985   768
344.00  0.03590  0.03489  0.01001  0.81268  -235.83418  -237.64192  4.99985   768
345.00  0.03590  0.03489  0.00970  0.81268  -236.35603  -238.22023  4.99985   768
346.00  0.03591  0.03489  0.00986  0.81268  -236.15004  -238.04323  4.99985   768
347.00  0.03590  0.03489  0.01033  0.81268  -235.50154  -237.43135  4.99985   768
348.00  0.03592  0.03489  0.01101  0.81268  -234.44105  -236.37544  4.99985   768
349.00  0.03591  0.03489  0.01159  0.81268  -233.51027  -235.43550  4.99985   768
350.00  0.03590  0.03489  0.01175  0.81268  -233.22951  -235.10591  4.99985   768
351.00  0.03590  0.03489  0.01159  0.81268  -233.45076  -235.30427  4.99985   768
352.00  0.03591  0.03489  0.01109  0.81268  -234.13130  -235.96498  4.99985   768
353.00  0.03590  0.03489  0.01038  0.81268  -235.26503  -237.06514  4.99985   768
354.00  0.03590  0.03489  0.00990  0.81268  -236.04781  -237.92268  4.99985   768
355.00  0.03590  0.03489  0.00978  0.81268  -236.24770  -238.14851  4.99985   768
356.00  0.03590  0.03489  0.01007  0.81268  -235.84486  -237.77772  4.99985   768
357.00  0.03590  0.03489  0.01074  0.81268  -234.85609  -236.81795  4.99985   768
358.00  0.03590  0.03489  0.01141  0.81268  -233.79866  -235.75288  4.99985   768
359.00  0.03591  0.03489  0.01168  0.81268  -233.35463  -235.26765  4.99985   768
360.00  0.03589  0.03489  0.01172  0.81268  -233.27376  -235.15321  4.99985   768
361.00  0.03591  0.03489  0.01130  0.81268  -233.89326  -235.71474  4.99985   768
362.00  0.03589  0.03489  0.01066  0.81268  -234.81795  -236.63637  4.99985   768
363.00  0.03591  0.03489  0.01012  0.81268  -235.71211  -237.55342  4.99985   768
364.00  0.03590  0.03489  0.00977  0.81268  -236.21260  -238.05238  4.99985   768
365.00  0.03589  0.03489  0.00991  0.81268  -236.10579  -238.00813  4.99985   768
366.00  0.03591  0.03489  0.01038  0.81268  -235.36726  -237.30012  4.99985   768
367.00  0.03589  0.03489  0.01106  0.81268  -234.33577  -236.25795  4.99985   768
368.00  0.03590  0.03489  0.01150  0.81268  -233.65370  -235.56367  4.99985   768
369.00  0.03589  0.03489  0.01161  0.81268  -233.46754  -235.35615  4.99985   768
370.00  0.03590  0.03489  0.01126  0.81268  -233.93294  -235.77730  4.99985   768
371.00  0.03591  0.03489  0.01073  0.81268  -234.74470  -236.58601  4.99985   768
372.00  0.03590  0.03489  0.01014  0.81268  -235.67854  -237.53053  4.99985   768
373.00  0.03589  0.03489  0.00974  0.81268  -236.27058  -238.13631  4.99985   768
374.00  0.03590  0.03489  0.00970  0.81268  -236.41554  -238.33009  4.99985   768
375.00  0.03590  0.03489  0.01002  0.81268  -235.93336  -237.88606  4.99985   768
376.00  0.03588  0.03489  0.01067  0.81268  -234.96748  -236.90797  4.99985   768
377.00  0.03590  0.03489  0.01132  0.81268  -233.97871  -235.92378  4.99985   768
378.00  0.03589  0.03489  0.01167  0.81268  -233.33632  -235.22798  4.99985   768
379.00  0.03590  0.03489  0.01153  0.81268  -233.53621  -235.36836  4.99985   768
380.00  0.03589  0.03489  0.01107  0.81268  -234.21370  -236.04433  4.99985   768
381.00  0.03589  0.03489  0.01049  0.81268  -235.10176  -236.91103  4.99985   768
382.00  0.03589  0.03489  0.01000  0.81268  -235.87385  -237.69533  4.99985   768
383.00  0.03590  0.03489  0.00980  0.81268  -236.22023  -238.09206  4.99985   768
384.00  0.03589  0.03489  0.01006  0.81268  -235.84792  -237.75941  4.99985   768
385.00  0.03589  0.03489  0.01057  0.81268  -235.06209  -237.00258  4.99985   768
386.00  0.03589  0.03489  0.01119  0.81268  -234.16334  -236.10841  4.99985   768
387.00  0.03590  0.03489  0.01162  0.81268  -233.46449  -235.39583  4.99985   768
388.00  0.03589  0.03489  0.01171  0.81268  -233.29054  -235.16695  4.99985   768
389.00  0.03588  0.03489  0.01143  0.81268  -233.65370  -235.50416  4.99985   768
390.00  0.03588  0.03489  0.01082  0.81268  -234.62416  -236.47462  4.99985   768
391.00  0.03590  0.03489  0.01019  0.81268  -235.56105  -237.40236  4.99985   768
392.00  0.03589  0.03489  0.00983  0.81268  -236.15156  -238.03407  4.99985   768
393.00  0.03590  0.03489  0.00976  0.81268  -236.30873  -238.22328  4.99985   768
394.00  0.03589  0.03489  0.01026  0.81268  -235.54427  -237.46797  4.99985   768
395.00  0.03590  0.03489  0.01090  0.81268  -234.63789  -236.57991  4.99985   768
396.00  0.03589  0.03489  0.01143  0.81268  -233.77272  -235.68574  4.99985   768
397.00  0.03589  0.03489  0.01165  0.81268  -233.36684  -235.24477  4.99985   768
398.00  0.03590  0.03489  0.01147  0.81268  -233.65218  -235.51637  4.99985   768
399.00  0.03588  0.03489  0.01102  0.81268  -234.29457  -236.12520  4.99985   768
400.00  0.03589  0.03489  0.01039  0.81268  -235.23909  -237.05904  4.99985   768
401.00  0.03589  0.03489  0.00988  0.81268  -236.02949  -237.86623  4.99985   768
402.00  0.03589  0.03489  0.00974  0.81268  -236.31026  -238.16682  4.99985   768
403.00  0.03587  0.03489  0.00992  0.81268  -236.08137  -238.01271  4.99985   768
404.00  0.03590  0.03489  0.01065  0.81268  -235.04530  -237.01479  4.99985   768
405.00  0.03588  0.03489  0.01128  0.81268  -233.99092  -235.93751  4.99985   768
406.00  0.03588  0.03489  0.01165  0.81268  -233.41719  -235.33784  4.99985   768
407.00  0.03587  0.03489  0.01170  0.81268  -233.30733  -235.18678  4.99985   768
408.00  0.03588  0.03489  0.01148  0.81268  -233.62471  -235.50264  4.99985   768
409.00  0.03588  0.03489  0.01084  0.81268  -234.59059  -236.41054  4.99985   768
410.00  0.03587  0.03489  0.01029  0.81268  -235.44661  -237.28639  4.99985   768
411.00  0.03587  0.03489  0.00989  0.81268  -236.06917  -237.91811  4.99985   768
412.00  0.03587  0.03489  0.00989  0.81268  -236.06917  -237.97914  4.99985   768
413.00  0.03588  0.03489  0.01037  0.81268  -235.44966  -237.38557  4.99985   768
414.00  0.03588  0.03489  0.01103  0.81268  -234.35713  -236.28999  4.99985   768
415.00  0.03588  0.03489  0.01158  0.81268  -233.53468  -235.45381  4.99985   768
416.00  0.03587  0.03489  0.01184  0.81268  -233.09523  -234.98231  4.99985   768
417.00  0.03588  0.03489  0.01171  0.81268  -233.23408  -235.08302  4.99985   768
418.00  0.03587  0.03489  0.01110  0.81268  -234.14351  -235.96803  4.99985   768
419.00  0.03588  0.03489  0.01054  0.81268  -235.03920  -236.85915  4.99985   768
420.00  0.03587  0.03489  0.00999  0.81268  -235.85860  -237.70601  4.99985   768
421.00  0.03588  0.03489  0.00979  0.81268  -236.25227  -238.13783  4.99985   768
422.00  0.03587  0.03489  0.01008  0.81268  -235.86928  -237.81587  4.99985   768
423.00  0.03587  0.03489  0.01073  0.81268  -234.86525  -236.81184  4.99985   768
424.00  0.03588  0.03489  0.01131  0.81268  -233.95888  -235.89174  4.99985   768
425.00  0.03587  0.03489  0.01168  0.81268  -233.35615  -235.28139  4.99985   768
426.00  0.03588  0.03489  0.01186  0.81268  -233.04182  -234.93654  4.99985   768
427.00  0.03587  0.03489  0.01144  0.81268  -233.65828  -235.47975  4.99985   768
428.00  0.03588  0.03489  0.01081  0.81268  -234.61653  -236.43343  4.99985   768
429.00  0.03587  0.03489  0.01028  0.81268  -235.44661  -237.28792  4.99985   768
430.00  0.03588  0.03489  0.00985  0.81268  -236.10579  -237.93794  4.99985   768
431.00  0.03587  0.03489  0.00990  0.81268  -236.12868  -238.03255  4.99985   768
432.00  0.03587  0.03489  0.01036  0.81268  -235.40694  -237.34132  4.99985   768
433.00  0.03588  0.03489  0.01101  0.81268  -234.40901  -236.34187  4.99985   768
434.00  0.03586  0.03489  0.01161  0.81268  -233.50416  -235.42177  4.99985   768
435.00  0.03586  0.03489  0.01185  0.81268  -233.02962  -234.90755  4.99985   768
436.00  0.03587  0.03489  0.01164  0.81268  -233.37447  -235.23561  4.99985   768
437.00  0.03587  0.03489  0.01106  0.81268  -234.20454  -236.03059  4.99985   768
438.00  0.03587  0.03489  0.01043  0.81268  -235.21010  -237.04835  4.99985   768
439.00  0.03586  0.03489  0.00982  0.81268  -236.15004  -238.00203  4.99985   768
440.00  0.03587  0.03489  0.00968  0.81268  -236.39723  -238.30415  4.99985   768
441.00  0.03588  0.03489  0.01008  0.81268  -235.88301  -237.81892  4.99985   768
442.00  0.03587  0.03489  0.01071  0.81268  -234.90492  -236.88203  4.99985   768
443.00  0.03586  0.03489  0.01128  0.81268  -234.00770  -235.92378  4.99985   768
444.00  0.03587  0.03489  0.01175  0.81268  -233.26460  -235.18068  4.99985   768
445.00  0.03588  0.03489  0.01173  0.81268  -233.25392  -235.10744  4.99985   768
446.00  0.03586  0.03489  0.01136  0.81268  -233.76662  -235.60182  4.99985   768
447.00  0.03587  0.03489  0.01082  0.81268  -234.58144  -236.40291  4.99985   768
448.00  0.03588  0.03489  0.01012  0.81268  -235.67091  -237.48170  4.99985   768
449.00  0.03586  0.03489  0.00981  0.81268  -236.18819  -238.05543  4.99985   768
450.00  0.03588  0.03489  0.00991  0.81268  -236.09511  -237.98524  4.99985   768
451.00  0.03587  0.03489  0.01037  0.81268  -235.40999  -237.35658  4.99985   768
452.00  0.03586  0.03489  0.01113  0.81268  -234.25490  -236.20607  4.99985   768
453.00  0.03587  0.03489  0.01168  0.81268  -233.35768  -235.29207  4.99985   768
454.00  0.03587  0.03489  0.01183  0.81268  -233.10286  -234.99147  4.99985   768
455.00  0.03587  0.03489  0.01164  0.81268  -233.36226  -235.21730  4.99985   768
456.00  0.03585  0.03489  0.01106  0.81268  -234.25795  -236.09163  4.99985   768
457.00  0.03586  0.03489  0.01046  0.81268  -235.12770  -236.98732  4.99985   768
458.00  0.03586  0.03489  0.00993  0.81268  -236.01881  -237.87996  4.99985   768
459.00  0.03586  0.03489  0.00980  0.81268  -236.23701  -238.13020  4.99985   768
460.00  0.03587  0.03489  0.01005  0.81268  -235.85402  -237.78383  4.99985   768
461.00  0.03586  0.03489  0.01068  0.81268  -234.95680  -236.91408  4.99985   768
462.00  0.03586  0.03489  0.01136  0.81268  -233.87801  -235.80171  4.99985   768
463.00  0.03585  0.03489  0.01183  0.81268  -233.10133  -235.02046  4.99985   768
464.00  0.03587  0.03489  0.01178  0.81268  -233.15016  -235.01741  4.99985   768
465.00  0.03586  0.03489  0.01142  0.81268  -233.64455  -235.46602  4.99985   768
466.00  0.03585  0.03489  0.01061  0.81268  -234.87898  -236.66536  4.99985   768
467.00  0.03586  0.03489  0.00997  0.81268  -235.92268  -237.74263  4.99985   768
468.00  0.03585  0.03489  0.00972  0.81268  -236.35908  -238.20192  4.99985   768
469.00  0.03586  0.03489  0.00980  0.81268  -236.24770  -238.15614  4.99985   768
470.00  0.03586  0.03489  0.01041  0.81268  -235.36879  -237.32606  4.99985   768
471.00  0.03585  0.03489  0.01103  0.81268  -234.41359  -236.37392  4.99985   768
472.00  0.03585  0.03489  0.01155  0.81268  -233.57588  -235.50264  4.99985   768
473.00  0.03586  0.03489  0.01173  0.81268  -233.26613  -235.18526  4.99985   768
474.00  0.03586  0.03489  0.01150  0.81268  -233.55910  -235.41872  4.99985   768
475.00  0.03585  0.03489  0.01094  0.81268  -234.41969  -236.25947  4.99985   768
476.00  0.03584  0.03489  0.01029  0.81268  -235.40541  -237.24062  4.99985   768
477.00  0.03585  0.03489  0.00978  0.81268  -236.25380  -238.09358  4.99985   768
478.00  0.03586  0.03489  0.00970  0.81268  -236.38197  -238.26448  4.99985   768
479.00  0.03585  0.03489  0.01010  0.81268  -235.81892  -237.73653  4.99985   768
480.00  0.03584  0.03489  0.01074  0.81268  -234.82252  -236.78133  4.99985   768
481.00  0.03587  0.03489  0.01132  0.81268  -233.95125  -235.86580  4.99985   768
482.00  0.03585  0.03489  0.01170  0.81268  -233.31648  -235.21120  4.99985   768
483.00  0.03585  0.03489  0.01164  0.81268  -233.38667  -235.23561  4.99985   768
484.00  0.03585  0.03489  0.01127  0.81268  -233.91157  -235.74678  4.99985   768
485.00  0.03584  0.03489  0.01064  0.81268  -234.84389  -236.65773  4.99985   768
486.00  0.03584  0.03489  0.01003  0.81268  -235.82045  -237.66481  4.99985   768
487.00  0.03584  0.03489  0.00976  0.81268  -236.27821  -238.14546  4.99985   768
488.00  0.03585  0.03489  0.00991  0.81268  -236.06306  -237.98372  4.99985   768
489.00  0.03584  0.03489  0.01045  0.81268  -235.30470  -237.26350  4.99985   768
490.00  0.03586  0.03489  0.01119  0.81268  -234.16487  -236.11909  4.99985   768
491.00  0.03586  0.03489  0.01175  0.81268  -233.26002  -235.18068  4.99985   768
492.00  0.03585  0.03489  0.01177  0.81268  -233.20662  -235.08150  4.99985   768
493.00  0.03584  0.03489  0.01157  0.81268  -233.45991  -235.33327  4.99985   768
494.00  0.03585  0.03489  0.01095  0.81268  -234.37697  -236.20149  4.99985   768
495.00  0.03586  0.03489  0.01019  0.81268  -235.54732  -237.36879  4.99985   768
496.00  0.03585  0.03489  0.00978  0.81268  -236.24464  -238.09206  4.99985   768
497.00  0.03585  0.03489  0.00968  0.81268  -236.39418  -238.27211  4.99985   768
498.00  0.03585  0.03489  0.01007  0.81268  -235.85402  -237.78383  4.99985   768
499.00  0.03584  0.03489  0.01073  0.81268  -234.84083  -236.79048  4.99985   768
500.00  0.03584  0.03489  0.01143  0.81268  -233.75899  -235.68574  4.99985   768
501.00  0.03584  0.03489  0.01171  0.81268  -233.34395  -235.24629  4.99985   768
502.00  0.03586  0.03489  0.01155  0.81268  -233.48433  -235.33784  4.99985   768
503.00  0.03585  0.03489  0.01109  0.81268  -234.19997  -236.02602  4.99985   768
504.00  0.03585  0.03489  0.01042  0.81268  -235.20247  -237.03462  4.99985   768
505.00  0.03585  0.03489  0.00981  0.81268  -236.20344  -238.04933  4.99985   768
506.00  0.03585  0.03489  0.00950  0.81268  -236.66884  -238.54219  4.99985   768
507.00  0.03586  0.03489  0.00970  0.81268  -236.43538  -238.36671  4.99985   768
508.00  0.03584  0.03489  0.01027  0.81268  -235.57326  -237.51985  4.99985   768
509.00  0.03584  0.03489  0.01105  0.81268  -234.41359  -236.37392  4.99985   768
510.00  0.03584  0.03489  0.01155  0.81268  -233.55147  -235.49196  4.99985   768
511.00  0.03585  0.03489  0.01167  0.81268  -233.32869  -235.19899  4.99985   768
512.00  0.03584  0.03489  0.01135  0.81268  -233.78645  -235.61708  4.99985   768
513.00  0.03584  0.03489  0.01080  0.81268  -234.64552  -236.48225  4.99985   768
514.00  0.03585  0.03489  0.01011  0.81268  -235.67396  -237.47255  4.99985   768
515.00  0.03585  0.03489  0.00969  0.81268  -236.36977  -238.20955  4.99985   768
516.00  0.03584  0.03489  0.00961  0.81268  -236.51472  -238.39571  4.99985   768
517.00  0.03584  0.03489  0.01013  0.81268  -235.76857  -237.69685  4.99985   768
518.00  0.03584  0.03489  0.01085  0.81268  -234.68062  -236.63637  4.99985   768
519.00  0.03583  0.03489  0.01152  0.81268  -233.62013  -235.55604  4.99985   768
520.00  0.03584  0.03489  0.01175  0.81268  -233.21730  -235.13338  4.99985   768
521.00  0.03584  0.03489  0.01165  0.81268  -233.38209  -235.25697  4.99985   768
522.00  0.03584  0.03489  0.01121  0.81268  -233.97871  -235.81697  4.99985   768
523.00  0.03584  0.03489  0.01055  0.81268  -234.99037  -236.81642  4.99985   768
524.00  0.03584  0.03489  0.00997  0.81268  -235.91658  -237.78993  4.99985   768
525.00  0.03583  0.03489  0.00971  0.81268  -236.37740  -238.23701  4.99985   768
526.00  0.03584  0.03489  0.00989  0.81268  -236.16072  -238.08137  4.99985   768
527.00  0.03584  0.03489  0.01040  0.81268  -235.41762  -237.37794  4.99985   768
528.00  0.03585  0.03489  0.01113  0.81268  -234.20302  -236.15724  4.99985   768
529.00  0.03583  0.03489  0.01162  0.81268  -233.47365  -235.35768  4.99985   768
530.00  0.03584  0.03489  0.01178  0.81268  -233.19746  -235.07539  4.99985   768
531.00  0.03584  0.03489  0.01152  0.81268  -233.47975  -235.30733  4.99985   768
532.00  0.03585  0.03489  0.01079  0.81268  -234.65315  -236.46242  4.99985   768
533.00  0.03584  0.03489  0.01020  0.81268  -235.54427  -237.36116  4.99985   768
534.00  0.03584  0.03489  0.00975  0.81268  -236.25990  -238.11342  4.99985   768
535.00  0.03585  0.03489  0.00967  0.81268  -236.44759  -238.33925  4.99985   768
536.00  0.03584  0.03489  0.01014  0.81268  -235.72432  -237.66176  4.99985   768
537.00  0.03584  0.03489  0.01077  0.81268  -234.82710  -236.79353  4.99985   768
538.00  0.03584  0.03489  0.01143  0.81268  -233.76662  -235.69337  4.99985   768
539.00  0.03583  0.03489  0.01168  0.81268  -233.36989  -235.28444  4.99985   768
540.00  0.03585  0.03489  0.01156  0.81268  -233.51332  -235.38667  4.99985   768
541.00  0.03582  0.03489  0.01116  0.81268  -234.08247  -235.90242  4.99985   768
542.00  0.03585  0.03489  0.01047  0.81268  -235.12312  -236.94307  4.99985   768
543.00  0.03584  0.03489  0.00990  0.81268  -236.05086  -237.88911  4.99985   768
544.00  0.03584  0.03489  0.00965  0.81268  -236.42165  -238.30568  4.99985   768
545.00  0.03584  0.03489  0.00977  0.81268  -236.28126  -238.18056  4.99985   768
546.00  0.03582  0.03489  0.01042  0.81268  -235.36879  -237.32759  4.99985   768
547.00  0.03584  0.03489  0.01122  0.81268  -234.08552  -236.02449  4.99985   768
548.00  0.03584  0.03489  0.01159  0.81268  -233.49043  -235.38362  4.99985   768
549.00  0.03583  0.03489  0.01169  0.81268  -233.33937  -235.20967  4.99985   768
550.00  0.03584  0.03489  0.01147  0.81268  -233.59114  -235.42482  4.99985   768
551.00  0.03584  0.03489  0.01090  0.81268  -234.45174  -236.26100  4.99985   768
552.00  0.03583  0.03489  0.01018  0.81268  -235.57936  -237.42219  4.99985   768
553.00  0.03583  0.03489  0.00979  0.81268  -236.24312  -238.09206  4.99985   768
554.00  0.03582  0.03489  0.00977  0.81268  -236.28279  -238.17445  4.99985   768
555.00  0.03584  0.03489  0.01022  0.81268  -235.68159  -237.63887  4.99985   768
556.00  0.03583  0.03489  0.01096  0.81268  -234.51125  -236.48225  4.99985   768
557.00  0.03583  0.03489  0.01155  0.81268  -233.62318  -235.55757  4.99985   768
558.00  0.03584  0.03489  0.01187  0.81268  -233.07692  -235.00673  4.99985   768
559.00  0.03583  0.03489  0.01178  0.81268  -233.20051  -235.06776  4.99985   768
560.00  0.03584  0.03489  0.01123  0.81268  -233.94820  -235.76356  4.99985   768
561.00  0.03585  0.03489  0.01055  0.81268  -235.00258  -236.81947  4.99985   768
562.00  0.03584  0.03489  0.00999  0.81268  -235.84792  -237.68159  4.99985   768
563.00  0.03584  0.03489  0.00980  0.81268  -236.21565  -238.07680  4.99985   768
564.00  0.03584  0.03489  0.01001  0.81268  -235.95930  -237.88454  4.99985   768
565.00  0.03584  0.03489  0.01066  0.81268  -234.96748  -236.88356  4.99985   768
566.00  0.03584  0.03489  0.01132  0.81268  -233.96498  -235.90852  4.99985   768
567.00  0.03583  0.03489  0.01179  0.81268  -233.18678  -235.09676  4.99985   768
568.00  0.03583  0.03489  0.01178  0.81268  -233.13185  -234.98842  4.99985   768
569.00  0.03582  0.03489  0.01145  0.81268  -233.60792  -235.44771  4.99985   768
570.00  0.03583  0.03489  0.01086  0.81268  -234.56770  -236.40901  4.99985   768
571.00  0.03582  0.03489  0.01016  0.81268  -235.60225  -237.42372  4.99985   768
572.00  0.03583  0.03489  0.00969  0.81268  -236.34535  -238.20955  4.99985   768
573.00  0.03583  0.03489  0.00959  0.81268  -236.58949  -238.50252  4.99985   768
574.00  0.03584  0.03489  0.01006  0.81268  -235.88301  -237.83723  4.99985   768
575.00  0.03583  0.03489  0.01076  0.81268  -234.82405  -236.77675  4.99985   768
576.00  0.03582  0.03489  0.01145  0.81268  -233.75593  -235.69643  4.99985   768
577.00  0.03584  0.03489  0.01163  0.81268  -233.42635  -235.32106  4.99985   768
578.00  0.03584  0.03489  0.01148  0.81268  -233.62318  -235.49654  4.99985   768
579.00  0.03583  0.03489  0.01092  0.81268  -234.41969  -236.22438  4.99985   768
580.00  0.03584  0.03489  0.01032  0.81268  -235.34285  -237.15364  4.99985   768
581.00  0.03584  0.03489  0.00989  0.81268  -236.04933  -237.90132  4.99985   768
582.00  0.03583  0.03489  0.00973  0.81268  -236.33772  -238.21260  4.99985   768
583.00  0.03583  0.03489  0.01003  0.81268  -235.90132  -237.80672  4.99985   768
584.00  0.03582  0.03489  0.01059  0.81268  -235.06056  -236.98732  4.99985   768
585.00  0.03584  0.03489  0.01125  0.81268  -234.10384  -236.05043  4.99985   768
586.00  0.03582  0.03489  0.01168  0.81268  -233.37294  -235.27833  4.99985   768
587.00  0.03584  0.03489  0.01168  0.81268  -233.31648  -235.18831  4.99985   768
588.00  0.03584  0.03489  0.01137  0.81268  -233.78645  -235.62776  4.99985   768
589.00  0.03582  0.03489  0.01072  0.81268  -234.76912  -236.61043  4.99985   768
590.00  0.03582  0.03489  0.01012  0.81268  -235.71974  -237.57631  4.99985   768
591.00  0.03582  0.03489  0.00976  0.81268  -236.25532  -238.10731  4.99985   768
592.00  0.03582  0.03489  0.00990  0.81268  -236.11494  -238.04323  4.99985   768
593.00  0.03586  0.03489  0.01039  0.81268  -235.36116  -237.28792  4.99985   768
594.00  0.03582  0.03489  0.01100  0.81268  -234.43190  -236.37086  4.99985   768
595.00  0.03583  0.03489  0.01153  0.81268  -233.63539  -235.56215  4.99985   768
596.00  0.03583  0.03489  0.01171  0.81268  -233.29665  -235.18526  4.99985   768
597.00  0.03584  0.03489  0.01159  0.81268  -233.45228  -235.29970  4.99985   768
598.00  0.03583  0.03489  0.01109  0.81268  -234.16029  -235.96651  4.99985   768
599.00  0.03584  0.03489  0.01036  0.81268  -235.29097  -237.08955  4.99985   768
600.00  0.03583  0.03489  0.00984  0.81268  -236.12410  -237.98372  4.99985   768
601.00  0.03583  0.03489  0.00970  0.81268  -236.33467  -238.23091  4.99985   768
602.00  0.03583  0.03489  0.01002  0.81268  -235.95015  -237.88148  4.99985   768
603.00  0.03582  0.03489  0.01071  0.81268  -234.90797  -236.85915  4.99985   768
604.00  0.03584  0.03489  0.01128  0.81268  -234.03364  -235.96040  4.99985   768
605.00  0.03583  0.03489  0.01161  0.81268  -233.45991  -235.38820  4.99985   768
606.00  0.03582  0.03489  0.01155  0.81268  -233.51637  -235.38972  4.99985   768
607.00  0.03584  0.03489  0.01128  0.81268  -233.92531  -235.77577  4.99985   768
608.00  0.03582  0.03489  0.01067  0.81268  -234.83321  -236.66078  4.99985   768
609.00  0.03583  0.03489  0.01001  0.81268  -235.86317  -237.69533  4.99985   768
610.00  0.03583  0.03489  0.00961  0.81268  -236.49336  -238.35298  4.99985   768
611.00  0.03582  0.03489  0.00974  0.81268  -236.33009  -238.25685  4.99985   768
612.00  0.03583  0.03489  0.01025  0.81268  -235.58089  -237.51375  4.99985   768
613.00  0.03583  0.03489  0.01101  0.81268  -234.43495  -236.37239  4.99985   768
614.00  0.03583  0.03489  0.01159  0.81268  -233.55147  -235.46907  4.99985   768
615.00  0.03583  0.03489  0.01175  0.81268  -233.20357  -235.05556  4.99985   768
616.00  0.03584  0.03489  0.01139  0.81268  -233.76662  -235.61098  4.99985   768
617.00  0.03583  0.03489  0.01098  0.81268  -234.36323  -236.20302  4.99985   768
618.00  0.03583  0.03489  0.01032  0.81268  -235.30928  -237.13380  4.99985   768
619.00  0.03583  0.03489  0.00979  0.81268  -236.22481  -238.06764  4.99985   768
620.00  0.03582  0.03489  0.00972  0.81268  -236.37434  -238.27364  4.99985   768
621.00  0.03582  0.03489  0.01004  0.81268  -235.92879  -237.86775  4.99985   768
622.00  0.03583  0.03489  0.01067  0.81268  -234.98427  -236.94307  4.99985   768
623.00  0.03582  0.03489  0.01136  0.81268  -233.90242  -235.87343  4.99985   768
624.00  0.03583  0.03489  0.01176  0.81268  -233.26460  -235.17610  4.99985   768
625.00  0.03583  0.03489  0.01174  0.81268  -233.26308  -235.15016  4.99985   768
626.00  0.03582  0.03489  0.01121  0.81268  -233.92683  -235.75441  4.99985   768
627.00  0.03582  0.03489  0.01063  0.81268  -234.90187  -236.73555  4.99985   768
628.00  0.03583  0.03489  0.01008  0.81268  -235.75331  -237.59157  4.99985   768
629.00  0.03582  0.03489  0.00974  0.81268  -236.29958  -238.15462  4.99985   768
630.00  0.03582  0.03489  0.00997  0.81268  -235.97609  -237.87843  4.99985   768
631.00  0.03582  0.03489  0.01045  0.81268  -235.28792  -237.22230  4.99985   768
632.00  0.03582  0.03489  0.01119  0.81268  -234.15572  -236.08247  4.99985   768
633.00  0.03584  0.03489  0.01173  0.81268  -233.28139  -235.19899  4.99985   768
634.00  0.03582  0.03489  0.01186  0.81268  -233.05250  -234.91365  4.99985   768
635.00  0.03582  0.03489  0.01157  0.81268  -233.46144  -235.31343  4.99985   768
636.00  0.03583  0.03489  0.01095  0.81268  -234.37544  -236.21370  4.99985   768
637.00  0.03583  0.03489  0.01019  0.81268  -235.53816  -237.35658  4.99985   768
638.00  0.03582  0.03489  0.00966  0.81268  -236.43233  -238.28584  4.99985   768
639.00  0.03582  0.03489  0.00963  0.81268  -236.45827  -238.35603  4.99985   768
640.00  0.03583  0.03489  0.01004  0.81268  -235.97914  -237.94252  4.99985   768
641.00  0.03582  0.03489  0.01067  0.81268  -234.95070  -236.90950  4.99985   768
642.00  0.03582  0.03489  0.01132  0.81268  -233.94820  -235.87801  4.99985   768
643.00  0.03584  0.03489  0.01179  0.81268  -233.15626  -235.07082  4.99985   768
644.00  0.03582  0.03489  0.01172  0.81268  -233.28749  -235.15932  4.99985   768
645.00  0.03582  0.03489  0.01128  0.81268  -233.87953  -235.70406  4.99985   768
646.00  0.03582  0.03489  0.01060  0.81268  -234.89882  -236.71266  4.99985   768
647.00  0.03582  0.03489  0.00989  0.81268  -236.04475  -237.84792  4.99985   768
648.00  0.03584  0.03489  0.00958  0.81268  -236.54524  -238.41249  4.99985   768
649.00  0.03582  0.03489  0.00972  0.81268  -236.38502  -238.30110  4.99985   768
650.00  0.03582  0.03489  0.01030  0.81268  -235.50917  -237.44356  4.99985   768
651.00  0.03583  0.03489  0.01109  0.81268  -234.28694  -236.23811  4.99985   768
652.00  0.03582  0.03489  0.01167  0.81268  -233.39125  -235.31648  4.99985   768
653.00  0.03582  0.03489  0.01179  0.81268  -233.15016  -235.02046  4.99985   768
654.00  0.03582  0.03489  0.01149  0.81268  -233.62471  -235.48433  4.99985   768
655.00  0.03582  0.03489  0.01096  0.81268  -234.36781  -236.19539  4.99985   768
656.00  0.03582  0.03489  0.01014  0.81268  -235.60225  -237.42677  4.99985   768
657.00  0.03582  0.03489  0.00971  0.81268  -236.34993  -238.21870  4.99985   768
658.00  0.03582  0.03489  0.00960  0.81268  -236.54219  -238.43843  4.99985   768
659.00  0.03580  0.03489  0.00990  0.81268  -236.10579  -238.03407  4.99985   768
660.00  0.03583  0.03489  0.01067  0.81268  -235.02089  -237.00105  4.99985   768
661.00  0.03582  0.03489  0.01139  0.81268  -233.80934  -235.76356  4.99985   768
662.00  0.03582  0.03489  0.01170  0.81268  -233.32106  -235.19746  4.99985   768
663.00  0.03582  0.03489  0.01173  0.81268  -233.22798  -235.09676  4.99985   768
664.00  0.03582  0.03489  0.01129  0.81268  -233.83681  -235.65218  4.99985   768
665.00  0.03582  0.03489  0.01060  0.81268  -234.93697  -236.73250  4.99985   768
666.00  0.03582  0.03489  0.00996  0.81268  -235.94099  -237.77315  4.99985   768
667.00  0.03581  0.03489  0.00962  0.81268  -236.47505  -238.33620  4.99985   768
668.00  0.03582  0.03489  0.00981  0.81268  -236.24464  -238.14699  4.99985   768
669.00  0.03582  0.03489  0.01032  0.81268  -235.50459  -237.44966  4.99985   768
670.00  0.03582  0.03489  0.01101  0.81268  -234.43343  -236.39986  4.99985   768
671.00  0.03582  0.03489  0.01163  0.81268  -233.46297  -235.39583  4.99985   768
672.00  0.03583  0.03489  0.01175  0.81268  -233.27833  -235.17305  4.99985   768
673.00  0.03582  0.03489  0.01146  0.81268  -233.65370  -235.50874  4.99985   768
674.00  0.03582  0.03489  0.01106  0.81268  -234.26863  -236.10689  4.99985   768
675.00  0.03582  0.03489  0.01034  0.81268  -235.34132  -237.16280  4.99985   768
676.00  0.03583  0.03489  0.00984  0.81268  -236.13936  -238.00508  4.99985   768
677.00  0.03581  0.03489  0.00980  0.81268  -236.21413  -238.10121  4.99985   768
678.00  0.03582  0.03489  0.01008  0.81268  -235.86928  -237.79756  4.99985   768
679.00  0.03582  0.03489  0.01080  0.81268  -234.74470  -236.69435  4.99985   768
680.00  0.03580  0.03489  0.01147  0.81268  -233.72847  -235.66743  4.99985   768
681.00  0.03582  0.03489  0.01177  0.81268  -233.20814  -235.09218  4.99985   768
682.00  0.03582  0.03489  0.01176  0.81268  -233.16389  -235.02199  4.99985   768
683.00  0.03581  0.03489  0.01132  0.81268  -233.87343  -235.71016  4.99985   768
684.00  0.03582  0.03489  0.01071  0.81268  -234.73097  -236.54176  4.99985   768
685.00  0.03580  0.03489  0.01001  0.81268  -235.86165  -237.68922  4.99985   768
686.00  0.03582  0.03489  0.00987  0.81268  -236.12562  -238.01576  4.99985   768
687.00  0.03583  0.03489  0.01004  0.81268  -235.88301  -237.78841  4.99985   768
688.00  0.03581  0.03489  0.01048  0.81268  -235.24214  -237.18111  4.99985   768
689.00  0.03581  0.03489  0.01122  0.81268  -234.10841  -236.06111  4.99985   768
690.00  0.03581  0.03489  0.01163  0.81268  -233.46297  -235.37752  4.99985   768
691.00  0.03581  0.03489  0.01170  0.81268  -233.31953  -235.20509  4.99985   768
692.00  0.03582  0.03489  0.01140  0.81268  -233.72389  -235.57893  4.99985   768
693.00  0.03581  0.03489  0.01097  0.81268  -234.40291  -236.25795  4.99985   768
694.00  0.03582  0.03489  0.01033  0.81268  -235.33827  -237.17805  4.99985   768
695.00  0.03581  0.03489  0.00992  0.81268  -235.98524  -237.83418  4.99985   768
696.00  0.03581  0.03489  0.00985  0.81268  -236.17598  -238.04781  4.99985   768
697.00  0.03581  0.03489  0.01022  0.81268  -235.60225  -237.52748  4.99985   768
698.00  0.03582  0.03489  0.01082  0.81268  -234.72487  -236.65620  4.99985   768
699.00  0.03580  0.03489  0.01142  0.81268  -233.76051  -235.66438  4.99985   768
700.00  0.03581  0.03489  0.01161  0.81268  -233.45686  -235.33937  4.99985   768
701.00  0.03582  0.03489  0.01144  0.81268  -233.65218  -235.51027  4.99985   768
702.00  0.03582  0.03489  0.01097  0.81268  -234.36018  -236.20607  4.99985   768
703.00  0.03581  0.03489  0.01040  0.81268  -235.23909  -237.07429  4.99985   768
704.00  0.03581  0.03489  0.00995  0.81268  -235.95167  -237.80977  4.99985   768
705.00  0.03582  0.03489  0.00973  0.81268  -236.35146  -238.23396  4.99985   768
706.00  0.03581  0.03489  0.00993  0.81268  -236.08290  -238.00966  4.99985   768
707.00  0.03580  0.03489  0.01042  0.81268  -235.32454  -237.26198  4.99985   768
708.00  0.03579  0.03489  0.01108  0.81268  -234.34340  -236.29915  4.99985   768
709.00  0.03582  0.03489  0.01152  0.81268  -233.58198  -235.50416  4.99985   768
710.00  0.03581  0.03489  0.01147  0.81268  -233.62013  -235.48433  4.99985   768
711.00  0.03580  0.03489  0.01124  0.81268  -233.98634  -235.82460  4.99985   768
712.00  0.03580  0.03489  0.01061  0.81268  -234.88661  -236.68977  4.99985   768
713.00  0.03580  0.03489  0.00996  0.81268  -235.94557  -237.78230  4.99985   768
714.00  0.03581  0.03489  0.00971  0.81268  -236.31636  -238.18208  4.99985   768
715.00  0.03581  0.03489  0.00974  0.81268  -236.30415  -238.19124  4.99985   768
716.00  0.03580  0.03489  0.01027  0.81268  -235.59462  -237.51833  4.99985   768
717.00  0.03582  0.03489  0.01098  0.81268  -234.48378  -236.42885  4.99985   768
718.00  0.03582  0.03489  0.01167  0.81268  -233.43703  -235.35615  4.99985   768
719.00  0.03581  0.03489  0.01187  0.81268  -233.04335  -234.93806  4.99985   768
720.00  0.03582  0.03489  0.01176  0.81268  -233.17152  -235.04335  4.99985   768
721.00  0.03582  0.03489  0.01124  0.81268  -233.94514  -235.77425  4.99985   768
722.00  0.03580  0.03489  0.01052  0.81268  -235.02852  -236.85762  4.99985   768
723.00  0.03581  0.03489  0.00994  0.81268  -235.99287  -237.83113  4.99985   768
724.00  0.03580  0.03489  0.00991  0.81268  -236.08137  -237.99440  4.99985   768
725.00  0.03580  0.03489  0.01020  0.81268  -235.67396  -237.60835  4.99985   768
726.00  0.03582  0.03489  0.01086  0.81268  -234.66536  -236.62263  4.99985   768
727.00  0.03580  0.03489  0.01156  0.81268  -233.56215  -235.51179  4.99985   768
728.00  0.03581  0.03489  0.01189  0.81268  -233.04793  -234.94874  4.99985   768
729.00  0.03582  0.03489  0.01182  0.81268  -233.07997  -234.93959  4.99985   768
730.00  0.03581  0.03489  0.01143  0.81268  -233.65675  -235.48585  4.99985   768
731.00  0.03582  0.03489  0.01076  0.81268  -234.67451  -236.49446  4.99985   768
732.00  0.03581  0.03489  0.00993  0.81268  -235.91658  -237.71516  4.99985   768
733.00  0.03582  0.03489  0.00937  0.81268  -236.84126  -238.67952  4.99985   768
734.00  0.03581  0.03489  0.00948  0.81268  -236.77565  -238.69325  4.99985   768
735.00  0.03580  0.03489  0.01005  0.81268  -235.89979  -237.85249  4.99985   768
736.00  0.03581  0.03489  0.01075  0.81268  -234.82405  -236.76607  4.99985   768
737.00  0.03581  0.03489  0.01130  0.81268  -233.94514  -235.88258  4.99985   768
738.00  0.03582  0.03489  0.01151  0.81268  -233.61708  -235.52858  4.99985   768
739.00  0.03581  0.03489  0.01138  0.81268  -233.77882  -235.64912  4.99985   768
740.00  0.03581  0.03489  0.01094  0.81268  -234.41664  -236.26100  4.99985   768
741.00  0.03581  0.03489  0.01017  0.81268  -235.56105  -237.37794  4.99985   768
742.00  0.03581  0.03489  0.00962  0.81268  -236.46895  -238.30415  4.99985   768
743.00  0.03580  0.03489  0.00940  0.81268  -236.87636  -238.75429  4.99985   768
744.00  0.03581  0.03489  0.00976  0.81268  -236.34383  -238.27974  4.99985   768
745.00  0.03581  0.03489  0.01050  0.81268  -235.23756  -237.19636  4.99985   768
746.00  0.03580  0.03489  0.01119  0.81268  -234.12367  -236.07637  4.99985   768
747.00  0.03581  0.03489  0.01179  0.81268  -233.19441  -235.10286  4.99985   768
748.00  0.03581  0.03489  0.01189  0.81268  -232.99300  -234.84804  4.99985   768
749.00  0.03580  0.03489  0.01146  0.81268  -233.61861  -235.44008  4.99985   768
750.00  0.03581  0.03489  0.01087  0.81268  -234.51582  -236.32814  4.99985   768
751.00  0.03582  0.03489  0.01029  0.81268  -235.42372  -237.24672  4.99985   768
752.00  0.03581  0.03489  0.00993  0.81268  -236.02187  -237.90285  4.99985   768
753.00  0.03582  0.03489  0.00997  0.81268  -235.97456  -237.86928  4.99985   768
754.00  0.03582  0.03489  0.01046  0.81268  -235.29555  -237.26198  4.99985   768
755.00  0.03581  0.03489  0.01101  0.81268  -234.43953  -236.38612  4.99985   768
756.00  0.03579  0.03489  0.01165  0.81268  -233.47975  -235.41109  4.99985   768
757.00  0.03581  0.03489  0.01206  0.81268  -232.77022  -234.69545  4.99985   768
758.00  0.03579  0.03489  0.01182  0.81268  -233.11507  -234.96553  4.99985   768
759.00  0.03580  0.03489  0.01130  0.81268  -233.87190  -235.73305  4.99985   768
760.00  0.03579  0.03489  0.01067  0.81268  -234.80879  -236.62111  4.99985   768
761.00  0.03580  0.03489  0.00997  0.81268  -235.92116  -237.73958  4.99985   768
762.00  0.03581  0.03489  0.00984  0.81268  -236.16682  -238.05543  4.99985   768
763.00  0.03580  0.03489  0.01002  0.81268  -235.88606  -237.79909  4.99985   768
764.00  0.03581  0.03489  0.01050  0.81268  -235.18568  -237.10939  4.99985   768
765.00  0.03580  0.03489  0.01120  0.81268  -234.14046  -236.07484  4.99985   768
766.00  0.03581  0.03489  0.01158  0.81268  -233.47822  -235.38820  4.99985   768
767.00  0.03581  0.03489  0.01170  0.81268  -233.31953  -235.20204  4.99985   768
768.00  0.03579  0.03489  0.01133  0.81268  -233.80781  -235.64607  4.99985   768
769.00  0.03581  0.03489  0.01076  0.81268  -234.69130  -236.51887  4.99985   768
770.00  0.03581  0.03489  0.01006  0.81268  -235.73805  -237.57631  4.99985   768
771.00  0.03580  0.03489  0.00963  0.81268  -236.46132  -238.33772  4.99985   768
772.00  0.03580  0.03489  0.00970  0.81268  -236.38350  -238.29500  4.99985   768
773.00  0.03580  0.03489  0.01017  0.81268  -235.72737  -237.67702  4.99985   768
774.00  0.03580  0.03489  0.01089  0.81268  -234.66841  -236.64400  4.99985   768
775.00  0.03581  0.03489  0.01147  0.81268  -233.71168  -235.63539  4.99985   768
776.00  0.03580  0.03489  0.01174  0.81268  -233.25239  -235.15016  4.99985   768
777.00  0.03582  0.03489  0.01161  0.81268  -233.42940  -235.28596  4.99985   768
778.00  0.03580  0.03489  0.01109  0.81268  -234.18776  -236.02754  4.99985   768
779.00  0.03581  0.03489  0.01045  0.81268  -235.11549  -236.92476  4.99985   768
780.00  0.03580  0.03489  0.00991  0.81268  -236.03407  -237.86928  4.99985   768
781.00  0.03581  0.03489  0.00980  0.81268  -236.24159  -238.09969  4.99985   768
782.00  0.03582  0.03489  0.01003  0.81268  -235.90132  -237.81740  4.99985   768
783.00  0.03580  0.03489  0.01066  0.81268  -234.97511  -236.91713  4.99985   768
784.00  0.03580  0.03489  0.01135  0.81268  -233.89632  -235.81239  4.99985   768
785.00  0.03578  0.03489  0.01177  0.81268  -233.19136  -235.09370  4.99985   768
786.00  0.03579  0.03489  0.01175  0.81268  -233.20204  -235.05556  4.99985   768
787.00  0.03580  0.03489  0.01137  0.81268  -233.77272  -235.63081  4.99985   768
788.00  0.03579  0.03489  0.01083  0.81268  -234.57533  -236.41054  4.99985   768
789.00  0.03580  0.03489  0.01022  0.81268  -235.53511  -237.37642  4.99985   768
790.00  0.03579  0.03489  0.00985  0.81268  -236.12562  -238.00050  4.99985   768
791.00  0.03579  0.03489  0.01000  0.81268  -235.95778  -237.87385  4.99985   768
792.00  0.03579  0.03489  0.01038  0.81268  -235.38252  -237.31691  4.99985   768
793.00  0.03579  0.03489  0.01113  0.81268  -234.27931  -236.23354  4.99985   768
794.00  0.03579  0.03489  0.01169  0.81268  -233.38515  -235.30733  4.99985   768
795.00  0.03580  0.03489  0.01183  0.81268  -233.12880  -235.00673  4.99985   768
796.00  0.03580  0.03489  0.01163  0.81268  -233.39278  -235.24324  4.99985   768
797.00  0.03580  0.03489  0.01107  0.81268  -234.16029  -235.97261  4.99985   768
798.00  0.03580  0.03489  0.01044  0.81268  -235.15822  -236.95833  4.99985   768
799.00  0.03580  0.03489  0.00998  0.81268  -235.93336  -237.77772  4.99985   768
800.00  0.03579  0.03489  0.00984  0.81268  -236.13020  -238.00508  4.99985   768
801.00  0.03579  0.03489  0.01012  0.81268  -235.79604  -237.70906  4.99985   768
802.00  0.03581  0.03489  0.01075  0.81268  -234.86525  -236.82100  4.99985   768
803.00  0.03580  0.03489  0.01140  0.81268  -233.80781  -235.74373  4.99985   768
804.00  0.03579  0.03489  0.01168  0.81268  -233.35615  -235.27833  4.99985   768
805.00  0.03581  0.03489  0.01172  0.81268  -233.27223  -235.17000  4.99985   768
806.00  0.03579  0.03489  0.01137  0.81268  -233.78187  -235.62776  4.99985   768
807.00  0.03579  0.03489  0.01071  0.81268  -234.75996  -236.58754  4.99985   768
808.00  0.03580  0.03489  0.01008  0.81268  -235.74568  -237.58699  4.99985   768
809.00  0.03580  0.03489  0.00966  0.81268  -236.40944  -238.25227  4.99985   768
810.00  0.03581  0.03489  0.00976  0.81268  -236.34383  -238.26295  4.99985   768
811.00  0.03580  0.03489  0.01023  0.81268  -235.63124  -237.57173  4.99985   768
812.00  0.03581  0.03489  0.01102  0.81268  -234.43648  -236.39528  4.99985   768
813.00  0.03580  0.03489  0.01143  0.81268  -233.72542  -235.60182  4.99985   768
814.00  0.03580  0.03489  0.01171  0.81268  -233.33937  -235.25239  4.99985   768
815.00  0.03581  0.03489  0.01145  0.81268  -233.62318  -235.45839  4.99985   768
816.00  0.03580  0.03489  0.01094  0.81268  -234.44563  -236.26100  4.99985   768
817.00  0.03580  0.03489  0.01035  0.81268  -235.26808  -237.10023  4.99985   768
818.00  0.03579  0.03489  0.00976  0.81268  -236.21870  -238.04018  4.99985   768
819.00  0.03580  0.03489  0.00956  0.81268  -236.57271  -238.47200  4.99985   768
820.00  0.03580  0.03489  0.00999  0.81268  -235.98982  -237.94557  4.99985   768
821.00  0.03580  0.03489  0.01061  0.81268  -235.06361  -237.02089  4.99985   768
822.00  0.03580  0.03489  0.01128  0.81268  -234.00160  -235.95583  4.99985   768
823.00  0.03579  0.03489  0.01166  0.81268  -233.39430  -235.30733  4.99985   768
824.00  0.03580  0.03489  0.01170  0.81268  -233.31343  -235.23103  4.99985   768
825.00  0.03579  0.03489  0.01132  0.81268  -233.84596  -235.69337  4.99985   768
826.00  0.03579  0.03489  0.01068  0.81268  -234.80421  -236.61195  4.99985   768
827.00  0.03579  0.03489  0.01015  0.81268  -235.66634  -237.52138  4.99985   768
828.00  0.03581  0.03489  0.00984  0.81268  -236.17293  -238.03407  4.99985   768
829.00  0.03579  0.03489  0.00993  0.81268  -236.04323  -237.93336  4.99985   768
830.00  0.03579  0.03489  0.01049  0.81268  -235.23451  -237.17653  4.99985   768
831.00  0.03579  0.03489  0.01119  0.81268  -234.12367  -236.06874  4.99985   768
832.00  0.03581  0.03489  0.01172  0.81268  -233.35463  -235.25850  4.99985   768
833.00  0.03579  0.03489  0.01182  0.81268  -233.11354  -234.97468  4.99985   768
834.00  0.03579  0.03489  0.01160  0.81268  -233.41109  -235.26155  4.99985   768
835.00  0.03579  0.03489  0.01115  0.81268  -234.08552  -235.91157  4.99985   768
836.00  0.03579  0.03489  0.01046  0.81268  -235.13380  -236.96748  4.99985   768
837.00  0.03580  0.03489  0.00993  0.81268  -235.98524  -237.82808  4.99985   768
838.00  0.03580  0.03489  0.00975  0.81268  -236.28279  -238.16835  4.99985   768
839.00  0.03580  0.03489  0.01007  0.81268  -235.89217  -237.83113  4.99985   768
840.00  0.03580  0.03489  0.01063  0.81268  -235.05293  -237.01784  4.99985   768
841.00  0.03579  0.03489  0.01133  0.81268  -233.93599  -235.88106  4.99985   768
842.00  0.03579  0.03489  0.01163  0.81268  -233.40803  -235.32259  4.99985   768
843.00  0.03579  0.03489  0.01164  0.81268  -233.40346  -235.28291  4.99985   768
844.00  0.03580  0.03489  0.01133  0.81268  -233.81392  -235.66896  4.99985   768
845.00  0.03579  0.03489  0.01060  0.81268  -234.91103  -236.69740  4.99985   768
846.00  0.03579  0.03489  0.00995  0.81268  -235.92879  -237.75331  4.99985   768
847.00  0.03580  0.03489  0.00962  0.81268  -236.47810  -238.34077  4.99985   768
848.00  0.03580  0.03489  0.00973  0.81268  -236.35298  -238.25075  4.99985   768
849.00  0.03580  0.03489  0.01021  0.81268  -235.67396  -237.60683  4.99985   768
850.00  0.03580  0.03489  0.01091  0.81268  -234.53261  -236.46699  4.99985   768
851.00  0.03580  0.03489  0.01140  0.81268  -233.77119  -235.69337  4.99985   768
852.00  0.03579  0.03489  0.01152  0.81268  -233.57588  -235.44466  4.99985   768
853.00  0.03579  0.03489  0.01138  0.81268  -233.75593  -235.61098  4.99985   768
854.00  0.03579  0.03489  0.01091  0.81268  -234.46242  -236.30678  4.99985   768
855.00  0.03579  0.03489  0.01020  0.81268  -235.56258  -237.38557  4.99985   768
856.00  0.03578  0.03489  0.00974  0.81268  -236.27821  -238.13936  4.99985   768
857.00  0.03579  0.03489  0.00970  0.81268  -236.44148  -238.36671  4.99985   768
858.00  0.03579  0.03489  0.01019  0.81268  -235.64650  -237.59462  4.99985   768
859.00  0.03579  0.03489  0.01083  0.81268  -234.69893  -236.66383  4.99985   768
860.00  0.03580  0.03489  0.01146  0.81268  -233.73762  -235.67506  4.99985   768
861.00  0.03579  0.03489  0.01176  0.81268  -233.23256  -235.12422  4.99985   768
862.00  0.03579  0.03489  0.01172  0.81268  -233.28139  -235.14253  4.99985   768
863.00  0.03579  0.03489  0.01127  0.81268  -233.88869  -235.70100  4.99985   768
864.00  0.03580  0.03489  0.01079  0.81268  -234.68367  -236.50056  4.99985   768
865.00  0.03579  0.03489  0.01014  0.81268  -235.60530  -237.42982  4.99985   768
866.00  0.03580  0.03489  0.00994  0.81268  -235.99745  -237.86317  4.99985   768
867.00  0.03579  0.03489  0.01002  0.81268  -235.87080  -237.79146  4.99985   768
868.00  0.03580  0.03489  0.01053  0.81268  -235.16737  -237.09718  4.99985   768
869.00  0.03579  0.03489  0.01120  0.81268  -234.14656  -236.09926  4.99985   768
870.00  0.03579  0.03489  0.01166  0.81268  -233.40651  -235.32869  4.99985   768
871.00  0.03579  0.03489  0.01175  0.81268  -233.22951  -235.11812  4.99985   768
872.00  0.03580  0.03489  0.01138  0.81268  -233.71168  -235.56215  4.99985   768
873.00  0.03579  0.03489  0.01082  0.81268  -234.59669  -236.43800  4.99985   768
874.00  0.03579  0.03489  0.01020  0.81268  -235.57631  -237.41151  4.99985   768
875.00  0.03579  0.03489  0.00985  0.81268  -236.13478  -238.00813  4.99985   768
876.00  0.03579  0.03489  0.00969  0.81268  -236.38502  -238.27669  4.99985   768
877.00  0.03579  0.03489  0.01019  0.81268  -235.71059  -237.66786  4.99985   768
878.00  0.03579  0.03489  0.01073  0.81268  -234.83168  -236.77064  4.99985   768
879.00  0.03579  0.03489  0.01138  0.81268  -233.85664  -235.78645  4.99985   768
880.00  0.03578  0.03489  0.01175  0.81268  -233.25239  -235.15016  4.99985   768
881.00  0.03580  0.03489  0.01159  0.81268  -233.40346  -235.22493  4.99985   768
882.00  0.03579  0.03489  0.01113  0.81268  -234.14503  -235.98024  4.99985   768
883.00  0.03580  0.03489  0.01042  0.81268  -235.20247  -237.01021  4.99985   768
884.00  0.03579  0.03489  0.00983  0.81268  -236.11800  -237.93794  4.99985   768
885.00  0.03579  0.03489  0.00959  0.81268  -236.58949  -238.48726  4.99985   768
886.00  0.03578  0.03489  0.00978  0.81268  -236.27058  -238.18666  4.99985   768
887.00  0.03580  0.03489  0.01044  0.81268  -235.35048  -237.31233  4.99985   768
888.00  0.03580  0.03489  0.01115  0.81268  -234.22896  -236.19691  4.99985   768
889.00  0.03579  0.03489  0.01159  0.81268  -233.53163  -235.44466  4.99985   768
890.00  0.03578  0.03489  0.01173  0.81268  -233.31038  -235.23256  4.99985   768
891.00  0.03578  0.03489  0.01141  0.81268  -233.72999  -235.59114  4.99985   768
892.00  0.03579  0.03489  0.01085  0.81268  -234.54481  -236.38307  4.99985   768
893.00  0.03578  0.03489  0.01018  0.81268  -235.54732  -237.35353  4.99985   768
894.00  0.03579  0.03489  0.00967  0.81268  -236.39113  -238.25838  4.99985   768
895.00  0.03578  0.03489  0.00974  0.81268  -236.33162  -238.22481  4.99985   768
896.00  0.03579  0.03489  0.01021  0.81268  -235.64040  -237.58852  4.99985   768
897.00  0.03579  0.03489  0.01092  0.81268  -234.56160  -236.49141  4.99985   768
898.00  0.03579  0.03489  0.01147  0.81268  -233.71168  -235.63539  4.99985   768
899.00  0.03578  0.03489  0.01176  0.81268  -233.23256  -235.12270  4.99985   768
900.00  0.03578  0.03489  0.01165  0.81268  -233.33784  -235.19594  4.99985   768
901.00  0.03579  0.03489  0.01124  0.81268  -233.96651  -235.80629  4.99985   768
902.00  0.03579  0.03489  0.01061  0.81268  -234.93697  -236.74013  4.99985   768
903.00  0.03579  0.03489  0.00995  0.81268  -235.93489  -237.77467  4.99985   768
904.00  0.03578  0.03489  0.00972  0.81268  -236.32857  -238.21107  4.99985   768
905.00  0.03578  0.03489  0.00994  0.81268  -236.05391  -237.97304  4.99985   768
906.00  0.03577  0.03489  0.01056  0.81268  -235.14296  -237.11854  4.99985   768
907.00  0.03578  0.03489  0.01131  0.81268  -233.96193  -235.91005  4.99985   768
908.00  0.03579  0.03489  0.01177  0.81268  -233.23408  -235.18220  4.99985   768
909.00  0.03578  0.03489  0.01174  0.81268  -233.21425  -235.07539  4.99985   768
910.00  0.03580  0.03489  0.01147  0.81268  -233.62776  -235.46907  4.99985   768
911.00  0.03579  0.03489  0.01089  0.81268  -234.50514  -236.33272  4.99985   768
912.00  0.03579  0.03489  0.01019  0.81268  -235.54732  -237.35658  4.99985   768
913.00  0.03578  0.03489  0.00967  0.81268  -236.41707  -238.24922  4.99985   768
914.00  0.03579  0.03489  0.00971  0.81268  -236.40028  -238.29805  4.99985   768
915.00  0.03579  0.03489  0.01008  0.81268  -235.85707  -237.77010  4.99985   768
916.00  0.03578  0.03489  0.01085  0.81268  -234.69130  -236.63332  4.99985   768
917.00  0.03579  0.03489  0.01142  0.81268  -233.77730  -235.69032  4.99985   768
918.00  0.03579  0.03489  0.01174  0.81268  -233.25392  -235.14711  4.99985   768
919.00  0.03579  0.03489  0.01161  0.81268  -233.42787  -235.28596  4.99985   768
920.00  0.03578  0.03489  0.01112  0.81268  -234.16792  -236.00313  4.99985   768
921.00  0.03577  0.03489  0.01046  0.81268  -235.15517  -236.99800  4.99985   768
922.00  0.03577  0.03489  0.00984  0.81268  -236.11647  -237.95015  4.99985   768
923.00  0.03578  0.03489  0.00958  0.81268  -236.56508  -238.46437  4.99985   768
924.00  0.03578  0.03489  0.00985  0.81268  -236.21413  -238.15462  4.99985   768
925.00  0.03579  0.03489  0.01052  0.81268  -235.21468  -237.18721  4.99985   768
926.00  0.03580  0.03489  0.01131  0.81268  -233.93904  -235.89784  4.99985   768
927.00  0.03578  0.03489  0.01175  0.81268  -233.27071  -235.19899  4.99985   768
928.00  0.03579  0.03489  0.01188  0.81268  -233.03572  -234.90907  4.99985   768
929.00  0.03579  0.03489  0.01154  0.81268  -233.50111  -235.32564  4.99985   768
930.00  0.03578  0.03489  0.01087  0.81268  -234.50972  -236.32967  4.99985   768
931.00  0.03579  0.03489  0.01032  0.81268  -235.33980  -237.15669  4.99985   768
932.00  0.03577  0.03489  0.00982  0.81268  -236.14088  -237.97304  4.99985   768
933.00  0.03579  0.03489  0.00985  0.81268  -236.15614  -238.03865  4.99985   768
934.00  0.03579  0.03489  0.01034  0.81268  -235.47865  -237.42067  4.99985   768
935.00  0.03580  0.03489  0.01101  0.81268  -234.42427  -236.36018  4.99985   768
936.00  0.03579  0.03489  0.01156  0.81268  -233.59114  -235.52400  4.99985   768
937.00  0.03578  0.03489  0.01190  0.81268  -233.01588  -234.93196  4.99985   768
938.00  0.03580  0.03489  0.01172  0.81268  -233.23561  -235.09676  4.99985   768
939.00  0.03577  0.03489  0.01119  0.81268  -234.03364  -235.86427  4.99985   768
940.00  0.03579  0.03489  0.01051  0.81268  -235.10329  -236.95222  4.99985   768
941.00  0.03578  0.03489  0.00996  0.81268  -235.94557  -237.81740  4.99985   768
942.00  0.03578  0.03489  0.00972  0.81268  -236.34535  -238.22786  4.99985   768
943.00  0.03578  0.03489  0.00997  0.81268  -236.01271  -237.93031  4.99985   768
944.00  0.03578  0.03489  0.01066  0.81268  -235.02699  -236.98427  4.99985   768
945.00  0.03579  0.03489  0.01124  0.81268  -234.03364  -235.96040  4.99985   768
946.00  0.03578  0.03489  0.01169  0.81268  -233.35615  -235.26155  4.99985   768
947.00  0.03579  0.03489  0.01174  0.81268  -233.22188  -235.09218  4.99985   768
948.00  0.03578  0.03489  0.01144  0.81268  -233.68422  -235.52400  4.99985   768
949.00  0.03578  0.03489  0.01082  0.81268  -234.58906  -236.40901  4.99985   768
950.00  0.03579  0.03489  0.01020  0.81268  -235.55952  -237.37184  4.99985   768
951.00  0.03578  0.03489  0.00975  0.81268  -236.28126  -238.11952  4.99985   768
952.00  0.03579  0.03489  0.00976  0.81268  -236.29042  -238.19887  4.99985   768
953.00  0.03578  0.03489  0.01031  0.81268  -235.52748  -237.48476  4.99985   768
954.00  0.03579  0.03489  0.01098  0.81268  -234.47462  -236.42885  4.99985   768
955.00  0.03579  0.03489  0.01154  0.81268  -233.62013  -235.56520  4.99985   768
956.00  0.03579  0.03489  0.01177  0.81268  -233.19594  -235.07692  4.99985   768
957.00  0.03579  0.03489  0.01160  0.81268  -233.42787  -235.29207  4.99985   768
958.00  0.03578  0.03489  0.01108  0.81268  -234.21370  -236.05653  4.99985   768
959.00  0.03579  0.03489  0.01048  0.81268  -235.10481  -236.95680  4.99985   768
960.00  0.03580  0.03489  0.01002  0.81268  -235.82808  -237.66786  4.99985   768
961.00  0.03579  0.03489  0.00982  0.81268  -236.22023  -238.08900  4.99985   768
962.00  0.03579  0.03489  0.01004  0.81268  -235.90285  -237.81282  4.99985   768
963.00  0.03577  0.03489  0.01068  0.81268  -234.95833  -236.88661  4.99985   768
964.00  0.03578  0.03489  0.01130  0.81268  -233.94514  -235.87648  4.99985   768
965.00  0.03579  0.03489  0.01168  0.81268  -233.36684  -235.27528  4.99985   768
966.00  0.03579  0.03489  0.01163  0.81268  -233.35005  -235.18678  4.99985   768
967.00  0.03577  0.03489  0.01132  0.81268  -233.87801  -235.71931  4.99985   768
968.00  0.03579  0.03489  0.01068  0.81268  -234.79506  -236.60585  4.99985   768
969.00  0.03578  0.03489  0.01012  0.81268  -235.69380  -237.51833  4.99985   768
970.00  0.03578  0.03489  0.00976  0.81268  -236.28889  -238.16530  4.99985   768
971.00  0.03578  0.03489  0.00988  0.81268  -236.11647  -238.03865  4.99985   768
972.00  0.03578  0.03489  0.01037  0.81268  -235.43593  -237.38405  4.99985   768
973.00  0.03579  0.03489  0.01099  0.81268  -234.46394  -236.41969  4.99985   768
974.00  0.03579  0.03489  0.01159  0.81268  -233.53163  -235.47060  4.99985   768
975.00  0.03577  0.03489  0.01170  0.81268  -233.32564  -235.20814  4.99985   768
976.00  0.03576  0.03489  0.01149  0.81268  -233.63234  -235.49806  4.99985   768
977.00  0.03578  0.03489  0.01099  0.81268  -234.31746  -236.14351  4.99985   768
978.00  0.03577  0.03489  0.01032  0.81268  -235.37794  -237.19636  4.99985   768
979.00  0.03577  0.03489  0.00986  0.81268  -236.09816  -237.93489  4.99985   768
980.00  0.03577  0.03489  0.00984  0.81268  -236.15919  -238.04323  4.99985   768
981.00  0.03576  0.03489  0.01022  0.81268  -235.62971  -237.55952  4.99985   768
982.00  0.03578  0.03489  0.01079  0.81268  -234.73860  -236.66231  4.99985   768
983.00  0.03576  0.03489  0.01138  0.81268  -233.85512  -235.77425  4.99985   768
984.00  0.03578  0.03489  0.01166  0.81268  -233.39583  -235.29207  4.99985   768
985.00  0.03577  0.03489  0.01163  0.81268  -233.37141  -235.23561  4.99985   768
986.00  0.03577  0.03489  0.01114  0.81268  -234.09773  -235.94057  4.99985   768
987.00  0.03577  0.03489  0.01062  0.81268  -234.90645  -236.73860  4.99985   768
988.00  0.03577  0.03489  0.00998  0.81268  -235.88606  -237.72737  4.99985   768
989.00  0.03576  0.03489  0.00968  0.81268  -236.39723  -238.28126  4.99985   768
990.00  0.03577  0.03489  0.00990  0.81268  -236.10579  -238.03712  4.99985   768
991.00  0.03578  0.03489  0.01048  0.81268  -235.25130  -237.20857  4.99985   768
992.00  0.03578  0.03489  0.01115  0.81268  -234.24269  -236.21217  4.99985   768
993.00  0.03578  0.03489  0.01171  0.81268  -233.38820  -235.32106  4.99985   768
994.00  0.03579  0.03489  0.01171  0.81268  -233.28291  -235.14711  4.99985   768
995.00  0.03578  0.03489  0.01147  0.81268  -233.65065  -235.50111  4.99985   768
996.00  0.03578  0.03489  0.01094  0.81268  -234.41511  -236.23964  4.99985   768
997.00  0.03577  0.03489  0.01024  0.81268  -235.46187  -237.26045  4.99985   768
998.00  0.03579  0.03489  0.00974  0.81268  -236.31026  -238.16835  4.99985   768
999.00  0.03577  0.03489  0.00970  0.81268  -236.36366  -238.24159  4.99985   768
1000.00  0.03577  0.03489  0.01012  0.81268  -235.82808  -237.76399  4.99985   768
1001.00  0.03577  0.03489  0.01081  0.81268  -234.74623  -236.68367  4.99985   768
1002.00  0.03578  0.03489  0.01155  0.81268  -233.56978  -235.53468  4.99985   768
1003.00  0.03577  0.03489  0.01185  0.81268  -233.08760  -234.96553  4.99985   768
1004.00  0.03578  0.03489  0.01170  0.81268  -233.32259  -235.17457  4.99985   768
1005.00  0.03578  0.03489  0.01122  0.81268  -233.97566  -235.81392  4.99985   768
1006.00  0.03578  0.03489  0.01052  0.81268  -235.02852  -236.84694  4.99985   768
1007.00  0.03579  0.03489  0.00996  0.81268  -235.93489  -237.78993  4.99985   768
1008.00  0.03577  0.03489  0.00967  0.81268  -236.43690  -238.33162  4.99985   768
1009.00  0.03578  0.03489  0.00982  0.81268  -236.21718  -238.13936  4.99985   768
1010.00  0.03577  0.03489  0.01038  0.81268  -235.42525  -237.38710  4.99985   768
1011.00  0.03577  0.03489  0.01111  0.81268  -234.27931  -236.23048  4.99985   768
1012.00  0.03578  0.03489  0.01167  0.81268  -233.38820  -235.28596  4.99985   768
1013.00  0.03577  0.03489  0.01181  0.81268  -233.12422  -234.99452  4.99985   768
1014.00  0.03576  0.03489  0.01159  0.81268  -233.43092  -235.27071  4.99985   768
1015.00  0.03577  0.03489  0.01089  0.81268  -234.46242  -236.25947  4.99985   768
1016.00  0.03578  0.03489  0.01021  0.81268  -235.52138  -237.33369  4.99985   768
1017.00  0.03577  0.03489  0.00976  0.81268  -236.28737  -238.13173  4.99985   768
1018.00  0.03578  0.03489  0.00967  0.81268  -236.42927  -238.32246  4.99985   768
1019.00  0.03578  0.03489  0.01006  0.81268  -235.89064  -237.83876  4.99985   768
1020.00  0.03578  0.03489  0.01078  0.81268  -234.81947  -236.76454  4.99985   768
1021.00  0.03578  0.03489  0.01144  0.81268  -233.75746  -235.71626  4.99985   768
1022.00  0.03578  0.03489  0.01180  0.81268  -233.18068  -235.07692  4.99985   768
1023.00  0.03579  0.03489  0.01173  0.81268  -233.25392  -235.13338  4.99985   768
1024.00  0.03578  0.03489  0.01131  0.81268  -233.83681  -235.68422  4.99985   768
1025.00  0.03577  0.03489  0.01062  0.81268  -234.90950  -236.74623  4.99985   768
1026.00  0.03577  0.03489  0.00996  0.81268  -235.92573  -237.76247  4.99985   768
1027.00  0.03578  0.03489  0.00969  0.81268  -236.37740  -238.24159  4.99985   768
1028.00  0.03579  0.03489  0.00984  0.81268  -236.19582  -238.10274  4.99985   768
1029.00  0.03576  0.03489  0.01047  0.81268  -235.28792  -237.23909  4.99985   768
1030.00  0.03578  0.03489  0.01119  0.81268  -234.12825  -236.06874  4.99985   768
1031.00  0.03578  0.03489  0.01170  0.81268  -233.35921  -235.27986  4.99985   768
1032.00  0.03578  0.03489  0.01185  0.81268  -233.05861  -234.92128  4.99985   768
1033.00  0.03577  0.03489  0.01158  0.81268  -233.43550  -235.26308  4.99985   768
1034.00  0.03578  0.03489  0.01101  0.81268  -234.30373  -236.13283  4.99985   768
1035.00  0.03576  0.03489  0.01038  0.81268  -235.26198  -237.09108  4.99985   768
1036.00  0.03576  0.03489  0.00987  0.81268  -236.05543  -237.90132  4.99985   768
1037.00  0.03578  0.03489  0.00979  0.81268  -236.24770  -238.15919  4.99985   768
1038.00  0.03576  0.03489  0.01017  0.81268  -235.71516  -237.65718  4.99985   768
1039.00  0.03577  0.03489  0.01079  0.81268  -234.73860  -236.70808  4.99985   768
1040.00  0.03577  0.03489  0.01143  0.81268  -233.78493  -235.74220  4.99985   768
1041.00  0.03578  0.03489  0.01178  0.81268  -233.20204  -235.10896  4.99985   768
1042.00  0.03578  0.03489  0.01165  0.81268  -233.33937  -235.19594  4.99985   768
1043.00  0.03577  0.03489  0.01123  0.81268  -234.02144  -235.87495  4.99985   768
1044.00  0.03577  0.03489  0.01049  0.81268  -235.08192  -236.88814  4.99985   768
1045.00  0.03577  0.03489  0.01001  0.81268  -235.83876  -237.68159  4.99985   768
1046.00  0.03577  0.03489  0.00967  0.81268  -236.38655  -238.23549  4.99985   768
1047.00  0.03578  0.03489  0.00984  0.81268  -236.20497  -238.11647  4.99985   768
1048.00  0.03578  0.03489  0.01030  0.81268  -235.51833  -237.42830  4.99985   768
1049.00  0.03578  0.03489  0.01094  0.81268  -234.56618  -236.49904  4.99985   768
1050.00  0.03579  0.03489  0.01153  0.81268  -233.59114  -235.53163  4.99985   768
1051.00  0.03577  0.03489  0.01173  0.81268  -233.27376  -235.15932  4.99985   768
1052.00  0.03577  0.03489  0.01133  0.81268  -233.80781  -235.63844  4.99985   768
1053.00  0.03577  0.03489  0.01078  0.81268  -234.66536  -236.48225  4.99985   768
1054.00  0.03576  0.03489  0.01014  0.81268  -235.64040  -237.47865  4.99985   768
1055.00  0.03579  0.03489  0.00976  0.81268  -236.26601  -238.13173  4.99985   768
1056.00  0.03577  0.03489  0.00976  0.81268  -236.33162  -238.23701  4.99985   768
1057.00  0.03578  0.03489  0.01019  0.81268  -235.70296  -237.66023  4.99985   768
1058.00  0.03576  0.03489  0.01086  0.81268  -234.66536  -236.61653  4.99985   768
1059.00  0.03577  0.03489  0.01139  0.81268  -233.85207  -235.78645  4.99985   768
1060.00  0.03577  0.03489  0.01166  0.81268  -233.38209  -235.27376  4.99985   768
1061.00  0.03578  0.03489  0.01164  0.81268  -233.36989  -235.23408  4.99985   768
1062.00  0.03578  0.03489  0.01117  0.81268  -234.04890  -235.86122  4.99985   768
1063.00  0.03577  0.03489  0.01049  0.81268  -235.08650  -236.90340  4.99985   768
1064.00  0.03579  0.03489  0.00999  0.81268  -235.89522  -237.71059  4.99985   768
1065.00  0.03577  0.03489  0.00976  0.81268  -236.29042  -238.15462  4.99985   768
1066.00  0.03577  0.03489  0.00994  0.81268  -236.05391  -237.96999  4.99985   768
1067.00  0.03577  0.03489  0.01056  0.81268  -235.12007  -237.05141  4.99985   768
1068.00  0.03577  0.03489  0.01119  0.81268  -234.12520  -236.07790  4.99985   768
1069.00  0.03577  0.03489  0.01162  0.81268  -233.44923  -235.36226  4.99985   768
1070.00  0.03577  0.03489  0.01168  0.81268  -233.33174  -235.21577  4.99985   768
1071.00  0.03577  0.03489  0.01130  0.81268  -233.86885  -235.71626  4.99985   768
1072.00  0.03578  0.03489  0.01072  0.81268  -234.75844  -236.58906  4.99985   768
1073.00  0.03576  0.03489  0.00998  0.81268  -235.91200  -237.73958  4.99985   768
1074.00  0.03577  0.03489  0.00971  0.81268  -236.36671  -238.23854  4.99985   768
1075.00  0.03577  0.03489  0.00979  0.81268  -236.22176  -238.13936  4.99985   768
1076.00  0.03576  0.03489  0.01018  0.81268  -235.73500  -237.69838  4.99985   768
1077.00  0.03578  0.03489  0.01087  0.81268  -234.59364  -236.53413  4.99985   768
1078.00  0.03577  0.03489  0.01144  0.81268  -233.73457  -235.66286  4.99985   768
1079.00  0.03577  0.03489  0.01161  0.81268  -233.42177  -235.31648  4.99985   768
1080.00  0.03577  0.03489  0.01149  0.81268  -233.57741  -235.43703  4.99985   768
1081.00  0.03576  0.03489  0.01102  0.81268  -234.30067  -236.10994  4.99985   768
1082.00  0.03577  0.03489  0.01036  0.81268  -235.30318  -237.12007  4.99985   768
1083.00  0.03578  0.03489  0.00994  0.81268  -235.96541  -237.79604  4.99985   768
1084.00  0.03577  0.03489  0.00971  0.81268  -236.33925  -238.20192  4.99985   768
1085.00  0.03578  0.03489  0.00998  0.81268  -235.98524  -237.90437  4.99985   768
1086.00  0.03578  0.03489  0.01056  0.81268  -235.13380  -237.07429  4.99985   768
1087.00  0.03576  0.03489  0.01125  0.81268  -234.04433  -236.00313  4.99985   768
1088.00  0.03577  0.03489  0.01168  0.81268  -233.35768  -235.27223  4.99985   768
1089.00  0.03577  0.03489  0.01169  0.81268  -233.33021  -235.21120  4.99985   768
1090.00  0.03577  0.03489  0.01130  0.81268  -233.85512  -235.70711  4.99985   768
1091.00  0.03576  0.03489  0.01078  0.81268  -234.68825  -236.52956  4.99985   768
1092.00  0.03576  0.03489  0.01014  0.81268  -235.65260  -237.47102  4.99985   768
1093.00  0.03577  0.03489  0.00975  0.81268  -236.30415  -238.15156  4.99985   768
1094.00  0.03577  0.03489  0.00981  0.81268  -236.24617  -238.15004  4.99985   768
1095.00  0.03578  0.03489  0.01032  0.81268  -235.49696  -237.44356  4.99985   768
1096.00  0.03577  0.03489  0.01094  0.81268  -234.51430  -236.43800  4.99985   768
1097.00  0.03576  0.03489  0.01155  0.81268  -233.59419  -235.54079  4.99985   768
1098.00  0.03576  0.03489  0.01181  0.81268  -233.09523  -234.97011  4.99985   768
1099.00  0.03577  0.03489  0.01157  0.81268  -233.47060  -235.32106  4.99985   768
1100.00  0.03576  0.03489  0.01108  0.81268  -234.18013  -236.00160  4.99985   768
1101.00  0.03577  0.03489  0.01047  0.81268  -235.12617  -236.94765  4.99985   768
1102.00  0.03577  0.03489  0.00992  0.81268  -235.98524  -237.81740  4.99985   768
1103.00  0.03576  0.03489  0.00978  0.81268  -236.26753  -238.16530  4.99985   768
1104.00  0.03578  0.03489  0.01015  0.81268  -235.73958  -237.67702  4.99985   768
1105.00  0.03578  0.03489  0.01070  0.81268  -234.89577  -236.84694  4.99985   768
1106.00  0.03577  0.03489  0.01132  0.81268  -233.98024  -235.93599  4.99985   768
1107.00  0.03576  0.03489  0.01174  0.81268  -233.28291  -235.21272  4.99985   768
1108.00  0.03578  0.03489  0.01173  0.81268  -233.28444  -235.17763  4.99985   768
1109.00  0.03576  0.03489  0.01144  0.81268  -233.66286  -235.49501  4.99985   768
1110.00  0.03576  0.03489  0.01075  0.81268  -234.67299  -236.50972  4.99985   768
1111.00  0.03578  0.03489  0.01008  0.81268  -235.72127  -237.53053  4.99985   768
1112.00  0.03577  0.03489  0.00972  0.81268  -236.34230  -238.20039  4.99985   768
1113.00  0.03576  0.03489  0.00989  0.81268  -236.10426  -238.01881  4.99985   768
1114.00  0.03577  0.03489  0.01042  0.81268  -235.35200  -237.27266  4.99985   768
1115.00  0.03576  0.03489  0.01107  0.81268  -234.34187  -236.28236  4.99985   768
1116.00  0.03577  0.03489  0.01156  0.81268  -233.54842  -235.44771  4.99985   768
1117.00  0.03577  0.03489  0.01170  0.81268  -233.29207  -235.17915  4.99985   768
1118.00  0.03576  0.03489  0.01155  0.81268  -233.51942  -235.35615  4.99985   768
1119.00  0.03577  0.03489  0.01111  0.81268  -234.16487  -236.01533  4.99985   768
1120.00  0.03576  0.03489  0.01042  0.81268  -235.17958  -237.01631  4.99985   768
1121.00  0.03578  0.03489  0.00994  0.81268  -235.99135  -237.84486  4.99985   768
1122.00  0.03577  0.03489  0.00974  0.81268  -236.33009  -238.21413  4.99985   768
1123.00  0.03577  0.03489  0.01007  0.81268  -235.83418  -237.77925  4.99985   768
1124.00  0.03576  0.03489  0.01080  0.81268  -234.79353  -236.75081  4.99985   768
1125.00  0.03575  0.03489  0.01143  0.81268  -233.78035  -235.73610  4.99985   768
1126.00  0.03577  0.03489  0.01180  0.81268  -233.19594  -235.09981  4.99985   768
1127.00  0.03576  0.03489  0.01175  0.81268  -233.23256  -235.10286  4.99985   768
1128.00  0.03578  0.03489  0.01136  0.81268  -233.75593  -235.59267  4.99985   768
1129.00  0.03577  0.03489  0.01080  0.81268  -234.62416  -236.45326  4.99985   768
1130.00  0.03576  0.03489  0.01011  0.81268  -235.68922  -237.50307  4.99985   768
1131.00  0.03577  0.03489  0.00975  0.81268  -236.26601  -238.12257  4.99985   768
1132.00  0.03576  0.03489  0.00979  0.81268  -236.25685  -238.14699  4.99985   768
1133.00  0.03577  0.03489  0.01028  0.81268  -235.54121  -237.47713  4.99985   768
1134.00  0.03577  0.03489  0.01102  0.81268  -234.39680  -236.36629  4.99985   768
1135.00  0.03577  0.03489  0.01170  0.81268  -233.38057  -235.29054  4.99985   768
1136.00  0.03578  0.03489  0.01184  0.81268  -233.07997  -234.96858  4.99985   768
1137.00  0.03577  0.03489  0.01157  0.81268  -233.48128  -235.34395  4.99985   768
1138.00  0.03576  0.03489  0.01103  0.81268  -234.27626  -236.09926  4.99985   768
1139.00  0.03575  0.03489  0.01030  0.81268  -235.37337  -237.19636  4.99985   768
1140.00  0.03576  0.03489  0.00975  0.81268  -236.27974  -238.16072  4.99985   768
1141.00  0.03576  0.03489  0.00976  0.81268  -236.28889  -238.17903  4.99985   768
1142.00  0.03577  0.03489  0.01004  0.81268  -235.88606  -237.82655  4.99985   768
1143.00  0.03576  0.03489  0.01062  0.81268  -235.04683  -236.98579  4.99985   768
1144.00  0.03576  0.03489  0.01136  0.81268  -233.92836  -235.88563  4.99985   768
1145.00  0.03576  0.03489  0.01181  0.81268  -233.17152  -235.06471  4.99985   768
1146.00  0.03577  0.03489  0.01167  0.81268  -233.29970  -235.16237  4.99985   768
1147.00  0.03577  0.03489  0.01131  0.81268  -233.86122  -235.68727  4.99985   768
1148.00  0.03577  0.03489  0.01068  0.81268  -234.76759  -236.58296  4.99985   768
1149.00  0.03576  0.03489  0.00999  0.81268  -235.88148  -237.69075  4.99985   768
1150.00  0.03577  0.03489  0.00968  0.81268  -236.38045  -238.23396  4.99985   768
1151.00  0.03578  0.03489  0.00990  0.81268  -236.11342  -238.02034  4.99985   768
1152.00  0.03576  0.03489  0.01037  0.81268  -235.42067  -237.35353  4.99985   768
1153.00  0.03578  0.03489  0.01101  0.81268  -234.41969  -236.37849  4.99985   768
1154.00  0.03577  0.03489  0.01164  0.81268  -233.45228  -235.39278  4.99985   768
1155.00  0.03577  0.03489  0.01177  0.81268  -233.19746  -235.07082  4.99985   768
1156.00  0.03576  0.03489  0.01155  0.81268  -233.51179  -235.37447  4.99985   768
1157.00  0.03577  0.03489  0.01106  0.81268  -234.24727  -236.08858  4.99985   768
1158.00  0.03576  0.03489  0.01045  0.81268  -235.18721  -237.02241  4.99985   768
1159.00  0.03576  0.03489  0.00985  0.81268  -236.11037  -237.96083  4.99985   768
1160.00  0.03577  0.03489  0.00968  0.81268  -236.40181  -238.29652  4.99985   768
1161.00  0.03576  0.03489  0.01000  0.81268  -235.96388  -237.88148  4.99985   768
1162.00  0.03576  0.03489  0.01069  0.81268  -234.91713  -236.86677  4.99985   768
1163.00  0.03576  0.03489  0.01136  0.81268  -233.91615  -235.85359  4.99985   768
1164.00  0.03576  0.03489  0.01172  0.81268  -233.29359  -235.16542  4.99985   768
1165.00  0.03577  0.03489  0.01166  0.81268  -233.34700  -235.19136  4.99985   768
1166.00  0.03576  0.03489  0.01129  0.81268  -233.88106  -235.71016  4.99985   768
1167.00  0.03577  0.03489  0.01059  0.81268  -234.95375  -236.76759  4.99985   768
1168.00  0.03576  0.03489  0.01007  0.81268  -235.73195  -237.57173  4.99985   768
1169.00  0.03576  0.03489  0.00973  0.81268  -236.28737  -238.15919  4.99985   768
1170.00  0.03576  0.03489  0.00977  0.81268  -236.28432  -238.19276  4.99985   768
1171.00  0.03576  0.03489  0.01034  0.81268  -235.45119  -237.41914  4.99985   768
1172.00  0.03576  0.03489  0.01105  0.81268  -234.36323  -236.32967  4.99985   768
1173.00  0.03576  0.03489  0.01155  0.81268  -233.56825  -235.50722  4.99985   768
1174.00  0.03576  0.03489  0.01169  0.81268  -233.33021  -235.22340  4.99985   768
1175.00  0.03578  0.03489  0.01144  0.81268  -233.65980  -235.52705  4.99985   768
1176.00  0.03576  0.03489  0.01085  0.81268  -234.53871  -236.36171  4.99985   768
1177.00  0.03576  0.03489  0.01029  0.81268  -235.43288  -237.28639  4.99985   768
1178.00  0.03576  0.03489  0.00989  0.81268  -236.05086  -237.91200  4.99985   768
1179.00  0.03577  0.03489  0.00982  0.81268  -236.21413  -238.09206  4.99985   768
1180.00  0.03577  0.03489  0.01017  0.81268  -235.70753  -237.63277  4.99985   768
1181.00  0.03577  0.03489  0.01081  0.81268  -234.73250  -236.66536  4.99985   768
1182.00  0.03576  0.03489  0.01141  0.81268  -233.77577  -235.68880  4.99985   768
1183.00  0.03576  0.03489  0.01174  0.81268  -233.25392  -235.15932  4.99985   768
1184.00  0.03576  0.03489  0.01159  0.81268  -233.44618  -235.29512  4.99985   768
1185.00  0.03577  0.03489  0.01123  0.81268  -233.99397  -235.83833  4.99985   768
1186.00  0.03575  0.03489  0.01066  0.81268  -234.86983  -236.68520  4.99985   768
1187.00  0.03576  0.03489  0.00999  0.81268  -235.89674  -237.73958  4.99985   768
1188.00  0.03577  0.03489  0.00979  0.81268  -236.25685  -238.15004  4.99985   768
1189.00  0.03576  0.03489  0.00998  0.81268  -236.00355  -237.93642  4.99985   768
1190.00  0.03578  0.03489  0.01048  0.81268  -235.25282  -237.21315  4.99985   768
1191.00  0.03577  0.03489  0.01117  0.81268  -234.19234  -236.14046  4.99985   768
1192.00  0.03577  0.03489  0.01168  0.81268  -233.36531  -235.29054  4.99985   768
1193.00  0.03578  0.03489  0.01175  0.81268  -233.25087  -235.12575  4.99985   768
1194.00  0.03576  0.03489  0.01146  0.81268  -233.62166  -235.47365  4.99985   768
1195.00  0.03576  0.03489  0.01088  0.81268  -234.47768  -236.26558  4.99985   768
1196.00  0.03575  0.03489  0.01014  0.81268  -235.66328  -237.48018  4.99985   768
1197.00  0.03577  0.03489  0.00966  0.81268  -236.38960  -238.22786  4.99985   768
1198.00  0.03576  0.03489  0.00966  0.81268  -236.43843  -238.31941  4.99985   768
1199.00  0.03576  0.03489  0.01006  0.81268  -235.84792  -237.77315  4.99985   768
1200.00  0.03576  0.03489  0.01077  0.81268  -234.79048  -236.73097  4.99985   768
1201.00  0.03577  0.03489  0.01141  0.81268  -233.83528  -235.75899  4.99985   768
1202.00  0.03578  0.03489  0.01167  0.81268  -233.40956  -235.31801  4.99985   768
1203.00  0.03577  0.03489  0.01166  0.81268  -233.32411  -235.18983  4.99985   768
1204.00  0.03576  0.03489  0.01118  0.81268  -234.02754  -235.86580  4.99985   768
1205.00  0.03576  0.03489  0.01053  0.81268  -235.05904  -236.88966  4.99985   768
1206.00  0.03575  0.03489  0.00994  0.81268  -235.91811  -237.76857  4.99985   768
1207.00  0.03576  0.03489  0.00969  0.81268  -236.39876  -238.27821  4.99985   768
1208.00  0.03575  0.03489  0.01001  0.81268  -235.98219  -237.92116  4.99985   768
1209.00  0.03574  0.03489  0.01063  0.81268  -235.05293  -237.00563  4.99985   768
1210.00  0.03576  0.03489  0.01132  0.81268  -233.97261  -235.92531  4.99985   768
1211.00  0.03574  0.03489  0.01178  0.81268  -233.22798  -235.14101  4.99985   768
1212.00  0.03575  0.03489  0.01191  0.81268  -232.97316  -234.85261  4.99985   768
1213.00  0.03576  0.03489  0.01153  0.81268  -233.51027  -235.33784  4.99985   768
1214.00  0.03576  0.03489  0.01097  0.81268  -234.34798  -236.16182  4.99985   768
1215.00  0.03576  0.03489  0.01029  0.81268  -235.41762  -237.23604  4.99985   768
1216.00  0.03576  0.03489  0.00979  0.81268  -236.20039  -238.04781  4.99985   768
1217.00  0.03576  0.03489  0.00979  0.81268  -236.27211  -238.16377  4.99985   768
1218.00  0.03575  0.03489  0.01034  0.81268  -235.43593  -237.38252  4.99985   768
1219.00  0.03576  0.03489  0.01095  0.81268  -234.49446  -236.43800  4.99985   768
1220.00  0.03575  0.03489  0.01157  0.81268  -233.53468  -235.47517  4.99985   768
1221.00  0.03575  0.03489  0.01185  0.81268  -233.10286  -235.01436  4.99985   768
1222.00  0.03576  0.03489  0.01167  0.81268  -233.34395  -235.21425  4.99985   768
1223.00  0.03575  0.03489  0.01122  0.81268  -233.96345  -235.79713  4.99985   768
1224.00  0.03577  0.03489  0.01051  0.81268  -235.08345  -236.90034  4.99985   768
1225.00  0.03576  0.03489  0.00994  0.81268  -235.96541  -237.80824  4.99985   768
1226.00  0.03576  0.03489  0.00968  0.81268  -236.41554  -238.29195  4.99985   768
1227.00  0.03575  0.03489  0.00989  0.81268  -236.15919  -238.07680  4.99985   768
1228.00  0.03575  0.03489  0.01046  0.81268  -235.24519  -237.18568  4.99985   768
1229.00  0.03576  0.03489  0.01128  0.81268  -234.04433  -235.98634  4.99985   768
1230.00  0.03574  0.03489  0.01169  0.81268  -233.35005  -235.25545  4.99985   768
1231.00  0.03576  0.03489  0.01169  0.81268  -233.28902  -235.14711  4.99985   768
1232.00  0.03577  0.03489  0.01133  0.81268  -233.81392  -235.64607  4.99985   768
1233.00  0.03575  0.03489  0.01077  0.81268  -234.65468  -236.49141  4.99985   768
1234.00  0.03576  0.03489  0.01005  0.81268  -235.79146  -237.61293  4.99985   768
1235.00  0.03576  0.03489  0.00973  0.81268  -236.32094  -238.18666  4.99985   768
1236.00  0.03576  0.03489  0.00978  0.81268  -236.27364  -238.17750  4.99985   768
1237.00  0.03575  0.03489  0.01023  0.81268  -235.67549  -237.61598  4.99985   768
1238.00  0.03576  0.03489  0.01100  0.81268  -234.42122  -236.37544  4.99985   768
1239.00  0.03575  0.03489  0.01146  0.81268  -233.72847  -235.65675  4.99985   768
1240.00  0.03574  0.03489  0.01174  0.81268  -233.27071  -235.19746  4.99985   768
1241.00  0.03575  0.03489  0.01160  0.81268  -233.40956  -235.27223  4.99985   768
1242.00  0.03576  0.03489  0.01107  0.81268  -234.21217  -236.02296  4.99985   768
1243.00  0.03574  0.03489  0.01036  0.81268  -235.31233  -237.14296  4.99985   768
1244.00  0.03575  0.03489  0.00976  0.81268  -236.19124  -238.01576  4.99985   768
1245.00  0.03575  0.03489  0.00953  0.81268  -236.62459  -238.50557  4.99985   768
1246.00  0.03576  0.03489  0.00982  0.81268  -236.24312  -238.15614  4.99985   768
1247.00  0.03575  0.03489  0.01051  0.81268  -235.17348  -237.12160  4.99985   768
1248.00  0.03576  0.03489  0.01121  0.81268  -234.15572  -236.09010  4.99985   768
1249.00  0.03575  0.03489  0.01167  0.81268  -233.35768  -235.27376  4.99985   768
1250.00  0.03575  0.03489  0.01165  0.81268  -233.36073  -235.22645  4.99985   768
1251.00  0.03576  0.03489  0.01129  0.81268  -233.92226  -235.75136  4.99985   768
1252.00  0.03577  0.03489  0.01065  0.81268  -234.81795  -236.62874  4.99985   768
1253.00  0.03576  0.03489  0.01005  0.81268  -235.82198  -237.65565  4.99985   768
1254.00  0.03576  0.03489  0.00972  0.81268  -236.35146  -238.20802  4.99985   768
1255.00  0.03576  0.03489  0.00974  0.81268  -236.34383  -238.25227  4.99985   768
1256.00  0.03576  0.03489  0.01027  0.81268  -235.57326  -237.53969  4.99985   768
1257.00  0.03575  0.03489  0.01113  0.81268  -234.28389  -236.24574  4.99985   768
1258.00  0.03576  0.03489  0.01172  0.81268  -233.29665  -235.23256  4.99985   768
1259.00  0.03574  0.03489  0.01195  0.81268  -232.93806  -234.83430  4.99985   768
1260.00  0.03575  0.03489  0.01171  0.81268  -233.27528  -235.12270  4.99985   768
1261.00  0.03578  0.03489  0.01117  0.81268  -234.04433  -235.87495  4.99985   768
1262.00  0.03576  0.03489  0.01048  0.81268  -235.10176  -236.90950  4.99985   768
1263.00  0.03575  0.03489  0.00987  0.81268  -236.05696  -237.87385  4.99985   768
1264.00  0.03576  0.03489  0.00960  0.81268  -236.51778  -238.37282  4.99985   768
1265.00  0.03575  0.03489  0.00988  0.81268  -236.12257  -238.04170  4.99985   768
1266.00  0.03577  0.03489  0.01054  0.81268  -235.17195  -237.13228  4.99985   768
1267.00  0.03576  0.03489  0.01124  0.81268  -234.05501  -235.99550  4.99985   768
1268.00  0.03575  0.03489  0.01176  0.81268  -233.26765  -235.17305  4.99985   768
1269.00  0.03576  0.03489  0.01177  0.81268  -233.18220  -235.02962  4.99985   768
1270.00  0.03575  0.03489  0.01136  0.81268  -233.81544  -235.64607  4.99985   768
1271.00  0.03576  0.03489  0.01074  0.81268  -234.71571  -236.56007  4.99985   768
1272.00  0.03576  0.03489  0.01006  0.81268  -235.77162  -237.59004  4.99985   768
1273.00  0.03576  0.03489  0.00967  0.81268  -236.44453  -238.31178  4.99985   768
1274.00  0.03576  0.03489  0.00978  0.81268  -236.29805  -238.21260  4.99985   768
1275.00  0.03575  0.03489  0.01028  0.81268  -235.56410  -237.51833  4.99985   768
1276.00  0.03575  0.03489  0.01095  0.81268  -234.51582  -236.48378  4.99985   768
1277.00  0.03574  0.03489  0.01160  0.81268  -233.53163  -235.47365  4.99985   768
1278.00  0.03575  0.03489  0.01188  0.81268  -233.04182  -234.91823  4.99985   768
1279.00  0.03576  0.03489  0.01172  0.81268  -233.25239  -235.11659  4.99985   768
1280.00  0.03575  0.03489  0.01115  0.81268  -234.04433  -235.85054  4.99985   768
1281.00  0.03576  0.03489  0.01044  0.81268  -235.17500  -236.98122  4.99985   768
1282.00  0.03575  0.03489  0.00996  0.81268  -235.92421  -237.76094  4.99985   768
1283.00  0.03575  0.03489  0.00983  0.81268  -236.20192  -238.07527  4.99985   768
1284.00  0.03577  0.03489  0.01009  0.81268  -235.82350  -237.73347  4.99985   768
1285.00  0.03575  0.03489  0.01076  0.81268  -234.84083  -236.78895  4.99985   768
1286.00  0.03574  0.03489  0.01134  0.81268  -233.91310  -235.84444  4.99985   768
1287.00  0.03575  0.03489  0.01179  0.81268  -233.22645  -235.17152  4.99985   768
1288.00  0.03576  0.03489  0.01186  0.81268  -233.04640  -234.91823  4.99985   768
1289.00  0.03575  0.03489  0.01156  0.81268  -233.48433  -235.33784  4.99985   768
1290.00  0.03575  0.03489  0.01092  0.81268  -234.46394  -236.28694  4.99985   768
1291.00  0.03575  0.03489  0.01034  0.81268  -235.34437  -237.18263  4.99985   768
1292.00  0.03574  0.03489  0.01001  0.81268  -235.90285  -237.78230  4.99985   768
1293.00  0.03576  0.03489  0.01003  0.81268  -235.89369  -237.80824  4.99985   768
1294.00  0.03575  0.03489  0.01057  0.81268  -235.11244  -237.05141  4.99985   768
1295.00  0.03575  0.03489  0.01112  0.81268  -234.25185  -236.17097  4.99985   768
1296.00  0.03575  0.03489  0.01159  0.81268  -233.47670  -235.39735  4.99985   768
1297.00  0.03576  0.03489  0.01179  0.81268  -233.18526  -235.05403  4.99985   768
1298.00  0.03576  0.03489  0.01156  0.81268  -233.44923  -235.28139  4.99985   768
1299.00  0.03575  0.03489  0.01104  0.81268  -234.28389  -236.10994  4.99985   768
1300.00  0.03576  0.03489  0.01045  0.81268  -235.16890  -236.98427  4.99985   768
1301.00  0.03574  0.03489  0.00990  0.81268  -236.03865  -237.88301  4.99985   768
1302.00  0.03575  0.03489  0.00983  0.81268  -236.15004  -238.03712  4.99985   768
1303.00  0.03575  0.03489  0.01006  0.81268  -235.88606  -237.81892  4.99985   768
1304.00  0.03576  0.03489  0.01073  0.81268  -234.86067  -236.81184  4.99985   768
1305.00  0.03575  0.03489  0.01140  0.81268  -233.83833  -235.79256  4.99985   768
1306.00  0.03576  0.03489  0.01175  0.81268  -233.25697  -235.17305  4.99985   768
1307.00  0.03575  0.03489  0.01166  0.81268  -233.32411  -235.19899  4.99985   768
1308.00  0.03575  0.03489  0.01124  0.81268  -233.95888  -235.81850  4.99985   768
1309.00  0.03574  0.03489  0.01066  0.81268  -234.83015  -236.66841  4.99985   768
1310.00  0.03576  0.03489  0.01005  0.81268  -235.78535  -237.60377  4.99985   768
1311.00  0.03577  0.03489  0.00973  0.81268  -236.36061  -238.22328  4.99985   768
1312.00  0.03575  0.03489  0.00988  0.81268  -236.11189  -238.02339  4.99985   768
1313.00  0.03576  0.03489  0.01043  0.81268  -235.31843  -237.26198  4.99985   768
1314.00  0.03575  0.03489  0.01113  0.81268  -234.23811  -236.16945  4.99985   768
1315.00  0.03576  0.03489  0.01164  0.81268  -233.43550  -235.33174  4.99985   768
1316.00  0.03575  0.03489  0.01176  0.81268  -233.23256  -235.11964  4.99985   768
1317.00  0.03575  0.03489  0.01161  0.81268  -233.40041  -235.25392  4.99985   768
1318.00  0.03575  0.03489  0.01097  0.81268  -234.33577  -236.14503  4.99985   768
1319.00  0.03576  0.03489  0.01035  0.81268  -235.33369  -237.17195  4.99985   768
1320.00  0.03574  0.03489  0.00989  0.81268  -236.04323  -237.91353  4.99985   768
1321.00  0.03576  0.03489  0.00973  0.81268  -236.31483  -238.22786  4.99985   768
1322.00  0.03575  0.03489  0.01010  0.81268  -235.84334  -237.78535  4.99985   768
1323.00  0.03575  0.03489  0.01074  0.81268  -234.84236  -236.79506  4.99985   768
1324.00  0.03576  0.03489  0.01145  0.81268  -233.79103  -235.75593  4.99985   768
1325.00  0.03574  0.03489  0.01177  0.81268  -233.23714  -235.15779  4.99985   768
1326.00  0.03575  0.03489  0.01172  0.81268  -233.27376  -235.13185  4.99985   768
1327.00  0.03575  0.03489  0.01125  0.81268  -233.94820  -235.77577  4.99985   768
1328.00  0.03574  0.03489  0.01054  0.81268  -235.04530  -236.85457  4.99985   768
1329.00  0.03575  0.03489  0.00998  0.81268  -235.90895  -237.75331  4.99985   768
1330.00  0.03575  0.03489  0.00964  0.81268  -236.44759  -238.30720  4.99985   768
1331.00  0.03576  0.03489  0.00978  0.81268  -236.29652  -238.19582  4.99985   768
1332.00  0.03575  0.03489  0.01038  0.81268  -235.41457  -237.35353  4.99985   768
1333.00  0.03577  0.03489  0.01104  0.81268  -234.40749  -236.34950  4.99985   768
1334.00  0.03576  0.03489  0.01154  0.81268  -233.58656  -235.50264  4.99985   768
1335.00  0.03575  0.03489  0.01178  0.81268  -233.16237  -235.06624  4.99985   768
1336.00  0.03575  0.03489  0.01146  0.81268  -233.65218  -235.48585  4.99985   768
1337.00  0.03575  0.03489  0.01092  0.81268  -234.45937  -236.29152  4.99985   768
1338.00  0.03575  0.03489  0.01029  0.81268  -235.43593  -237.26961  4.99985   768
1339.00  0.03574  0.03489  0.00988  0.81268  -236.03712  -237.91505  4.99985   768
1340.00  0.03575  0.03489  0.00977  0.81268  -236.30568  -238.21565  4.99985   768
1341.00  0.03574  0.03489  0.01024  0.81268  -235.62514  -237.57021  4.99985   768
1342.00  0.03575  0.03489  0.01081  0.81268  -234.77217  -236.72029  4.99985   768
1343.00  0.03575  0.03489  0.01149  0.81268  -233.65065  -235.60487  4.99985   768
1344.00  0.03574  0.03489  0.01182  0.81268  -233.14864  -235.04945  4.99985   768
1345.00  0.03575  0.03489  0.01174  0.81268  -233.22340  -235.08913  4.99985   768
1346.00  0.03575  0.03489  0.01124  0.81268  -233.95430  -235.75899  4.99985   768
1347.00  0.03575  0.03489  0.01059  0.81268  -234.94154  -236.75386  4.99985   768
1348.00  0.03574  0.03489  0.00998  0.81268  -235.87080  -237.68922  4.99985   768
1349.00  0.03575  0.03489  0.00969  0.81268  -236.36519  -238.22786  4.99985   768
1350.00  0.03575  0.03489  0.00988  0.81268  -236.15309  -238.06459  4.99985   768
1351.00  0.03576  0.03489  0.01039  0.81268  -235.36574  -237.30470  4.99985   768
1352.00  0.03576  0.03489  0.01109  0.81268  -234.28084  -236.23354  4.99985   768
1353.00  0.03575  0.03489  0.01157  0.81268  -233.52858  -235.44771  4.99985   768
1354.00  0.03576  0.03489  0.01170  0.81268  -233.29512  -235.18831  4.99985   768
1355.00  0.03575  0.03489  0.01140  0.81268  -233.73610  -235.59419  4.99985   768
1356.00  0.03575  0.03489  0.01087  0.81268  -234.54787  -236.38765  4.99985   768
1357.00  0.03576  0.03489  0.01018  0.81268  -235.56563  -237.39931  4.99985   768
1358.00  0.03576  0.03489  0.00970  0.81268  -236.33314  -238.19887  4.99985   768
1359.00  0.03575  0.03489  0.00972  0.81268  -236.34688  -238.26906  4.99985   768
1360.00  0.03574  0.03489  0.01014  0.81268  -235.70753  -237.64650  4.99985   768
1361.00  0.03575  0.03489  0.01074  0.81268  -234.89119  -236.82863  4.99985   768
1362.00  0.03575  0.03489  0.01146  0.81268  -233.71779  -235.64760  4.99985   768
1363.00  0.03574  0.03489  0.01173  0.81268  -233.29970  -235.19289  4.99985   768
1364.00  0.03575  0.03489  0.01161  0.81268  -233.41261  -235.27833  4.99985   768
1365.00  0.03575  0.03489  0.01133  0.81268  -233.81392  -235.63844  4.99985   768
1366.00  0.03574  0.03489  0.01064  0.81268  -234.86067  -236.68520  4.99985   768
1367.00  0.03575  0.03489  0.01004  0.81268  -235.78078  -237.61598  4.99985   768
1368.00  0.03574  0.03489  0.00981  0.81268  -236.20650  -238.05543  4.99985   768
1369.00  0.03574  0.03489  0.00997  0.81268  -236.02492  -237.93031  4.99985   768
1370.00  0.03574  0.03489  0.01056  0.81268  -235.13533  -237.09566  4.99985   768
1371.00  0.03575  0.03489  0.01127  0.81268  -234.02449  -235.96040  4.99985   768
1372.00  0.03575  0.03489  0.01165  0.81268  -233.44008  -235.37447  4.99985   768
1373.00  0.03575  0.03489  0.01166  0.81268  -233.32411  -235.18831  4.99985   768
1374.00  0.03575  0.03489  0.01141  0.81268  -233.72389  -235.58198  4.99985   768
1375.00  0.03574  0.03489  0.01090  0.81268  -234.45784  -236.30067  4.99985   768
1376.00  0.03574  0.03489  0.01031  0.81268  -235.39320  -237.22993  4.99985   768
1377.00  0.03575  0.03489  0.00984  0.81268  -236.12257  -237.98219  4.99985   768
1378.00  0.03573  0.03489  0.00988  0.81268  -236.10579  -238.00203  4.99985   768
1379.00  0.03575  0.03489  0.01021  0.81268  -235.61903  -237.53664  4.99985   768
1380.00  0.03574  0.03489  0.01085  0.81268  -234.65468  -236.59212  4.99985   768
1381.00  0.03574  0.03489  0.01146  0.81268  -233.73762  -235.64760  4.99985   768
1382.00  0.03574  0.03489  0.01166  0.81268  -233.37141  -235.24782  4.99985   768
1383.00  0.03574  0.03489  0.01148  0.81268  -233.61555  -235.48128  4.99985   768
1384.00  0.03574  0.03489  0.01113  0.81268  -234.09926  -235.92989  4.99985   768
1385.00  0.03575  0.03489  0.01047  0.81268  -235.08650  -236.91255  4.99985   768
1386.00  0.03575  0.03489  0.00993  0.81268  -235.96388  -237.80366  4.99985   768
1387.00  0.03575  0.03489  0.00980  0.81268  -236.23701  -238.13478  4.99985   768
1388.00  0.03575  0.03489  0.01005  0.81268  -235.88759  -237.81587  4.99985   768
1389.00  0.03574  0.03489  0.01059  0.81268  -235.10329  -237.05598  4.99985   768
1390.00  0.03576  0.03489  0.01133  0.81268  -233.93446  -235.88106  4.99985   768
1391.00  0.03574  0.03489  0.01166  0.81268  -233.40193  -235.32411  4.99985   768
1392.00  0.03574  0.03489  0.01170  0.81268  -233.31038  -235.19441  4.99985   768
1393.00  0.03575  0.03489  0.01139  0.81268  -233.76509  -235.61098  4.99985   768
1394.00  0.03576  0.03489  0.01076  0.81268  -234.69893  -236.52040  4.99985   768
1395.00  0.03575  0.03489  0.01012  0.81268  -235.65108  -237.46492  4.99985   768
1396.00  0.03575  0.03489  0.00979  0.81268  -236.21260  -238.06917  4.99985   768
1397.00  0.03574  0.03489  0.00969  0.81268  -236.40486  -238.30415  4.99985   768
1398.00  0.03575  0.03489  0.01028  0.81268  -235.55189  -237.50917  4.99985   768
1399.00  0.03574  0.03489  0.01097  0.81268  -234.50056  -236.44258  4.99985   768
1400.00  0.03576  0.03489  0.01150  0.81268  -233.63539  -235.55604  4.99985   768
1401.00  0.03576  0.03489  0.01173  0.81268  -233.26460  -235.15474  4.99985   768
1402.00  0.03576  0.03489  0.01161  0.81268  -233.39888  -235.26765  4.99985   768
1403.00  0.03576  0.03489  0.01105  0.81268  -234.28847  -236.10078  4.99985   768
1404.00  0.03574  0.03489  0.01039  0.81268  -235.26045  -237.09413  4.99985   768
1405.00  0.03575  0.03489  0.00983  0.81268  -236.12410  -237.97609  4.99985   768
1406.00  0.03573  0.03489  0.00977  0.81268  -236.33314  -238.22176  4.99985   768
1407.00  0.03575  0.03489  0.01014  0.81268  -235.77772  -237.73958  4.99985   768
1408.00  0.03575  0.03489  0.01071  0.81268  -234.88966  -236.83321  4.99985   768
1409.00  0.03575  0.03489  0.01135  0.81268  -233.89021  -235.84291  4.99985   768
1410.00  0.03576  0.03489  0.01174  0.81268  -233.26460  -235.15932  4.99985   768
1411.00  0.03575  0.03489  0.01181  0.81268  -233.13338  -235.01131  4.99985   768
1412.00  0.03575  0.03489  0.01146  0.81268  -233.59419  -235.43855  4.99985   768
1413.00  0.03573  0.03489  0.01085  0.81268  -234.52956  -236.34492  4.99985   768
1414.00  0.03575  0.03489  0.01011  0.81268  -235.69075  -237.48933  4.99985   768
1415.00  0.03575  0.03489  0.00975  0.81268  -236.24159  -238.08900  4.99985   768
1416.00  0.03574  0.03489  0.00984  0.81268  -236.19124  -238.09206  4.99985   768
1417.00  0.03575  0.03489  0.01037  0.81268  -235.38863  -237.31996  4.99985   768
1418.00  0.03575  0.03489  0.01106  0.81268  -234.36629  -236.30373  4.99985   768
1419.00  0.03574  0.03489  0.01169  0.81268  -233.41566  -235.35921  4.99985   768
1420.00  0.03575  0.03489  0.01180  0.81268  -233.13490  -235.00520  4.99985   768
1421.00  0.03575  0.03489  0.01156  0.81268  -233.49348  -235.36226  4.99985   768
1422.00  0.03575  0.03489  0.01108  0.81268  -234.20607  -236.03059  4.99985   768
1423.00  0.03574  0.03489  0.01039  0.81268  -235.25740  -237.09413  4.99985   768
1424.00  0.03575  0.03489  0.00990  0.81268  -236.05391  -237.90132  4.99985   768
1425.00  0.03575  0.03489  0.00969  0.81268  -236.38960  -238.28279  4.99985   768
1426.00  0.03576  0.03489  0.00999  0.81268  -235.99898  -237.93642  4.99985   768
1427.00  0.03575  0.03489  0.01065  0.81268  -235.00105  -236.96291  4.99985   768
1428.00  0.03576  0.03489  0.01142  0.81268  -233.83528  -235.78950  4.99985   768
1429.00  0.03574  0.03489  0.01183  0.81268  -233.09676  -234.99452  4.99985   768
1430.00  0.03574  0.03489  0.01185  0.81268  -233.05250  -234.89992  4.99985   768
1431.00  0.03575  0.03489  0.01141  0.81268  -233.67659  -235.50874  4.99985   768
1432.00  0.03574  0.03489  0.01074  0.81268  -234.71419  -236.51582  4.99985   768
1433.00  0.03576  0.03489  0.01010  0.81268  -235.70753  -237.51070  4.99985   768
1434.00  0.03576  0.03489  0.00979  0.81268  -236.22938  -238.10121  4.99985   768
1435.00  0.03575  0.03489  0.00989  0.81268  -236.09053  -237.98830  4.99985   768
1436.00  0.03575  0.03489  0.01033  0.81268  -235.43745  -237.37794  4.99985   768
1437.00  0.03574  0.03489  0.01109  0.81268  -234.32967  -236.30220  4.99985   768
1438.00  0.03575  0.03489  0.01167  0.81268  -233.40651  -235.33632  4.99985   768
1439.00  0.03574  0.03489  0.01190  0.81268  -233.04335  -234.94264  4.99985   768
1440.00  0.03574  0.03489  0.01167  0.81268  -233.30733  -235.17305  4.99985   768
1441.00  0.03574  0.03489  0.01118  0.81268  -234.06874  -235.90242  4.99985   768
1442.00  0.03574  0.03489  0.01040  0.81268  -235.25130  -237.08955  4.99985   768
1443.00  0.03575  0.03489  0.00986  0.81268  -236.06917  -237.93336  4.99985   768
1444.00  0.03575  0.03489  0.00980  0.81268  -236.24464  -238.13478  4.99985   768
1445.00  0.03575  0.03489  0.01011  0.81268  -235.78383  -237.71516  4.99985   768
1446.00  0.03574  0.03489  0.01068  0.81268  -234.94917  -236.89882  4.99985   768
1447.00  0.03574  0.03489  0.01142  0.81268  -233.76204  -235.70100  4.99985   768
1448.00  0.03575  0.03489  0.01174  0.81268  -233.23714  -235.10286  4.99985   768
1449.00  0.03573  0.03489  0.01180  0.81268  -233.13643  -234.98842  4.99985   768
1450.00  0.03575  0.03489  0.01146  0.81268  -233.65218  -235.48891  4.99985   768
1451.00  0.03575  0.03489  0.01085  0.81268  -234.51430  -236.32661  4.99985   768
1452.00  0.03576  0.03489  0.01011  0.81268  -235.72737  -237.55647  4.99985   768
1453.00  0.03574  0.03489  0.00975  0.81268  -236.27211  -238.13325  4.99985   768
1454.00  0.03575  0.03489  0.00981  0.81268  -236.26143  -238.18666  4.99985   768
1455.00  0.03575  0.03489  0.01033  0.81268  -235.47560  -237.41914  4.99985   768
1456.00  0.03574  0.03489  0.01108  0.81268  -234.34035  -236.30525  4.99985   768
1457.00  0.03574  0.03489  0.01170  0.81268  -233.37599  -235.32869  4.99985   768
1458.00  0.03576  0.03489  0.01186  0.81268  -233.07539  -234.95485  4.99985   768
1459.00  0.03576  0.03489  0.01168  0.81268  -233.30885  -235.20051  4.99985   768
1460.00  0.03577  0.03489  0.01121  0.81268  -233.98329  -235.80019  4.99985   768
1461.00  0.03574  0.03489  0.01050  0.81268  -235.06666  -236.87288  4.99985   768
1462.00  0.03575  0.03489  0.00996  0.81268  -235.95015  -237.78993  4.99985   768
1463.00  0.03574  0.03489  0.00978  0.81268  -236.23701  -238.09969  4.99985   768
1464.00  0.03576  0.03489  0.01007  0.81268  -235.86012  -237.78993  4.99985   768
1465.00  0.03575  0.03489  0.01069  0.81268  -234.90034  -236.84389  4.99985   768
1466.00  0.03576  0.03489  0.01147  0.81268  -233.70863  -235.64455  4.99985   768
1467.00  0.03574  0.03489  0.01176  0.81268  -233.22188  -235.11201  4.99985   768
1468.00  0.03573  0.03489  0.01174  0.81268  -233.26002  -235.12270  4.99985   768
1469.00  0.03574  0.03489  0.01129  0.81268  -233.85512  -235.67964  4.99985   768
1470.00  0.03574  0.03489  0.01069  0.81268  -234.79811  -236.63179  4.99985   768
1471.00  0.03574  0.03489  0.01011  0.81268  -235.71059  -237.55647  4.99985   768
1472.00  0.03574  0.03489  0.00977  0.81268  -236.26906  -238.14088  4.99985   768
1473.00  0.03574  0.03489  0.00986  0.81268  -236.13631  -238.04323  4.99985   768
1474.00  0.03575  0.03489  0.01029  0.81268  -235.56258  -237.52290  4.99985   768
1475.00  0.03575  0.03489  0.01105  0.81268  -234.37544  -236.32356  4.99985   768
1476.00  0.03575  0.03489  0.01158  0.81268  -233.53773  -235.47670  4.99985   768
1477.00  0.03574  0.03489  0.01179  0.81268  -233.20357  -235.09370  4.99985   768
1478.00  0.03574  0.03489  0.01156  0.81268  -233.47670  -235.32564  4.99985   768
1479.00  0.03575  0.03489  0.01101  0.81268  -234.30678  -236.12367  4.99985   768
1480.00  0.03574  0.03489  0.01034  0.81268  -235.31996  -237.13838  4.99985   768
1481.00  0.03575  0.03489  0.00997  0.81268  -235.92421  -237.77315  4.99985   768
1482.00  0.03574  0.03489  0.00991  0.81268  -236.05086  -237.93489  4.99985   768
1483.00  0.03575  0.03489  0.01022  0.81268  -235.60835  -237.52748  4.99985   768
1484.00  0.03574  0.03489  0.01078  0.81268  -234.78438  -236.72334  4.99985   768
1485.00  0.03574  0.03489  0.01144  0.81268  -233.74678  -235.69337  4.99985   768
1486.00  0.03575  0.03489  0.01179  0.81268  -233.22340  -235.14558  4.99985   768
1487.00  0.03574  0.03489  0.01172  0.81268  -233.24629  -235.11354  4.99985   768
1488.00  0.03573  0.03489  0.01139  0.81268  -233.73457  -235.58961  4.99985   768
1489.00  0.03574  0.03489  0.01075  0.81268  -234.72029  -236.56465  4.99985   768
1490.00  0.03575  0.03489  0.01010  0.81268  -235.68770  -237.52748  4.99985   768
1491.00  0.03574  0.03489  0.00988  0.81268  -236.08595  -237.98982  4.99985   768
1492.00  0.03574  0.03489  0.00996  0.81268  -236.01424  -237.92116  4.99985   768
1493.00  0.03575  0.03489  0.01048  0.81268  -235.24977  -237.20094  4.99985   768
1494.00  0.03575  0.03489  0.01118  0.81268  -234.16640  -236.11909  4.99985   768
1495.00  0.03574  0.03489  0.01168  0.81268  -233.34090  -235.27986  4.99985   768
1496.00  0.03575  0.03489  0.01179  0.81268  -233.17152  -235.02046  4.99985   768
1497.00  0.03575  0.03489  0.01156  0.81268  -233.46297  -235.30733  4.99985   768
1498.00  0.03576  0.03489  0.01103  0.81268  -234.25947  -236.09010  4.99985   768
1499.00  0.03575  0.03489  0.01035  0.81268  -235.31996  -237.11397  4.99985   768
1500.00  0.03574  0.03489  0.00979  0.81268  -236.19734  -238.02034  4.99985   768
1501.00  0.03573  0.03489  0.00962  0.81268  -236.52846  -238.42775  4.99985   768
1502.00  0.03574  0.03489  0.01002  0.81268  -235.95473  -237.88148  4.99985   768
1503.00  0.03574  0.03489  0.01072  0.81268  -234.94612  -236.90492  4.99985   768
1504.00  0.03574  0.03489  0.01139  0.81268  -233.81697  -235.76814  4.99985   768
1505.00  0.03576  0.03489  0.01175  0.81268  -233.29054  -235.20662  4.99985   768
1506.00  0.03574  0.03489  0.01161  0.81268  -233.37294  -235.24171  4.99985   768
1507.00  0.03574  0.03489  0.01120  0.81268  -234.02602  -235.88106  4.99985   768
1508.00  0.03575  0.03489  0.01062  0.81268  -234.89882  -236.73402  4.99985   768
1509.00  0.03574  0.03489  0.01008  0.81268  -235.80214  -237.64040  4.99985   768
1510.00  0.03575  0.03489  0.00971  0.81268  -236.33772  -238.20650  4.99985   768
1511.00  0.03574  0.03489  0.00982  0.81268  -236.24617  -238.15767  4.99985   768
1512.00  0.03574  0.03489  0.01037  0.81268  -235.40846  -237.34285  4.99985   768
1513.00  0.03575  0.03489  0.01113  0.81268  -234.23354  -236.18776  4.99985   768
1514.00  0.03575  0.03489  0.01170  0.81268  -233.36684  -235.27681  4.99985   768
1515.00  0.03574  0.03489  0.01191  0.81268  -232.95790  -234.83278  4.99985   768
1516.00  0.03575  0.03489  0.01158  0.81268  -233.43703  -235.26918  4.99985   768
1517.00  0.03574  0.03489  0.01100  0.81268  -234.30830  -236.12978  4.99985   768
1518.00  0.03574  0.03489  0.01042  0.81268  -235.21315  -237.03920  4.99985   768
1519.00  0.03574  0.03489  0.00997  0.81268  -235.94405  -237.79909  4.99985   768
1520.00  0.03574  0.03489  0.00985  0.81268  -236.15919  -238.04323  4.99985   768
1521.00  0.03574  0.03489  0.01019  0.81268  -235.69228  -237.63734  4.99985   768
1522.00  0.03574  0.03489  0.01084  0.81268  -234.69588  -236.63332  4.99985   768
1523.00  0.03574  0.03489  0.01143  0.81268  -233.77272  -235.72999  4.99985   768
1524.00  0.03574  0.03489  0.01188  0.81268  -233.07387  -234.99757  4.99985   768
1525.00  0.03574  0.03489  0.01181  0.81268  -233.07387  -234.93806  4.99985   768
1526.00  0.03574  0.03489  0.01132  0.81268  -233.86427  -235.68880  4.99985   768
1527.00  0.03573  0.03489  0.01066  0.81268  -234.85152  -236.68062  4.99985   768
1528.00  0.03575  0.03489  0.01013  0.81268  -235.67702  -237.52748  4.99985   768
1529.00  0.03575  0.03489  0.00982  0.81268  -236.19887  -238.04781  4.99985   768
1530.00  0.03574  0.03489  0.00999  0.81268  -235.99745  -237.91048  4.99985   768
1531.00  0.03574  0.03489  0.01053  0.81268  -235.15974  -237.08192  4.99985   768
1532.00  0.03574  0.03489  0.01111  0.81268  -234.23811  -236.16182  4.99985   768
1533.00  0.03574  0.03489  0.01162  0.81268  -233.47365  -235.40346  4.99985   768
1534.00  0.03575  0.03489  0.01179  0.81268  -233.14558  -235.01131  4.99985   768
1535.00  0.03576  0.03489  0.01155  0.81268  -233.54384  -235.40346  4.99985   768
1536.00  0.03574  0.03489  0.01101  0.81268  -234.33272  -236.16029  4.99985   768
1537.00  0.03575  0.03489  0.01031  0.81268  -235.35963  -237.18111  4.99985   768
1538.00  0.03574  0.03489  0.00980  0.81268  -236.22633  -238.08748  4.99985   768
1539.00  0.03574  0.03489  0.00974  0.81268  -236.34077  -238.24617  4.99985   768
1540.00  0.03574  0.03489  0.01015  0.81268  -235.76857  -237.72890  4.99985   768
1541.00  0.03574  0.03489  0.01084  0.81268  -234.69435  -236.64400  4.99985   768
1542.00  0.03574  0.03489  0.01137  0.81268  -233.87953  -235.80934  4.99985   768
1543.00  0.03575  0.03489  0.01167  0.81268  -233.34547  -235.27071  4.99985   768
1544.00  0.03575  0.03489  0.01164  0.81268  -233.35921  -235.23561  4.99985   768
1545.00  0.03574  0.03489  0.01113  0.81268  -234.11299  -235.92836  4.99985   768
1546.00  0.03574  0.03489  0.01062  0.81268  -234.91865  -236.74013  4.99985   768
1547.00  0.03574  0.03489  0.01008  0.81268  -235.75026  -237.58241  4.99985   768
1548.00  0.03575  0.03489  0.00975  0.81268  -236.26295  -238.11952  4.99985   768
1549.00  0.03575  0.03489  0.00997  0.81268  -236.00355  -237.92116  4.99985   768
1550.00  0.03574  0.03489  0.01053  0.81268  -235.17042  -237.11397  4.99985   768
1551.00  0.03575  0.03489  0.01113  0.81268  -234.23506  -236.14961  4.99985   768
1552.00  0.03573  0.03489  0.01158  0.81268  -233.51485  -235.44313  4.99985   768
1553.00  0.03574  0.03489  0.01168  0.81268  -233.33174  -235.20509  4.99985   768
1554.00  0.03575  0.03489  0.01133  0.81268  -233.78035  -235.64149  4.99985   768
1555.00  0.03573  0.03489  0.01077  0.81268  -234.69893  -236.53108  4.99985   768
1556.00  0.03574  0.03489  0.01021  0.81268  -235.53358  -237.38710  4.99985   768
1557.00  0.03574  0.03489  0.00987  0.81268  -236.08748  -237.95015  4.99985   768
1558.00  0.03574  0.03489  0.00983  0.81268  -236.20344  -238.10731  4.99985   768
1559.00  0.03574  0.03489  0.01031  0.81268  -235.53358  -237.48170  4.99985   768
1560.00  0.03575  0.03489  0.01087  0.81268  -234.62569  -236.55550  4.99985   768
1561.00  0.03574  0.03489  0.01154  0.81268  -233.61250  -235.57283  4.99985   768
1562.00  0.03574  0.03489  0.01183  0.81268  -233.08302  -234.96706  4.99985   768
1563.00  0.03574  0.03489  0.01168  0.81268  -233.28749  -235.12117  4.99985   768
1564.00  0.03574  0.03489  0.01115  0.81268  -234.10689  -235.92531  4.99985   768
1565.00  0.03574  0.03489  0.01053  0.81268  -235.01479  -236.83015  4.99985   768
1566.00  0.03574  0.03489  0.00998  0.81268  -235.93031  -237.76247  4.99985   768
1567.00  0.03573  0.03489  0.00981  0.81268  -236.21718  -238.08748  4.99985   768
1568.00  0.03575  0.03489  0.01013  0.81268  -235.74110  -237.64650  4.99985   768
1569.00  0.03574  0.03489  0.01066  0.81268  -234.95833  -236.90950  4.99985   768
1570.00  0.03573  0.03489  0.01132  0.81268  -233.93141  -235.87343  4.99985   768
1571.00  0.03575  0.03489  0.01162  0.81268  -233.47975  -235.39735  4.99985   768
1572.00  0.03575  0.03489  0.01163  0.81268  -233.37904  -235.25545  4.99985   768
1573.00  0.03574  0.03489  0.01133  0.81268  -233.86885  -235.71931  4.99985   768
1574.00  0.03574  0.03489  0.01071  0.81268  -234.78133  -236.62111  4.99985   768
1575.00  0.03574  0.03489  0.01014  0.81268  -235.63582  -237.47713  4.99985   768
1576.00  0.03573  0.03489  0.00973  0.81268  -236.27821  -238.14699  4.99985   768
1577.00  0.03574  0.03489  0.00989  0.81268  -236.13631  -238.04628  4.99985   768
1578.00  0.03575  0.03489  0.01042  0.81268  -235.34132  -237.28639  4.99985   768
1579.00  0.03575  0.03489  0.01104  0.81268  -234.37392  -236.31288  4.99985   768
1580.00  0.03574  0.03489  0.01161  0.81268  -233.46602  -235.38820  4.99985   768
1581.00  0.03574  0.03489  0.01178  0.81268  -233.16542  -235.02962  4.99985   768
1582.00  0.03573  0.03489  0.01157  0.81268  -233.44313  -235.29207  4.99985   768
1583.00  0.03575  0.03489  0.01114  0.81268  -234.11452  -235.93904  4.99985   768
1584.00  0.03573  0.03489  0.01048  0.81268  -235.09413  -236.91865  4.99985   768
1585.00  0.03574  0.03489  0.00998  0.81268  -235.87538  -237.71364  4.99985   768
1586.00  0.03574  0.03489  0.00981  0.81268  -236.22786  -238.11342  4.99985   768
1587.00  0.03574  0.03489  0.01010  0.81268  -235.81435  -237.75941  4.99985   768
1588.00  0.03575  0.03489  0.01067  0.81268  -234.97053  -236.92476  4.99985   768
1589.00  0.03574  0.03489  0.01141  0.81268  -233.80476  -235.76509  4.99985   768
1590.00  0.03574  0.03489  0.01180  0.81268  -233.20357  -235.11507  4.99985   768
1591.00  0.03575  0.03489  0.01178  0.81268  -233.17457  -235.04640  4.99985   768
1592.00  0.03574  0.03489  0.01144  0.81268  -233.62013  -235.47822  4.99985   768
1593.00  0.03576  0.03489  0.01074  0.81268  -234.69130  -236.50056  4.99985   768
1594.00  0.03574  0.03489  0.01012  0.81268  -235.66481  -237.49086  4.99985   768
1595.00  0.03576  0.03489  0.00979  0.81268  -236.19582  -238.06001  4.99985   768
1596.00  0.03574  0.03489  0.00991  0.81268  -236.06917  -237.98524  4.99985   768
1597.00  0.03574  0.03489  0.01036  0.81268  -235.41762  -237.34743  4.99985   768
1598.00  0.03574  0.03489  0.01107  0.81268  -234.33577  -236.26710  4.99985   768
1599.00  0.03574  0.03489  0.01161  0.81268  -233.47670  -235.41414  4.99985   768
1600.00  0.03575  0.03489  0.01190  0.81268  -233.00978  -234.89381  4.99985   768
1601.00  0.03575  0.03489  0.01170  0.81268  -233.25239  -235.09676  4.99985   768
1602.00  0.03574  0.03489  0.01113  0.81268  -234.11452  -235.92836  4.99985   768
1603.00  0.03575  0.03489  0.01048  0.81268  -235.12007  -236.95985  4.99985   768
1604.00  0.03575  0.03489  0.00985  0.81268  -236.09206  -237.94710  4.99985   768
1605.00  0.03574  0.03489  0.00978  0.81268  -236.27211  -238.13631  4.99985   768
1606.00  0.03573  0.03489  0.01004  0.81268  -235.92116  -237.86470  4.99985   768
1607.00  0.03574  0.03489  0.01068  0.81268  -234.92323  -236.89577  4.99985   768
1608.00  0.03574  0.03489  0.01141  0.81268  -233.84291  -235.79713  4.99985   768
1609.00  0.03573  0.03489  0.01182  0.81268  -233.14558  -235.05403  4.99985   768
1610.00  0.03573  0.03489  0.01188  0.81268  -233.03572  -234.90297  4.99985   768
1611.00  0.03574  0.03489  0.01148  0.81268  -233.60182  -235.44618  4.99985   768
1612.00  0.03573  0.03489  0.01084  0.81268  -234.53871  -236.34950  4.99985   768
1613.00  0.03574  0.03489  0.01020  0.81268  -235.60225  -237.42830  4.99985   768
1614.00  0.03573  0.03489  0.00989  0.81268  -236.05543  -237.90132  4.99985   768
1615.00  0.03574  0.03489  0.00990  0.81268  -236.06154  -237.94710  4.99985   768
1616.00  0.03573  0.03489  0.01032  0.81268  -235.49696  -237.44661  4.99985   768
1617.00  0.03574  0.03489  0.01107  0.81268  -234.33119  -236.27016  4.99985   768
1618.00  0.03575  0.03489  0.01166  0.81268  -233.39583  -235.30580  4.99985   768
1619.00  0.03576  0.03489  0.01182  0.81268  -233.15321  -235.03725  4.99985   768
1620.00  0.03575  0.03489  0.01164  0.81268  -233.36226  -235.22951  4.99985   768
1621.00  0.03574  0.03489  0.01112  0.81268  -234.13130  -235.96803  4.99985   768
1622.00  0.03574  0.03489  0.01042  0.81268  -235.22078  -237.06514  4.99985   768
1623.00  0.03573  0.03489  0.00987  0.81268  -236.10121  -237.94862  4.99985   768
1624.00  0.03573  0.03489  0.00977  0.81268  -236.27364  -238.16682  4.99985   768
1625.00  0.03573  0.03489  0.01001  0.81268  -235.95930  -237.88911  4.99985   768
1626.00  0.03573  0.03489  0.01071  0.81268  -234.91255  -236.86677  4.99985   768
1627.00  0.03574  0.03489  0.01135  0.81268  -233.90547  -235.83528  4.99985   768
1628.00  0.03573  0.03489  0.01179  0.81268  -233.18831  -235.09828  4.99985   768
1629.00  0.03574  0.03489  0.01176  0.81268  -233.18068  -235.03114  4.99985   768
1630.00  0.03574  0.03489  0.01138  0.81268  -233.73762  -235.56978  4.99985   768
1631.00  0.03574  0.03489  0.01080  0.81268  -234.61348  -236.43495  4.99985   768
1632.00  0.03574  0.03489  0.01011  0.81268  -235.65108  -237.46339  4.99985   768
1633.00  0.03574  0.03489  0.00980  0.81268  -236.20650  -238.06001  4.99985   768
1634.00  0.03575  0.03489  0.00990  0.81268  -236.07069  -237.98677  4.99985   768
1635.00  0.03574  0.03489  0.01041  0.81268  -235.33980  -237.30165  4.99985   768
1636.00  0.03574  0.03489  0.01111  0.81268  -234.28694  -236.23354  4.99985   768
1637.00  0.03574  0.03489  0.01168  0.81268  -233.36836  -235.29054  4.99985   768
1638.00  0.03574  0.03489  0.01189  0.81268  -233.01894  -234.91518  4.99985   768
1639.00  0.03574  0.03489  0.01161  0.81268  -233.40651  -235.25697  4.99985   768
1640.00  0.03573  0.03489  0.01112  0.81268  -234.12367  -235.96498  4.99985   768
1641.00  0.03575  0.03489  0.01051  0.81268  -235.06972  -236.90645  4.99985   768
1642.00  0.03574  0.03489  0.00999  0.81268  -235.88759  -237.76247  4.99985   768
1643.00  0.03574  0.03489  0.00975  0.81268  -236.31178  -238.18666  4.99985   768
1644.00  0.03575  0.03489  0.01007  0.81268  -235.86317  -237.77772  4.99985   768
1645.00  0.03576  0.03489  0.01059  0.81268  -235.06666  -237.01021  4.99985   768
1646.00  0.03574  0.03489  0.01138  0.81268  -233.86122  -235.80476  4.99985   768
1647.00  0.03575  0.03489  0.01180  0.81268  -233.20662  -235.09828  4.99985   768
1648.00  0.03576  0.03489  0.01178  0.81268  -233.17000  -235.02656  4.99985   768
1649.00  0.03574  0.03489  0.01139  0.81268  -233.71321  -235.52553  4.99985   768
1650.00  0.03574  0.03489  0.01081  0.81268  -234.61043  -236.43343  4.99985   768
1651.00  0.03574  0.03489  0.01014  0.81268  -235.64955  -237.46950  4.99985   768
1652.00  0.03573  0.03489  0.00978  0.81268  -236.18971  -238.05238  4.99985   768
1653.00  0.03574  0.03489  0.00992  0.81268  -236.06917  -237.98219  4.99985   768
1654.00  0.03575  0.03489  0.01040  0.81268  -235.36574  -237.32454  4.99985   768
1655.00  0.03574  0.03489  0.01112  0.81268  -234.27626  -236.23964  4.99985   768
1656.00  0.03574  0.03489  0.01155  0.81268  -233.58961  -235.50722  4.99985   768
1657.00  0.03574  0.03489  0.01178  0.81268  -233.20662  -235.13185  4.99985   768
1658.00  0.03576  0.03489  0.01161  0.81268  -233.42329  -235.29665  4.99985   768
1659.00  0.03574  0.03489  0.01112  0.81268  -234.12062  -235.96345  4.99985   768
1660.00  0.03575  0.03489  0.01043  0.81268  -235.15059  -236.95375  4.99985   768
1661.00  0.03574  0.03489  0.00992  0.81268  -236.00661  -237.86317  4.99985   768
1662.00  0.03575  0.03489  0.00989  0.81268  -236.06459  -237.95778  4.99985   768
1663.00  0.03573  0.03489  0.01024  0.81268  -235.58852  -237.51222  4.99985   768
1664.00  0.03574  0.03489  0.01083  0.81268  -234.68977  -236.62416  4.99985   768
1665.00  0.03575  0.03489  0.01149  0.81268  -233.64912  -235.57893  4.99985   768
1666.00  0.03574  0.03489  0.01170  0.81268  -233.29054  -235.18373  4.99985   768
1667.00  0.03575  0.03489  0.01168  0.81268  -233.37599  -235.24171  4.99985   768
1668.00  0.03573  0.03489  0.01137  0.81268  -233.72542  -235.58809  4.99985   768
1669.00  0.03573  0.03489  0.01079  0.81268  -234.63484  -236.45479  4.99985   768
1670.00  0.03575  0.03489  0.01010  0.81268  -235.71516  -237.54732  4.99985   768
1671.00  0.03574  0.03489  0.00978  0.81268  -236.22481  -238.10884  4.99985   768
1672.00  0.03574  0.03489  0.00985  0.81268  -236.18208  -238.08748  4.99985   768
1673.00  0.03573  0.03489  0.01043  0.81268  -235.36421  -237.31996  4.99985   768
1674.00  0.03574  0.03489  0.01118  0.81268  -234.17403  -236.15114  4.99985   768
1675.00  0.03573  0.03489  0.01169  0.81268  -233.35463  -235.26765  4.99985   768
1676.00  0.03574  0.03489  0.01179  0.81268  -233.17915  -235.05403  4.99985   768
1677.00  0.03573  0.03489  0.01151  0.81268  -233.53010  -235.38362  4.99985   768
1678.00  0.03575  0.03489  0.01099  0.81268  -234.34950  -236.18776  4.99985   768
1679.00  0.03573  0.03489  0.01029  0.81268  -235.38405  -237.19636  4.99985   768
1680.00  0.03574  0.03489  0.00990  0.81268  -236.02644  -237.86470  4.99985   768
1681.00  0.03573  0.03489  0.00979  0.81268  -236.26295  -238.13478  4.99985   768
1682.00  0.03574  0.03489  0.01018  0.81268  -235.68159  -237.60988  4.99985   768
1683.00  0.03574  0.03489  0.01083  0.81268  -234.66536  -236.59822  4.99985   768
1684.00  0.03575  0.03489  0.01152  0.81268  -233.63844  -235.58809  4.99985   768
1685.00  0.03576  0.03489  0.01185  0.81268  -233.11812  -235.01436  4.99985   768
1686.00  0.03573  0.03489  0.01178  0.81268  -233.14253  -235.00062  4.99985   768
1687.00  0.03573  0.03489  0.01138  0.81268  -233.77882  -235.61555  4.99985   768
1688.00  0.03575  0.03489  0.01076  0.81268  -234.69588  -236.52193  4.99985   768
1689.00  0.03574  0.03489  0.01012  0.81268  -235.66328  -237.50307  4.99985   768
1690.00  0.03572  0.03489  0.00985  0.81268  -236.11647  -238.01576  4.99985   768
1691.00  0.03573  0.03489  0.01001  0.81268  -235.96999  -237.88454  4.99985   768
1692.00  0.03574  0.03489  0.01056  0.81268  -235.12465  -237.06666  4.99985   768
1693.00  0.03574  0.03489  0.01122  0.81268  -234.12672  -236.06874  4.99985   768
1694.00  0.03574  0.03489  0.01172  0.81268  -233.32716  -235.22951  4.99985   768
1695.00  0.03574  0.03489  0.01188  0.81268  -233.04793  -234.93654  4.99985   768
1696.00  0.03574  0.03489  0.01156  0.81268  -233.45991  -235.27071  4.99985   768
1697.00  0.03573  0.03489  0.01094  0.81268  -234.46547  -236.27626  4.99985   768
1698.00  0.03574  0.03489  0.01033  0.81268  -235.29402  -237.10176  4.99985   768
1699.00  0.03574  0.03489  0.00974  0.81268  -236.25838  -238.07985  4.99985   768
1700.00  0.03574  0.03489  0.00967  0.81268  -236.43233  -238.32094  4.99985   768
1701.00  0.03575  0.03489  0.01018  0.81268  -235.71822  -237.67702  4.99985   768
1702.00  0.03574  0.03489  0.01082  0.81268  -234.72334  -236.66994  4.99985   768
1703.00  0.03574  0.03489  0.01134  0.81268  -233.90242  -235.83375  4.99985   768
1704.00  0.03572  0.03489  0.01169  0.81268  -233.34853  -235.26918  4.99985   768
1705.00  0.03573  0.03489  0.01159  0.81268  -233.43703  -235.31801  4.99985   768
1706.00  0.03573  0.03489  0.01118  0.81268  -234.05196  -235.90700  4.99985   768
1707.00  0.03574  0.03489  0.01065  0.81268  -234.88661  -236.72334  4.99985   768
1708.00  0.03573  0.03489  0.01007  0.81268  -235.77772  -237.62971  4.99985   768
1709.00  0.03574  0.03489  0.00975  0.81268  -236.25227  -238.10884  4.99985   768
1710.00  0.03574  0.03489  0.00995  0.81268  -236.05238  -237.98219  4.99985   768
1711.00  0.03574  0.03489  0.01052  0.81268  -235.17958  -237.13380  4.99985   768
1712.00  0.03574  0.03489  0.01113  0.81268  -234.23201  -236.17403  4.99985   768
1713.00  0.03574  0.03489  0.01163  0.81268  -233.45228  -235.35310  4.99985   768
1714.00  0.03574  0.03489  0.01178  0.81268  -233.15932  -235.01894  4.99985   768
1715.00  0.03574  0.03489  0.01153  0.81268  -233.51637  -235.36989  4.99985   768
1716.00  0.03574  0.03489  0.01095  0.81268  -234.38155  -236.18166  4.99985   768
1717.00  0.03574  0.03489  0.01036  0.81268  -235.29250  -237.10481  4.99985   768
1718.00  0.03574  0.03489  0.00991  0.81268  -236.04781  -237.88301  4.99985   768
1719.00  0.03574  0.03489  0.00988  0.81268  -236.11800  -238.00813  4.99985   768
1720.00  0.03573  0.03489  0.01022  0.81268  -235.64802  -237.58699  4.99985   768
1721.00  0.03574  0.03489  0.01091  0.81268  -234.60127  -236.56465  4.99985   768
1722.00  0.03574  0.03489  0.01151  0.81268  -233.65065  -235.59877  4.99985   768
1723.00  0.03573  0.03489  0.01179  0.81268  -233.17610  -235.08913  4.99985   768
1724.00  0.03574  0.03489  0.01168  0.81268  -233.34547  -235.21120  4.99985   768
1725.00  0.03573  0.03489  0.01120  0.81268  -234.00923  -235.84901  4.99985   768
1726.00  0.03575  0.03489  0.01061  0.81268  -234.91560  -236.75691  4.99985   768
1727.00  0.03575  0.03489  0.01015  0.81268  -235.60225  -237.43135  4.99985   768
1728.00  0.03573  0.03489  0.00986  0.81268  -236.14699  -238.02492  4.99985   768
1729.00  0.03573  0.03489  0.01009  0.81268  -235.81435  -237.71364  4.99985   768
1730.00  0.03573  0.03489  0.01060  0.81268  -235.05751  -236.99190  4.99985   768
1731.00  0.03574  0.03489  0.01127  0.81268  -234.03822  -235.96803  4.99985   768
1732.00  0.03572  0.03489  0.01171  0.81268  -233.33327  -235.22951  4.99985   768
1733.00  0.03574  0.03489  0.01177  0.81268  -233.16389  -235.02962  4.99985   768
1734.00  0.03574  0.03489  0.01155  0.81268  -233.53468  -235.37599  4.99985   768
1735.00  0.03574  0.03489  0.01098  0.81268  -234.35255  -236.16182  4.99985   768
1736.00  0.03573  0.03489  0.01029  0.81268  -235.37337  -237.19942  4.99985   768
1737.00  0.03574  0.03489  0.00990  0.81268  -236.04018  -237.89979  4.99985   768
1738.00  0.03573  0.03489  0.00989  0.81268  -236.13020  -238.04018  4.99985   768
1739.00  0.03574  0.03489  0.01035  0.81268  -235.39320  -237.33675  4.99985   768
1740.00  0.03575  0.03489  0.01096  0.81268  -234.50819  -236.45784  4.99985   768
1741.00  0.03573  0.03489  0.01147  0.81268  -233.71321  -235.65218  4.99985   768
1742.00  0.03574  0.03489  0.01181  0.81268  -233.16389  -235.06013  4.99985   768
1743.00  0.03574  0.03489  0.01172  0.81268  -233.26155  -235.11964  4.99985   768
1744.00  0.03572  0.03489  0.01121  0.81268  -234.01991  -235.84901  4.99985   768
1745.00  0.03572  0.03489  0.01055  0.81268  -234.98579  -236.78438  4.99985   768
1746.00  0.03575  0.03489  0.00990  0.81268  -236.02187  -237.84944  4.99985   768
1747.00  0.03572  0.03489  0.00969  0.81268  -236.37434  -238.23701  4.99985   768
1748.00  0.03573  0.03489  0.00997  0.81268  -235.97914  -237.89522  4.99985   768
1749.00  0.03574  0.03489  0.01050  0.81268  -235.19484  -237.12160  4.99985   768
1750.00  0.03574  0.03489  0.01119  0.81268  -234.13740  -236.08400  4.99985   768
1751.00  0.03574  0.03489  0.01168  0.81268  -233.41109  -235.32411  4.99985   768
1752.00  0.03574  0.03489  0.01185  0.81268  -233.08455  -234.96095  4.99985   768
1753.00  0.03574  0.03489  0.01155  0.81268  -233.49501  -235.33479  4.99985   768
1754.00  0.03574  0.03489  0.01096  0.81268  -234.40443  -236.25185  4.99985   768
1755.00  0.03573  0.03489  0.01033  0.81268  -235.35658  -237.19331  4.99985   768
1756.00  0.03573  0.03489  0.00986  0.81268  -236.11800  -237.96693  4.99985   768
1757.00  0.03575  0.03489  0.00988  0.81268  -236.14241  -238.05543  4.99985   768
1758.00  0.03573  0.03489  0.01043  0.81268  -235.32912  -237.28792  4.99985   768
1759.00  0.03575  0.03489  0.01104  0.81268  -234.40596  -236.36934  4.99985   768
1760.00  0.03574  0.03489  0.01164  0.81268  -233.44160  -235.36531  4.99985   768
1761.00  0.03572  0.03489  0.01182  0.81268  -233.10286  -234.98537  4.99985   768
1762.00  0.03574  0.03489  0.01174  0.81268  -233.21425  -235.08150  4.99985   768
1763.00  0.03574  0.03489  0.01127  0.81268  -233.89937  -235.71626  4.99985   768
1764.00  0.03573  0.03489  0.01063  0.81268  -234.87135  -236.69588  4.99985   768
1765.00  0.03573  0.03489  0.01008  0.81268  -235.75026  -237.55495  4.99985   768
1766.00  0.03573  0.03489  0.00986  0.81268  -236.12562  -238.00203  4.99985   768
1767.00  0.03573  0.03489  0.01004  0.81268  -235.92116  -237.82808  4.99985   768
1768.00  0.03573  0.03489  0.01059  0.81268  -235.08803  -237.02241  4.99985   768
1769.00  0.03573  0.03489  0.01127  0.81268  -234.02602  -235.96956  4.99985   768
1770.00  0.03573  0.03489  0.01170  0.81268  -233.31343  -235.22340  4.99985   768
1771.00  0.03572  0.03489  0.01176  0.81268  -233.21577  -235.10133  4.99985   768
1772.00  0.03574  0.03489  0.01135  0.81268  -233.78187  -235.63081  4.99985   768
1773.00  0.03573  0.03489  0.01076  0.81268  -234.67757  -236.53566  4.99985   768
1774.00  0.03575  0.03489  0.01025  0.81268  -235.46797  -237.30165  4.99985   768
1775.00  0.03573  0.03489  0.00984  0.81268  -236.15309  -238.02644  4.99985   768
1776.00  0.03574  0.03489  0.00976  0.81268  -236.32552  -238.20955  4.99985   768
1777.00  0.03574  0.03489  0.01023  0.81268  -235.63277  -237.57478  4.99985   768
1778.00  0.03574  0.03489  0.01086  0.81268  -234.67757  -236.61348  4.99985   768
1779.00  0.03573  0.03489  0.01141  0.81268  -233.77882  -235.70406  4.99985   768
1780.00  0.03573  0.03489  0.01167  0.81268  -233.35310  -235.24629  4.99985   768
1781.00  0.03574  0.03489  0.01154  0.81268  -233.50569  -235.34242  4.99985   768
1782.00  0.03574  0.03489  0.01110  0.81268  -234.16945  -235.98176  4.99985   768
1783.00  0.03573  0.03489  0.01049  0.81268  -235.10786  -236.91713  4.99985   768
1784.00  0.03574  0.03489  0.00999  0.81268  -235.90285  -237.73195  4.99985   768
1785.00  0.03573  0.03489  0.00985  0.81268  -236.15309  -238.04018  4.99985   768
1786.00  0.03575  0.03489  0.01009  0.81268  -235.82503  -237.74568  4.99985   768
1787.00  0.03574  0.03489  0.01069  0.81268  -234.93544  -236.88509  4.99985   768
1788.00  0.03572  0.03489  0.01130  0.81268  -233.98787  -235.93446  4.99985   768
1789.00  0.03573  0.03489  0.01171  0.81268  -233.30275  -235.21730  4.99985   768
1790.00  0.03575  0.03489  0.01171  0.81268  -233.34547  -235.24629  4.99985   768
1791.00  0.03574  0.03489  0.01144  0.81268  -233.63081  -235.49654  4.99985   768
1792.00  0.03574  0.03489  0.01082  0.81268  -234.58296  -236.40901  4.99985   768
1793.00  0.03573  0.03489  0.01017  0.81268  -235.58546  -237.40541  4.99985   768
1794.00  0.03575  0.03489  0.00979  0.81268  -236.21260  -238.07527  4.99985   768
1795.00  0.03574  0.03489  0.00987  0.81268  -236.16530  -238.07527  4.99985   768
1796.00  0.03573  0.03489  0.01033  0.81268  -235.45119  -237.37031  4.99985   768
1797.00  0.03574  0.03489  0.01095  0.81268  -234.50667  -236.45174  4.99985   768
1798.00  0.03574  0.03489  0.01157  0.81268  -233.55757  -235.48128  4.99985   768
1799.00  0.03575  0.03489  0.01174  0.81268  -233.23866  -235.12727  4.99985   768
1800.00  0.03574  0.03489  0.01156  0.81268  -233.45228  -235.30427  4.99985   768
1801.00  0.03574  0.03489  0.01117  0.81268  -234.07484  -235.88716  4.99985   768
1802.00  0.03573  0.03489  0.01055  0.81268  -235.03004  -236.84389  4.99985   768
1803.00  0.03573  0.03489  0.01002  0.81268  -235.81435  -237.66634  4.99985   768
1804.00  0.03575  0.03489  0.00983  0.81268  -236.18361  -238.08443  4.99985   768
1805.00  0.03574  0.03489  0.01005  0.81268  -235.88759  -237.82350  4.99985   768
1806.00  0.03573  0.03489  0.01074  0.81268  -234.89577  -236.85609  4.99985   768
1807.00  0.03574  0.03489  0.01143  0.81268  -233.80171  -235.76051  4.99985   768
1808.00  0.03573  0.03489  0.01179  0.81268  -233.20814  -235.11507  4.99985   768
1809.00  0.03574  0.03489  0.01176  0.81268  -233.18678  -235.06776  4.99985   768
1810.00  0.03572  0.03489  0.01132  0.81268  -233.82307  -235.67049  4.99985   768
1811.00  0.03573  0.03489  0.01073  0.81268  -234.73860  -236.54787  4.99985   768
1812.00  0.03573  0.03489  0.01011  0.81268  -235.69685  -237.51070  4.99985   768
1813.00  0.03573  0.03489  0.00978  0.81268  -236.22176  -238.07527  4.99985   768
1814.00  0.03573  0.03489  0.00977  0.81268  -236.31483  -238.19734  4.99985   768
1815.00  0.03573  0.03489  0.01037  0.81268  -235.43135  -237.36421  4.99985   768
1816.00  0.03574  0.03489  0.01097  0.81268  -234.47615  -236.39986  4.99985   768
1817.00  0.03573  0.03489  0.01160  0.81268  -233.49959  -235.44008  4.99985   768
1818.00  0.03573  0.03489  0.01174  0.81268  -233.23714  -235.10133  4.99985   768
1819.00  0.03573  0.03489  0.01156  0.81268  -233.47365  -235.32259  4.99985   768
1820.00  0.03574  0.03489  0.01094  0.81268  -234.41511  -236.24727  4.99985   768
1821.00  0.03573  0.03489  0.01028  0.81268  -235.40846  -237.22078  4.99985   768
1822.00  0.03572  0.03489  0.00977  0.81268  -236.25075  -238.11342  4.99985   768
1823.00  0.03573  0.03489  0.00966  0.81268  -236.46590  -238.37434  4.99985   768
1824.00  0.03573  0.03489  0.01003  0.81268  -235.91048  -237.85097  4.99985   768
1825.00  0.03573  0.03489  0.01069  0.81268  -234.92018  -236.86983  4.99985   768
1826.00  0.03573  0.03489  0.01134  0.81268  -233.96498  -235.90852  4.99985   768
1827.00  0.03572  0.03489  0.01188  0.81268  -233.08913  -235.02351  4.99985   768
1828.00  0.03572  0.03489  0.01189  0.81268  -233.01131  -234.88008  4.99985   768
1829.00  0.03575  0.03489  0.01151  0.81268  -233.54231  -235.37294  4.99985   768
1830.00  0.03574  0.03489  0.01090  0.81268  -234.45326  -236.26710  4.99985   768
1831.00  0.03574  0.03489  0.01016  0.81268  -235.62208  -237.42525  4.99985   768
1832.00  0.03574  0.03489  0.00981  0.81268  -236.16377  -238.01271  4.99985   768
1833.00  0.03575  0.03489  0.01000  0.81268  -235.96693  -237.86165  4.99985   768
1834.00  0.03573  0.03489  0.01053  0.81268  -235.16432  -237.10329  4.99985   768
1835.00  0.03574  0.03489  0.01120  0.81268  -234.12825  -236.07179  4.99985   768
1836.00  0.03572  0.03489  0.01177  0.81268  -233.26765  -235.19441  4.99985   768
1837.00  0.03573  0.03489  0.01206  0.81268  -232.78395  -234.68935  4.99985   768
1838.00  0.03573  0.03489  0.01182  0.81268  -233.09828  -234.95637  4.99985   768
1839.00  0.03574  0.03489  0.01132  0.81268  -233.83070  -235.65370  4.99985   768
1840.00  0.03574  0.03489  0.01052  0.81268  -235.08040  -236.91713  4.99985   768
1841.00  0.03574  0.03489  0.00995  0.81268  -235.97456  -237.82503  4.99985   768
1842.00  0.03572  0.03489  0.00977  0.81268  -236.27058  -238.15919  4.99985   768
1843.00  0.03574  0.03489  0.01005  0.81268  -235.85707  -237.78993  4.99985   768
1844.00  0.03573  0.03489  0.01078  0.81268  -234.78285  -236.72334  4.99985   768
1845.00  0.03574  0.03489  0.01146  0.81268  -233.73915  -235.67201  4.99985   768
1846.00  0.03573  0.03489  0.01186  0.81268  -233.07844  -234.98994  4.99985   768
1847.00  0.03572  0.03489  0.01180  0.81268  -233.12422  -234.98231  4.99985   768
1848.00  0.03572  0.03489  0.01148  0.81268  -233.56825  -235.40193  4.99985   768
1849.00  0.03574  0.03489  0.01081  0.81268  -234.58754  -236.40291  4.99985   768
1850.00  0.03574  0.03489  0.01007  0.81268  -235.71516  -237.51070  4.99985   768
1851.00  0.03573  0.03489  0.00978  0.81268  -236.23244  -238.10426  4.99985   768
1852.00  0.03573  0.03489  0.00975  0.81268  -236.29195  -238.17445  4.99985   768
1853.00  0.03573  0.03489  0.01020  0.81268  -235.69685  -237.64955  4.99985   768
1854.00  0.03572  0.03489  0.01095  0.81268  -234.54481  -236.50667  4.99985   768
1855.00  0.03573  0.03489  0.01153  0.81268  -233.60487  -235.54384  4.99985   768
1856.00  0.03573  0.03489  0.01180  0.81268  -233.20051  -235.10591  4.99985   768
1857.00  0.03574  0.03489  0.01161  0.81268  -233.43550  -235.32259  4.99985   768
1858.00  0.03573  0.03489  0.01107  0.81268  -234.20607  -236.03975  4.99985   768
1859.00  0.03573  0.03489  0.01046  0.81268  -235.12923  -236.95680  4.99985   768
1860.00  0.03572  0.03489  0.00981  0.81268  -236.16682  -238.00508  4.99985   768
1861.00  0.03575  0.03489  0.00976  0.81268  -236.26906  -238.15004  4.99985   768
1862.00  0.03573  0.03489  0.01010  0.81268  -235.82198  -237.75178  4.99985   768
1863.00  0.03573  0.03489  0.01057  0.81268  -235.08955  -237.02394  4.99985   768
1864.00  0.03574  0.03489  0.01128  0.81268  -234.01839  -235.96345  4.99985   768
1865.00  0.03572  0.03489  0.01171  0.81268  -233.32259  -235.21577  4.99985   768
1866.00  0.03573  0.03489  0.01169  0.81268  -233.29207  -235.16084  4.99985   768
1867.00  0.03573  0.03489  0.01143  0.81268  -233.65065  -235.48738  4.99985   768
1868.00  0.03573  0.03489  0.01081  0.81268  -234.60127  -236.42732  4.99985   768
1869.00  0.03574  0.03489  0.01015  0.81268  -235.62208  -237.46950  4.99985   768
1870.00  0.03573  0.03489  0.00980  0.81268  -236.15919  -238.00661  4.99985   768
1871.00  0.03574  0.03489  0.00987  0.81268  -236.15767  -238.08595  4.99985   768
1872.00  0.03572  0.03489  0.01038  0.81268  -235.40541  -237.36574  4.99985   768
1873.00  0.03574  0.03489  0.01105  0.81268  -234.36781  -236.32967  4.99985   768
1874.00  0.03573  0.03489  0.01160  0.81268  -233.51332  -235.45381  4.99985   768
1875.00  0.03574  0.03489  0.01180  0.81268  -233.20357  -235.11201  4.99985   768
1876.00  0.03573  0.03489  0.01157  0.81268  -233.41566  -235.27071  4.99985   768
1877.00  0.03572  0.03489  0.01116  0.81268  -234.10536  -235.94362  4.99985   768
1878.00  0.03572  0.03489  0.01047  0.81268  -235.11092  -236.92628  4.99985   768
1879.00  0.03573  0.03489  0.00999  0.81268  -235.89674  -237.73805  4.99985   768
1880.00  0.03572  0.03489  0.00984  0.81268  -236.14851  -238.02492  4.99985   768
1881.00  0.03575  0.03489  0.01010  0.81268  -235.79909  -237.71364  4.99985   768
1882.00  0.03572  0.03489  0.01068  0.81268  -234.92018  -236.85304  4.99985   768
1883.00  0.03572  0.03489  0.01140  0.81268  -233.80934  -235.74831  4.99985   768
1884.00  0.03574  0.03489  0.01163  0.81268  -233.39125  -235.29359  4.99985   768
1885.00  0.03573  0.03489  0.01164  0.81268  -233.38057  -235.24324  4.99985   768
1886.00  0.03572  0.03489  0.01133  0.81268  -233.80324  -235.64149  4.99985   768
1887.00  0.03574  0.03489  0.01069  0.81268  -234.79353  -236.61806  4.99985   768
1888.00  0.03573  0.03489  0.01005  0.81268  -235.78535  -237.62056  4.99985   768
1889.00  0.03573  0.03489  0.00971  0.81268  -236.36519  -238.22938  4.99985   768
1890.00  0.03573  0.03489  0.00981  0.81268  -236.27516  -238.21260  4.99985   768
1891.00  0.03573  0.03489  0.01029  0.81268  -235.53511  -237.48170  4.99985   768
1892.00  0.03572  0.03489  0.01102  0.81268  -234.43037  -236.38002  4.99985   768
1893.00  0.03574  0.03489  0.01152  0.81268  -233.61250  -235.53621  4.99985   768
1894.00  0.03573  0.03489  0.01173  0.81268  -233.26460  -235.14101  4.99985   768
1895.00  0.03575  0.03489  0.01144  0.81268  -233.67049  -235.51179  4.99985   768
1896.00  0.03573  0.03489  0.01089  0.81268  -234.43953  -236.25337  4.99985   768
1897.00  0.03572  0.03489  0.01030  0.81268  -235.41762  -237.24214  4.99985   768
1898.00  0.03574  0.03489  0.00992  0.81268  -236.02644  -237.86775  4.99985   768
1899.00  0.03572  0.03489  0.00982  0.81268  -236.20039  -238.08290  4.99985   768
1900.00  0.03574  0.03489  0.01019  0.81268  -235.67854  -237.59462  4.99985   768
1901.00  0.03574  0.03489  0.01084  0.81268  -234.67909  -236.62263  4.99985   768
1902.00  0.03572  0.03489  0.01149  0.81268  -233.70558  -235.64607  4.99985   768
1903.00  0.03573  0.03489  0.01177  0.81268  -233.20814  -235.08760  4.99985   768
1904.00  0.03572  0.03489  0.01173  0.81268  -233.24324  -235.13185  4.99985   768
1905.00  0.03573  0.03489  0.01124  0.81268  -233.96956  -235.79866  4.99985   768
1906.00  0.03573  0.03489  0.01067  0.81268  -234.82710  -236.67757  4.99985   768
1907.00  0.03573  0.03489  0.01021  0.81268  -235.57936  -237.42067  4.99985   768
1908.00  0.03572  0.03489  0.01002  0.81268  -235.86928  -237.74721  4.99985   768
1909.00  0.03573  0.03489  0.01015  0.81268  -235.70906  -237.64650  4.99985   768
1910.00  0.03574  0.03489  0.01070  0.81268  -234.90950  -236.84999  4.99985   768
1911.00  0.03575  0.03489  0.01130  0.81268  -233.99245  -235.94057  4.99985   768
1912.00  0.03572  0.03489  0.01186  0.81268  -233.12727  -235.04945  4.99985   768
1913.00  0.03573  0.03489  0.01195  0.81268  -232.87550  -234.75648  4.99985   768
1914.00  0.03573  0.03489  0.01158  0.81268  -233.44618  -235.27071  4.99985   768
1915.00  0.03573  0.03489  0.01098  0.81268  -234.30373  -236.11299  4.99985   768
1916.00  0.03573  0.03489  0.01027  0.81268  -235.43745  -237.26198  4.99985   768
1917.00  0.03574  0.03489  0.00981  0.81268  -236.16835  -237.99440  4.99985   768
1918.00  0.03573  0.03489  0.00983  0.81268  -236.20802  -238.10884  4.99985   768
1919.00  0.03573  0.03489  0.01020  0.81268  -235.69685  -237.64040  4.99985   768
1920.00  0.03573  0.03489  0.01089  0.81268  -234.58449  -236.53718  4.99985   768
1921.00  0.03573  0.03489  0.01144  0.81268  -233.75899  -235.69490  4.99985   768
1922.00  0.03573  0.03489  0.01176  0.81268  -233.23714  -235.14864  4.99985   768
1923.00  0.03573  0.03489  0.01167  0.81268  -233.35463  -235.21883  4.99985   768
1924.00  0.03572  0.03489  0.01120  0.81268  -234.06721  -235.92836  4.99985   768
1925.00  0.03573  0.03489  0.01048  0.81268  -235.11092  -236.93391  4.99985   768
1926.00  0.03573  0.03489  0.00989  0.81268  -235.98982  -237.85249  4.99985   768
1927.00  0.03574  0.03489  0.00966  0.81268  -236.43385  -238.32857  4.99985   768
1928.00  0.03573  0.03489  0.00988  0.81268  -236.15919  -238.06917  4.99985   768
1929.00  0.03573  0.03489  0.01058  0.81268  -235.11549  -237.03462  4.99985   768
1930.00  0.03571  0.03489  0.01125  0.81268  -234.05653  -235.98482  4.99985   768
1931.00  0.03573  0.03489  0.01175  0.81268  -233.27681  -235.18831  4.99985   768
1932.00  0.03572  0.03489  0.01191  0.81268  -232.94112  -234.81905  4.99985   768
1933.00  0.03573  0.03489  0.01156  0.81268  -233.49043  -235.31496  4.99985   768
1934.00  0.03573  0.03489  0.01093  0.81268  -234.44105  -236.25490  4.99985   768
1935.00  0.03574  0.03489  0.01028  0.81268  -235.43745  -237.24977  4.99985   768
1936.00  0.03574  0.03489  0.00979  0.81268  -236.24159  -238.09969  4.99985   768
1937.00  0.03574  0.03489  0.00979  0.81268  -236.25838  -238.16072  4.99985   768
1938.00  0.03573  0.03489  0.01022  0.81268  -235.64497  -237.58852  4.99985   768
1939.00  0.03572  0.03489  0.01086  0.81268  -234.65315  -236.61195  4.99985   768
1940.00  0.03573  0.03489  0.01156  0.81268  -233.58809  -235.54079  4.99985   768
1941.00  0.03572  0.03489  0.01195  0.81268  -232.94417  -234.86177  4.99985   768
1942.00  0.03574  0.03489  0.01174  0.81268  -233.22340  -235.07082  4.99985   768
1943.00  0.03573  0.03489  0.01128  0.81268  -233.93294  -235.78187  4.99985   768
1944.00  0.03573  0.03489  0.01053  0.81268  -234.99647  -236.80574  4.99985   768
1945.00  0.03573  0.03489  0.00995  0.81268  -236.00203  -237.83876  4.99985   768
1946.00  0.03573  0.03489  0.00971  0.81268  -236.36366  -238.22176  4.99985   768
1947.00  0.03571  0.03489  0.00992  0.81268  -236.08137  -237.99593  4.99985   768
1948.00  0.03573  0.03489  0.01057  0.81268  -235.12007  -237.06056  4.99985   768
1949.00  0.03573  0.03489  0.01125  0.81268  -234.02907  -235.96040  4.99985   768
1950.00  0.03572  0.03489  0.01159  0.81268  -233.50569  -235.40956  4.99985   768
1951.00  0.03573  0.03489  0.01174  0.81268  -233.25545  -235.14253  4.99985   768
1952.00  0.03573  0.03489  0.01147  0.81268  -233.58961  -235.42787  4.99985   768
1953.00  0.03572  0.03489  0.01091  0.81268  -234.45631  -236.28236  4.99985   768
1954.00  0.03573  0.03489  0.01031  0.81268  -235.38710  -237.21773  4.99985   768
1955.00  0.03573  0.03489  0.00978  0.81268  -236.20497  -238.05696  4.99985   768
1956.00  0.03573  0.03489  0.00979  0.81268  -236.29195  -238.20650  4.99985   768
1957.00  0.03574  0.03489  0.01028  0.81268  -235.54579  -237.50764  4.99985   768
1958.00  0.03572  0.03489  0.01093  0.81268  -234.55702  -236.51735  4.99985   768
1959.00  0.03573  0.03489  0.01159  0.81268  -233.54384  -235.48738  4.99985   768
1960.00  0.03573  0.03489  0.01190  0.81268  -233.01283  -234.90297  4.99985   768
1961.00  0.03572  0.03489  0.01180  0.81268  -233.14711  -235.01131  4.99985   768
1962.00  0.03572  0.03489  0.01133  0.81268  -233.80476  -235.62166  4.99985   768
1963.00  0.03572  0.03489  0.01064  0.81268  -234.85915  -236.67146  4.99985   768
1964.00  0.03573  0.03489  0.01004  0.81268  -235.78230  -237.61598  4.99985   768
1965.00  0.03572  0.03489  0.00982  0.81268  -236.15767  -238.01881  4.99985   768
1966.00  0.03573  0.03489  0.01008  0.81268  -235.85097  -237.77010  4.99985   768
1967.00  0.03574  0.03489  0.01062  0.81268  -235.02547  -236.95833  4.99985   768
1968.00  0.03574  0.03489  0.01128  0.81268  -234.04890  -235.97871  4.99985   768
1969.00  0.03572  0.03489  0.01172  0.81268  -233.29512  -235.20509  4.99985   768
1970.00  0.03572  0.03489  0.01169  0.81268  -233.32564  -235.18526  4.99985   768
1971.00  0.03573  0.03489  0.01139  0.81268  -233.76204  -235.62013  4.99985   768
1972.00  0.03573  0.03489  0.01088  0.81268  -234.52345  -236.36476  4.99985   768
1973.00  0.03573  0.03489  0.01025  0.81268  -235.48170  -237.32301  4.99985   768
1974.00  0.03572  0.03489  0.00993  0.81268  -236.00050  -237.86775  4.99985   768
1975.00  0.03572  0.03489  0.00988  0.81268  -236.11342  -238.01424  4.99985   768
1976.00  0.03574  0.03489  0.01030  0.81268  -235.53511  -237.48781  4.99985   768
1977.00  0.03571  0.03489  0.01097  0.81268  -234.54787  -236.48225  4.99985   768
1978.00  0.03574  0.03489  0.01158  0.81268  -233.51179  -235.44771  4.99985   768
1979.00  0.03574  0.03489  0.01182  0.81268  -233.16695  -235.05556  4.99985   768
1980.00  0.03572  0.03489  0.01166  0.81268  -233.29359  -235.13643  4.99985   768
1981.00  0.03573  0.03489  0.01118  0.81268  -234.05806  -235.87801  4.99985   768
1982.00  0.03573  0.03489  0.01052  0.81268  -235.02852  -236.84083  4.99985   768
1983.00  0.03573  0.03489  0.01005  0.81268  -235.78230  -237.61446  4.99985   768
1984.00  0.03573  0.03489  0.00989  0.81268  -236.10121  -237.97609  4.99985   768
1985.00  0.03572  0.03489  0.01013  0.81268  -235.76552  -237.68007  4.99985   768
1986.00  0.03573  0.03489  0.01075  0.81268  -234.84236  -236.79048  4.99985   768
1987.00  0.03573  0.03489  0.01140  0.81268  -233.83375  -235.78187  4.99985   768
1988.00  0.03573  0.03489  0.01178  0.81268  -233.22188  -235.13643  4.99985   768
1989.00  0.03573  0.03489  0.01183  0.81268  -233.10591  -234.98537  4.99985   768
1990.00  0.03573  0.03489  0.01150  0.81268  -233.58504  -235.44160  4.99985   768
1991.00  0.03572  0.03489  0.01091  0.81268  -234.42885  -236.25337  4.99985   768
1992.00  0.03572  0.03489  0.01023  0.81268  -235.52901  -237.36421  4.99985   768
1993.00  0.03573  0.03489  0.00983  0.81268  -236.16072  -238.03255  4.99985   768
1994.00  0.03573  0.03489  0.00997  0.81268  -236.01118  -237.92573  4.99985   768
1995.00  0.03574  0.03489  0.01048  0.81268  -235.19484  -237.12465  4.99985   768
1996.00  0.03573  0.03489  0.01113  0.81268  -234.23659  -236.18776  4.99985   768
1997.00  0.03572  0.03489  0.01160  0.81268  -233.50111  -235.40651  4.99985   768
1998.00  0.03574  0.03489  0.01180  0.81268  -233.14558  -235.01283  4.99985   768
1999.00  0.03572  0.03489  0.01169  0.81268  -233.28291  -235.12880  4.99985   768
2000.00  0.04069  0.05370  0.01105  0.81268  -234.18928  -235.99245  4.99985   768
2001.00  0.05124  0.05370  0.01097  0.81268  -234.50819  -236.44258  4.99985   768
2002.00  0.05172  0.05370  0.01180  0.81268  -233.21272  -235.17610  4.99985   768
2003.00  0.05194  0.05370  0.01166  0.81268  -233.26460  -235.05250  4.99985   768
2004.00  0.05209  0.05370  0.01200  0.81268  -233.00368  -235.03419  4.99985   768
