ASI 600A Data File
Created: Wed May  8 15:23:00 2024
A/D Sampling Rate: 1000 Hz
Comment: Mouse CP512 Cell 4
Width 0.0364
Thick 0.0182
After Activation
Width 0.0
Thick 0.0
*** Setup Parameters ***
Length Controller: 315C
Force Transducer: 406A
Initial Length: 0.0334 mm
Minimum Length: -5 Lo
Maximum Length: 5 Lo
Fiber Length: 0.0334 mm
Initial Sarcomere Length: 0 um
Diameter: 1.91919 mm
Maximum Tetanic Tension: 3 mN
Calibrate FC step size:  -20 um
Calibrate FC ramp time:  100 ms
Calibrate FC hold time:  200 ms
Force Gain-Factor:       0.6
Force Integral-Constant: 0.26 ms
Force Filter-Constant:   0.2 ms
Constant Stiffness Range: 100
dF/dL measured at Force:  34522 adu
Fiber Stiffness (adu):    0
Fiber Stiffness (mN/mm):  0
SL Gain-Factor:           0.25
SL Integral-Constant:     0.1 ms
SL Filter-Constant:       0 ms
SL Stiffness (adu):       0.3
SL Stiffness (um/mm):     1
ADC0 Offset: -28.840 mv
ADC1 Offset: -28.840 mv
DAC0 Offset: 3.336 mv
DAC1 Offset: -3.588 mv
Panel 1 size: 2
Panel 2 size: 4
Panel 3 size: 2
Panel 4 size: 5
Panel 1 signal: 0
Panel 2 signal: 1
Panel 3 signal: 2
Panel 4 signal: 6
Background (0/1): 0
Length In color:  16395263
Force  In color:  16717330
SL     In color:  16771867
Aux1   In color:  1769257
Length Out color:  255
Force  Out color:  255
Stim   Out color:  16777215
Aux2   In  color:  16747283
Length Units: um
Force Units: mN
Time Units: ms
Sarcomere Length Units: um
Scope Display1: 0
Scope Display2: 2
AUX Channels Scope Display: 0
Scope Timebase: 1
Scope Vscale:   0
Scope Lunit:    1
Scope Lmin:     0.026370
Scope Lmax:     0.026470
Scope Funit:    0
Scope Fmin:     0.157780
Scope Fmax:     0.157960
Scope AUX1_min:     10.000000
Scope AUX1_max:     16.000000
Scope AUX2_min:     8.000000
Scope AUX2_max:     14.000000
Scope L Data Scale:     1.651868
Scope F Data Scale:     0.225000
Scope AUX1 Data Scale:     1.000000
Scope AUX2 Data Scale:     1.000000
Scope SL Data Scale:     1.000000
Scope Sunit:    0
Analysis Lunit: 4
Analysis Funit: 0
Analysis Tunit: 0
Analysis Channels: 101000000010000
Analysis Readout: 1
Analysis Gaussian Filter Kernel Size (Lin):     201
Analysis Gaussian Filter Kernel Size (Fin):     50
Analysis Gaussian Filter Kernel Size (Aux1):    201
Analysis Gaussian Filter Kernel Size (Aux2):    201
Analysis Gaussian Filter Standard Deviation (Lin):     1.0
Analysis Gaussian Filter Standard Deviation (Fin):     1.0
Analysis Gaussian Filter Standard Deviation (Aux1):    1.0
Analysis Gaussian Filter Standard Deviation (Aux2):    1.0
Aux1 Name: Aux1
Aux1 Units: C
Aux1 Scale (units/volt): 100.000000
Aux1 Offset (units): 2.000000
Aux2 Name: Aux2
Aux2 Units: mv
Aux2 Scale (units/volt): 100
Aux2 Offset (units): 0
 *** Cantilever Properties ***
Cantilever Stiffness Calculation Method: 2
Cantilever Stiffness (N/m): -1.000
Cantilever Length (um): 450.000
Cantilever Thickness (um): 2.000
Cantilever Width 1 (um): 50.000
Cantilever Width 2 (um): 50.000
Cantilever Elasticity (GPa): 160.000
 *** ASI804A Test Window Properties ***
ASI804A Vscale: 0
ASI804A Timebase: 0
ASI804A Sampling Rate: 0
ASI804A Scope L_min:     999.800000
ASI804A Scope L_max:     1000.200000
ASI804A Scope F_min:     -0.040000
ASI804A Scope F_max:     0.020000
ASI804A Scope log10Rario_min:     -0.063875
ASI804A Scope log10Ratio_max:     -0.063650
ASI804A Scope L Scale Units:    4
ASI804A Scope F Scale Units:    0
ASI804A Scope L Scale:     1.000000
ASI804A Scope F Scale:     1.000000
ASI804A Scope log10Ratio Scale:     0.500000
ASI804A Data Files Directory: /home/asi/data
ASI804A Data Files Name: atp_datafile
ASI804A Font: Liberation Sans
ASI804A Font Size: 24
ASI804A pCa Combo Size: 0
ASI804A pCa Combo Active: -1
 *** Additional devices ***
ASI802D Bath Controller: 0
ASI804A ATPase Controller: 1
*** Calibration Parameters ***
Model  LOoffset  LOscale  LIoffset  LIscale  FOoffset  FOscale  FIoffset  FIscale
Number 	mm        mm/v	   mm        mm/v     mN        mN/v     mN        mN/v
308B	 0	 0.2	 0	 0.2	 0	 1	 0	 1
312C	 0	 0.15	 0	 0.15	 0	 1	 0	 1
315C	 0	 0.15	 0	 0.15	 0	 1	 0	 1
318B	 0	 0.3	 0	 0.3	 0	 1	 0	 1
322C	 0	 0.3	 0	 0.3	 0	 1	 0	 1
340A	 0	 0.005	 0	 0.005	 0	 1	 0	 1
300C	 0	 0.5	 0	 0.5	 0	 50	 0	 50
300C-LR	 0	 0.5	 0	 0.5	 0	 100	 0	 100
305C	 0	 1	 0	 1	 0	 500	 0	 500
305C-LR	 0	 1	 0	 1	 0	 1000	 0	 1000
309C	 0	 1.25	 0	 1.25	 0	 2000	 0	 2000
310C	 0	 2	 0	 2	 0	 5000	 0	 5000
310C-LR	 0	 2	 0	 2	 0	 10000	 0	 10000
???	 0	 1	 0	 1	 0	 1	 0	 1
400A	 0	 1	 0	 1	 0	 5	 0	 5
402A	 0	 1	 0	 1	 0	 50	 0	 50
403A-CF	 0	 1	 0	 1	 0	 0.2	 0	 0.2
403A	 0	 1	 0	 1	 0	 0.5	 0	 0.5
404A	 0	 1	 0	 1	 0	 10	 0	 10
405A	 0	 1	 0	 1	 0	 1	 0	 1
406A	 0	 1	 0	 1	 0.16	 0.06497	 0.16	 0.06497
407A	 0	 1	 0	 1	 0	 100	 0	 100
470A	 0	 1	 0	 1	 0	 1	 0	 1
other	 0	 1	 0	 1	 0	 1	 0	 1
none	 0	 1	 0	 1	 0	 1	 0	 1
*** Test Protocol Parameters ***
A/D Sampling Rate: 1000 Hz
Comment: Length Discrete Sine protocol for stiffness testing
Minimum Length: -5.000 (Lo)
Maximum Length: 5.000 (Lo)
PD Deadband:    0.000000 mN
Stimulus 01: 0.3 ms 100.000 Hz 10.0 ms 50.000 Hz 0.100 s
Stimulus 02: 1.2 ms 100.000 Hz 20.0 ms 2.000 Hz 100.000 s
Stimulus 03: 1.3 ms 100.000 Hz 20.0 ms 2.000 Hz 100.000 s
Stimulus 04: 1.4 ms 100.000 Hz 20.0 ms 2.000 Hz 100.000 s
Stimulus 05: 1.5 ms 100.000 Hz 20.0 ms 2.000 Hz 100.000 s
Stimulus 06: 1.6 ms 100.000 Hz 20.0 ms 2.000 Hz 100.000 s
Stimulus 07: 1.7 ms 100.000 Hz 20.0 ms 2.000 Hz 100.000 s
Stimulus 08: 1.8 ms 100.000 Hz 20.0 ms 2.000 Hz 100.000 s
Stimulus 09: 1.9 ms 100.000 Hz 20.0 ms 2.000 Hz 100.000 s
Stimulus 10: 2.2 ms 100.000 Hz 20.0 ms 2.000 Hz 100.000 s
Time (ms)	Control Function	Options
      0.0	Data-Enable		
    200.0	Length-Step		 0.65 Lo
   2000.0	Length-Step		 1 Lo
   2005.0	Data-Disable		
      0.0	Stop		
*** Force and Length Signals vs Time ***
Time (ms)  Lin (mm)  Lout (mm)  Fin (mN)  Fout (mN)  Aux1 C  Aux2 mv  SL (um)   Stimulus/Triggers
0.00  0.03316  0.03340  0.01076  0.80968  -230.09840  -231.93361  4.99985   768
1.00  0.03316  0.03340  0.01043  0.80968  -230.65077  -232.52717  4.99985   768
2.00  0.03316  0.03340  0.01061  0.80968  -230.41884  -232.33339  4.99985   768
3.00  0.03317  0.03340  0.01102  0.80968  -229.79475  -231.74745  4.99985   768
4.00  0.03316  0.03340  0.01169  0.80968  -228.79072  -230.73732  4.99985   768
5.00  0.03315  0.03340  0.01216  0.80968  -228.04762  -229.98353  4.99985   768
6.00  0.03316  0.03340  0.01228  0.80968  -227.78364  -229.67531  4.99985   768
7.00  0.03314  0.03340  0.01213  0.80968  -228.03236  -229.89503  4.99985   768
8.00  0.03314  0.03340  0.01160  0.80968  -228.79072  -230.61372  4.99985   768
9.00  0.03315  0.03340  0.01103  0.80968  -229.62385  -231.45753  4.99985   768
10.00  0.03317  0.03340  0.01064  0.80968  -230.28609  -232.11671  4.99985   768
11.00  0.03315  0.03340  0.01049  0.80968  -230.54854  -232.41426  4.99985   768
12.00  0.03316  0.03340  0.01090  0.80968  -230.01448  -231.92750  4.99985   768
13.00  0.03315  0.03340  0.01146  0.80968  -229.10048  -231.03334  4.99985   768
14.00  0.03316  0.03340  0.01206  0.80968  -228.20326  -230.13002  4.99985   768
15.00  0.03315  0.03340  0.01238  0.80968  -227.65852  -229.55171  4.99985   768
16.00  0.03315  0.03340  0.01228  0.80968  -227.77907  -229.64174  4.99985   768
17.00  0.03317  0.03340  0.01183  0.80968  -228.43062  -230.27803  4.99985   768
18.00  0.03316  0.03340  0.01124  0.80968  -229.33241  -231.17219  4.99985   768
19.00  0.03315  0.03340  0.01072  0.80968  -230.17317  -232.02516  4.99985   768
20.00  0.03315  0.03340  0.01045  0.80968  -230.63704  -232.50886  4.99985   768
21.00  0.03316  0.03340  0.01066  0.80968  -230.31050  -232.25557  4.99985   768
22.00  0.03316  0.03340  0.01117  0.80968  -229.55519  -231.49415  4.99985   768
23.00  0.03317  0.03340  0.01181  0.80968  -228.63051  -230.59541  4.99985   768
24.00  0.03316  0.03340  0.01224  0.80968  -227.88893  -229.80196  4.99985   768
25.00  0.03318  0.03340  0.01230  0.80968  -227.75923  -229.64632  4.99985   768
26.00  0.03317  0.03340  0.01200  0.80968  -228.15901  -229.97896  4.99985   768
27.00  0.03316  0.03340  0.01143  0.80968  -229.03029  -230.86397  4.99985   768
28.00  0.03316  0.03340  0.01078  0.80968  -230.03584  -231.83748  4.99985   768
29.00  0.03316  0.03340  0.01029  0.80968  -230.81099  -232.64467  4.99985   768
30.00  0.03315  0.03340  0.01026  0.80968  -230.93611  -232.82320  4.99985   768
31.00  0.03316  0.03340  0.01065  0.80968  -230.37306  -232.31050  4.99985   768
32.00  0.03315  0.03340  0.01132  0.80968  -229.32478  -231.27138  4.99985   768
33.00  0.03315  0.03340  0.01198  0.80968  -228.31770  -230.24293  4.99985   768
34.00  0.03316  0.03340  0.01216  0.80968  -227.99879  -229.89809  4.99985   768
35.00  0.03316  0.03340  0.01210  0.80968  -228.04304  -229.91334  4.99985   768
36.00  0.03315  0.03340  0.01172  0.80968  -228.61983  -230.46266  4.99985   768
37.00  0.03317  0.03340  0.01103  0.80968  -229.67879  -231.50178  4.99985   768
38.00  0.03316  0.03340  0.01050  0.80968  -230.49818  -232.35933  4.99985   768
39.00  0.03315  0.03340  0.01024  0.80968  -230.95747  -232.83540  4.99985   768
40.00  0.03316  0.03340  0.01045  0.80968  -230.66298  -232.58516  4.99985   768
41.00  0.03315  0.03340  0.01103  0.80968  -229.77644  -231.72151  4.99985   768
42.00  0.03317  0.03340  0.01180  0.80968  -228.63814  -230.58015  4.99985   768
43.00  0.03316  0.03340  0.01224  0.80968  -227.92250  -229.81874  4.99985   768
44.00  0.03315  0.03340  0.01236  0.80968  -227.67683  -229.53645  4.99985   768
45.00  0.03315  0.03340  0.01202  0.80968  -228.17732  -230.02473  4.99985   768
46.00  0.03314  0.03340  0.01151  0.80968  -228.89906  -230.70680  4.99985   768
47.00  0.03315  0.03340  0.01079  0.80968  -230.02669  -231.83748  4.99985   768
48.00  0.03317  0.03340  0.01032  0.80968  -230.75301  -232.60652  4.99985   768
49.00  0.03317  0.03340  0.01035  0.80968  -230.75911  -232.65687  4.99985   768
50.00  0.03317  0.03340  0.01072  0.80968  -230.28456  -232.19911  4.99985   768
51.00  0.03315  0.03340  0.01139  0.80968  -229.28664  -231.25154  4.99985   768
52.00  0.03316  0.03340  0.01201  0.80968  -228.24904  -230.19563  4.99985   768
53.00  0.03316  0.03340  0.01238  0.80968  -227.69209  -229.59901  4.99985   768
54.00  0.03315  0.03340  0.01220  0.80968  -227.90877  -229.77296  4.99985   768
55.00  0.03316  0.03340  0.01171  0.80968  -228.60304  -230.44435  4.99985   768
56.00  0.03316  0.03340  0.01113  0.80968  -229.53078  -231.37514  4.99985   768
57.00  0.03317  0.03340  0.01058  0.80968  -230.38222  -232.22963  4.99985   768
58.00  0.03316  0.03340  0.01030  0.80968  -230.82777  -232.70113  4.99985   768
59.00  0.03318  0.03340  0.01046  0.80968  -230.62331  -232.53175  4.99985   768
60.00  0.03315  0.03340  0.01094  0.80968  -229.91835  -231.83900  4.99985   768
61.00  0.03315  0.03340  0.01156  0.80968  -228.96010  -230.90059  4.99985   768
62.00  0.03315  0.03340  0.01208  0.80968  -228.12544  -230.03084  4.99985   768
63.00  0.03315  0.03340  0.01224  0.80968  -227.86146  -229.73329  4.99985   768
64.00  0.03316  0.03340  0.01197  0.80968  -228.24446  -230.07509  4.99985   768
65.00  0.03316  0.03340  0.01135  0.80968  -229.16914  -230.99061  4.99985   768
66.00  0.03315  0.03340  0.01078  0.80968  -230.08925  -231.92140  4.99985   768
67.00  0.03314  0.03340  0.01042  0.80968  -230.62483  -232.49818  4.99985   768
68.00  0.03315  0.03340  0.01037  0.80968  -230.77437  -232.69350  4.99985   768
69.00  0.03315  0.03340  0.01075  0.80968  -230.18538  -232.11519  4.99985   768
70.00  0.03315  0.03340  0.01134  0.80968  -229.32783  -231.28206  4.99985   768
71.00  0.03316  0.03340  0.01190  0.80968  -228.44435  -230.38637  4.99985   768
72.00  0.03314  0.03340  0.01226  0.80968  -227.90114  -229.80653  4.99985   768
73.00  0.03316  0.03340  0.01217  0.80968  -227.95759  -229.82942  4.99985   768
74.00  0.03315  0.03340  0.01182  0.80968  -228.52064  -230.35585  4.99985   768
75.00  0.03316  0.03340  0.01129  0.80968  -229.27443  -231.08064  4.99985   768
76.00  0.03317  0.03340  0.01070  0.80968  -230.19301  -232.02211  4.99985   768
77.00  0.03315  0.03340  0.01050  0.80968  -230.50734  -232.36238  4.99985   768
78.00  0.03315  0.03340  0.01064  0.80968  -230.36391  -232.26320  4.99985   768
79.00  0.03315  0.03340  0.01115  0.80968  -229.57197  -231.49415  4.99985   768
80.00  0.03316  0.03340  0.01175  0.80968  -228.66560  -230.59541  4.99985   768
81.00  0.03315  0.03340  0.01218  0.80968  -228.03389  -229.93623  4.99985   768
82.00  0.03316  0.03340  0.01228  0.80968  -227.76228  -229.64937  4.99985   768
83.00  0.03315  0.03340  0.01200  0.80968  -228.18037  -230.01558  4.99985   768
84.00  0.03315  0.03340  0.01150  0.80968  -228.97078  -230.81819  4.99985   768
85.00  0.03315  0.03340  0.01097  0.80968  -229.79933  -231.63759  4.99985   768
86.00  0.03315  0.03340  0.01051  0.80968  -230.49971  -232.35322  4.99985   768
87.00  0.03315  0.03340  0.01054  0.80968  -230.48903  -232.40510  4.99985   768
88.00  0.03316  0.03340  0.01083  0.80968  -230.07399  -231.99769  4.99985   768
89.00  0.03314  0.03340  0.01146  0.80968  -229.15083  -231.11269  4.99985   768
90.00  0.03316  0.03340  0.01200  0.80968  -228.26887  -230.19258  4.99985   768
91.00  0.03314  0.03340  0.01223  0.80968  -227.86452  -229.76228  4.99985   768
92.00  0.03316  0.03340  0.01217  0.80968  -227.98964  -229.82942  4.99985   768
93.00  0.03316  0.03340  0.01181  0.80968  -228.48250  -230.30855  4.99985   768
94.00  0.03316  0.03340  0.01122  0.80968  -229.38429  -231.19356  4.99985   768
95.00  0.03316  0.03340  0.01069  0.80968  -230.19759  -232.03126  4.99985   768
96.00  0.03316  0.03340  0.01055  0.80968  -230.44478  -232.31355  4.99985   768
97.00  0.03315  0.03340  0.01066  0.80968  -230.30440  -232.19911  4.99985   768
98.00  0.03315  0.03340  0.01128  0.80968  -229.44533  -231.39345  4.99985   768
99.00  0.03317  0.03340  0.01181  0.80968  -228.56947  -230.50996  4.99985   768
100.00  0.03316  0.03340  0.01216  0.80968  -228.01253  -229.93013  4.99985   768
101.00  0.03315  0.03340  0.01231  0.80968  -227.79433  -229.68446  4.99985   768
102.00  0.03316  0.03340  0.01206  0.80968  -228.10408  -229.95759  4.99985   768
103.00  0.03315  0.03340  0.01154  0.80968  -228.92042  -230.74037  4.99985   768
104.00  0.03316  0.03340  0.01102  0.80968  -229.69099  -231.53688  4.99985   768
105.00  0.03316  0.03340  0.01071  0.80968  -230.23878  -232.12282  4.99985   768
106.00  0.03315  0.03340  0.01059  0.80968  -230.41273  -232.30134  4.99985   768
107.00  0.03315  0.03340  0.01104  0.80968  -229.79018  -231.70930  4.99985   768
108.00  0.03316  0.03340  0.01166  0.80968  -228.79072  -230.73274  4.99985   768
109.00  0.03317  0.03340  0.01210  0.80968  -228.11629  -230.01863  4.99985   768
110.00  0.03316  0.03340  0.01230  0.80968  -227.77144  -229.66768  4.99985   768
111.00  0.03315  0.03340  0.01220  0.80968  -227.88740  -229.73482  4.99985   768
112.00  0.03315  0.03340  0.01174  0.80968  -228.56489  -230.38179  4.99985   768
113.00  0.03315  0.03340  0.01110  0.80968  -229.53688  -231.34157  4.99985   768
114.00  0.03316  0.03340  0.01070  0.80968  -230.20521  -232.04957  4.99985   768
115.00  0.03317  0.03340  0.01048  0.80968  -230.55159  -232.42494  4.99985   768
116.00  0.03315  0.03340  0.01077  0.80968  -230.16249  -232.09840  4.99985   768
117.00  0.03316  0.03340  0.01132  0.80968  -229.34614  -231.28053  4.99985   768
118.00  0.03316  0.03340  0.01195  0.80968  -228.36043  -230.31465  4.99985   768
119.00  0.03316  0.03340  0.01230  0.80968  -227.80196  -229.71651  4.99985   768
120.00  0.03315  0.03340  0.01231  0.80968  -227.73939  -229.62800  4.99985   768
121.00  0.03318  0.03340  0.01194  0.80968  -228.29329  -230.15596  4.99985   768
122.00  0.03315  0.03340  0.01141  0.80968  -229.06691  -230.90517  4.99985   768
123.00  0.03316  0.03340  0.01089  0.80968  -229.92598  -231.76729  4.99985   768
124.00  0.03315  0.03340  0.01048  0.80968  -230.49818  -232.37154  4.99985   768
125.00  0.03316  0.03340  0.01058  0.80968  -230.47072  -232.34712  4.99985   768
126.00  0.03315  0.03340  0.01100  0.80968  -229.81764  -231.74135  4.99985   768
127.00  0.03315  0.03340  0.01160  0.80968  -228.91279  -230.84260  4.99985   768
128.00  0.03316  0.03340  0.01207  0.80968  -228.16969  -230.08272  4.99985   768
129.00  0.03316  0.03340  0.01228  0.80968  -227.77754  -229.63258  4.99985   768
130.00  0.03316  0.03340  0.01204  0.80968  -228.11934  -229.96522  4.99985   768
131.00  0.03316  0.03340  0.01157  0.80968  -228.85176  -230.66408  4.99985   768
132.00  0.03316  0.03340  0.01101  0.80968  -229.67726  -231.51857  4.99985   768
133.00  0.03316  0.03340  0.01052  0.80968  -230.47224  -232.29219  4.99985   768
134.00  0.03316  0.03340  0.01036  0.80968  -230.76369  -232.65535  4.99985   768
135.00  0.03316  0.03340  0.01067  0.80968  -230.34102  -232.27998  4.99985   768
136.00  0.03316  0.03340  0.01121  0.80968  -229.48958  -231.43465  4.99985   768
137.00  0.03316  0.03340  0.01184  0.80968  -228.52675  -230.46419  4.99985   768
138.00  0.03316  0.03340  0.01221  0.80968  -227.94234  -229.87520  4.99985   768
139.00  0.03315  0.03340  0.01221  0.80968  -227.92250  -229.79585  4.99985   768
140.00  0.03317  0.03340  0.01185  0.80968  -228.43214  -230.27040  4.99985   768
141.00  0.03316  0.03340  0.01135  0.80968  -229.18593  -231.01961  4.99985   768
142.00  0.03316  0.03340  0.01074  0.80968  -230.13350  -231.95650  4.99985   768
143.00  0.03317  0.03340  0.01047  0.80968  -230.54701  -232.38832  4.99985   768
144.00  0.03316  0.03340  0.01051  0.80968  -230.54549  -232.43867  4.99985   768
145.00  0.03316  0.03340  0.01100  0.80968  -229.78560  -231.70473  4.99985   768
146.00  0.03316  0.03340  0.01160  0.80968  -228.92042  -230.84566  4.99985   768
147.00  0.03316  0.03340  0.01219  0.80968  -227.96675  -229.87977  4.99985   768
148.00  0.03315  0.03340  0.01230  0.80968  -227.76686  -229.64632  4.99985   768
149.00  0.03317  0.03340  0.01214  0.80968  -227.97743  -229.82027  4.99985   768
150.00  0.03316  0.03340  0.01167  0.80968  -228.65645  -230.49928  4.99985   768
151.00  0.03314  0.03340  0.01102  0.80968  -229.67421  -231.49873  4.99985   768
152.00  0.03316  0.03340  0.01051  0.80968  -230.49818  -232.35628  4.99985   768
153.00  0.03315  0.03340  0.01038  0.80968  -230.70113  -232.60194  4.99985   768
154.00  0.03316  0.03340  0.01071  0.80968  -230.28456  -232.22963  4.99985   768
155.00  0.03315  0.03340  0.01121  0.80968  -229.50636  -231.43922  4.99985   768
156.00  0.03315  0.03340  0.01188  0.80968  -228.53590  -230.48250  4.99985   768
157.00  0.03316  0.03340  0.01223  0.80968  -227.85994  -229.78975  4.99985   768
158.00  0.03317  0.03340  0.01230  0.80968  -227.81111  -229.68599  4.99985   768
159.00  0.03316  0.03340  0.01187  0.80968  -228.38789  -230.21547  4.99985   768
160.00  0.03317  0.03340  0.01134  0.80968  -229.22255  -231.03334  4.99985   768
161.00  0.03316  0.03340  0.01072  0.80968  -230.09840  -231.92293  4.99985   768
162.00  0.03317  0.03340  0.01036  0.80968  -230.73775  -232.59889  4.99985   768
163.00  0.03314  0.03340  0.01040  0.80968  -230.73317  -232.63856  4.99985   768
164.00  0.03316  0.03340  0.01086  0.80968  -230.02058  -231.92903  4.99985   768
165.00  0.03316  0.03340  0.01155  0.80968  -228.99519  -230.94636  4.99985   768
166.00  0.03318  0.03340  0.01203  0.80968  -228.25514  -230.16969  4.99985   768
167.00  0.03316  0.03340  0.01221  0.80968  -227.90724  -229.79585  4.99985   768
168.00  0.03314  0.03340  0.01208  0.80968  -228.09492  -229.96065  4.99985   768
169.00  0.03316  0.03340  0.01160  0.80968  -228.81056  -230.64577  4.99985   768
170.00  0.03315  0.03340  0.01098  0.80968  -229.68489  -231.52467  4.99985   768
171.00  0.03316  0.03340  0.01052  0.80968  -230.47377  -232.33186  4.99985   768
172.00  0.03316  0.03340  0.01037  0.80968  -230.73775  -232.63399  4.99985   768
173.00  0.03315  0.03340  0.01066  0.80968  -230.34712  -232.26015  4.99985   768
174.00  0.03316  0.03340  0.01127  0.80968  -229.52772  -231.49721  4.99985   768
175.00  0.03317  0.03340  0.01192  0.80968  -228.38637  -230.31923  4.99985   768
176.00  0.03316  0.03340  0.01221  0.80968  -227.94234  -229.84315  4.99985   768
177.00  0.03316  0.03340  0.01224  0.80968  -227.85078  -229.70430  4.99985   768
178.00  0.03316  0.03340  0.01192  0.80968  -228.33449  -230.16206  4.99985   768
179.00  0.03316  0.03340  0.01135  0.80968  -229.15846  -230.96162  4.99985   768
180.00  0.03317  0.03340  0.01078  0.80968  -230.04500  -231.87257  4.99985   768
181.00  0.03316  0.03340  0.01046  0.80968  -230.56990  -232.40816  4.99985   768
182.00  0.03315  0.03340  0.01056  0.80968  -230.51344  -232.40358  4.99985   768
183.00  0.03315  0.03340  0.01101  0.80968  -229.81612  -231.75508  4.99985   768
184.00  0.03316  0.03340  0.01166  0.80968  -228.82277  -230.78157  4.99985   768
185.00  0.03315  0.03340  0.01212  0.80968  -228.10713  -230.03999  4.99985   768
186.00  0.03317  0.03340  0.01231  0.80968  -227.76076  -229.64174  4.99985   768
187.00  0.03316  0.03340  0.01205  0.80968  -228.13002  -229.99727  4.99985   768
188.00  0.03316  0.03340  0.01160  0.80968  -228.83345  -230.69002  4.99985   768
189.00  0.03315  0.03340  0.01108  0.80968  -229.56740  -231.41328  4.99985   768
190.00  0.03316  0.03340  0.01065  0.80968  -230.29829  -232.15181  4.99985   768
191.00  0.03316  0.03340  0.01059  0.80968  -230.31966  -232.20827  4.99985   768
192.00  0.03316  0.03340  0.01081  0.80968  -230.11366  -232.03279  4.99985   768
193.00  0.03315  0.03340  0.01143  0.80968  -229.21034  -231.13557  4.99985   768
194.00  0.03316  0.03340  0.01196  0.80968  -228.32381  -230.24751  4.99985   768
195.00  0.03317  0.03340  0.01228  0.80968  -227.82179  -229.71803  4.99985   768
196.00  0.03316  0.03340  0.01221  0.80968  -227.88588  -229.73482  4.99985   768
197.00  0.03316  0.03340  0.01188  0.80968  -228.35585  -230.18495  4.99985   768
198.00  0.03314  0.03340  0.01127  0.80968  -229.28358  -231.09743  4.99985   768
199.00  0.03316  0.03340  0.01070  0.80968  -230.15486  -231.97938  4.99985   768
200.00  0.03066  0.02168  0.01042  0.80968  -230.65840  -232.54396  4.99985   768
201.00  0.02528  0.02168  0.00977  0.80968  -231.57698  -233.36793  4.99985   768
202.00  0.02443  0.02168  0.00931  0.80968  -232.33839  -234.21327  4.99985   768
203.00  0.02407  0.02168  0.01013  0.80968  -231.20619  -233.20924  4.99985   768
204.00  0.02376  0.02168  0.01002  0.80968  -231.25807  -233.13142  4.99985   768
205.00  0.02356  0.02168  0.00979  0.80968  -231.60597  -233.47017  4.99985   768
206.00  0.02342  0.02168  0.00995  0.80968  -231.34352  -233.22145  4.99985   768
207.00  0.02330  0.02168  0.00902  0.80968  -232.70613  -234.51692  4.99985   768
208.00  0.02319  0.02168  0.00824  0.80968  -234.00313  -235.82155  4.99985   768
209.00  0.02310  0.02168  0.00817  0.80968  -234.07484  -235.93751  4.99985   768
210.00  0.02299  0.02168  0.00768  0.80968  -234.87898  -236.73708  4.99985   768
211.00  0.02294  0.02168  0.00817  0.80968  -234.22591  -236.17403  4.99985   768
212.00  0.02288  0.02168  0.00892  0.80968  -232.97621  -234.87245  4.99985   768
213.00  0.02282  0.02168  0.00917  0.80968  -232.64967  -234.56575  4.99985   768
214.00  0.02278  0.02168  0.00978  0.80968  -231.65938  -233.60445  4.99985   768
215.00  0.02276  0.02168  0.00953  0.80968  -231.95998  -233.76924  4.99985   768
216.00  0.02274  0.02168  0.00906  0.80968  -232.69850  -234.55507  4.99985   768
217.00  0.02270  0.02168  0.00873  0.80968  -233.21883  -235.06624  4.99985   768
218.00  0.02269  0.02168  0.00777  0.80968  -234.65468  -236.45937  4.99985   768
219.00  0.02266  0.02168  0.00770  0.80968  -234.87746  -236.80879  4.99985   768
220.00  0.02263  0.02168  0.00794  0.80968  -234.46852  -236.37392  4.99985   768
221.00  0.02262  0.02168  0.00830  0.80968  -233.99550  -235.96956  4.99985   768
222.00  0.02260  0.02168  0.00926  0.80968  -232.54591  -234.51692  4.99985   768
223.00  0.02260  0.02168  0.00967  0.80968  -231.81502  -233.72041  4.99985   768
224.00  0.02258  0.02168  0.00958  0.80968  -231.94166  -233.84096  4.99985   768
225.00  0.02258  0.02168  0.00951  0.80968  -232.02864  -233.87147  4.99985   768
226.00  0.02254  0.02168  0.00873  0.80968  -233.18831  -234.98384  4.99985   768
227.00  0.02253  0.02168  0.00814  0.80968  -234.11604  -235.96193  4.99985   768
228.00  0.02254  0.02168  0.00784  0.80968  -234.57533  -236.42122  4.99985   768
229.00  0.02255  0.02168  0.00764  0.80968  -234.95680  -236.83015  4.99985   768
230.00  0.02252  0.02168  0.00821  0.80968  -234.11757  -236.07484  4.99985   768
231.00  0.02252  0.02168  0.00876  0.80968  -233.25087  -235.18373  4.99985   768
232.00  0.02253  0.02168  0.00932  0.80968  -232.40858  -234.33992  4.99985   768
233.00  0.02251  0.02168  0.00971  0.80968  -231.73109  -233.63191  4.99985   768
234.00  0.02251  0.02168  0.00952  0.80968  -232.03169  -233.90657  4.99985   768
235.00  0.02251  0.02168  0.00907  0.80968  -232.66798  -234.51997  4.99985   768
236.00  0.02250  0.02168  0.00842  0.80968  -233.67201  -235.48280  4.99985   768
237.00  0.02250  0.02168  0.00771  0.80968  -234.81947  -236.66994  4.99985   768
238.00  0.02252  0.02168  0.00760  0.80968  -234.96443  -236.86372  4.99985   768
239.00  0.02249  0.02168  0.00782  0.80968  -234.71114  -236.63332  4.99985   768
240.00  0.02249  0.02168  0.00832  0.80968  -233.94820  -235.90547  4.99985   768
241.00  0.02248  0.02168  0.00909  0.80968  -232.79311  -234.75496  4.99985   768
242.00  0.02249  0.02168  0.00957  0.80968  -231.98439  -233.88216  4.99985   768
243.00  0.02248  0.02168  0.00965  0.80968  -231.83028  -233.71736  4.99985   768
244.00  0.02249  0.02168  0.00952  0.80968  -231.98134  -233.83638  4.99985   768
245.00  0.02248  0.02168  0.00883  0.80968  -233.02809  -234.83736  4.99985   768
246.00  0.02249  0.02168  0.00824  0.80968  -233.94820  -235.77425  4.99985   768
247.00  0.02248  0.02168  0.00771  0.80968  -234.77675  -236.59975  4.99985   768
248.00  0.02247  0.02168  0.00763  0.80968  -234.93849  -236.82100  4.99985   768
249.00  0.02246  0.02168  0.00800  0.80968  -234.46394  -236.36629  4.99985   768
250.00  0.02247  0.02168  0.00866  0.80968  -233.44313  -235.38972  4.99985   768
251.00  0.02248  0.02168  0.00929  0.80968  -232.48030  -234.42995  4.99985   768
252.00  0.02247  0.02168  0.00966  0.80968  -231.86690  -233.77382  4.99985   768
253.00  0.02246  0.02168  0.00959  0.80968  -231.86995  -233.73720  4.99985   768
254.00  0.02246  0.02168  0.00919  0.80968  -232.53828  -234.38417  4.99985   768
255.00  0.02246  0.02168  0.00855  0.80968  -233.49959  -235.31648  4.99985   768
256.00  0.02246  0.02168  0.00794  0.80968  -234.41969  -236.27473  4.99985   768
257.00  0.02247  0.02168  0.00761  0.80968  -234.99342  -236.88509  4.99985   768
258.00  0.02246  0.02168  0.00779  0.80968  -234.74776  -236.66383  4.99985   768
259.00  0.02246  0.02168  0.00836  0.80968  -233.93446  -235.86122  4.99985   768
260.00  0.02246  0.02168  0.00899  0.80968  -232.89839  -234.81905  4.99985   768
261.00  0.02245  0.02168  0.00944  0.80968  -232.20869  -234.10799  4.99985   768
262.00  0.02246  0.02168  0.00963  0.80968  -231.90962  -233.79823  4.99985   768
263.00  0.02245  0.02168  0.00941  0.80968  -232.16749  -233.99507  4.99985   768
264.00  0.02245  0.02168  0.00878  0.80968  -233.11659  -234.92738  4.99985   768
265.00  0.02246  0.02168  0.00820  0.80968  -234.00313  -235.83223  4.99985   768
266.00  0.02244  0.02168  0.00776  0.80968  -234.71266  -236.53566  4.99985   768
267.00  0.02245  0.02168  0.00766  0.80968  -234.94154  -236.85304  4.99985   768
268.00  0.02244  0.02168  0.00807  0.80968  -234.31135  -236.24879  4.99985   768
269.00  0.02245  0.02168  0.00867  0.80968  -233.43092  -235.39888  4.99985   768
270.00  0.02244  0.02168  0.00928  0.80968  -232.47420  -234.41469  4.99985   768
271.00  0.02245  0.02168  0.00960  0.80968  -231.94929  -233.86537  4.99985   768
272.00  0.02244  0.02168  0.00959  0.80968  -231.92946  -233.81197  4.99985   768
273.00  0.02244  0.02168  0.00915  0.80968  -232.55659  -234.38417  4.99985   768
274.00  0.02243  0.02168  0.00856  0.80968  -233.51790  -235.34853  4.99985   768
275.00  0.02245  0.02168  0.00805  0.80968  -234.23659  -236.07332  4.99985   768
276.00  0.02243  0.02168  0.00776  0.80968  -234.74776  -236.61958  4.99985   768
277.00  0.02244  0.02168  0.00787  0.80968  -234.63026  -236.51430  4.99985   768
278.00  0.02243  0.02168  0.00843  0.80968  -233.77882  -235.71474  4.99985   768
279.00  0.02244  0.02168  0.00906  0.80968  -232.81905  -234.72902  4.99985   768
280.00  0.02244  0.02168  0.00954  0.80968  -232.03474  -233.95692  4.99985   768
281.00  0.02244  0.02168  0.00967  0.80968  -231.79213  -233.67464  4.99985   768
282.00  0.02244  0.02168  0.00940  0.80968  -232.16139  -233.99507  4.99985   768
283.00  0.02243  0.02168  0.00878  0.80968  -233.11964  -234.94569  4.99985   768
284.00  0.02243  0.02168  0.00821  0.80968  -233.99245  -235.83070  4.99985   768
285.00  0.02243  0.02168  0.00776  0.80968  -234.73555  -236.59364  4.99985   768
286.00  0.02244  0.02168  0.00775  0.80968  -234.77370  -236.67299  4.99985   768
287.00  0.02243  0.02168  0.00811  0.80968  -234.28389  -236.22896  4.99985   768
288.00  0.02243  0.02168  0.00877  0.80968  -233.24477  -235.20967  4.99985   768
289.00  0.02243  0.02168  0.00937  0.80968  -232.32619  -234.27431  4.99985   768
290.00  0.02243  0.02168  0.00966  0.80968  -231.86537  -233.78755  4.99985   768
291.00  0.02243  0.02168  0.00960  0.80968  -231.89284  -233.75398  4.99985   768
292.00  0.02242  0.02168  0.00924  0.80968  -232.39638  -234.23769  4.99985   768
293.00  0.02242  0.02168  0.00850  0.80968  -233.53621  -235.34853  4.99985   768
294.00  0.02242  0.02168  0.00794  0.80968  -234.42580  -236.24269  4.99985   768
295.00  0.02244  0.02168  0.00784  0.80968  -234.66994  -236.54481  4.99985   768
296.00  0.02242  0.02168  0.00804  0.80968  -234.30220  -236.20302  4.99985   768
297.00  0.02242  0.02168  0.00861  0.80968  -233.48738  -235.42177  4.99985   768
298.00  0.02243  0.02168  0.00937  0.80968  -232.37501  -234.34297  4.99985   768
299.00  0.02243  0.02168  0.00973  0.80968  -231.72652  -233.62428  4.99985   768
300.00  0.02242  0.02168  0.00986  0.80968  -231.53120  -233.41829  4.99985   768
301.00  0.02243  0.02168  0.00956  0.80968  -231.92793  -233.75703  4.99985   768
302.00  0.02243  0.02168  0.00893  0.80968  -232.89992  -234.73512  4.99985   768
303.00  0.02243  0.02168  0.00831  0.80968  -233.82613  -235.66743  4.99985   768
304.00  0.02242  0.02168  0.00781  0.80968  -234.67299  -236.52650  4.99985   768
305.00  0.02243  0.02168  0.00779  0.80968  -234.74318  -236.63332  4.99985   768
306.00  0.02242  0.02168  0.00827  0.80968  -234.03670  -235.97871  4.99985   768
307.00  0.02241  0.02168  0.00893  0.80968  -233.05098  -235.00368  4.99985   768
308.00  0.02239  0.02168  0.00955  0.80968  -232.08815  -234.02864  4.99985   768
309.00  0.02241  0.02168  0.00985  0.80968  -231.52357  -233.38777  4.99985   768
310.00  0.02242  0.02168  0.00963  0.80968  -231.85316  -233.70515  4.99985   768
311.00  0.02242  0.02168  0.00914  0.80968  -232.61000  -234.45131  4.99985   768
312.00  0.02242  0.02168  0.00843  0.80968  -233.60945  -235.40041  4.99985   768
313.00  0.02242  0.02168  0.00786  0.80968  -234.56007  -236.38460  4.99985   768
314.00  0.02241  0.02168  0.00766  0.80968  -234.89882  -236.78743  4.99985   768
315.00  0.02240  0.02168  0.00794  0.80968  -234.53871  -236.45784  4.99985   768
316.00  0.02242  0.02168  0.00855  0.80968  -233.62318  -235.57130  4.99985   768
317.00  0.02241  0.02168  0.00920  0.80968  -232.61610  -234.57796  4.99985   768
318.00  0.02241  0.02168  0.00973  0.80968  -231.77534  -233.71583  4.99985   768
319.00  0.02241  0.02168  0.00975  0.80968  -231.65022  -233.52052  4.99985   768
320.00  0.02241  0.02168  0.00944  0.80968  -232.15681  -234.01338  4.99985   768
321.00  0.02240  0.02168  0.00890  0.80968  -232.97621  -234.81752  4.99985   768
322.00  0.02240  0.02168  0.00828  0.80968  -233.89479  -235.74831  4.99985   768
323.00  0.02241  0.02168  0.00783  0.80968  -234.61806  -236.48378  4.99985   768
324.00  0.02240  0.02168  0.00789  0.80968  -234.53718  -236.44411  4.99985   768
325.00  0.02239  0.02168  0.00830  0.80968  -233.97414  -235.91768  4.99985   768
326.00  0.02240  0.02168  0.00908  0.80968  -232.81599  -234.75648  4.99985   768
327.00  0.02241  0.02168  0.00967  0.80968  -231.84706  -233.75246  4.99985   768
328.00  0.02241  0.02168  0.00983  0.80968  -231.58308  -233.47475  4.99985   768
329.00  0.02240  0.02168  0.00971  0.80968  -231.72652  -233.57240  4.99985   768
330.00  0.02240  0.02168  0.00923  0.80968  -232.41316  -234.23769  4.99985   768
331.00  0.02241  0.02168  0.00862  0.80968  -233.37752  -235.19746  4.99985   768
332.00  0.02239  0.02168  0.00803  0.80968  -234.28084  -236.10994  4.99985   768
333.00  0.02240  0.02168  0.00787  0.80968  -234.54481  -236.43190  4.99985   768
334.00  0.02240  0.02168  0.00806  0.80968  -234.38002  -236.32661  4.99985   768
335.00  0.02241  0.02168  0.00854  0.80968  -233.60487  -235.54842  4.99985   768
336.00  0.02240  0.02168  0.00930  0.80968  -232.50471  -234.46504  4.99985   768
337.00  0.02239  0.02168  0.00970  0.80968  -231.78145  -233.70058  4.99985   768
338.00  0.02240  0.02168  0.00972  0.80968  -231.76161  -233.61818  4.99985   768
339.00  0.02240  0.02168  0.00948  0.80968  -232.10036  -233.95998  4.99985   768
340.00  0.02240  0.02168  0.00881  0.80968  -233.04793  -234.86330  4.99985   768
341.00  0.02239  0.02168  0.00819  0.80968  -234.10078  -235.95125  4.99985   768
342.00  0.02239  0.02168  0.00785  0.80968  -234.57838  -236.43800  4.99985   768
343.00  0.02239  0.02168  0.00781  0.80968  -234.70351  -236.59059  4.99985   768
344.00  0.02240  0.02168  0.00828  0.80968  -233.99397  -235.90547  4.99985   768
345.00  0.02240  0.02168  0.00904  0.80968  -232.90449  -234.86024  4.99985   768
346.00  0.02239  0.02168  0.00945  0.80968  -232.15681  -234.04695  4.99985   768
347.00  0.02239  0.02168  0.00978  0.80968  -231.67769  -233.56630  4.99985   768
348.00  0.02240  0.02168  0.00959  0.80968  -231.92183  -233.78297  4.99985   768
349.00  0.02240  0.02168  0.00923  0.80968  -232.41621  -234.25752  4.99985   768
350.00  0.02239  0.02168  0.00861  0.80968  -233.35921  -235.17457  4.99985   768
351.00  0.02239  0.02168  0.00800  0.80968  -234.35408  -236.20454  4.99985   768
352.00  0.02239  0.02168  0.00786  0.80968  -234.59822  -236.47920  4.99985   768
353.00  0.02238  0.02168  0.00812  0.80968  -234.25795  -236.19539  4.99985   768
354.00  0.02239  0.02168  0.00876  0.80968  -233.29054  -235.25850  4.99985   768
355.00  0.02239  0.02168  0.00937  0.80968  -232.33534  -234.28651  4.99985   768
356.00  0.02240  0.02168  0.00976  0.80968  -231.71583  -233.61055  4.99985   768
357.00  0.02239  0.02168  0.00980  0.80968  -231.61513  -233.48848  4.99985   768
358.00  0.02238  0.02168  0.00946  0.80968  -232.07594  -233.91572  4.99985   768
359.00  0.02239  0.02168  0.00886  0.80968  -233.01283  -234.84651  4.99985   768
360.00  0.02240  0.02168  0.00822  0.80968  -233.96803  -235.79561  4.99985   768
361.00  0.02238  0.02168  0.00781  0.80968  -234.62721  -236.48378  4.99985   768
362.00  0.02238  0.02168  0.00783  0.80968  -234.67909  -236.57075  4.99985   768
363.00  0.02239  0.02168  0.00826  0.80968  -234.03975  -235.96498  4.99985   768
364.00  0.02238  0.02168  0.00896  0.80968  -232.97468  -234.92128  4.99985   768
365.00  0.02238  0.02168  0.00950  0.80968  -232.15224  -234.07289  4.99985   768
366.00  0.02237  0.02168  0.00974  0.80968  -231.70668  -233.59376  4.99985   768
367.00  0.02237  0.02168  0.00949  0.80968  -232.05000  -233.89284  4.99985   768
368.00  0.02238  0.02168  0.00897  0.80968  -232.84193  -234.67714  4.99985   768
369.00  0.02240  0.02168  0.00829  0.80968  -233.88258  -235.70558  4.99985   768
370.00  0.02237  0.02168  0.00784  0.80968  -234.59669  -236.45021  4.99985   768
371.00  0.02238  0.02168  0.00759  0.80968  -235.02089  -236.91560  4.99985   768
372.00  0.02239  0.02168  0.00793  0.80968  -234.54939  -236.49599  4.99985   768
373.00  0.02237  0.02168  0.00859  0.80968  -233.59877  -235.55910  4.99985   768
374.00  0.02237  0.02168  0.00924  0.80968  -232.53523  -234.47572  4.99985   768
375.00  0.02238  0.02168  0.00962  0.80968  -231.93098  -233.83485  4.99985   768
376.00  0.02239  0.02168  0.00966  0.80968  -231.85469  -233.70973  4.99985   768
377.00  0.02238  0.02168  0.00932  0.80968  -232.31856  -234.14613  4.99985   768
378.00  0.02237  0.02168  0.00875  0.80968  -233.17000  -234.98079  4.99985   768
379.00  0.02239  0.02168  0.00809  0.80968  -234.17250  -235.98787  4.99985   768
380.00  0.02239  0.02168  0.00775  0.80968  -234.77522  -236.61806  4.99985   768
381.00  0.02238  0.02168  0.00782  0.80968  -234.70351  -236.58601  4.99985   768
382.00  0.02239  0.02168  0.00831  0.80968  -233.97566  -235.92226  4.99985   768
383.00  0.02237  0.02168  0.00895  0.80968  -232.95485  -234.90449  4.99985   768
384.00  0.02237  0.02168  0.00953  0.80968  -232.11561  -234.03780  4.99985   768
385.00  0.02237  0.02168  0.00979  0.80968  -231.64717  -233.53273  4.99985   768
386.00  0.02238  0.02168  0.00959  0.80968  -231.88826  -233.76924  4.99985   768
387.00  0.02237  0.02168  0.00904  0.80968  -232.69850  -234.54896  4.99985   768
388.00  0.02238  0.02168  0.00845  0.80968  -233.63234  -235.45534  4.99985   768
389.00  0.02239  0.02168  0.00793  0.80968  -234.45631  -236.32661  4.99985   768
390.00  0.02237  0.02168  0.00770  0.80968  -234.84694  -236.71876  4.99985   768
391.00  0.02238  0.02168  0.00796  0.80968  -234.50362  -236.41664  4.99985   768
392.00  0.02238  0.02168  0.00859  0.80968  -233.54384  -235.49348  4.99985   768
393.00  0.02237  0.02168  0.00928  0.80968  -232.48335  -234.41774  4.99985   768
394.00  0.02237  0.02168  0.00960  0.80968  -231.93404  -233.82265  4.99985   768
395.00  0.02238  0.02168  0.00964  0.80968  -231.85774  -233.72346  4.99985   768
396.00  0.02239  0.02168  0.00928  0.80968  -232.36739  -234.18733  4.99985   768
397.00  0.02237  0.02168  0.00862  0.80968  -233.36378  -235.17152  4.99985   768
398.00  0.02238  0.02168  0.00806  0.80968  -234.23659  -236.04585  4.99985   768
399.00  0.02237  0.02168  0.00779  0.80968  -234.71114  -236.58144  4.99985   768
400.00  0.02238  0.02168  0.00779  0.80968  -234.75539  -236.67757  4.99985   768
401.00  0.02238  0.02168  0.00825  0.80968  -234.04280  -235.98329  4.99985   768
402.00  0.02238  0.02168  0.00891  0.80968  -233.06624  -235.02351  4.99985   768
403.00  0.02238  0.02168  0.00939  0.80968  -232.31093  -234.24074  4.99985   768
404.00  0.02236  0.02168  0.00968  0.80968  -231.82265  -233.75703  4.99985   768
405.00  0.02239  0.02168  0.00952  0.80968  -232.00575  -233.86537  4.99985   768
406.00  0.02237  0.02168  0.00900  0.80968  -232.76717  -234.60237  4.99985   768
407.00  0.02238  0.02168  0.00838  0.80968  -233.72389  -235.55910  4.99985   768
408.00  0.02237  0.02168  0.00790  0.80968  -234.46089  -236.30830  4.99985   768
409.00  0.02237  0.02168  0.00785  0.80968  -234.65163  -236.54634  4.99985   768
410.00  0.02237  0.02168  0.00814  0.80968  -234.20454  -236.10841  4.99985   768
411.00  0.02238  0.02168  0.00873  0.80968  -233.31190  -235.26460  4.99985   768
412.00  0.02237  0.02168  0.00938  0.80968  -232.29414  -234.23006  4.99985   768
413.00  0.02237  0.02168  0.00977  0.80968  -231.69295  -233.58919  4.99985   768
414.00  0.02238  0.02168  0.00976  0.80968  -231.67006  -233.51594  4.99985   768
415.00  0.02236  0.02168  0.00940  0.80968  -232.14308  -233.96913  4.99985   768
416.00  0.02236  0.02168  0.00882  0.80968  -233.06013  -234.90602  4.99985   768
417.00  0.02236  0.02168  0.00821  0.80968  -233.96803  -235.78187  4.99985   768
418.00  0.02238  0.02168  0.00793  0.80968  -234.46547  -236.35408  4.99985   768
419.00  0.02238  0.02168  0.00801  0.80968  -234.44258  -236.36934  4.99985   768
420.00  0.02237  0.02168  0.00849  0.80968  -233.66896  -235.62166  4.99985   768
421.00  0.02238  0.02168  0.00914  0.80968  -232.70766  -234.66188  4.99985   768
422.00  0.02235  0.02168  0.00961  0.80968  -231.93098  -233.84706  4.99985   768
423.00  0.02237  0.02168  0.00982  0.80968  -231.63496  -233.51442  4.99985   768
424.00  0.02237  0.02168  0.00949  0.80968  -231.99965  -233.85469  4.99985   768
425.00  0.02236  0.02168  0.00904  0.80968  -232.71529  -234.56270  4.99985   768
426.00  0.02238  0.02168  0.00837  0.80968  -233.74525  -235.57130  4.99985   768
427.00  0.02237  0.02168  0.00794  0.80968  -234.43953  -236.27626  4.99985   768
428.00  0.02237  0.02168  0.00783  0.80968  -234.66231  -236.53566  4.99985   768
429.00  0.02238  0.02168  0.00821  0.80968  -234.10689  -236.04280  4.99985   768
430.00  0.02236  0.02168  0.00886  0.80968  -233.12727  -235.06013  4.99985   768
431.00  0.02238  0.02168  0.00945  0.80968  -232.20869  -234.12172  4.99985   768
432.00  0.02236  0.02168  0.00978  0.80968  -231.69447  -233.59529  4.99985   768
433.00  0.02237  0.02168  0.00972  0.80968  -231.74940  -233.62733  4.99985   768
434.00  0.02236  0.02168  0.00922  0.80968  -232.50471  -234.33687  4.99985   768
435.00  0.02235  0.02168  0.00863  0.80968  -233.32411  -235.16237  4.99985   768
436.00  0.02236  0.02168  0.00810  0.80968  -234.22285  -236.07790  4.99985   768
437.00  0.02235  0.02168  0.00788  0.80968  -234.53261  -236.42122  4.99985   768
438.00  0.02236  0.02168  0.00807  0.80968  -234.31593  -236.23964  4.99985   768
439.00  0.02235  0.02168  0.00861  0.80968  -233.49959  -235.44466  4.99985   768
440.00  0.02236  0.02168  0.00930  0.80968  -232.48488  -234.43147  4.99985   768
441.00  0.02236  0.02168  0.00972  0.80968  -231.76314  -233.68074  4.99985   768
442.00  0.02236  0.02168  0.00981  0.80968  -231.60750  -233.47780  4.99985   768
443.00  0.02237  0.02168  0.00956  0.80968  -231.91572  -233.75703  4.99985   768
444.00  0.02237  0.02168  0.00893  0.80968  -232.91060  -234.73512  4.99985   768
445.00  0.02236  0.02168  0.00832  0.80968  -233.83223  -235.64760  4.99985   768
446.00  0.02237  0.02168  0.00791  0.80968  -234.49446  -236.34187  4.99985   768
447.00  0.02236  0.02168  0.00786  0.80968  -234.57991  -236.46394  4.99985   768
448.00  0.02234  0.02168  0.00842  0.80968  -233.82460  -235.74831  4.99985   768
449.00  0.02236  0.02168  0.00905  0.80968  -232.82973  -234.77327  4.99985   768
450.00  0.02236  0.02168  0.00963  0.80968  -231.95692  -233.88826  4.99985   768
451.00  0.02237  0.02168  0.00984  0.80968  -231.54188  -233.43050  4.99985   768
452.00  0.02236  0.02168  0.00969  0.80968  -231.75398  -233.62276  4.99985   768
453.00  0.02237  0.02168  0.00930  0.80968  -232.36433  -234.20869  4.99985   768
454.00  0.02235  0.02168  0.00867  0.80968  -233.33327  -235.17610  4.99985   768
455.00  0.02236  0.02168  0.00810  0.80968  -234.14503  -235.98176  4.99985   768
456.00  0.02235  0.02168  0.00783  0.80968  -234.64705  -236.51277  4.99985   768
457.00  0.02238  0.02168  0.00811  0.80968  -234.20912  -236.16792  4.99985   768
458.00  0.02235  0.02168  0.00870  0.80968  -233.40193  -235.34242  4.99985   768
459.00  0.02236  0.02168  0.00942  0.80968  -232.25294  -234.18123  4.99985   768
460.00  0.02236  0.02168  0.00985  0.80968  -231.53273  -233.43660  4.99985   768
461.00  0.02235  0.02168  0.00994  0.80968  -231.38777  -233.28401  4.99985   768
462.00  0.02237  0.02168  0.00959  0.80968  -231.89284  -233.71431  4.99985   768
463.00  0.02236  0.02168  0.00900  0.80968  -232.76717  -234.58711  4.99985   768
464.00  0.02237  0.02168  0.00834  0.80968  -233.80324  -235.62471  4.99985   768
465.00  0.02235  0.02168  0.00791  0.80968  -234.48531  -236.33424  4.99985   768
466.00  0.02236  0.02168  0.00798  0.80968  -234.46852  -236.37697  4.99985   768
467.00  0.02236  0.02168  0.00841  0.80968  -233.81392  -235.75288  4.99985   768
468.00  0.02236  0.02168  0.00911  0.80968  -232.75496  -234.71071  4.99985   768
469.00  0.02236  0.02168  0.00968  0.80968  -231.85011  -233.77840  4.99985   768
470.00  0.02233  0.02168  0.00992  0.80968  -231.45644  -233.36488  4.99985   768
471.00  0.02235  0.02168  0.00975  0.80968  -231.68684  -233.56477  4.99985   768
472.00  0.02237  0.02168  0.00928  0.80968  -232.35518  -234.18581  4.99985   768
473.00  0.02235  0.02168  0.00861  0.80968  -233.37904  -235.20814  4.99985   768
474.00  0.02235  0.02168  0.00799  0.80968  -234.33577  -236.16487  4.99985   768
475.00  0.02236  0.02168  0.00776  0.80968  -234.76454  -236.63942  4.99985   768
476.00  0.02235  0.02168  0.00795  0.80968  -234.47615  -236.38155  4.99985   768
477.00  0.02236  0.02168  0.00860  0.80968  -233.54536  -235.48280  4.99985   768
478.00  0.02236  0.02168  0.00933  0.80968  -232.40858  -234.33839  4.99985   768
479.00  0.02236  0.02168  0.00976  0.80968  -231.72499  -233.63191  4.99985   768
480.00  0.02234  0.02168  0.00985  0.80968  -231.54188  -233.40150  4.99985   768
481.00  0.02236  0.02168  0.00949  0.80968  -232.01796  -233.85927  4.99985   768
482.00  0.02235  0.02168  0.00888  0.80968  -232.97011  -234.80379  4.99985   768
483.00  0.02236  0.02168  0.00827  0.80968  -233.88716  -235.71474  4.99985   768
484.00  0.02236  0.02168  0.00781  0.80968  -234.68214  -236.54787  4.99985   768
485.00  0.02235  0.02168  0.00780  0.80968  -234.70656  -236.59059  4.99985   768
486.00  0.02237  0.02168  0.00823  0.80968  -234.09163  -236.04127  4.99985   768
487.00  0.02236  0.02168  0.00889  0.80968  -233.08607  -235.05403  4.99985   768
488.00  0.02237  0.02168  0.00957  0.80968  -232.07442  -234.01796  4.99985   768
489.00  0.02236  0.02168  0.00990  0.80968  -231.45796  -233.36336  4.99985   768
490.00  0.02236  0.02168  0.00979  0.80968  -231.62276  -233.49000  4.99985   768
491.00  0.02236  0.02168  0.00938  0.80968  -232.22395  -234.04390  4.99985   768
492.00  0.02237  0.02168  0.00866  0.80968  -233.27528  -235.09828  4.99985   768
493.00  0.02234  0.02168  0.00808  0.80968  -234.24574  -236.07027  4.99985   768
494.00  0.02235  0.02168  0.00786  0.80968  -234.55702  -236.44563  4.99985   768
495.00  0.02236  0.02168  0.00819  0.80968  -234.11909  -236.04433  4.99985   768
496.00  0.02236  0.02168  0.00870  0.80968  -233.33479  -235.23714  4.99985   768
497.00  0.02236  0.02168  0.00933  0.80968  -232.39180  -234.33229  4.99985   768
498.00  0.02235  0.02168  0.00984  0.80968  -231.55257  -233.47780  4.99985   768
499.00  0.02234  0.02168  0.00992  0.80968  -231.39387  -233.26417  4.99985   768
500.00  0.02234  0.02168  0.00959  0.80968  -231.89589  -233.72957  4.99985   768
501.00  0.02234  0.02168  0.00895  0.80968  -232.88008  -234.70003  4.99985   768
502.00  0.02236  0.02168  0.00830  0.80968  -233.87495  -235.71931  4.99985   768
503.00  0.02235  0.02168  0.00786  0.80968  -234.58296  -236.43648  4.99985   768
504.00  0.02234  0.02168  0.00789  0.80968  -234.59364  -236.50209  4.99985   768
505.00  0.02234  0.02168  0.00842  0.80968  -233.82155  -235.78645  4.99985   768
506.00  0.02235  0.02168  0.00890  0.80968  -232.99910  -234.94417  4.99985   768
507.00  0.02236  0.02168  0.00943  0.80968  -232.27583  -234.19038  4.99985   768
508.00  0.02236  0.02168  0.00967  0.80968  -231.83180  -233.72804  4.99985   768
509.00  0.02235  0.02168  0.00962  0.80968  -231.85011  -233.71278  4.99985   768
510.00  0.02235  0.02168  0.00906  0.80968  -232.69240  -234.50929  4.99985   768
511.00  0.02234  0.02168  0.00847  0.80968  -233.59572  -235.41719  4.99985   768
512.00  0.02234  0.02168  0.00795  0.80968  -234.43343  -236.25947  4.99985   768
513.00  0.02235  0.02168  0.00777  0.80968  -234.73555  -236.59517  4.99985   768
514.00  0.02235  0.02168  0.00814  0.80968  -234.19691  -236.12062  4.99985   768
515.00  0.02236  0.02168  0.00869  0.80968  -233.36378  -235.29817  4.99985   768
516.00  0.02236  0.02168  0.00932  0.80968  -232.39943  -234.33992  4.99985   768
517.00  0.02235  0.02168  0.00970  0.80968  -231.81807  -233.72499  4.99985   768
518.00  0.02234  0.02168  0.00970  0.80968  -231.77382  -233.67158  4.99985   768
519.00  0.02235  0.02168  0.00943  0.80968  -232.15376  -234.00423  4.99985   768
520.00  0.02235  0.02168  0.00888  0.80968  -232.99300  -234.83736  4.99985   768
521.00  0.02235  0.02168  0.00841  0.80968  -233.70711  -235.56673  4.99985   768
522.00  0.02235  0.02168  0.00799  0.80968  -234.38155  -236.24422  4.99985   768
523.00  0.02235  0.02168  0.00804  0.80968  -234.34187  -236.24422  4.99985   768
524.00  0.02234  0.02168  0.00844  0.80968  -233.74373  -235.66896  4.99985   768
525.00  0.02235  0.02168  0.00918  0.80968  -232.62068  -234.58711  4.99985   768
526.00  0.02234  0.02168  0.00968  0.80968  -231.84401  -233.74788  4.99985   768
527.00  0.02234  0.02168  0.00999  0.80968  -231.34505  -233.23213  4.99985   768
528.00  0.02234  0.02168  0.00976  0.80968  -231.63649  -233.48085  4.99985   768
529.00  0.02236  0.02168  0.00917  0.80968  -232.51387  -234.34602  4.99985   768
530.00  0.02235  0.02168  0.00857  0.80968  -233.45228  -235.26918  4.99985   768
531.00  0.02236  0.02168  0.00806  0.80968  -234.23201  -236.07027  4.99985   768
532.00  0.02236  0.02168  0.00804  0.80968  -234.36171  -236.25947  4.99985   768
533.00  0.02235  0.02168  0.00835  0.80968  -233.89632  -235.80629  4.99985   768
534.00  0.02235  0.02168  0.00893  0.80968  -233.02656  -234.97926  4.99985   768
535.00  0.02234  0.02168  0.00951  0.80968  -232.09120  -234.03322  4.99985   768
536.00  0.02235  0.02168  0.00979  0.80968  -231.65480  -233.56325  4.99985   768
537.00  0.02234  0.02168  0.00974  0.80968  -231.73567  -233.61665  4.99985   768
538.00  0.02233  0.02168  0.00938  0.80968  -232.21175  -234.06221  4.99985   768
539.00  0.02234  0.02168  0.00872  0.80968  -233.22645  -235.06013  4.99985   768
540.00  0.02235  0.02168  0.00816  0.80968  -234.11909  -235.96040  4.99985   768
541.00  0.02233  0.02168  0.00782  0.80968  -234.63179  -236.51582  4.99985   768
542.00  0.02235  0.02168  0.00806  0.80968  -234.33424  -236.22591  4.99985   768
543.00  0.02234  0.02168  0.00846  0.80968  -233.71474  -235.65218  4.99985   768
544.00  0.02232  0.02168  0.00917  0.80968  -232.64052  -234.57033  4.99985   768
545.00  0.02235  0.02168  0.00969  0.80968  -231.82570  -233.73872  4.99985   768
546.00  0.02234  0.02168  0.00989  0.80968  -231.44270  -233.31300  4.99985   768
547.00  0.02233  0.02168  0.00963  0.80968  -231.84096  -233.68532  4.99985   768
548.00  0.02235  0.02168  0.00914  0.80968  -232.58711  -234.43452  4.99985   768
549.00  0.02234  0.02168  0.00847  0.80968  -233.56367  -235.38667  4.99985   768
550.00  0.02234  0.02168  0.00798  0.80968  -234.33272  -236.19081  4.99985   768
551.00  0.02234  0.02168  0.00791  0.80968  -234.55550  -236.46699  4.99985   768
552.00  0.02234  0.02168  0.00830  0.80968  -233.95277  -235.88563  4.99985   768
553.00  0.02234  0.02168  0.00897  0.80968  -232.96248  -234.91518  4.99985   768
554.00  0.02233  0.02168  0.00961  0.80968  -231.99812  -233.94472  4.99985   768
555.00  0.02235  0.02168  0.01006  0.80968  -231.27638  -233.20314  4.99985   768
556.00  0.02235  0.02168  0.00999  0.80968  -231.30842  -233.17415  4.99985   768
557.00  0.02233  0.02168  0.00959  0.80968  -231.89894  -233.73872  4.99985   768
558.00  0.02232  0.02168  0.00895  0.80968  -232.86024  -234.68629  4.99985   768
559.00  0.02234  0.02168  0.00837  0.80968  -233.72999  -235.56520  4.99985   768
560.00  0.02235  0.02168  0.00801  0.80968  -234.35255  -236.21065  4.99985   768
561.00  0.02233  0.02168  0.00818  0.80968  -234.14656  -236.04585  4.99985   768
562.00  0.02234  0.02168  0.00878  0.80968  -233.29207  -235.22340  4.99985   768
563.00  0.02233  0.02168  0.00946  0.80968  -232.18428  -234.11409  4.99985   768
564.00  0.02233  0.02168  0.00994  0.80968  -231.42134  -233.33894  4.99985   768
565.00  0.02234  0.02168  0.01021  0.80968  -231.01698  -232.91933  4.99985   768
566.00  0.02233  0.02168  0.01001  0.80968  -231.26112  -233.10396  4.99985   768
567.00  0.02235  0.02168  0.00943  0.80968  -232.13393  -233.94319  4.99985   768
568.00  0.02233  0.02168  0.00878  0.80968  -233.13338  -234.96400  4.99985   768
569.00  0.02234  0.02168  0.00823  0.80968  -234.01381  -235.85359  4.99985   768
570.00  0.02233  0.02168  0.00815  0.80968  -234.16182  -236.05196  4.99985   768
571.00  0.02232  0.02168  0.00859  0.80968  -233.58351  -235.54994  4.99985   768
572.00  0.02232  0.02168  0.00937  0.80968  -232.35213  -234.30788  4.99985   768
573.00  0.02232  0.02168  0.01002  0.80968  -231.36183  -233.29622  4.99985   768
574.00  0.02233  0.02168  0.01039  0.80968  -230.76063  -232.68587  4.99985   768
575.00  0.02233  0.02168  0.01043  0.80968  -230.66908  -232.52870  4.99985   768
576.00  0.02233  0.02168  0.01009  0.80968  -231.09022  -232.90102  4.99985   768
577.00  0.02232  0.02168  0.00953  0.80968  -231.99965  -233.82417  4.99985   768
578.00  0.02233  0.02168  0.00891  0.80968  -232.91670  -234.72597  4.99985   768
579.00  0.02232  0.02168  0.00857  0.80968  -233.50264  -235.36989  4.99985   768
580.00  0.02233  0.02168  0.00877  0.80968  -233.22798  -235.12422  4.99985   768
581.00  0.02235  0.02168  0.00936  0.80968  -232.39180  -234.34602  4.99985   768
582.00  0.02235  0.02168  0.01011  0.80968  -231.22603  -233.17873  4.99985   768
583.00  0.02234  0.02168  0.01084  0.80968  -230.10298  -232.05110  4.99985   768
584.00  0.02232  0.02168  0.01108  0.80968  -229.63606  -231.52162  4.99985   768
585.00  0.02233  0.02168  0.01084  0.80968  -229.97786  -231.83900  4.99985   768
586.00  0.02232  0.02168  0.01040  0.80968  -230.66298  -232.51802  4.99985   768
587.00  0.02232  0.02168  0.00985  0.80968  -231.50069  -233.36183  4.99985   768
588.00  0.02233  0.02168  0.00956  0.80968  -231.97218  -233.83943  4.99985   768
589.00  0.02233  0.02168  0.00947  0.80968  -232.13850  -234.04237  4.99985   768
590.00  0.02232  0.02168  0.00984  0.80968  -231.66395  -233.60139  4.99985   768
591.00  0.02234  0.02168  0.01067  0.80968  -230.35475  -232.31050  4.99985   768
592.00  0.02231  0.02168  0.01169  0.80968  -228.79225  -230.77394  4.99985   768
593.00  0.02233  0.02168  0.01215  0.80968  -228.04915  -229.95759  4.99985   768
594.00  0.02232  0.02168  0.01227  0.80968  -227.79585  -229.66615  4.99985   768
595.00  0.02234  0.02168  0.01202  0.80968  -228.16969  -230.00185  4.99985   768
596.00  0.02232  0.02168  0.01160  0.80968  -228.80598  -230.64729  4.99985   768
597.00  0.02232  0.02168  0.01114  0.80968  -229.52925  -231.36598  4.99985   768
598.00  0.02232  0.02168  0.01115  0.80968  -229.53688  -231.43007  4.99985   768
599.00  0.02231  0.02168  0.01146  0.80968  -229.14625  -231.06386  4.99985   768
600.00  0.02231  0.02168  0.01198  0.80968  -228.31007  -230.24751  4.99985   768
601.00  0.02231  0.02168  0.01262  0.80968  -227.37471  -229.34114  4.99985   768
602.00  0.02233  0.02168  0.01352  0.80968  -225.98921  -227.96480  4.99985   768
603.00  0.02231  0.02168  0.01380  0.80968  -225.47499  -227.36055  4.99985   768
604.00  0.02232  0.02168  0.01353  0.80968  -225.85493  -227.72676  4.99985   768
605.00  0.02231  0.02168  0.01347  0.80968  -225.98158  -227.86867  4.99985   768
606.00  0.02232  0.02168  0.01269  0.80968  -227.09395  -228.88643  4.99985   768
607.00  0.02229  0.02168  0.01203  0.80968  -228.23073  -230.10103  4.99985   768
608.00  0.02233  0.02168  0.01228  0.80968  -227.78975  -229.70888  4.99985   768
609.00  0.02231  0.02168  0.01241  0.80968  -227.65852  -229.56392  4.99985   768
610.00  0.02232  0.02168  0.01345  0.80968  -226.10060  -228.08839  4.99985   768
611.00  0.02232  0.02168  0.01417  0.80968  -224.96382  -226.86769  4.99985   768
612.00  0.02232  0.02168  0.01445  0.80968  -224.45723  -226.34279  4.99985   768
613.00  0.02233  0.02168  0.01447  0.80968  -224.42976  -226.27870  4.99985   768
614.00  0.02233  0.02168  0.01389  0.80968  -225.24458  -227.04317  4.99985   768
615.00  0.02233  0.02168  0.01355  0.80968  -225.89461  -227.74812  4.99985   768
616.00  0.02232  0.02168  0.01313  0.80968  -226.44850  -228.28828  4.99985   768
617.00  0.02231  0.02168  0.01287  0.80968  -226.93831  -228.81166  4.99985   768
618.00  0.02232  0.02168  0.01329  0.80968  -226.31880  -228.25929  4.99985   768
619.00  0.02235  0.02168  0.01386  0.80968  -225.47041  -227.41090  4.99985   768
620.00  0.02230  0.02168  0.01453  0.80968  -224.43892  -226.40077  4.99985   768
621.00  0.02233  0.02168  0.01526  0.80968  -223.30519  -225.24568  4.99985   768
622.00  0.02233  0.02168  0.01543  0.80968  -222.99696  -224.87642  4.99985   768
623.00  0.02232  0.02168  0.01530  0.80968  -223.18007  -225.06563  4.99985   768
624.00  0.02235  0.02168  0.01492  0.80968  -223.70497  -225.53560  4.99985   768
625.00  0.02233  0.02168  0.01437  0.80968  -224.57167  -226.39314  4.99985   768
626.00  0.02231  0.02168  0.01415  0.80968  -224.96382  -226.81734  4.99985   768
627.00  0.02232  0.02168  0.01433  0.80968  -224.66475  -226.56862  4.99985   768
628.00  0.02233  0.02168  0.01495  0.80968  -223.80263  -225.75532  4.99985   768
629.00  0.02231  0.02168  0.01574  0.80968  -222.53004  -224.46901  4.99985   768
630.00  0.02232  0.02168  0.01635  0.80968  -221.60383  -223.52754  4.99985   768
631.00  0.02232  0.02168  0.01670  0.80968  -221.02095  -222.91871  4.99985   768
632.00  0.02231  0.02168  0.01663  0.80968  -221.14302  -222.99196  4.99985   768
633.00  0.02234  0.02168  0.01626  0.80968  -221.63893  -223.48024  4.99985   768
634.00  0.02233  0.02168  0.01574  0.80968  -222.43239  -224.28438  4.99985   768
635.00  0.02233  0.02168  0.01524  0.80968  -223.23958  -225.09157  4.99985   768
636.00  0.02233  0.02168  0.01512  0.80968  -223.47761  -225.37996  4.99985   768
637.00  0.02234  0.02168  0.01536  0.80968  -223.09462  -225.01527  4.99985   768
638.00  0.02234  0.02168  0.01585  0.80968  -222.41865  -224.35762  4.99985   768
639.00  0.02233  0.02168  0.01642  0.80968  -221.53517  -223.48482  4.99985   768
640.00  0.02232  0.02168  0.01683  0.80968  -220.81496  -222.72340  4.99985   768
641.00  0.02232  0.02168  0.01687  0.80968  -220.80275  -222.68526  4.99985   768
642.00  0.02234  0.02168  0.01676  0.80968  -220.94008  -222.81343  4.99985   768
643.00  0.02233  0.02168  0.01629  0.80968  -221.56721  -223.37495  4.99985   768
644.00  0.02232  0.02168  0.01582  0.80968  -222.33168  -224.18672  4.99985   768
645.00  0.02232  0.02168  0.01567  0.80968  -222.60176  -224.47359  4.99985   768
646.00  0.02233  0.02168  0.01599  0.80968  -222.14400  -224.06618  4.99985   768
647.00  0.02235  0.02168  0.01677  0.80968  -220.99959  -222.96602  4.99985   768
648.00  0.02234  0.02168  0.01783  0.80968  -219.41420  -221.38368  4.99985   768
649.00  0.02235  0.02168  0.01882  0.80968  -217.82118  -219.79829  4.99985   768
650.00  0.02235  0.02168  0.01939  0.80968  -216.93617  -218.85988  4.99985   768
651.00  0.02234  0.02168  0.01968  0.80968  -216.42958  -218.34566  4.99985   768
652.00  0.02235  0.02168  0.01960  0.80968  -216.56233  -218.42958  4.99985   768
653.00  0.02234  0.02168  0.01946  0.80968  -216.78206  -218.67830  4.99985   768
654.00  0.02237  0.02168  0.01946  0.80968  -216.76222  -218.68287  4.99985   768
655.00  0.02234  0.02168  0.01981  0.80968  -216.30751  -218.24342  4.99985   768
656.00  0.02234  0.02168  0.02058  0.80968  -215.14631  -217.12953  4.99985   768
657.00  0.02234  0.02168  0.02176  0.80968  -213.34578  -215.34273  4.99985   768
658.00  0.02236  0.02168  0.02280  0.80968  -211.74971  -213.71309  4.99985   768
659.00  0.02236  0.02168  0.02360  0.80968  -210.48933  -212.41456  4.99985   768
660.00  0.02237  0.02168  0.02372  0.80968  -210.24367  -212.10023  4.99985   768
661.00  0.02235  0.02168  0.02345  0.80968  -210.60682  -212.42982  4.99985   768
662.00  0.02237  0.02168  0.02266  0.80968  -211.75276  -213.53151  4.99985   768
663.00  0.02236  0.02168  0.02092  0.80968  -214.27351  -215.91340  4.99985   768
664.00  0.02237  0.02168  0.01835  0.80968  -218.28505  -219.94020  4.99985   768
665.00  0.02237  0.02168  0.01738  0.80968  -219.98183  -221.83229  4.99985   768
666.00  0.02238  0.02168  0.01696  0.80968  -220.49147  -222.29463  4.99985   768
667.00  0.02237  0.02168  0.01668  0.80968  -221.08504  -222.97212  4.99985   768
668.00  0.02237  0.02168  0.01695  0.80968  -220.65626  -222.56319  4.99985   768
669.00  0.02237  0.02168  0.01655  0.80968  -221.20100  -223.04536  4.99985   768
670.00  0.02237  0.02168  0.01591  0.80968  -222.19130  -224.02345  4.99985   768
671.00  0.02238  0.02168  0.01529  0.80968  -223.14497  -224.98170  4.99985   768
672.00  0.02238  0.02168  0.01422  0.80968  -224.68153  -226.46791  4.99985   768
673.00  0.02238  0.02168  0.01344  0.80968  -225.98616  -227.81068  4.99985   768
674.00  0.02237  0.02168  0.01314  0.80968  -226.43477  -228.29439  4.99985   768
675.00  0.02238  0.02168  0.01325  0.80968  -226.42256  -228.33559  4.99985   768
676.00  0.02238  0.02168  0.01391  0.80968  -225.36818  -227.31935  4.99985   768
677.00  0.02238  0.02168  0.01461  0.80968  -224.29549  -226.20546  4.99985   768
678.00  0.02238  0.02168  0.01481  0.80968  -223.93996  -225.80873  4.99985   768
679.00  0.02238  0.02168  0.01493  0.80968  -223.73396  -225.62562  4.99985   768
680.00  0.02237  0.02168  0.01447  0.80968  -224.34889  -226.14747  4.99985   768
681.00  0.02237  0.02168  0.01366  0.80968  -225.63826  -227.44295  4.99985   768
682.00  0.02239  0.02168  0.01312  0.80968  -226.43935  -228.26997  4.99985   768
683.00  0.02238  0.02168  0.01258  0.80968  -227.30147  -229.13209  4.99985   768
684.00  0.02238  0.02168  0.01261  0.80968  -227.30757  -229.22822  4.99985   768
685.00  0.02239  0.02168  0.01323  0.80968  -226.41951  -228.35847  4.99985   768
686.00  0.02238  0.02168  0.01370  0.80968  -225.66725  -227.61842  4.99985   768
687.00  0.02239  0.02168  0.01434  0.80968  -224.67695  -226.61745  4.99985   768
688.00  0.02237  0.02168  0.01445  0.80968  -224.52284  -226.42671  4.99985   768
689.00  0.02238  0.02168  0.01424  0.80968  -224.76851  -226.64033  4.99985   768
690.00  0.02236  0.02168  0.01376  0.80968  -225.46889  -227.29036  4.99985   768
691.00  0.02238  0.02168  0.01287  0.80968  -226.77504  -228.55531  4.99985   768
692.00  0.02238  0.02168  0.01234  0.80968  -227.68599  -229.55934  4.99985   768
693.00  0.02238  0.02168  0.01208  0.80968  -228.11171  -229.97285  4.93396   768
694.00  0.02238  0.02168  0.01243  0.80968  -227.62343  -229.55476  4.34097   768
695.00  0.02239  0.02168  0.01316  0.80968  -226.53395  -228.46681  4.34097   768
696.00  0.02238  0.02168  0.01383  0.80968  -225.47499  -227.39870  4.34097   768
697.00  0.02240  0.02168  0.01412  0.80968  -225.02028  -226.90126  4.34097   768
698.00  0.02239  0.02168  0.01410  0.80968  -224.96992  -226.82954  4.34097   768
699.00  0.02237  0.02168  0.01380  0.80968  -225.48262  -227.31935  4.34097   768
700.00  0.02237  0.02168  0.01323  0.80968  -226.26234  -228.09144  4.34097   768
701.00  0.02237  0.02168  0.01252  0.80968  -227.37318  -229.18550  4.34097   768
702.00  0.02238  0.02168  0.01198  0.80968  -228.22157  -230.08577  4.34097   768
703.00  0.02237  0.02168  0.01210  0.80968  -228.16817  -230.08729  4.34097   768
704.00  0.02238  0.02168  0.01242  0.80968  -227.63411  -229.57460  4.34097   768
705.00  0.02236  0.02168  0.01311  0.80968  -226.63771  -228.60567  2.75650   768
706.00  0.02236  0.02168  0.01375  0.80968  -225.60774  -227.52382  2.75650   768
707.00  0.02235  0.02168  0.01386  0.80968  -225.41853  -227.29494  2.75650   768
708.00  0.02235  0.02168  0.01370  0.80968  -225.61995  -227.47346  2.75650   768
709.00  0.02233  0.02168  0.01308  0.80968  -226.48207  -228.28371  2.75650   768
710.00  0.02230  0.02168  0.01229  0.80968  -227.71193  -229.48762  2.75650   768
711.00  0.02232  0.02168  0.01184  0.80968  -228.43672  -230.29024  2.75650   768
712.00  0.02232  0.02168  0.01179  0.80968  -228.53743  -230.42757  2.75650   768
713.00  0.02232  0.02168  0.01196  0.80968  -228.33754  -230.23225  2.75650   768
714.00  0.02231  0.02168  0.01249  0.80968  -227.50899  -229.42506  2.75650   768
715.00  0.02231  0.02168  0.01297  0.80968  -226.79793  -228.72621  2.75650   768
716.00  0.02232  0.02168  0.01335  0.80968  -226.18605  -228.11891  1.70264   768
717.00  0.02230  0.02168  0.01353  0.80968  -225.88087  -227.76185  1.58554   768
718.00  0.02230  0.02168  0.01311  0.80968  -226.47291  -228.30812  1.58554   768
719.00  0.02230  0.02168  0.01248  0.80968  -227.42811  -229.26332  1.58554   768
720.00  0.02231  0.02168  0.01179  0.80968  -228.53438  -230.36958  1.58554   768
721.00  0.02232  0.02168  0.01143  0.80968  -229.10506  -231.02113  1.58554   768
722.00  0.02231  0.02168  0.01158  0.80968  -228.90364  -230.82124  1.58554   768
723.00  0.02230  0.02168  0.01207  0.80968  -228.14833  -230.09035  1.58554   768
724.00  0.02232  0.02168  0.01263  0.80968  -227.37013  -229.29536  1.58554   768
725.00  0.02232  0.02168  0.01305  0.80968  -226.67280  -228.60567  1.58554   768
726.00  0.02232  0.02168  0.01326  0.80968  -226.31422  -228.20283  1.58554   768
727.00  0.02231  0.02168  0.01303  0.80968  -226.56294  -228.39052  1.91110   768
728.00  0.02232  0.02168  0.01258  0.80968  -227.28773  -229.11073  1.99249   768
729.00  0.02232  0.02168  0.01194  0.80968  -228.27650  -230.07661  1.99249   768
730.00  0.02232  0.02168  0.01149  0.80968  -229.00587  -230.85634  1.99249   768
731.00  0.02230  0.02168  0.01154  0.80968  -228.92958  -230.81209  1.99249   768
732.00  0.02231  0.02168  0.01185  0.80968  -228.50691  -230.42146  1.99249   768
733.00  0.02230  0.02168  0.01237  0.80968  -227.73329  -229.65242  1.99249   768
734.00  0.02234  0.02168  0.01279  0.80968  -227.08174  -229.02833  1.99249   768
735.00  0.02231  0.02168  0.01317  0.80968  -226.47291  -228.39357  1.99249   768
736.00  0.02231  0.02168  0.01325  0.80968  -226.32033  -228.19520  1.99249   768
737.00  0.02231  0.02168  0.01280  0.80968  -226.94136  -228.77962  1.99249   768
738.00  0.02233  0.02168  0.01223  0.80968  -227.84010  -229.67226  1.73472   768
739.00  0.02231  0.02168  0.01158  0.80968  -228.83955  -230.68696  1.59592   768
740.00  0.02232  0.02168  0.01135  0.80968  -229.22713  -231.11726  1.59592   768
741.00  0.02231  0.02168  0.01154  0.80968  -228.93111  -230.85786  1.59592   768
742.00  0.02230  0.02168  0.01212  0.80968  -228.13917  -230.06135  1.59592   768
743.00  0.02232  0.02168  0.01265  0.80968  -227.27553  -229.19618  1.59592   768
744.00  0.02231  0.02168  0.01303  0.80968  -226.69264  -228.58736  1.59592   768
745.00  0.02231  0.02168  0.01312  0.80968  -226.50648  -228.36458  1.59592   768
746.00  0.02230  0.02168  0.01273  0.80968  -227.06343  -228.89711  1.59592   768
747.00  0.02232  0.02168  0.01228  0.80968  -227.75465  -229.57612  1.59592   768
748.00  0.02231  0.02168  0.01175  0.80968  -228.53895  -230.38331  1.59592   768
749.00  0.02230  0.02168  0.01131  0.80968  -229.29426  -231.12489  1.60613   768
750.00  0.02232  0.02168  0.01131  0.80968  -229.32936  -231.24086  1.61163   768
751.00  0.02232  0.02168  0.01172  0.80968  -228.71748  -230.65492  1.61163   768
752.00  0.02232  0.02168  0.01247  0.80968  -227.58375  -229.54866  1.61163   768
753.00  0.02230  0.02168  0.01290  0.80968  -226.92152  -228.86507  1.61163   768
754.00  0.02231  0.02168  0.01322  0.80968  -226.36763  -228.25014  1.61163   768
755.00  0.02231  0.02168  0.01291  0.80968  -226.79793  -228.65755  1.61163   768
756.00  0.02231  0.02168  0.01254  0.80968  -227.40217  -229.25874  1.61163   768
757.00  0.02232  0.02168  0.01191  0.80968  -228.22462  -230.02931  1.61163   768
758.00  0.02230  0.02168  0.01128  0.80968  -229.34309  -231.18440  1.61163   768
759.00  0.02230  0.02168  0.01096  0.80968  -229.85426  -231.73677  1.61163   768
760.00  0.02232  0.02168  0.01130  0.80968  -229.34157  -231.23628  1.50548   768
761.00  0.02231  0.02168  0.01194  0.80968  -228.41536  -230.35585  1.37573   768
762.00  0.02232  0.02168  0.01267  0.80968  -227.25111  -229.20381  1.37573   768
763.00  0.02232  0.02168  0.01309  0.80968  -226.56904  -228.45613  1.37573   768
764.00  0.02230  0.02168  0.01301  0.80968  -226.68501  -228.54768  1.37573   768
765.00  0.02232  0.02168  0.01289  0.80968  -226.83455  -228.69569  1.37573   768
766.00  0.02232  0.02168  0.01236  0.80968  -227.63716  -229.48610  1.37573   768
767.00  0.02231  0.02168  0.01171  0.80968  -228.57100  -230.38179  1.37573   768
768.00  0.02230  0.02168  0.01136  0.80968  -229.21644  -231.08064  1.37573   768
769.00  0.02231  0.02168  0.01116  0.80968  -229.55519  -231.44075  1.37573   768
770.00  0.02229  0.02168  0.01162  0.80968  -228.86549  -230.81819  1.37573   768
771.00  0.02232  0.02168  0.01239  0.80968  -227.73787  -229.71193  1.47260   768
772.00  0.02232  0.02168  0.01297  0.80968  -226.78572  -228.72163  1.61789   768
773.00  0.02233  0.02168  0.01316  0.80968  -226.44087  -228.33559  1.61789   768
774.00  0.02232  0.02168  0.01302  0.80968  -226.65297  -228.49885  1.61789   768
775.00  0.02233  0.02168  0.01257  0.80968  -227.26179  -229.10615  1.61789   768
776.00  0.02231  0.02168  0.01201  0.80968  -228.14528  -229.95454  1.61789   768
777.00  0.02230  0.02168  0.01145  0.80968  -229.07759  -230.91737  1.61789   768
778.00  0.02231  0.02168  0.01132  0.80968  -229.26527  -231.15999  1.61789   768
779.00  0.02231  0.02168  0.01147  0.80968  -229.10658  -230.99519  1.61789   768
780.00  0.02231  0.02168  0.01202  0.80968  -228.27193  -230.20326  1.61789   768
781.00  0.02233  0.02168  0.01265  0.80968  -227.26332  -229.20839  1.61789   768
782.00  0.02231  0.02168  0.01299  0.80968  -226.75978  -228.66670  1.54424   768
783.00  0.02231  0.02168  0.01293  0.80968  -226.78419  -228.64534  1.37238   768
784.00  0.02232  0.02168  0.01269  0.80968  -227.14583  -229.00392  1.37238   768
785.00  0.02230  0.02168  0.01215  0.80968  -227.95759  -229.78212  1.37238   768
786.00  0.02231  0.02168  0.01151  0.80968  -228.95247  -230.78920  1.37238   768
787.00  0.02232  0.02168  0.01117  0.80968  -229.49415  -231.36751  1.37238   768
788.00  0.02230  0.02168  0.01121  0.80968  -229.47279  -231.40565  1.37238   768
789.00  0.02233  0.02168  0.01161  0.80968  -228.88991  -230.82124  1.37238   768
790.00  0.02232  0.02168  0.01222  0.80968  -227.99727  -229.94386  1.37238   768
791.00  0.02231  0.02168  0.01282  0.80968  -227.06496  -229.00087  1.37238   768
792.00  0.02231  0.02168  0.01292  0.80968  -226.78877  -228.66975  1.37238   768
793.00  0.02230  0.02168  0.01288  0.80968  -226.82081  -228.66670  1.41495   768
794.00  0.02231  0.02168  0.01234  0.80968  -227.66920  -229.47542  1.58524   768
795.00  0.02231  0.02168  0.01170  0.80968  -228.61067  -230.44282  1.58524   768
796.00  0.02230  0.02168  0.01121  0.80968  -229.43159  -231.26985  1.58524   768
797.00  0.02231  0.02168  0.01107  0.80968  -229.63759  -231.51857  1.58524   768
798.00  0.02232  0.02168  0.01133  0.80968  -229.30189  -231.22713  1.58524   768
799.00  0.02232  0.02168  0.01194  0.80968  -228.41994  -230.36500  1.58524   768
800.00  0.02231  0.02168  0.01263  0.80968  -227.35182  -229.28468  1.58524   768
801.00  0.02231  0.02168  0.01304  0.80968  -226.67738  -228.59651  1.58524   768
802.00  0.02232  0.02168  0.01311  0.80968  -226.53853  -228.42866  1.58524   768
803.00  0.02230  0.02168  0.01279  0.80968  -226.98256  -228.82081  1.58524   768
804.00  0.02229  0.02168  0.01214  0.80968  -227.98353  -229.80806  1.58760   768
805.00  0.02231  0.02168  0.01156  0.80968  -228.88380  -230.73579  1.63254   768
806.00  0.02231  0.02168  0.01126  0.80968  -229.37514  -231.25001  1.63254   768
807.00  0.02229  0.02168  0.01131  0.80968  -229.32783  -231.24391  1.63254   768
808.00  0.02231  0.02168  0.01176  0.80968  -228.67323  -230.60457  1.63254   768
809.00  0.02230  0.02168  0.01237  0.80968  -227.72719  -229.65394  1.63254   768
810.00  0.02229  0.02168  0.01286  0.80968  -226.94746  -228.86049  1.63254   768
811.00  0.02230  0.02168  0.01317  0.80968  -226.43477  -228.31880  1.63254   768
812.00  0.02231  0.02168  0.01304  0.80968  -226.64534  -228.48970  1.63254   768
813.00  0.02229  0.02168  0.01249  0.80968  -227.36403  -229.15956  1.63254   768
814.00  0.02229  0.02168  0.01185  0.80968  -228.43519  -230.25972  1.63254   768
815.00  0.02231  0.02168  0.01129  0.80968  -229.27290  -231.10200  1.63254   768
816.00  0.02230  0.02168  0.01103  0.80968  -229.73067  -231.62080  1.62114   768
817.00  0.02229  0.02168  0.01139  0.80968  -229.21339  -231.14625  1.61987   768
818.00  0.02231  0.02168  0.01200  0.80968  -228.30702  -230.26735  1.61987   768
819.00  0.02230  0.02168  0.01262  0.80968  -227.33656  -229.28773  1.61987   768
820.00  0.02230  0.02168  0.01302  0.80968  -226.70943  -228.61940  1.61987   768
821.00  0.02229  0.02168  0.01313  0.80968  -226.50038  -228.39052  1.61987   768
822.00  0.02230  0.02168  0.01260  0.80968  -227.26942  -229.11684  1.61987   768
823.00  0.02229  0.02168  0.01200  0.80968  -228.18037  -230.00947  1.61987   768
824.00  0.02230  0.02168  0.01146  0.80968  -229.06843  -230.90364  1.61987   768
825.00  0.02229  0.02168  0.01107  0.80968  -229.64827  -231.50789  1.61987   768
826.00  0.02229  0.02168  0.01106  0.80968  -229.67116  -231.54909  1.61987   768
827.00  0.02230  0.02168  0.01156  0.80968  -228.99824  -230.92653  1.58513   768
828.00  0.02229  0.02168  0.01215  0.80968  -228.06441  -230.00185  1.58127   768
829.00  0.02230  0.02168  0.01270  0.80968  -227.23280  -229.15193  1.58127   768
830.00  0.02229  0.02168  0.01298  0.80968  -226.75368  -228.65144  1.58127   768
831.00  0.02229  0.02168  0.01285  0.80968  -226.88795  -228.73231  1.58127   768
832.00  0.02230  0.02168  0.01231  0.80968  -227.75618  -229.58070  1.58127   768
833.00  0.02230  0.02168  0.01171  0.80968  -228.63508  -230.45045  1.58127   768
834.00  0.02230  0.02168  0.01128  0.80968  -229.30189  -231.16456  1.58127   768
835.00  0.02229  0.02168  0.01108  0.80968  -229.68184  -231.57808  1.58127   768
836.00  0.02229  0.02168  0.01135  0.80968  -229.25459  -231.17830  1.58127   768
837.00  0.02231  0.02168  0.01194  0.80968  -228.43062  -230.39705  1.58127   768
838.00  0.02230  0.02168  0.01244  0.80968  -227.59444  -229.51967  1.60251   768
839.00  0.02229  0.02168  0.01282  0.80968  -227.00239  -228.91237  1.60782   768
840.00  0.02230  0.02168  0.01283  0.80968  -226.99782  -228.87727  1.60782   768
841.00  0.02230  0.02168  0.01255  0.80968  -227.34572  -229.20534  1.60782   768
842.00  0.02229  0.02168  0.01191  0.80968  -228.24599  -230.05525  1.60782   768
843.00  0.02230  0.02168  0.01142  0.80968  -229.06843  -230.90822  1.60782   768
844.00  0.02229  0.02168  0.01109  0.80968  -229.62385  -231.48958  1.60782   768
845.00  0.02230  0.02168  0.01124  0.80968  -229.42549  -231.33699  1.60782   768
846.00  0.02229  0.02168  0.01174  0.80968  -228.68696  -230.59999  1.60782   768
847.00  0.02231  0.02168  0.01229  0.80968  -227.87977  -229.81111  1.60782   768
848.00  0.02230  0.02168  0.01275  0.80968  -227.11226  -229.03139  1.60782   768
849.00  0.02230  0.02168  0.01291  0.80968  -226.83913  -228.70485  1.45696   768
850.00  0.02229  0.02168  0.01264  0.80968  -227.21754  -229.05733  1.37573   768
851.00  0.02230  0.02168  0.01209  0.80968  -228.04304  -229.89046  1.37573   768
852.00  0.02229  0.02168  0.01150  0.80968  -228.96010  -230.79225  1.37573   768
853.00  0.02229  0.02168  0.01104  0.80968  -229.69862  -231.57503  1.37573   768
854.00  0.02229  0.02168  0.01105  0.80968  -229.70625  -231.61775  1.37573   768
855.00  0.02229  0.02168  0.01150  0.80968  -229.11421  -231.05012  1.37573   768
856.00  0.02229  0.02168  0.01212  0.80968  -228.10713  -230.06135  1.37573   768
857.00  0.02229  0.02168  0.01263  0.80968  -227.37471  -229.30452  1.37573   768
858.00  0.02229  0.02168  0.01296  0.80968  -226.77504  -228.68806  1.37573   768
859.00  0.02229  0.02168  0.01291  0.80968  -226.83150  -228.69874  1.37573   768
860.00  0.02229  0.02168  0.01250  0.80968  -227.38234  -229.20534  1.51022   768
861.00  0.02229  0.02168  0.01186  0.80968  -228.39094  -230.19716  1.59988   768
862.00  0.02229  0.02168  0.01119  0.80968  -229.44227  -231.26222  1.59988   768
863.00  0.02229  0.02168  0.01087  0.80968  -229.93361  -231.78712  1.59988   768
864.00  0.02229  0.02168  0.01103  0.80968  -229.77797  -231.69099  1.59988   768
865.00  0.02230  0.02168  0.01162  0.80968  -228.86549  -230.80446  1.59988   768
866.00  0.02230  0.02168  0.01227  0.80968  -227.91945  -229.86757  1.59988   768
867.00  0.02229  0.02168  0.01267  0.80968  -227.24043  -229.15498  1.59988   768
868.00  0.02230  0.02168  0.01291  0.80968  -226.83913  -228.73994  1.59988   768
869.00  0.02231  0.02168  0.01272  0.80968  -227.05885  -228.91695  1.59988   768
870.00  0.02229  0.02168  0.01194  0.80968  -228.23836  -230.04610  1.59988   768
871.00  0.02230  0.02168  0.01127  0.80968  -229.32631  -231.16304  1.50444   768
872.00  0.02228  0.02168  0.01083  0.80968  -230.00990  -231.87105  1.38779   768
873.00  0.02229  0.02168  0.01090  0.80968  -230.00380  -231.91835  1.38779   768
874.00  0.02229  0.02168  0.01135  0.80968  -229.30800  -231.26375  1.38779   768
875.00  0.02229  0.02168  0.01199  0.80968  -228.29634  -230.23530  1.38779   768
876.00  0.02229  0.02168  0.01256  0.80968  -227.42201  -229.35029  1.38779   768
877.00  0.02229  0.02168  0.01279  0.80968  -227.04970  -228.93373  1.38779   768
878.00  0.02230  0.02168  0.01265  0.80968  -227.19160  -229.03596  1.38779   768
879.00  0.02229  0.02168  0.01232  0.80968  -227.70125  -229.52272  1.38779   768
880.00  0.02230  0.02168  0.01174  0.80968  -228.58778  -230.40773  1.38779   768
881.00  0.02229  0.02168  0.01117  0.80968  -229.47432  -231.30952  1.38779   768
882.00  0.02230  0.02168  0.01079  0.80968  -230.07551  -231.92903  1.49332   768
883.00  0.02229  0.02168  0.01094  0.80968  -229.92598  -231.83748  1.65161   768
884.00  0.02230  0.02168  0.01162  0.80968  -228.90059  -230.87312  1.65161   768
885.00  0.02231  0.02168  0.01236  0.80968  -227.76991  -229.71651  1.65161   768
886.00  0.02230  0.02168  0.01298  0.80968  -226.80556  -228.73994  1.65161   768
887.00  0.02228  0.02168  0.01310  0.80968  -226.58125  -228.48054  1.65161   768
888.00  0.02229  0.02168  0.01276  0.80968  -226.99629  -228.83760  1.65161   768
889.00  0.02229  0.02168  0.01210  0.80968  -228.01253  -229.85994  1.65161   768
890.00  0.02230  0.02168  0.01129  0.80968  -229.26070  -231.06081  1.65161   768
891.00  0.02228  0.02168  0.01091  0.80968  -229.88020  -231.74135  1.65161   768
892.00  0.02229  0.02168  0.01103  0.80968  -229.78712  -231.68642  1.65161   768
893.00  0.02229  0.02168  0.01137  0.80968  -229.23476  -231.15541  1.58329   768
894.00  0.02228  0.02168  0.01189  0.80968  -228.46876  -230.39400  1.37833   768
895.00  0.02230  0.02168  0.01238  0.80968  -227.65852  -229.57307  1.37833   768
896.00  0.02229  0.02168  0.01265  0.80968  -227.25569  -229.13057  1.37833   768
897.00  0.02229  0.02168  0.01267  0.80968  -227.19008  -229.05427  1.37833   768
898.00  0.02230  0.02168  0.01229  0.80968  -227.72261  -229.53645  1.37833   768
899.00  0.02228  0.02168  0.01162  0.80968  -228.77241  -230.60152  1.37833   768
900.00  0.02229  0.02168  0.01097  0.80968  -229.73677  -231.56282  1.37833   768
901.00  0.02230  0.02168  0.01065  0.80968  -230.31050  -232.19606  1.37833   768
902.00  0.02229  0.02168  0.01098  0.80968  -229.92140  -231.85579  1.37833   768
903.00  0.02229  0.02168  0.01161  0.80968  -228.88686  -230.84260  1.37833   768
904.00  0.02230  0.02168  0.01223  0.80968  -227.91487  -229.86909  1.38096   768
905.00  0.02229  0.02168  0.01279  0.80968  -227.07869  -229.01460  1.39587   768
906.00  0.02229  0.02168  0.01288  0.80968  -226.92763  -228.80403  1.39587   768
907.00  0.02228  0.02168  0.01254  0.80968  -227.33656  -229.15803  1.39587   768
908.00  0.02229  0.02168  0.01189  0.80968  -228.34822  -230.17427  1.39587   768
909.00  0.02228  0.02168  0.01130  0.80968  -229.22713  -231.04402  1.39587   768
910.00  0.02231  0.02168  0.01091  0.80968  -229.91682  -231.77797  1.39587   768
911.00  0.02228  0.02168  0.01103  0.80968  -229.71388  -231.59486  1.39587   768
912.00  0.02229  0.02168  0.01144  0.80968  -229.14931  -231.05165  1.39587   768
913.00  0.02229  0.02168  0.01191  0.80968  -228.41688  -230.34364  1.39587   768
914.00  0.02229  0.02168  0.01259  0.80968  -227.40065  -229.34724  1.39587   768
915.00  0.02228  0.02168  0.01300  0.80968  -226.75215  -228.67128  1.41629   768
916.00  0.02228  0.02168  0.01294  0.80968  -226.81013  -228.68043  1.60004   768
917.00  0.02229  0.02168  0.01246  0.80968  -227.47847  -229.28773  1.60004   768
918.00  0.02228  0.02168  0.01173  0.80968  -228.57252  -230.39094  1.60004   768
919.00  0.02229  0.02168  0.01108  0.80968  -229.59639  -231.44838  1.60004   768
920.00  0.02228  0.02168  0.01090  0.80968  -229.96718  -231.84663  1.60004   768
921.00  0.02229  0.02168  0.01120  0.80968  -229.52467  -231.45753  1.60004   768
922.00  0.02229  0.02168  0.01176  0.80968  -228.66255  -230.60304  1.60004   768
923.00  0.02228  0.02168  0.01232  0.80968  -227.84163  -229.79433  1.60004   768
924.00  0.02230  0.02168  0.01263  0.80968  -227.31673  -229.22365  1.60004   768
925.00  0.02229  0.02168  0.01261  0.80968  -227.26942  -229.13667  1.60004   768
926.00  0.02229  0.02168  0.01239  0.80968  -227.55324  -229.38692  1.60004   768
927.00  0.02229  0.02168  0.01177  0.80968  -228.51759  -230.33449  2.05780   768
928.00  0.02228  0.02168  0.01122  0.80968  -229.40718  -231.23476  2.05780   768
929.00  0.02228  0.02168  0.01089  0.80968  -229.89088  -231.73677  2.05780   768
930.00  0.02229  0.02168  0.01090  0.80968  -229.95192  -231.84358  2.05780   768
931.00  0.02228  0.02168  0.01126  0.80968  -229.40413  -231.30952  2.05780   768
932.00  0.02230  0.02168  0.01186  0.80968  -228.53895  -230.48402  2.05780   768
933.00  0.02229  0.02168  0.01248  0.80968  -227.56392  -229.47389  2.05780   768
934.00  0.02229  0.02168  0.01282  0.80968  -227.04512  -228.96883  2.05780   768
935.00  0.02228  0.02168  0.01274  0.80968  -227.08021  -228.96425  2.05780   768
936.00  0.02229  0.02168  0.01230  0.80968  -227.71803  -229.54256  2.05780   768
937.00  0.02227  0.02168  0.01151  0.80968  -228.88991  -230.70528  2.05780   768
938.00  0.02227  0.02168  0.01094  0.80968  -229.86037  -231.73524  4.04688   768
939.00  0.02229  0.02168  0.01077  0.80968  -230.13350  -232.01143  4.39789   768
940.00  0.02229  0.02168  0.01115  0.80968  -229.61623  -231.54756  4.39789   768
941.00  0.02231  0.02168  0.01186  0.80968  -228.54658  -230.50386  4.39789   768
942.00  0.02228  0.02168  0.01248  0.80968  -227.57002  -229.48305  4.39789   768
943.00  0.02228  0.02168  0.01284  0.80968  -226.97340  -228.88032  4.39789   768
944.00  0.02227  0.02168  0.01280  0.80968  -226.96577  -228.81471  4.39789   768
945.00  0.02230  0.02168  0.01246  0.80968  -227.49068  -229.32283  4.39789   768
946.00  0.02228  0.02168  0.01195  0.80968  -228.25819  -230.07356  4.39789   768
947.00  0.02229  0.02168  0.01139  0.80968  -229.12184  -230.95247  4.39789   768
948.00  0.02227  0.02168  0.01111  0.80968  -229.55061  -231.40108  4.39789   768
949.00  0.02227  0.02168  0.01111  0.80968  -229.61928  -231.49873  4.87946   768
950.00  0.02228  0.02168  0.01137  0.80968  -229.26985  -231.20119  4.99985   768
951.00  0.02228  0.02168  0.01196  0.80968  -228.34975  -230.29787  4.99985   768
952.00  0.02228  0.02168  0.01257  0.80968  -227.41133  -229.35182  4.99985   768
953.00  0.02229  0.02168  0.01271  0.80968  -227.14583  -229.04512  4.99985   768
954.00  0.02228  0.02168  0.01260  0.80968  -227.27248  -229.15956  4.99985   768
955.00  0.02229  0.02168  0.01223  0.80968  -227.86757  -229.68904  4.99985   768
956.00  0.02230  0.02168  0.01139  0.80968  -229.08675  -230.89601  4.99985   768
957.00  0.02227  0.02168  0.01083  0.80968  -229.96260  -231.78560  4.99985   768
958.00  0.02228  0.02168  0.01073  0.80968  -230.20521  -232.09535  4.99985   768
959.00  0.02229  0.02168  0.01116  0.80968  -229.60249  -231.53841  4.99985   768
960.00  0.02229  0.02168  0.01176  0.80968  -228.68086  -230.61525  4.99985   768
961.00  0.02229  0.02168  0.01238  0.80968  -227.67378  -229.59138  4.99985   768
962.00  0.02227  0.02168  0.01270  0.80968  -227.16261  -229.04817  4.99985   768
963.00  0.02228  0.02168  0.01250  0.80968  -227.43269  -229.26637  4.99985   768
964.00  0.02228  0.02168  0.01219  0.80968  -227.93928  -229.77602  4.99985   768
965.00  0.02228  0.02168  0.01186  0.80968  -228.45351  -230.29787  4.99985   768
966.00  0.02229  0.02168  0.01133  0.80968  -229.23628  -231.08217  4.99985   768
967.00  0.02230  0.02168  0.01092  0.80968  -229.82374  -231.67421  4.99985   768
968.00  0.02229  0.02168  0.01085  0.80968  -230.00380  -231.89241  4.99985   768
969.00  0.02229  0.02168  0.01114  0.80968  -229.64674  -231.57808  4.99985   768
970.00  0.02226  0.02168  0.01182  0.80968  -228.62746  -230.59541  4.99985   768
971.00  0.02230  0.02168  0.01247  0.80968  -227.60817  -229.58223  4.99985   768
972.00  0.02227  0.02168  0.01291  0.80968  -226.85286  -228.76741  4.99985   768
973.00  0.02227  0.02168  0.01308  0.80968  -226.53395  -228.40272  4.99985   768
974.00  0.02230  0.02168  0.01270  0.80968  -227.09242  -228.95051  4.99985   768
975.00  0.02231  0.02168  0.01235  0.80968  -227.69362  -229.55476  4.99985   768
976.00  0.02229  0.02168  0.01232  0.80968  -227.74245  -229.61885  4.99985   768
977.00  0.02228  0.02168  0.01262  0.80968  -227.34114  -229.24654  4.99985   768
978.00  0.02229  0.02168  0.01338  0.80968  -226.22420  -228.16621  4.99985   768
979.00  0.02229  0.02168  0.01419  0.80968  -224.99586  -226.94398  4.99985   768
980.00  0.02228  0.02168  0.01426  0.80968  -224.73799  -226.57777  4.99985   768
981.00  0.02226  0.02168  0.01390  0.80968  -225.33461  -227.20796  4.99985   768
982.00  0.02228  0.02168  0.01508  0.80968  -223.57985  -225.58290  4.99985   768
983.00  0.02229  0.02168  0.01491  0.80968  -223.68971  -225.50813  4.99985   768
984.00  0.02226  0.02168  0.01455  0.80968  -224.30311  -226.19173  4.99985   768
985.00  0.02228  0.02168  0.01503  0.80968  -223.58595  -225.50050  4.99985   768
986.00  0.02228  0.02168  0.01472  0.80968  -224.04372  -225.93843  4.99985   768
987.00  0.02228  0.02168  0.01514  0.80968  -223.54628  -225.55086  4.99985   768
988.00  0.02227  0.02168  0.01688  0.80968  -220.86226  -222.87904  4.99985   768
989.00  0.02227  0.02168  0.01800  0.80968  -219.19752  -221.20363  4.99985   768
990.00  0.02229  0.02168  0.01961  0.80968  -216.71339  -218.76680  4.99985   768
991.00  0.02229  0.02168  0.02022  0.80968  -215.56593  -217.42402  4.99985   768
992.00  0.02230  0.02168  0.02043  0.80968  -215.33705  -217.28364  4.99985   768
993.00  0.02227  0.02168  0.02111  0.80968  -214.27809  -216.18806  4.99985   768
994.00  0.02228  0.02168  0.02082  0.80968  -214.65193  -216.50850  4.99985   768
995.00  0.02228  0.02168  0.02172  0.80968  -213.44801  -215.44038  4.99985   768
996.00  0.02226  0.02168  0.02281  0.80968  -211.70851  -213.67189  4.99985   768
997.00  0.02228  0.02168  0.02373  0.80968  -210.37642  -212.38252  4.99985   768
998.00  0.02226  0.02168  0.02582  0.80968  -207.26515  -209.33839  4.99985   768
999.00  0.02227  0.02168  0.02705  0.80968  -205.21895  -207.16859  4.99985   768
1000.00  0.02227  0.02168  0.02838  0.80968  -203.23835  -205.29634  4.99985   768
1001.00  0.02227  0.02168  0.02909  0.80968  -201.95967  -203.87117  4.99985   768
1002.00  0.02227  0.02168  0.02905  0.80968  -202.04207  -203.90931  4.99985   768
1003.00  0.02228  0.02168  0.02952  0.80968  -201.39814  -203.33864  4.99985   768
1004.00  0.02227  0.02168  0.02984  0.80968  -200.84120  -202.73439  4.99985   768
1005.00  0.02227  0.02168  0.02976  0.80968  -201.03651  -202.96937  4.99985   768
1006.00  0.02227  0.02168  0.03127  0.80968  -198.78126  -200.83619  4.99985   768
1007.00  0.02228  0.02168  0.03297  0.80968  -196.13997  -198.18422  4.99985   768
1008.00  0.02227  0.02168  0.03509  0.80968  -193.03633  -195.14009  4.99985   768
1009.00  0.02228  0.02168  0.03652  0.80968  -190.63154  -192.58119  4.99985   768
1010.00  0.02226  0.02168  0.03683  0.80968  -190.12190  -191.99220  4.99985   768
1011.00  0.02226  0.02168  0.03674  0.80968  -190.23787  -192.10511  4.99985   768
1012.00  0.02225  0.02168  0.03614  0.80968  -191.01912  -192.78871  4.99985   768
1013.00  0.02226  0.02168  0.03566  0.80968  -191.89344  -193.75306  4.99985   768
1014.00  0.02226  0.02168  0.03591  0.80968  -191.54554  -193.45552  4.99985   768
1015.00  0.02226  0.02168  0.03604  0.80968  -191.33040  -193.24037  4.99985   768
1016.00  0.02226  0.02168  0.03671  0.80968  -190.33400  -192.30653  4.99985   768
1017.00  0.02227  0.02168  0.03805  0.80968  -188.37477  -190.36409  4.99985   768
1018.00  0.02226  0.02168  0.03921  0.80968  -186.57576  -188.58033  4.99985   768
1019.00  0.02227  0.02168  0.04044  0.80968  -184.70503  -186.70045  4.99985   768
1020.00  0.02226  0.02168  0.04092  0.80968  -183.82307  -185.72541  4.99985   768
1021.00  0.02226  0.02168  0.04057  0.80968  -184.31593  -186.17707  4.99985   768
1022.00  0.02226  0.02168  0.04026  0.80968  -184.77827  -186.62873  4.99985   768
1023.00  0.02226  0.02168  0.04012  0.80968  -185.07887  -186.96901  4.99985   768
1024.00  0.02226  0.02168  0.04029  0.80968  -184.80421  -186.72639  4.99985   768
1025.00  0.02225  0.02168  0.04117  0.80968  -183.55299  -185.54383  4.99985   768
1026.00  0.02225  0.02168  0.04260  0.80968  -181.37556  -183.38472  4.99985   768
1027.00  0.02225  0.02168  0.04419  0.80968  -178.92195  -180.93873  4.99985   768
1028.00  0.02225  0.02168  0.04565  0.80968  -176.73841  -178.74604  4.99985   768
1029.00  0.02225  0.02168  0.04697  0.80968  -174.62202  -176.60676  4.99985   768
1030.00  0.02225  0.02168  0.04718  0.80968  -174.16578  -176.01472  4.99985   768
1031.00  0.02224  0.02168  0.04693  0.80968  -174.55641  -176.38703  4.99985   768
1032.00  0.02224  0.02168  0.04704  0.80968  -174.50758  -176.40840  4.99985   768
1033.00  0.02226  0.02168  0.04693  0.80968  -174.51368  -176.37483  4.99985   768
1034.00  0.02226  0.02168  0.04690  0.80968  -174.63575  -176.55183  4.99985   768
1035.00  0.02224  0.02168  0.04777  0.80968  -173.38301  -175.35859  4.99985   768
1036.00  0.02225  0.02168  0.04834  0.80968  -172.45832  -174.38661  4.99985   768
1037.00  0.02224  0.02168  0.04940  0.80968  -170.94313  -172.98738  4.99985   768
1038.00  0.02226  0.02168  0.05059  0.80968  -169.05867  -171.02357  4.99985   768
1039.00  0.02224  0.02168  0.05074  0.80968  -168.71992  -170.60395  4.99985   768
1040.00  0.02225  0.02168  0.05082  0.80968  -168.58107  -170.45442  4.99985   768
1041.00  0.02224  0.02168  0.05022  0.80968  -169.43251  -171.25093  4.99985   768
1042.00  0.02224  0.02168  0.04946  0.80968  -170.66084  -172.46858  4.99985   768
1043.00  0.02223  0.02168  0.04914  0.80968  -171.13844  -172.98585  4.99985   768
1044.00  0.02223  0.02168  0.04908  0.80968  -171.32460  -173.21931  4.99985   768
1045.00  0.02222  0.02168  0.04939  0.80968  -170.79054  -172.69288  4.99985   768
1046.00  0.02224  0.02168  0.04991  0.80968  -170.06727  -172.00318  4.99985   768
1047.00  0.02224  0.02168  0.05083  0.80968  -168.67720  -170.64515  4.99985   768
1048.00  0.02222  0.02168  0.05148  0.80968  -167.62281  -169.55567  4.99985   768
1049.00  0.02223  0.02168  0.05167  0.80968  -167.30543  -169.20777  4.99985   768
1050.00  0.02224  0.02168  0.05163  0.80968  -167.31153  -169.16963  4.99985   768
1051.00  0.02223  0.02168  0.05124  0.80968  -167.91883  -169.75709  4.99985   768
1052.00  0.02222  0.02168  0.05062  0.80968  -168.88319  -170.73976  4.99985   768
1053.00  0.02224  0.02168  0.05072  0.80968  -168.83131  -170.75044  4.99985   768
1054.00  0.02224  0.02168  0.05107  0.80968  -168.30030  -170.23011  4.99985   768
1055.00  0.02224  0.02168  0.05158  0.80968  -167.54194  -169.50074  4.99985   768
1056.00  0.02223  0.02168  0.05265  0.80968  -165.89094  -167.90162  4.99985   768
1057.00  0.02223  0.02168  0.05357  0.80968  -164.47950  -166.41694  4.99985   768
1058.00  0.02224  0.02168  0.05382  0.80968  -163.98207  -165.87068  4.99985   768
1059.00  0.02222  0.02168  0.05378  0.80968  -164.03852  -165.89967  4.99985   768
1060.00  0.02223  0.02168  0.05310  0.80968  -164.99525  -166.78468  4.99985   768
1061.00  0.02223  0.02168  0.05225  0.80968  -166.32124  -168.11982  4.99985   768
1062.00  0.02223  0.02168  0.05151  0.80968  -167.47023  -169.27949  4.99985   768
1063.00  0.02222  0.02168  0.05112  0.80968  -168.14619  -170.01039  4.99985   768
1064.00  0.02223  0.02168  0.05144  0.80968  -167.70216  -169.61976  4.99985   768
1065.00  0.02223  0.02168  0.05208  0.80968  -166.74543  -168.72560  4.99985   768
1066.00  0.02221  0.02168  0.05311  0.80968  -165.16462  -167.13716  4.99985   768
1067.00  0.02222  0.02168  0.05370  0.80968  -164.19416  -166.12245  4.99985   768
1068.00  0.02222  0.02168  0.05394  0.80968  -163.82795  -165.73335  4.99985   768
1069.00  0.02222  0.02168  0.05377  0.80968  -164.04005  -165.90425  4.99985   768
1070.00  0.02221  0.02168  0.05330  0.80968  -164.74653  -166.58631  4.99985   768
1071.00  0.02221  0.02168  0.05301  0.80968  -165.25617  -167.14021  4.99985   768
1072.00  0.02221  0.02168  0.05314  0.80968  -165.12495  -167.02882  4.99985   768
1073.00  0.02222  0.02168  0.05346  0.80968  -164.60462  -166.54512  4.99985   768
1074.00  0.02224  0.02168  0.05396  0.80968  -163.82490  -165.74403  4.99985   768
1075.00  0.02224  0.02168  0.05422  0.80968  -163.32441  -165.23591  4.99985   768
1076.00  0.02222  0.02168  0.05417  0.80968  -163.39308  -165.25422  4.99985   768
1077.00  0.02221  0.02168  0.05367  0.80968  -164.16212  -165.95002  4.99985   768
1078.00  0.02221  0.02168  0.05308  0.80968  -165.07460  -166.90522  4.99985   768
1079.00  0.02222  0.02168  0.05251  0.80968  -165.97792  -167.79023  4.99985   768
1080.00  0.02222  0.02168  0.05226  0.80968  -166.37464  -168.22969  4.99985   768
1081.00  0.02221  0.02168  0.05225  0.80968  -166.42652  -168.30445  4.99985   768
1082.00  0.02222  0.02168  0.05239  0.80968  -166.21748  -168.11982  4.99985   768
1083.00  0.02220  0.02168  0.05282  0.80968  -165.56593  -167.48811  4.99985   768
1084.00  0.02223  0.02168  0.05329  0.80968  -164.86402  -166.79383  4.99985   768
1085.00  0.02222  0.02168  0.05364  0.80968  -164.31318  -166.22926  4.99985   768
1086.00  0.02222  0.02168  0.05386  0.80968  -163.95155  -165.86000  4.99985   768
1087.00  0.02222  0.02168  0.05381  0.80968  -164.00343  -165.87983  4.99985   768
1088.00  0.02220  0.02168  0.05348  0.80968  -164.51460  -166.35896  4.99985   768
1089.00  0.02221  0.02168  0.05320  0.80968  -164.96778  -166.84114  4.99985   768
1090.00  0.02223  0.02168  0.05307  0.80968  -165.20735  -167.07917  4.99985   768
1091.00  0.02222  0.02168  0.05300  0.80968  -165.27143  -167.15699  4.99985   768
1092.00  0.02224  0.02168  0.05305  0.80968  -165.24092  -167.12037  4.99985   768
1093.00  0.02223  0.02168  0.05329  0.80968  -164.86555  -166.76332  4.99985   768
1094.00  0.02221  0.02168  0.05360  0.80968  -164.40321  -166.31471  4.99985   768
1095.00  0.02221  0.02168  0.05387  0.80968  -163.90730  -165.79133  4.99985   768
1096.00  0.02221  0.02168  0.05373  0.80968  -164.09346  -165.94850  4.99985   768
1097.00  0.02221  0.02168  0.05337  0.80968  -164.62599  -166.46424  4.99985   768
1098.00  0.02222  0.02168  0.05284  0.80968  -165.40419  -167.22413  4.99985   768
1099.00  0.02221  0.02168  0.05234  0.80968  -166.19917  -168.03132  4.99985   768
1100.00  0.02221  0.02168  0.05211  0.80968  -166.64472  -168.51197  4.99985   768
1101.00  0.02221  0.02168  0.05243  0.80968  -166.18544  -168.11219  4.99985   768
1102.00  0.02221  0.02168  0.05304  0.80968  -165.25923  -167.21345  4.99985   768
1103.00  0.02221  0.02168  0.05373  0.80968  -164.22926  -166.18196  4.99985   768
1104.00  0.02220  0.02168  0.05398  0.80968  -163.75013  -165.65553  4.99985   768
1105.00  0.02220  0.02168  0.05403  0.80968  -163.69215  -165.56855  4.99985   768
1106.00  0.02220  0.02168  0.05357  0.80968  -164.32844  -166.13771  4.99985   768
1107.00  0.02219  0.02168  0.05287  0.80968  -165.45606  -167.27143  4.99985   768
1108.00  0.02222  0.02168  0.05226  0.80968  -166.38533  -168.22053  4.99985   768
1109.00  0.02222  0.02168  0.05195  0.80968  -166.91633  -168.78816  4.99985   768
1110.00  0.02219  0.02168  0.05204  0.80968  -166.79579  -168.68592  4.99985   768
1111.00  0.02219  0.02168  0.05258  0.80968  -166.00996  -167.95655  4.99985   768
1112.00  0.02221  0.02168  0.05326  0.80968  -164.94184  -166.88081  4.99985   768
1113.00  0.02220  0.02168  0.05378  0.80968  -164.09498  -166.02326  4.99985   768
1114.00  0.02220  0.02168  0.05402  0.80968  -163.63874  -165.51667  4.99985   768
1115.00  0.02221  0.02168  0.05390  0.80968  -163.81880  -165.66773  4.99985   768
1116.00  0.02219  0.02168  0.05341  0.80968  -164.56037  -166.37269  4.99985   768
1117.00  0.02222  0.02168  0.05264  0.80968  -165.75361  -167.55372  4.99985   768
1118.00  0.02221  0.02168  0.05208  0.80968  -166.63099  -168.47688  4.99985   768
1119.00  0.02221  0.02168  0.05184  0.80968  -167.03077  -168.91786  4.99985   768
1120.00  0.02219  0.02168  0.05193  0.80968  -166.90718  -168.82478  4.99985   768
1121.00  0.02219  0.02168  0.05245  0.80968  -166.15797  -168.10151  4.99985   768
1122.00  0.02221  0.02168  0.05289  0.80968  -165.48048  -167.41639  4.99985   768
1123.00  0.02220  0.02168  0.05308  0.80968  -165.15547  -167.02729  4.99985   768
1124.00  0.02219  0.02168  0.05314  0.80968  -165.03950  -166.93116  4.99985   768
1125.00  0.02221  0.02168  0.05297  0.80968  -165.24702  -167.10054  4.99985   768
1126.00  0.02220  0.02168  0.05255  0.80968  -165.94587  -167.76887  4.99985   768
1127.00  0.02221  0.02168  0.05213  0.80968  -166.57301  -168.40211  4.99985   768
1128.00  0.02221  0.02168  0.05183  0.80968  -167.05061  -168.90718  4.99985   768
1129.00  0.02221  0.02168  0.05191  0.80968  -166.94685  -168.84614  4.99985   768
1130.00  0.02220  0.02168  0.05244  0.80968  -166.19612  -168.11677  4.99985   768
1131.00  0.02221  0.02168  0.05307  0.80968  -165.22108  -167.14784  4.99985   768
1132.00  0.02220  0.02168  0.05347  0.80968  -164.57411  -166.48561  4.99985   768
1133.00  0.02221  0.02168  0.05349  0.80968  -164.49018  -166.35438  4.99985   768
1134.00  0.02220  0.02168  0.05295  0.80968  -165.26838  -167.07002  4.99985   768
1135.00  0.02220  0.02168  0.05226  0.80968  -166.37159  -168.19612  4.99985   768
1136.00  0.02220  0.02168  0.05146  0.80968  -167.62739  -169.44734  4.99985   768
1137.00  0.02220  0.02168  0.05098  0.80968  -168.35829  -170.20265  4.99985   768
1138.00  0.02220  0.02168  0.05094  0.80968  -168.49409  -170.41017  4.99985   768
1139.00  0.02219  0.02168  0.05142  0.80968  -167.76930  -169.74336  4.99985   768
1140.00  0.02220  0.02168  0.05218  0.80968  -166.60505  -168.58064  4.99985   768
1141.00  0.02221  0.02168  0.05292  0.80968  -165.44538  -167.39350  4.99985   768
1142.00  0.02220  0.02168  0.05340  0.80968  -164.72669  -166.64887  4.99985   768
1143.00  0.02219  0.02168  0.05346  0.80968  -164.52528  -166.39405  4.99985   768
1144.00  0.02219  0.02168  0.05308  0.80968  -165.05323  -166.87623  4.99985   768
1145.00  0.02220  0.02168  0.05248  0.80968  -165.94435  -167.75361  4.99985   768
1146.00  0.02219  0.02168  0.05188  0.80968  -166.90870  -168.73323  4.99985   768
1147.00  0.02219  0.02168  0.05150  0.80968  -167.50532  -169.35273  4.99985   768
1148.00  0.02219  0.02168  0.05156  0.80968  -167.51905  -169.40919  4.99985   768
1149.00  0.02220  0.02168  0.05191  0.80968  -166.98652  -168.90718  4.99985   768
1150.00  0.02219  0.02168  0.05237  0.80968  -166.25715  -168.17018  4.99985   768
1151.00  0.02220  0.02168  0.05276  0.80968  -165.67121  -167.60408  4.99985   768
1152.00  0.02219  0.02168  0.05288  0.80968  -165.43775  -167.32026  4.99985   768
1153.00  0.02219  0.02168  0.05270  0.80968  -165.71241  -167.57661  4.99985   768
1154.00  0.02220  0.02168  0.05220  0.80968  -166.41432  -168.25105  4.99985   768
1155.00  0.02220  0.02168  0.05152  0.80968  -167.45954  -169.27949  4.99985   768
1156.00  0.02219  0.02168  0.05099  0.80968  -168.28657  -170.14466  4.99985   768
1157.00  0.02219  0.02168  0.05078  0.80968  -168.70466  -170.58107  4.99985   768
1158.00  0.02220  0.02168  0.05101  0.80968  -168.35371  -170.28047  4.99985   768
1159.00  0.02218  0.02168  0.05156  0.80968  -167.52973  -169.47480  4.99985   768
1160.00  0.02220  0.02168  0.05220  0.80968  -166.56996  -168.50282  4.99985   768
1161.00  0.02219  0.02168  0.05244  0.80968  -166.16102  -168.03590  4.99985   768
1162.00  0.02219  0.02168  0.05235  0.80968  -166.24189  -168.08778  4.99985   768
1163.00  0.02219  0.02168  0.05178  0.80968  -167.02314  -168.84156  4.99985   768
1164.00  0.02220  0.02168  0.05116  0.80968  -167.97834  -169.79524  4.99985   768
1165.00  0.02220  0.02168  0.05048  0.80968  -169.03120  -170.83741  4.99985   768
1166.00  0.02220  0.02168  0.05011  0.80968  -169.65986  -171.52864  4.99985   768
1167.00  0.02219  0.02168  0.05029  0.80968  -169.46607  -171.37605  4.99985   768
1168.00  0.02220  0.02168  0.05082  0.80968  -168.67262  -170.63600  4.99985   768
1169.00  0.02219  0.02168  0.05160  0.80968  -167.52668  -169.48854  4.99985   768
1170.00  0.02220  0.02168  0.05211  0.80968  -166.61421  -168.54707  4.99985   768
1171.00  0.02219  0.02168  0.05237  0.80968  -166.21595  -168.11677  4.99985   768
1172.00  0.02219  0.02168  0.05218  0.80968  -166.45094  -168.33497  4.99985   768
1173.00  0.02219  0.02168  0.05165  0.80968  -167.28865  -169.10096  4.99985   768
1174.00  0.02219  0.02168  0.05099  0.80968  -168.22248  -170.07295  4.99985   768
1175.00  0.02220  0.02168  0.05050  0.80968  -169.00679  -170.83894  4.99985   768
1176.00  0.02220  0.02168  0.05035  0.80968  -169.31654  -171.17463  4.99985   768
1177.00  0.02219  0.02168  0.05058  0.80968  -169.00373  -170.90455  4.99985   768
1178.00  0.02219  0.02168  0.05102  0.80968  -168.36744  -170.29725  4.99985   768
1179.00  0.02220  0.02168  0.05155  0.80968  -167.47175  -169.39088  4.99985   768
1180.00  0.02220  0.02168  0.05172  0.80968  -167.24897  -169.12538  4.99985   768
1181.00  0.02219  0.02168  0.05179  0.80968  -167.10096  -168.97126  4.99985   768
1182.00  0.02220  0.02168  0.05145  0.80968  -167.61518  -169.45649  4.99985   768
1183.00  0.02218  0.02168  0.05091  0.80968  -168.38880  -170.20875  4.99985   768
1184.00  0.02220  0.02168  0.05044  0.80968  -169.12275  -170.95338  4.99985   768
1185.00  0.02218  0.02168  0.05014  0.80968  -169.65834  -171.53016  4.99985   768
1186.00  0.02219  0.02168  0.05019  0.80968  -169.56831  -171.49049  4.99985   768
1187.00  0.02218  0.02168  0.05051  0.80968  -169.11817  -171.04493  4.99985   768
1188.00  0.02221  0.02168  0.04929  0.80968  -170.06422  -171.26313  4.99985   768
1189.00  0.02224  0.02168  0.03184  0.80968  -196.31086  -196.72548  4.99985   768
1190.00  0.02223  0.02168  0.02644  0.80968  -206.37098  -208.46406  4.99985   768
1191.00  0.02224  0.02168  0.02524  0.80968  -206.83180  -207.80946  4.99985   768
1192.00  0.02224  0.02168  0.01593  0.80968  -221.53822  -222.71425  4.99985   768
1193.00  0.02222  0.02168  0.01619  0.80968  -222.37898  -224.79097  4.99985   768
1194.00  0.02223  0.02168  0.01370  0.80968  -224.78834  -225.90791  4.99985   768
1195.00  0.02223  0.02168  0.00908  0.80968  -232.49403  -234.12019  4.99985   768
1196.00  0.02223  0.02168  0.01319  0.80968  -226.98408  -229.45711  4.99985   768
1197.00  0.02223  0.02168  0.00973  0.80968  -231.09328  -232.36543  4.99985   768
1198.00  0.02223  0.02168  0.00914  0.80968  -233.00062  -235.15932  4.99985   768
1199.00  0.02222  0.02168  0.01450  0.80968  -224.46791  -226.49843  4.99985   768
1200.00  0.02224  0.02168  0.00760  0.80968  -234.44258  -235.73762  4.99985   768
1201.00  0.02222  0.02168  0.00921  0.80968  -233.10133  -235.45381  4.99985   768
1202.00  0.02223  0.02168  0.01085  0.80968  -229.52772  -231.03487  4.99985   768
1203.00  0.02223  0.02168  0.00585  0.80968  -237.60725  -239.39363  4.99985   768
1204.00  0.02224  0.02168  0.00940  0.80968  -232.66798  -234.97621  4.99985   768
1205.00  0.02222  0.02168  0.00804  0.80968  -233.80934  -235.22493  4.99985   768
1206.00  0.02224  0.02168  0.00751  0.80968  -235.46950  -237.67396  4.99985   768
1207.00  0.02222  0.02168  0.01131  0.80968  -229.47890  -231.58113  4.99985   768
1208.00  0.02223  0.02168  0.00843  0.80968  -233.40193  -234.93043  4.99985   768
1209.00  0.02223  0.02168  0.00979  0.80968  -231.97523  -234.17818  4.99985   768
1210.00  0.02222  0.02168  0.01064  0.80968  -230.07857  -231.81001  4.99985   768
1211.00  0.02224  0.02168  0.00730  0.80968  -235.34743  -237.03157  4.99985   768
1212.00  0.02223  0.02168  0.00938  0.80968  -232.46657  -234.56270  4.99985   768
1213.00  0.02222  0.02168  0.00807  0.80968  -233.93294  -235.52400  4.99985   768
1214.00  0.02223  0.02168  0.00702  0.80968  -236.08443  -238.10731  4.99985   768
1215.00  0.02223  0.02168  0.00941  0.80968  -232.27431  -234.25905  4.99985   768
1216.00  0.02223  0.02168  0.00835  0.80968  -233.70406  -235.45076  4.99985   768
1217.00  0.02222  0.02168  0.00990  0.80968  -231.82875  -234.01338  4.99985   768
1218.00  0.02223  0.02168  0.01098  0.80968  -229.66505  -231.46821  4.99985   768
1219.00  0.02224  0.02168  0.00938  0.80968  -232.20869  -234.02254  4.99985   768
1220.00  0.02221  0.02168  0.01063  0.80968  -230.48598  -232.51802  4.99985   768
1221.00  0.02223  0.02168  0.00928  0.80968  -232.16444  -233.81654  4.99985   768
1222.00  0.02220  0.02168  0.00804  0.80968  -234.36171  -236.26863  4.99985   768
1223.00  0.02222  0.02168  0.00921  0.80968  -232.53828  -234.46809  4.99985   768
1224.00  0.02221  0.02168  0.00768  0.80968  -234.70961  -236.43190  4.99985   768
1225.00  0.02223  0.02168  0.00838  0.80968  -234.01991  -236.09468  4.99985   768
1226.00  0.02222  0.02168  0.00962  0.80968  -231.87758  -233.75551  4.99985   768
1227.00  0.02223  0.02168  0.00898  0.80968  -232.88771  -234.75496  4.99985   768
1228.00  0.02222  0.02168  0.01027  0.80968  -230.99409  -233.00478  4.99985   768
1229.00  0.02223  0.02168  0.00962  0.80968  -231.69295  -233.39693  4.99985   768
1230.00  0.02223  0.02168  0.00857  0.80968  -233.52248  -235.37752  4.99985   768
1231.00  0.02223  0.02168  0.00892  0.80968  -232.91365  -234.77479  4.99985   768
1232.00  0.02223  0.02168  0.00776  0.80968  -234.64552  -236.41511  4.99985   768
1233.00  0.02224  0.02168  0.00813  0.80968  -234.32509  -236.33729  4.99985   768
1234.00  0.02224  0.02168  0.00896  0.80968  -232.87855  -234.77327  4.99985   768
1235.00  0.02222  0.02168  0.00887  0.80968  -233.10438  -235.01741  4.99985   768
1236.00  0.02223  0.02168  0.01002  0.80968  -231.42134  -233.42439  4.99985   768
1237.00  0.02222  0.02168  0.01005  0.80968  -231.13295  -232.97426  4.99985   768
1238.00  0.02222  0.02168  0.00962  0.80968  -231.90962  -233.80434  4.99985   768
1239.00  0.02221  0.02168  0.00954  0.80968  -231.97829  -233.83028  4.99985   768
1240.00  0.02221  0.02168  0.00842  0.80968  -233.59877  -235.36989  4.99985   768
1241.00  0.02223  0.02168  0.00819  0.80968  -234.15877  -236.08705  4.99985   768
1242.00  0.02224  0.02168  0.00809  0.80968  -234.19081  -236.02602  4.99985   768
1243.00  0.02223  0.02168  0.00811  0.80968  -234.29152  -236.20912  4.99985   768
1244.00  0.02221  0.02168  0.00912  0.80968  -232.78395  -234.76869  4.99985   768
1245.00  0.02222  0.02168  0.00966  0.80968  -231.82265  -233.71126  4.99985   768
1246.00  0.02223  0.02168  0.01009  0.80968  -231.25502  -233.19704  4.99985   768
1247.00  0.02223  0.02168  0.01056  0.80968  -230.44325  -232.32118  4.99985   768
1248.00  0.02222  0.02168  0.00998  0.80968  -231.26112  -233.08565  4.99985   768
1249.00  0.02223  0.02168  0.00962  0.80968  -231.86079  -233.72346  4.99985   768
1250.00  0.02222  0.02168  0.00907  0.80968  -232.64509  -234.44368  4.99985   768
1251.00  0.02223  0.02168  0.00834  0.80968  -233.83375  -235.70100  4.99985   768
1252.00  0.02222  0.02168  0.00850  0.80968  -233.62318  -235.53316  4.99985   768
1253.00  0.02221  0.02168  0.00858  0.80968  -233.49501  -235.39125  4.99985   768
1254.00  0.02223  0.02168  0.00906  0.80968  -232.86787  -234.84804  4.99985   768
1255.00  0.02223  0.02168  0.00978  0.80968  -231.67158  -233.59834  4.99985   768
1256.00  0.02221  0.02168  0.00975  0.80968  -231.70058  -233.59224  4.99985   768
1257.00  0.02223  0.02168  0.00975  0.80968  -231.68074  -233.55714  4.99985   768
1258.00  0.02222  0.02168  0.00917  0.80968  -232.49861  -234.31245  4.99985   768
1259.00  0.02223  0.02168  0.00851  0.80968  -233.53163  -235.35310  4.99985   768
1260.00  0.02222  0.02168  0.00815  0.80968  -234.12367  -235.96193  4.99985   768
1261.00  0.02223  0.02168  0.00789  0.80968  -234.53718  -236.39680  4.99985   768
1262.00  0.02223  0.02168  0.00817  0.80968  -234.17403  -236.10689  4.99985   768
1263.00  0.02223  0.02168  0.00889  0.80968  -233.04793  -234.97011  4.99985   768
1264.00  0.02222  0.02168  0.00953  0.80968  -232.09578  -234.03780  4.99985   768
1265.00  0.02223  0.02168  0.01011  0.80968  -231.15889  -233.07191  4.99985   768
1266.00  0.02222  0.02168  0.01009  0.80968  -231.13600  -232.98799  4.99985   768
1267.00  0.02222  0.02168  0.00974  0.80968  -231.69295  -233.55104  4.99985   768
1268.00  0.02222  0.02168  0.00924  0.80968  -232.40706  -234.22853  4.99985   768
1269.00  0.02223  0.02168  0.00835  0.80968  -233.75288  -235.56978  4.99985   768
1270.00  0.02222  0.02168  0.00792  0.80968  -234.51277  -236.40291  4.99985   768
1271.00  0.02223  0.02168  0.00809  0.80968  -234.33119  -236.25032  4.99985   768
1272.00  0.02221  0.02168  0.00845  0.80968  -233.70100  -235.62929  4.99985   768
1273.00  0.02222  0.02168  0.00917  0.80968  -232.71681  -234.67256  4.99985   768
1274.00  0.02222  0.02168  0.00976  0.80968  -231.76771  -233.69600  4.99985   768
1275.00  0.02223  0.02168  0.01017  0.80968  -231.09480  -233.02003  4.99985   768
1276.00  0.02222  0.02168  0.01023  0.80968  -230.93001  -232.78657  4.99985   768
1277.00  0.02222  0.02168  0.00975  0.80968  -231.64107  -233.47017  4.99985   768
1278.00  0.02223  0.02168  0.00917  0.80968  -232.52150  -234.34145  4.99985   768
1279.00  0.02222  0.02168  0.00870  0.80968  -233.23561  -235.06319  4.99985   768
1280.00  0.02221  0.02168  0.00843  0.80968  -233.69795  -235.56825  4.99985   768
1281.00  0.02224  0.02168  0.00871  0.80968  -233.33937  -235.26460  4.99985   768
1282.00  0.02222  0.02168  0.00915  0.80968  -232.65883  -234.59322  4.99985   768
1283.00  0.02222  0.02168  0.00962  0.80968  -231.93404  -233.84553  4.99985   768
1284.00  0.02223  0.02168  0.00991  0.80968  -231.47932  -233.38472  4.99985   768
1285.00  0.02223  0.02168  0.00980  0.80968  -231.63954  -233.50069  4.99985   768
1286.00  0.02224  0.02168  0.00953  0.80968  -231.97371  -233.85164  4.99985   768
1287.00  0.02222  0.02168  0.00915  0.80968  -232.58253  -234.43300  4.99985   768
1288.00  0.02221  0.02168  0.00839  0.80968  -233.74373  -235.58046  4.99985   768
1289.00  0.02221  0.02168  0.00813  0.80968  -234.20607  -236.08095  4.99985   768
1290.00  0.02221  0.02168  0.00828  0.80968  -233.94972  -235.86885  4.99985   768
1291.00  0.02222  0.02168  0.00870  0.80968  -233.36836  -235.32411  4.99985   768
1292.00  0.02221  0.02168  0.00937  0.80968  -232.35365  -234.28957  4.99985   768
1293.00  0.02222  0.02168  0.00985  0.80968  -231.55562  -233.47475  4.99985   768
1294.00  0.02221  0.02168  0.01020  0.80968  -231.05665  -232.95900  4.99985   768
1295.00  0.02223  0.02168  0.01004  0.80968  -231.20924  -233.05360  4.99985   768
1296.00  0.02223  0.02168  0.00948  0.80968  -232.05916  -233.85927  4.99985   768
1297.00  0.02221  0.02168  0.00878  0.80968  -233.10744  -234.92280  4.99985   768
1298.00  0.02223  0.02168  0.00822  0.80968  -233.99245  -235.82613  4.99985   768
1299.00  0.02222  0.02168  0.00815  0.80968  -234.21522  -236.10994  4.99985   768
1300.00  0.02222  0.02168  0.00843  0.80968  -233.78187  -235.70253  4.99985   768
1301.00  0.02222  0.02168  0.00897  0.80968  -232.90449  -234.83888  4.99985   768
1302.00  0.02222  0.02168  0.00963  0.80968  -231.96455  -233.92030  4.99985   768
1303.00  0.02222  0.02168  0.00998  0.80968  -231.35268  -233.27333  4.99985   768
1304.00  0.02222  0.02168  0.01007  0.80968  -231.27028  -233.17567  4.99985   768
1305.00  0.02223  0.02168  0.00980  0.80968  -231.61360  -233.47322  4.99985   768
1306.00  0.02222  0.02168  0.00918  0.80968  -232.48183  -234.30177  4.99985   768
1307.00  0.02223  0.02168  0.00869  0.80968  -233.26765  -235.10896  4.99985   768
1308.00  0.02222  0.02168  0.00842  0.80968  -233.72084  -235.59572  4.99985   768
1309.00  0.02222  0.02168  0.00842  0.80968  -233.77425  -235.67354  4.99985   768
1310.00  0.02223  0.02168  0.00889  0.80968  -233.06624  -234.99147  4.99985   768
1311.00  0.02223  0.02168  0.00939  0.80968  -232.28499  -234.21022  4.99985   768
1312.00  0.02222  0.02168  0.00986  0.80968  -231.56325  -233.46864  4.99985   768
1313.00  0.02222  0.02168  0.00993  0.80968  -231.40913  -233.28554  4.99985   768
1314.00  0.02222  0.02168  0.00958  0.80968  -231.86995  -233.70515  4.99985   768
1315.00  0.02223  0.02168  0.00893  0.80968  -232.86177  -234.68629  4.99985   768
1316.00  0.02223  0.02168  0.00841  0.80968  -233.71626  -235.54994  4.99985   768
1317.00  0.02221  0.02168  0.00810  0.80968  -234.19691  -236.07484  4.99985   768
1318.00  0.02221  0.02168  0.00797  0.80968  -234.41969  -236.30830  4.99985   768
1319.00  0.02224  0.02168  0.00833  0.80968  -233.93904  -235.87495  4.99985   768
1320.00  0.02222  0.02168  0.00887  0.80968  -233.15626  -235.10896  4.99985   768
1321.00  0.02223  0.02168  0.00961  0.80968  -232.04390  -234.00270  4.99985   768
1322.00  0.02220  0.02168  0.01010  0.80968  -231.16347  -233.08717  4.99985   768
1323.00  0.02223  0.02168  0.01016  0.80968  -231.08107  -232.95900  4.99985   768
1324.00  0.02222  0.02168  0.00972  0.80968  -231.74940  -233.58308  4.99985   768
1325.00  0.02222  0.02168  0.00892  0.80968  -232.85719  -234.66646  4.99985   768
1326.00  0.02223  0.02168  0.00841  0.80968  -233.73610  -235.58961  4.99985   768
1327.00  0.02223  0.02168  0.00807  0.80968  -234.26100  -236.11146  4.99985   768
1328.00  0.02222  0.02168  0.00812  0.80968  -234.23048  -236.09926  4.99985   768
1329.00  0.02224  0.02168  0.00843  0.80968  -233.78645  -235.70863  4.99985   768
1330.00  0.02222  0.02168  0.00904  0.80968  -232.80989  -234.73665  4.99985   768
1331.00  0.02222  0.02168  0.00975  0.80968  -231.74940  -233.67769  4.99985   768
1332.00  0.02222  0.02168  0.01002  0.80968  -231.30690  -233.20161  4.99985   768
1333.00  0.02222  0.02168  0.00978  0.80968  -231.55867  -233.41829  4.99985   768
1334.00  0.02221  0.02168  0.00925  0.80968  -232.41316  -234.24226  4.99985   768
1335.00  0.02221  0.02168  0.00867  0.80968  -233.28291  -235.14558  4.99985   768
1336.00  0.02221  0.02168  0.00836  0.80968  -233.83681  -235.70100  4.99985   768
1337.00  0.02221  0.02168  0.00830  0.80968  -233.93751  -235.84138  4.99985   768
1338.00  0.02221  0.02168  0.00853  0.80968  -233.63844  -235.56520  4.99985   768
1339.00  0.02221  0.02168  0.00906  0.80968  -232.82362  -234.78090  4.99985   768
1340.00  0.02223  0.02168  0.00969  0.80968  -231.82722  -233.76466  4.99985   768
1341.00  0.02221  0.02168  0.01003  0.80968  -231.31605  -233.22755  4.99985   768
1342.00  0.02222  0.02168  0.00989  0.80968  -231.41524  -233.28249  4.99985   768
1343.00  0.02222  0.02168  0.00931  0.80968  -232.29262  -234.09578  4.99985   768
1344.00  0.02222  0.02168  0.00852  0.80968  -233.53468  -235.34700  4.99985   768
1345.00  0.02222  0.02168  0.00808  0.80968  -234.19691  -236.02907  4.99985   768
1346.00  0.02220  0.02168  0.00776  0.80968  -234.76149  -236.61043  4.99985   768
1347.00  0.02223  0.02168  0.00800  0.80968  -234.40749  -236.33119  4.99985   768
1348.00  0.02222  0.02168  0.00856  0.80968  -233.60182  -235.53163  4.99985   768
1349.00  0.02223  0.02168  0.00939  0.80968  -232.36433  -234.32924  4.99985   768
1350.00  0.02224  0.02168  0.00996  0.80968  -231.40456  -233.34962  4.99985   768
1351.00  0.02222  0.02168  0.01012  0.80968  -231.13753  -233.02919  4.99985   768
1352.00  0.02222  0.02168  0.00981  0.80968  -231.60902  -233.46101  4.99985   768
1353.00  0.02223  0.02168  0.00924  0.80968  -232.39943  -234.22853  4.99985   768
1354.00  0.02220  0.02168  0.00868  0.80968  -233.33937  -235.17000  4.99985   768
1355.00  0.02223  0.02168  0.00829  0.80968  -233.91463  -235.77882  4.99985   768
1356.00  0.02222  0.02168  0.00818  0.80968  -234.13435  -236.02754  4.99985   768
1357.00  0.02223  0.02168  0.00845  0.80968  -233.76509  -235.68880  4.99985   768
1358.00  0.02222  0.02168  0.00901  0.80968  -232.91212  -234.85109  4.99985   768
1359.00  0.02223  0.02168  0.00967  0.80968  -231.89436  -233.82112  4.99985   768
1360.00  0.02221  0.02168  0.01009  0.80968  -231.20161  -233.08107  4.99985   768
1361.00  0.02221  0.02168  0.00998  0.80968  -231.29011  -233.13600  4.99985   768
1362.00  0.02222  0.02168  0.00944  0.80968  -232.11104  -233.94472  4.99985   768
1363.00  0.02222  0.02168  0.00885  0.80968  -233.01588  -234.83125  4.99985   768
1364.00  0.02221  0.02168  0.00845  0.80968  -233.65065  -235.49348  4.99985   768
1365.00  0.02224  0.02168  0.00823  0.80968  -234.00160  -235.89632  4.99985   768
1366.00  0.02223  0.02168  0.00839  0.80968  -233.80476  -235.71321  4.99985   768
1367.00  0.02223  0.02168  0.00899  0.80968  -232.93043  -234.88771  4.99985   768
1368.00  0.02221  0.02168  0.00954  0.80968  -232.08662  -234.03017  4.99985   768
1369.00  0.02223  0.02168  0.01007  0.80968  -231.25197  -233.19093  4.99985   768
1370.00  0.02220  0.02168  0.01017  0.80968  -231.02309  -232.91017  4.99985   768
1371.00  0.02220  0.02168  0.00987  0.80968  -231.45186  -233.31758  4.99985   768
1372.00  0.02222  0.02168  0.00926  0.80968  -232.41621  -234.25447  4.99985   768
1373.00  0.02223  0.02168  0.00861  0.80968  -233.37904  -235.19746  4.99985   768
1374.00  0.02223  0.02168  0.00812  0.80968  -234.18013  -236.05196  4.99985   768
1375.00  0.02223  0.02168  0.00809  0.80968  -234.23048  -236.12367  4.99985   768
1376.00  0.02222  0.02168  0.00842  0.80968  -233.81239  -235.74068  4.99985   768
1377.00  0.02221  0.02168  0.00905  0.80968  -232.81294  -234.75496  4.99985   768
1378.00  0.02222  0.02168  0.00981  0.80968  -231.65327  -233.59071  4.99985   768
1379.00  0.02224  0.02168  0.01019  0.80968  -231.08870  -232.96205  4.99985   768
1380.00  0.02221  0.02168  0.00998  0.80968  -231.27333  -233.11922  4.99985   768
1381.00  0.02222  0.02168  0.00957  0.80968  -231.90504  -233.72957  4.99985   768
1382.00  0.02223  0.02168  0.00897  0.80968  -232.84651  -234.67256  4.99985   768
1383.00  0.02221  0.02168  0.00855  0.80968  -233.52553  -235.38820  4.99985   768
1384.00  0.02221  0.02168  0.00818  0.80968  -234.08095  -235.93446  4.99985   768
1385.00  0.02222  0.02168  0.00818  0.80968  -234.15419  -236.06264  4.99985   768
1386.00  0.02222  0.02168  0.00854  0.80968  -233.57436  -235.51942  4.99985   768
1387.00  0.02221  0.02168  0.00930  0.80968  -232.50014  -234.46962  4.99985   768
1388.00  0.02221  0.02168  0.00997  0.80968  -231.39082  -233.34962  4.99985   768
1389.00  0.02221  0.02168  0.01015  0.80968  -231.09480  -232.97273  4.99985   768
1390.00  0.02222  0.02168  0.00978  0.80968  -231.63344  -233.45796  4.99985   768
1391.00  0.02222  0.02168  0.00913  0.80968  -232.59322  -234.42232  4.99985   768
1392.00  0.02223  0.02168  0.00859  0.80968  -233.40498  -235.24171  4.99985   768
1393.00  0.02223  0.02168  0.00826  0.80968  -233.95277  -235.81392  4.99985   768
1394.00  0.02221  0.02168  0.00822  0.80968  -234.06874  -235.95888  4.99985   768
1395.00  0.02223  0.02168  0.00849  0.80968  -233.64912  -235.57741  4.99985   768
1396.00  0.02220  0.02168  0.00915  0.80968  -232.66646  -234.60084  4.99985   768
1397.00  0.02222  0.02168  0.00992  0.80968  -231.51289  -233.45033  4.99985   768
1398.00  0.02222  0.02168  0.01034  0.80968  -230.77589  -232.67976  4.99985   768
1399.00  0.02220  0.02168  0.01012  0.80968  -231.07497  -232.92848  4.99985   768
1400.00  0.02223  0.02168  0.00949  0.80968  -232.02559  -233.84859  4.99985   768
1401.00  0.02222  0.02168  0.00888  0.80968  -233.01436  -234.85414  4.99985   768
1402.00  0.02221  0.02168  0.00837  0.80968  -233.75899  -235.61861  4.99985   768
1403.00  0.02221  0.02168  0.00815  0.80968  -234.12520  -235.99550  4.99985   768
1404.00  0.02222  0.02168  0.00818  0.80968  -234.16640  -236.07179  4.99985   768
1405.00  0.02223  0.02168  0.00865  0.80968  -233.44160  -235.37294  4.99985   768
1406.00  0.02222  0.02168  0.00933  0.80968  -232.47572  -234.44520  4.99985   768
1407.00  0.02223  0.02168  0.00987  0.80968  -231.54188  -233.45491  4.99985   768
1408.00  0.02222  0.02168  0.01013  0.80968  -231.13142  -233.03529  4.99985   768
1409.00  0.02223  0.02168  0.00974  0.80968  -231.68227  -233.50526  4.99985   768
1410.00  0.02221  0.02168  0.00912  0.80968  -232.59627  -234.41774  4.99985   768
1411.00  0.02223  0.02168  0.00859  0.80968  -233.41719  -235.25392  4.99985   768
1412.00  0.02223  0.02168  0.00824  0.80968  -233.98482  -235.81087  4.99985   768
1413.00  0.02221  0.02168  0.00814  0.80968  -234.14656  -236.00770  4.99985   768
1414.00  0.02221  0.02168  0.00842  0.80968  -233.80934  -235.73915  4.99985   768
1415.00  0.02222  0.02168  0.00895  0.80968  -233.00520  -234.93501  4.99985   768
1416.00  0.02222  0.02168  0.00961  0.80968  -231.98897  -233.92335  4.99985   768
1417.00  0.02222  0.02168  0.00981  0.80968  -231.56172  -233.44575  4.99985   768
1418.00  0.02221  0.02168  0.00968  0.80968  -231.79213  -233.64717  4.99985   768
1419.00  0.02221  0.02168  0.00927  0.80968  -232.41011  -234.26057  4.99985   768
1420.00  0.02221  0.02168  0.00864  0.80968  -233.32564  -235.15932  4.99985   768
1421.00  0.02221  0.02168  0.00821  0.80968  -234.01533  -235.88258  4.99985   768
1422.00  0.02222  0.02168  0.00809  0.80968  -234.30525  -236.22133  4.99985   768
1423.00  0.02222  0.02168  0.00831  0.80968  -233.93294  -235.83223  4.99985   768
1424.00  0.02220  0.02168  0.00889  0.80968  -233.09065  -235.03114  4.99985   768
1425.00  0.02223  0.02168  0.00960  0.80968  -231.97829  -233.92488  4.99985   768
1426.00  0.02221  0.02168  0.01000  0.80968  -231.36030  -233.25807  4.99985   768
1427.00  0.02221  0.02168  0.00996  0.80968  -231.30690  -233.17720  4.99985   768
1428.00  0.02221  0.02168  0.00958  0.80968  -231.90962  -233.72041  4.99985   768
1429.00  0.02222  0.02168  0.00908  0.80968  -232.65730  -234.48030  4.99985   768
1430.00  0.02222  0.02168  0.00850  0.80968  -233.58198  -235.40193  4.99985   768
1431.00  0.02221  0.02168  0.00811  0.80968  -234.16640  -236.00313  4.99985   768
1432.00  0.02221  0.02168  0.00806  0.80968  -234.28847  -236.18013  4.99985   768
1433.00  0.02221  0.02168  0.00846  0.80968  -233.74068  -235.67506  4.99985   768
1434.00  0.02223  0.02168  0.00917  0.80968  -232.63441  -234.60237  4.99985   768
1435.00  0.02220  0.02168  0.00985  0.80968  -231.56020  -233.49763  4.99985   768
1436.00  0.02222  0.02168  0.01007  0.80968  -231.21535  -233.13295  4.99985   768
1437.00  0.02221  0.02168  0.00984  0.80968  -231.55867  -233.42134  4.99985   768
1438.00  0.02221  0.02168  0.00943  0.80968  -232.12935  -233.97829  4.99985   768
1439.00  0.02223  0.02168  0.00891  0.80968  -232.90297  -234.74275  4.99985   768
1440.00  0.02221  0.02168  0.00839  0.80968  -233.75746  -235.61555  4.99985   768
1441.00  0.02222  0.02168  0.00816  0.80968  -234.12215  -235.98939  4.99985   768
1442.00  0.02222  0.02168  0.00836  0.80968  -233.88258  -235.79561  4.99985   768
1443.00  0.02221  0.02168  0.00893  0.80968  -233.05098  -234.98842  4.99985   768
1444.00  0.02221  0.02168  0.00959  0.80968  -231.99049  -233.92030  4.99985   768
1445.00  0.02222  0.02168  0.00994  0.80968  -231.36488  -233.26723  4.99985   768
1446.00  0.02221  0.02168  0.00994  0.80968  -231.33284  -233.21229  4.99985   768
1447.00  0.02222  0.02168  0.00948  0.80968  -232.06221  -233.87605  4.99985   768
1448.00  0.02222  0.02168  0.00892  0.80968  -232.90755  -234.71986  4.99985   768
1449.00  0.02221  0.02168  0.00837  0.80968  -233.73610  -235.57741  4.99985   768
1450.00  0.02222  0.02168  0.00808  0.80968  -234.20149  -236.06569  4.99985   768
1451.00  0.02221  0.02168  0.00809  0.80968  -234.29762  -236.21828  4.99985   768
1452.00  0.02222  0.02168  0.00855  0.80968  -233.62776  -235.59419  4.99985   768
1453.00  0.02220  0.02168  0.00930  0.80968  -232.43910  -234.38112  4.99985   768
1454.00  0.02221  0.02168  0.00987  0.80968  -231.55714  -233.50069  4.99985   768
1455.00  0.02222  0.02168  0.01013  0.80968  -231.15431  -233.05665  4.99985   768
1456.00  0.02221  0.02168  0.00994  0.80968  -231.34962  -233.19551  4.99985   768
1457.00  0.02221  0.02168  0.00938  0.80968  -232.20259  -234.03169  4.99985   768
1458.00  0.02221  0.02168  0.00868  0.80968  -233.31801  -235.12575  4.99985   768
1459.00  0.02221  0.02168  0.00815  0.80968  -234.12672  -235.97261  4.99985   768
1460.00  0.02222  0.02168  0.00797  0.80968  -234.43648  -236.31746  4.99985   768
1461.00  0.02222  0.02168  0.00831  0.80968  -233.92531  -235.83833  4.99985   768
1462.00  0.02223  0.02168  0.00901  0.80968  -232.94569  -234.89076  4.99985   768
1463.00  0.02222  0.02168  0.00965  0.80968  -231.84859  -233.77687  4.99985   768
1464.00  0.02222  0.02168  0.01002  0.80968  -231.29317  -233.19398  4.99985   768
1465.00  0.02221  0.02168  0.01014  0.80968  -231.11006  -232.96510  4.99985   768
1466.00  0.02222  0.02168  0.00983  0.80968  -231.54036  -233.39387  4.99985   768
1467.00  0.02223  0.02168  0.00914  0.80968  -232.55049  -234.35823  4.99985   768
1468.00  0.02221  0.02168  0.00849  0.80968  -233.61861  -235.46297  4.99985   768
1469.00  0.02222  0.02168  0.00811  0.80968  -234.18471  -236.04738  4.99985   768
1470.00  0.02221  0.02168  0.00831  0.80968  -233.94820  -235.88716  4.99985   768
1471.00  0.02222  0.02168  0.00876  0.80968  -233.28596  -235.24934  4.99985   768
1472.00  0.02221  0.02168  0.00951  0.80968  -232.16749  -234.15224  4.99985   768
1473.00  0.02223  0.02168  0.01009  0.80968  -231.24129  -233.17567  4.99985   768
1474.00  0.02221  0.02168  0.01021  0.80968  -230.93458  -232.80946  4.99985   768
1475.00  0.02222  0.02168  0.00999  0.80968  -231.27180  -233.11616  4.99985   768
1476.00  0.02222  0.02168  0.00941  0.80968  -232.16597  -233.97981  4.99985   768
1477.00  0.02222  0.02168  0.00869  0.80968  -233.24019  -235.04488  4.99985   768
1478.00  0.02221  0.02168  0.00812  0.80968  -234.16182  -235.98024  4.99985   768
1479.00  0.02221  0.02168  0.00797  0.80968  -234.36629  -236.23659  4.99985   768
1480.00  0.02221  0.02168  0.00824  0.80968  -234.07637  -235.99397  4.99985   768
1481.00  0.02222  0.02168  0.00890  0.80968  -233.07082  -234.99910  4.99985   768
1482.00  0.02221  0.02168  0.00964  0.80968  -231.93251  -233.88673  4.99985   768
1483.00  0.02223  0.02168  0.01009  0.80968  -231.19704  -233.09633  4.99985   768
1484.00  0.02221  0.02168  0.01012  0.80968  -231.11159  -232.99562  4.99985   768
1485.00  0.02221  0.02168  0.00977  0.80968  -231.63191  -233.48695  4.99985   768
1486.00  0.02222  0.02168  0.00915  0.80968  -232.52608  -234.34450  4.99985   768
1487.00  0.02222  0.02168  0.00842  0.80968  -233.70863  -235.53926  4.99985   768
1488.00  0.02222  0.02168  0.00809  0.80968  -234.23964  -236.12062  4.99985   768
1489.00  0.02221  0.02168  0.00803  0.80968  -234.33577  -236.21828  4.99985   768
1490.00  0.02221  0.02168  0.00856  0.80968  -233.63081  -235.57741  4.99985   768
1491.00  0.02222  0.02168  0.00924  0.80968  -232.61610  -234.56880  4.99985   768
1492.00  0.02220  0.02168  0.00975  0.80968  -231.71889  -233.65327  4.99985   768
1493.00  0.02221  0.02168  0.00993  0.80968  -231.41371  -233.29622  4.99985   768
1494.00  0.02220  0.02168  0.00983  0.80968  -231.54494  -233.38930  4.99985   768
1495.00  0.02223  0.02168  0.00939  0.80968  -232.22090  -234.05763  4.99985   768
1496.00  0.02221  0.02168  0.00872  0.80968  -233.18068  -235.00978  4.99985   768
1497.00  0.02221  0.02168  0.00824  0.80968  -233.93141  -235.74525  4.99985   768
1498.00  0.02220  0.02168  0.00805  0.80968  -234.31288  -236.17555  4.99985   768
1499.00  0.02221  0.02168  0.00838  0.80968  -233.85054  -235.78493  4.99985   768
1500.00  0.02219  0.02168  0.00898  0.80968  -232.94874  -234.89381  4.99985   768
1501.00  0.02221  0.02168  0.00960  0.80968  -231.99965  -233.93709  4.99985   768
1502.00  0.02221  0.02168  0.00995  0.80968  -231.40150  -233.31911  4.99985   768
1503.00  0.02221  0.02168  0.01002  0.80968  -231.26112  -233.15584  4.99985   768
1504.00  0.02220  0.02168  0.00961  0.80968  -231.87758  -233.72041  4.99985   768
1505.00  0.02221  0.02168  0.00907  0.80968  -232.66951  -234.51234  4.99985   768
1506.00  0.02221  0.02168  0.00843  0.80968  -233.67049  -235.50569  4.99985   768
1507.00  0.02221  0.02168  0.00811  0.80968  -234.20607  -236.06569  4.99985   768
1508.00  0.02222  0.02168  0.00813  0.80968  -234.22438  -236.11604  4.99985   768
1509.00  0.02222  0.02168  0.00866  0.80968  -233.40041  -235.34242  4.99985   768
1510.00  0.02221  0.02168  0.00931  0.80968  -232.45741  -234.40553  4.99985   768
1511.00  0.02223  0.02168  0.00978  0.80968  -231.66853  -233.56172  4.99985   768
1512.00  0.02221  0.02168  0.00994  0.80968  -231.39845  -233.27943  4.99985   768
1513.00  0.02221  0.02168  0.00978  0.80968  -231.59071  -233.45033  4.99985   768
1514.00  0.02220  0.02168  0.00926  0.80968  -232.36433  -234.17360  4.99985   768
1515.00  0.02223  0.02168  0.00866  0.80968  -233.31648  -235.13948  4.99985   768
1516.00  0.02222  0.02168  0.00819  0.80968  -234.05806  -235.89021  4.99985   768
1517.00  0.02221  0.02168  0.00810  0.80968  -234.25642  -236.16640  4.99985   768
1518.00  0.02221  0.02168  0.00841  0.80968  -233.78798  -235.72389  4.99985   768
1519.00  0.02221  0.02168  0.00897  0.80968  -232.97316  -234.92433  4.99985   768
1520.00  0.02220  0.02168  0.00949  0.80968  -232.16444  -234.09273  4.99985   768
1521.00  0.02221  0.02168  0.00981  0.80968  -231.61513  -233.53273  4.99985   768
1522.00  0.02221  0.02168  0.00979  0.80968  -231.60139  -233.46254  4.99985   768
1523.00  0.02222  0.02168  0.00942  0.80968  -232.17818  -234.04237  4.99985   768
1524.00  0.02221  0.02168  0.00891  0.80968  -232.96858  -234.79616  4.99985   768
1525.00  0.02223  0.02168  0.00841  0.80968  -233.71321  -235.54536  4.99985   768
1526.00  0.02221  0.02168  0.00809  0.80968  -234.19997  -236.05806  4.99985   768
1527.00  0.02220  0.02168  0.00825  0.80968  -234.03822  -235.95583  4.99985   768
1528.00  0.02221  0.02168  0.00875  0.80968  -233.28902  -235.20662  4.99985   768
1529.00  0.02219  0.02168  0.00936  0.80968  -232.28651  -234.19191  4.99985   768
1530.00  0.02221  0.02168  0.00974  0.80968  -231.76466  -233.67006  4.99985   768
1531.00  0.02221  0.02168  0.00990  0.80968  -231.44728  -233.32674  4.99985   768
1532.00  0.02220  0.02168  0.00968  0.80968  -231.74635  -233.58461  4.99985   768
1533.00  0.02222  0.02168  0.00910  0.80968  -232.62984  -234.45589  4.99985   768
1534.00  0.02221  0.02168  0.00852  0.80968  -233.53468  -235.38515  4.99985   768
1535.00  0.02221  0.02168  0.00809  0.80968  -234.19844  -236.05653  4.99985   768
1536.00  0.02222  0.02168  0.00813  0.80968  -234.24574  -236.16182  4.99985   768
1537.00  0.02221  0.02168  0.00848  0.80968  -233.68574  -235.62776  4.99985   768
1538.00  0.02222  0.02168  0.00907  0.80968  -232.81142  -234.77632  4.99985   768
1539.00  0.02221  0.02168  0.00964  0.80968  -231.91267  -233.85011  4.99985   768
1540.00  0.02221  0.02168  0.00997  0.80968  -231.36183  -233.28706  4.99985   768
1541.00  0.02221  0.02168  0.00990  0.80968  -231.46864  -233.32979  4.99985   768
1542.00  0.02224  0.02168  0.00944  0.80968  -232.12477  -233.95235  4.99985   768
1543.00  0.02220  0.02168  0.00884  0.80968  -233.02809  -234.84804  4.99985   768
1544.00  0.02221  0.02168  0.00827  0.80968  -233.87953  -235.68727  4.99985   768
1545.00  0.02222  0.02168  0.00803  0.80968  -234.33272  -236.21217  4.99985   768
1546.00  0.02221  0.02168  0.00815  0.80968  -234.15877  -236.04585  4.99985   768
1547.00  0.02222  0.02168  0.00866  0.80968  -233.42940  -235.36989  4.99985   768
1548.00  0.02221  0.02168  0.00937  0.80968  -232.32466  -234.28957  4.99985   768
1549.00  0.02221  0.02168  0.00983  0.80968  -231.57240  -233.47017  4.99985   768
1550.00  0.02220  0.02168  0.00994  0.80968  -231.38777  -233.27791  4.99985   768
1551.00  0.02220  0.02168  0.00966  0.80968  -231.80891  -233.65327  4.99985   768
1552.00  0.02221  0.02168  0.00912  0.80968  -232.59322  -234.43452  4.99985   768
1553.00  0.02221  0.02168  0.00850  0.80968  -233.54689  -235.37447  4.99985   768
1554.00  0.02221  0.02168  0.00809  0.80968  -234.22438  -236.10384  4.99985   768
1555.00  0.02221  0.02168  0.00807  0.80968  -234.32204  -236.23659  4.99985   768
1556.00  0.02221  0.02168  0.00846  0.80968  -233.74373  -235.69032  4.99985   768
1557.00  0.02220  0.02168  0.00910  0.80968  -232.73207  -234.67561  4.99985   768
1558.00  0.02220  0.02168  0.00981  0.80968  -231.68379  -233.63649  4.99985   768
1559.00  0.02221  0.02168  0.01014  0.80968  -231.07191  -232.95747  4.99985   768
1560.00  0.02220  0.02168  0.01000  0.80968  -231.27028  -233.10548  4.99985   768
1561.00  0.02220  0.02168  0.00950  0.80968  -232.00423  -233.81502  4.99985   768
1562.00  0.02220  0.02168  0.00873  0.80968  -233.15779  -234.96706  4.99985   768
1563.00  0.02220  0.02168  0.00811  0.80968  -234.16182  -235.97261  4.99985   768
1564.00  0.02221  0.02168  0.00787  0.80968  -234.57533  -236.43495  4.99985   768
1565.00  0.02222  0.02168  0.00809  0.80968  -234.28847  -236.21980  4.99985   768
1566.00  0.02221  0.02168  0.00861  0.80968  -233.47670  -235.41872  4.99985   768
1567.00  0.02222  0.02168  0.00938  0.80968  -232.36891  -234.31703  4.99985   768
1568.00  0.02222  0.02168  0.00991  0.80968  -231.47475  -233.42134  4.99985   768
1569.00  0.02221  0.02168  0.01009  0.80968  -231.17262  -233.07191  4.99985   768
1570.00  0.02221  0.02168  0.00983  0.80968  -231.56782  -233.41371  4.99985   768
1571.00  0.02222  0.02168  0.00919  0.80968  -232.48640  -234.31398  4.99985   768
1572.00  0.02221  0.02168  0.00856  0.80968  -233.49806  -235.34395  4.99985   768
1573.00  0.02222  0.02168  0.00805  0.80968  -234.24879  -236.10841  4.99985   768
1574.00  0.02222  0.02168  0.00794  0.80968  -234.51582  -236.40749  4.99985   768
1575.00  0.02221  0.02168  0.00835  0.80968  -233.88258  -235.81239  4.99985   768
1576.00  0.02221  0.02168  0.00904  0.80968  -232.88313  -234.83430  4.99985   768
1577.00  0.02221  0.02168  0.00966  0.80968  -231.87453  -233.80434  4.99985   768
1578.00  0.02221  0.02168  0.01000  0.80968  -231.34199  -233.25349  4.99985   768
1579.00  0.02221  0.02168  0.01004  0.80968  -231.20314  -233.05055  4.99985   768
1580.00  0.02221  0.02168  0.00948  0.80968  -232.04237  -233.84401  4.99985   768
1581.00  0.02223  0.02168  0.00885  0.80968  -232.98994  -234.80989  4.99985   768
1582.00  0.02222  0.02168  0.00825  0.80968  -233.92836  -235.77272  4.99985   768
1583.00  0.02221  0.02168  0.00798  0.80968  -234.40749  -236.28541  4.99985   768
1584.00  0.02221  0.02168  0.00810  0.80968  -234.23201  -236.14809  4.99985   768
1585.00  0.02222  0.02168  0.00869  0.80968  -233.40346  -235.34853  4.99985   768
1586.00  0.02221  0.02168  0.00932  0.80968  -232.43452  -234.39943  4.99985   768
1587.00  0.02220  0.02168  0.00982  0.80968  -231.60750  -233.54341  4.99985   768
1588.00  0.02221  0.02168  0.01004  0.80968  -231.28249  -233.19246  4.99985   768
1589.00  0.02221  0.02168  0.00988  0.80968  -231.46406  -233.33742  4.99985   768
1590.00  0.02222  0.02168  0.00930  0.80968  -232.32008  -234.15529  4.99985   768
1591.00  0.02220  0.02168  0.00862  0.80968  -233.38515  -235.18678  4.99985   768
1592.00  0.02221  0.02168  0.00819  0.80968  -234.09468  -235.95125  4.99985   768
1593.00  0.02221  0.02168  0.00809  0.80968  -234.29152  -236.16182  4.99985   768
1594.00  0.02221  0.02168  0.00837  0.80968  -233.83223  -235.73610  4.99985   768
1595.00  0.02221  0.02168  0.00908  0.80968  -232.79921  -234.74275  4.99985   768
1596.00  0.02221  0.02168  0.00969  0.80968  -231.86232  -233.78145  4.99985   768
1597.00  0.02222  0.02168  0.00996  0.80968  -231.38014  -233.28859  4.99985   768
1598.00  0.02222  0.02168  0.00997  0.80968  -231.31911  -233.19704  4.99985   768
1599.00  0.02221  0.02168  0.00959  0.80968  -231.85469  -233.69142  4.99985   768
1600.00  0.02222  0.02168  0.00906  0.80968  -232.69392  -234.53065  4.99985   768
1601.00  0.02219  0.02168  0.00844  0.80968  -233.65675  -235.50111  4.99985   768
1602.00  0.02223  0.02168  0.00815  0.80968  -234.15266  -236.02449  4.99985   768
1603.00  0.02221  0.02168  0.00827  0.80968  -234.00465  -235.91768  4.99985   768
1604.00  0.02223  0.02168  0.00875  0.80968  -233.33021  -235.28291  4.99985   768
1605.00  0.02221  0.02168  0.00948  0.80968  -232.19038  -234.15071  4.99985   768
1606.00  0.02221  0.02168  0.00992  0.80968  -231.46559  -233.40303  4.99985   768
1607.00  0.02219  0.02168  0.01005  0.80968  -231.25197  -233.15126  4.99985   768
1608.00  0.02220  0.02168  0.00975  0.80968  -231.63039  -233.47932  4.99985   768
1609.00  0.02223  0.02168  0.00926  0.80968  -232.39027  -234.21785  4.99985   768
1610.00  0.02221  0.02168  0.00859  0.80968  -233.40346  -235.19899  4.99985   768
1611.00  0.02220  0.02168  0.00813  0.80968  -234.15724  -236.00313  4.99985   768
1612.00  0.02221  0.02168  0.00811  0.80968  -234.23354  -236.10231  4.99985   768
1613.00  0.02220  0.02168  0.00842  0.80968  -233.77119  -235.67659  4.99985   768
1614.00  0.02220  0.02168  0.00905  0.80968  -232.84651  -234.79463  4.99985   768
1615.00  0.02221  0.02168  0.00966  0.80968  -231.86842  -233.79823  4.99985   768
1616.00  0.02221  0.02168  0.01004  0.80968  -231.25960  -233.15736  4.99985   768
1617.00  0.02222  0.02168  0.00990  0.80968  -231.45033  -233.32979  4.99985   768
1618.00  0.02222  0.02168  0.00943  0.80968  -232.12172  -233.95082  4.99985   768
1619.00  0.02222  0.02168  0.00883  0.80968  -233.07387  -234.90449  4.99985   768
1620.00  0.02220  0.02168  0.00837  0.80968  -233.78645  -235.65065  4.99985   768
1621.00  0.02221  0.02168  0.00801  0.80968  -234.38002  -236.26558  4.99985   768
1622.00  0.02223  0.02168  0.00825  0.80968  -234.05806  -235.97108  4.99985   768
1623.00  0.02221  0.02168  0.00875  0.80968  -233.29970  -235.24477  4.99985   768
1624.00  0.02221  0.02168  0.00938  0.80968  -232.30330  -234.25905  4.99985   768
1625.00  0.02223  0.02168  0.00980  0.80968  -231.67769  -233.58308  4.99985   768
1626.00  0.02221  0.02168  0.00994  0.80968  -231.38014  -233.28096  4.99985   768
1627.00  0.02221  0.02168  0.00955  0.80968  -231.93556  -233.75093  4.99985   768
1628.00  0.02221  0.02168  0.00907  0.80968  -232.66951  -234.49251  4.99985   768
1629.00  0.02221  0.02168  0.00849  0.80968  -233.56215  -235.38057  4.99985   768
1630.00  0.02221  0.02168  0.00806  0.80968  -234.26100  -236.11299  4.99985   768
1631.00  0.02221  0.02168  0.00813  0.80968  -234.20912  -236.09010  4.99985   768
1632.00  0.02221  0.02168  0.00863  0.80968  -233.50416  -235.45076  4.99985   768
1633.00  0.02221  0.02168  0.00923  0.80968  -232.53828  -234.48640  4.99985   768
1634.00  0.02223  0.02168  0.00980  0.80968  -231.65785  -233.58308  4.99985   768
1635.00  0.02221  0.02168  0.00999  0.80968  -231.32368  -233.23213  4.99985   768
1636.00  0.02221  0.02168  0.00981  0.80968  -231.55562  -233.42287  4.99985   768
1637.00  0.02221  0.02168  0.00943  0.80968  -232.14613  -233.99507  4.99985   768
1638.00  0.02221  0.02168  0.00878  0.80968  -233.12117  -234.97011  4.99985   768
1639.00  0.02222  0.02168  0.00824  0.80968  -233.98329  -235.83833  4.99985   768
1640.00  0.02221  0.02168  0.00801  0.80968  -234.38765  -236.27321  4.99985   768
1641.00  0.02221  0.02168  0.00829  0.80968  -234.01839  -235.94209  4.99985   768
1642.00  0.02221  0.02168  0.00881  0.80968  -233.14864  -235.09065  4.99985   768
1643.00  0.02220  0.02168  0.00940  0.80968  -232.25752  -234.16444  4.99985   768
1644.00  0.02220  0.02168  0.00984  0.80968  -231.61513  -233.52815  4.99985   768
1645.00  0.02221  0.02168  0.00986  0.80968  -231.48390  -233.35573  4.99985   768
1646.00  0.02220  0.02168  0.00957  0.80968  -231.92946  -233.75093  4.99985   768
1647.00  0.02222  0.02168  0.00901  0.80968  -232.77785  -234.60084  4.99985   768
1648.00  0.02221  0.02168  0.00844  0.80968  -233.62776  -235.47060  4.99985   768
1649.00  0.02222  0.02168  0.00807  0.80968  -234.28694  -236.13130  4.99985   768
1650.00  0.02221  0.02168  0.00811  0.80968  -234.23048  -236.14503  4.99985   768
1651.00  0.02220  0.02168  0.00843  0.80968  -233.73305  -235.66896  4.99985   768
1652.00  0.02221  0.02168  0.00911  0.80968  -232.74580  -234.70308  4.99985   768
1653.00  0.02220  0.02168  0.00961  0.80968  -231.99049  -233.90657  4.99985   768
1654.00  0.02220  0.02168  0.00978  0.80968  -231.63039  -233.53120  4.99985   768
1655.00  0.02221  0.02168  0.00969  0.80968  -231.78450  -233.66853  4.99985   768
1656.00  0.02221  0.02168  0.00919  0.80968  -232.47420  -234.31398  4.99985   768
1657.00  0.02222  0.02168  0.00856  0.80968  -233.55452  -235.38972  4.99985   768
1658.00  0.02221  0.02168  0.00812  0.80968  -234.15114  -236.00313  4.99985   768
1659.00  0.02222  0.02168  0.00796  0.80968  -234.45174  -236.33882  4.99985   768
1660.00  0.02221  0.02168  0.00829  0.80968  -234.00160  -235.92378  4.99985   768
1661.00  0.02220  0.02168  0.00892  0.80968  -233.02199  -234.95637  4.99985   768
1662.00  0.02221  0.02168  0.00954  0.80968  -232.07594  -234.02254  4.99985   768
1663.00  0.02220  0.02168  0.00996  0.80968  -231.38014  -233.28249  4.99985   768
1664.00  0.02221  0.02168  0.01001  0.80968  -231.27486  -233.13905  4.99985   768
1665.00  0.02220  0.02168  0.00969  0.80968  -231.74330  -233.57240  4.99985   768
1666.00  0.02222  0.02168  0.00899  0.80968  -232.83125  -234.64509  4.99985   768
1667.00  0.02221  0.02168  0.00836  0.80968  -233.74373  -235.57741  4.99985   768
1668.00  0.02220  0.02168  0.00810  0.80968  -234.23354  -236.10078  4.99985   768
1669.00  0.02220  0.02168  0.00818  0.80968  -234.15114  -236.05196  4.99985   768
1670.00  0.02220  0.02168  0.00865  0.80968  -233.44771  -235.41109  4.99985   768
1671.00  0.02222  0.02168  0.00932  0.80968  -232.42384  -234.36586  4.99985   768
1672.00  0.02221  0.02168  0.00989  0.80968  -231.54341  -233.48848  4.99985   768
1673.00  0.02220  0.02168  0.01019  0.80968  -231.03834  -232.94527  4.99985   768
1674.00  0.02221  0.02168  0.00993  0.80968  -231.38930  -233.23518  4.99985   768
1675.00  0.02222  0.02168  0.00943  0.80968  -232.17360  -234.01338  4.99985   768
1676.00  0.02222  0.02168  0.00873  0.80968  -233.11049  -234.91975  4.99985   768
1677.00  0.02221  0.02168  0.00814  0.80968  -234.11146  -235.94057  4.99985   768
1678.00  0.02220  0.02168  0.00800  0.80968  -234.38765  -236.25947  4.99985   768
1679.00  0.02220  0.02168  0.00830  0.80968  -233.96803  -235.87495  4.99985   768
1680.00  0.02220  0.02168  0.00885  0.80968  -233.15474  -235.08913  4.99985   768
1681.00  0.02221  0.02168  0.00954  0.80968  -232.06526  -234.00880  4.99985   768
1682.00  0.02221  0.02168  0.00995  0.80968  -231.41829  -233.31758  4.99985   768
1683.00  0.02220  0.02168  0.01001  0.80968  -231.25044  -233.14210  4.99985   768
1684.00  0.02222  0.02168  0.00962  0.80968  -231.86079  -233.69295  4.99985   768
1685.00  0.02220  0.02168  0.00898  0.80968  -232.80379  -234.63136  4.99985   768
1686.00  0.02220  0.02168  0.00831  0.80968  -233.85207  -235.67506  4.99985   768
1687.00  0.02220  0.02168  0.00793  0.80968  -234.51582  -236.40596  4.99985   768
1688.00  0.02221  0.02168  0.00803  0.80968  -234.33424  -236.23964  4.99985   768
1689.00  0.02221  0.02168  0.00858  0.80968  -233.58656  -235.53926  4.99985   768
1690.00  0.02220  0.02168  0.00925  0.80968  -232.55202  -234.50777  4.99985   768
1691.00  0.02219  0.02168  0.00977  0.80968  -231.68684  -233.61818  4.99985   768
1692.00  0.02221  0.02168  0.01002  0.80968  -231.32063  -233.20161  4.99985   768
1693.00  0.02221  0.02168  0.00988  0.80968  -231.45644  -233.32216  4.99985   768
1694.00  0.02221  0.02168  0.00931  0.80968  -232.30940  -234.12172  4.99985   768
1695.00  0.02220  0.02168  0.00868  0.80968  -233.27223  -235.08607  4.99985   768
1696.00  0.02221  0.02168  0.00817  0.80968  -234.01533  -235.84444  4.99985   768
1697.00  0.02220  0.02168  0.00800  0.80968  -234.39223  -236.27473  4.99985   768
1698.00  0.02219  0.02168  0.00835  0.80968  -233.93751  -235.84596  4.99985   768
1699.00  0.02220  0.02168  0.00907  0.80968  -232.80836  -234.76106  4.99985   768
1700.00  0.02222  0.02168  0.00978  0.80968  -231.69447  -233.63954  4.99985   768
1701.00  0.02221  0.02168  0.01012  0.80968  -231.16652  -233.08259  4.99985   768
1702.00  0.02221  0.02168  0.01011  0.80968  -231.10396  -232.97426  4.99985   768
1703.00  0.02222  0.02168  0.00978  0.80968  -231.62123  -233.48543  4.99985   768
1704.00  0.02221  0.02168  0.00907  0.80968  -232.65578  -234.47114  4.99985   768
1705.00  0.02222  0.02168  0.00854  0.80968  -233.54231  -235.40041  4.99985   768
1706.00  0.02221  0.02168  0.00808  0.80968  -234.25947  -236.11604  4.99985   768
1707.00  0.02222  0.02168  0.00823  0.80968  -234.07179  -235.96498  4.99985   768
1708.00  0.02221  0.02168  0.00873  0.80968  -233.33327  -235.28749  4.99985   768
1709.00  0.02221  0.02168  0.00932  0.80968  -232.43758  -234.37349  4.99985   768
1710.00  0.02221  0.02168  0.00979  0.80968  -231.65633  -233.56020  4.99985   768
1711.00  0.02221  0.02168  0.01000  0.80968  -231.31605  -233.20467  4.99985   768
1712.00  0.02221  0.02168  0.00982  0.80968  -231.54036  -233.37862  4.99985   768
1713.00  0.02221  0.02168  0.00922  0.80968  -232.42384  -234.23158  4.99985   768
1714.00  0.02221  0.02168  0.00858  0.80968  -233.44923  -235.26765  4.99985   768
1715.00  0.02221  0.02168  0.00807  0.80968  -234.23048  -236.05196  4.99985   768
1716.00  0.02220  0.02168  0.00797  0.80968  -234.43037  -236.31288  4.99985   768
1717.00  0.02220  0.02168  0.00828  0.80968  -234.00008  -235.91768  4.99985   768
1718.00  0.02221  0.02168  0.00890  0.80968  -233.07082  -235.01588  4.99985   768
1719.00  0.02220  0.02168  0.00953  0.80968  -232.06679  -234.00270  4.99985   768
1720.00  0.02219  0.02168  0.00990  0.80968  -231.49916  -233.42439  4.99985   768
1721.00  0.02220  0.02168  0.00984  0.80968  -231.55714  -233.43202  4.99985   768
1722.00  0.02221  0.02168  0.00949  0.80968  -232.03017  -233.87910  4.99985   768
1723.00  0.02220  0.02168  0.00883  0.80968  -233.02962  -234.83583  4.99985   768
1724.00  0.02220  0.02168  0.00822  0.80968  -233.96040  -235.80781  4.99985   768
1725.00  0.02221  0.02168  0.00791  0.80968  -234.50362  -236.38155  4.99985   768
1726.00  0.02221  0.02168  0.00809  0.80968  -234.28236  -236.19844  4.99985   768
1727.00  0.02221  0.02168  0.00861  0.80968  -233.50264  -235.44160  4.99985   768
1728.00  0.02220  0.02168  0.00930  0.80968  -232.45436  -234.39180  4.99985   768
1729.00  0.02221  0.02168  0.00977  0.80968  -231.69142  -233.59071  4.99985   768
1730.00  0.02221  0.02168  0.00997  0.80968  -231.37556  -233.25960  4.99985   768
1731.00  0.02221  0.02168  0.00967  0.80968  -231.77992  -233.60750  4.99985   768
1732.00  0.02220  0.02168  0.00916  0.80968  -232.53371  -234.37501  4.99985   768
1733.00  0.02221  0.02168  0.00858  0.80968  -233.42787  -235.26002  4.99985   768
1734.00  0.02221  0.02168  0.00810  0.80968  -234.17250  -236.02602  4.99985   768
1735.00  0.02222  0.02168  0.00801  0.80968  -234.40901  -236.32356  4.99985   768
1736.00  0.02221  0.02168  0.00831  0.80968  -233.94820  -235.87648  4.99985   768
1737.00  0.02221  0.02168  0.00900  0.80968  -232.93654  -234.91975  4.99985   768
1738.00  0.02222  0.02168  0.00959  0.80968  -232.00728  -233.97523  4.99985   768
1739.00  0.02221  0.02168  0.00999  0.80968  -231.33131  -233.23823  4.99985   768
1740.00  0.02221  0.02168  0.00995  0.80968  -231.38624  -233.26265  4.99985   768
1741.00  0.02220  0.02168  0.00958  0.80968  -231.89589  -233.74330  4.99985   768
1742.00  0.02221  0.02168  0.00892  0.80968  -232.88618  -234.70003  4.99985   768
1743.00  0.02221  0.02168  0.00828  0.80968  -233.89632  -235.73152  4.99985   768
1744.00  0.02220  0.02168  0.00802  0.80968  -234.37392  -236.23506  4.99985   768
1745.00  0.02221  0.02168  0.00818  0.80968  -234.10384  -236.01381  4.99985   768
1746.00  0.02220  0.02168  0.00879  0.80968  -233.23256  -235.16084  4.99985   768
1747.00  0.02222  0.02168  0.00942  0.80968  -232.27125  -234.20412  4.99985   768
1748.00  0.02222  0.02168  0.00984  0.80968  -231.55867  -233.46864  4.99985   768
1749.00  0.02220  0.02168  0.01004  0.80968  -231.28859  -233.18178  4.99985   768
1750.00  0.02220  0.02168  0.00982  0.80968  -231.55714  -233.41218  4.99985   768
1751.00  0.02222  0.02168  0.00926  0.80968  -232.37044  -234.20106  4.99985   768
1752.00  0.02221  0.02168  0.00856  0.80968  -233.45534  -235.28139  4.99985   768
1753.00  0.02221  0.02168  0.00808  0.80968  -234.23659  -236.09010  4.99985   768
1754.00  0.02221  0.02168  0.00795  0.80968  -234.43495  -236.34035  4.99985   768
1755.00  0.02223  0.02168  0.00836  0.80968  -233.90089  -235.83986  4.99985   768
1756.00  0.02221  0.02168  0.00897  0.80968  -232.95790  -234.91060  4.99985   768
1757.00  0.02218  0.02168  0.00954  0.80968  -232.05000  -233.97829  4.99985   768
1758.00  0.02220  0.02168  0.00986  0.80968  -231.55409  -233.45338  4.99985   768
1759.00  0.02221  0.02168  0.00976  0.80968  -231.65480  -233.52815  4.99985   768
1760.00  0.02221  0.02168  0.00935  0.80968  -232.22090  -234.03780  4.99985   768
1761.00  0.02221  0.02168  0.00877  0.80968  -233.13032  -234.94417  4.99985   768
1762.00  0.02221  0.02168  0.00831  0.80968  -233.90089  -235.72999  4.99985   768
1763.00  0.02221  0.02168  0.00798  0.80968  -234.38917  -236.24574  4.99985   768
1764.00  0.02220  0.02168  0.00822  0.80968  -234.08247  -235.99245  4.99985   768
1765.00  0.02221  0.02168  0.00872  0.80968  -233.32869  -235.25545  4.99985   768
1766.00  0.02222  0.02168  0.00943  0.80968  -232.24074  -234.20564  4.99985   768
1767.00  0.02221  0.02168  0.00989  0.80968  -231.51137  -233.43202  4.99985   768
1768.00  0.02220  0.02168  0.01003  0.80968  -231.25044  -233.15126  4.99985   768
1769.00  0.02221  0.02168  0.00975  0.80968  -231.63801  -233.47780  4.99985   768
1770.00  0.02220  0.02168  0.00929  0.80968  -232.36739  -234.21327  4.99985   768
1771.00  0.02221  0.02168  0.00857  0.80968  -233.43703  -235.27681  4.99985   768
1772.00  0.02221  0.02168  0.00818  0.80968  -234.09926  -235.95735  4.99985   768
1773.00  0.02221  0.02168  0.00814  0.80968  -234.12062  -236.02602  4.99985   768
1774.00  0.02221  0.02168  0.00850  0.80968  -233.69185  -235.62471  4.99985   768
1775.00  0.02220  0.02168  0.00918  0.80968  -232.66646  -234.62984  4.99985   768
1776.00  0.02221  0.02168  0.00975  0.80968  -231.70515  -233.63039  4.99985   768
1777.00  0.02221  0.02168  0.01009  0.80968  -231.19093  -233.09480  4.99985   768
1778.00  0.02219  0.02168  0.00994  0.80968  -231.33131  -233.17720  4.99985   768
1779.00  0.02221  0.02168  0.00952  0.80968  -231.96760  -233.77992  4.99985   768
1780.00  0.02219  0.02168  0.00886  0.80968  -232.98994  -234.79768  4.99985   768
1781.00  0.02221  0.02168  0.00831  0.80968  -233.88258  -235.72542  4.99985   768
1782.00  0.02221  0.02168  0.00813  0.80968  -234.13435  -235.99092  4.99985   768
1783.00  0.02221  0.02168  0.00834  0.80968  -233.90242  -235.83223  4.99985   768
1784.00  0.02220  0.02168  0.00882  0.80968  -233.17915  -235.10744  4.99985   768
1785.00  0.02221  0.02168  0.00947  0.80968  -232.19954  -234.15834  4.99985   768
1786.00  0.02221  0.02168  0.00991  0.80968  -231.50679  -233.42439  4.99985   768
1787.00  0.02221  0.02168  0.01001  0.80968  -231.28706  -233.18330  4.99985   768
1788.00  0.02222  0.02168  0.00967  0.80968  -231.77534  -233.62123  4.99985   768
1789.00  0.02222  0.02168  0.00902  0.80968  -232.76259  -234.58559  4.99985   768
1790.00  0.02220  0.02168  0.00839  0.80968  -233.70711  -235.56062  4.99985   768
1791.00  0.02223  0.02168  0.00803  0.80968  -234.32509  -236.17708  4.99985   768
1792.00  0.02220  0.02168  0.00813  0.80968  -234.22896  -236.12520  4.99985   768
1793.00  0.02221  0.02168  0.00853  0.80968  -233.60030  -235.53010  4.99985   768
1794.00  0.02220  0.02168  0.00921  0.80968  -232.60084  -234.53218  4.99985   768
1795.00  0.02221  0.02168  0.00975  0.80968  -231.74788  -233.67311  4.99985   768
1796.00  0.02220  0.02168  0.01005  0.80968  -231.21535  -233.08870  4.99985   768
1797.00  0.02221  0.02168  0.00989  0.80968  -231.47322  -233.32826  4.99985   768
1798.00  0.02220  0.02168  0.00938  0.80968  -232.21785  -234.04695  4.99985   768
1799.00  0.02221  0.02168  0.00880  0.80968  -233.07234  -234.88618  4.99985   768
1800.00  0.02221  0.02168  0.00820  0.80968  -234.01839  -235.83986  4.99985   768
1801.00  0.02221  0.02168  0.00797  0.80968  -234.42274  -236.31441  4.99985   768
1802.00  0.02220  0.02168  0.00820  0.80968  -234.12062  -236.04890  4.99985   768
1803.00  0.02222  0.02168  0.00880  0.80968  -233.24171  -235.19899  4.99985   768
1804.00  0.02221  0.02168  0.00935  0.80968  -232.36891  -234.32619  4.99985   768
1805.00  0.02220  0.02168  0.00981  0.80968  -231.64870  -233.56477  4.99985   768
1806.00  0.02221  0.02168  0.00994  0.80968  -231.38167  -233.29317  4.99985   768
1807.00  0.02222  0.02168  0.00965  0.80968  -231.81044  -233.65938  4.99985   768
1808.00  0.02221  0.02168  0.00906  0.80968  -232.67409  -234.50624  4.99985   768
1809.00  0.02222  0.02168  0.00845  0.80968  -233.65065  -235.47670  4.99985   768
1810.00  0.02221  0.02168  0.00803  0.80968  -234.30525  -236.15724  4.99985   768
1811.00  0.02220  0.02168  0.00804  0.80968  -234.35866  -236.24422  4.99985   768
1812.00  0.02221  0.02168  0.00857  0.80968  -233.58351  -235.52705  4.99985   768
1813.00  0.02221  0.02168  0.00915  0.80968  -232.69697  -234.62678  4.99985   768
1814.00  0.02222  0.02168  0.00973  0.80968  -231.73415  -233.63191  4.99985   768
1815.00  0.02221  0.02168  0.00993  0.80968  -231.41066  -233.30537  4.99985   768
1816.00  0.02221  0.02168  0.00981  0.80968  -231.55257  -233.41829  4.99985   768
1817.00  0.02220  0.02168  0.00929  0.80968  -232.34602  -234.18733  4.99985   768
1818.00  0.02220  0.02168  0.00873  0.80968  -233.18983  -235.02199  4.99985   768
1819.00  0.02220  0.02168  0.00814  0.80968  -234.12978  -235.97871  4.99985   768
1820.00  0.02220  0.02168  0.00798  0.80968  -234.42885  -236.34035  4.99985   768
1821.00  0.02222  0.02168  0.00820  0.80968  -234.13435  -236.05653  4.99985   768
1822.00  0.02221  0.02168  0.00887  0.80968  -233.13032  -235.09676  4.99985   768
1823.00  0.02222  0.02168  0.00942  0.80968  -232.26363  -234.19343  4.99985   768
1824.00  0.02223  0.02168  0.00990  0.80968  -231.48848  -233.42439  4.99985   768
1825.00  0.02221  0.02168  0.00984  0.80968  -231.51289  -233.37251  4.99985   768
1826.00  0.02221  0.02168  0.00955  0.80968  -231.97371  -233.80128  4.99985   768
1827.00  0.02221  0.02168  0.00901  0.80968  -232.78548  -234.60695  4.99985   768
1828.00  0.02219  0.02168  0.00829  0.80968  -233.84749  -235.65675  4.99985   768
1829.00  0.02221  0.02168  0.00796  0.80968  -234.41206  -236.25947  4.99985   768
1830.00  0.02221  0.02168  0.00797  0.80968  -234.43037  -236.34187  4.99985   768
1831.00  0.02220  0.02168  0.00847  0.80968  -233.70558  -235.64302  4.99985   768
1832.00  0.02221  0.02168  0.00921  0.80968  -232.58253  -234.53828  4.99985   768
1833.00  0.02221  0.02168  0.00973  0.80968  -231.81502  -233.72957  4.99985   768
1834.00  0.02221  0.02168  0.00989  0.80968  -231.46559  -233.36183  4.99985   768
1835.00  0.02220  0.02168  0.00972  0.80968  -231.71278  -233.57851  4.99985   768
1836.00  0.02221  0.02168  0.00929  0.80968  -232.35823  -234.19343  4.99985   768
1837.00  0.02221  0.02168  0.00869  0.80968  -233.28444  -235.13338  4.99985   768
1838.00  0.02221  0.02168  0.00815  0.80968  -234.12062  -235.97108  4.99985   768
1839.00  0.02221  0.02168  0.00804  0.80968  -234.32509  -236.21980  4.99985   768
1840.00  0.02221  0.02168  0.00834  0.80968  -233.91920  -235.86275  4.99985   768
1841.00  0.02220  0.02168  0.00893  0.80968  -233.04793  -234.98537  4.99985   768
1842.00  0.02221  0.02168  0.00950  0.80968  -232.17665  -234.11867  4.99985   768
1843.00  0.02220  0.02168  0.00991  0.80968  -231.44728  -233.35115  4.99985   768
1844.00  0.02221  0.02168  0.00989  0.80968  -231.46101  -233.31911  4.99985   768
1845.00  0.02222  0.02168  0.00952  0.80968  -231.99507  -233.82417  4.99985   768
1846.00  0.02220  0.02168  0.00899  0.80968  -232.81294  -234.62678  4.99985   768
1847.00  0.02221  0.02168  0.00835  0.80968  -233.77425  -235.59724  4.99985   768
1848.00  0.02220  0.02168  0.00799  0.80968  -234.38460  -236.25490  4.99985   768
1849.00  0.02221  0.02168  0.00817  0.80968  -234.09621  -236.01381  4.99985   768
1850.00  0.02220  0.02168  0.00858  0.80968  -233.56367  -235.47517  4.99985   768
1851.00  0.02218  0.02168  0.00919  0.80968  -232.61763  -234.56728  4.99985   768
1852.00  0.02221  0.02168  0.00974  0.80968  -231.76924  -233.72499  4.99985   768
1853.00  0.02221  0.02168  0.00990  0.80968  -231.46864  -233.35420  4.99985   768
1854.00  0.02221  0.02168  0.00970  0.80968  -231.75246  -233.62733  4.99985   768
1855.00  0.02219  0.02168  0.00926  0.80968  -232.36433  -234.20412  4.99985   768
1856.00  0.02220  0.02168  0.00861  0.80968  -233.39278  -235.23561  4.99985   768
1857.00  0.02221  0.02168  0.00802  0.80968  -234.30373  -236.15266  4.99985   768
1858.00  0.02220  0.02168  0.00788  0.80968  -234.58144  -236.48836  4.99985   768
1859.00  0.02221  0.02168  0.00825  0.80968  -234.06721  -235.99550  4.99985   768
1860.00  0.02220  0.02168  0.00896  0.80968  -232.95180  -234.91212  4.99985   768
1861.00  0.02220  0.02168  0.00959  0.80968  -232.01643  -233.93404  4.99985   768
1862.00  0.02220  0.02168  0.00997  0.80968  -231.36336  -233.26875  4.99985   768
1863.00  0.02219  0.02168  0.00996  0.80968  -231.38930  -233.25502  4.99985   768
1864.00  0.02221  0.02168  0.00950  0.80968  -232.01491  -233.83790  4.99985   768
1865.00  0.02221  0.02168  0.00893  0.80968  -232.85414  -234.68019  4.99985   768
1866.00  0.02219  0.02168  0.00836  0.80968  -233.82002  -235.67659  4.99985   768
1867.00  0.02220  0.02168  0.00801  0.80968  -234.33119  -236.18471  4.99985   768
1868.00  0.02219  0.02168  0.00811  0.80968  -234.25947  -236.18471  4.99985   768
1869.00  0.02221  0.02168  0.00853  0.80968  -233.64607  -235.59724  4.99985   768
1870.00  0.02220  0.02168  0.00926  0.80968  -232.52760  -234.48793  4.99985   768
1871.00  0.02220  0.02168  0.00976  0.80968  -231.75703  -233.69905  4.99985   768
1872.00  0.02221  0.02168  0.00997  0.80968  -231.40761  -233.31300  4.99985   768
1873.00  0.02219  0.02168  0.00986  0.80968  -231.47322  -233.34047  4.99985   768
1874.00  0.02221  0.02168  0.00923  0.80968  -232.42079  -234.24684  4.99985   768
1875.00  0.02221  0.02168  0.00856  0.80968  -233.48280  -235.30580  4.99985   768
1876.00  0.02219  0.02168  0.00805  0.80968  -234.25490  -236.10078  4.99985   768
1877.00  0.02221  0.02168  0.00797  0.80968  -234.43648  -236.32661  4.99985   768
1878.00  0.02220  0.02168  0.00822  0.80968  -234.06721  -235.97871  4.99985   768
1879.00  0.02220  0.02168  0.00884  0.80968  -233.15932  -235.09370  4.99985   768
1880.00  0.02221  0.02168  0.00951  0.80968  -232.14003  -234.07747  4.99985   768
1881.00  0.02220  0.02168  0.00988  0.80968  -231.51594  -233.42134  4.99985   768
1882.00  0.02219  0.02168  0.00998  0.80968  -231.33131  -233.20924  4.99985   768
1883.00  0.02221  0.02168  0.00958  0.80968  -231.90352  -233.73720  4.99985   768
1884.00  0.02221  0.02168  0.00891  0.80968  -232.89839  -234.71071  4.99985   768
1885.00  0.02220  0.02168  0.00825  0.80968  -233.92989  -235.78493  4.99985   768
1886.00  0.02221  0.02168  0.00797  0.80968  -234.41511  -236.27931  4.99985   768
1887.00  0.02220  0.02168  0.00809  0.80968  -234.28847  -236.20912  4.99985   768
1888.00  0.02219  0.02168  0.00862  0.80968  -233.48891  -235.44618  4.99985   768
1889.00  0.02220  0.02168  0.00931  0.80968  -232.45283  -234.41011  4.99985   768
1890.00  0.02220  0.02168  0.00977  0.80968  -231.68227  -233.61055  4.99985   768
1891.00  0.02222  0.02168  0.01001  0.80968  -231.30995  -233.21535  4.99985   768
1892.00  0.02222  0.02168  0.00973  0.80968  -231.66548  -233.49306  4.99985   768
1893.00  0.02220  0.02168  0.00929  0.80968  -232.29719  -234.12477  4.99985   768
1894.00  0.02219  0.02168  0.00873  0.80968  -233.22493  -235.04182  4.99985   768
1895.00  0.02221  0.02168  0.00820  0.80968  -234.02754  -235.85817  4.99985   768
1896.00  0.02221  0.02168  0.00807  0.80968  -234.27931  -236.15266  4.99985   768
1897.00  0.02221  0.02168  0.00836  0.80968  -233.86427  -235.78035  4.99985   768
1898.00  0.02221  0.02168  0.00903  0.80968  -232.87245  -234.81447  4.99985   768
1899.00  0.02221  0.02168  0.00967  0.80968  -231.86384  -233.80739  4.99985   768
1900.00  0.02220  0.02168  0.00996  0.80968  -231.37862  -233.29011  4.99985   768
1901.00  0.02219  0.02168  0.00988  0.80968  -231.48238  -233.34657  4.99985   768
1902.00  0.02221  0.02168  0.00946  0.80968  -232.10646  -233.96150  4.99985   768
1903.00  0.02221  0.02168  0.00894  0.80968  -232.89534  -234.74580  4.99985   768
1904.00  0.02220  0.02168  0.00840  0.80968  -233.71168  -235.54689  4.99985   768
1905.00  0.02220  0.02168  0.00805  0.80968  -234.29762  -236.17860  4.99985   768
1906.00  0.02221  0.02168  0.00817  0.80968  -234.20302  -236.13283  4.99985   768
1907.00  0.02221  0.02168  0.00870  0.80968  -233.37904  -235.33174  4.99985   768
1908.00  0.02221  0.02168  0.00938  0.80968  -232.35823  -234.30788  4.99985   768
1909.00  0.02220  0.02168  0.00987  0.80968  -231.55867  -233.46712  4.99985   768
1910.00  0.02221  0.02168  0.01001  0.80968  -231.25960  -233.12685  4.99985   768
1911.00  0.02218  0.02168  0.00968  0.80968  -231.78297  -233.61970  4.99985   768
1912.00  0.02221  0.02168  0.00918  0.80968  -232.47877  -234.29872  4.99985   768
1913.00  0.02220  0.02168  0.00853  0.80968  -233.50569  -235.31801  4.99985   768
1914.00  0.02220  0.02168  0.00814  0.80968  -234.13893  -235.99092  4.99985   768
1915.00  0.02221  0.02168  0.00809  0.80968  -234.26710  -236.15877  4.99985   768
1916.00  0.02220  0.02168  0.00854  0.80968  -233.66133  -235.58961  4.99985   768
1917.00  0.02220  0.02168  0.00911  0.80968  -232.75496  -234.67714  4.99985   768
1918.00  0.02220  0.02168  0.00974  0.80968  -231.76161  -233.71889  4.99985   768
1919.00  0.02221  0.02168  0.00997  0.80968  -231.36793  -233.27486  4.99985   768
1920.00  0.02219  0.02168  0.00995  0.80968  -231.36488  -233.21992  4.99985   768
1921.00  0.02221  0.02168  0.00950  0.80968  -232.04695  -233.89436  4.99985   768
1922.00  0.02220  0.02168  0.00884  0.80968  -233.02809  -234.86330  4.99985   768
1923.00  0.02220  0.02168  0.00821  0.80968  -233.96498  -235.79713  4.99985   768
1924.00  0.02221  0.02168  0.00803  0.80968  -234.42427  -236.31135  4.99985   768
1925.00  0.02221  0.02168  0.00828  0.80968  -234.00008  -235.92073  4.99985   768
1926.00  0.02220  0.02168  0.00883  0.80968  -233.11964  -235.04945  4.99985   768
1927.00  0.02220  0.02168  0.00947  0.80968  -232.18886  -234.12477  4.99985   768
1928.00  0.02220  0.02168  0.00995  0.80968  -231.43965  -233.35573  4.99985   768
1929.00  0.02220  0.02168  0.00992  0.80968  -231.39387  -233.25349  4.99985   768
1930.00  0.02221  0.02168  0.00966  0.80968  -231.77687  -233.61207  4.99985   768
1931.00  0.02220  0.02168  0.00911  0.80968  -232.63289  -234.43910  4.99985   768
1932.00  0.02220  0.02168  0.00846  0.80968  -233.60640  -235.45839  4.99985   768
1933.00  0.02220  0.02168  0.00801  0.80968  -234.30678  -236.15877  4.99985   768
1934.00  0.02220  0.02168  0.00799  0.80968  -234.41359  -236.32356  4.99985   768
1935.00  0.02220  0.02168  0.00838  0.80968  -233.86275  -235.79561  4.99985   768
1936.00  0.02220  0.02168  0.00902  0.80968  -232.89839  -234.85261  4.99985   768
1937.00  0.02221  0.02168  0.00965  0.80968  -231.89894  -233.83638  4.99985   768
1938.00  0.02219  0.02168  0.00995  0.80968  -231.37709  -233.28706  4.99985   768
1939.00  0.02220  0.02168  0.00996  0.80968  -231.41676  -233.30537  4.99985   768
1940.00  0.02220  0.02168  0.00946  0.80968  -232.07594  -233.90352  4.99985   768
1941.00  0.02221  0.02168  0.00884  0.80968  -233.05556  -234.86330  4.99985   768
1942.00  0.02221  0.02168  0.00834  0.80968  -233.80781  -235.63539  4.99985   768
1943.00  0.02220  0.02168  0.00809  0.80968  -234.19691  -236.07027  4.99985   768
1944.00  0.02222  0.02168  0.00827  0.80968  -234.01991  -235.92989  4.99985   768
1945.00  0.02221  0.02168  0.00885  0.80968  -233.13338  -235.06319  4.99985   768
1946.00  0.02219  0.02168  0.00947  0.80968  -232.15071  -234.07442  4.99985   768
1947.00  0.02220  0.02168  0.00993  0.80968  -231.47780  -233.37709  4.99985   768
1948.00  0.02220  0.02168  0.01007  0.80968  -231.20772  -233.09480  4.99985   768
1949.00  0.02221  0.02168  0.00973  0.80968  -231.68837  -233.50832  4.99985   768
1950.00  0.02221  0.02168  0.00916  0.80968  -232.51234  -234.34297  4.99985   768
1951.00  0.02221  0.02168  0.00851  0.80968  -233.54536  -235.37294  4.99985   768
1952.00  0.02220  0.02168  0.00810  0.80968  -234.19081  -236.05958  4.99985   768
1953.00  0.02221  0.02168  0.00802  0.80968  -234.37697  -236.27779  4.99985   768
1954.00  0.02220  0.02168  0.00842  0.80968  -233.81850  -235.76967  4.99985   768
1955.00  0.02219  0.02168  0.00905  0.80968  -232.83583  -234.78548  4.99985   768
1956.00  0.02220  0.02168  0.00963  0.80968  -231.93709  -233.89741  4.99985   768
1957.00  0.02221  0.02168  0.00987  0.80968  -231.49916  -233.38167  4.99985   768
1958.00  0.02221  0.02168  0.00979  0.80968  -231.57240  -233.44728  4.99985   768
1959.00  0.02221  0.02168  0.00925  0.80968  -232.41316  -234.23769  4.99985   768
1960.00  0.02222  0.02168  0.00857  0.80968  -233.45076  -235.25239  4.99985   768
1961.00  0.02219  0.02168  0.00808  0.80968  -234.23811  -236.07332  4.99985   768
1962.00  0.02219  0.02168  0.00782  0.80968  -234.62263  -236.47310  4.99985   768
1963.00  0.02220  0.02168  0.00804  0.80968  -234.33882  -236.24879  4.99985   768
1964.00  0.02220  0.02168  0.00864  0.80968  -233.45991  -235.40803  4.99985   768
1965.00  0.02220  0.02168  0.00934  0.80968  -232.39485  -234.33687  4.99985   768
1966.00  0.02219  0.02168  0.00979  0.80968  -231.67158  -233.58766  4.99985   768
1967.00  0.02220  0.02168  0.00987  0.80968  -231.51594  -233.38319  4.99985   768
1968.00  0.02222  0.02168  0.00953  0.80968  -231.98134  -233.81502  4.99985   768
1969.00  0.02220  0.02168  0.00904  0.80968  -232.75648  -234.59016  4.99985   768
1970.00  0.02221  0.02168  0.00840  0.80968  -233.70253  -235.54842  4.99985   768
1971.00  0.02220  0.02168  0.00810  0.80968  -234.22591  -236.10994  4.99985   768
1972.00  0.02221  0.02168  0.00824  0.80968  -234.03975  -235.96803  4.99985   768
1973.00  0.02219  0.02168  0.00869  0.80968  -233.38820  -235.34242  4.99985   768
1974.00  0.02222  0.02168  0.00930  0.80968  -232.45283  -234.39332  4.99985   768
1975.00  0.02219  0.02168  0.00984  0.80968  -231.59376  -233.51442  4.99985   768
1976.00  0.02221  0.02168  0.01003  0.80968  -231.27333  -233.16652  4.99985   768
1977.00  0.02220  0.02168  0.00987  0.80968  -231.48085  -233.33131  4.99985   768
1978.00  0.02220  0.02168  0.00934  0.80968  -232.24226  -234.06984  4.99985   768
1979.00  0.02220  0.02168  0.00874  0.80968  -233.18526  -235.00520  4.99985   768
1980.00  0.02221  0.02168  0.00820  0.80968  -234.00008  -235.83375  4.99985   768
1981.00  0.02220  0.02168  0.00809  0.80968  -234.26253  -236.14198  4.99985   768
1982.00  0.02221  0.02168  0.00831  0.80968  -233.98939  -235.88716  4.99985   768
1983.00  0.02220  0.02168  0.00891  0.80968  -233.04030  -234.99300  4.99985   768
1984.00  0.02220  0.02168  0.00963  0.80968  -231.95692  -233.90199  4.99985   768
1985.00  0.02220  0.02168  0.00989  0.80968  -231.49763  -233.39845  4.99985   768
1986.00  0.02222  0.02168  0.00985  0.80968  -231.53426  -233.40761  4.99985   768
1987.00  0.02221  0.02168  0.00951  0.80968  -232.01643  -233.86232  4.99985   768
1988.00  0.02220  0.02168  0.00887  0.80968  -232.96858  -234.81142  4.99985   768
1989.00  0.02221  0.02168  0.00837  0.80968  -233.74373  -235.56520  4.99985   768
1990.00  0.02221  0.02168  0.00798  0.80968  -234.40749  -236.26405  4.99985   768
1991.00  0.02222  0.02168  0.00813  0.80968  -234.22896  -236.16029  4.99985   768
1992.00  0.02221  0.02168  0.00855  0.80968  -233.58198  -235.51027  4.99985   768
1993.00  0.02221  0.02168  0.00922  0.80968  -232.58559  -234.52608  4.99985   768
1994.00  0.02220  0.02168  0.00981  0.80968  -231.62428  -233.54188  4.99985   768
1995.00  0.02221  0.02168  0.01008  0.80968  -231.18635  -233.07039  4.99985   768
1996.00  0.02220  0.02168  0.00988  0.80968  -231.47017  -233.32674  4.99985   768
1997.00  0.02220  0.02168  0.00936  0.80968  -232.21175  -234.01186  4.99985   768
1998.00  0.02221  0.02168  0.00878  0.80968  -233.14253  -234.97163  4.99985   768
1999.00  0.02220  0.02168  0.00823  0.80968  -233.95888  -235.80019  4.99985   768
2000.00  0.02495  0.03340  0.00808  0.80968  -234.25947  -236.10231  4.99985   768
2001.00  0.03073  0.03340  0.00940  0.80968  -232.52150  -234.67409  4.99985   768
2002.00  0.03133  0.03340  0.01193  0.80968  -228.53438  -230.60609  4.99985   768
2003.00  0.03161  0.03340  0.01213  0.80968  -227.99269  -229.81721  4.99985   768
2004.00  0.03183  0.03340  0.01325  0.80968  -226.51106  -228.56142  4.99985   768
