ASI 600A Data File
Created: Wed May  8 15:29:47 2024
A/D Sampling Rate: 1000 Hz
Comment: Mouse CP512 Cell 4
Width 0.0364
Thick 0.0182
After Activation
Width 0.0
Thick 0.0
*** Setup Parameters ***
Length Controller: 315C
Force Transducer: 406A
Initial Length: 0.0334 mm
Minimum Length: -5 Lo
Maximum Length: 5 Lo
Fiber Length: 0.0334 mm
Initial Sarcomere Length: 0 um
Diameter: 1.91919 mm
Maximum Tetanic Tension: 3 mN
Calibrate FC step size:  -20 um
Calibrate FC ramp time:  100 ms
Calibrate FC hold time:  200 ms
Force Gain-Factor:       0.6
Force Integral-Constant: 0.26 ms
Force Filter-Constant:   0.2 ms
Constant Stiffness Range: 100
dF/dL measured at Force:  34522 adu
Fiber Stiffness (adu):    0
Fiber Stiffness (mN/mm):  0
SL Gain-Factor:           0.25
SL Integral-Constant:     0.1 ms
SL Filter-Constant:       0 ms
SL Stiffness (adu):       0.3
SL Stiffness (um/mm):     1
ADC0 Offset: -28.840 mv
ADC1 Offset: -28.840 mv
DAC0 Offset: 3.336 mv
DAC1 Offset: -3.588 mv
Panel 1 size: 2
Panel 2 size: 4
Panel 3 size: 2
Panel 4 size: 5
Panel 1 signal: 0
Panel 2 signal: 1
Panel 3 signal: 2
Panel 4 signal: 6
Background (0/1): 0
Length In color:  16395263
Force  In color:  16717330
SL     In color:  16771867
Aux1   In color:  1769257
Length Out color:  255
Force  Out color:  255
Stim   Out color:  16777215
Aux2   In  color:  16747283
Length Units: um
Force Units: mN
Time Units: ms
Sarcomere Length Units: um
Scope Display1: 0
Scope Display2: 2
AUX Channels Scope Display: 0
Scope Timebase: 1
Scope Vscale:   0
Scope Lunit:    1
Scope Lmin:     0.026370
Scope Lmax:     0.026470
Scope Funit:    0
Scope Fmin:     0.157780
Scope Fmax:     0.157960
Scope AUX1_min:     10.000000
Scope AUX1_max:     16.000000
Scope AUX2_min:     8.000000
Scope AUX2_max:     14.000000
Scope L Data Scale:     1.651868
Scope F Data Scale:     0.225000
Scope AUX1 Data Scale:     1.000000
Scope AUX2 Data Scale:     1.000000
Scope SL Data Scale:     1.000000
Scope Sunit:    0
Analysis Lunit: 4
Analysis Funit: 0
Analysis Tunit: 0
Analysis Channels: 101000000010000
Analysis Readout: 1
Analysis Gaussian Filter Kernel Size (Lin):     201
Analysis Gaussian Filter Kernel Size (Fin):     50
Analysis Gaussian Filter Kernel Size (Aux1):    201
Analysis Gaussian Filter Kernel Size (Aux2):    201
Analysis Gaussian Filter Standard Deviation (Lin):     1.0
Analysis Gaussian Filter Standard Deviation (Fin):     1.0
Analysis Gaussian Filter Standard Deviation (Aux1):    1.0
Analysis Gaussian Filter Standard Deviation (Aux2):    1.0
Aux1 Name: Aux1
Aux1 Units: C
Aux1 Scale (units/volt): 100.000000
Aux1 Offset (units): 2.000000
Aux2 Name: Aux2
Aux2 Units: mv
Aux2 Scale (units/volt): 100
Aux2 Offset (units): 0
 *** Cantilever Properties ***
Cantilever Stiffness Calculation Method: 2
Cantilever Stiffness (N/m): -1.000
Cantilever Length (um): 450.000
Cantilever Thickness (um): 2.000
Cantilever Width 1 (um): 50.000
Cantilever Width 2 (um): 50.000
Cantilever Elasticity (GPa): 160.000
 *** ASI804A Test Window Properties ***
ASI804A Vscale: 0
ASI804A Timebase: 0
ASI804A Sampling Rate: 0
ASI804A Scope L_min:     999.800000
ASI804A Scope L_max:     1000.200000
ASI804A Scope F_min:     -0.040000
ASI804A Scope F_max:     0.020000
ASI804A Scope log10Rario_min:     -0.063875
ASI804A Scope log10Ratio_max:     -0.063650
ASI804A Scope L Scale Units:    4
ASI804A Scope F Scale Units:    0
ASI804A Scope L Scale:     1.000000
ASI804A Scope F Scale:     1.000000
ASI804A Scope log10Ratio Scale:     0.500000
ASI804A Data Files Directory: /home/asi/data
ASI804A Data Files Name: atp_datafile
ASI804A Font: Liberation Sans
ASI804A Font Size: 24
ASI804A pCa Combo Size: 0
ASI804A pCa Combo Active: -1
 *** Additional devices ***
ASI802D Bath Controller: 0
ASI804A ATPase Controller: 1
*** Calibration Parameters ***
Model  LOoffset  LOscale  LIoffset  LIscale  FOoffset  FOscale  FIoffset  FIscale
Number 	mm        mm/v	   mm        mm/v     mN        mN/v     mN        mN/v
308B	 0	 0.2	 0	 0.2	 0	 1	 0	 1
312C	 0	 0.15	 0	 0.15	 0	 1	 0	 1
315C	 0	 0.15	 0	 0.15	 0	 1	 0	 1
318B	 0	 0.3	 0	 0.3	 0	 1	 0	 1
322C	 0	 0.3	 0	 0.3	 0	 1	 0	 1
340A	 0	 0.005	 0	 0.005	 0	 1	 0	 1
300C	 0	 0.5	 0	 0.5	 0	 50	 0	 50
300C-LR	 0	 0.5	 0	 0.5	 0	 100	 0	 100
305C	 0	 1	 0	 1	 0	 500	 0	 500
305C-LR	 0	 1	 0	 1	 0	 1000	 0	 1000
309C	 0	 1.25	 0	 1.25	 0	 2000	 0	 2000
310C	 0	 2	 0	 2	 0	 5000	 0	 5000
310C-LR	 0	 2	 0	 2	 0	 10000	 0	 10000
???	 0	 1	 0	 1	 0	 1	 0	 1
400A	 0	 1	 0	 1	 0	 5	 0	 5
402A	 0	 1	 0	 1	 0	 50	 0	 50
403A-CF	 0	 1	 0	 1	 0	 0.2	 0	 0.2
403A	 0	 1	 0	 1	 0	 0.5	 0	 0.5
404A	 0	 1	 0	 1	 0	 10	 0	 10
405A	 0	 1	 0	 1	 0	 1	 0	 1
406A	 0	 1	 0	 1	 0.16	 0.06497	 0.16	 0.06497
407A	 0	 1	 0	 1	 0	 100	 0	 100
470A	 0	 1	 0	 1	 0	 1	 0	 1
other	 0	 1	 0	 1	 0	 1	 0	 1
none	 0	 1	 0	 1	 0	 1	 0	 1
*** Test Protocol Parameters ***
A/D Sampling Rate: 1000 Hz
Comment: Length Discrete Sine protocol for stiffness testing
Minimum Length: -5.000 (Lo)
Maximum Length: 5.000 (Lo)
PD Deadband:    0.000000 mN
Stimulus 01: 0.3 ms 100.000 Hz 10.0 ms 50.000 Hz 0.100 s
Stimulus 02: 1.2 ms 100.000 Hz 20.0 ms 2.000 Hz 100.000 s
Stimulus 03: 1.3 ms 100.000 Hz 20.0 ms 2.000 Hz 100.000 s
Stimulus 04: 1.4 ms 100.000 Hz 20.0 ms 2.000 Hz 100.000 s
Stimulus 05: 1.5 ms 100.000 Hz 20.0 ms 2.000 Hz 100.000 s
Stimulus 06: 1.6 ms 100.000 Hz 20.0 ms 2.000 Hz 100.000 s
Stimulus 07: 1.7 ms 100.000 Hz 20.0 ms 2.000 Hz 100.000 s
Stimulus 08: 1.8 ms 100.000 Hz 20.0 ms 2.000 Hz 100.000 s
Stimulus 09: 1.9 ms 100.000 Hz 20.0 ms 2.000 Hz 100.000 s
Stimulus 10: 2.2 ms 100.000 Hz 20.0 ms 2.000 Hz 100.000 s
Time (ms)	Control Function	Options
      0.0	Data-Enable		
    200.0	Length-Step		 0.65 Lo
   2000.0	Length-Step		 1 Lo
   2005.0	Data-Disable		
      0.0	Stop		
*** Force and Length Signals vs Time ***
Time (ms)  Lin (mm)  Lout (mm)  Fin (mN)  Fout (mN)  Aux1 C  Aux2 mv  SL (um)   Stimulus/Triggers
0.00  0.03318  0.03340  0.01284  0.80968  -227.01308  -228.94289  4.99985   768
1.00  0.03319  0.03340  0.01310  0.80968  -226.52327  -228.42561  4.99985   768
2.00  0.03318  0.03340  0.01308  0.80968  -226.55379  -228.42103  4.99985   768
3.00  0.03319  0.03340  0.01264  0.80968  -227.20381  -229.02986  4.99985   768
4.00  0.03319  0.03340  0.01205  0.80968  -228.10866  -229.91029  4.99985   768
5.00  0.03318  0.03340  0.01150  0.80968  -228.96162  -230.79225  4.99985   768
6.00  0.03318  0.03340  0.01123  0.80968  -229.38124  -231.23781  4.99985   768
7.00  0.03317  0.03340  0.01133  0.80968  -229.30495  -231.19813  4.99985   768
8.00  0.03316  0.03340  0.01184  0.80968  -228.54811  -230.48097  4.99985   768
9.00  0.03318  0.03340  0.01256  0.80968  -227.47237  -229.42659  4.99985   768
10.00  0.03317  0.03340  0.01294  0.80968  -226.83607  -228.73231  4.99985   768
11.00  0.03317  0.03340  0.01309  0.80968  -226.54005  -228.44240  4.99985   768
12.00  0.03318  0.03340  0.01286  0.80968  -226.89406  -228.74452  4.99985   768
13.00  0.03316  0.03340  0.01231  0.80968  -227.70582  -229.54713  4.99985   768
14.00  0.03317  0.03340  0.01164  0.80968  -228.72816  -230.55269  4.99985   768
15.00  0.03316  0.03340  0.01130  0.80968  -229.29121  -231.18288  4.99985   768
16.00  0.03316  0.03340  0.01115  0.80968  -229.55672  -231.44685  4.99985   768
17.00  0.03317  0.03340  0.01153  0.80968  -229.02266  -230.94484  4.99985   768
18.00  0.03317  0.03340  0.01208  0.80968  -228.18648  -230.13154  4.99985   768
19.00  0.03318  0.03340  0.01268  0.80968  -227.25722  -229.18703  4.99985   768
20.00  0.03318  0.03340  0.01300  0.80968  -226.69417  -228.58125  4.99985   768
21.00  0.03318  0.03340  0.01296  0.80968  -226.74300  -228.61482  4.99985   768
22.00  0.03318  0.03340  0.01258  0.80968  -227.29079  -229.10768  4.99985   768
23.00  0.03317  0.03340  0.01191  0.80968  -228.27650  -230.05525  4.99985   768
24.00  0.03318  0.03340  0.01133  0.80968  -229.21950  -231.06386  4.99985   768
25.00  0.03317  0.03340  0.01112  0.80968  -229.57960  -231.45601  4.99985   768
26.00  0.03318  0.03340  0.01137  0.80968  -229.22102  -231.12794  4.99985   768
27.00  0.03318  0.03340  0.01187  0.80968  -228.50996  -230.44893  4.99985   768
28.00  0.03316  0.03340  0.01256  0.80968  -227.45711  -229.41133  4.99985   768
29.00  0.03317  0.03340  0.01301  0.80968  -226.73231  -228.64992  4.99985   768
30.00  0.03318  0.03340  0.01316  0.80968  -226.42714  -228.31727  4.99985   768
31.00  0.03317  0.03340  0.01297  0.80968  -226.74147  -228.62398  4.99985   768
32.00  0.03317  0.03340  0.01250  0.80968  -227.42811  -229.25569  4.99985   768
33.00  0.03318  0.03340  0.01176  0.80968  -228.54201  -230.37416  4.99985   768
34.00  0.03317  0.03340  0.01133  0.80968  -229.25612  -231.11574  4.99985   768
35.00  0.03319  0.03340  0.01132  0.80968  -229.29884  -231.21339  4.99985   768
36.00  0.03319  0.03340  0.01162  0.80968  -228.84108  -230.76631  4.99985   768
37.00  0.03319  0.03340  0.01230  0.80968  -227.83705  -229.78364  4.99985   768
38.00  0.03317  0.03340  0.01295  0.80968  -226.81166  -228.73842  4.99985   768
39.00  0.03318  0.03340  0.01316  0.80968  -226.45460  -228.33406  4.99985   768
40.00  0.03317  0.03340  0.01310  0.80968  -226.50496  -228.36305  4.99985   768
41.00  0.03318  0.03340  0.01273  0.80968  -227.04817  -228.87117  4.99985   768
42.00  0.03318  0.03340  0.01211  0.80968  -228.01253  -229.82332  4.99985   768
43.00  0.03318  0.03340  0.01150  0.80968  -228.96467  -230.78767  4.99985   768
44.00  0.03316  0.03340  0.01121  0.80968  -229.44380  -231.30189  4.99985   768
45.00  0.03317  0.03340  0.01133  0.80968  -229.29884  -231.22713  4.99985   768
46.00  0.03318  0.03340  0.01178  0.80968  -228.65340  -230.60609  4.99985   768
47.00  0.03316  0.03340  0.01242  0.80968  -227.63411  -229.59444  4.99985   768
48.00  0.03316  0.03340  0.01290  0.80968  -226.90932  -228.84523  4.99985   768
49.00  0.03316  0.03340  0.01304  0.80968  -226.63161  -228.53853  4.99985   768
50.00  0.03316  0.03340  0.01275  0.80968  -227.07869  -228.93373  4.99985   768
51.00  0.03317  0.03340  0.01226  0.80968  -227.73787  -229.57918  4.99985   768
52.00  0.03318  0.03340  0.01159  0.80968  -228.82277  -230.65492  4.99985   768
53.00  0.03318  0.03340  0.01122  0.80968  -229.38582  -231.23323  4.99985   768
54.00  0.03318  0.03340  0.01124  0.80968  -229.41481  -231.30647  4.99985   768
55.00  0.03318  0.03340  0.01158  0.80968  -228.90669  -230.83345  4.99985   768
56.00  0.03318  0.03340  0.01215  0.80968  -228.04152  -229.96065  4.99985   768
57.00  0.03318  0.03340  0.01273  0.80968  -227.16566  -229.07258  4.99985   768
58.00  0.03318  0.03340  0.01307  0.80968  -226.63924  -228.53090  4.99985   768
59.00  0.03318  0.03340  0.01295  0.80968  -226.67280  -228.55531  4.99985   768
60.00  0.03319  0.03340  0.01256  0.80968  -227.32741  -229.15193  4.99985   768
61.00  0.03318  0.03340  0.01187  0.80968  -228.39552  -230.22462  4.99985   768
62.00  0.03318  0.03340  0.01143  0.80968  -229.09895  -230.95399  4.99985   768
63.00  0.03316  0.03340  0.01126  0.80968  -229.36293  -231.25764  4.99985   768
64.00  0.03318  0.03340  0.01155  0.80968  -228.97688  -230.91279  4.99985   768
65.00  0.03317  0.03340  0.01215  0.80968  -228.09950  -230.05525  4.99985   768
66.00  0.03317  0.03340  0.01282  0.80968  -227.06190  -229.02376  4.99985   768
67.00  0.03317  0.03340  0.01319  0.80968  -226.43019  -228.31880  4.99985   768
68.00  0.03317  0.03340  0.01326  0.80968  -226.30354  -228.18452  4.99985   768
69.00  0.03317  0.03340  0.01290  0.80968  -226.82081  -228.64992  4.99985   768
70.00  0.03317  0.03340  0.01232  0.80968  -227.64326  -229.44490  4.99985   768
71.00  0.03317  0.03340  0.01161  0.80968  -228.76631  -230.59236  4.99985   768
72.00  0.03319  0.03340  0.01131  0.80968  -229.29884  -231.15541  4.99985   768
73.00  0.03318  0.03340  0.01133  0.80968  -229.28053  -231.16609  4.99985   768
74.00  0.03319  0.03340  0.01177  0.80968  -228.58778  -230.50844  4.99985   768
75.00  0.03316  0.03340  0.01245  0.80968  -227.62495  -229.55781  4.99985   768
76.00  0.03317  0.03340  0.01298  0.80968  -226.79487  -228.71553  4.99985   768
77.00  0.03317  0.03340  0.01321  0.80968  -226.42561  -228.30812  4.99985   768
78.00  0.03317  0.03340  0.01307  0.80968  -226.56752  -228.40272  4.99985   768
79.00  0.03317  0.03340  0.01249  0.80968  -227.41591  -229.25874  4.99985   768
80.00  0.03317  0.03340  0.01177  0.80968  -228.54353  -230.36500  4.99985   768
81.00  0.03317  0.03340  0.01122  0.80968  -229.41023  -231.25001  4.99985   768
82.00  0.03317  0.03340  0.01108  0.80968  -229.67573  -231.58113  4.99985   768
83.00  0.03317  0.03340  0.01138  0.80968  -229.26985  -231.19356  4.99985   768
84.00  0.03318  0.03340  0.01198  0.80968  -228.30550  -230.26430  4.99985   768
85.00  0.03317  0.03340  0.01268  0.80968  -227.28010  -229.23128  4.99985   768
86.00  0.03316  0.03340  0.01312  0.80968  -226.53700  -228.41798  4.99985   768
87.00  0.03317  0.03340  0.01317  0.80968  -226.42714  -228.27760  4.99985   768
88.00  0.03316  0.03340  0.01285  0.80968  -226.89863  -228.73384  4.99985   768
89.00  0.03317  0.03340  0.01224  0.80968  -227.82637  -229.62953  4.99985   768
90.00  0.03318  0.03340  0.01159  0.80968  -228.78615  -230.59236  4.99985   768
91.00  0.03317  0.03340  0.01121  0.80968  -229.44838  -231.30342  4.99985   768
92.00  0.03316  0.03340  0.01125  0.80968  -229.32020  -231.22102  4.99985   768
93.00  0.03318  0.03340  0.01172  0.80968  -228.77241  -230.71443  4.99985   768
94.00  0.03318  0.03340  0.01238  0.80968  -227.73329  -229.69362  4.99985   768
95.00  0.03316  0.03340  0.01299  0.80968  -226.73079  -228.68196  4.99985   768
96.00  0.03318  0.03340  0.01327  0.80968  -226.31117  -228.21199  4.99985   768
97.00  0.03316  0.03340  0.01314  0.80968  -226.46529  -228.32948  4.99985   768
98.00  0.03317  0.03340  0.01271  0.80968  -227.10921  -228.96883  4.99985   768
99.00  0.03317  0.03340  0.01210  0.80968  -228.00490  -229.82332  4.99985   768
100.00  0.03317  0.03340  0.01157  0.80968  -228.84413  -230.68544  4.99985   768
101.00  0.03316  0.03340  0.01134  0.80968  -229.26070  -231.16609  4.99985   768
102.00  0.03318  0.03340  0.01149  0.80968  -229.03792  -230.94789  4.99985   768
103.00  0.03317  0.03340  0.01204  0.80968  -228.22005  -230.12849  4.99985   768
104.00  0.03317  0.03340  0.01265  0.80968  -227.30299  -229.22670  4.99985   768
105.00  0.03316  0.03340  0.01307  0.80968  -226.65144  -228.54158  4.99985   768
106.00  0.03317  0.03340  0.01301  0.80968  -226.65449  -228.52022  4.99985   768
107.00  0.03318  0.03340  0.01269  0.80968  -227.10768  -228.93526  4.99985   768
108.00  0.03316  0.03340  0.01220  0.80968  -227.84621  -229.66310  4.99985   768
109.00  0.03317  0.03340  0.01158  0.80968  -228.84718  -230.66713  4.99985   768
110.00  0.03318  0.03340  0.01133  0.80968  -229.26680  -231.14931  4.99985   768
111.00  0.03318  0.03340  0.01126  0.80968  -229.35683  -231.25459  4.99985   768
112.00  0.03317  0.03340  0.01170  0.80968  -228.74647  -230.68391  4.99985   768
113.00  0.03318  0.03340  0.01227  0.80968  -227.86299  -229.80501  4.99985   768
114.00  0.03316  0.03340  0.01274  0.80968  -227.15651  -229.10005  4.99985   768
115.00  0.03315  0.03340  0.01292  0.80968  -226.85438  -228.74147  4.99985   768
116.00  0.03316  0.03340  0.01279  0.80968  -226.96730  -228.81776  4.99985   768
117.00  0.03316  0.03340  0.01237  0.80968  -227.59291  -229.44643  4.99985   768
118.00  0.03318  0.03340  0.01181  0.80968  -228.43367  -230.26277  4.99985   768
119.00  0.03318  0.03340  0.01132  0.80968  -229.25612  -231.10811  4.99985   768
120.00  0.03318  0.03340  0.01121  0.80968  -229.43159  -231.29884  4.99985   768
121.00  0.03316  0.03340  0.01144  0.80968  -229.16609  -231.08064  4.99985   768
122.00  0.03317  0.03340  0.01207  0.80968  -228.18648  -230.11476  4.99985   768
123.00  0.03316  0.03340  0.01261  0.80968  -227.33656  -229.24196  4.99985   768
124.00  0.03318  0.03340  0.01298  0.80968  -226.73231  -228.63924  4.99985   768
125.00  0.03317  0.03340  0.01299  0.80968  -226.70637  -228.57057  4.99985   768
126.00  0.03318  0.03340  0.01260  0.80968  -227.24348  -229.08632  4.99985   768
127.00  0.03316  0.03340  0.01208  0.80968  -228.03694  -229.86299  4.99985   768
128.00  0.03318  0.03340  0.01154  0.80968  -228.89296  -230.74342  4.99985   768
129.00  0.03317  0.03340  0.01131  0.80968  -229.29121  -231.17677  4.99985   768
130.00  0.03316  0.03340  0.01141  0.80968  -229.17372  -231.07606  4.99985   768
131.00  0.03318  0.03340  0.01189  0.80968  -228.49928  -230.46266  4.99985   768
132.00  0.03316  0.03340  0.01247  0.80968  -227.57307  -229.51204  4.99985   768
133.00  0.03318  0.03340  0.01298  0.80968  -226.76588  -228.68959  4.99985   768
134.00  0.03318  0.03340  0.01317  0.80968  -226.47291  -228.35390  4.99985   768
135.00  0.03317  0.03340  0.01292  0.80968  -226.82387  -228.68501  4.99985   768
136.00  0.03316  0.03340  0.01241  0.80968  -227.51356  -229.31215  4.99985   768
137.00  0.03318  0.03340  0.01182  0.80968  -228.48097  -230.29939  4.99985   768
138.00  0.03317  0.03340  0.01139  0.80968  -229.14015  -230.99061  4.99985   768
139.00  0.03316  0.03340  0.01131  0.80968  -229.29121  -231.16304  4.99985   768
140.00  0.03318  0.03340  0.01163  0.80968  -228.87923  -230.79072  4.99985   768
141.00  0.03318  0.03340  0.01222  0.80968  -227.95149  -229.87977  4.99985   768
142.00  0.03317  0.03340  0.01280  0.80968  -227.06190  -228.97798  4.99985   768
143.00  0.03320  0.03340  0.01314  0.80968  -226.52937  -228.43324  4.99985   768
144.00  0.03316  0.03340  0.01306  0.80968  -226.59956  -228.45766  4.99985   768
145.00  0.03318  0.03340  0.01261  0.80968  -227.25416  -229.10158  4.99985   768
146.00  0.03318  0.03340  0.01202  0.80968  -228.18037  -229.99727  4.99985   768
147.00  0.03317  0.03340  0.01153  0.80968  -228.94026  -230.80141  4.99985   768
148.00  0.03319  0.03340  0.01131  0.80968  -229.29579  -231.19508  4.99985   768
149.00  0.03316  0.03340  0.01150  0.80968  -229.06538  -230.99367  4.99985   768
150.00  0.03317  0.03340  0.01196  0.80968  -228.34822  -230.28566  4.99985   768
151.00  0.03317  0.03340  0.01252  0.80968  -227.53645  -229.47389  4.99985   768
152.00  0.03317  0.03340  0.01291  0.80968  -226.86812  -228.78419  4.99985   768
153.00  0.03318  0.03340  0.01302  0.80968  -226.62550  -228.49733  4.99985   768
154.00  0.03316  0.03340  0.01280  0.80968  -226.95814  -228.79487  4.99985   768
155.00  0.03318  0.03340  0.01227  0.80968  -227.76076  -229.56392  4.99985   768
156.00  0.03318  0.03340  0.01174  0.80968  -228.58168  -230.39247  4.99985   768
157.00  0.03318  0.03340  0.01131  0.80968  -229.23018  -231.08827  4.99985   768
158.00  0.03317  0.03340  0.01134  0.80968  -229.26070  -231.14931  4.99985   768
159.00  0.03317  0.03340  0.01180  0.80968  -228.60915  -230.53438  4.99985   768
160.00  0.03317  0.03340  0.01233  0.80968  -227.79433  -229.74550  4.99985   768
161.00  0.03317  0.03340  0.01295  0.80968  -226.81166  -228.73231  4.99985   768
162.00  0.03317  0.03340  0.01312  0.80968  -226.50343  -228.39967  4.99985   768
163.00  0.03318  0.03340  0.01302  0.80968  -226.64686  -228.52479  4.99985   768
164.00  0.03317  0.03340  0.01260  0.80968  -227.27553  -229.11226  4.99985   768
165.00  0.03318  0.03340  0.01206  0.80968  -228.10560  -229.94844  4.99985   768
166.00  0.03318  0.03340  0.01163  0.80968  -228.82277  -230.68391  4.99985   768
167.00  0.03318  0.03340  0.01146  0.80968  -229.08675  -230.97078  4.99985   768
168.00  0.03317  0.03340  0.01165  0.80968  -228.80904  -230.72206  4.99985   768
169.00  0.03317  0.03340  0.01219  0.80968  -228.02321  -229.96675  4.99985   768
170.00  0.03318  0.03340  0.01272  0.80968  -227.19160  -229.10310  4.99985   768
171.00  0.03317  0.03340  0.01319  0.80968  -226.40730  -228.31880  4.99985   768
172.00  0.03318  0.03340  0.01321  0.80968  -226.37831  -228.23640  4.99985   768
173.00  0.03318  0.03340  0.01288  0.80968  -226.80403  -228.61787  4.99985   768
174.00  0.03318  0.03340  0.01238  0.80968  -227.61275  -229.43574  4.99985   768
175.00  0.03316  0.03340  0.01180  0.80968  -228.48402  -230.32075  4.99985   768
176.00  0.03318  0.03340  0.01135  0.80968  -229.17982  -231.02418  4.99985   768
177.00  0.03318  0.03340  0.01140  0.80968  -229.16304  -231.06691  4.99985   768
178.00  0.03318  0.03340  0.01181  0.80968  -228.59694  -230.55269  4.99985   768
179.00  0.03318  0.03340  0.01238  0.80968  -227.71803  -229.65394  4.99985   768
180.00  0.03317  0.03340  0.01292  0.80968  -226.87117  -228.81776  4.99985   768
181.00  0.03317  0.03340  0.01312  0.80968  -226.54921  -228.46223  4.99985   768
182.00  0.03316  0.03340  0.01305  0.80968  -226.57057  -228.44697  4.99985   768
183.00  0.03317  0.03340  0.01251  0.80968  -227.38234  -229.19618  4.99985   768
184.00  0.03318  0.03340  0.01189  0.80968  -228.32533  -230.16969  4.99985   768
185.00  0.03318  0.03340  0.01138  0.80968  -229.19813  -231.03029  4.99985   768
186.00  0.03317  0.03340  0.01127  0.80968  -229.37056  -231.24086  4.99985   768
187.00  0.03318  0.03340  0.01139  0.80968  -229.23933  -231.11574  4.99985   768
188.00  0.03317  0.03340  0.01200  0.80968  -228.33449  -230.27040  4.99985   768
189.00  0.03316  0.03340  0.01256  0.80968  -227.42201  -229.35029  4.99985   768
190.00  0.03317  0.03340  0.01297  0.80968  -226.78419  -228.68349  4.99985   768
191.00  0.03316  0.03340  0.01303  0.80968  -226.61330  -228.47291  4.99985   768
192.00  0.03317  0.03340  0.01273  0.80968  -227.08937  -228.95357  4.99985   768
193.00  0.03318  0.03340  0.01214  0.80968  -227.94081  -229.74397  4.99985   768
194.00  0.03317  0.03340  0.01153  0.80968  -228.88075  -230.70985  4.99985   768
195.00  0.03317  0.03340  0.01117  0.80968  -229.51247  -231.38429  4.99985   768
196.00  0.03318  0.03340  0.01120  0.80968  -229.47432  -231.39192  4.99985   768
197.00  0.03317  0.03340  0.01168  0.80968  -228.81209  -230.76326  4.99985   768
198.00  0.03318  0.03340  0.01232  0.80968  -227.82942  -229.80653  4.99985   768
199.00  0.03318  0.03340  0.01291  0.80968  -226.90016  -228.84218  4.99985   768
200.00  0.03065  0.02168  0.01321  0.80968  -226.41493  -228.34169  4.99985   768
201.00  0.02524  0.02168  0.01227  0.80968  -227.68141  -229.39607  4.99985   768
202.00  0.02439  0.02168  0.01068  0.80968  -230.14418  -231.90767  4.99985   768
203.00  0.02402  0.02168  0.01034  0.80968  -230.76369  -232.64772  4.99985   768
204.00  0.02373  0.02168  0.00919  0.80968  -232.38875  -234.12324  4.99985   768
205.00  0.02354  0.02168  0.00859  0.80968  -233.44466  -235.31038  4.99985   768
206.00  0.02340  0.02168  0.00927  0.80968  -232.51234  -234.44520  4.99985   768
207.00  0.02329  0.02168  0.00935  0.80968  -232.32924  -234.22853  4.99985   768
208.00  0.02319  0.02168  0.00999  0.80968  -231.43050  -233.38777  4.99985   768
209.00  0.02308  0.02168  0.01070  0.80968  -230.21437  -232.10451  4.99985   768
210.00  0.02299  0.02168  0.01032  0.80968  -230.81099  -232.66756  4.99985   768
211.00  0.02292  0.02168  0.01008  0.80968  -231.17110  -233.05971  4.99985   768
212.00  0.02286  0.02168  0.00952  0.80968  -231.89894  -233.66853  4.99985   768
213.00  0.02283  0.02168  0.00858  0.80968  -233.47517  -235.31496  4.99985   768
214.00  0.02278  0.02168  0.00852  0.80968  -233.58504  -235.49654  4.99985   768
215.00  0.02275  0.02168  0.00831  0.80968  -233.91005  -235.77425  4.99985   768
216.00  0.02272  0.02168  0.00878  0.80968  -233.26308  -235.22188  4.99985   768
217.00  0.02270  0.02168  0.00967  0.80968  -231.90199  -233.86690  4.99985   768
218.00  0.02267  0.02168  0.00998  0.80968  -231.34352  -233.25960  4.99985   768
219.00  0.02264  0.02168  0.01048  0.80968  -230.59889  -232.52107  4.99985   768
220.00  0.02263  0.02168  0.01032  0.80968  -230.75606  -232.56532  4.99985   768
221.00  0.02261  0.02168  0.00954  0.80968  -231.96150  -233.78450  4.99985   768
222.00  0.02260  0.02168  0.00911  0.80968  -232.60695  -234.42689  4.99985   768
223.00  0.02258  0.02168  0.00839  0.80968  -233.69032  -235.48280  4.99985   768
224.00  0.02257  0.02168  0.00812  0.80968  -234.22743  -236.11909  4.99985   768
225.00  0.02257  0.02168  0.00874  0.80968  -233.31801  -235.24782  4.99985   768
226.00  0.02255  0.02168  0.00917  0.80968  -232.56422  -234.48946  4.99985   768
227.00  0.02254  0.02168  0.00988  0.80968  -231.55714  -233.50832  4.99985   768
228.00  0.02254  0.02168  0.01038  0.80968  -230.76979  -232.69807  4.99985   768
229.00  0.02252  0.02168  0.01023  0.80968  -230.94984  -232.81709  4.99985   768
230.00  0.02254  0.02168  0.01002  0.80968  -231.22603  -233.10243  4.99985   768
231.00  0.02252  0.02168  0.00942  0.80968  -232.16292  -233.99049  4.99985   768
232.00  0.02251  0.02168  0.00874  0.80968  -233.17457  -235.01588  4.99985   768
233.00  0.02252  0.02168  0.00849  0.80968  -233.62776  -235.50874  4.99985   768
234.00  0.02251  0.02168  0.00848  0.80968  -233.66438  -235.56520  4.99985   768
235.00  0.02250  0.02168  0.00898  0.80968  -232.93043  -234.89992  4.99985   768
236.00  0.02248  0.02168  0.00985  0.80968  -231.57393  -233.52968  4.99985   768
237.00  0.02248  0.02168  0.01024  0.80968  -230.96358  -232.87813  4.99985   768
238.00  0.02249  0.02168  0.01059  0.80968  -230.46461  -232.36085  4.99985   768
239.00  0.02249  0.02168  0.01048  0.80968  -230.52260  -232.34254  4.99985   768
240.00  0.02249  0.02168  0.00988  0.80968  -231.43812  -233.26417  4.99985   768
241.00  0.02248  0.02168  0.00942  0.80968  -232.14155  -233.96455  4.99985   768
242.00  0.02248  0.02168  0.00867  0.80968  -233.27681  -235.10286  4.99985   768
243.00  0.02248  0.02168  0.00858  0.80968  -233.55147  -235.43855  4.99985   768
244.00  0.02247  0.02168  0.00896  0.80968  -232.97774  -234.89839  4.99985   768
245.00  0.02247  0.02168  0.00943  0.80968  -232.25600  -234.20412  4.99985   768
246.00  0.02247  0.02168  0.01018  0.80968  -231.10701  -233.05665  4.99985   768
247.00  0.02246  0.02168  0.01048  0.80968  -230.60042  -232.50581  4.99985   768
248.00  0.02246  0.02168  0.01037  0.80968  -230.72249  -232.59279  4.99985   768
249.00  0.02246  0.02168  0.01002  0.80968  -231.26570  -233.11769  4.99985   768
250.00  0.02247  0.02168  0.00943  0.80968  -232.12324  -233.94929  4.99985   768
251.00  0.02246  0.02168  0.00884  0.80968  -233.11659  -234.94722  4.99985   768
252.00  0.02246  0.02168  0.00853  0.80968  -233.55147  -235.42635  4.99985   768
253.00  0.02247  0.02168  0.00863  0.80968  -233.41261  -235.32106  4.99985   768
254.00  0.02246  0.02168  0.00909  0.80968  -232.76106  -234.68782  4.99985   768
255.00  0.02245  0.02168  0.00978  0.80968  -231.70515  -233.64107  4.99985   768
256.00  0.02246  0.02168  0.01025  0.80968  -230.96663  -232.87508  4.99985   768
257.00  0.02246  0.02168  0.01044  0.80968  -230.64619  -232.50123  4.99985   768
258.00  0.02245  0.02168  0.01014  0.80968  -231.03224  -232.88423  4.99985   768
259.00  0.02245  0.02168  0.00961  0.80968  -231.86079  -233.66548  4.99985   768
260.00  0.02245  0.02168  0.00909  0.80968  -232.64509  -234.49708  4.99985   768
261.00  0.02245  0.02168  0.00860  0.80968  -233.38820  -235.25239  4.99985   768
262.00  0.02245  0.02168  0.00856  0.80968  -233.52248  -235.42177  4.99985   768
263.00  0.02245  0.02168  0.00889  0.80968  -233.05250  -234.98994  4.99985   768
264.00  0.02245  0.02168  0.00945  0.80968  -232.22090  -234.18275  4.99985   768
265.00  0.02244  0.02168  0.01014  0.80968  -231.16499  -233.11464  4.99985   768
266.00  0.02244  0.02168  0.01053  0.80968  -230.52107  -232.44630  4.99985   768
267.00  0.02245  0.02168  0.01049  0.80968  -230.51497  -232.37764  4.99985   768
268.00  0.02244  0.02168  0.01011  0.80968  -231.08412  -232.90254  4.99985   768
269.00  0.02243  0.02168  0.00941  0.80968  -232.15376  -233.99049  4.99985   768
270.00  0.02244  0.02168  0.00895  0.80968  -232.89076  -234.73360  4.99985   768
271.00  0.02244  0.02168  0.00867  0.80968  -233.31648  -235.17763  4.99985   768
272.00  0.02244  0.02168  0.00890  0.80968  -233.00215  -234.91670  4.99985   768
273.00  0.02244  0.02168  0.00929  0.80968  -232.46352  -234.38875  4.99985   768
274.00  0.02243  0.02168  0.00993  0.80968  -231.48238  -233.39845  4.99985   768
275.00  0.02244  0.02168  0.01039  0.80968  -230.77742  -232.71028  4.99985   768
276.00  0.02243  0.02168  0.01057  0.80968  -230.44173  -232.30745  4.99985   768
277.00  0.02243  0.02168  0.01024  0.80968  -230.90254  -232.74995  4.99985   768
278.00  0.02243  0.02168  0.00968  0.80968  -231.75093  -233.58919  4.99985   768
279.00  0.02244  0.02168  0.00901  0.80968  -232.81142  -234.63136  4.99985   768
280.00  0.02243  0.02168  0.00851  0.80968  -233.56520  -235.42482  4.99985   768
281.00  0.02243  0.02168  0.00852  0.80968  -233.62471  -235.55299  4.99985   768
282.00  0.02243  0.02168  0.00891  0.80968  -233.06166  -234.98994  4.99985   768
283.00  0.02244  0.02168  0.00953  0.80968  -232.08052  -234.02406  4.99985   768
284.00  0.02243  0.02168  0.01010  0.80968  -231.18025  -233.14058  4.99985   768
285.00  0.02242  0.02168  0.01035  0.80968  -230.75911  -232.65535  4.99985   768
286.00  0.02243  0.02168  0.01020  0.80968  -230.98341  -232.83845  4.99985   768
287.00  0.02244  0.02168  0.00985  0.80968  -231.45644  -233.28096  4.99985   768
288.00  0.02241  0.02168  0.00928  0.80968  -232.40095  -234.22853  4.99985   768
289.00  0.02243  0.02168  0.00882  0.80968  -233.04793  -234.86024  4.99985   768
290.00  0.02242  0.02168  0.00850  0.80968  -233.59419  -235.46144  4.99985   768
291.00  0.02241  0.02168  0.00878  0.80968  -233.23103  -235.14101  4.99985   768
292.00  0.02242  0.02168  0.00931  0.80968  -232.41469  -234.34602  4.99985   768
293.00  0.02241  0.02168  0.00996  0.80968  -231.44881  -233.36488  4.99985   768
294.00  0.02242  0.02168  0.01038  0.80968  -230.75453  -232.68739  4.99985   768
295.00  0.02240  0.02168  0.01048  0.80968  -230.56837  -232.45088  4.99985   768
296.00  0.02241  0.02168  0.01011  0.80968  -231.07802  -232.91627  4.99985   768
297.00  0.02241  0.02168  0.00955  0.80968  -231.94166  -233.78297  4.99985   768
298.00  0.02242  0.02168  0.00895  0.80968  -232.86635  -234.71071  4.99985   768
299.00  0.02242  0.02168  0.00852  0.80968  -233.57741  -235.41261  4.99985   768
300.00  0.02241  0.02168  0.00851  0.80968  -233.61403  -235.53010  4.99985   768
301.00  0.02243  0.02168  0.00896  0.80968  -233.02351  -234.95790  4.99985   768
302.00  0.02242  0.02168  0.00954  0.80968  -232.04848  -233.99965  4.99985   768
303.00  0.02240  0.02168  0.01014  0.80968  -231.16194  -233.08870  4.99985   768
304.00  0.02241  0.02168  0.01044  0.80968  -230.62331  -232.51192  4.99985   768
305.00  0.02241  0.02168  0.01030  0.80968  -230.84456  -232.69197  4.99985   768
306.00  0.02241  0.02168  0.00980  0.80968  -231.52968  -233.34352  4.99985   768
307.00  0.02243  0.02168  0.00917  0.80968  -232.53676  -234.33687  4.99985   768
308.00  0.02242  0.02168  0.00862  0.80968  -233.40803  -235.25239  4.99985   768
309.00  0.02241  0.02168  0.00846  0.80968  -233.62318  -235.51027  4.99985   768
310.00  0.02241  0.02168  0.00861  0.80968  -233.45991  -235.37447  4.99985   768
311.00  0.02240  0.02168  0.00924  0.80968  -232.57796  -234.53371  4.99985   768
312.00  0.02240  0.02168  0.00986  0.80968  -231.58461  -233.52510  4.99985   768
313.00  0.02240  0.02168  0.01030  0.80968  -230.88270  -232.80946  4.99985   768
314.00  0.02241  0.02168  0.01033  0.80968  -230.81862  -232.72249  4.99985   768
315.00  0.02241  0.02168  0.01013  0.80968  -231.07191  -232.92390  4.99985   768
316.00  0.02241  0.02168  0.00949  0.80968  -232.03017  -233.85316  4.99985   768
317.00  0.02241  0.02168  0.00885  0.80968  -233.05403  -234.87550  4.99985   768
318.00  0.02239  0.02168  0.00840  0.80968  -233.72389  -235.58351  4.99985   768
319.00  0.02242  0.02168  0.00849  0.80968  -233.65675  -235.54994  4.99985   768
320.00  0.02240  0.02168  0.00891  0.80968  -233.02046  -234.95790  4.99985   768
321.00  0.02240  0.02168  0.00957  0.80968  -232.02406  -233.95845  4.99985   768
322.00  0.02240  0.02168  0.01016  0.80968  -231.10853  -233.04140  4.99985   768
323.00  0.02240  0.02168  0.01043  0.80968  -230.66450  -232.53786  4.99985   768
324.00  0.02241  0.02168  0.01032  0.80968  -230.77894  -232.62331  4.99985   768
325.00  0.02239  0.02168  0.00988  0.80968  -231.42592  -233.27486  4.99985   768
326.00  0.02240  0.02168  0.00923  0.80968  -232.40095  -234.22853  4.99985   768
327.00  0.02241  0.02168  0.00858  0.80968  -233.45991  -235.28902  4.99985   768
328.00  0.02239  0.02168  0.00839  0.80968  -233.80781  -235.68880  4.99985   768
329.00  0.02240  0.02168  0.00863  0.80968  -233.48585  -235.42635  4.99985   768
330.00  0.02239  0.02168  0.00918  0.80968  -232.64815  -234.59627  4.99985   768
331.00  0.02240  0.02168  0.00982  0.80968  -231.67311  -233.62886  4.99985   768
332.00  0.02239  0.02168  0.01025  0.80968  -231.00935  -232.93611  4.99985   768
333.00  0.02240  0.02168  0.01037  0.80968  -230.75911  -232.65077  4.99985   768
334.00  0.02239  0.02168  0.01001  0.80968  -231.22603  -233.04597  4.99985   768
335.00  0.02239  0.02168  0.00946  0.80968  -232.05611  -233.90657  4.99985   768
336.00  0.02238  0.02168  0.00884  0.80968  -233.06471  -234.87703  4.99985   768
337.00  0.02239  0.02168  0.00850  0.80968  -233.57588  -235.43245  4.99985   768
338.00  0.02237  0.02168  0.00856  0.80968  -233.53926  -235.43397  4.99985   768
339.00  0.02240  0.02168  0.00897  0.80968  -232.94112  -234.86940  4.99985   768
340.00  0.02239  0.02168  0.00964  0.80968  -231.93556  -233.87605  4.99985   768
341.00  0.02240  0.02168  0.01029  0.80968  -230.91322  -232.83235  4.99985   768
342.00  0.02239  0.02168  0.01054  0.80968  -230.47835  -232.36543  4.99985   768
343.00  0.02237  0.02168  0.01040  0.80968  -230.66603  -232.51802  4.99985   768
344.00  0.02239  0.02168  0.00982  0.80968  -231.55257  -233.36793  4.99985   768
345.00  0.02238  0.02168  0.00921  0.80968  -232.44826  -234.28346  4.99985   768
346.00  0.02240  0.02168  0.00863  0.80968  -233.37752  -235.22798  4.99985   768
347.00  0.02238  0.02168  0.00844  0.80968  -233.70711  -235.58656  4.99985   768
348.00  0.02239  0.02168  0.00876  0.80968  -233.26765  -235.21120  4.99985   768
349.00  0.02238  0.02168  0.00936  0.80968  -232.36891  -234.32619  4.99985   768
350.00  0.02239  0.02168  0.01002  0.80968  -231.32063  -233.27028  4.99985   768
351.00  0.02238  0.02168  0.01032  0.80968  -230.87355  -232.77284  4.99985   768
352.00  0.02238  0.02168  0.01043  0.80968  -230.64467  -232.54091  4.99985   768
353.00  0.02238  0.02168  0.01003  0.80968  -231.20924  -233.04140  4.99985   768
354.00  0.02239  0.02168  0.00937  0.80968  -232.19343  -233.99965  4.99985   768
355.00  0.02239  0.02168  0.00883  0.80968  -233.09218  -234.92128  4.99985   768
356.00  0.02238  0.02168  0.00850  0.80968  -233.57588  -235.42635  4.99985   768
357.00  0.02240  0.02168  0.00858  0.80968  -233.53010  -235.41414  4.99985   768
358.00  0.02239  0.02168  0.00912  0.80968  -232.71529  -234.66188  4.99985   768
359.00  0.02237  0.02168  0.00981  0.80968  -231.70515  -233.64717  4.99985   768
360.00  0.02237  0.02168  0.01037  0.80968  -230.79573  -232.72249  4.99985   768
361.00  0.02239  0.02168  0.01061  0.80968  -230.41731  -232.30134  4.99985   768
362.00  0.02239  0.02168  0.01044  0.80968  -230.63399  -232.49971  4.99985   768
363.00  0.02238  0.02168  0.00990  0.80968  -231.40761  -233.24281  4.99985   768
364.00  0.02239  0.02168  0.00921  0.80968  -232.48946  -234.31398  4.99985   768
365.00  0.02237  0.02168  0.00873  0.80968  -233.22645  -235.07844  4.99985   768
366.00  0.02239  0.02168  0.00850  0.80968  -233.63234  -235.51637  4.99985   768
367.00  0.02239  0.02168  0.00880  0.80968  -233.19746  -235.13185  4.99985   768
368.00  0.02238  0.02168  0.00957  0.80968  -232.06221  -234.02864  4.99985   768
369.00  0.02236  0.02168  0.01026  0.80968  -230.94679  -232.87813  4.99985   768
370.00  0.02237  0.02168  0.01063  0.80968  -230.33491  -232.23115  4.99985   768
371.00  0.02237  0.02168  0.01052  0.80968  -230.47377  -232.31660  4.99985   768
372.00  0.02237  0.02168  0.01025  0.80968  -230.87965  -232.71333  4.99985   768
373.00  0.02236  0.02168  0.00962  0.80968  -231.80739  -233.62581  4.99985   768
374.00  0.02238  0.02168  0.00900  0.80968  -232.77632  -234.59627  4.99985   768
375.00  0.02237  0.02168  0.00865  0.80968  -233.35310  -235.19594  4.99985   768
376.00  0.02237  0.02168  0.00867  0.80968  -233.40346  -235.29512  4.99985   768
377.00  0.02236  0.02168  0.00920  0.80968  -232.62984  -234.56575  4.99985   768
378.00  0.02237  0.02168  0.00984  0.80968  -231.62581  -233.58461  4.99985   768
379.00  0.02238  0.02168  0.01033  0.80968  -230.86745  -232.78657  4.99985   768
380.00  0.02236  0.02168  0.01055  0.80968  -230.48292  -232.38222  4.99985   768
381.00  0.02237  0.02168  0.01034  0.80968  -230.75911  -232.63551  4.99985   768
382.00  0.02237  0.02168  0.00990  0.80968  -231.40303  -233.22603  4.99985   768
383.00  0.02236  0.02168  0.00925  0.80968  -232.40248  -234.23463  4.99985   768
384.00  0.02237  0.02168  0.00875  0.80968  -233.21272  -235.07692  4.99985   768
385.00  0.02236  0.02168  0.00857  0.80968  -233.52095  -235.40346  4.99985   768
386.00  0.02238  0.02168  0.00879  0.80968  -233.17610  -235.09981  4.99985   768
387.00  0.02237  0.02168  0.00934  0.80968  -232.40248  -234.33992  4.99985   768
388.00  0.02237  0.02168  0.01002  0.80968  -231.31911  -233.24129  4.99985   768
389.00  0.02237  0.02168  0.01044  0.80968  -230.65230  -232.54701  4.99985   768
390.00  0.02237  0.02168  0.01048  0.80968  -230.53938  -232.39442  4.99985   768
391.00  0.02239  0.02168  0.01006  0.80968  -231.16347  -232.99867  4.99985   768
392.00  0.02237  0.02168  0.00952  0.80968  -231.97066  -233.77382  4.99985   768
393.00  0.02237  0.02168  0.00892  0.80968  -232.93043  -234.77785  4.99985   768
394.00  0.02236  0.02168  0.00859  0.80968  -233.45991  -235.32259  4.99985   768
395.00  0.02236  0.02168  0.00867  0.80968  -233.38820  -235.31496  4.99985   768
396.00  0.02236  0.02168  0.00905  0.80968  -232.82973  -234.75801  4.99985   768
397.00  0.02235  0.02168  0.00968  0.80968  -231.88673  -233.84553  4.99985   768
398.00  0.02237  0.02168  0.01030  0.80968  -230.92696  -232.87202  4.99985   768
399.00  0.02237  0.02168  0.01047  0.80968  -230.58821  -232.46767  4.99985   768
400.00  0.02236  0.02168  0.01032  0.80968  -230.79420  -232.64467  4.99985   768
401.00  0.02237  0.02168  0.00985  0.80968  -231.48390  -233.31148  4.99985   768
402.00  0.02235  0.02168  0.00920  0.80968  -232.50777  -234.32619  4.99985   768
403.00  0.02237  0.02168  0.00875  0.80968  -233.23103  -235.07844  4.99985   768
404.00  0.02237  0.02168  0.00864  0.80968  -233.37141  -235.26460  4.99985   768
405.00  0.02237  0.02168  0.00896  0.80968  -232.95180  -234.86330  4.99985   768
406.00  0.02235  0.02168  0.00959  0.80968  -232.01338  -233.94777  4.99985   768
407.00  0.02237  0.02168  0.01014  0.80968  -231.12837  -233.04597  4.99985   768
408.00  0.02237  0.02168  0.01052  0.80968  -230.50581  -232.39900  4.99985   768
409.00  0.02236  0.02168  0.01048  0.80968  -230.55311  -232.42342  4.99985   768
410.00  0.02235  0.02168  0.01016  0.80968  -231.04140  -232.89033  4.99985   768
411.00  0.02234  0.02168  0.00955  0.80968  -231.93556  -233.75703  4.99985   768
412.00  0.02235  0.02168  0.00889  0.80968  -232.97316  -234.80836  4.99985   768
413.00  0.02236  0.02168  0.00862  0.80968  -233.42482  -235.31190  4.99985   768
414.00  0.02236  0.02168  0.00865  0.80968  -233.40803  -235.33479  4.99985   768
415.00  0.02237  0.02168  0.00929  0.80968  -232.45894  -234.42537  4.99985   768
416.00  0.02236  0.02168  0.00993  0.80968  -231.53120  -233.48390  4.99985   768
417.00  0.02236  0.02168  0.01027  0.80968  -230.90254  -232.80488  4.99985   768
418.00  0.02236  0.02168  0.01045  0.80968  -230.66450  -232.55311  4.99985   768
419.00  0.02237  0.02168  0.01020  0.80968  -230.99715  -232.84456  4.99985   768
420.00  0.02235  0.02168  0.00972  0.80968  -231.67006  -233.49000  4.99985   768
421.00  0.02237  0.02168  0.00905  0.80968  -232.69545  -234.51845  4.99985   768
422.00  0.02236  0.02168  0.00857  0.80968  -233.46449  -235.30427  4.99985   768
423.00  0.02235  0.02168  0.00842  0.80968  -233.74678  -235.61555  4.99985   768
424.00  0.02237  0.02168  0.00874  0.80968  -233.28139  -235.18983  4.99985   768
425.00  0.02236  0.02168  0.00942  0.80968  -232.27583  -234.22395  4.99985   768
426.00  0.02237  0.02168  0.01006  0.80968  -231.27791  -233.20467  4.99985   768
427.00  0.02234  0.02168  0.01038  0.80968  -230.70570  -232.61873  4.99985   768
428.00  0.02234  0.02168  0.01028  0.80968  -230.86134  -232.74080  4.99985   768
429.00  0.02236  0.02168  0.00989  0.80968  -231.43050  -233.29011  4.99985   768
430.00  0.02235  0.02168  0.00924  0.80968  -232.40706  -234.24226  4.99985   768
431.00  0.02235  0.02168  0.00867  0.80968  -233.32106  -235.16695  4.99985   768
432.00  0.02235  0.02168  0.00847  0.80968  -233.65675  -235.53163  4.99985   768
433.00  0.02236  0.02168  0.00860  0.80968  -233.52858  -235.44160  4.99985   768
434.00  0.02235  0.02168  0.00909  0.80968  -232.79768  -234.73054  4.99985   768
435.00  0.02234  0.02168  0.00988  0.80968  -231.59529  -233.58461  4.99985   768
436.00  0.02235  0.02168  0.01038  0.80968  -230.72401  -232.62178  4.99985   768
437.00  0.02235  0.02168  0.01054  0.80968  -230.49666  -232.37611  4.99985   768
438.00  0.02234  0.02168  0.01035  0.80968  -230.71181  -232.54854  4.99985   768
439.00  0.02234  0.02168  0.00976  0.80968  -231.61665  -233.41829  4.99985   768
440.00  0.02235  0.02168  0.00906  0.80968  -232.66646  -234.48488  4.99985   768
441.00  0.02235  0.02168  0.00866  0.80968  -233.33784  -235.18831  4.99985   768
442.00  0.02235  0.02168  0.00863  0.80968  -233.46907  -235.36226  4.99985   768
443.00  0.02235  0.02168  0.00911  0.80968  -232.70308  -234.64052  4.99985   768
444.00  0.02234  0.02168  0.00973  0.80968  -231.77382  -233.71736  4.99985   768
445.00  0.02234  0.02168  0.01028  0.80968  -230.97273  -232.92390  4.99985   768
446.00  0.02235  0.02168  0.01060  0.80968  -230.41884  -232.31966  4.99985   768
447.00  0.02235  0.02168  0.01047  0.80968  -230.54243  -232.40205  4.99985   768
448.00  0.02235  0.02168  0.01000  0.80968  -231.25197  -233.09328  4.99985   768
449.00  0.02235  0.02168  0.00935  0.80968  -232.26363  -234.08662  4.99985   768
450.00  0.02233  0.02168  0.00870  0.80968  -233.25392  -235.10438  4.99985   768
451.00  0.02234  0.02168  0.00838  0.80968  -233.75288  -235.63386  4.99985   768
452.00  0.02234  0.02168  0.00862  0.80968  -233.46907  -235.36531  4.99985   768
453.00  0.02235  0.02168  0.00917  0.80968  -232.64662  -234.58864  4.99985   768
454.00  0.02234  0.02168  0.00981  0.80968  -231.66090  -233.60292  4.99985   768
455.00  0.02234  0.02168  0.01031  0.80968  -230.86897  -232.76063  4.99985   768
456.00  0.02236  0.02168  0.01051  0.80968  -230.52870  -232.38832  4.99985   768
457.00  0.02234  0.02168  0.01017  0.80968  -230.97731  -232.81862  4.99985   768
458.00  0.02234  0.02168  0.00962  0.80968  -231.82265  -233.63954  4.99985   768
459.00  0.02235  0.02168  0.00893  0.80968  -232.85261  -234.68935  4.99985   768
460.00  0.02234  0.02168  0.00851  0.80968  -233.56215  -235.40803  4.99985   768
461.00  0.02232  0.02168  0.00848  0.80968  -233.62013  -235.53316  4.99985   768
462.00  0.02235  0.02168  0.00887  0.80968  -233.12575  -235.07692  4.99985   768
463.00  0.02236  0.02168  0.00950  0.80968  -232.15681  -234.10493  4.99985   768
464.00  0.02233  0.02168  0.01015  0.80968  -231.15431  -233.13142  4.99985   768
465.00  0.02234  0.02168  0.01055  0.80968  -230.50886  -232.42647  4.99985   768
466.00  0.02234  0.02168  0.01045  0.80968  -230.57143  -232.44173  4.99985   768
467.00  0.02237  0.02168  0.01010  0.80968  -231.08717  -232.95595  4.99985   768
468.00  0.02233  0.02168  0.00932  0.80968  -232.31093  -234.12935  4.99985   768
469.00  0.02234  0.02168  0.00878  0.80968  -233.09065  -234.92738  4.99985   768
470.00  0.02234  0.02168  0.00854  0.80968  -233.55299  -235.42482  4.99985   768
471.00  0.02233  0.02168  0.00871  0.80968  -233.32869  -235.24782  4.99985   768
472.00  0.02235  0.02168  0.00936  0.80968  -232.34907  -234.30177  4.99985   768
473.00  0.02235  0.02168  0.01001  0.80968  -231.34657  -233.28554  4.99985   768
474.00  0.02235  0.02168  0.01054  0.80968  -230.52565  -232.42494  4.99985   768
475.00  0.02235  0.02168  0.01066  0.80968  -230.28609  -232.16096  4.99985   768
476.00  0.02233  0.02168  0.01031  0.80968  -230.80031  -232.63551  4.99985   768
477.00  0.02234  0.02168  0.00985  0.80968  -231.48390  -233.32674  4.99985   768
478.00  0.02234  0.02168  0.00919  0.80968  -232.48183  -234.32466  4.99985   768
479.00  0.02234  0.02168  0.00872  0.80968  -233.24171  -235.09828  4.99985   768
480.00  0.02235  0.02168  0.00872  0.80968  -233.32411  -235.22645  4.99985   768
481.00  0.02232  0.02168  0.00905  0.80968  -232.81447  -234.74885  4.99985   768
482.00  0.02233  0.02168  0.00971  0.80968  -231.82265  -233.79060  4.99985   768
483.00  0.02235  0.02168  0.01031  0.80968  -230.90712  -232.85219  4.99985   768
484.00  0.02232  0.02168  0.01063  0.80968  -230.40358  -232.31050  4.99985   768
485.00  0.02233  0.02168  0.01051  0.80968  -230.50886  -232.36848  4.99985   768
486.00  0.02234  0.02168  0.01004  0.80968  -231.12532  -232.95595  4.99985   768
487.00  0.02232  0.02168  0.00929  0.80968  -232.32771  -234.15071  4.99985   768
488.00  0.02233  0.02168  0.00871  0.80968  -233.25545  -235.06471  4.99985   768
489.00  0.02232  0.02168  0.00851  0.80968  -233.60640  -235.46602  4.99985   768
490.00  0.02234  0.02168  0.00873  0.80968  -233.30580  -235.20967  4.99985   768
491.00  0.02233  0.02168  0.00939  0.80968  -232.31245  -234.27278  4.99985   768
492.00  0.02233  0.02168  0.00999  0.80968  -231.39998  -233.31758  4.99985   768
493.00  0.02233  0.02168  0.01041  0.80968  -230.67366  -232.58363  4.99985   768
494.00  0.02233  0.02168  0.01050  0.80968  -230.50123  -232.38222  4.99985   768
495.00  0.02235  0.02168  0.01017  0.80968  -231.02309  -232.86287  4.99985   768
496.00  0.02234  0.02168  0.00958  0.80968  -231.85927  -233.69600  4.99985   768
497.00  0.02232  0.02168  0.00894  0.80968  -232.87550  -234.71529  4.99985   768
498.00  0.02233  0.02168  0.00850  0.80968  -233.62013  -235.48738  4.99985   768
499.00  0.02233  0.02168  0.00846  0.80968  -233.69490  -235.60182  4.99985   768
500.00  0.02233  0.02168  0.00897  0.80968  -232.99605  -234.95790  4.99985   768
501.00  0.02233  0.02168  0.00971  0.80968  -231.85774  -233.80586  4.99985   768
502.00  0.02234  0.02168  0.01033  0.80968  -230.86134  -232.80794  4.99985   768
503.00  0.02235  0.02168  0.01050  0.80968  -230.53328  -232.40358  4.99985   768
504.00  0.02232  0.02168  0.01039  0.80968  -230.65077  -232.49208  4.99985   768
505.00  0.02233  0.02168  0.00999  0.80968  -231.27486  -233.10396  4.99985   768
506.00  0.02233  0.02168  0.00940  0.80968  -232.17207  -233.99202  4.99985   768
507.00  0.02232  0.02168  0.00889  0.80968  -232.96248  -234.80073  4.99985   768
508.00  0.02234  0.02168  0.00862  0.80968  -233.42177  -235.27681  4.99985   768
509.00  0.02230  0.02168  0.00882  0.80968  -233.16389  -235.08913  4.99985   768
510.00  0.02232  0.02168  0.00945  0.80968  -232.23006  -234.15376  4.99985   768
511.00  0.02232  0.02168  0.01011  0.80968  -231.16652  -233.12379  4.99985   768
512.00  0.02233  0.02168  0.01054  0.80968  -230.52107  -232.44936  4.99985   768
513.00  0.02232  0.02168  0.01061  0.80968  -230.37764  -232.24946  4.99985   768
514.00  0.02232  0.02168  0.01035  0.80968  -230.73927  -232.60499  4.99985   768
515.00  0.02233  0.02168  0.00973  0.80968  -231.65938  -233.49763  4.99985   768
516.00  0.02233  0.02168  0.00915  0.80968  -232.56880  -234.41316  4.99985   768
517.00  0.02233  0.02168  0.00875  0.80968  -233.20967  -235.07387  4.99985   768
518.00  0.02234  0.02168  0.00870  0.80968  -233.37904  -235.26613  4.99985   768
519.00  0.02233  0.02168  0.00903  0.80968  -232.84041  -234.78853  4.99985   768
520.00  0.02233  0.02168  0.00966  0.80968  -231.89741  -233.83028  4.99985   768
521.00  0.02231  0.02168  0.01023  0.80968  -230.97884  -232.90407  4.99985   768
522.00  0.02233  0.02168  0.01049  0.80968  -230.58821  -232.46004  4.99985   768
523.00  0.02232  0.02168  0.01041  0.80968  -230.65840  -232.48598  4.99985   768
524.00  0.02232  0.02168  0.00997  0.80968  -231.32674  -233.14973  4.99985   768
525.00  0.02233  0.02168  0.00935  0.80968  -232.26363  -234.10646  4.99985   768
526.00  0.02231  0.02168  0.00885  0.80968  -233.05403  -234.89534  4.99985   768
527.00  0.02234  0.02168  0.00867  0.80968  -233.41719  -235.31343  4.99985   768
528.00  0.02231  0.02168  0.00891  0.80968  -233.03267  -234.95332  4.99985   768
529.00  0.02231  0.02168  0.00938  0.80968  -232.33992  -234.29262  4.99985   768
530.00  0.02232  0.02168  0.01002  0.80968  -231.31453  -233.26417  4.99985   768
531.00  0.02231  0.02168  0.01048  0.80968  -230.65687  -232.60652  4.99985   768
532.00  0.02233  0.02168  0.01054  0.80968  -230.45851  -232.33339  4.99985   768
533.00  0.02233  0.02168  0.01022  0.80968  -230.92543  -232.76674  4.99985   768
534.00  0.02230  0.02168  0.00962  0.80968  -231.88063  -233.70821  4.99985   768
535.00  0.02231  0.02168  0.00899  0.80968  -232.80684  -234.64662  4.99985   768
536.00  0.02233  0.02168  0.00871  0.80968  -233.26002  -235.11049  4.99985   768
537.00  0.02232  0.02168  0.00867  0.80968  -233.38667  -235.27833  4.99985   768
538.00  0.02232  0.02168  0.00910  0.80968  -232.75191  -234.68324  4.99985   768
539.00  0.02232  0.02168  0.00973  0.80968  -231.78908  -233.72499  4.99985   768
540.00  0.02230  0.02168  0.01030  0.80968  -230.88270  -232.79726  4.99985   768
541.00  0.02232  0.02168  0.01058  0.80968  -230.40663  -232.30440  4.99985   768
542.00  0.02230  0.02168  0.01046  0.80968  -230.61110  -232.46614  4.99985   768
543.00  0.02231  0.02168  0.01002  0.80968  -231.20161  -233.03224  4.99985   768
544.00  0.02232  0.02168  0.00930  0.80968  -232.33382  -234.17512  4.99985   768
545.00  0.02231  0.02168  0.00885  0.80968  -233.03419  -234.87245  4.99985   768
546.00  0.02233  0.02168  0.00871  0.80968  -233.30733  -235.20051  4.99985   768
547.00  0.02232  0.02168  0.00891  0.80968  -233.04640  -234.97774  4.99985   768
548.00  0.02233  0.02168  0.00962  0.80968  -232.02254  -234.00423  4.99985   768
549.00  0.02232  0.02168  0.01021  0.80968  -231.03834  -232.97273  4.99985   768
550.00  0.02232  0.02168  0.01070  0.80968  -230.29982  -232.21284  4.99985   768
551.00  0.02231  0.02168  0.01076  0.80968  -230.17165  -232.05720  4.99985   768
552.00  0.02233  0.02168  0.01044  0.80968  -230.60499  -232.43257  4.99985   768
553.00  0.02232  0.02168  0.00974  0.80968  -231.67464  -233.46712  4.99985   768
554.00  0.02231  0.02168  0.00907  0.80968  -232.67409  -234.49556  4.99985   768
555.00  0.02231  0.02168  0.00866  0.80968  -233.31648  -235.15932  4.99985   768
556.00  0.02232  0.02168  0.00872  0.80968  -233.26613  -235.16084  4.99985   768
557.00  0.02232  0.02168  0.00916  0.80968  -232.65883  -234.59474  4.99985   768
558.00  0.02231  0.02168  0.00986  0.80968  -231.61513  -233.56020  4.99985   768
559.00  0.02232  0.02168  0.01038  0.80968  -230.78047  -232.69502  4.99985   768
560.00  0.02232  0.02168  0.01060  0.80968  -230.44783  -232.34407  4.99985   768
561.00  0.02231  0.02168  0.01038  0.80968  -230.67671  -232.54091  4.99985   768
562.00  0.02234  0.02168  0.00987  0.80968  -231.43812  -233.26875  4.99985   768
563.00  0.02230  0.02168  0.00917  0.80968  -232.54896  -234.37501  4.99985   768
564.00  0.02232  0.02168  0.00869  0.80968  -233.27681  -235.13795  4.99985   768
565.00  0.02231  0.02168  0.00854  0.80968  -233.56367  -235.45381  4.99985   768
566.00  0.02232  0.02168  0.00888  0.80968  -233.08302  -235.01894  4.99985   768
567.00  0.02231  0.02168  0.00944  0.80968  -232.21327  -234.15834  4.99985   768
568.00  0.02232  0.02168  0.01001  0.80968  -231.30995  -233.25655  4.99985   768
569.00  0.02233  0.02168  0.01044  0.80968  -230.64162  -232.53175  4.99985   768
570.00  0.02231  0.02168  0.01046  0.80968  -230.59279  -232.44783  4.99985   768
571.00  0.02229  0.02168  0.01013  0.80968  -231.04597  -232.88728  4.99985   768
572.00  0.02232  0.02168  0.00950  0.80968  -232.01338  -233.84096  4.99985   768
573.00  0.02232  0.02168  0.00892  0.80968  -232.88924  -234.70613  4.99985   768
574.00  0.02231  0.02168  0.00857  0.80968  -233.48433  -235.34853  4.99985   768
575.00  0.02232  0.02168  0.00871  0.80968  -233.34547  -235.24934  4.99985   768
576.00  0.02232  0.02168  0.00918  0.80968  -232.63594  -234.55659  4.99985   768
577.00  0.02230  0.02168  0.00977  0.80968  -231.71431  -233.66243  4.99985   768
578.00  0.02229  0.02168  0.01029  0.80968  -230.94984  -232.87050  4.99985   768
579.00  0.02232  0.02168  0.01052  0.80968  -230.50276  -232.38832  4.99985   768
580.00  0.02230  0.02168  0.01027  0.80968  -230.86592  -232.73622  4.99985   768
581.00  0.02232  0.02168  0.00985  0.80968  -231.49153  -233.35725  4.99985   768
582.00  0.02232  0.02168  0.00931  0.80968  -232.31703  -234.14613  4.99985   768
583.00  0.02230  0.02168  0.00872  0.80968  -233.22798  -235.07844  4.99985   768
584.00  0.02231  0.02168  0.00864  0.80968  -233.40193  -235.29207  4.99985   768
585.00  0.02230  0.02168  0.00894  0.80968  -232.98537  -234.90449  4.99985   768
586.00  0.02232  0.02168  0.00956  0.80968  -232.07594  -234.01948  4.99985   768
587.00  0.02231  0.02168  0.01014  0.80968  -231.12685  -233.04903  4.99985   768
588.00  0.02229  0.02168  0.01055  0.80968  -230.52107  -232.42494  4.99985   768
589.00  0.02232  0.02168  0.01049  0.80968  -230.49971  -232.34712  4.99985   768
590.00  0.02232  0.02168  0.01011  0.80968  -231.07497  -232.90712  4.99985   768
591.00  0.02232  0.02168  0.00957  0.80968  -231.87605  -233.68227  4.99985   768
592.00  0.02231  0.02168  0.00897  0.80968  -232.85567  -234.68172  4.99985   768
593.00  0.02230  0.02168  0.00859  0.80968  -233.44923  -235.32869  4.99985   768
594.00  0.02231  0.02168  0.00871  0.80968  -233.31648  -235.22951  4.99985   768
595.00  0.02230  0.02168  0.00921  0.80968  -232.59627  -234.53828  4.99985   768
596.00  0.02232  0.02168  0.00983  0.80968  -231.63039  -233.58003  4.99985   768
597.00  0.02232  0.02168  0.01040  0.80968  -230.73469  -232.67519  4.99985   768
598.00  0.02229  0.02168  0.01049  0.80968  -230.54854  -232.43257  4.99985   768
599.00  0.02231  0.02168  0.01031  0.80968  -230.83693  -232.70723  4.99985   768
600.00  0.02230  0.02168  0.00985  0.80968  -231.46559  -233.30385  4.99985   768
601.00  0.02230  0.02168  0.00917  0.80968  -232.51692  -234.35060  4.99985   768
602.00  0.02229  0.02168  0.00871  0.80968  -233.28291  -235.10744  4.99985   768
603.00  0.02230  0.02168  0.00860  0.80968  -233.51637  -235.41109  4.99985   768
604.00  0.02230  0.02168  0.00894  0.80968  -232.95485  -234.88161  4.99985   768
605.00  0.02229  0.02168  0.00944  0.80968  -232.20869  -234.13545  4.99985   768
606.00  0.02230  0.02168  0.01017  0.80968  -231.10091  -233.04292  4.99985   768
607.00  0.02231  0.02168  0.01045  0.80968  -230.63704  -232.50276  4.99985   768
608.00  0.02232  0.02168  0.01043  0.80968  -230.65840  -232.52565  4.99985   768
609.00  0.02232  0.02168  0.01009  0.80968  -231.08259  -232.93458  4.99985   768
610.00  0.02229  0.02168  0.00950  0.80968  -232.02406  -233.84553  4.99985   768
611.00  0.02231  0.02168  0.00892  0.80968  -232.97926  -234.82057  4.99985   768
612.00  0.02232  0.02168  0.00875  0.80968  -233.23103  -235.11659  4.99985   768
613.00  0.02230  0.02168  0.00879  0.80968  -233.23561  -235.13643  4.99985   768
614.00  0.02230  0.02168  0.00931  0.80968  -232.43452  -234.37807  4.99985   768
615.00  0.02229  0.02168  0.01000  0.80968  -231.39387  -233.36183  4.99985   768
616.00  0.02230  0.02168  0.01057  0.80968  -230.49818  -232.43562  4.99985   768
617.00  0.02228  0.02168  0.01075  0.80968  -230.16249  -232.03889  4.99985   768
618.00  0.02231  0.02168  0.01051  0.80968  -230.49818  -232.35017  4.99985   768
619.00  0.02231  0.02168  0.00995  0.80968  -231.31148  -233.12990  4.99985   768
620.00  0.02229  0.02168  0.00931  0.80968  -232.28957  -234.11409  4.99985   768
621.00  0.02229  0.02168  0.00890  0.80968  -232.96553  -234.81142  4.99985   768
622.00  0.02229  0.02168  0.00885  0.80968  -233.09523  -234.98537  4.99985   768
623.00  0.02228  0.02168  0.00916  0.80968  -232.61916  -234.52608  4.99985   768
624.00  0.02229  0.02168  0.00980  0.80968  -231.68532  -233.60139  4.99985   768
625.00  0.02230  0.02168  0.01034  0.80968  -230.80946  -232.71944  4.99985   768
626.00  0.02231  0.02168  0.01049  0.80968  -230.57600  -232.43562  4.99985   768
627.00  0.02230  0.02168  0.01041  0.80968  -230.64619  -232.51344  4.99985   768
628.00  0.02229  0.02168  0.01000  0.80968  -231.26265  -233.10853  4.99985   768
629.00  0.02230  0.02168  0.00937  0.80968  -232.26515  -234.09883  4.99985   768
630.00  0.02231  0.02168  0.00880  0.80968  -233.10744  -234.95485  4.99985   768
631.00  0.02228  0.02168  0.00859  0.80968  -233.47517  -235.36073  4.99985   768
632.00  0.02230  0.02168  0.00876  0.80968  -233.27528  -235.20051  4.99985   768
633.00  0.02230  0.02168  0.00938  0.80968  -232.34755  -234.30482  4.99985   768
634.00  0.02230  0.02168  0.00997  0.80968  -231.42439  -233.36641  4.99985   768
635.00  0.02231  0.02168  0.01046  0.80968  -230.61873  -232.56074  4.99985   768
636.00  0.02229  0.02168  0.01048  0.80968  -230.54701  -232.39900  4.99985   768
637.00  0.02230  0.02168  0.01020  0.80968  -230.95137  -232.79878  4.99985   768
638.00  0.02230  0.02168  0.00959  0.80968  -231.86690  -233.68532  4.99985   768
639.00  0.02230  0.02168  0.00904  0.80968  -232.71834  -234.54439  4.99985   768
640.00  0.02231  0.02168  0.00872  0.80968  -233.24629  -235.10438  4.99985   768
641.00  0.02233  0.02168  0.00864  0.80968  -233.38667  -235.26765  4.99985   768
642.00  0.02230  0.02168  0.00897  0.80968  -232.95180  -234.86787  4.99985   768
643.00  0.02229  0.02168  0.00978  0.80968  -231.74940  -233.70668  4.99985   768
644.00  0.02229  0.02168  0.01045  0.80968  -230.65230  -232.59279  4.99985   768
645.00  0.02228  0.02168  0.01078  0.80968  -230.12434  -232.03279  4.99985   768
646.00  0.02230  0.02168  0.01057  0.80968  -230.40663  -232.26625  4.99985   768
647.00  0.02229  0.02168  0.00999  0.80968  -231.27028  -233.10091  4.99985   768
648.00  0.02231  0.02168  0.00935  0.80968  -232.25294  -234.10341  4.99985   768
649.00  0.02228  0.02168  0.00883  0.80968  -233.03725  -234.89381  4.99985   768
650.00  0.02230  0.02168  0.00859  0.80968  -233.46144  -235.33479  4.99985   768
651.00  0.02230  0.02168  0.00884  0.80968  -233.13795  -235.07387  4.99985   768
652.00  0.02229  0.02168  0.00941  0.80968  -232.26210  -234.22243  4.99985   768
653.00  0.02229  0.02168  0.01022  0.80968  -231.07191  -233.02003  4.99985   768
654.00  0.02229  0.02168  0.01064  0.80968  -230.33491  -232.23573  4.99985   768
655.00  0.02229  0.02168  0.01058  0.80968  -230.40053  -232.25252  4.99985   768
656.00  0.02231  0.02168  0.01019  0.80968  -230.98189  -232.82167  4.99985   768
657.00  0.02231  0.02168  0.00948  0.80968  -232.01338  -233.81197  4.99985   768
658.00  0.02229  0.02168  0.00898  0.80968  -232.86635  -234.69240  4.99985   768
659.00  0.02229  0.02168  0.00860  0.80968  -233.38972  -235.25697  4.99985   768
660.00  0.02229  0.02168  0.00854  0.80968  -233.55299  -235.45534  4.99985   768
661.00  0.02229  0.02168  0.00887  0.80968  -233.09218  -235.03419  4.99985   768
662.00  0.02229  0.02168  0.00960  0.80968  -232.00880  -233.96760  4.99985   768
663.00  0.02230  0.02168  0.01033  0.80968  -230.89796  -232.84761  4.99985   768
664.00  0.02229  0.02168  0.01058  0.80968  -230.42647  -232.33339  4.99985   768
665.00  0.02229  0.02168  0.01039  0.80968  -230.68587  -232.54854  4.99985   768
666.00  0.02229  0.02168  0.00986  0.80968  -231.47475  -233.30385  4.99985   768
667.00  0.02229  0.02168  0.00923  0.80968  -232.46657  -234.29872  4.99985   768
668.00  0.02229  0.02168  0.00874  0.80968  -233.18373  -235.02656  4.99985   768
669.00  0.02230  0.02168  0.00857  0.80968  -233.50111  -235.39583  4.99985   768
670.00  0.02229  0.02168  0.00882  0.80968  -233.13490  -235.03419  4.99985   768
671.00  0.02229  0.02168  0.00943  0.80968  -232.23158  -234.17207  4.99985   768
672.00  0.02229  0.02168  0.01016  0.80968  -231.14973  -233.09175  4.99985   768
673.00  0.02229  0.02168  0.01056  0.80968  -230.44478  -232.32881  4.99985   768
674.00  0.02229  0.02168  0.01066  0.80968  -230.30287  -232.18385  4.99985   768
675.00  0.02228  0.02168  0.01032  0.80968  -230.76521  -232.59126  4.99985   768
676.00  0.02231  0.02168  0.00976  0.80968  -231.59987  -233.42592  4.99985   768
677.00  0.02231  0.02168  0.00914  0.80968  -232.56117  -234.40095  4.99985   768
678.00  0.02232  0.02168  0.00873  0.80968  -233.25697  -235.12117  4.99985   768
679.00  0.02228  0.02168  0.00880  0.80968  -233.16847  -235.07234  4.99985   768
680.00  0.02230  0.02168  0.00913  0.80968  -232.69850  -234.62984  4.99985   768
681.00  0.02228  0.02168  0.00981  0.80968  -231.66395  -233.62581  4.99985   768
682.00  0.02229  0.02168  0.01044  0.80968  -230.71333  -232.66145  4.99985   768
683.00  0.02230  0.02168  0.01067  0.80968  -230.25709  -232.15028  4.99985   768
684.00  0.02230  0.02168  0.01045  0.80968  -230.56685  -232.42799  4.99985   768
685.00  0.02229  0.02168  0.00993  0.80968  -231.40608  -233.23213  4.99985   768
686.00  0.02228  0.02168  0.00937  0.80968  -232.22090  -234.05153  4.99985   768
687.00  0.02230  0.02168  0.00878  0.80968  -233.14711  -234.95485  4.99985   768
688.00  0.02229  0.02168  0.00861  0.80968  -233.44313  -235.32716  4.99985   768
689.00  0.02230  0.02168  0.00885  0.80968  -233.08455  -234.99910  4.99985   768
690.00  0.02228  0.02168  0.00936  0.80968  -232.34450  -234.27736  4.99985   768
691.00  0.02229  0.02168  0.01003  0.80968  -231.35268  -233.28706  4.99985   768
692.00  0.02229  0.02168  0.01047  0.80968  -230.58668  -232.50429  4.99985   768
693.00  0.02230  0.02168  0.01043  0.80968  -230.66908  -232.53175  4.99985   768
694.00  0.02230  0.02168  0.01015  0.80968  -231.01393  -232.87202  4.99985   768
695.00  0.02229  0.02168  0.00962  0.80968  -231.82875  -233.66090  4.99985   768
696.00  0.02228  0.02168  0.00897  0.80968  -232.83430  -234.66646  4.99985   768
697.00  0.02227  0.02168  0.00866  0.80968  -233.35158  -235.22645  4.99985   768
698.00  0.02228  0.02168  0.00875  0.80968  -233.27071  -235.19136  4.99985   768
699.00  0.02230  0.02168  0.00923  0.80968  -232.54286  -234.48640  4.99985   768
700.00  0.02229  0.02168  0.00988  0.80968  -231.56477  -233.52052  4.99985   768
701.00  0.02229  0.02168  0.01047  0.80968  -230.67061  -232.60499  4.99985   768
702.00  0.02230  0.02168  0.01060  0.80968  -230.36543  -232.25709  4.99985   768
703.00  0.02228  0.02168  0.01043  0.80968  -230.62178  -232.46309  4.99985   768
704.00  0.02229  0.02168  0.01000  0.80968  -231.27333  -233.09633  4.99985   768
705.00  0.02228  0.02168  0.00934  0.80968  -232.25294  -234.06526  4.99985   768
706.00  0.02227  0.02168  0.00891  0.80968  -232.95943  -234.80531  4.99985   768
707.00  0.02229  0.02168  0.00876  0.80968  -233.21577  -235.08150  4.99985   768
708.00  0.02230  0.02168  0.00904  0.80968  -232.77174  -234.68324  4.99985   768
709.00  0.02229  0.02168  0.00963  0.80968  -231.97218  -233.91420  4.99985   768
710.00  0.02227  0.02168  0.01025  0.80968  -230.95595  -232.89491  4.99985   768
711.00  0.02227  0.02168  0.01054  0.80968  -230.47682  -232.37154  4.99985   768
712.00  0.02227  0.02168  0.01046  0.80968  -230.59431  -232.45393  4.99985   768
713.00  0.02230  0.02168  0.01013  0.80968  -231.08412  -232.93764  4.99985   768
714.00  0.02228  0.02168  0.00944  0.80968  -232.10951  -233.92793  4.99985   768
715.00  0.02229  0.02168  0.00897  0.80968  -232.88771  -234.74733  4.99985   768
716.00  0.02229  0.02168  0.00869  0.80968  -233.33479  -235.22188  4.99985   768
717.00  0.02229  0.02168  0.00878  0.80968  -233.20967  -235.13338  4.99985   768
718.00  0.02228  0.02168  0.00929  0.80968  -232.50471  -234.43758  4.99985   768
719.00  0.02228  0.02168  0.00993  0.80968  -231.47475  -233.42287  4.99985   768
720.00  0.02229  0.02168  0.01029  0.80968  -230.85676  -232.75148  4.99985   768
721.00  0.02230  0.02168  0.01055  0.80968  -230.46919  -232.34712  4.99985   768
722.00  0.02229  0.02168  0.01021  0.80968  -230.93611  -232.76063  4.99985   768
723.00  0.02230  0.02168  0.00974  0.80968  -231.64564  -233.47322  4.99985   768
724.00  0.02229  0.02168  0.00916  0.80968  -232.53828  -234.36891  4.99985   768
725.00  0.02229  0.02168  0.00879  0.80968  -233.14253  -234.99757  4.99985   768
726.00  0.02229  0.02168  0.00874  0.80968  -233.25545  -235.13643  4.99985   768
727.00  0.02229  0.02168  0.00909  0.80968  -232.74580  -234.66646  4.99985   768
728.00  0.02228  0.02168  0.00967  0.80968  -231.87300  -233.83943  4.99985   768
729.00  0.02229  0.02168  0.01029  0.80968  -230.92238  -232.86134  4.99985   768
730.00  0.02229  0.02168  0.01055  0.80968  -230.49208  -232.38832  4.99985   768
731.00  0.02229  0.02168  0.01058  0.80968  -230.39900  -232.29066  4.99985   768
732.00  0.02229  0.02168  0.01014  0.80968  -231.05055  -232.90559  4.99985   768
733.00  0.02229  0.02168  0.00949  0.80968  -232.01948  -233.83790  4.99985   768
734.00  0.02230  0.02168  0.00894  0.80968  -232.86940  -234.72291  4.99985   768
735.00  0.02229  0.02168  0.00871  0.80968  -233.33479  -235.19899  4.99985   768
736.00  0.02229  0.02168  0.00886  0.80968  -233.04793  -234.95180  4.99985   768
737.00  0.02230  0.02168  0.00948  0.80968  -232.20717  -234.14155  4.99985   768
738.00  0.02228  0.02168  0.01002  0.80968  -231.32063  -233.23366  4.99985   768
739.00  0.02230  0.02168  0.01052  0.80968  -230.54091  -232.46156  4.99985   768
740.00  0.02229  0.02168  0.01060  0.80968  -230.37459  -232.24031  4.99985   768
741.00  0.02229  0.02168  0.01032  0.80968  -230.77437  -232.60957  4.99985   768
742.00  0.02230  0.02168  0.00973  0.80968  -231.63191  -233.45033  4.99985   768
743.00  0.02229  0.02168  0.00903  0.80968  -232.77785  -234.60390  4.99985   768
744.00  0.02229  0.02168  0.00859  0.80968  -233.44618  -235.29054  4.99985   768
745.00  0.02230  0.02168  0.00854  0.80968  -233.58961  -235.49806  4.99985   768
746.00  0.02227  0.02168  0.00898  0.80968  -232.95027  -234.89381  4.99985   768
747.00  0.02227  0.02168  0.00962  0.80968  -231.96760  -233.93556  4.99985   768
748.00  0.02229  0.02168  0.01033  0.80968  -230.89644  -232.86287  4.99985   768
749.00  0.02228  0.02168  0.01068  0.80968  -230.28609  -232.20216  4.99985   768
750.00  0.02226  0.02168  0.01059  0.80968  -230.36543  -232.23726  4.99985   768
751.00  0.02228  0.02168  0.01016  0.80968  -231.05513  -232.90102  4.99985   768
752.00  0.02227  0.02168  0.00949  0.80968  -232.01643  -233.84096  4.99985   768
753.00  0.02229  0.02168  0.00885  0.80968  -232.97774  -234.78395  4.99985   768
754.00  0.02227  0.02168  0.00862  0.80968  -233.42024  -235.29665  4.99985   768
755.00  0.02229  0.02168  0.00879  0.80968  -233.21120  -235.12117  4.99985   768
756.00  0.02229  0.02168  0.00938  0.80968  -232.35213  -234.29262  4.99985   768
757.00  0.02229  0.02168  0.01010  0.80968  -231.24129  -233.17567  4.99985   768
758.00  0.02226  0.02168  0.01059  0.80968  -230.43715  -232.34712  4.99985   768
759.00  0.02228  0.02168  0.01082  0.80968  -230.08162  -231.97786  4.99985   768
760.00  0.02228  0.02168  0.01048  0.80968  -230.50581  -232.32728  4.99985   768
761.00  0.02228  0.02168  0.00987  0.80968  -231.39540  -233.24129  4.99985   768
762.00  0.02227  0.02168  0.00924  0.80968  -232.44063  -234.26820  4.99985   768
763.00  0.02227  0.02168  0.00871  0.80968  -233.24629  -235.09981  4.99985   768
764.00  0.02228  0.02168  0.00869  0.80968  -233.35921  -235.27986  4.99985   768
765.00  0.02227  0.02168  0.00910  0.80968  -232.79463  -234.72902  4.99985   768
766.00  0.02228  0.02168  0.00974  0.80968  -231.80281  -233.75551  4.99985   768
767.00  0.02228  0.02168  0.01043  0.80968  -230.74995  -232.71181  4.99985   768
768.00  0.02227  0.02168  0.01075  0.80968  -230.17622  -232.08314  4.99985   768
769.00  0.02228  0.02168  0.01055  0.80968  -230.41426  -232.24336  4.99985   768
770.00  0.02229  0.02168  0.01018  0.80968  -230.97578  -232.80794  4.99985   768
771.00  0.02228  0.02168  0.00945  0.80968  -232.08205  -233.87910  4.99985   768
772.00  0.02227  0.02168  0.00888  0.80968  -232.97011  -234.80379  4.99985   768
773.00  0.02227  0.02168  0.00858  0.80968  -233.45686  -235.32869  4.99985   768
774.00  0.02229  0.02168  0.00870  0.80968  -233.33784  -235.23866  4.99985   768
775.00  0.02230  0.02168  0.00927  0.80968  -232.53371  -234.46809  4.99985   768
776.00  0.02229  0.02168  0.00994  0.80968  -231.41676  -233.36793  4.99985   768
777.00  0.02229  0.02168  0.01051  0.80968  -230.53023  -232.45088  4.99985   768
778.00  0.02228  0.02168  0.01061  0.80968  -230.38069  -232.27693  4.99985   768
779.00  0.02229  0.02168  0.01030  0.80968  -230.82167  -232.67671  4.99985   768
780.00  0.02229  0.02168  0.00972  0.80968  -231.66701  -233.50374  4.99985   768
781.00  0.02226  0.02168  0.00909  0.80968  -232.65578  -234.49098  4.99985   768
782.00  0.02228  0.02168  0.00870  0.80968  -233.29817  -235.16237  4.99985   768
783.00  0.02228  0.02168  0.00871  0.80968  -233.31038  -235.21883  4.99985   768
784.00  0.02227  0.02168  0.00908  0.80968  -232.79311  -234.71834  4.99985   768
785.00  0.02228  0.02168  0.00979  0.80968  -231.72957  -233.71278  4.99985   768
786.00  0.02229  0.02168  0.01044  0.80968  -230.62941  -232.55617  4.99985   768
787.00  0.02227  0.02168  0.01067  0.80968  -230.27998  -232.16249  4.99985   768
788.00  0.02229  0.02168  0.01063  0.80968  -230.33339  -232.20674  4.99985   768
789.00  0.02230  0.02168  0.01019  0.80968  -230.96358  -232.77284  4.99985   768
790.00  0.02227  0.02168  0.00946  0.80968  -232.05916  -233.86079  4.99985   768
791.00  0.02227  0.02168  0.00881  0.80968  -233.08913  -234.91518  4.99985   768
792.00  0.02228  0.02168  0.00869  0.80968  -233.32716  -235.21730  4.99985   768
793.00  0.02229  0.02168  0.00890  0.80968  -233.07082  -234.98689  4.99985   768
794.00  0.02229  0.02168  0.00943  0.80968  -232.24837  -234.20106  4.99985   768
795.00  0.02229  0.02168  0.01006  0.80968  -231.31300  -233.25960  4.99985   768
796.00  0.02226  0.02168  0.01046  0.80968  -230.62788  -232.55311  4.99985   768
797.00  0.02228  0.02168  0.01054  0.80968  -230.50886  -232.37916  4.99985   768
798.00  0.02228  0.02168  0.01024  0.80968  -230.90407  -232.77132  4.99985   768
799.00  0.02228  0.02168  0.00966  0.80968  -231.77840  -233.59682  4.99985   768
800.00  0.02228  0.02168  0.00897  0.80968  -232.84651  -234.67103  4.99985   768
801.00  0.02228  0.02168  0.00866  0.80968  -233.41719  -235.27681  4.99985   768
802.00  0.02229  0.02168  0.00857  0.80968  -233.49806  -235.39735  4.99985   768
803.00  0.02228  0.02168  0.00895  0.80968  -232.96400  -234.90144  4.99985   768
804.00  0.02228  0.02168  0.00967  0.80968  -231.87453  -233.82570  4.99985   768
805.00  0.02227  0.02168  0.01019  0.80968  -231.07344  -232.98494  4.99985   768
806.00  0.02228  0.02168  0.01040  0.80968  -230.68281  -232.56074  4.99985   768
807.00  0.02228  0.02168  0.01038  0.80968  -230.70265  -232.57295  4.99985   768
808.00  0.02228  0.02168  0.00988  0.80968  -231.42134  -233.25655  4.99985   768
809.00  0.02228  0.02168  0.00929  0.80968  -232.35976  -234.17207  4.99985   768
810.00  0.02226  0.02168  0.00885  0.80968  -233.05861  -234.89687  4.99985   768
811.00  0.02229  0.02168  0.00857  0.80968  -233.49043  -235.39125  4.99985   768
812.00  0.02229  0.02168  0.00882  0.80968  -233.16389  -235.10438  4.99985   768
813.00  0.02229  0.02168  0.00941  0.80968  -232.28346  -234.22548  4.99985   768
814.00  0.02228  0.02168  0.01004  0.80968  -231.31148  -233.26112  4.99985   768
815.00  0.02229  0.02168  0.01045  0.80968  -230.68281  -232.61720  4.99985   768
816.00  0.02228  0.02168  0.01062  0.80968  -230.33949  -232.22200  4.99985   768
817.00  0.02228  0.02168  0.01032  0.80968  -230.78810  -232.62331  4.99985   768
818.00  0.02227  0.02168  0.00980  0.80968  -231.57393  -233.42287  4.99985   768
819.00  0.02227  0.02168  0.00919  0.80968  -232.53828  -234.37196  4.99985   768
820.00  0.02228  0.02168  0.00874  0.80968  -233.19746  -235.05098  4.99985   768
821.00  0.02227  0.02168  0.00880  0.80968  -233.19594  -235.10133  4.99985   768
822.00  0.02229  0.02168  0.00926  0.80968  -232.50319  -234.43147  4.99985   768
823.00  0.02227  0.02168  0.00984  0.80968  -231.59834  -233.52052  4.99985   768
824.00  0.02229  0.02168  0.01040  0.80968  -230.75453  -232.68434  4.99985   768
825.00  0.02228  0.02168  0.01068  0.80968  -230.29829  -232.17927  4.99985   768
826.00  0.02228  0.02168  0.01053  0.80968  -230.43867  -232.27693  4.99985   768
827.00  0.02228  0.02168  0.01004  0.80968  -231.21535  -233.07649  4.99985   768
828.00  0.02229  0.02168  0.00941  0.80968  -232.17360  -234.00728  4.99985   768
829.00  0.02228  0.02168  0.00880  0.80968  -233.09676  -234.95027  4.99985   768
830.00  0.02228  0.02168  0.00859  0.80968  -233.45991  -235.35463  4.99985   768
831.00  0.02227  0.02168  0.00889  0.80968  -233.06929  -234.99757  4.99985   768
832.00  0.02229  0.02168  0.00944  0.80968  -232.23311  -234.18123  4.99985   768
833.00  0.02228  0.02168  0.01011  0.80968  -231.21382  -233.15736  4.99985   768
834.00  0.02229  0.02168  0.01050  0.80968  -230.58363  -232.48598  4.99985   768
835.00  0.02229  0.02168  0.01056  0.80968  -230.42189  -232.31508  4.99985   768
836.00  0.02228  0.02168  0.01019  0.80968  -230.94984  -232.79878  4.99985   768
837.00  0.02227  0.02168  0.00963  0.80968  -231.79518  -233.59529  4.99985   768
838.00  0.02227  0.02168  0.00903  0.80968  -232.73054  -234.55202  4.99985   768
839.00  0.02227  0.02168  0.00865  0.80968  -233.35921  -235.21883  4.99985   768
840.00  0.02229  0.02168  0.00874  0.80968  -233.28139  -235.18678  4.99985   768
841.00  0.02227  0.02168  0.00931  0.80968  -232.42537  -234.35823  4.99985   768
842.00  0.02226  0.02168  0.01000  0.80968  -231.38319  -233.32368  4.99985   768
843.00  0.02229  0.02168  0.01058  0.80968  -230.49055  -232.41884  4.99985   768
844.00  0.02228  0.02168  0.01080  0.80968  -230.06483  -231.94887  4.99985   768
845.00  0.02227  0.02168  0.01062  0.80968  -230.31813  -232.18690  4.99985   768
846.00  0.02229  0.02168  0.01012  0.80968  -231.07802  -232.92543  4.99985   768
847.00  0.02226  0.02168  0.00945  0.80968  -232.08205  -233.91878  4.99985   768
848.00  0.02228  0.02168  0.00892  0.80968  -232.94874  -234.81142  4.99985   768
849.00  0.02228  0.02168  0.00885  0.80968  -233.10133  -234.97926  4.99985   768
850.00  0.02229  0.02168  0.00911  0.80968  -232.72902  -234.66341  4.99985   768
851.00  0.02226  0.02168  0.00975  0.80968  -231.81654  -233.77687  4.99985   768
852.00  0.02229  0.02168  0.01045  0.80968  -230.73164  -232.67366  4.99985   768
853.00  0.02228  0.02168  0.01078  0.80968  -230.14418  -232.04042  4.99985   768
854.00  0.02228  0.02168  0.01074  0.80968  -230.15181  -232.01143  4.99985   768
855.00  0.02228  0.02168  0.01038  0.80968  -230.65535  -232.48292  4.99985   768
856.00  0.02227  0.02168  0.00970  0.80968  -231.68074  -233.48543  4.99985   768
857.00  0.02229  0.02168  0.00910  0.80968  -232.64509  -234.48183  4.99985   768
858.00  0.02228  0.02168  0.00881  0.80968  -233.11507  -234.98079  4.99985   768
859.00  0.02229  0.02168  0.00894  0.80968  -232.94112  -234.84651  4.99985   768
860.00  0.02228  0.02168  0.00936  0.80968  -232.36891  -234.30482  4.99985   768
861.00  0.02228  0.02168  0.01009  0.80968  -231.27638  -233.22755  4.99985   768
862.00  0.02229  0.02168  0.01066  0.80968  -230.34865  -232.28456  4.99985   768
863.00  0.02227  0.02168  0.01088  0.80968  -229.99007  -231.87562  4.99985   768
864.00  0.02227  0.02168  0.01069  0.80968  -230.22505  -232.09993  4.99985   768
865.00  0.02227  0.02168  0.01016  0.80968  -231.02919  -232.85982  4.99985   768
866.00  0.02226  0.02168  0.00950  0.80968  -232.01491  -233.84096  4.99985   768
867.00  0.02226  0.02168  0.00900  0.80968  -232.82515  -234.68324  4.99985   768
868.00  0.02227  0.02168  0.00885  0.80968  -233.11964  -235.01894  4.99985   768
869.00  0.02228  0.02168  0.00933  0.80968  -232.41469  -234.34450  4.99985   768
870.00  0.02227  0.02168  0.01003  0.80968  -231.33131  -233.26265  4.99985   768
871.00  0.02227  0.02168  0.01073  0.80968  -230.23573  -232.17470  4.99985   768
872.00  0.02228  0.02168  0.01112  0.80968  -229.62996  -231.53078  4.99985   768
873.00  0.02227  0.02168  0.01134  0.80968  -229.22865  -231.10353  4.99985   768
874.00  0.02226  0.02168  0.01089  0.80968  -229.86494  -231.67421  4.99985   768
875.00  0.02228  0.02168  0.01027  0.80968  -230.83235  -232.64925  4.99985   768
876.00  0.02227  0.02168  0.00959  0.80968  -231.85927  -233.67006  4.99985   768
877.00  0.02227  0.02168  0.00928  0.80968  -232.39638  -234.28346  4.99985   768
878.00  0.02227  0.02168  0.00965  0.80968  -231.97829  -233.92030  4.99985   768
879.00  0.02228  0.02168  0.01041  0.80968  -230.77742  -232.75148  4.99985   768
880.00  0.02229  0.02168  0.01119  0.80968  -229.56129  -231.50941  4.99985   768
881.00  0.02227  0.02168  0.01173  0.80968  -228.74037  -230.68544  4.99985   768
882.00  0.02228  0.02168  0.01197  0.80968  -228.29787  -230.19411  4.99985   768
883.00  0.02226  0.02168  0.01164  0.80968  -228.73732  -230.60915  4.99985   768
884.00  0.02228  0.02168  0.01115  0.80968  -229.50331  -231.32783  4.99985   768
885.00  0.02228  0.02168  0.01067  0.80968  -230.19148  -232.03126  4.99985   768
886.00  0.02228  0.02168  0.01012  0.80968  -231.11464  -232.96358  4.99985   768
887.00  0.02227  0.02168  0.00991  0.80968  -231.42592  -233.27333  4.99985   768
888.00  0.02227  0.02168  0.01013  0.80968  -231.16499  -233.07497  4.99985   768
889.00  0.02227  0.02168  0.01074  0.80968  -230.23115  -232.16554  4.99985   768
890.00  0.02226  0.02168  0.01139  0.80968  -229.23933  -231.17982  4.99985   768
891.00  0.02227  0.02168  0.01197  0.80968  -228.32991  -230.24446  4.99985   768
892.00  0.02226  0.02168  0.01206  0.80968  -228.11018  -229.97438  4.99985   768
893.00  0.02226  0.02168  0.01155  0.80968  -228.85023  -230.68239  4.99985   768
894.00  0.02227  0.02168  0.01075  0.80968  -230.02669  -231.82374  4.99985   768
895.00  0.02226  0.02168  0.00980  0.80968  -231.54799  -233.35420  4.99985   768
896.00  0.02225  0.02168  0.00936  0.80968  -232.26973  -234.13850  4.99985   768
897.00  0.02227  0.02168  0.00954  0.80968  -232.07442  -234.00575  4.99985   768
898.00  0.02226  0.02168  0.01029  0.80968  -230.98036  -232.95442  4.99985   768
899.00  0.02226  0.02168  0.01120  0.80968  -229.57197  -231.55672  4.99985   768
900.00  0.02225  0.02168  0.01191  0.80968  -228.42146  -230.36653  4.99985   768
901.00  0.02227  0.02168  0.01221  0.80968  -227.91487  -229.82637  4.99985   768
902.00  0.02226  0.02168  0.01207  0.80968  -228.11476  -229.97743  4.99985   768
903.00  0.02227  0.02168  0.01177  0.80968  -228.58473  -230.43062  4.99985   768
904.00  0.02228  0.02168  0.01154  0.80968  -228.94331  -230.79835  4.99985   768
905.00  0.02226  0.02168  0.01134  0.80968  -229.23628  -231.09590  4.99985   768
906.00  0.02227  0.02168  0.01142  0.80968  -229.16456  -231.07454  4.99985   768
907.00  0.02226  0.02168  0.01183  0.80968  -228.54811  -230.47182  4.99985   768
908.00  0.02228  0.02168  0.01270  0.80968  -227.27248  -229.25111  4.99985   768
909.00  0.02227  0.02168  0.01394  0.80968  -225.42311  -227.41853  4.99985   768
910.00  0.02229  0.02168  0.01505  0.80968  -223.69124  -225.66835  4.99985   768
911.00  0.02226  0.02168  0.01556  0.80968  -222.79707  -224.69026  4.99985   768
912.00  0.02227  0.02168  0.01557  0.80968  -222.77418  -224.65669  4.99985   768
913.00  0.02227  0.02168  0.01539  0.80968  -223.01985  -224.87947  4.99985   768
914.00  0.02226  0.02168  0.01518  0.80968  -223.36012  -225.25636  4.99985   768
915.00  0.02226  0.02168  0.01548  0.80968  -222.93135  -224.86574  4.99985   768
916.00  0.02227  0.02168  0.01607  0.80968  -222.08296  -224.05244  4.99985   768
917.00  0.02225  0.02168  0.01697  0.80968  -220.66389  -222.64406  4.99985   768
918.00  0.02225  0.02168  0.01799  0.80968  -219.12276  -221.09529  4.99985   768
919.00  0.02226  0.02168  0.01873  0.80968  -218.01192  -219.96156  4.99985   768
920.00  0.02226  0.02168  0.01901  0.80968  -217.47633  -219.34968  4.99985   768
921.00  0.02226  0.02168  0.01913  0.80968  -217.26729  -219.14369  4.99985   768
922.00  0.02227  0.02168  0.01914  0.80968  -217.25203  -219.12691  4.99985   768
923.00  0.02226  0.02168  0.01892  0.80968  -217.54957  -219.37562  4.99985   768
924.00  0.02225  0.02168  0.01866  0.80968  -217.99971  -219.86238  4.99985   768
925.00  0.02226  0.02168  0.01876  0.80968  -217.83491  -219.73878  4.99985   768
926.00  0.02227  0.02168  0.01950  0.80968  -216.82173  -218.77595  4.99985   768
927.00  0.02229  0.02168  0.02046  0.80968  -215.37062  -217.35383  4.99985   768
928.00  0.02227  0.02168  0.02180  0.80968  -213.30763  -215.30763  4.99985   768
929.00  0.02226  0.02168  0.02253  0.80968  -212.12813  -214.05794  4.99985   768
930.00  0.02227  0.02168  0.02253  0.80968  -212.05031  -213.91755  4.99985   768
931.00  0.02226  0.02168  0.02219  0.80968  -212.57521  -214.44093  4.99985   768
932.00  0.02226  0.02168  0.02186  0.80968  -213.06654  -214.92463  4.99985   768
933.00  0.02225  0.02168  0.02168  0.80968  -213.37629  -215.25117  4.99985   768
934.00  0.02225  0.02168  0.02191  0.80968  -213.07722  -214.97194  4.99985   768
935.00  0.02225  0.02168  0.02224  0.80968  -212.54011  -214.46535  4.99985   768
936.00  0.02226  0.02168  0.02274  0.80968  -211.80464  -213.72987  4.99985   768
937.00  0.02226  0.02168  0.02339  0.80968  -210.81434  -212.75789  4.99985   768
938.00  0.02225  0.02168  0.02419  0.80968  -209.58296  -211.51887  4.99985   768
939.00  0.02225  0.02168  0.02472  0.80968  -208.72694  -210.63844  4.99985   768
940.00  0.02226  0.02168  0.02473  0.80968  -208.65065  -210.50111  4.99985   768
941.00  0.02225  0.02168  0.02426  0.80968  -209.33424  -211.12520  4.99985   768
942.00  0.02226  0.02168  0.02352  0.80968  -210.45576  -212.27571  4.99985   768
943.00  0.02228  0.02168  0.02286  0.80968  -211.49489  -213.32399  4.99985   768
944.00  0.02226  0.02168  0.02269  0.80968  -211.82448  -213.73750  4.99985   768
945.00  0.02226  0.02168  0.02320  0.80968  -211.06001  -213.00813  4.99985   768
946.00  0.02225  0.02168  0.02377  0.80968  -210.21315  -212.14906  4.99985   768
947.00  0.02225  0.02168  0.02429  0.80968  -209.42427  -211.38002  4.99985   768
948.00  0.02226  0.02168  0.02454  0.80968  -208.99702  -210.89326  4.99985   768
949.00  0.02225  0.02168  0.02457  0.80968  -208.92683  -210.83528  4.99985   768
950.00  0.02225  0.02168  0.02446  0.80968  -209.08857  -210.96803  4.99985   768
951.00  0.02227  0.02168  0.02423  0.80968  -209.41511  -211.28847  4.99985   768
952.00  0.02227  0.02168  0.02395  0.80968  -209.86220  -211.70656  4.99985   768
953.00  0.02225  0.02168  0.02378  0.80968  -210.10634  -211.98274  4.99985   768
954.00  0.02226  0.02168  0.02395  0.80968  -209.92018  -211.83168  4.99985   768
955.00  0.02226  0.02168  0.02436  0.80968  -209.29915  -211.19081  4.99985   768
956.00  0.02226  0.02168  0.02468  0.80968  -208.79255  -210.69948  4.99985   768
957.00  0.02227  0.02168  0.02508  0.80968  -208.21119  -210.13032  4.99985   768
958.00  0.02225  0.02168  0.02528  0.80968  -207.82667  -209.67561  4.99985   768
959.00  0.02227  0.02168  0.02521  0.80968  -207.94722  -209.82667  4.99985   768
960.00  0.02227  0.02168  0.02520  0.80968  -207.94874  -209.83735  4.99985   768
961.00  0.02226  0.02168  0.02501  0.80968  -208.26002  -210.12880  4.99985   768
962.00  0.02228  0.02168  0.02532  0.80968  -207.82972  -209.75648  4.99985   768
963.00  0.02227  0.02168  0.02607  0.80968  -206.72804  -208.71126  4.99985   768
964.00  0.02226  0.02168  0.02705  0.80968  -205.24031  -207.23878  4.99985   768
965.00  0.02229  0.02168  0.02823  0.80968  -203.43825  -205.45045  4.99985   768
966.00  0.02230  0.02168  0.02883  0.80968  -202.41285  -204.32435  4.99985   768
967.00  0.02230  0.02168  0.02766  0.80968  -203.90669  -205.57405  4.99985   768
968.00  0.02229  0.02168  0.02350  0.80968  -210.28334  -211.79353  4.99985   768
969.00  0.02229  0.02168  0.02151  0.80968  -213.48616  -215.22828  4.99985   768
970.00  0.02232  0.02168  0.01939  0.80968  -216.58369  -218.17018  4.99985   768
971.00  0.02230  0.02168  0.01722  0.80968  -220.08711  -221.83687  4.99985   768
972.00  0.02230  0.02168  0.01631  0.80968  -221.53670  -223.35206  4.99985   768
973.00  0.02232  0.02168  0.01565  0.80968  -222.56056  -224.36067  4.99985   768
974.00  0.02232  0.02168  0.01574  0.80968  -222.49190  -224.38661  4.99985   768
975.00  0.02233  0.02168  0.01607  0.80968  -222.04481  -223.95173  4.99985   768
976.00  0.02232  0.02168  0.01630  0.80968  -221.60536  -223.47566  4.99985   768
977.00  0.02234  0.02168  0.01600  0.80968  -222.00514  -223.84950  4.99985   768
978.00  0.02232  0.02168  0.01565  0.80968  -222.60329  -224.47511  4.99985   768
979.00  0.02231  0.02168  0.01502  0.80968  -223.52949  -225.33418  4.99985   768
980.00  0.02234  0.02168  0.01418  0.80968  -224.84633  -226.68306  4.99985   768
981.00  0.02233  0.02168  0.01386  0.80968  -225.36513  -227.22932  4.99985   768
982.00  0.02233  0.02168  0.01355  0.80968  -225.86409  -227.72371  4.99985   768
983.00  0.02232  0.02168  0.01409  0.80968  -225.15303  -227.13472  4.99985   768
984.00  0.02234  0.02168  0.01489  0.80968  -223.83925  -225.78126  4.99985   768
985.00  0.02232  0.02168  0.01513  0.80968  -223.46236  -225.36012  4.99985   768
986.00  0.02234  0.02168  0.01552  0.80968  -222.84743  -224.77113  4.99985   768
987.00  0.02234  0.02168  0.01511  0.80968  -223.39674  -225.18312  4.99985   768
988.00  0.02234  0.02168  0.01457  0.80968  -224.24666  -226.09407  4.99985   768
989.00  0.02233  0.02168  0.01413  0.80968  -224.89821  -226.70747  4.99985   768
990.00  0.02234  0.02168  0.01331  0.80968  -226.15095  -227.93733  4.99985   768
991.00  0.02234  0.02168  0.01311  0.80968  -226.57667  -228.46376  4.99985   768
992.00  0.02234  0.02168  0.01325  0.80968  -226.30812  -228.19520  4.99985   768
993.00  0.02234  0.02168  0.01363  0.80968  -225.81373  -227.74660  4.99985   768
994.00  0.02233  0.02168  0.01439  0.80968  -224.57472  -226.51674  4.99985   768
995.00  0.02233  0.02168  0.01468  0.80968  -224.10475  -226.00709  4.99985   768
996.00  0.02236  0.02168  0.01479  0.80968  -223.98878  -225.89876  4.99985   768
997.00  0.02235  0.02168  0.01448  0.80968  -224.37178  -226.19173  2.32234   768
998.00  0.02235  0.02168  0.01373  0.80968  -225.52077  -227.35597  2.02484   768
999.00  0.02233  0.02168  0.01320  0.80968  -226.34779  -228.21351  2.02484   768
1000.00  0.02236  0.02168  0.01277  0.80968  -226.98408  -228.83302  2.02484   768
1001.00  0.02235  0.02168  0.01271  0.80968  -227.18550  -229.09242  2.02484   768
1002.00  0.02234  0.02168  0.01329  0.80968  -226.35847  -228.30049  2.02484   768
1003.00  0.02234  0.02168  0.01380  0.80968  -225.49177  -227.41701  2.02484   768
1004.00  0.02233  0.02168  0.01424  0.80968  -224.82954  -226.74715  2.02484   768
1005.00  0.02233  0.02168  0.01437  0.80968  -224.59914  -226.45112  2.02484   768
1006.00  0.02234  0.02168  0.01425  0.80968  -224.77156  -226.62050  2.02484   768
1007.00  0.02233  0.02168  0.01384  0.80968  -225.36055  -227.20643  2.02484   768
1008.00  0.02233  0.02168  0.01331  0.80968  -226.12807  -227.94038  1.69242   768
1009.00  0.02233  0.02168  0.01276  0.80968  -226.99171  -228.84065  1.63376   768
1010.00  0.02232  0.02168  0.01267  0.80968  -227.21754  -229.10768  1.63376   768
1011.00  0.02232  0.02168  0.01279  0.80968  -227.03749  -228.95509  1.63376   768
1012.00  0.02234  0.02168  0.01352  0.80968  -226.00752  -228.00142  1.63376   768
1013.00  0.02233  0.02168  0.01420  0.80968  -224.93330  -226.86616  1.63376   768
1014.00  0.02232  0.02168  0.01446  0.80968  -224.47859  -226.38246  1.63376   768
1015.00  0.02231  0.02168  0.01450  0.80968  -224.41450  -226.29396  1.63376   768
1016.00  0.02232  0.02168  0.01415  0.80968  -224.90889  -226.76240  1.63376   768
1017.00  0.02232  0.02168  0.01350  0.80968  -225.89308  -227.72829  1.63376   768
1018.00  0.02231  0.02168  0.01304  0.80968  -226.64686  -228.48512  1.63376   768
1019.00  0.02232  0.02168  0.01250  0.80968  -227.43269  -229.27553  1.62585   768
1020.00  0.02234  0.02168  0.01238  0.80968  -227.65089  -229.54103  1.62247   768
1021.00  0.02231  0.02168  0.01276  0.80968  -227.09700  -228.98866  1.62247   768
1022.00  0.02232  0.02168  0.01315  0.80968  -226.51869  -228.45308  1.62247   768
1023.00  0.02231  0.02168  0.01408  0.80968  -225.11793  -227.06758  1.62247   768
1024.00  0.02232  0.02168  0.01404  0.80968  -225.05842  -226.89973  1.62247   768
1025.00  0.02230  0.02168  0.01382  0.80968  -225.43837  -227.29188  1.62247   768
1026.00  0.02229  0.02168  0.01338  0.80968  -226.03956  -227.87630  1.62247   768
1027.00  0.02226  0.02168  0.01293  0.80968  -226.80098  -228.62245  1.62247   768
1028.00  0.02226  0.02168  0.01245  0.80968  -227.46016  -229.32435  1.62247   768
1029.00  0.02224  0.02168  0.01222  0.80968  -227.88435  -229.75313  1.62247   768
1030.00  0.02227  0.02168  0.01217  0.80968  -228.00490  -229.89503  1.62343   768
1031.00  0.02225  0.02168  0.01265  0.80968  -227.32283  -229.27400  1.62384   768
1032.00  0.02225  0.02168  0.01326  0.80968  -226.34779  -228.29286  1.62384   768
1033.00  0.02226  0.02168  0.01358  0.80968  -225.82747  -227.73439  1.62384   768
1034.00  0.02226  0.02168  0.01364  0.80968  -225.72218  -227.62147  1.62384   768
1035.00  0.02225  0.02168  0.01334  0.80968  -226.14332  -227.98768  1.62384   768
1036.00  0.02227  0.02168  0.01290  0.80968  -226.77046  -228.60567  1.62384   768
1037.00  0.02226  0.02168  0.01249  0.80968  -227.46474  -229.31520  1.62384   768
1038.00  0.02224  0.02168  0.01219  0.80968  -227.96828  -229.80348  1.62384   768
1039.00  0.02225  0.02168  0.01225  0.80968  -227.89503  -229.79585  1.62384   768
1040.00  0.02225  0.02168  0.01273  0.80968  -227.16261  -229.08479  1.62384   768
1041.00  0.02226  0.02168  0.01342  0.80968  -226.12349  -228.06245  1.62346   768
1042.00  0.02225  0.02168  0.01388  0.80968  -225.39870  -227.31019  1.62308   768
1043.00  0.02225  0.02168  0.01399  0.80968  -225.16066  -227.03401  1.62308   768
1044.00  0.02226  0.02168  0.01359  0.80968  -225.71760  -227.55128  1.62308   768
1045.00  0.02225  0.02168  0.01310  0.80968  -226.50343  -228.34474  1.62308   768
1046.00  0.02226  0.02168  0.01251  0.80968  -227.43117  -229.27248  1.62308   768
1047.00  0.02226  0.02168  0.01230  0.80968  -227.74092  -229.62648  1.62308   768
1048.00  0.02225  0.02168  0.01212  0.80968  -228.07051  -229.99727  1.62308   768
1049.00  0.02227  0.02168  0.01240  0.80968  -227.67226  -229.60206  1.62308   768
1050.00  0.02226  0.02168  0.01308  0.80968  -226.64839  -228.61024  1.62308   768
1051.00  0.02226  0.02168  0.01363  0.80968  -225.82442  -227.76948  1.62308   768
1052.00  0.02227  0.02168  0.01402  0.80968  -225.13167  -227.03401  1.51534   768
1053.00  0.02226  0.02168  0.01386  0.80968  -225.32088  -227.15761  1.38367   768
1054.00  0.02225  0.02168  0.01332  0.80968  -226.16469  -227.97853  1.38367   768
1055.00  0.02224  0.02168  0.01265  0.80968  -227.18703  -228.98561  1.38367   768
1056.00  0.02226  0.02168  0.01210  0.80968  -228.02168  -229.85078  1.38367   768
1057.00  0.02226  0.02168  0.01180  0.80968  -228.54353  -230.39857  1.38367   768
1058.00  0.02227  0.02168  0.01198  0.80968  -228.28718  -230.18342  1.38367   768
1059.00  0.02227  0.02168  0.01239  0.80968  -227.70735  -229.64326  1.38367   768
1060.00  0.02225  0.02168  0.01302  0.80968  -226.73079  -228.66670  1.38367   768
1061.00  0.02226  0.02168  0.01362  0.80968  -225.80458  -227.75423  1.38367   768
1062.00  0.02224  0.02168  0.01382  0.80968  -225.46126  -227.33766  1.38367   768
1063.00  0.02227  0.02168  0.01345  0.80968  -225.95564  -227.80153  1.45517   768
1064.00  0.02224  0.02168  0.01292  0.80968  -226.76131  -228.57820  1.62201   768
1065.00  0.02226  0.02168  0.01239  0.80968  -227.59444  -229.45863  1.62201   768
1066.00  0.02226  0.02168  0.01202  0.80968  -228.19258  -230.05525  1.62201   768
1067.00  0.02226  0.02168  0.01191  0.80968  -228.39247  -230.28566  1.62201   768
1068.00  0.02227  0.02168  0.01218  0.80968  -228.06898  -229.98353  1.62201   768
1069.00  0.02227  0.02168  0.01284  0.80968  -226.98256  -228.95051  1.62201   768
1070.00  0.02225  0.02168  0.01347  0.80968  -226.01973  -227.94954  1.62201   768
1071.00  0.02226  0.02168  0.01387  0.80968  -225.39107  -227.29188  1.62201   768
1072.00  0.02225  0.02168  0.01376  0.80968  -225.47652  -227.32240  1.62201   768
1073.00  0.02225  0.02168  0.01327  0.80968  -226.21657  -228.03499  1.62201   768
1074.00  0.02226  0.02168  0.01268  0.80968  -227.12904  -228.94136  1.61304   768
1075.00  0.02226  0.02168  0.01204  0.80968  -228.12239  -229.94997  1.58615   768
1076.00  0.02226  0.02168  0.01181  0.80968  -228.50539  -230.36500  1.58615   768
1077.00  0.02227  0.02168  0.01196  0.80968  -228.31007  -230.20326  1.58615   768
1078.00  0.02226  0.02168  0.01250  0.80968  -227.54713  -229.49678  1.58615   768
1079.00  0.02226  0.02168  0.01314  0.80968  -226.51564  -228.46376  1.58615   768
1080.00  0.02226  0.02168  0.01354  0.80968  -225.89766  -227.81984  1.58615   768
1081.00  0.02225  0.02168  0.01366  0.80968  -225.70845  -227.60927  1.58615   768
1082.00  0.02225  0.02168  0.01334  0.80968  -226.14027  -227.98006  1.58615   768
1083.00  0.02225  0.02168  0.01270  0.80968  -227.06496  -228.89558  1.58615   768
1084.00  0.02225  0.02168  0.01217  0.80968  -227.96370  -229.79585  1.58615   768
1085.00  0.02225  0.02168  0.01170  0.80968  -228.66408  -230.52217  1.59216   768
1086.00  0.02226  0.02168  0.01163  0.80968  -228.86549  -230.76478  1.64627   768
1087.00  0.02225  0.02168  0.01204  0.80968  -228.22462  -230.13765  1.64627   768
1088.00  0.02226  0.02168  0.01262  0.80968  -227.33504  -229.26332  1.64627   768
1089.00  0.02225  0.02168  0.01322  0.80968  -226.41188  -228.35237  1.64627   768
1090.00  0.02226  0.02168  0.01346  0.80968  -225.98006  -227.85493  1.64627   768
1091.00  0.02224  0.02168  0.01346  0.80968  -225.97853  -227.83052  1.64627   768
1092.00  0.02225  0.02168  0.01313  0.80968  -226.46681  -228.30202  1.64627   768
1093.00  0.02226  0.02168  0.01253  0.80968  -227.34572  -229.16719  1.64627   768
1094.00  0.02225  0.02168  0.01199  0.80968  -228.22310  -230.04762  1.64627   768
1095.00  0.02227  0.02168  0.01181  0.80968  -228.53133  -230.41536  1.64627   768
1096.00  0.02225  0.02168  0.01188  0.80968  -228.47792  -230.38331  1.64527   768
1097.00  0.02225  0.02168  0.01237  0.80968  -227.74092  -229.68904  1.62628   768
1098.00  0.02226  0.02168  0.01292  0.80968  -226.91542  -228.86201  1.62628   768
1099.00  0.02225  0.02168  0.01337  0.80968  -226.17232  -228.10060  1.62628   768
1100.00  0.02225  0.02168  0.01349  0.80968  -225.99531  -227.88545  1.62628   768
1101.00  0.02226  0.02168  0.01334  0.80968  -226.16621  -228.01515  1.62628   768
1102.00  0.02227  0.02168  0.01285  0.80968  -226.86812  -228.70943  1.62628   768
1103.00  0.02226  0.02168  0.01219  0.80968  -227.89503  -229.71498  1.62628   768
1104.00  0.02227  0.02168  0.01162  0.80968  -228.76936  -230.60609  1.62628   768
1105.00  0.02225  0.02168  0.01160  0.80968  -228.88075  -230.75563  1.62628   768
1106.00  0.02227  0.02168  0.01203  0.80968  -228.24293  -230.17427  1.62628   768
1107.00  0.02226  0.02168  0.01270  0.80968  -227.24348  -229.16719  1.62628   768
1108.00  0.02226  0.02168  0.01333  0.80968  -226.25319  -228.17995  1.38754   768
1109.00  0.02226  0.02168  0.01345  0.80968  -226.01973  -227.89308  1.37497   768
1110.00  0.02226  0.02168  0.01323  0.80968  -226.31117  -228.16926  1.37497   768
1111.00  0.02227  0.02168  0.01281  0.80968  -226.94136  -228.77809  1.37497   768
1112.00  0.02225  0.02168  0.01224  0.80968  -227.84773  -229.70277  1.37497   768
1113.00  0.02227  0.02168  0.01168  0.80968  -228.67171  -230.50691  1.37497   768
1114.00  0.02226  0.02168  0.01156  0.80968  -228.93568  -230.83955  1.37497   768
1115.00  0.02226  0.02168  0.01172  0.80968  -228.70985  -230.62135  1.37497   768
1116.00  0.02225  0.02168  0.01228  0.80968  -227.87367  -229.82484  1.37497   768
1117.00  0.02224  0.02168  0.01293  0.80968  -226.86659  -228.81013  1.37497   768
1118.00  0.02225  0.02168  0.01343  0.80968  -226.14638  -228.07161  1.37497   768
1119.00  0.02226  0.02168  0.01350  0.80968  -225.94191  -227.82442  1.59559   768
1120.00  0.02224  0.02168  0.01310  0.80968  -226.46681  -228.29744  1.63452   768
1121.00  0.02226  0.02168  0.01252  0.80968  -227.37318  -229.21602  1.63452   768
1122.00  0.02224  0.02168  0.01192  0.80968  -228.28718  -230.09950  1.63452   768
1123.00  0.02224  0.02168  0.01150  0.80968  -228.97993  -230.80751  1.63452   768
1124.00  0.02225  0.02168  0.01155  0.80968  -228.96467  -230.87160  1.63452   768
1125.00  0.02226  0.02168  0.01212  0.80968  -228.11476  -230.04457  1.63452   768
1126.00  0.02225  0.02168  0.01282  0.80968  -227.05275  -229.01765  1.63452   768
1127.00  0.02225  0.02168  0.01334  0.80968  -226.17537  -228.09297  1.63452   768
1128.00  0.02226  0.02168  0.01360  0.80968  -225.85646  -227.75270  1.63452   768
1129.00  0.02226  0.02168  0.01341  0.80968  -226.03041  -227.87324  1.63452   768
1130.00  0.02225  0.02168  0.01293  0.80968  -226.76588  -228.62245  1.45123   768
1131.00  0.02226  0.02168  0.01230  0.80968  -227.75008  -229.57155  1.37268   768
1132.00  0.02225  0.02168  0.01184  0.80968  -228.45198  -230.29939  1.37268   768
1133.00  0.02225  0.02168  0.01156  0.80968  -228.91890  -230.79378  1.37268   768
1134.00  0.02224  0.02168  0.01176  0.80968  -228.66865  -230.58321  1.37268   768
1135.00  0.02224  0.02168  0.01233  0.80968  -227.79890  -229.74855  1.37268   768
1136.00  0.02226  0.02168  0.01301  0.80968  -226.79640  -228.73842  1.37268   768
1137.00  0.02226  0.02168  0.01338  0.80968  -226.12654  -228.02888  1.37268   768
1138.00  0.02225  0.02168  0.01342  0.80968  -226.03804  -227.91749  1.37268   768
1139.00  0.02226  0.02168  0.01306  0.80968  -226.56752  -228.37984  1.37268   768
1140.00  0.02225  0.02168  0.01254  0.80968  -227.34114  -229.16872  1.37268   768
1141.00  0.02225  0.02168  0.01192  0.80968  -228.29481  -230.10255  1.37689   768
1142.00  0.02226  0.02168  0.01163  0.80968  -228.81666  -230.68696  1.37970   768
1143.00  0.02227  0.02168  0.01173  0.80968  -228.60304  -230.49013  1.37970   768
1144.00  0.02227  0.02168  0.01210  0.80968  -228.21394  -230.16359  1.37970   768
1145.00  0.02225  0.02168  0.01275  0.80968  -227.14888  -229.11378  1.37970   768
1146.00  0.02225  0.02168  0.01330  0.80968  -226.31270  -228.23030  1.37970   768
1147.00  0.02225  0.02168  0.01355  0.80968  -225.86409  -227.76491  1.37970   768
1148.00  0.02226  0.02168  0.01338  0.80968  -226.07313  -227.94496  1.37970   768
1149.00  0.02225  0.02168  0.01284  0.80968  -226.94136  -228.77199  1.37970   768
1150.00  0.02224  0.02168  0.01218  0.80968  -227.88893  -229.71651  1.37970   768
1151.00  0.02226  0.02168  0.01180  0.80968  -228.50386  -230.36806  1.37970   768
1152.00  0.02226  0.02168  0.01162  0.80968  -228.79225  -230.67018  1.37466   768
1153.00  0.02226  0.02168  0.01179  0.80968  -228.63356  -230.53590  1.36963   768
1154.00  0.02226  0.02168  0.01240  0.80968  -227.67988  -229.60512  1.36963   768
1155.00  0.02225  0.02168  0.01300  0.80968  -226.77199  -228.70943  1.36963   768
1156.00  0.02226  0.02168  0.01342  0.80968  -226.06703  -227.95564  1.36963   768
1157.00  0.02226  0.02168  0.01351  0.80968  -225.92360  -227.78627  1.36963   768
1158.00  0.02226  0.02168  0.01319  0.80968  -226.35390  -228.18147  1.36963   768
1159.00  0.02225  0.02168  0.01257  0.80968  -227.28621  -229.10463  1.36963   768
1160.00  0.02226  0.02168  0.01185  0.80968  -228.39705  -230.22005  1.36963   768
1161.00  0.02225  0.02168  0.01154  0.80968  -228.96162  -230.82277  1.36963   768
1162.00  0.02225  0.02168  0.01158  0.80968  -228.89296  -230.79530  1.36963   768
1163.00  0.02227  0.02168  0.01209  0.80968  -228.16969  -230.11629  1.47798   768
1164.00  0.02225  0.02168  0.01269  0.80968  -227.25111  -229.20228  1.61041   768
1165.00  0.02226  0.02168  0.01325  0.80968  -226.38136  -228.33101  1.61041   768
1166.00  0.02225  0.02168  0.01356  0.80968  -225.88087  -227.78779  1.61041   768
1167.00  0.02224  0.02168  0.01328  0.80968  -226.21962  -228.07466  1.61041   768
1168.00  0.02226  0.02168  0.01274  0.80968  -227.04817  -228.88338  1.61041   768
1169.00  0.02226  0.02168  0.01214  0.80968  -227.98659  -229.80958  1.61041   768
1170.00  0.02225  0.02168  0.01171  0.80968  -228.65340  -230.50233  1.61041   768
1171.00  0.02226  0.02168  0.01148  0.80968  -229.05318  -230.90059  1.61041   768
1172.00  0.02226  0.02168  0.01177  0.80968  -228.65340  -230.58168  1.61041   768
1173.00  0.02224  0.02168  0.01241  0.80968  -227.67073  -229.61122  1.61041   768
1174.00  0.02226  0.02168  0.01304  0.80968  -226.69417  -228.62245  1.54001   768
1175.00  0.02226  0.02168  0.01352  0.80968  -225.92055  -227.83815  1.37573   768
1176.00  0.02225  0.02168  0.01362  0.80968  -225.72218  -227.60164  1.37573   768
1177.00  0.02226  0.02168  0.01322  0.80968  -226.32643  -228.16011  1.37573   768
1178.00  0.02225  0.02168  0.01249  0.80968  -227.38844  -229.20228  1.37573   768
1179.00  0.02226  0.02168  0.01193  0.80968  -228.33449  -230.17274  1.37573   768
1180.00  0.02225  0.02168  0.01160  0.80968  -228.80751  -230.69154  1.37573   768
1181.00  0.02226  0.02168  0.01166  0.80968  -228.80293  -230.71443  1.37573   768
1182.00  0.02226  0.02168  0.01213  0.80968  -228.12544  -230.07204  1.37573   768
1183.00  0.02224  0.02168  0.01281  0.80968  -227.09700  -229.05733  1.37573   768
1184.00  0.02226  0.02168  0.01333  0.80968  -226.23030  -228.15401  1.37573   768
1185.00  0.02226  0.02168  0.01352  0.80968  -225.97853  -227.88850  1.44089   768
1186.00  0.02226  0.02168  0.01331  0.80968  -226.19826  -228.03041  1.63635   768
1187.00  0.02226  0.02168  0.01290  0.80968  -226.76588  -228.58583  1.63635   768
1188.00  0.02226  0.02168  0.01216  0.80968  -227.93776  -229.74550  1.63635   768
1189.00  0.02225  0.02168  0.01170  0.80968  -228.65492  -230.49928  1.63635   768
1190.00  0.02225  0.02168  0.01158  0.80968  -228.89143  -230.75258  1.63635   768
1191.00  0.02226  0.02168  0.01164  0.80968  -228.80446  -230.70680  1.63635   768
1192.00  0.02224  0.02168  0.01227  0.80968  -227.91182  -229.87672  1.63635   768
1193.00  0.02225  0.02168  0.01300  0.80968  -226.68959  -228.61787  1.63635   768
1194.00  0.02224  0.02168  0.01339  0.80968  -226.11433  -228.02583  1.63635   768
1195.00  0.02225  0.02168  0.01330  0.80968  -226.23183  -228.10670  1.63635   768
1196.00  0.02226  0.02168  0.01293  0.80968  -226.75978  -228.59193  1.63263   768
1197.00  0.02227  0.02168  0.01222  0.80968  -227.82179  -229.64174  1.59912   768
1198.00  0.02224  0.02168  0.01166  0.80968  -228.75410  -230.60762  1.59912   768
1199.00  0.02224  0.02168  0.01149  0.80968  -229.04097  -230.92805  1.59912   768
1200.00  0.02225  0.02168  0.01167  0.80968  -228.77089  -230.69459  1.59912   768
1201.00  0.02225  0.02168  0.01202  0.80968  -228.27803  -230.22615  1.59912   768
1202.00  0.02227  0.02168  0.01272  0.80968  -227.14430  -229.08937  1.59912   768
1203.00  0.02225  0.02168  0.01315  0.80968  -226.53853  -228.43782  1.59912   768
1204.00  0.02225  0.02168  0.01328  0.80968  -226.30659  -228.17232  1.59912   768
1205.00  0.02225  0.02168  0.01316  0.80968  -226.43172  -228.28371  1.59912   768
1206.00  0.02224  0.02168  0.01275  0.80968  -227.04207  -228.87117  1.59912   768
1207.00  0.02224  0.02168  0.01215  0.80968  -227.93013  -229.74397  1.58779   768
1208.00  0.02223  0.02168  0.01170  0.80968  -228.69002  -230.53895  1.37253   768
1209.00  0.02225  0.02168  0.01163  0.80968  -228.80446  -230.70375  1.37253   768
1210.00  0.02225  0.02168  0.01198  0.80968  -228.34822  -230.26582  1.37253   768
1211.00  0.02225  0.02168  0.01259  0.80968  -227.41591  -229.36555  1.37253   768
1212.00  0.02225  0.02168  0.01317  0.80968  -226.46834  -228.41188  1.37253   768
1213.00  0.02225  0.02168  0.01350  0.80968  -225.96785  -227.87172  1.37253   768
1214.00  0.02224  0.02168  0.01343  0.80968  -226.03346  -227.90681  1.37253   768
1215.00  0.02226  0.02168  0.01302  0.80968  -226.61177  -228.46681  1.37253   768
1216.00  0.02225  0.02168  0.01231  0.80968  -227.68446  -229.51356  1.37253   768
1217.00  0.02224  0.02168  0.01179  0.80968  -228.52980  -230.38026  1.37253   768
1218.00  0.02225  0.02168  0.01174  0.80968  -228.70222  -230.57863  1.37253   768
1219.00  0.02225  0.02168  0.01190  0.80968  -228.42909  -230.33754  1.93764   768
1220.00  0.02224  0.02168  0.01237  0.80968  -227.69514  -229.61580  2.00043   768
1221.00  0.02225  0.02168  0.01286  0.80968  -226.93983  -228.85438  2.00043   768
1222.00  0.02225  0.02168  0.01324  0.80968  -226.34627  -228.25471  2.00043   768
1223.00  0.02225  0.02168  0.01343  0.80968  -226.04414  -227.91597  2.00043   768
1224.00  0.02224  0.02168  0.01318  0.80968  -226.37678  -228.20589  2.00043   768
1225.00  0.02224  0.02168  0.01261  0.80968  -227.21449  -229.03444  2.00043   768
1226.00  0.02226  0.02168  0.01186  0.80968  -228.39705  -230.21394  2.00043   768
1227.00  0.02226  0.02168  0.01130  0.80968  -229.30647  -231.15694  2.00043   768
1228.00  0.02225  0.02168  0.01135  0.80968  -229.22102  -231.13557  2.00043   768
1229.00  0.02225  0.02168  0.01178  0.80968  -228.64119  -230.56795  2.00043   768
1230.00  0.02226  0.02168  0.01245  0.80968  -227.60359  -229.56087  2.02455   768
1231.00  0.02226  0.02168  0.01292  0.80968  -226.87269  -228.81471  2.02881   768
1232.00  0.02224  0.02168  0.01329  0.80968  -226.28981  -228.22725  2.02881   768
1233.00  0.02225  0.02168  0.01330  0.80968  -226.24861  -228.11433  2.02881   768
1234.00  0.02223  0.02168  0.01272  0.80968  -227.08479  -228.90016  2.02881   768
1235.00  0.02227  0.02168  0.01210  0.80968  -228.04304  -229.88130  2.02881   768
1236.00  0.02225  0.02168  0.01171  0.80968  -228.62898  -230.47792  2.02881   768
1237.00  0.02225  0.02168  0.01160  0.80968  -228.84108  -230.72969  2.02881   768
1238.00  0.02224  0.02168  0.01168  0.80968  -228.76173  -230.65187  2.02881   768
1239.00  0.02225  0.02168  0.01212  0.80968  -228.08729  -230.01863  2.02881   768
1240.00  0.02224  0.02168  0.01286  0.80968  -226.99782  -228.93678  2.02881   768
1241.00  0.02224  0.02168  0.01344  0.80968  -226.08534  -228.00447  2.58017   768
1242.00  0.02225  0.02168  0.01365  0.80968  -225.70387  -227.59553  2.81647   768
1243.00  0.02226  0.02168  0.01336  0.80968  -226.09144  -227.90834  2.81647   768
1244.00  0.02224  0.02168  0.01264  0.80968  -227.16109  -228.97035  2.81647   768
1245.00  0.02225  0.02168  0.01192  0.80968  -228.28108  -230.12392  2.81647   768
1246.00  0.02226  0.02168  0.01153  0.80968  -228.93416  -230.81056  2.81647   768
1247.00  0.02225  0.02168  0.01170  0.80968  -228.75868  -230.67476  2.81647   768
1248.00  0.02225  0.02168  0.01211  0.80968  -228.13460  -230.07967  2.81647   768
1249.00  0.02224  0.02168  0.01272  0.80968  -227.17940  -229.13515  2.81647   768
1250.00  0.02224  0.02168  0.01322  0.80968  -226.38289  -228.31117  2.81647   768
1251.00  0.02224  0.02168  0.01343  0.80968  -226.01210  -227.91292  2.81647   768
1252.00  0.02226  0.02168  0.01336  0.80968  -226.12349  -227.99989  3.82793   768
1253.00  0.02224  0.02168  0.01296  0.80968  -226.64839  -228.48512  4.37256   768
1254.00  0.02224  0.02168  0.01226  0.80968  -227.80196  -229.60512  4.37256   768
1255.00  0.02223  0.02168  0.01163  0.80968  -228.75410  -230.56642  4.37256   768
1256.00  0.02224  0.02168  0.01135  0.80968  -229.22560  -231.08675  4.37256   768
1257.00  0.02224  0.02168  0.01156  0.80968  -228.93873  -230.83955  4.37256   768
1258.00  0.02223  0.02168  0.01209  0.80968  -228.20479  -230.15443  4.37256   768
1259.00  0.02226  0.02168  0.01289  0.80968  -226.94289  -228.88338  4.37256   768
1260.00  0.02224  0.02168  0.01335  0.80968  -226.17842  -228.10060  4.37256   768
1261.00  0.02224  0.02168  0.01337  0.80968  -226.11738  -227.99837  4.37256   768
1262.00  0.02225  0.02168  0.01301  0.80968  -226.62398  -228.45460  4.37256   768
1263.00  0.02224  0.02168  0.01243  0.80968  -227.53950  -229.38234  3.47533   768
1264.00  0.02225  0.02168  0.01174  0.80968  -228.59694  -230.42299  2.74124   768
1265.00  0.02224  0.02168  0.01140  0.80968  -229.16304  -231.04097  2.74124   768
1266.00  0.02224  0.02168  0.01136  0.80968  -229.24086  -231.14931  2.74124   768
1267.00  0.02225  0.02168  0.01178  0.80968  -228.63814  -230.55879  2.74124   768
1268.00  0.02226  0.02168  0.01238  0.80968  -227.68904  -229.65852  2.74124   768
1269.00  0.02226  0.02168  0.01297  0.80968  -226.82081  -228.73689  2.74124   768
1270.00  0.02226  0.02168  0.01320  0.80968  -226.37526  -228.25624  2.74124   768
1271.00  0.02224  0.02168  0.01311  0.80968  -226.47902  -228.31727  2.74124   768
1272.00  0.02224  0.02168  0.01286  0.80968  -226.84370  -228.66670  2.74124   768
1273.00  0.02224  0.02168  0.01133  0.80968  -229.13863  -230.86702  2.74124   768
1274.00  0.02224  0.02168  0.01051  0.80968  -230.47530  -232.28456  3.75761   768
1275.00  0.02224  0.02168  0.00983  0.80968  -231.52357  -233.33589  4.99985   768
1276.00  0.02223  0.02168  0.00995  0.80968  -231.43965  -233.37556  4.99985   768
1277.00  0.02225  0.02168  0.01063  0.80968  -230.39290  -232.30592  4.99985   768
1278.00  0.02227  0.02168  0.01115  0.80968  -229.62080  -231.57960  4.99985   768
1279.00  0.02226  0.02168  0.01193  0.80968  -228.39400  -230.34975  4.99985   768
1280.00  0.02225  0.02168  0.01169  0.80968  -228.64424  -230.49776  4.99985   768
1281.00  0.02223  0.02168  0.01170  0.80968  -228.74800  -230.66560  4.99985   768
1282.00  0.02225  0.02168  0.01137  0.80968  -229.11574  -230.94636  4.99985   768
1283.00  0.02225  0.02168  0.01045  0.80968  -230.58211  -232.40816  4.99985   768
1284.00  0.02225  0.02168  0.01035  0.80968  -230.75606  -232.64162  4.99985   768
1285.00  0.02226  0.02168  0.01024  0.80968  -230.90254  -232.78505  4.99985   768
1286.00  0.02225  0.02168  0.01064  0.80968  -230.43257  -232.40510  4.99985   768
1287.00  0.02225  0.02168  0.01158  0.80968  -228.95247  -230.89296  4.99985   768
1288.00  0.02224  0.02168  0.01192  0.80968  -228.40010  -230.28261  4.99985   768
1289.00  0.02225  0.02168  0.01232  0.80968  -227.79585  -229.71498  4.99985   768
1290.00  0.02225  0.02168  0.01220  0.80968  -227.87367  -229.69820  4.99985   768
1291.00  0.02225  0.02168  0.01167  0.80968  -228.74495  -230.56642  4.99985   768
1292.00  0.02225  0.02168  0.01128  0.80968  -229.33852  -231.18440  4.99985   768
1293.00  0.02226  0.02168  0.01078  0.80968  -230.06026  -231.90614  4.99985   768
1294.00  0.02224  0.02168  0.01074  0.80968  -230.21437  -232.12129  4.99985   768
1295.00  0.02225  0.02168  0.01144  0.80968  -229.15388  -231.10048  4.99985   768
1296.00  0.02225  0.02168  0.01187  0.80968  -228.48555  -230.44282  4.99985   768
1297.00  0.02225  0.02168  0.01303  0.80968  -226.81319  -228.84370  4.99985   768
1298.00  0.02224  0.02168  0.01399  0.80968  -225.19881  -227.12709  4.99985   768
1299.00  0.02224  0.02168  0.01428  0.80968  -224.84633  -226.80513  4.99985   768
1300.00  0.02225  0.02168  0.01555  0.80968  -222.83522  -224.80470  4.99985   768
1301.00  0.02225  0.02168  0.01502  0.80968  -223.48524  -225.29298  4.99985   768
1302.00  0.02224  0.02168  0.01524  0.80968  -223.37080  -225.36775  4.99985   768
1303.00  0.02225  0.02168  0.01625  0.80968  -221.78084  -223.68013  4.99985   768
1304.00  0.02224  0.02168  0.01660  0.80968  -221.25441  -223.20405  4.99985   768
1305.00  0.02223  0.02168  0.01870  0.80968  -218.15230  -220.25911  4.99985   768
1306.00  0.02224  0.02168  0.01956  0.80968  -216.65999  -218.56996  4.99985   768
1307.00  0.02225  0.02168  0.02072  0.80968  -214.99525  -217.00441  4.99985   768
1308.00  0.02225  0.02168  0.02192  0.80968  -213.03602  -214.97651  4.99985   768
1309.00  0.02224  0.02168  0.02181  0.80968  -213.21150  -215.09706  4.99985   768
1310.00  0.02224  0.02168  0.02231  0.80968  -212.43025  -214.32039  4.99985   768
1311.00  0.02223  0.02168  0.02229  0.80968  -212.37227  -214.22273  4.99985   768
1312.00  0.02224  0.02168  0.02196  0.80968  -212.99940  -214.90175  4.99985   768
1313.00  0.02224  0.02168  0.02237  0.80968  -212.35701  -214.28224  4.99985   768
1314.00  0.02224  0.02168  0.02232  0.80968  -212.39973  -214.29597  4.99985   768
1315.00  0.02224  0.02168  0.02313  0.80968  -211.28737  -213.29805  4.99985   768
1316.00  0.02225  0.02168  0.02400  0.80968  -209.88203  -211.79963  4.99985   768
1317.00  0.02224  0.02168  0.02394  0.80968  -209.92018  -211.80421  4.99985   768
1318.00  0.02224  0.02168  0.02412  0.80968  -209.60127  -211.51735  4.99985   768
1319.00  0.02225  0.02168  0.02341  0.80968  -210.59767  -212.36879  4.99985   768
1320.00  0.02226  0.02168  0.02277  0.80968  -211.67799  -213.51167  4.99985   768
1321.00  0.02224  0.02168  0.02229  0.80968  -212.34175  -214.17543  4.99985   768
1322.00  0.02223  0.02168  0.02186  0.80968  -213.09553  -214.95668  4.99985   768
1323.00  0.02223  0.02168  0.02235  0.80968  -212.42262  -214.35548  4.99985   768
1324.00  0.02224  0.02168  0.02314  0.80968  -211.18056  -213.13936  4.99985   768
1325.00  0.02224  0.02168  0.02393  0.80968  -210.03004  -211.99647  4.99985   768
1326.00  0.02223  0.02168  0.02493  0.80968  -208.43702  -210.39430  4.99985   768
1327.00  0.02224  0.02168  0.02527  0.80968  -207.88923  -209.77174  4.99985   768
1328.00  0.02224  0.02168  0.02536  0.80968  -207.70613  -209.61152  4.99985   768
1329.00  0.02223  0.02168  0.02531  0.80968  -207.77327  -209.64357  4.99985   768
1330.00  0.02223  0.02168  0.02487  0.80968  -208.44923  -210.29970  4.99985   768
1331.00  0.02222  0.02168  0.02513  0.80968  -208.11659  -210.05403  4.99985   768
1332.00  0.02222  0.02168  0.02527  0.80968  -207.90602  -209.81141  4.99985   768
1333.00  0.02224  0.02168  0.02587  0.80968  -207.05763  -209.04085  4.99985   768
1334.00  0.02221  0.02168  0.02757  0.80968  -204.47127  -206.50178  4.99985   768
1335.00  0.02224  0.02168  0.02855  0.80968  -202.90877  -204.89045  4.99985   768
1336.00  0.02223  0.02168  0.02910  0.80968  -201.97950  -203.90626  4.99985   768
1337.00  0.02222  0.02168  0.02941  0.80968  -201.48054  -203.33406  4.99985   768
1338.00  0.02222  0.02168  0.02897  0.80968  -202.13057  -203.98408  4.99985   768
1339.00  0.02224  0.02168  0.02904  0.80968  -202.07106  -203.96119  4.99985   768
1340.00  0.02222  0.02168  0.02880  0.80968  -202.40675  -204.24043  4.99985   768
1341.00  0.02223  0.02168  0.02892  0.80968  -202.26942  -204.14888  4.99985   768
1342.00  0.02223  0.02168  0.02882  0.80968  -202.39607  -204.25874  4.99985   768
1343.00  0.02222  0.02168  0.02902  0.80968  -202.19008  -204.08632  4.99985   768
1344.00  0.02223  0.02168  0.02969  0.80968  -201.16011  -203.11281  4.99985   768
1345.00  0.02223  0.02168  0.03017  0.80968  -200.39564  -202.33766  4.99985   768
1346.00  0.02222  0.02168  0.03029  0.80968  -200.16371  -202.06453  4.99985   768
1347.00  0.02223  0.02168  0.03006  0.80968  -200.45210  -202.28578  4.99985   768
1348.00  0.02222  0.02168  0.02927  0.80968  -201.62855  -203.43934  4.99985   768
1349.00  0.02223  0.02168  0.02900  0.80968  -202.10920  -204.00239  4.99985   768
1350.00  0.02223  0.02168  0.02853  0.80968  -202.79890  -204.63563  4.99985   768
1351.00  0.02224  0.02168  0.02838  0.80968  -203.09492  -204.97743  4.99985   768
1352.00  0.02223  0.02168  0.02877  0.80968  -202.53492  -204.47236  4.99985   768
1353.00  0.02224  0.02168  0.02910  0.80968  -202.01307  -203.91847  4.99985   768
1354.00  0.02221  0.02168  0.02973  0.80968  -201.05024  -202.97853  4.99985   768
1355.00  0.02222  0.02168  0.03024  0.80968  -200.28425  -202.19575  4.99985   768
1356.00  0.02223  0.02168  0.03063  0.80968  -199.60066  -201.49537  4.99985   768
1357.00  0.02222  0.02168  0.03031  0.80968  -200.06300  -201.91041  4.99985   768
1358.00  0.02223  0.02168  0.03013  0.80968  -200.38801  -202.25374  4.99985   768
1359.00  0.02222  0.02168  0.02993  0.80968  -200.67640  -202.51161  4.99985   768
1360.00  0.02223  0.02168  0.02985  0.80968  -200.81678  -202.70692  4.99985   768
1361.00  0.02223  0.02168  0.03025  0.80968  -200.27052  -202.20643  4.99985   768
1362.00  0.02222  0.02168  0.03086  0.80968  -199.32905  -201.28633  4.99985   768
1363.00  0.02222  0.02168  0.03174  0.80968  -198.03053  -200.00459  4.99985   768
1364.00  0.02221  0.02168  0.03251  0.80968  -196.80067  -198.74116  4.99985   768
1365.00  0.02222  0.02168  0.03284  0.80968  -196.26967  -198.17506  4.99985   768
1366.00  0.02223  0.02168  0.03291  0.80968  -196.12471  -198.01332  4.99985   768
1367.00  0.02219  0.02168  0.03254  0.80968  -196.62062  -198.44514  4.99985   768
1368.00  0.02222  0.02168  0.03181  0.80968  -197.74977  -199.58192  4.99985   768
1369.00  0.02221  0.02168  0.03155  0.80968  -198.14192  -200.01832  4.99985   768
1370.00  0.02222  0.02168  0.03134  0.80968  -198.56001  -200.41200  4.99985   768
1371.00  0.02223  0.02168  0.03139  0.80968  -198.50050  -200.38606  4.99985   768
1372.00  0.02222  0.02168  0.03191  0.80968  -197.72230  -199.65059  4.99985   768
1373.00  0.02222  0.02168  0.03228  0.80968  -197.11042  -198.99598  4.99985   768
1374.00  0.02223  0.02168  0.03256  0.80968  -196.66639  -198.55958  4.99985   768
1375.00  0.02221  0.02168  0.03244  0.80968  -196.83729  -198.67555  4.99985   768
1376.00  0.02223  0.02168  0.03173  0.80968  -197.83369  -199.63380  4.99985   768
1377.00  0.02223  0.02168  0.03119  0.80968  -198.71412  -200.53102  4.99985   768
1378.00  0.02223  0.02168  0.03062  0.80968  -199.60219  -201.42366  4.99985   768
1379.00  0.02221  0.02168  0.03038  0.80968  -200.00654  -201.89821  4.99985   768
1380.00  0.02222  0.02168  0.03052  0.80968  -199.81123  -201.72273  4.99985   768
1381.00  0.02220  0.02168  0.03093  0.80968  -199.24055  -201.18715  4.99985   768
1382.00  0.02222  0.02168  0.03166  0.80968  -198.12513  -200.08699  4.99985   768
1383.00  0.02222  0.02168  0.03228  0.80968  -197.12721  -199.06007  4.99985   768
1384.00  0.02221  0.02168  0.03229  0.80968  -197.06770  -198.93342  4.99985   768
1385.00  0.02221  0.02168  0.03204  0.80968  -197.49037  -199.36525  4.99985   768
1386.00  0.02222  0.02168  0.03204  0.80968  -197.43391  -199.29811  4.99985   768
1387.00  0.02221  0.02168  0.03163  0.80968  -198.03816  -199.87489  4.99985   768
1388.00  0.02220  0.02168  0.03149  0.80968  -198.27925  -200.13429  4.99985   768
1389.00  0.02223  0.02168  0.03178  0.80968  -197.89320  -199.80928  4.99985   768
1390.00  0.02221  0.02168  0.03239  0.80968  -196.95631  -198.86934  4.99985   768
1391.00  0.02221  0.02168  0.03299  0.80968  -196.05909  -197.98738  4.99985   768
1392.00  0.02221  0.02168  0.03347  0.80968  -195.27021  -197.18324  4.99985   768
1393.00  0.02220  0.02168  0.03379  0.80968  -194.80482  -196.71022  4.99985   768
1394.00  0.02222  0.02168  0.03397  0.80968  -194.51185  -196.38978  4.99985   768
1395.00  0.02221  0.02168  0.03367  0.80968  -194.95588  -196.80482  4.99985   768
1396.00  0.02220  0.02168  0.03315  0.80968  -195.70356  -197.53267  4.99985   768
1397.00  0.02222  0.02168  0.03248  0.80968  -196.70454  -198.52906  4.99985   768
1398.00  0.02222  0.02168  0.03199  0.80968  -197.51021  -199.37440  4.99985   768
1399.00  0.02222  0.02168  0.03198  0.80968  -197.56209  -199.47358  4.99985   768
1400.00  0.02221  0.02168  0.03235  0.80968  -197.04634  -198.97004  4.99985   768
1401.00  0.02222  0.02168  0.03286  0.80968  -196.21016  -198.13386  4.99985   768
1402.00  0.02221  0.02168  0.03313  0.80968  -195.79512  -197.69136  4.99985   768
1403.00  0.02222  0.02168  0.03294  0.80968  -196.03010  -197.88972  4.99985   768
1404.00  0.02222  0.02168  0.03258  0.80968  -196.58400  -198.39784  4.99985   768
1405.00  0.02221  0.02168  0.03189  0.80968  -197.64753  -199.44001  4.99985   768
1406.00  0.02221  0.02168  0.03125  0.80968  -198.58595  -200.40895  4.99985   768
1407.00  0.02221  0.02168  0.03083  0.80968  -199.28175  -201.12153  4.99985   768
1408.00  0.02221  0.02168  0.03086  0.80968  -199.31227  -201.19630  4.99985   768
1409.00  0.02221  0.02168  0.03122  0.80968  -198.75380  -200.65461  4.99985   768
1410.00  0.02223  0.02168  0.03179  0.80968  -197.89473  -199.83369  4.99985   768
1411.00  0.02222  0.02168  0.03200  0.80968  -197.52241  -199.41560  4.99985   768
1412.00  0.02221  0.02168  0.03212  0.80968  -197.32710  -199.20503  4.99985   768
1413.00  0.02222  0.02168  0.03189  0.80968  -197.63838  -199.50410  4.99985   768
1414.00  0.02221  0.02168  0.03132  0.80968  -198.52034  -200.35859  4.99985   768
1415.00  0.02222  0.02168  0.03080  0.80968  -199.34584  -201.20698  4.99985   768
1416.00  0.02220  0.02168  0.03060  0.80968  -199.64949  -201.54268  4.99985   768
1417.00  0.02220  0.02168  0.03069  0.80968  -199.56099  -201.47401  4.99985   768
1418.00  0.02222  0.02168  0.03116  0.80968  -198.88350  -200.82551  4.99985   768
1419.00  0.02222  0.02168  0.03191  0.80968  -197.76655  -199.71925  4.99985   768
1420.00  0.02221  0.02168  0.03272  0.80968  -196.49855  -198.44667  4.99985   768
1421.00  0.02221  0.02168  0.03323  0.80968  -195.67000  -197.57997  4.99985   768
1422.00  0.02221  0.02168  0.03331  0.80968  -195.47163  -197.34651  4.99985   768
1423.00  0.02220  0.02168  0.03294  0.80968  -196.01027  -197.85157  4.99985   768
1424.00  0.02221  0.02168  0.03252  0.80968  -196.65419  -198.49855  4.99985   768
1425.00  0.02221  0.02168  0.03235  0.80968  -196.98225  -198.82051  4.99985   768
1426.00  0.02223  0.02168  0.03219  0.80968  -197.21418  -199.08143  4.99985   768
1427.00  0.02221  0.02168  0.03237  0.80968  -196.99141  -198.89985  4.99985   768
1428.00  0.02220  0.02168  0.03265  0.80968  -196.57026  -198.48787  4.99985   768
1429.00  0.02221  0.02168  0.03302  0.80968  -196.02247  -197.95076  4.99985   768
1430.00  0.02221  0.02168  0.03328  0.80968  -195.56776  -197.47163  4.99985   768
1431.00  0.02221  0.02168  0.03318  0.80968  -195.69288  -197.56624  4.99985   768
1432.00  0.02221  0.02168  0.03283  0.80968  -196.21931  -198.07435  4.99985   768
1433.00  0.02220  0.02168  0.03207  0.80968  -197.30726  -199.11348  4.99985   768
1434.00  0.02220  0.02168  0.03119  0.80968  -198.66682  -200.47303  4.99985   768
1435.00  0.02222  0.02168  0.03061  0.80968  -199.64338  -201.47859  4.99985   768
1436.00  0.02220  0.02168  0.03042  0.80968  -199.95772  -201.81428  4.99985   768
1437.00  0.02220  0.02168  0.03056  0.80968  -199.75935  -201.65559  4.99985   768
1438.00  0.02220  0.02168  0.03108  0.80968  -198.97657  -200.90791  4.99985   768
1439.00  0.02221  0.02168  0.03152  0.80968  -198.28993  -200.17854  4.99985   768
1440.00  0.02220  0.02168  0.03180  0.80968  -197.85353  -199.74214  4.99985   768
1441.00  0.02221  0.02168  0.03186  0.80968  -197.68263  -199.54988  4.99985   768
1442.00  0.02221  0.02168  0.03143  0.80968  -198.29451  -200.12819  4.99985   768
1443.00  0.02222  0.02168  0.03085  0.80968  -199.27870  -201.09407  4.99985   768
1444.00  0.02221  0.02168  0.03030  0.80968  -200.09810  -201.94551  4.99985   768
1445.00  0.02222  0.02168  0.03003  0.80968  -200.55891  -202.43074  4.99985   768
1446.00  0.02220  0.02168  0.03032  0.80968  -200.13929  -202.08131  4.99985   768
1447.00  0.02221  0.02168  0.03092  0.80968  -199.26802  -201.21156  4.99985   768
1448.00  0.02221  0.02168  0.03173  0.80968  -198.05037  -200.03816  4.99985   768
1449.00  0.02222  0.02168  0.03228  0.80968  -197.11653  -199.01277  4.99985   768
1450.00  0.02220  0.02168  0.03237  0.80968  -196.97462  -198.86934  4.99985   768
1451.00  0.02222  0.02168  0.03235  0.80968  -196.96394  -198.81898  4.99985   768
1452.00  0.02220  0.02168  0.03189  0.80968  -197.64601  -199.46595  4.99985   768
1453.00  0.02221  0.02168  0.03131  0.80968  -198.56154  -200.38148  4.99985   768
1454.00  0.02221  0.02168  0.03104  0.80968  -198.98573  -200.84535  4.99985   768
1455.00  0.02220  0.02168  0.03102  0.80968  -199.03456  -200.93843  4.99985   768
1456.00  0.02221  0.02168  0.03149  0.80968  -198.31587  -200.23347  4.99985   768
1457.00  0.02220  0.02168  0.03226  0.80968  -197.18214  -199.14247  4.99985   768
1458.00  0.02222  0.02168  0.03320  0.80968  -195.84242  -197.88362  4.99985   768
1459.00  0.02222  0.02168  0.02855  0.80968  -201.94136  -203.00447  4.99985   768
1460.00  0.02224  0.02168  0.02075  0.80968  -213.91646  -214.99483  4.99985   768
1461.00  0.02222  0.02168  0.02143  0.80968  -214.28419  -216.66109  4.99985   768
1462.00  0.02221  0.02168  0.01733  0.80968  -219.29518  -220.50477  4.99985   768
1463.00  0.02221  0.02168  0.01190  0.80968  -228.18495  -229.77144  4.99985   768
1464.00  0.02222  0.02168  0.01610  0.80968  -222.09364  -224.25386  4.99985   768
1465.00  0.02222  0.02168  0.01109  0.80968  -229.16762  -230.55421  4.99985   768
1466.00  0.02222  0.02168  0.01143  0.80968  -229.66200  -232.00227  4.99985   768
1467.00  0.02222  0.02168  0.01499  0.80968  -223.30824  -225.00917  4.99985   768
1468.00  0.02222  0.02168  0.01057  0.80968  -230.33644  -232.04957  4.99985   768
1469.00  0.02224  0.02168  0.01407  0.80968  -225.60927  -228.01362  4.99985   768
1470.00  0.02222  0.02168  0.01253  0.80968  -226.71553  -227.97395  4.99985   768
1471.00  0.02223  0.02168  0.00980  0.80968  -231.78450  -233.75398  4.99985   768
1472.00  0.02221  0.02168  0.01305  0.80968  -226.75978  -228.82844  4.99985   768
1473.00  0.02222  0.02168  0.00878  0.80968  -232.66035  -234.03169  4.99985   768
1474.00  0.02222  0.02168  0.01000  0.80968  -231.73567  -233.99049  4.99985   768
1475.00  0.02223  0.02168  0.01187  0.80968  -228.27193  -230.04457  4.99985   768
1476.00  0.02223  0.02168  0.00912  0.80968  -232.68629  -234.49708  4.99985   768
1477.00  0.02221  0.02168  0.01283  0.80968  -227.31062  -229.54866  4.99985   768
1478.00  0.02221  0.02168  0.01208  0.80968  -227.78212  -229.37318  4.99985   768
1479.00  0.02222  0.02168  0.01096  0.80968  -230.03126  -232.07246  4.99985   768
1480.00  0.02223  0.02168  0.01254  0.80968  -227.35792  -229.22212  4.99985   768
1481.00  0.02224  0.02168  0.01012  0.80968  -230.88118  -232.52107  4.99985   768
1482.00  0.02222  0.02168  0.01054  0.80968  -230.68892  -232.76369  4.99985   768
1483.00  0.02222  0.02168  0.01069  0.80968  -230.08314  -231.85426  4.99985   768
1484.00  0.02222  0.02168  0.00937  0.80968  -232.26515  -234.12172  4.99985   768
1485.00  0.02222  0.02168  0.01110  0.80968  -229.80543  -231.86647  4.99985   768
1486.00  0.02223  0.02168  0.01114  0.80968  -229.48958  -231.28664  4.99985   768
1487.00  0.02223  0.02168  0.01112  0.80968  -229.67116  -231.63911  4.99985   768
1488.00  0.02221  0.02168  0.01229  0.80968  -227.80501  -229.71956  4.99985   768
1489.00  0.02222  0.02168  0.01145  0.80968  -228.97383  -230.74953  4.99985   768
1490.00  0.02223  0.02168  0.01136  0.80968  -229.25917  -231.17372  4.99985   768
1491.00  0.02223  0.02168  0.01134  0.80968  -229.13557  -230.93568  4.99985   768
1492.00  0.02223  0.02168  0.01039  0.80968  -230.65535  -232.49208  4.99985   768
1493.00  0.02222  0.02168  0.01089  0.80968  -230.06178  -232.01448  4.99985   768
1494.00  0.02223  0.02168  0.01095  0.80968  -229.82985  -231.67573  4.99985   768
1495.00  0.02221  0.02168  0.01131  0.80968  -229.38582  -231.34920  4.99985   768
1496.00  0.02221  0.02168  0.01230  0.80968  -227.84163  -229.80501  4.99985   768
1497.00  0.02222  0.02168  0.01199  0.80968  -228.19563  -230.03236  4.99985   768
1498.00  0.02221  0.02168  0.01204  0.80968  -228.24141  -230.16206  4.99985   768
1499.00  0.02223  0.02168  0.01175  0.80968  -228.50386  -230.30244  4.99985   768
1500.00  0.02222  0.02168  0.01047  0.80968  -230.50734  -232.31660  4.99985   768
1501.00  0.02222  0.02168  0.01041  0.80968  -230.74690  -232.65382  4.99985   768
1502.00  0.02223  0.02168  0.00994  0.80968  -231.33894  -233.15126  4.99985   768
1503.00  0.02223  0.02168  0.00981  0.80968  -231.65327  -233.58919  4.99985   768
1504.00  0.02222  0.02168  0.01078  0.80968  -230.16859  -232.10603  4.99985   768
1505.00  0.02222  0.02168  0.01092  0.80968  -229.90156  -231.78407  4.99985   768
1506.00  0.02222  0.02168  0.01150  0.80968  -229.08217  -231.03181  4.99985   768
1507.00  0.02223  0.02168  0.01179  0.80968  -228.51149  -230.35585  4.99985   768
1508.00  0.02223  0.02168  0.01115  0.80968  -229.48958  -231.31258  4.99985   768
1509.00  0.02223  0.02168  0.01112  0.80968  -229.57503  -231.45143  4.99985   768
1510.00  0.02222  0.02168  0.01037  0.80968  -230.68739  -232.47530  4.99985   768
1511.00  0.02222  0.02168  0.01000  0.80968  -231.30080  -233.19398  4.99985   768
1512.00  0.02224  0.02168  0.01039  0.80968  -230.78200  -232.71181  4.99985   768
1513.00  0.02222  0.02168  0.01044  0.80968  -230.67061  -232.56990  4.99985   768
1514.00  0.02222  0.02168  0.01127  0.80968  -229.44685  -231.45143  4.99985   768
1515.00  0.02221  0.02168  0.01183  0.80968  -228.49928  -230.40773  4.99985   768
1516.00  0.02223  0.02168  0.01177  0.80968  -228.60152  -230.50844  4.99985   768
1517.00  0.02223  0.02168  0.01178  0.80968  -228.58931  -230.46113  4.99985   768
1518.00  0.02222  0.02168  0.01113  0.80968  -229.49415  -231.31410  4.99985   768
1519.00  0.02223  0.02168  0.01049  0.80968  -230.51955  -232.36085  4.99985   768
1520.00  0.02221  0.02168  0.01021  0.80968  -230.88728  -232.73469  4.99985   768
1521.00  0.02222  0.02168  0.00990  0.80968  -231.48543  -233.34352  4.99985   768
1522.00  0.02221  0.02168  0.01033  0.80968  -230.85219  -232.79573  4.99985   768
1523.00  0.02221  0.02168  0.01094  0.80968  -229.91225  -231.82832  4.99985   768
1524.00  0.02222  0.02168  0.01139  0.80968  -229.21797  -231.13863  4.99985   768
1525.00  0.02222  0.02168  0.01198  0.80968  -228.26277  -230.17274  4.99985   768
1526.00  0.02223  0.02168  0.01195  0.80968  -228.33449  -230.19105  4.99985   768
1527.00  0.02221  0.02168  0.01162  0.80968  -228.74800  -230.60915  4.99985   768
1528.00  0.02222  0.02168  0.01109  0.80968  -229.55519  -231.36140  4.99985   768
1529.00  0.02222  0.02168  0.01032  0.80968  -230.80336  -232.61873  4.99985   768
1530.00  0.02222  0.02168  0.01002  0.80968  -231.26570  -233.15584  4.99985   768
1531.00  0.02222  0.02168  0.00996  0.80968  -231.38472  -233.29622  4.99985   768
1532.00  0.02223  0.02168  0.01040  0.80968  -230.76674  -232.71944  4.99985   768
1533.00  0.02222  0.02168  0.01116  0.80968  -229.61775  -231.59029  4.99985   768
1534.00  0.02221  0.02168  0.01147  0.80968  -229.08522  -230.99214  4.99985   768
1535.00  0.02222  0.02168  0.01165  0.80968  -228.77089  -230.67476  4.99985   768
1536.00  0.02221  0.02168  0.01133  0.80968  -229.20119  -231.01045  4.99985   768
1537.00  0.02223  0.02168  0.01072  0.80968  -230.13960  -231.97023  4.99985   768
1538.00  0.02221  0.02168  0.01022  0.80968  -230.92543  -232.75301  4.99985   768
1539.00  0.02222  0.02168  0.00980  0.80968  -231.57698  -233.40761  4.99985   768
1540.00  0.02222  0.02168  0.00968  0.80968  -231.81349  -233.70515  4.99985   768
1541.00  0.02223  0.02168  0.01018  0.80968  -231.06123  -233.00630  4.99985   768
1542.00  0.02223  0.02168  0.01084  0.80968  -230.12587  -232.08314  4.99985   768
1543.00  0.02222  0.02168  0.01160  0.80968  -228.93568  -230.88075  4.99985   768
1544.00  0.02220  0.02168  0.01204  0.80968  -228.17122  -230.08272  4.99985   768
1545.00  0.02222  0.02168  0.01202  0.80968  -228.16511  -230.05220  4.99985   768
1546.00  0.02222  0.02168  0.01158  0.80968  -228.82124  -230.65034  4.99985   768
1547.00  0.02222  0.02168  0.01095  0.80968  -229.79018  -231.61623  4.99985   768
1548.00  0.02221  0.02168  0.01026  0.80968  -230.84761  -232.69807  4.99985   768
1549.00  0.02221  0.02168  0.00998  0.80968  -231.33284  -233.20924  4.99985   768
1550.00  0.02221  0.02168  0.01003  0.80968  -231.26875  -233.19093  4.99985   768
1551.00  0.02222  0.02168  0.01045  0.80968  -230.68281  -232.62636  4.99985   768
1552.00  0.02225  0.02168  0.01110  0.80968  -229.66811  -231.60402  4.99985   768
1553.00  0.02224  0.02168  0.01175  0.80968  -228.66255  -230.59999  4.99985   768
1554.00  0.02221  0.02168  0.01199  0.80968  -228.25056  -230.13154  4.99985   768
1555.00  0.02223  0.02168  0.01170  0.80968  -228.64424  -230.48097  4.99985   768
1556.00  0.02222  0.02168  0.01118  0.80968  -229.42549  -231.24086  4.99985   768
1557.00  0.02221  0.02168  0.01050  0.80968  -230.48140  -232.27846  4.99985   768
1558.00  0.02222  0.02168  0.00998  0.80968  -231.31148  -233.16804  4.99985   768
1559.00  0.02221  0.02168  0.00990  0.80968  -231.48390  -233.37404  4.99985   768
1560.00  0.02222  0.02168  0.01027  0.80968  -230.99257  -232.92085  4.99985   768
1561.00  0.02223  0.02168  0.01094  0.80968  -229.93361  -231.88478  4.99985   768
1562.00  0.02223  0.02168  0.01164  0.80968  -228.89143  -230.83345  4.99985   768
1563.00  0.02222  0.02168  0.01203  0.80968  -228.22157  -230.14375  4.99985   768
1564.00  0.02223  0.02168  0.01196  0.80968  -228.26582  -230.12849  4.99985   768
1565.00  0.02222  0.02168  0.01154  0.80968  -228.90974  -230.76784  4.99985   768
1566.00  0.02221  0.02168  0.01088  0.80968  -229.88936  -231.70320  4.99985   768
1567.00  0.02222  0.02168  0.01022  0.80968  -230.93001  -232.76369  4.99985   768
1568.00  0.02222  0.02168  0.00981  0.80968  -231.61970  -233.48695  4.99985   768
1569.00  0.02221  0.02168  0.00990  0.80968  -231.52510  -233.42897  4.99985   768
1570.00  0.02223  0.02168  0.01044  0.80968  -230.65840  -232.60499  4.99985   768
1571.00  0.02222  0.02168  0.01109  0.80968  -229.70015  -231.64217  4.99985   768
1572.00  0.02222  0.02168  0.01174  0.80968  -228.70222  -230.62746  4.99985   768
1573.00  0.02224  0.02168  0.01212  0.80968  -228.03999  -229.91334  4.99985   768
1574.00  0.02222  0.02168  0.01185  0.80968  -228.41841  -230.25667  4.99985   768
1575.00  0.02222  0.02168  0.01128  0.80968  -229.26832  -231.09132  4.99985   768
1576.00  0.02221  0.02168  0.01072  0.80968  -230.12282  -231.93971  4.99985   768
1577.00  0.02222  0.02168  0.01021  0.80968  -230.91170  -232.77284  4.99985   768
1578.00  0.02223  0.02168  0.01014  0.80968  -231.12074  -233.00935  4.99985   768
1579.00  0.02222  0.02168  0.01041  0.80968  -230.74843  -232.67671  4.99985   768
1580.00  0.02223  0.02168  0.01097  0.80968  -229.87562  -231.82374  4.99985   768
1581.00  0.02221  0.02168  0.01162  0.80968  -228.90517  -230.87312  4.99985   768
1582.00  0.02223  0.02168  0.01191  0.80968  -228.43214  -230.33601  4.99985   768
1583.00  0.02222  0.02168  0.01182  0.80968  -228.47334  -230.32838  4.99985   768
1584.00  0.02223  0.02168  0.01134  0.80968  -229.19508  -231.03944  4.99985   768
1585.00  0.02223  0.02168  0.01067  0.80968  -230.22353  -232.05415  4.99985   768
1586.00  0.02224  0.02168  0.01019  0.80968  -230.96205  -232.79115  4.99985   768
1587.00  0.02223  0.02168  0.00992  0.80968  -231.41066  -233.26112  4.99985   768
1588.00  0.02223  0.02168  0.00996  0.80968  -231.40761  -233.31300  4.99985   768
1589.00  0.02223  0.02168  0.01066  0.80968  -230.31966  -232.26625  4.99985   768
1590.00  0.02221  0.02168  0.01116  0.80968  -229.55366  -231.48042  4.99985   768
1591.00  0.02222  0.02168  0.01180  0.80968  -228.60762  -230.52675  4.99985   768
1592.00  0.02223  0.02168  0.01201  0.80968  -228.22768  -230.11018  4.99985   768
1593.00  0.02223  0.02168  0.01180  0.80968  -228.47639  -230.33906  4.99985   768
1594.00  0.02223  0.02168  0.01138  0.80968  -229.13405  -230.96925  4.99985   768
1595.00  0.02222  0.02168  0.01082  0.80968  -229.99769  -231.81306  4.99985   768
1596.00  0.02223  0.02168  0.01028  0.80968  -230.84761  -232.72096  4.99985   768
1597.00  0.02221  0.02168  0.01032  0.80968  -230.84303  -232.74690  4.99985   768
1598.00  0.02222  0.02168  0.01056  0.80968  -230.49361  -232.42799  4.99985   768
1599.00  0.02222  0.02168  0.01114  0.80968  -229.62843  -231.57503  4.99985   768
1600.00  0.02221  0.02168  0.01159  0.80968  -228.92500  -230.85329  4.99985   768
1601.00  0.02223  0.02168  0.01188  0.80968  -228.45503  -230.35280  4.99985   768
1602.00  0.02224  0.02168  0.01174  0.80968  -228.64271  -230.49013  4.99985   768
1603.00  0.02222  0.02168  0.01122  0.80968  -229.37971  -231.20271  4.99985   768
1604.00  0.02223  0.02168  0.01068  0.80968  -230.19911  -232.03584  4.99985   768
1605.00  0.02222  0.02168  0.01025  0.80968  -230.90254  -232.72707  4.99985   768
1606.00  0.02223  0.02168  0.00997  0.80968  -231.32521  -233.18330  4.99985   768
1607.00  0.02221  0.02168  0.01016  0.80968  -231.11159  -233.02919  4.99985   768
1608.00  0.02222  0.02168  0.01068  0.80968  -230.32423  -232.24031  4.99985   768
1609.00  0.02221  0.02168  0.01129  0.80968  -229.38582  -231.33852  4.99985   768
1610.00  0.02222  0.02168  0.01176  0.80968  -228.64882  -230.55421  4.99985   768
1611.00  0.02222  0.02168  0.01181  0.80968  -228.50081  -230.36500  4.99985   768
1612.00  0.02222  0.02168  0.01144  0.80968  -229.07301  -230.91432  4.99985   768
1613.00  0.02222  0.02168  0.01081  0.80968  -229.97786  -231.79475  4.99985   768
1614.00  0.02222  0.02168  0.01016  0.80968  -231.03529  -232.87660  4.99985   768
1615.00  0.02221  0.02168  0.00976  0.80968  -231.66548  -233.53731  4.99985   768
1616.00  0.02222  0.02168  0.00982  0.80968  -231.63039  -233.53273  4.99985   768
1617.00  0.02222  0.02168  0.01016  0.80968  -231.11769  -233.05208  4.99985   768
1618.00  0.02221  0.02168  0.01077  0.80968  -230.22810  -232.17775  4.99985   768
1619.00  0.02222  0.02168  0.01141  0.80968  -229.19813  -231.14473  4.99985   768
1620.00  0.02221  0.02168  0.01169  0.80968  -228.73274  -230.63203  4.99985   768
1621.00  0.02224  0.02168  0.01169  0.80968  -228.71748  -230.57558  4.99985   768
1622.00  0.02221  0.02168  0.01117  0.80968  -229.42396  -231.22865  4.99985   768
1623.00  0.02221  0.02168  0.01061  0.80968  -230.32576  -232.15028  4.99985   768
1624.00  0.02223  0.02168  0.01019  0.80968  -230.98799  -232.82777  4.99985   768
1625.00  0.02223  0.02168  0.01004  0.80968  -231.24129  -233.11464  4.99985   768
1626.00  0.02223  0.02168  0.01034  0.80968  -230.86287  -232.77589  4.99985   768
1627.00  0.02222  0.02168  0.01103  0.80968  -229.79170  -231.76729  4.99985   768
1628.00  0.02223  0.02168  0.01166  0.80968  -228.79378  -230.72816  4.99985   768
1629.00  0.02222  0.02168  0.01200  0.80968  -228.29939  -230.20479  4.99985   768
1630.00  0.02221  0.02168  0.01211  0.80968  -228.06135  -229.96828  4.99985   768
1631.00  0.02221  0.02168  0.01155  0.80968  -228.87465  -230.69459  4.99985   768
1632.00  0.02224  0.02168  0.01096  0.80968  -229.75050  -231.58723  4.99985   768
1633.00  0.02222  0.02168  0.01022  0.80968  -230.91780  -232.76063  4.99985   768
1634.00  0.02220  0.02168  0.00981  0.80968  -231.58613  -233.43202  4.99985   768
1635.00  0.02221  0.02168  0.00981  0.80968  -231.62428  -233.54341  4.99985   768
1636.00  0.02222  0.02168  0.01025  0.80968  -230.95900  -232.87660  4.99985   768
1637.00  0.02222  0.02168  0.01091  0.80968  -229.97938  -231.91072  4.99985   768
1638.00  0.02220  0.02168  0.01153  0.80968  -229.05470  -230.99214  4.99985   768
1639.00  0.02222  0.02168  0.01176  0.80968  -228.61067  -230.48097  4.99985   768
1640.00  0.02221  0.02168  0.01162  0.80968  -228.77394  -230.60762  4.99985   768
1641.00  0.02221  0.02168  0.01109  0.80968  -229.55977  -231.38277  4.99985   768
1642.00  0.02221  0.02168  0.01048  0.80968  -230.51649  -232.33949  4.99985   768
1643.00  0.02221  0.02168  0.00997  0.80968  -231.32216  -233.17110  4.99985   768
1644.00  0.02224  0.02168  0.00981  0.80968  -231.59682  -233.46864  4.99985   768
1645.00  0.02223  0.02168  0.01024  0.80968  -231.03987  -232.98799  4.99985   768
1646.00  0.02222  0.02168  0.01082  0.80968  -230.12282  -232.05263  4.99985   768
1647.00  0.02221  0.02168  0.01138  0.80968  -229.24544  -231.18288  4.99985   768
1648.00  0.02222  0.02168  0.01181  0.80968  -228.58015  -230.50539  4.99985   768
1649.00  0.02221  0.02168  0.01189  0.80968  -228.41078  -230.30244  4.99985   768
1650.00  0.02222  0.02168  0.01156  0.80968  -228.86397  -230.71901  4.99985   768
1651.00  0.02223  0.02168  0.01093  0.80968  -229.80086  -231.62385  4.99985   768
1652.00  0.02221  0.02168  0.01036  0.80968  -230.67519  -232.50886  4.99985   768
1653.00  0.02222  0.02168  0.00998  0.80968  -231.31911  -233.19093  4.99985   768
1654.00  0.02221  0.02168  0.01017  0.80968  -231.09175  -233.00783  4.99985   768
1655.00  0.02221  0.02168  0.01073  0.80968  -230.21895  -232.15028  4.99985   768
1656.00  0.02222  0.02168  0.01149  0.80968  -229.09437  -231.03792  4.99985   768
1657.00  0.02220  0.02168  0.01212  0.80968  -228.10713  -230.02168  4.99985   768
1658.00  0.02221  0.02168  0.01241  0.80968  -227.60664  -229.49525  4.99985   768
1659.00  0.02221  0.02168  0.01220  0.80968  -227.88588  -229.71040  4.99985   768
1660.00  0.02221  0.02168  0.01165  0.80968  -228.73884  -230.57100  4.99985   768
1661.00  0.02222  0.02168  0.01096  0.80968  -229.76118  -231.59334  4.99985   768
1662.00  0.02221  0.02168  0.01039  0.80968  -230.67366  -232.49666  4.99985   768
1663.00  0.02221  0.02168  0.01009  0.80968  -231.17873  -233.05513  4.99985   768
1664.00  0.02222  0.02168  0.01035  0.80968  -230.83845  -232.77742  4.99985   768
1665.00  0.02221  0.02168  0.01089  0.80968  -229.98549  -231.94124  4.99985   768
1666.00  0.02221  0.02168  0.01154  0.80968  -229.03029  -230.98146  4.99985   768
1667.00  0.02223  0.02168  0.01195  0.80968  -228.35890  -230.29024  4.99985   768
1668.00  0.02221  0.02168  0.01189  0.80968  -228.40010  -230.26277  4.99985   768
1669.00  0.02221  0.02168  0.01151  0.80968  -228.94331  -230.77241  4.99985   768
1670.00  0.02221  0.02168  0.01102  0.80968  -229.72914  -231.53230  4.99985   768
1671.00  0.02223  0.02168  0.01041  0.80968  -230.64467  -232.47682  4.99985   768
1672.00  0.02220  0.02168  0.01021  0.80968  -230.96815  -232.84303  4.99985   768
1673.00  0.02221  0.02168  0.01034  0.80968  -230.80336  -232.70723  4.99985   768
1674.00  0.02222  0.02168  0.01091  0.80968  -229.96870  -231.90614  4.99985   768
1675.00  0.02222  0.02168  0.01159  0.80968  -228.94484  -230.89143  4.99985   768
1676.00  0.02221  0.02168  0.01220  0.80968  -228.02931  -229.95912  4.99985   768
1677.00  0.02221  0.02168  0.01247  0.80968  -227.54866  -229.42506  4.99985   768
1678.00  0.02223  0.02168  0.01227  0.80968  -227.78670  -229.64784  4.99985   768
1679.00  0.02220  0.02168  0.01170  0.80968  -228.61067  -230.43977  4.99985   768
1680.00  0.02221  0.02168  0.01107  0.80968  -229.62233  -231.44990  4.99985   768
1681.00  0.02220  0.02168  0.01048  0.80968  -230.52107  -232.36848  4.99985   768
1682.00  0.02221  0.02168  0.01035  0.80968  -230.82930  -232.72707  4.99985   768
1683.00  0.02221  0.02168  0.01081  0.80968  -230.12434  -232.07246  4.99985   768
1684.00  0.02222  0.02168  0.01147  0.80968  -229.15694  -231.12794  4.99985   768
1685.00  0.02222  0.02168  0.01210  0.80968  -228.09340  -230.03541  4.99985   768
1686.00  0.02222  0.02168  0.01248  0.80968  -227.58223  -229.49525  4.99985   768
1687.00  0.02221  0.02168  0.01249  0.80968  -227.47694  -229.32893  4.99985   768
1688.00  0.02221  0.02168  0.01216  0.80968  -227.91945  -229.75770  4.99985   768
1689.00  0.02223  0.02168  0.01159  0.80968  -228.81819  -230.63661  4.99985   768
1690.00  0.02221  0.02168  0.01097  0.80968  -229.76118  -231.56892  4.99985   768
1691.00  0.02222  0.02168  0.01066  0.80968  -230.26930  -232.14876  4.99985   768
1692.00  0.02221  0.02168  0.01075  0.80968  -230.15028  -232.03432  4.99985   768
1693.00  0.02221  0.02168  0.01122  0.80968  -229.53383  -231.46516  4.99985   768
1694.00  0.02221  0.02168  0.01182  0.80968  -228.57252  -230.51149  4.99985   768
1695.00  0.02219  0.02168  0.01230  0.80968  -227.83705  -229.73939  4.99985   768
1696.00  0.02222  0.02168  0.01236  0.80968  -227.69820  -229.59596  4.99985   768
1697.00  0.02220  0.02168  0.01198  0.80968  -228.21242  -230.04915  4.99985   768
1698.00  0.02221  0.02168  0.01144  0.80968  -229.06538  -230.92042  4.99985   768
1699.00  0.02222  0.02168  0.01088  0.80968  -229.90614  -231.75661  4.99985   768
1700.00  0.02222  0.02168  0.01039  0.80968  -230.68434  -232.55006  4.99985   768
1701.00  0.02222  0.02168  0.01038  0.80968  -230.73469  -232.62941  4.99985   768
1702.00  0.02221  0.02168  0.01076  0.80968  -230.20369  -232.13197  4.99985   768
1703.00  0.02221  0.02168  0.01133  0.80968  -229.34462  -231.27290  4.99985   768
1704.00  0.02220  0.02168  0.01195  0.80968  -228.35432  -230.28413  4.99985   768
1705.00  0.02222  0.02168  0.01242  0.80968  -227.64937  -229.54256  4.99985   768
1706.00  0.02221  0.02168  0.01237  0.80968  -227.62343  -229.48305  4.99985   768
1707.00  0.02221  0.02168  0.01197  0.80968  -228.24599  -230.05220  4.99985   768
1708.00  0.02221  0.02168  0.01136  0.80968  -229.15541  -230.97383  4.99985   768
1709.00  0.02221  0.02168  0.01087  0.80968  -229.91682  -231.75661  4.99985   768
1710.00  0.02223  0.02168  0.01067  0.80968  -230.31508  -232.17622  4.99985   768
1711.00  0.02221  0.02168  0.01093  0.80968  -229.93971  -231.86647  4.99985   768
1712.00  0.02221  0.02168  0.01146  0.80968  -229.13100  -231.07606  4.99985   768
1713.00  0.02220  0.02168  0.01202  0.80968  -228.23988  -230.18800  4.99985   768
1714.00  0.02223  0.02168  0.01252  0.80968  -227.47084  -229.38997  4.99985   768
1715.00  0.02220  0.02168  0.01269  0.80968  -227.19160  -229.09090  4.99985   768
1716.00  0.02220  0.02168  0.01244  0.80968  -227.53340  -229.40217  4.99985   768
1717.00  0.02221  0.02168  0.01195  0.80968  -228.23683  -230.08119  4.99985   768
1718.00  0.02221  0.02168  0.01128  0.80968  -229.29884  -231.11879  4.99985   768
1719.00  0.02221  0.02168  0.01087  0.80968  -229.95955  -231.80086  4.99985   768
1720.00  0.02220  0.02168  0.01081  0.80968  -230.06331  -231.93666  4.99985   768
1721.00  0.02221  0.02168  0.01123  0.80968  -229.49873  -231.42854  4.99985   768
1722.00  0.02220  0.02168  0.01185  0.80968  -228.52827  -230.46724  4.99985   768
1723.00  0.02223  0.02168  0.01242  0.80968  -227.63563  -229.54561  4.99985   768
1724.00  0.02221  0.02168  0.01267  0.80968  -227.22670  -229.11684  4.99985   768
1725.00  0.02220  0.02168  0.01260  0.80968  -227.32435  -229.17482  4.99985   768
1726.00  0.02222  0.02168  0.01215  0.80968  -227.93928  -229.77907  4.99985   768
1727.00  0.02222  0.02168  0.01143  0.80968  -229.02876  -230.82277  4.99985   768
1728.00  0.02220  0.02168  0.01079  0.80968  -230.06941  -231.91072  4.99985   768
1729.00  0.02222  0.02168  0.01033  0.80968  -230.77437  -232.63551  4.99985   768
1730.00  0.02221  0.02168  0.01052  0.80968  -230.54091  -232.46614  4.99985   768
1731.00  0.02220  0.02168  0.01105  0.80968  -229.77797  -231.72456  4.99985   768
1732.00  0.02221  0.02168  0.01168  0.80968  -228.81209  -230.77852  4.99985   768
1733.00  0.02220  0.02168  0.01219  0.80968  -228.00795  -229.93928  4.99985   768
1734.00  0.02222  0.02168  0.01226  0.80968  -227.82637  -229.69362  4.99985   768
1735.00  0.02221  0.02168  0.01203  0.80968  -228.13307  -229.98353  4.99985   768
1736.00  0.02221  0.02168  0.01155  0.80968  -228.88991  -230.72664  4.99985   768
1737.00  0.02220  0.02168  0.01096  0.80968  -229.76271  -231.56892  4.99985   768
1738.00  0.02221  0.02168  0.01057  0.80968  -230.38832  -232.24794  4.99985   768
1739.00  0.02221  0.02168  0.01058  0.80968  -230.42799  -232.31966  4.99985   768
1740.00  0.02221  0.02168  0.01104  0.80968  -229.76118  -231.68947  4.99985   768
1741.00  0.02220  0.02168  0.01171  0.80968  -228.75410  -230.70375  4.99985   768
1742.00  0.02220  0.02168  0.01233  0.80968  -227.74550  -229.67683  4.99985   768
1743.00  0.02221  0.02168  0.01267  0.80968  -227.21602  -229.10310  4.99985   768
1744.00  0.02221  0.02168  0.01247  0.80968  -227.47542  -229.31978  4.99985   768
1745.00  0.02221  0.02168  0.01209  0.80968  -228.06898  -229.91792  4.99985   768
1746.00  0.02221  0.02168  0.01154  0.80968  -228.92195  -230.75410  4.99985   768
1747.00  0.02220  0.02168  0.01096  0.80968  -229.77797  -231.61928  4.99985   768
1748.00  0.02220  0.02168  0.01072  0.80968  -230.21742  -232.10603  4.99985   768
1749.00  0.02220  0.02168  0.01090  0.80968  -229.99159  -231.90614  4.99985   768
1750.00  0.02221  0.02168  0.01138  0.80968  -229.24849  -231.19356  4.99985   768
1751.00  0.02221  0.02168  0.01203  0.80968  -228.27345  -230.21547  4.99985   768
1752.00  0.02219  0.02168  0.01243  0.80968  -227.56850  -229.49068  4.99985   768
1753.00  0.02221  0.02168  0.01248  0.80968  -227.51051  -229.36098  4.99985   768
1754.00  0.02221  0.02168  0.01216  0.80968  -227.91945  -229.74397  4.99985   768
1755.00  0.02220  0.02168  0.01158  0.80968  -228.83955  -230.65034  4.99985   768
1756.00  0.02221  0.02168  0.01090  0.80968  -229.86037  -231.68336  4.99985   768
1757.00  0.02221  0.02168  0.01054  0.80968  -230.44630  -232.28151  4.99985   768
1758.00  0.02221  0.02168  0.01055  0.80968  -230.47682  -232.36085  4.99985   768
1759.00  0.02221  0.02168  0.01076  0.80968  -230.19148  -232.09230  4.99985   768
1760.00  0.02221  0.02168  0.01136  0.80968  -229.30342  -231.24544  4.99985   768
1761.00  0.02220  0.02168  0.01186  0.80968  -228.45198  -230.37569  4.99985   768
1762.00  0.02221  0.02168  0.01221  0.80968  -227.94386  -229.86909  4.99985   768
1763.00  0.02221  0.02168  0.01196  0.80968  -228.23530  -230.11629  4.99985   768
1764.00  0.02221  0.02168  0.01145  0.80968  -229.01655  -230.83955  4.99985   768
1765.00  0.02219  0.02168  0.01079  0.80968  -230.05720  -231.89241  4.99985   768
1766.00  0.02221  0.02168  0.01031  0.80968  -230.78047  -232.65077  4.99985   768
1767.00  0.02221  0.02168  0.01022  0.80968  -230.97731  -232.87355  4.99985   768
1768.00  0.02219  0.02168  0.01055  0.80968  -230.45393  -232.38069  4.99985   768
1769.00  0.02221  0.02168  0.01119  0.80968  -229.58418  -231.52772  4.99985   768
1770.00  0.02221  0.02168  0.01181  0.80968  -228.57252  -230.51759  4.99985   768
1771.00  0.02221  0.02168  0.01225  0.80968  -227.85841  -229.76533  4.99985   768
1772.00  0.02221  0.02168  0.01242  0.80968  -227.60969  -229.48915  4.99985   768
1773.00  0.02222  0.02168  0.01217  0.80968  -227.90877  -229.74397  4.99985   768
1774.00  0.02221  0.02168  0.01151  0.80968  -228.92958  -230.74190  4.99985   768
1775.00  0.02221  0.02168  0.01092  0.80968  -229.83443  -231.64674  4.99985   768
1776.00  0.02221  0.02168  0.01053  0.80968  -230.44020  -232.28914  4.99985   768
1777.00  0.02222  0.02168  0.01068  0.80968  -230.32118  -232.23421  4.99985   768
1778.00  0.02221  0.02168  0.01111  0.80968  -229.66353  -231.60402  4.99985   768
1779.00  0.02220  0.02168  0.01180  0.80968  -228.63356  -230.57863  4.99985   768
1780.00  0.02220  0.02168  0.01230  0.80968  -227.82637  -229.75923  4.99985   768
1781.00  0.02220  0.02168  0.01252  0.80968  -227.43422  -229.33046  4.99985   768
1782.00  0.02221  0.02168  0.01237  0.80968  -227.65700  -229.54561  4.99985   768
1783.00  0.02222  0.02168  0.01195  0.80968  -228.25209  -230.08424  4.99985   768
1784.00  0.02222  0.02168  0.01121  0.80968  -229.39497  -231.22560  4.99985   768
1785.00  0.02220  0.02168  0.01068  0.80968  -230.19453  -232.03737  4.99985   768
1786.00  0.02221  0.02168  0.01054  0.80968  -230.49361  -232.37154  4.99985   768
1787.00  0.02221  0.02168  0.01078  0.80968  -230.10451  -231.99007  4.99985   768
1788.00  0.02221  0.02168  0.01138  0.80968  -229.27290  -231.22102  4.99985   768
1789.00  0.02221  0.02168  0.01213  0.80968  -228.08577  -230.02931  4.99985   768
1790.00  0.02221  0.02168  0.01243  0.80968  -227.55629  -229.44185  4.99985   768
1791.00  0.02222  0.02168  0.01234  0.80968  -227.70277  -229.55934  4.99985   768
1792.00  0.02221  0.02168  0.01195  0.80968  -228.28108  -230.09645  4.99985   768
1793.00  0.02221  0.02168  0.01134  0.80968  -229.17677  -231.00587  4.99985   768
1794.00  0.02221  0.02168  0.01070  0.80968  -230.17317  -232.01601  4.99985   768
1795.00  0.02221  0.02168  0.01039  0.80968  -230.68281  -232.55159  4.99985   768
1796.00  0.02221  0.02168  0.01044  0.80968  -230.65382  -232.57295  4.99985   768
1797.00  0.02222  0.02168  0.01098  0.80968  -229.87868  -231.84053  4.99985   768
1798.00  0.02220  0.02168  0.01170  0.80968  -228.75868  -230.71290  4.99985   768
1799.00  0.02221  0.02168  0.01227  0.80968  -227.87520  -229.81264  4.99985   768
1800.00  0.02221  0.02168  0.01250  0.80968  -227.46779  -229.36861  4.99985   768
1801.00  0.02220  0.02168  0.01238  0.80968  -227.58986  -229.47389  4.99985   768
1802.00  0.02221  0.02168  0.01188  0.80968  -228.31618  -230.14986  4.99985   768
1803.00  0.02220  0.02168  0.01126  0.80968  -229.31563  -231.12489  4.99985   768
1804.00  0.02221  0.02168  0.01082  0.80968  -230.02211  -231.86342  4.99985   768
1805.00  0.02220  0.02168  0.01081  0.80968  -230.06941  -231.95192  4.99985   768
1806.00  0.02221  0.02168  0.01108  0.80968  -229.67421  -231.59029  4.99985   768
1807.00  0.02221  0.02168  0.01168  0.80968  -228.80751  -230.73122  4.99985   768
1808.00  0.02221  0.02168  0.01236  0.80968  -227.73787  -229.67378  4.99985   768
1809.00  0.02220  0.02168  0.01276  0.80968  -227.08937  -228.99477  4.99985   768
1810.00  0.02221  0.02168  0.01282  0.80968  -226.95051  -228.80708  4.99985   768
1811.00  0.02222  0.02168  0.01237  0.80968  -227.58528  -229.40828  4.99985   768
1812.00  0.02220  0.02168  0.01170  0.80968  -228.64577  -230.47639  4.99985   768
1813.00  0.02221  0.02168  0.01104  0.80968  -229.68947  -231.51552  4.99985   768
1814.00  0.02221  0.02168  0.01078  0.80968  -230.12129  -232.01295  4.99985   768
1815.00  0.02219  0.02168  0.01089  0.80968  -229.99312  -231.90767  4.99985   768
1816.00  0.02222  0.02168  0.01144  0.80968  -229.12184  -231.06538  4.99985   768
1817.00  0.02222  0.02168  0.01208  0.80968  -228.23530  -230.19563  4.99985   768
1818.00  0.02222  0.02168  0.01265  0.80968  -227.26485  -229.18703  4.99985   768
1819.00  0.02221  0.02168  0.01285  0.80968  -226.95662  -228.83913  4.99985   768
1820.00  0.02223  0.02168  0.01262  0.80968  -227.22060  -229.06038  4.99985   768
1821.00  0.02220  0.02168  0.01201  0.80968  -228.13460  -229.94386  4.99985   768
1822.00  0.02221  0.02168  0.01124  0.80968  -229.32631  -231.11726  4.99985   768
1823.00  0.02220  0.02168  0.01079  0.80968  -230.05415  -231.90309  4.99985   768
1824.00  0.02221  0.02168  0.01064  0.80968  -230.32118  -232.18690  4.99985   768
1825.00  0.02221  0.02168  0.01099  0.80968  -229.81764  -231.73830  4.99985   768
1826.00  0.02220  0.02168  0.01158  0.80968  -228.94789  -230.89448  4.99985   768
1827.00  0.02222  0.02168  0.01226  0.80968  -227.93928  -229.85994  4.99985   768
1828.00  0.02220  0.02168  0.01254  0.80968  -227.39302  -229.31978  4.99985   768
1829.00  0.02222  0.02168  0.01258  0.80968  -227.34877  -229.23280  4.99985   768
1830.00  0.02220  0.02168  0.01228  0.80968  -227.75465  -229.59749  4.99985   768
1831.00  0.02220  0.02168  0.01162  0.80968  -228.75105  -230.57252  4.99985   768
1832.00  0.02221  0.02168  0.01098  0.80968  -229.76118  -231.60707  4.99985   768
1833.00  0.02220  0.02168  0.01070  0.80968  -230.24489  -232.11519  4.99985   768
1834.00  0.02221  0.02168  0.01086  0.80968  -230.04652  -231.96870  4.99985   768
1835.00  0.02222  0.02168  0.01142  0.80968  -229.23781  -231.18135  4.99985   768
1836.00  0.02221  0.02168  0.01220  0.80968  -227.99879  -229.95607  4.99985   768
1837.00  0.02221  0.02168  0.01272  0.80968  -227.19008  -229.10768  4.99985   768
1838.00  0.02219  0.02168  0.01287  0.80968  -226.88338  -228.76741  4.99985   768
1839.00  0.02221  0.02168  0.01264  0.80968  -227.19466  -229.02986  4.99985   768
1840.00  0.02221  0.02168  0.01207  0.80968  -228.06746  -229.87520  4.99985   768
1841.00  0.02221  0.02168  0.01143  0.80968  -229.04097  -230.86244  4.99985   768
1842.00  0.02221  0.02168  0.01099  0.80968  -229.76271  -231.61928  4.99985   768
1843.00  0.02221  0.02168  0.01086  0.80968  -229.99617  -231.85884  4.99985   768
1844.00  0.02221  0.02168  0.01111  0.80968  -229.67879  -231.58723  4.99985   768
1845.00  0.02221  0.02168  0.01170  0.80968  -228.75868  -230.71748  4.99985   768
1846.00  0.02219  0.02168  0.01230  0.80968  -227.80958  -229.75618  4.99985   768
1847.00  0.02222  0.02168  0.01266  0.80968  -227.24959  -229.16414  4.99985   768
1848.00  0.02220  0.02168  0.01261  0.80968  -227.27705  -229.15651  4.99985   768
1849.00  0.02220  0.02168  0.01216  0.80968  -227.96217  -229.81874  4.99985   768
1850.00  0.02220  0.02168  0.01154  0.80968  -228.91585  -230.75410  4.99985   768
1851.00  0.02219  0.02168  0.01097  0.80968  -229.78560  -231.62996  4.99985   768
1852.00  0.02221  0.02168  0.01072  0.80968  -230.13045  -232.00532  4.99985   768
1853.00  0.02221  0.02168  0.01089  0.80968  -229.96260  -231.88783  4.99985   768
1854.00  0.02220  0.02168  0.01135  0.80968  -229.27290  -231.20576  4.99985   768
1855.00  0.02220  0.02168  0.01197  0.80968  -228.34212  -230.28108  4.99985   768
1856.00  0.02221  0.02168  0.01244  0.80968  -227.59291  -229.50593  4.99985   768
1857.00  0.02221  0.02168  0.01257  0.80968  -227.34724  -229.22365  4.99985   768
1858.00  0.02218  0.02168  0.01233  0.80968  -227.68141  -229.51662  4.99985   768
1859.00  0.02221  0.02168  0.01179  0.80968  -228.53133  -230.35280  4.99985   768
1860.00  0.02222  0.02168  0.01127  0.80968  -229.31563  -231.16151  4.99985   768
1861.00  0.02221  0.02168  0.01077  0.80968  -230.07551  -231.91988  4.99985   768
1862.00  0.02221  0.02168  0.01074  0.80968  -230.18996  -232.09840  4.99985   768
1863.00  0.02222  0.02168  0.01111  0.80968  -229.67573  -231.61012  4.99985   768
1864.00  0.02220  0.02168  0.01183  0.80968  -228.58321  -230.53285  4.99985   768
1865.00  0.02220  0.02168  0.01241  0.80968  -227.67531  -229.63411  4.99985   768
1866.00  0.02220  0.02168  0.01274  0.80968  -227.16414  -229.07716  4.99985   768
1867.00  0.02221  0.02168  0.01271  0.80968  -227.16109  -229.04970  4.99985   768
1868.00  0.02221  0.02168  0.01231  0.80968  -227.70735  -229.55324  4.99985   768
1869.00  0.02221  0.02168  0.01173  0.80968  -228.64577  -230.48402  4.99985   768
1870.00  0.02220  0.02168  0.01118  0.80968  -229.41481  -231.24849  4.99985   768
1871.00  0.02219  0.02168  0.01089  0.80968  -229.90309  -231.76118  4.99985   768
1872.00  0.02220  0.02168  0.01108  0.80968  -229.66811  -231.56587  4.99985   768
1873.00  0.02220  0.02168  0.01157  0.80968  -228.98146  -230.90211  4.99985   768
1874.00  0.02219  0.02168  0.01224  0.80968  -227.91945  -229.84163  4.99985   768
1875.00  0.02220  0.02168  0.01265  0.80968  -227.26179  -229.17482  4.99985   768
1876.00  0.02219  0.02168  0.01271  0.80968  -227.12752  -229.00697  4.99985   768
1877.00  0.02221  0.02168  0.01237  0.80968  -227.62953  -229.46779  4.99985   768
1878.00  0.02220  0.02168  0.01186  0.80968  -228.39094  -230.20021  4.99985   768
1879.00  0.02219  0.02168  0.01118  0.80968  -229.46821  -231.31410  4.99985   768
1880.00  0.02220  0.02168  0.01072  0.80968  -230.18538  -232.05720  4.99985   768
1881.00  0.02220  0.02168  0.01077  0.80968  -230.14723  -232.04957  4.99985   768
1882.00  0.02221  0.02168  0.01113  0.80968  -229.61470  -231.54146  4.99985   768
1883.00  0.02221  0.02168  0.01177  0.80968  -228.67018  -230.63814  4.99985   768
1884.00  0.02221  0.02168  0.01232  0.80968  -227.81569  -229.73787  4.99985   768
1885.00  0.02221  0.02168  0.01256  0.80968  -227.39302  -229.27858  4.99985   768
1886.00  0.02221  0.02168  0.01241  0.80968  -227.54103  -229.41133  4.99985   768
1887.00  0.02220  0.02168  0.01194  0.80968  -228.27193  -230.08577  4.99985   768
1888.00  0.02219  0.02168  0.01130  0.80968  -229.23933  -231.05318  4.99985   768
1889.00  0.02221  0.02168  0.01083  0.80968  -229.98701  -231.83290  4.99985   768
1890.00  0.02220  0.02168  0.01066  0.80968  -230.26472  -232.13045  4.99985   768
1891.00  0.02220  0.02168  0.01084  0.80968  -230.04957  -231.96260  4.99985   768
1892.00  0.02221  0.02168  0.01138  0.80968  -229.27901  -231.22102  4.99985   768
1893.00  0.02221  0.02168  0.01207  0.80968  -228.19563  -230.11323  4.99985   768
1894.00  0.02220  0.02168  0.01251  0.80968  -227.53340  -229.45863  4.99985   768
1895.00  0.02222  0.02168  0.01261  0.80968  -227.27553  -229.14735  4.99985   768
1896.00  0.02220  0.02168  0.01230  0.80968  -227.74702  -229.61732  4.99985   768
1897.00  0.02219  0.02168  0.01174  0.80968  -228.58931  -230.42299  4.99985   768
1898.00  0.02220  0.02168  0.01104  0.80968  -229.63911  -231.47584  4.99985   768
1899.00  0.02221  0.02168  0.01077  0.80968  -230.13350  -232.00227  4.99985   768
1900.00  0.02222  0.02168  0.01089  0.80968  -229.97938  -231.90919  4.99985   768
1901.00  0.02220  0.02168  0.01137  0.80968  -229.28816  -231.23323  4.99985   768
1902.00  0.02220  0.02168  0.01198  0.80968  -228.36500  -230.30550  4.99985   768
1903.00  0.02221  0.02168  0.01245  0.80968  -227.61580  -229.53340  4.99985   768
1904.00  0.02219  0.02168  0.01266  0.80968  -227.24196  -229.11531  4.99985   768
1905.00  0.02220  0.02168  0.01245  0.80968  -227.47389  -229.30910  4.99985   768
1906.00  0.02220  0.02168  0.01202  0.80968  -228.18037  -229.98506  4.99985   768
1907.00  0.02219  0.02168  0.01138  0.80968  -229.12794  -230.92958  4.99985   768
1908.00  0.02220  0.02168  0.01081  0.80968  -230.03584  -231.85884  4.99985   768
1909.00  0.02219  0.02168  0.01074  0.80968  -230.17470  -232.06636  4.99985   768
1910.00  0.02220  0.02168  0.01096  0.80968  -229.90462  -231.83595  4.99985   768
1911.00  0.02221  0.02168  0.01149  0.80968  -229.06386  -231.00740  4.99985   768
1912.00  0.02221  0.02168  0.01204  0.80968  -228.24904  -230.17274  4.99985   768
1913.00  0.02220  0.02168  0.01239  0.80968  -227.67378  -229.59138  4.99985   768
1914.00  0.02220  0.02168  0.01242  0.80968  -227.56697  -229.44337  4.99985   768
1915.00  0.02220  0.02168  0.01201  0.80968  -228.20174  -230.04762  4.99985   768
1916.00  0.02220  0.02168  0.01150  0.80968  -228.93416  -230.77089  4.99985   768
1917.00  0.02220  0.02168  0.01098  0.80968  -229.78865  -231.63454  4.99985   768
1918.00  0.02221  0.02168  0.01063  0.80968  -230.36391  -232.22505  4.99985   768
1919.00  0.02221  0.02168  0.01071  0.80968  -230.21437  -232.11366  4.99985   768
1920.00  0.02221  0.02168  0.01120  0.80968  -229.57045  -231.50636  4.99985   768
1921.00  0.02222  0.02168  0.01191  0.80968  -228.44740  -230.38026  4.99985   768
1922.00  0.02221  0.02168  0.01238  0.80968  -227.67073  -229.59138  4.99985   768
1923.00  0.02220  0.02168  0.01260  0.80968  -227.30299  -229.18855  4.99985   768
1924.00  0.02220  0.02168  0.01238  0.80968  -227.58681  -229.41438  4.99985   768
1925.00  0.02220  0.02168  0.01194  0.80968  -228.30702  -230.13154  4.99985   768
1926.00  0.02221  0.02168  0.01136  0.80968  -229.14931  -230.96925  4.99985   768
1927.00  0.02223  0.02168  0.01090  0.80968  -229.91682  -231.76271  4.99985   768
1928.00  0.02220  0.02168  0.01080  0.80968  -230.05873  -231.93513  4.99985   768
1929.00  0.02220  0.02168  0.01116  0.80968  -229.60097  -231.54451  4.99985   768
1930.00  0.02220  0.02168  0.01172  0.80968  -228.74037  -230.69917  4.99985   768
1931.00  0.02220  0.02168  0.01236  0.80968  -227.77907  -229.73482  4.99985   768
1932.00  0.02220  0.02168  0.01275  0.80968  -227.10768  -229.02986  4.99985   768
1933.00  0.02221  0.02168  0.01278  0.80968  -227.04207  -228.94136  4.99985   768
1934.00  0.02220  0.02168  0.01234  0.80968  -227.64326  -229.47237  4.99985   768
1935.00  0.02221  0.02168  0.01176  0.80968  -228.58626  -230.41841  4.99985   768
1936.00  0.02221  0.02168  0.01112  0.80968  -229.55061  -231.39955  4.99985   768
1937.00  0.02220  0.02168  0.01089  0.80968  -229.94124  -231.80543  4.99985   768
1938.00  0.02221  0.02168  0.01105  0.80968  -229.75355  -231.66658  4.99985   768
1939.00  0.02221  0.02168  0.01151  0.80968  -229.01808  -230.92500  4.99985   768
1940.00  0.02221  0.02168  0.01211  0.80968  -228.14223  -230.09035  4.99985   768
1941.00  0.02221  0.02168  0.01259  0.80968  -227.39607  -229.29689  4.99985   768
1942.00  0.02221  0.02168  0.01264  0.80968  -227.26027  -229.12446  4.99985   768
1943.00  0.02222  0.02168  0.01244  0.80968  -227.53493  -229.39149  4.99985   768
1944.00  0.02221  0.02168  0.01193  0.80968  -228.28261  -230.09645  4.99985   768
1945.00  0.02220  0.02168  0.01129  0.80968  -229.28816  -231.12184  4.99985   768
1946.00  0.02220  0.02168  0.01078  0.80968  -230.08009  -231.92598  4.99985   768
1947.00  0.02221  0.02168  0.01067  0.80968  -230.30440  -232.21895  4.99985   768
1948.00  0.02221  0.02168  0.01106  0.80968  -229.73067  -231.66200  4.99985   768
1949.00  0.02219  0.02168  0.01184  0.80968  -228.58473  -230.57405  4.99985   768
1950.00  0.02221  0.02168  0.01241  0.80968  -227.67836  -229.61885  4.99985   768
1951.00  0.02219  0.02168  0.01272  0.80968  -227.16719  -229.06343  4.99985   768
1952.00  0.02222  0.02168  0.01259  0.80968  -227.31215  -229.18245  4.99985   768
1953.00  0.02221  0.02168  0.01221  0.80968  -227.90114  -229.75160  4.99985   768
1954.00  0.02219  0.02168  0.01166  0.80968  -228.70833  -230.52980  4.99985   768
1955.00  0.02221  0.02168  0.01104  0.80968  -229.64827  -231.47279  4.99985   768
1956.00  0.02221  0.02168  0.01076  0.80968  -230.09993  -231.92140  4.99985   768
1957.00  0.02220  0.02168  0.01100  0.80968  -229.82680  -231.73830  4.99985   768
1958.00  0.02219  0.02168  0.01154  0.80968  -229.00893  -230.94484  4.99985   768
1959.00  0.02221  0.02168  0.01223  0.80968  -227.93318  -229.88435  4.99985   768
1960.00  0.02222  0.02168  0.01279  0.80968  -227.08174  -229.00087  4.99985   768
1961.00  0.02220  0.02168  0.01288  0.80968  -226.92305  -228.79793  4.99985   768
1962.00  0.02221  0.02168  0.01249  0.80968  -227.39912  -229.22975  4.99985   768
1963.00  0.02221  0.02168  0.01191  0.80968  -228.31618  -230.16054  4.99985   768
1964.00  0.02222  0.02168  0.01132  0.80968  -229.22865  -231.07759  4.99985   768
1965.00  0.02220  0.02168  0.01085  0.80968  -229.97938  -231.83290  4.99985   768
1966.00  0.02219  0.02168  0.01091  0.80968  -229.95039  -231.85579  4.99985   768
1967.00  0.02219  0.02168  0.01126  0.80968  -229.40260  -231.33699  4.99985   768
1968.00  0.02221  0.02168  0.01184  0.80968  -228.57405  -230.51607  4.99985   768
1969.00  0.02221  0.02168  0.01252  0.80968  -227.48457  -229.41286  4.99985   768
1970.00  0.02221  0.02168  0.01274  0.80968  -227.12752  -229.02986  4.99985   768
1971.00  0.02221  0.02168  0.01267  0.80968  -227.19008  -229.05275  4.99985   768
1972.00  0.02220  0.02168  0.01215  0.80968  -227.91029  -229.72719  4.99985   768
1973.00  0.02221  0.02168  0.01142  0.80968  -229.04249  -230.83345  4.99985   768
1974.00  0.02220  0.02168  0.01085  0.80968  -229.97633  -231.80696  4.99985   768
1975.00  0.02219  0.02168  0.01063  0.80968  -230.33949  -232.20369  4.99985   768
1976.00  0.02220  0.02168  0.01088  0.80968  -229.99159  -231.89699  4.99985   768
1977.00  0.02220  0.02168  0.01141  0.80968  -229.18593  -231.14015  4.99985   768
1978.00  0.02219  0.02168  0.01210  0.80968  -228.18037  -230.12544  4.99985   768
1979.00  0.02220  0.02168  0.01257  0.80968  -227.39760  -229.32741  4.99985   768
1980.00  0.02221  0.02168  0.01260  0.80968  -227.30757  -229.18855  4.99985   768
1981.00  0.02219  0.02168  0.01232  0.80968  -227.73329  -229.58681  4.99985   768
1982.00  0.02220  0.02168  0.01171  0.80968  -228.63966  -230.48250  4.99985   768
1983.00  0.02219  0.02168  0.01112  0.80968  -229.54298  -231.37819  4.99985   768
1984.00  0.02219  0.02168  0.01066  0.80968  -230.27846  -232.13960  4.99985   768
1985.00  0.02221  0.02168  0.01070  0.80968  -230.27693  -232.16554  4.99985   768
1986.00  0.02219  0.02168  0.01108  0.80968  -229.72304  -231.65742  4.99985   768
1987.00  0.02220  0.02168  0.01174  0.80968  -228.69307  -230.62898  4.99985   768
1988.00  0.02220  0.02168  0.01231  0.80968  -227.81416  -229.73939  4.99985   768
1989.00  0.02221  0.02168  0.01266  0.80968  -227.23738  -229.13209  4.99985   768
1990.00  0.02220  0.02168  0.01259  0.80968  -227.28316  -229.14125  4.99985   768
1991.00  0.02220  0.02168  0.01214  0.80968  -227.99422  -229.81111  4.99985   768
1992.00  0.02221  0.02168  0.01140  0.80968  -229.08064  -230.86854  4.99985   768
1993.00  0.02221  0.02168  0.01084  0.80968  -229.94276  -231.79628  4.99985   768
1994.00  0.02222  0.02168  0.01063  0.80968  -230.37154  -232.22047  4.99985   768
1995.00  0.02221  0.02168  0.01083  0.80968  -230.06026  -231.99159  4.99985   768
1996.00  0.02220  0.02168  0.01140  0.80968  -229.25154  -231.20729  4.99985   768
1997.00  0.02220  0.02168  0.01217  0.80968  -228.07509  -230.05525  4.99985   768
1998.00  0.02220  0.02168  0.01254  0.80968  -227.40828  -229.31520  4.99985   768
1999.00  0.02220  0.02168  0.01262  0.80968  -227.29384  -229.18245  4.99985   768
2000.00  0.02495  0.03340  0.01220  0.80968  -227.89503  -229.71651  4.99985   768
2001.00  0.03072  0.03340  0.01289  0.80968  -227.10310  -229.16719  4.99985   768
2002.00  0.03131  0.03340  0.01440  0.80968  -224.64491  -226.61439  4.99985   768
2003.00  0.03159  0.03340  0.01345  0.80968  -225.91749  -227.64436  4.99985   768
2004.00  0.03181  0.03340  0.01434  0.80968  -224.77156  -226.80055  4.99985   768
