ASI 600A Data File
Created: Wed May  8 15:28:01 2024
A/D Sampling Rate: 1000 Hz
Comment: Mouse CP512 Cell 4
Width 0.0364
Thick 0.0182
After Activation
Width 0.0
Thick 0.0
*** Setup Parameters ***
Length Controller: 315C
Force Transducer: 406A
Initial Length: 0.0334 mm
Minimum Length: -5 Lo
Maximum Length: 5 Lo
Fiber Length: 0.0334 mm
Initial Sarcomere Length: 0 um
Diameter: 1.91919 mm
Maximum Tetanic Tension: 3 mN
Calibrate FC step size:  -20 um
Calibrate FC ramp time:  100 ms
Calibrate FC hold time:  200 ms
Force Gain-Factor:       0.6
Force Integral-Constant: 0.26 ms
Force Filter-Constant:   0.2 ms
Constant Stiffness Range: 100
dF/dL measured at Force:  34522 adu
Fiber Stiffness (adu):    0
Fiber Stiffness (mN/mm):  0
SL Gain-Factor:           0.25
SL Integral-Constant:     0.1 ms
SL Filter-Constant:       0 ms
SL Stiffness (adu):       0.3
SL Stiffness (um/mm):     1
ADC0 Offset: -28.840 mv
ADC1 Offset: -28.840 mv
DAC0 Offset: 3.336 mv
DAC1 Offset: -3.588 mv
Panel 1 size: 2
Panel 2 size: 4
Panel 3 size: 2
Panel 4 size: 5
Panel 1 signal: 0
Panel 2 signal: 1
Panel 3 signal: 2
Panel 4 signal: 6
Background (0/1): 0
Length In color:  16395263
Force  In color:  16717330
SL     In color:  16771867
Aux1   In color:  1769257
Length Out color:  255
Force  Out color:  255
Stim   Out color:  16777215
Aux2   In  color:  16747283
Length Units: um
Force Units: mN
Time Units: ms
Sarcomere Length Units: um
Scope Display1: 0
Scope Display2: 2
AUX Channels Scope Display: 0
Scope Timebase: 1
Scope Vscale:   0
Scope Lunit:    1
Scope Lmin:     0.026370
Scope Lmax:     0.026470
Scope Funit:    0
Scope Fmin:     0.157780
Scope Fmax:     0.157960
Scope AUX1_min:     10.000000
Scope AUX1_max:     16.000000
Scope AUX2_min:     8.000000
Scope AUX2_max:     14.000000
Scope L Data Scale:     1.651868
Scope F Data Scale:     0.225000
Scope AUX1 Data Scale:     1.000000
Scope AUX2 Data Scale:     1.000000
Scope SL Data Scale:     1.000000
Scope Sunit:    0
Analysis Lunit: 4
Analysis Funit: 0
Analysis Tunit: 0
Analysis Channels: 101000000010000
Analysis Readout: 1
Analysis Gaussian Filter Kernel Size (Lin):     201
Analysis Gaussian Filter Kernel Size (Fin):     50
Analysis Gaussian Filter Kernel Size (Aux1):    201
Analysis Gaussian Filter Kernel Size (Aux2):    201
Analysis Gaussian Filter Standard Deviation (Lin):     1.0
Analysis Gaussian Filter Standard Deviation (Fin):     1.0
Analysis Gaussian Filter Standard Deviation (Aux1):    1.0
Analysis Gaussian Filter Standard Deviation (Aux2):    1.0
Aux1 Name: Aux1
Aux1 Units: C
Aux1 Scale (units/volt): 100.000000
Aux1 Offset (units): 2.000000
Aux2 Name: Aux2
Aux2 Units: mv
Aux2 Scale (units/volt): 100
Aux2 Offset (units): 0
 *** Cantilever Properties ***
Cantilever Stiffness Calculation Method: 2
Cantilever Stiffness (N/m): -1.000
Cantilever Length (um): 450.000
Cantilever Thickness (um): 2.000
Cantilever Width 1 (um): 50.000
Cantilever Width 2 (um): 50.000
Cantilever Elasticity (GPa): 160.000
 *** ASI804A Test Window Properties ***
ASI804A Vscale: 0
ASI804A Timebase: 0
ASI804A Sampling Rate: 0
ASI804A Scope L_min:     999.800000
ASI804A Scope L_max:     1000.200000
ASI804A Scope F_min:     -0.040000
ASI804A Scope F_max:     0.020000
ASI804A Scope log10Rario_min:     -0.063875
ASI804A Scope log10Ratio_max:     -0.063650
ASI804A Scope L Scale Units:    4
ASI804A Scope F Scale Units:    0
ASI804A Scope L Scale:     1.000000
ASI804A Scope F Scale:     1.000000
ASI804A Scope log10Ratio Scale:     0.500000
ASI804A Data Files Directory: /home/asi/data
ASI804A Data Files Name: atp_datafile
ASI804A Font: Liberation Sans
ASI804A Font Size: 24
ASI804A pCa Combo Size: 0
ASI804A pCa Combo Active: -1
 *** Additional devices ***
ASI802D Bath Controller: 0
ASI804A ATPase Controller: 1
*** Calibration Parameters ***
Model  LOoffset  LOscale  LIoffset  LIscale  FOoffset  FOscale  FIoffset  FIscale
Number 	mm        mm/v	   mm        mm/v     mN        mN/v     mN        mN/v
308B	 0	 0.2	 0	 0.2	 0	 1	 0	 1
312C	 0	 0.15	 0	 0.15	 0	 1	 0	 1
315C	 0	 0.15	 0	 0.15	 0	 1	 0	 1
318B	 0	 0.3	 0	 0.3	 0	 1	 0	 1
322C	 0	 0.3	 0	 0.3	 0	 1	 0	 1
340A	 0	 0.005	 0	 0.005	 0	 1	 0	 1
300C	 0	 0.5	 0	 0.5	 0	 50	 0	 50
300C-LR	 0	 0.5	 0	 0.5	 0	 100	 0	 100
305C	 0	 1	 0	 1	 0	 500	 0	 500
305C-LR	 0	 1	 0	 1	 0	 1000	 0	 1000
309C	 0	 1.25	 0	 1.25	 0	 2000	 0	 2000
310C	 0	 2	 0	 2	 0	 5000	 0	 5000
310C-LR	 0	 2	 0	 2	 0	 10000	 0	 10000
???	 0	 1	 0	 1	 0	 1	 0	 1
400A	 0	 1	 0	 1	 0	 5	 0	 5
402A	 0	 1	 0	 1	 0	 50	 0	 50
403A-CF	 0	 1	 0	 1	 0	 0.2	 0	 0.2
403A	 0	 1	 0	 1	 0	 0.5	 0	 0.5
404A	 0	 1	 0	 1	 0	 10	 0	 10
405A	 0	 1	 0	 1	 0	 1	 0	 1
406A	 0	 1	 0	 1	 0.16	 0.06497	 0.16	 0.06497
407A	 0	 1	 0	 1	 0	 100	 0	 100
470A	 0	 1	 0	 1	 0	 1	 0	 1
other	 0	 1	 0	 1	 0	 1	 0	 1
none	 0	 1	 0	 1	 0	 1	 0	 1
*** Test Protocol Parameters ***
A/D Sampling Rate: 1000 Hz
Comment: Length Discrete Sine protocol for stiffness testing
Minimum Length: -5.000 (Lo)
Maximum Length: 5.000 (Lo)
PD Deadband:    0.000000 mN
Stimulus 01: 0.3 ms 100.000 Hz 10.0 ms 50.000 Hz 0.100 s
Stimulus 02: 1.2 ms 100.000 Hz 20.0 ms 2.000 Hz 100.000 s
Stimulus 03: 1.3 ms 100.000 Hz 20.0 ms 2.000 Hz 100.000 s
Stimulus 04: 1.4 ms 100.000 Hz 20.0 ms 2.000 Hz 100.000 s
Stimulus 05: 1.5 ms 100.000 Hz 20.0 ms 2.000 Hz 100.000 s
Stimulus 06: 1.6 ms 100.000 Hz 20.0 ms 2.000 Hz 100.000 s
Stimulus 07: 1.7 ms 100.000 Hz 20.0 ms 2.000 Hz 100.000 s
Stimulus 08: 1.8 ms 100.000 Hz 20.0 ms 2.000 Hz 100.000 s
Stimulus 09: 1.9 ms 100.000 Hz 20.0 ms 2.000 Hz 100.000 s
Stimulus 10: 2.2 ms 100.000 Hz 20.0 ms 2.000 Hz 100.000 s
Time (ms)	Control Function	Options
      0.0	Data-Enable		
    200.0	Length-Step		 0.65 Lo
   2000.0	Length-Step		 1 Lo
   2005.0	Data-Disable		
      0.0	Stop		
*** Force and Length Signals vs Time ***
Time (ms)  Lin (mm)  Lout (mm)  Fin (mN)  Fout (mN)  Aux1 C  Aux2 mv  SL (um)   Stimulus/Triggers
0.00  0.03315  0.03340  0.01223  0.80968  -227.91640  -229.85078  4.99985   768
1.00  0.03316  0.03340  0.01288  0.80968  -226.93220  -228.86049  4.99985   768
2.00  0.03314  0.03340  0.01347  0.80968  -226.04414  -227.94343  4.99985   768
3.00  0.03314  0.03340  0.01357  0.80968  -225.83815  -227.70997  4.99985   768
4.00  0.03316  0.03340  0.01338  0.80968  -226.11891  -227.96022  4.99985   768
5.00  0.03315  0.03340  0.01280  0.80968  -226.93373  -228.74300  4.99985   768
6.00  0.03317  0.03340  0.01207  0.80968  -228.06898  -229.88740  4.99985   768
7.00  0.03316  0.03340  0.01170  0.80968  -228.67323  -230.55421  4.99985   768
8.00  0.03314  0.03340  0.01165  0.80968  -228.78004  -230.67781  4.99985   768
9.00  0.03315  0.03340  0.01200  0.80968  -228.28871  -230.23378  4.99985   768
10.00  0.03316  0.03340  0.01257  0.80968  -227.42811  -229.38081  4.99985   768
11.00  0.03315  0.03340  0.01317  0.80968  -226.48207  -228.42103  4.99985   768
12.00  0.03317  0.03340  0.01362  0.80968  -225.74507  -227.66267  4.99985   768
13.00  0.03315  0.03340  0.01358  0.80968  -225.76185  -227.63978  4.99985   768
14.00  0.03317  0.03340  0.01317  0.80968  -226.39967  -228.23183  4.99985   768
15.00  0.03315  0.03340  0.01247  0.80968  -227.42964  -229.24196  4.99985   768
16.00  0.03314  0.03340  0.01185  0.80968  -228.42757  -230.26277  4.99985   768
17.00  0.03315  0.03340  0.01155  0.80968  -228.87617  -230.72511  4.99985   768
18.00  0.03317  0.03340  0.01178  0.80968  -228.61830  -230.52675  4.99985   768
19.00  0.03315  0.03340  0.01234  0.80968  -227.81874  -229.74550  4.99985   768
20.00  0.03315  0.03340  0.01296  0.80968  -226.79030  -228.73384  4.99985   768
21.00  0.03316  0.03340  0.01346  0.80968  -226.08229  -227.98768  4.99985   768
22.00  0.03315  0.03340  0.01364  0.80968  -225.72523  -227.62758  4.99985   768
23.00  0.03316  0.03340  0.01340  0.80968  -226.06245  -227.90987  4.99985   768
24.00  0.03316  0.03340  0.01278  0.80968  -226.97951  -228.80861  4.99985   768
25.00  0.03316  0.03340  0.01210  0.80968  -228.01863  -229.85536  4.99985   768
26.00  0.03315  0.03340  0.01166  0.80968  -228.72816  -230.58321  4.99985   768
27.00  0.03314  0.03340  0.01164  0.80968  -228.81666  -230.72206  4.99985   768
28.00  0.03315  0.03340  0.01195  0.80968  -228.35280  -230.27193  4.99985   768
29.00  0.03316  0.03340  0.01258  0.80968  -227.42354  -229.39760  4.99985   768
30.00  0.03316  0.03340  0.01315  0.80968  -226.51106  -228.44087  4.99985   768
31.00  0.03316  0.03340  0.01349  0.80968  -225.96937  -227.86409  4.99985   768
32.00  0.03315  0.03340  0.01351  0.80968  -225.86714  -227.73591  4.99985   768
33.00  0.03316  0.03340  0.01311  0.80968  -226.48665  -228.31575  4.99985   768
34.00  0.03315  0.03340  0.01251  0.80968  -227.38386  -229.19466  4.99985   768
35.00  0.03315  0.03340  0.01194  0.80968  -228.27040  -230.09798  4.99985   768
36.00  0.03316  0.03340  0.01158  0.80968  -228.87312  -230.72664  4.99985   768
37.00  0.03315  0.03340  0.01187  0.80968  -228.50539  -230.41231  4.99985   768
38.00  0.03315  0.03340  0.01244  0.80968  -227.65089  -229.59901  4.99985   768
39.00  0.03316  0.03340  0.01302  0.80968  -226.72926  -228.68501  4.99985   768
40.00  0.03316  0.03340  0.01342  0.80968  -226.08992  -228.00752  4.99985   768
41.00  0.03314  0.03340  0.01359  0.80968  -225.82136  -227.71760  4.99985   768
42.00  0.03315  0.03340  0.01335  0.80968  -226.12654  -227.96785  4.99985   768
43.00  0.03315  0.03340  0.01285  0.80968  -226.88795  -228.72774  4.99985   768
44.00  0.03315  0.03340  0.01218  0.80968  -227.90877  -229.75465  4.99985   768
45.00  0.03314  0.03340  0.01171  0.80968  -228.64577  -230.51607  4.99985   768
46.00  0.03316  0.03340  0.01168  0.80968  -228.75868  -230.65340  4.99985   768
47.00  0.03318  0.03340  0.01209  0.80968  -228.18190  -230.12544  4.99985   768
48.00  0.03315  0.03340  0.01271  0.80968  -227.21602  -229.16414  4.99985   768
49.00  0.03315  0.03340  0.01318  0.80968  -226.48054  -228.39967  4.99985   768
50.00  0.03315  0.03340  0.01352  0.80968  -225.92207  -227.80153  4.99985   768
51.00  0.03314  0.03340  0.01340  0.80968  -226.06398  -227.91902  4.99985   768
52.00  0.03316  0.03340  0.01297  0.80968  -226.67128  -228.49275  4.99985   768
53.00  0.03315  0.03340  0.01236  0.80968  -227.61427  -229.41896  4.99985   768
54.00  0.03316  0.03340  0.01186  0.80968  -228.42604  -230.25819  4.99985   768
55.00  0.03315  0.03340  0.01169  0.80968  -228.71748  -230.60609  4.99985   768
56.00  0.03315  0.03340  0.01184  0.80968  -228.49776  -230.40468  4.99985   768
57.00  0.03315  0.03340  0.01233  0.80968  -227.77754  -229.72414  4.99985   768
58.00  0.03316  0.03340  0.01286  0.80968  -227.00087  -228.93068  4.99985   768
59.00  0.03316  0.03340  0.01332  0.80968  -226.24861  -228.19215  4.99985   768
60.00  0.03316  0.03340  0.01342  0.80968  -226.06856  -227.97090  4.99985   768
61.00  0.03315  0.03340  0.01319  0.80968  -226.36000  -228.23030  4.99985   768
62.00  0.03316  0.03340  0.01271  0.80968  -227.11073  -228.94289  4.99985   768
63.00  0.03317  0.03340  0.01207  0.80968  -228.11171  -229.94386  4.99985   768
64.00  0.03316  0.03340  0.01170  0.80968  -228.67171  -230.51759  4.99985   768
65.00  0.03316  0.03340  0.01172  0.80968  -228.69307  -230.59389  4.99985   768
66.00  0.03314  0.03340  0.01211  0.80968  -228.15443  -230.07051  4.99985   768
67.00  0.03315  0.03340  0.01262  0.80968  -227.31673  -229.22517  4.99985   768
68.00  0.03314  0.03340  0.01307  0.80968  -226.61940  -228.52937  4.99985   768
69.00  0.03315  0.03340  0.01338  0.80968  -226.17384  -228.07008  4.99985   768
70.00  0.03316  0.03340  0.01334  0.80968  -226.12807  -227.96785  4.99985   768
71.00  0.03314  0.03340  0.01293  0.80968  -226.78725  -228.63313  4.99985   768
72.00  0.03317  0.03340  0.01230  0.80968  -227.71651  -229.54713  4.99985   768
73.00  0.03315  0.03340  0.01181  0.80968  -228.47487  -230.32533  4.99985   768
74.00  0.03314  0.03340  0.01167  0.80968  -228.75410  -230.64882  4.99985   768
75.00  0.03313  0.03340  0.01188  0.80968  -228.47029  -230.40468  4.99985   768
76.00  0.03316  0.03340  0.01242  0.80968  -227.69057  -229.63258  4.99985   768
77.00  0.03316  0.03340  0.01300  0.80968  -226.70637  -228.65907  4.99985   768
78.00  0.03316  0.03340  0.01330  0.80968  -226.27608  -228.18758  4.99985   768
79.00  0.03316  0.03340  0.01332  0.80968  -226.18605  -228.05330  4.99985   768
80.00  0.03315  0.03340  0.01307  0.80968  -226.56447  -228.42409  4.99985   768
81.00  0.03316  0.03340  0.01262  0.80968  -227.20381  -229.02376  4.99985   768
82.00  0.03315  0.03340  0.01203  0.80968  -228.17427  -229.99422  4.99985   768
83.00  0.03316  0.03340  0.01180  0.80968  -228.51912  -230.38179  4.99985   768
84.00  0.03314  0.03340  0.01180  0.80968  -228.57558  -230.45503  4.99985   768
85.00  0.03314  0.03340  0.01225  0.80968  -227.89198  -229.80958  4.99985   768
86.00  0.03315  0.03340  0.01279  0.80968  -227.08479  -228.99324  4.99985   768
87.00  0.03316  0.03340  0.01332  0.80968  -226.24708  -228.15401  4.99985   768
88.00  0.03315  0.03340  0.01343  0.80968  -226.05330  -227.94801  4.99985   768
89.00  0.03315  0.03340  0.01325  0.80968  -226.29591  -228.13875  4.99985   768
90.00  0.03314  0.03340  0.01276  0.80968  -227.01918  -228.86507  4.99985   768
91.00  0.03315  0.03340  0.01217  0.80968  -227.89809  -229.74397  4.99985   768
92.00  0.03315  0.03340  0.01177  0.80968  -228.58015  -230.44740  4.99985   768
93.00  0.03316  0.03340  0.01174  0.80968  -228.64271  -230.56184  4.99985   768
94.00  0.03314  0.03340  0.01205  0.80968  -228.21852  -230.15443  4.99985   768
95.00  0.03315  0.03340  0.01257  0.80968  -227.41896  -229.37166  4.99985   768
96.00  0.03316  0.03340  0.01316  0.80968  -226.51564  -228.42256  4.99985   768
97.00  0.03315  0.03340  0.01350  0.80968  -225.99226  -227.89613  4.99985   768
98.00  0.03315  0.03340  0.01348  0.80968  -225.94038  -227.80000  4.99985   768
99.00  0.03315  0.03340  0.01307  0.80968  -226.50496  -228.33559  4.99985   768
100.00  0.03315  0.03340  0.01253  0.80968  -227.36250  -229.17787  4.99985   768
101.00  0.03316  0.03340  0.01202  0.80968  -228.14680  -229.96828  4.99985   768
102.00  0.03316  0.03340  0.01169  0.80968  -228.69307  -230.54964  4.99985   768
103.00  0.03315  0.03340  0.01186  0.80968  -228.50081  -230.39857  4.99985   768
104.00  0.03317  0.03340  0.01230  0.80968  -227.79738  -229.73787  4.99985   768
105.00  0.03316  0.03340  0.01300  0.80968  -226.79793  -228.73842  4.99985   768
106.00  0.03315  0.03340  0.01343  0.80968  -226.06856  -227.98768  4.99985   768
107.00  0.03315  0.03340  0.01350  0.80968  -225.90071  -227.77711  4.99985   768
108.00  0.03315  0.03340  0.01321  0.80968  -226.33559  -228.19520  4.99985   768
109.00  0.03314  0.03340  0.01268  0.80968  -227.15956  -229.00545  4.99985   768
110.00  0.03315  0.03340  0.01219  0.80968  -227.87977  -229.71345  4.99985   768
111.00  0.03315  0.03340  0.01170  0.80968  -228.65645  -230.52522  4.99985   768
112.00  0.03315  0.03340  0.01170  0.80968  -228.70528  -230.61983  4.99985   768
113.00  0.03315  0.03340  0.01207  0.80968  -228.15748  -230.08882  4.99985   768
114.00  0.03315  0.03340  0.01271  0.80968  -227.22670  -229.15193  4.99985   768
115.00  0.03316  0.03340  0.01328  0.80968  -226.28828  -228.19520  4.99985   768
116.00  0.03315  0.03340  0.01367  0.80968  -225.67946  -227.59553  4.99985   768
117.00  0.03316  0.03340  0.01360  0.80968  -225.74202  -227.58180  4.99985   768
118.00  0.03315  0.03340  0.01317  0.80968  -226.37678  -228.19978  4.99985   768
119.00  0.03315  0.03340  0.01244  0.80968  -227.50441  -229.28010  4.99985   768
120.00  0.03314  0.03340  0.01187  0.80968  -228.35737  -230.20021  4.99985   768
121.00  0.03316  0.03340  0.01161  0.80968  -228.81361  -230.69459  4.99985   768
122.00  0.03316  0.03340  0.01183  0.80968  -228.54506  -230.44282  4.99985   768
123.00  0.03315  0.03340  0.01232  0.80968  -227.78822  -229.73787  4.99985   768
124.00  0.03314  0.03340  0.01306  0.80968  -226.70943  -228.66060  4.99985   768
125.00  0.03316  0.03340  0.01363  0.80968  -225.78322  -227.72371  4.99985   768
126.00  0.03315  0.03340  0.01377  0.80968  -225.51314  -227.40327  4.99985   768
127.00  0.03314  0.03340  0.01344  0.80968  -225.98768  -227.83662  4.99985   768
128.00  0.03315  0.03340  0.01292  0.80968  -226.76283  -228.61940  4.99985   768
129.00  0.03317  0.03340  0.01216  0.80968  -227.88893  -229.70125  4.99985   768
130.00  0.03316  0.03340  0.01170  0.80968  -228.64729  -230.48250  4.99985   768
131.00  0.03316  0.03340  0.01159  0.80968  -228.89601  -230.77089  4.99985   768
132.00  0.03316  0.03340  0.01192  0.80968  -228.40010  -230.32228  4.99985   768
133.00  0.03316  0.03340  0.01261  0.80968  -227.37623  -229.30910  4.99985   768
134.00  0.03315  0.03340  0.01328  0.80968  -226.31575  -228.26539  4.99985   768
135.00  0.03316  0.03340  0.01360  0.80968  -225.78474  -227.66878  4.99985   768
136.00  0.03315  0.03340  0.01358  0.80968  -225.75117  -227.60164  4.99985   768
137.00  0.03315  0.03340  0.01311  0.80968  -226.50954  -228.34474  4.99985   768
138.00  0.03316  0.03340  0.01251  0.80968  -227.38234  -229.19771  4.99985   768
139.00  0.03315  0.03340  0.01193  0.80968  -228.29939  -230.12544  4.99985   768
140.00  0.03315  0.03340  0.01157  0.80968  -228.86549  -230.73579  4.99985   768
141.00  0.03314  0.03340  0.01176  0.80968  -228.65950  -230.59541  4.99985   768
142.00  0.03314  0.03340  0.01221  0.80968  -227.96675  -229.91182  4.99985   768
143.00  0.03316  0.03340  0.01291  0.80968  -226.92152  -228.88185  4.99985   768
144.00  0.03314  0.03340  0.01348  0.80968  -226.00294  -227.94038  4.99985   768
145.00  0.03316  0.03340  0.01367  0.80968  -225.67030  -227.57265  4.99985   768
146.00  0.03315  0.03340  0.01342  0.80968  -225.99226  -227.82747  4.99985   768
147.00  0.03315  0.03340  0.01289  0.80968  -226.84828  -228.67891  4.99985   768
148.00  0.03316  0.03340  0.01218  0.80968  -227.87672  -229.68599  4.99985   768
149.00  0.03317  0.03340  0.01173  0.80968  -228.58015  -230.42757  4.99985   768
150.00  0.03315  0.03340  0.01164  0.80968  -228.78920  -230.67934  4.99985   768
151.00  0.03315  0.03340  0.01190  0.80968  -228.41994  -230.31618  4.99985   768
152.00  0.03315  0.03340  0.01255  0.80968  -227.47084  -229.40828  4.99985   768
153.00  0.03316  0.03340  0.01317  0.80968  -226.48970  -228.42256  4.99985   768
154.00  0.03315  0.03340  0.01354  0.80968  -225.87019  -227.76033  4.99985   768
155.00  0.03315  0.03340  0.01345  0.80968  -225.97853  -227.83662  4.99985   768
156.00  0.03315  0.03340  0.01307  0.80968  -226.51564  -228.36763  4.99985   768
157.00  0.03316  0.03340  0.01247  0.80968  -227.46626  -229.29384  4.99985   768
158.00  0.03314  0.03340  0.01189  0.80968  -228.33906  -230.19105  4.99985   768
159.00  0.03314  0.03340  0.01168  0.80968  -228.73579  -230.63356  4.99985   768
160.00  0.03315  0.03340  0.01184  0.80968  -228.54048  -230.44130  4.99985   768
161.00  0.03315  0.03340  0.01225  0.80968  -227.88130  -229.82637  4.99985   768
162.00  0.03315  0.03340  0.01286  0.80968  -226.98866  -228.94746  4.99985   768
163.00  0.03316  0.03340  0.01346  0.80968  -225.99684  -227.91749  4.99985   768
164.00  0.03315  0.03340  0.01356  0.80968  -225.84883  -227.74507  4.99985   768
165.00  0.03316  0.03340  0.01328  0.80968  -226.21351  -228.03346  4.99985   768
166.00  0.03317  0.03340  0.01285  0.80968  -226.85591  -228.68196  4.99985   768
167.00  0.03316  0.03340  0.01219  0.80968  -227.85383  -229.64784  4.99985   768
168.00  0.03315  0.03340  0.01178  0.80968  -228.57100  -230.41841  4.99985   768
169.00  0.03315  0.03340  0.01173  0.80968  -228.64729  -230.52370  4.99985   768
170.00  0.03316  0.03340  0.01208  0.80968  -228.18037  -230.12086  4.99985   768
171.00  0.03316  0.03340  0.01269  0.80968  -227.22670  -229.15956  4.99985   768
172.00  0.03315  0.03340  0.01322  0.80968  -226.35084  -228.27608  4.99985   768
173.00  0.03316  0.03340  0.01339  0.80968  -226.12501  -228.02888  4.99985   768
174.00  0.03315  0.03340  0.01331  0.80968  -226.21046  -228.07619  4.99985   768
175.00  0.03316  0.03340  0.01292  0.80968  -226.78419  -228.62703  4.99985   768
176.00  0.03315  0.03340  0.01238  0.80968  -227.59596  -229.44643  4.99985   768
177.00  0.03316  0.03340  0.01189  0.80968  -228.40773  -230.26582  4.99985   768
178.00  0.03314  0.03340  0.01171  0.80968  -228.66713  -230.54201  4.99985   768
179.00  0.03315  0.03340  0.01192  0.80968  -228.42909  -230.33754  4.99985   768
180.00  0.03315  0.03340  0.01239  0.80968  -227.69667  -229.62800  4.99985   768
181.00  0.03316  0.03340  0.01305  0.80968  -226.69722  -228.63924  4.99985   768
182.00  0.03315  0.03340  0.01345  0.80968  -226.03499  -227.93733  4.99985   768
183.00  0.03314  0.03340  0.01357  0.80968  -225.81679  -227.67793  4.99985   768
184.00  0.03316  0.03340  0.01324  0.80968  -226.27455  -228.09602  4.99985   768
185.00  0.03315  0.03340  0.01264  0.80968  -227.17329  -228.98256  4.99985   768
186.00  0.03316  0.03340  0.01198  0.80968  -228.19716  -230.01710  4.99985   768
187.00  0.03316  0.03340  0.01168  0.80968  -228.76631  -230.63814  4.99985   768
188.00  0.03316  0.03340  0.01175  0.80968  -228.64577  -230.53743  4.99985   768
189.00  0.03315  0.03340  0.01209  0.80968  -228.09340  -230.02321  4.99985   768
190.00  0.03314  0.03340  0.01276  0.80968  -227.12752  -229.07258  4.99985   768
191.00  0.03316  0.03340  0.01327  0.80968  -226.34779  -228.26845  4.99985   768
192.00  0.03315  0.03340  0.01343  0.80968  -226.08229  -227.97395  4.99985   768
193.00  0.03317  0.03340  0.01332  0.80968  -226.16164  -228.05025  4.99985   768
194.00  0.03316  0.03340  0.01295  0.80968  -226.70943  -228.55379  4.99985   768
195.00  0.03316  0.03340  0.01231  0.80968  -227.72414  -229.54713  4.99985   768
196.00  0.03315  0.03340  0.01173  0.80968  -228.58778  -230.44130  4.99985   768
197.00  0.03315  0.03340  0.01160  0.80968  -228.86092  -230.72969  4.99985   768
198.00  0.03316  0.03340  0.01182  0.80968  -228.54964  -230.46724  4.99985   768
199.00  0.03316  0.03340  0.01235  0.80968  -227.75465  -229.67836  4.99985   768
200.00  0.03063  0.02168  0.01305  0.80968  -226.70943  -228.66670  4.99985   768
201.00  0.02520  0.02168  0.01248  0.80968  -227.34419  -229.06038  4.99985   768
202.00  0.02435  0.02168  0.01127  0.80968  -229.28206  -231.05775  4.99985   768
203.00  0.02399  0.02168  0.01114  0.80968  -229.60097  -231.49721  4.99985   768
204.00  0.02369  0.02168  0.00992  0.80968  -231.25960  -232.98341  4.99985   768
205.00  0.02351  0.02168  0.00884  0.80968  -233.04030  -234.85261  4.99985   768
206.00  0.02337  0.02168  0.00895  0.80968  -232.94264  -234.83736  4.99985   768
207.00  0.02326  0.02168  0.00845  0.80968  -233.67964  -235.52553  4.99985   768
208.00  0.02314  0.02168  0.00878  0.80968  -233.27528  -235.24324  4.99985   768
209.00  0.02304  0.02168  0.00984  0.80968  -231.60902  -233.55714  4.99985   768
210.00  0.02296  0.02168  0.00989  0.80968  -231.51137  -233.41066  4.99985   768
211.00  0.02289  0.02168  0.01033  0.80968  -230.87965  -232.82777  4.99985   768
212.00  0.02283  0.02168  0.01032  0.80968  -230.73622  -232.55159  4.99985   768
213.00  0.02280  0.02168  0.00947  0.80968  -232.09578  -233.94014  4.99985   768
214.00  0.02275  0.02168  0.00923  0.80968  -232.48488  -234.34297  4.99985   768
215.00  0.02272  0.02168  0.00839  0.80968  -233.64607  -235.40803  4.99985   768
216.00  0.02269  0.02168  0.00816  0.80968  -234.14809  -236.05043  4.99985   768
217.00  0.02267  0.02168  0.00878  0.80968  -233.22493  -235.15932  4.99985   768
218.00  0.02265  0.02168  0.00896  0.80968  -232.96095  -234.84651  4.99985   768
219.00  0.02264  0.02168  0.00989  0.80968  -231.55409  -233.53578  4.99985   768
220.00  0.02261  0.02168  0.01045  0.80968  -230.64467  -232.54243  4.99985   768
221.00  0.02261  0.02168  0.01017  0.80968  -231.00325  -232.87355  4.99985   768
222.00  0.02258  0.02168  0.01008  0.80968  -231.13295  -232.99104  4.99985   768
223.00  0.02257  0.02168  0.00926  0.80968  -232.35670  -234.14155  4.99985   768
224.00  0.02255  0.02168  0.00853  0.80968  -233.55910  -235.41872  4.99985   768
225.00  0.02255  0.02168  0.00840  0.80968  -233.71626  -235.58961  4.99985   768
226.00  0.02254  0.02168  0.00819  0.80968  -234.10536  -235.99855  4.99985   768
227.00  0.02254  0.02168  0.00879  0.80968  -233.25697  -235.22188  4.99985   768
228.00  0.02252  0.02168  0.00953  0.80968  -232.09730  -234.03474  4.99985   768
229.00  0.02251  0.02168  0.00997  0.80968  -231.45338  -233.36641  4.99985   768
230.00  0.02250  0.02168  0.01043  0.80968  -230.64925  -232.56380  4.99985   768
231.00  0.02252  0.02168  0.01011  0.80968  -231.11616  -232.93764  4.99985   768
232.00  0.02250  0.02168  0.00959  0.80968  -231.90352  -233.72194  4.99985   768
233.00  0.02249  0.02168  0.00914  0.80968  -232.57033  -234.40095  4.99985   768
234.00  0.02249  0.02168  0.00841  0.80968  -233.71474  -235.52400  4.99985   768
235.00  0.02250  0.02168  0.00825  0.80968  -234.00618  -235.89021  4.99985   768
236.00  0.02250  0.02168  0.00859  0.80968  -233.50722  -235.42177  4.99985   768
237.00  0.02247  0.02168  0.00908  0.80968  -232.79158  -234.72749  4.99985   768
238.00  0.02248  0.02168  0.00985  0.80968  -231.63954  -233.60445  4.99985   768
239.00  0.02247  0.02168  0.01029  0.80968  -230.86745  -232.77894  4.99985   768
240.00  0.02248  0.02168  0.01032  0.80968  -230.81404  -232.71791  4.99985   768
241.00  0.02247  0.02168  0.01011  0.80968  -231.08870  -232.94374  4.99985   768
242.00  0.02245  0.02168  0.00946  0.80968  -232.06831  -233.90504  4.99985   768
243.00  0.02247  0.02168  0.00888  0.80968  -233.01894  -234.86177  4.99985   768
244.00  0.02245  0.02168  0.00854  0.80968  -233.48433  -235.35615  4.99985   768
245.00  0.02245  0.02168  0.00852  0.80968  -233.59724  -235.51790  4.99985   768
246.00  0.02247  0.02168  0.00896  0.80968  -232.94874  -234.89381  4.99985   768
247.00  0.02246  0.02168  0.00964  0.80968  -231.91267  -233.85927  4.99985   768
248.00  0.02245  0.02168  0.01018  0.80968  -231.13753  -233.05971  4.99985   768
249.00  0.02245  0.02168  0.01056  0.80968  -230.38832  -232.28609  4.99985   768
250.00  0.02245  0.02168  0.01039  0.80968  -230.68281  -232.50429  4.99985   768
251.00  0.02245  0.02168  0.00994  0.80968  -231.36946  -233.18941  4.99985   768
252.00  0.02245  0.02168  0.00927  0.80968  -232.36433  -234.17207  4.99985   768
253.00  0.02246  0.02168  0.00869  0.80968  -233.28749  -235.11964  4.99985   768
254.00  0.02245  0.02168  0.00861  0.80968  -233.46449  -235.34547  4.99985   768
255.00  0.02245  0.02168  0.00888  0.80968  -233.08913  -235.01588  4.99985   768
256.00  0.02243  0.02168  0.00948  0.80968  -232.17207  -234.11561  4.99985   768
257.00  0.02245  0.02168  0.01015  0.80968  -231.12837  -233.09022  4.99985   768
258.00  0.02243  0.02168  0.01045  0.80968  -230.66756  -232.56074  4.99985   768
259.00  0.02243  0.02168  0.01054  0.80968  -230.45546  -232.33949  4.99985   768
260.00  0.02244  0.02168  0.01019  0.80968  -230.98799  -232.83540  4.99985   768
261.00  0.02244  0.02168  0.00956  0.80968  -231.95540  -233.77992  4.99985   768
262.00  0.02244  0.02168  0.00894  0.80968  -232.89534  -234.74428  4.99985   768
263.00  0.02243  0.02168  0.00864  0.80968  -233.35463  -235.22798  4.99985   768
264.00  0.02244  0.02168  0.00860  0.80968  -233.49348  -235.38972  4.99985   768
265.00  0.02243  0.02168  0.00909  0.80968  -232.74580  -234.69545  4.99985   768
266.00  0.02243  0.02168  0.00968  0.80968  -231.88521  -233.80586  4.99985   768
267.00  0.02243  0.02168  0.01024  0.80968  -230.99104  -232.89949  4.99985   768
268.00  0.02243  0.02168  0.01041  0.80968  -230.66908  -232.54091  4.99985   768
269.00  0.02243  0.02168  0.01018  0.80968  -231.00325  -232.85371  4.99985   768
270.00  0.02243  0.02168  0.00972  0.80968  -231.67158  -233.49916  4.99985   768
271.00  0.02244  0.02168  0.00911  0.80968  -232.62373  -234.43910  4.99985   768
272.00  0.02243  0.02168  0.00858  0.80968  -233.45991  -235.29970  4.99985   768
273.00  0.02241  0.02168  0.00848  0.80968  -233.62471  -235.50874  4.99985   768
274.00  0.02242  0.02168  0.00882  0.80968  -233.18220  -235.11507  4.99985   768
275.00  0.02242  0.02168  0.00935  0.80968  -232.37349  -234.33076  4.99985   768
276.00  0.02242  0.02168  0.00992  0.80968  -231.49153  -233.44118  4.99985   768
277.00  0.02243  0.02168  0.01035  0.80968  -230.81099  -232.72859  4.99985   768
278.00  0.02242  0.02168  0.01044  0.80968  -230.62483  -232.46919  4.99985   768
279.00  0.02241  0.02168  0.01013  0.80968  -231.09328  -232.92085  4.99985   768
280.00  0.02241  0.02168  0.00948  0.80968  -232.04237  -233.89284  4.99985   768
281.00  0.02240  0.02168  0.00890  0.80968  -232.98384  -234.80073  4.99985   768
282.00  0.02242  0.02168  0.00853  0.80968  -233.54536  -235.40498  4.99985   768
283.00  0.02241  0.02168  0.00872  0.80968  -233.28902  -235.19746  4.99985   768
284.00  0.02242  0.02168  0.00922  0.80968  -232.55507  -234.50624  4.99985   768
285.00  0.02241  0.02168  0.00977  0.80968  -231.69905  -233.61513  4.99985   768
286.00  0.02241  0.02168  0.01026  0.80968  -230.99257  -232.91170  4.99985   768
287.00  0.02242  0.02168  0.01046  0.80968  -230.60499  -232.46919  4.99985   768
288.00  0.02240  0.02168  0.01032  0.80968  -230.83845  -232.69502  4.99985   768
289.00  0.02240  0.02168  0.00986  0.80968  -231.50069  -233.35420  4.99985   768
290.00  0.02240  0.02168  0.00916  0.80968  -232.51082  -234.33839  4.99985   768
291.00  0.02242  0.02168  0.00870  0.80968  -233.30885  -235.16542  4.99985   768
292.00  0.02240  0.02168  0.00853  0.80968  -233.60182  -235.49501  4.99985   768
293.00  0.02241  0.02168  0.00893  0.80968  -233.02199  -234.97316  4.99985   768
294.00  0.02241  0.02168  0.00955  0.80968  -232.06526  -233.99965  4.99985   768
295.00  0.02240  0.02168  0.01010  0.80968  -231.19398  -233.13600  4.99985   768
296.00  0.02242  0.02168  0.01044  0.80968  -230.66298  -232.58058  4.99985   768
297.00  0.02242  0.02168  0.01035  0.80968  -230.80336  -232.68281  4.99985   768
298.00  0.02240  0.02168  0.00998  0.80968  -231.24129  -233.07191  4.99985   768
299.00  0.02240  0.02168  0.00942  0.80968  -232.14613  -233.97829  4.99985   768
300.00  0.02241  0.02168  0.00882  0.80968  -233.06166  -234.87550  4.99985   768
301.00  0.02241  0.02168  0.00852  0.80968  -233.56062  -235.41414  4.99985   768
302.00  0.02241  0.02168  0.00854  0.80968  -233.59877  -235.48128  4.99985   768
303.00  0.02240  0.02168  0.00890  0.80968  -233.02504  -234.94874  4.99985   768
304.00  0.02239  0.02168  0.00957  0.80968  -232.04848  -234.00423  4.99985   768
305.00  0.02240  0.02168  0.01006  0.80968  -231.25349  -233.15584  4.99985   768
306.00  0.02240  0.02168  0.01017  0.80968  -231.07649  -232.95747  4.99985   768
307.00  0.02239  0.02168  0.00999  0.80968  -231.32368  -233.20009  4.99985   768
308.00  0.02240  0.02168  0.00950  0.80968  -232.02559  -233.87147  4.99985   768
309.00  0.02239  0.02168  0.00886  0.80968  -233.01741  -234.85719  4.99985   768
310.00  0.02240  0.02168  0.00844  0.80968  -233.73305  -235.59572  4.99985   768
311.00  0.02239  0.02168  0.00838  0.80968  -233.79561  -235.70558  4.99985   768
312.00  0.02240  0.02168  0.00880  0.80968  -233.21730  -235.16237  4.99985   768
313.00  0.02238  0.02168  0.00941  0.80968  -232.26210  -234.20259  4.99985   768
314.00  0.02240  0.02168  0.01004  0.80968  -231.31148  -233.26417  4.99985   768
315.00  0.02240  0.02168  0.01045  0.80968  -230.61720  -232.51955  4.99985   768
316.00  0.02238  0.02168  0.01031  0.80968  -230.82777  -232.68129  4.99985   768
317.00  0.02241  0.02168  0.01007  0.80968  -231.15431  -232.98799  4.99985   768
318.00  0.02239  0.02168  0.00946  0.80968  -232.03627  -233.85469  4.99985   768
319.00  0.02240  0.02168  0.00886  0.80968  -233.01741  -234.82820  4.99985   768
320.00  0.02240  0.02168  0.00872  0.80968  -233.24782  -235.13185  4.99985   768
321.00  0.02239  0.02168  0.00885  0.80968  -233.12422  -235.04030  4.99985   768
322.00  0.02240  0.02168  0.00944  0.80968  -232.23463  -234.17970  4.99985   768
323.00  0.02239  0.02168  0.01013  0.80968  -231.17720  -233.12532  4.99985   768
324.00  0.02240  0.02168  0.01052  0.80968  -230.57295  -232.46919  4.99985   768
325.00  0.02240  0.02168  0.01048  0.80968  -230.58668  -232.46919  4.99985   768
326.00  0.02239  0.02168  0.01031  0.80968  -230.80488  -232.67061  4.99985   768
327.00  0.02239  0.02168  0.00976  0.80968  -231.60292  -233.42592  4.99985   768
328.00  0.02238  0.02168  0.00911  0.80968  -232.63594  -234.46962  4.99985   768
329.00  0.02240  0.02168  0.00868  0.80968  -233.27681  -235.12880  4.99985   768
330.00  0.02238  0.02168  0.00860  0.80968  -233.47212  -235.37447  4.99985   768
331.00  0.02237  0.02168  0.00897  0.80968  -232.96553  -234.88618  4.99985   768
332.00  0.02238  0.02168  0.00966  0.80968  -231.90962  -233.84248  4.99985   768
333.00  0.02238  0.02168  0.01022  0.80968  -231.01393  -232.92085  4.99985   768
334.00  0.02239  0.02168  0.01045  0.80968  -230.63551  -232.52412  4.99985   768
335.00  0.02238  0.02168  0.01024  0.80968  -230.93916  -232.77437  4.99985   768
336.00  0.02239  0.02168  0.00977  0.80968  -231.58156  -233.39845  4.99985   768
337.00  0.02237  0.02168  0.00919  0.80968  -232.53218  -234.35823  4.99985   768
338.00  0.02237  0.02168  0.00861  0.80968  -233.41719  -235.24934  4.99985   768
339.00  0.02237  0.02168  0.00839  0.80968  -233.78950  -235.65523  4.99985   768
340.00  0.02237  0.02168  0.00861  0.80968  -233.51637  -235.44923  4.99985   768
341.00  0.02237  0.02168  0.00922  0.80968  -232.59932  -234.56880  4.99985   768
342.00  0.02238  0.02168  0.00987  0.80968  -231.57698  -233.51289  4.99985   768
343.00  0.02238  0.02168  0.01031  0.80968  -230.85371  -232.77894  4.99985   768
344.00  0.02237  0.02168  0.01041  0.80968  -230.72707  -232.62331  4.99985   768
345.00  0.02239  0.02168  0.01013  0.80968  -231.05971  -232.91475  4.99985   768
346.00  0.02237  0.02168  0.00954  0.80968  -231.98134  -233.81807  4.99985   768
347.00  0.02237  0.02168  0.00894  0.80968  -232.90755  -234.72902  4.99985   768
348.00  0.02237  0.02168  0.00863  0.80968  -233.40498  -235.25545  4.99985   768
349.00  0.02238  0.02168  0.00872  0.80968  -233.31343  -235.22035  4.99985   768
350.00  0.02238  0.02168  0.00920  0.80968  -232.61610  -234.54744  4.99985   768
351.00  0.02237  0.02168  0.00990  0.80968  -231.52357  -233.45949  4.99985   768
352.00  0.02235  0.02168  0.01039  0.80968  -230.74538  -232.64314  4.99985   768
353.00  0.02236  0.02168  0.01060  0.80968  -230.35628  -232.25252  4.99985   768
354.00  0.02238  0.02168  0.01043  0.80968  -230.64314  -232.47377  4.99985   768
355.00  0.02237  0.02168  0.01001  0.80968  -231.28706  -233.11769  4.99985   768
356.00  0.02235  0.02168  0.00933  0.80968  -232.28346  -234.10951  4.99985   768
357.00  0.02238  0.02168  0.00873  0.80968  -233.19899  -235.05250  4.99985   768
358.00  0.02238  0.02168  0.00854  0.80968  -233.59572  -235.48891  4.99985   768
359.00  0.02237  0.02168  0.00884  0.80968  -233.16389  -235.09828  4.99985   768
360.00  0.02235  0.02168  0.00937  0.80968  -232.38112  -234.32619  4.99985   768
361.00  0.02236  0.02168  0.01000  0.80968  -231.38014  -233.31148  4.99985   768
362.00  0.02237  0.02168  0.01037  0.80968  -230.74232  -232.65535  4.99985   768
363.00  0.02235  0.02168  0.01045  0.80968  -230.62788  -232.50581  4.99985   768
364.00  0.02237  0.02168  0.01019  0.80968  -230.96510  -232.79268  4.99985   768
365.00  0.02237  0.02168  0.00960  0.80968  -231.87605  -233.69295  4.99985   768
366.00  0.02237  0.02168  0.00890  0.80968  -232.92738  -234.75801  4.99985   768
367.00  0.02237  0.02168  0.00846  0.80968  -233.63844  -235.48433  4.99985   768
368.00  0.02236  0.02168  0.00856  0.80968  -233.54536  -235.43703  4.99985   768
369.00  0.02237  0.02168  0.00904  0.80968  -232.89687  -234.83278  4.99985   768
370.00  0.02236  0.02168  0.00976  0.80968  -231.74788  -233.69600  4.99985   768
371.00  0.02236  0.02168  0.01033  0.80968  -230.83845  -232.75758  4.99985   768
372.00  0.02235  0.02168  0.01054  0.80968  -230.53938  -232.43715  4.99985   768
373.00  0.02236  0.02168  0.01046  0.80968  -230.53786  -232.40205  4.99985   768
374.00  0.02237  0.02168  0.00993  0.80968  -231.37709  -233.21229  4.99985   768
375.00  0.02237  0.02168  0.00919  0.80968  -232.46199  -234.28957  4.99985   768
376.00  0.02236  0.02168  0.00863  0.80968  -233.37294  -235.22493  4.99985   768
377.00  0.02235  0.02168  0.00845  0.80968  -233.68269  -235.56825  4.99985   768
378.00  0.02235  0.02168  0.00880  0.80968  -233.19899  -235.15321  4.99985   768
379.00  0.02236  0.02168  0.00946  0.80968  -232.23769  -234.19496  4.99985   768
380.00  0.02236  0.02168  0.01014  0.80968  -231.14210  -233.07497  4.99985   768
381.00  0.02234  0.02168  0.01056  0.80968  -230.45088  -232.37001  4.99985   768
382.00  0.02234  0.02168  0.01056  0.80968  -230.42494  -232.28761  4.99985   768
383.00  0.02234  0.02168  0.01027  0.80968  -230.84761  -232.67366  4.99985   768
384.00  0.02237  0.02168  0.00968  0.80968  -231.71736  -233.53273  4.99985   768
385.00  0.02235  0.02168  0.00890  0.80968  -232.92738  -234.72749  4.99985   768
386.00  0.02235  0.02168  0.00853  0.80968  -233.52858  -235.38820  4.99985   768
387.00  0.02237  0.02168  0.00865  0.80968  -233.41109  -235.32259  4.99985   768
388.00  0.02235  0.02168  0.00918  0.80968  -232.63441  -234.58711  4.99985   768
389.00  0.02234  0.02168  0.00989  0.80968  -231.54036  -233.48085  4.99985   768
390.00  0.02235  0.02168  0.01041  0.80968  -230.78352  -232.70875  4.99985   768
391.00  0.02235  0.02168  0.01064  0.80968  -230.32271  -232.22505  4.99985   768
392.00  0.02235  0.02168  0.01047  0.80968  -230.59889  -232.47835  4.99985   768
393.00  0.02235  0.02168  0.00995  0.80968  -231.32826  -233.17110  4.99985   768
394.00  0.02235  0.02168  0.00929  0.80968  -232.32313  -234.15224  4.99985   768
395.00  0.02236  0.02168  0.00873  0.80968  -233.21272  -235.07082  4.99985   768
396.00  0.02234  0.02168  0.00860  0.80968  -233.49196  -235.38667  4.99985   768
397.00  0.02235  0.02168  0.00901  0.80968  -232.91212  -234.84346  4.99985   768
398.00  0.02236  0.02168  0.00958  0.80968  -232.02864  -233.95998  4.99985   768
399.00  0.02236  0.02168  0.01019  0.80968  -231.08259  -233.00630  4.99985   768
400.00  0.02235  0.02168  0.01058  0.80968  -230.42952  -232.32118  4.99985   768
401.00  0.02237  0.02168  0.01067  0.80968  -230.25709  -232.12892  4.99985   768
402.00  0.02236  0.02168  0.01033  0.80968  -230.75758  -232.59431  4.99985   768
403.00  0.02234  0.02168  0.00962  0.80968  -231.80586  -233.60445  4.99985   768
404.00  0.02236  0.02168  0.00900  0.80968  -232.83430  -234.64509  4.99985   768
405.00  0.02233  0.02168  0.00861  0.80968  -233.42787  -235.29512  4.99985   768
406.00  0.02233  0.02168  0.00868  0.80968  -233.33937  -235.26918  4.99985   768
407.00  0.02234  0.02168  0.00926  0.80968  -232.48640  -234.46046  4.99985   768
408.00  0.02236  0.02168  0.00991  0.80968  -231.50679  -233.46101  4.99985   768
409.00  0.02232  0.02168  0.01046  0.80968  -230.66450  -232.59126  4.99985   768
410.00  0.02234  0.02168  0.01065  0.80968  -230.33644  -232.23115  4.99985   768
411.00  0.02234  0.02168  0.01038  0.80968  -230.65687  -232.51649  4.99985   768
412.00  0.02233  0.02168  0.00987  0.80968  -231.50221  -233.32674  4.99985   768
413.00  0.02235  0.02168  0.00921  0.80968  -232.48793  -234.30788  4.99985   768
414.00  0.02235  0.02168  0.00865  0.80968  -233.34547  -235.18373  4.99985   768
415.00  0.02234  0.02168  0.00855  0.80968  -233.53621  -235.43397  4.99985   768
416.00  0.02233  0.02168  0.00891  0.80968  -233.01436  -234.91060  4.99985   768
417.00  0.02235  0.02168  0.00957  0.80968  -232.06221  -234.03017  4.99985   768
418.00  0.02235  0.02168  0.01018  0.80968  -231.06581  -232.98341  4.99985   768
419.00  0.02234  0.02168  0.01054  0.80968  -230.51649  -232.41884  4.99985   768
420.00  0.02235  0.02168  0.01053  0.80968  -230.46461  -232.33797  4.99985   768
421.00  0.02234  0.02168  0.01020  0.80968  -230.94374  -232.76521  4.99985   768
422.00  0.02233  0.02168  0.00956  0.80968  -231.90047  -233.72346  4.99985   768
423.00  0.02235  0.02168  0.00887  0.80968  -233.02046  -234.86177  4.99985   768
424.00  0.02233  0.02168  0.00856  0.80968  -233.53316  -235.40498  4.99985   768
425.00  0.02234  0.02168  0.00866  0.80968  -233.37447  -235.28596  4.99985   768
426.00  0.02234  0.02168  0.00915  0.80968  -232.71223  -234.65883  4.99985   768
427.00  0.02235  0.02168  0.00987  0.80968  -231.59987  -233.56935  4.99985   768
428.00  0.02234  0.02168  0.01049  0.80968  -230.62788  -232.55311  4.99985   768
429.00  0.02234  0.02168  0.01069  0.80968  -230.25709  -232.15791  4.99985   768
430.00  0.02233  0.02168  0.01054  0.80968  -230.43715  -232.27998  4.99985   768
431.00  0.02235  0.02168  0.00997  0.80968  -231.27333  -233.09938  4.99985   768
432.00  0.02234  0.02168  0.00930  0.80968  -232.29414  -234.11104  4.99985   768
433.00  0.02232  0.02168  0.00871  0.80968  -233.25392  -235.09370  4.99985   768
434.00  0.02235  0.02168  0.00868  0.80968  -233.32259  -235.21425  4.99985   768
435.00  0.02232  0.02168  0.00897  0.80968  -232.92280  -234.82820  4.99985   768
436.00  0.02235  0.02168  0.00965  0.80968  -231.91572  -233.87910  4.99985   768
437.00  0.02233  0.02168  0.01028  0.80968  -230.93458  -232.86439  4.99985   768
438.00  0.02233  0.02168  0.01064  0.80968  -230.37154  -232.27540  4.99985   768
439.00  0.02233  0.02168  0.01055  0.80968  -230.37611  -232.24031  4.99985   768
440.00  0.02233  0.02168  0.01016  0.80968  -231.02766  -232.85982  4.99985   768
441.00  0.02234  0.02168  0.00952  0.80968  -231.98897  -233.83028  4.99985   768
442.00  0.02234  0.02168  0.00884  0.80968  -233.03267  -234.87245  4.99985   768
443.00  0.02233  0.02168  0.00857  0.80968  -233.49043  -235.38057  4.99985   768
444.00  0.02232  0.02168  0.00869  0.80968  -233.34395  -235.26460  4.99985   768
445.00  0.02233  0.02168  0.00927  0.80968  -232.54134  -234.50166  4.99985   768
446.00  0.02234  0.02168  0.00989  0.80968  -231.49763  -233.44881  4.99985   768
447.00  0.02231  0.02168  0.01043  0.80968  -230.71028  -232.62636  4.99985   768
448.00  0.02235  0.02168  0.01052  0.80968  -230.48598  -232.35628  4.99985   768
449.00  0.02233  0.02168  0.01035  0.80968  -230.76979  -232.60652  4.99985   768
450.00  0.02232  0.02168  0.00980  0.80968  -231.56325  -233.36946  4.99985   768
451.00  0.02234  0.02168  0.00912  0.80968  -232.58711  -234.41164  4.99985   768
452.00  0.02232  0.02168  0.00866  0.80968  -233.33174  -235.18068  4.99985   768
453.00  0.02233  0.02168  0.00869  0.80968  -233.36531  -235.26155  4.99985   768
454.00  0.02233  0.02168  0.00901  0.80968  -232.84956  -234.76717  4.99985   768
455.00  0.02234  0.02168  0.00974  0.80968  -231.80891  -233.77229  4.99985   768
456.00  0.02233  0.02168  0.01042  0.80968  -230.71181  -232.65535  4.99985   768
457.00  0.02233  0.02168  0.01065  0.80968  -230.34865  -232.24641  4.99985   768
458.00  0.02233  0.02168  0.01060  0.80968  -230.39137  -232.28761  4.99985   768
459.00  0.02232  0.02168  0.01016  0.80968  -231.02461  -232.85676  4.99985   768
460.00  0.02233  0.02168  0.00952  0.80968  -231.97218  -233.80739  4.99985   768
461.00  0.02233  0.02168  0.00900  0.80968  -232.80684  -234.66646  4.99985   768
462.00  0.02233  0.02168  0.00866  0.80968  -233.38362  -235.25697  4.99985   768
463.00  0.02232  0.02168  0.00890  0.80968  -233.03877  -234.96553  4.99985   768
464.00  0.02233  0.02168  0.00945  0.80968  -232.20869  -234.14003  4.99985   768
465.00  0.02232  0.02168  0.01016  0.80968  -231.13447  -233.08412  4.99985   768
466.00  0.02232  0.02168  0.01062  0.80968  -230.38679  -232.29219  4.99985   768
467.00  0.02233  0.02168  0.01068  0.80968  -230.19911  -232.06178  4.99985   768
468.00  0.02233  0.02168  0.01043  0.80968  -230.59126  -232.43257  4.99985   768
469.00  0.02234  0.02168  0.00985  0.80968  -231.48390  -233.29927  4.99985   768
470.00  0.02232  0.02168  0.00928  0.80968  -232.34755  -234.18123  4.99985   768
471.00  0.02232  0.02168  0.00878  0.80968  -233.19136  -235.01283  4.99985   768
472.00  0.02233  0.02168  0.00868  0.80968  -233.33327  -235.25697  4.99985   768
473.00  0.02231  0.02168  0.00902  0.80968  -232.86940  -234.78700  4.99985   768
474.00  0.02232  0.02168  0.00977  0.80968  -231.74940  -233.73109  4.99985   768
475.00  0.02232  0.02168  0.01037  0.80968  -230.80488  -232.75148  4.99985   768
476.00  0.02232  0.02168  0.01064  0.80968  -230.33797  -232.24641  4.99985   768
477.00  0.02233  0.02168  0.01054  0.80968  -230.50734  -232.39137  4.99985   768
478.00  0.02233  0.02168  0.01014  0.80968  -231.06123  -232.90864  4.99985   768
479.00  0.02231  0.02168  0.00957  0.80968  -231.92793  -233.75398  4.99985   768
480.00  0.02232  0.02168  0.00905  0.80968  -232.67561  -234.51845  4.99985   768
481.00  0.02233  0.02168  0.00869  0.80968  -233.30275  -235.16695  4.99985   768
482.00  0.02232  0.02168  0.00887  0.80968  -233.06013  -234.97011  4.99985   768
483.00  0.02231  0.02168  0.00940  0.80968  -232.30635  -234.24074  4.99985   768
484.00  0.02233  0.02168  0.01014  0.80968  -231.18025  -233.11616  4.99985   768
485.00  0.02233  0.02168  0.01056  0.80968  -230.44478  -232.35628  4.99985   768
486.00  0.02232  0.02168  0.01070  0.80968  -230.21132  -232.09383  4.99985   768
487.00  0.02231  0.02168  0.01038  0.80968  -230.69197  -232.52870  4.99985   768
488.00  0.02230  0.02168  0.00990  0.80968  -231.37099  -233.19704  4.99985   768
489.00  0.02232  0.02168  0.00936  0.80968  -232.26363  -234.10188  4.99985   768
490.00  0.02231  0.02168  0.00893  0.80968  -232.90755  -234.76564  4.99985   768
491.00  0.02232  0.02168  0.00888  0.80968  -233.04182  -234.94417  4.99985   768
492.00  0.02233  0.02168  0.00921  0.80968  -232.61153  -234.55354  4.99985   768
493.00  0.02233  0.02168  0.00994  0.80968  -231.47780  -233.44881  4.99985   768
494.00  0.02232  0.02168  0.01044  0.80968  -230.68587  -232.62025  4.99985   768
495.00  0.02232  0.02168  0.01073  0.80968  -230.19301  -232.10756  4.99985   768
496.00  0.02232  0.02168  0.01063  0.80968  -230.27083  -232.11977  4.99985   768
497.00  0.02231  0.02168  0.01018  0.80968  -231.01851  -232.84914  4.99985   768
498.00  0.02232  0.02168  0.00953  0.80968  -231.94166  -233.77687  4.99985   768
499.00  0.02232  0.02168  0.00896  0.80968  -232.85261  -234.67409  4.99985   768
500.00  0.02232  0.02168  0.00874  0.80968  -233.25545  -235.10744  4.99985   768
501.00  0.02231  0.02168  0.00894  0.80968  -232.93349  -234.84041  4.99985   768
502.00  0.02232  0.02168  0.00946  0.80968  -232.24074  -234.15987  4.99985   768
503.00  0.02232  0.02168  0.01002  0.80968  -231.34352  -233.26265  4.99985   768
504.00  0.02231  0.02168  0.01041  0.80968  -230.68587  -232.60499  4.99985   768
505.00  0.02232  0.02168  0.01051  0.80968  -230.53938  -232.41273  4.99985   768
506.00  0.02232  0.02168  0.01019  0.80968  -230.96205  -232.79573  4.99985   768
507.00  0.02231  0.02168  0.00959  0.80968  -231.92183  -233.75551  4.99985   768
508.00  0.02232  0.02168  0.00893  0.80968  -232.90907  -234.74733  4.99985   768
509.00  0.02231  0.02168  0.00856  0.80968  -233.50264  -235.36836  4.99985   768
510.00  0.02231  0.02168  0.00864  0.80968  -233.43855  -235.35615  4.99985   768
511.00  0.02230  0.02168  0.00909  0.80968  -232.80073  -234.74275  4.99985   768
512.00  0.02230  0.02168  0.00981  0.80968  -231.72652  -233.68074  4.99985   768
513.00  0.02232  0.02168  0.01037  0.80968  -230.80488  -232.74843  4.99985   768
514.00  0.02231  0.02168  0.01064  0.80968  -230.34865  -232.25404  4.99985   768
515.00  0.02232  0.02168  0.01045  0.80968  -230.58211  -232.44478  4.99985   768
516.00  0.02232  0.02168  0.01003  0.80968  -231.19704  -233.03529  4.99985   768
517.00  0.02230  0.02168  0.00948  0.80968  -232.03627  -233.83943  4.99985   768
518.00  0.02230  0.02168  0.00897  0.80968  -232.86940  -234.71529  4.99985   768
519.00  0.02232  0.02168  0.00878  0.80968  -233.16542  -235.00215  4.99985   768
520.00  0.02231  0.02168  0.00911  0.80968  -232.74733  -234.66341  4.99985   768
521.00  0.02230  0.02168  0.00983  0.80968  -231.66243  -233.63496  4.99985   768
522.00  0.02232  0.02168  0.01049  0.80968  -230.60652  -232.55159  4.99985   768
523.00  0.02231  0.02168  0.01088  0.80968  -230.01295  -231.94429  4.99985   768
524.00  0.02231  0.02168  0.01107  0.80968  -229.67573  -231.55977  4.99985   768
525.00  0.02231  0.02168  0.01049  0.80968  -230.49513  -232.32881  4.99985   768
526.00  0.02228  0.02168  0.00996  0.80968  -231.33589  -233.16041  4.99985   768
527.00  0.02231  0.02168  0.00933  0.80968  -232.29109  -234.12782  4.99985   768
528.00  0.02231  0.02168  0.00882  0.80968  -233.10896  -234.96095  4.99985   768
529.00  0.02230  0.02168  0.00882  0.80968  -233.14558  -235.04793  4.99985   768
530.00  0.02230  0.02168  0.00928  0.80968  -232.48183  -234.40248  4.99985   768
531.00  0.02230  0.02168  0.00991  0.80968  -231.52663  -233.47627  4.99985   768
532.00  0.02230  0.02168  0.01044  0.80968  -230.65993  -232.56990  4.99985   768
533.00  0.02229  0.02168  0.01059  0.80968  -230.40663  -232.27846  4.99985   768
534.00  0.02231  0.02168  0.01036  0.80968  -230.67213  -232.51192  4.99985   768
535.00  0.02231  0.02168  0.00986  0.80968  -231.46406  -233.27028  4.99985   768
536.00  0.02232  0.02168  0.00920  0.80968  -232.44673  -234.25294  4.99985   768
537.00  0.02230  0.02168  0.00866  0.80968  -233.34242  -235.18373  4.99985   768
538.00  0.02229  0.02168  0.00853  0.80968  -233.56825  -235.45991  4.99985   768
539.00  0.02231  0.02168  0.00872  0.80968  -233.34242  -235.25697  4.99985   768
540.00  0.02229  0.02168  0.00919  0.80968  -232.63289  -234.57490  4.99985   768
541.00  0.02231  0.02168  0.00993  0.80968  -231.50832  -233.47475  4.99985   768
542.00  0.02228  0.02168  0.01041  0.80968  -230.69655  -232.62941  4.99985   768
543.00  0.02231  0.02168  0.01039  0.80968  -230.69197  -232.56837  4.99985   768
544.00  0.02230  0.02168  0.01011  0.80968  -231.10701  -232.95290  4.99985   768
545.00  0.02230  0.02168  0.00950  0.80968  -232.00728  -233.82875  4.99985   768
546.00  0.02230  0.02168  0.00888  0.80968  -232.99757  -234.83125  4.99985   768
547.00  0.02231  0.02168  0.00859  0.80968  -233.51027  -235.38820  4.99985   768
548.00  0.02231  0.02168  0.00872  0.80968  -233.27833  -235.15626  4.99985   768
549.00  0.02229  0.02168  0.00921  0.80968  -232.59474  -234.53523  4.99985   768
550.00  0.02232  0.02168  0.00989  0.80968  -231.55104  -233.49306  4.99985   768
551.00  0.02230  0.02168  0.01044  0.80968  -230.65077  -232.54701  4.99985   768
552.00  0.02231  0.02168  0.01068  0.80968  -230.25557  -232.14723  4.99985   768
553.00  0.02230  0.02168  0.01071  0.80968  -230.19606  -232.05415  4.99985   768
554.00  0.02231  0.02168  0.01021  0.80968  -230.89186  -232.73775  4.99985   768
555.00  0.02232  0.02168  0.00951  0.80968  -231.99507  -233.79518  4.99985   768
556.00  0.02231  0.02168  0.00898  0.80968  -232.81905  -234.68172  4.99985   768
557.00  0.02229  0.02168  0.00882  0.80968  -233.13795  -235.03419  4.99985   768
558.00  0.02230  0.02168  0.00911  0.80968  -232.73054  -234.68019  4.99985   768
559.00  0.02229  0.02168  0.00967  0.80968  -231.87605  -233.82112  4.99985   768
560.00  0.02231  0.02168  0.01034  0.80968  -230.87813  -232.83540  4.99985   768
561.00  0.02229  0.02168  0.01074  0.80968  -230.23115  -232.17012  4.99985   768
562.00  0.02229  0.02168  0.01071  0.80968  -230.22200  -232.08467  4.99985   768
563.00  0.02230  0.02168  0.01038  0.80968  -230.73775  -232.58516  4.99985   768
564.00  0.02231  0.02168  0.00967  0.80968  -231.77077  -233.58308  4.99985   768
565.00  0.02231  0.02168  0.00906  0.80968  -232.66341  -234.48946  4.99985   768
566.00  0.02229  0.02168  0.00867  0.80968  -233.32869  -235.18526  4.99985   768
567.00  0.02231  0.02168  0.00871  0.80968  -233.31801  -235.20051  4.99985   768
568.00  0.02230  0.02168  0.00917  0.80968  -232.64357  -234.58253  4.99985   768
569.00  0.02230  0.02168  0.00990  0.80968  -231.51442  -233.45491  4.99985   768
570.00  0.02228  0.02168  0.01028  0.80968  -230.89339  -232.79115  4.99985   768
571.00  0.02231  0.02168  0.01062  0.80968  -230.37459  -232.26930  4.99985   768
572.00  0.02231  0.02168  0.01044  0.80968  -230.63399  -232.49361  4.99985   768
573.00  0.02230  0.02168  0.00989  0.80968  -231.41676  -233.24434  4.99985   768
574.00  0.02228  0.02168  0.00929  0.80968  -232.33839  -234.17665  4.99985   768
575.00  0.02230  0.02168  0.00873  0.80968  -233.22340  -235.08760  4.99985   768
576.00  0.02229  0.02168  0.00867  0.80968  -233.35463  -235.26002  4.99985   768
577.00  0.02229  0.02168  0.00887  0.80968  -233.10438  -235.03877  4.99985   768
578.00  0.02229  0.02168  0.00949  0.80968  -232.18581  -234.13393  4.99985   768
579.00  0.02228  0.02168  0.01013  0.80968  -231.17262  -233.11311  4.99985   768
580.00  0.02228  0.02168  0.01052  0.80968  -230.56837  -232.48292  4.99985   768
581.00  0.02232  0.02168  0.01056  0.80968  -230.40358  -232.26930  4.99985   768
582.00  0.02228  0.02168  0.01028  0.80968  -230.85676  -232.69197  4.99985   768
583.00  0.02229  0.02168  0.00967  0.80968  -231.74025  -233.55714  4.99985   768
584.00  0.02230  0.02168  0.00904  0.80968  -232.71223  -234.53218  4.99985   768
585.00  0.02230  0.02168  0.00872  0.80968  -233.29207  -235.15169  4.99985   768
586.00  0.02229  0.02168  0.00882  0.80968  -233.14864  -235.03267  4.99985   768
587.00  0.02230  0.02168  0.00934  0.80968  -232.36891  -234.30940  4.99985   768
588.00  0.02228  0.02168  0.00999  0.80968  -231.39387  -233.34047  4.99985   768
589.00  0.02228  0.02168  0.01053  0.80968  -230.54549  -232.47835  4.99985   768
590.00  0.02228  0.02168  0.01078  0.80968  -230.14113  -232.03737  4.99985   768
591.00  0.02228  0.02168  0.01064  0.80968  -230.28609  -232.15944  4.99985   768
592.00  0.02229  0.02168  0.01009  0.80968  -231.09480  -232.94069  4.99985   768
593.00  0.02230  0.02168  0.00958  0.80968  -231.92793  -233.78450  4.99985   768
594.00  0.02229  0.02168  0.00908  0.80968  -232.70613  -234.56422  4.99985   768
595.00  0.02229  0.02168  0.00902  0.80968  -232.81752  -234.71529  4.99985   768
596.00  0.02229  0.02168  0.00932  0.80968  -232.38875  -234.32924  4.99985   768
597.00  0.02229  0.02168  0.00992  0.80968  -231.52357  -233.46406  4.99985   768
598.00  0.02228  0.02168  0.01048  0.80968  -230.59431  -232.52412  4.99985   768
599.00  0.02229  0.02168  0.01086  0.80968  -230.03889  -231.93666  4.99985   768
600.00  0.02229  0.02168  0.01084  0.80968  -229.95802  -231.82069  4.99985   768
601.00  0.02229  0.02168  0.01041  0.80968  -230.64467  -232.45851  4.99985   768
602.00  0.02229  0.02168  0.00977  0.80968  -231.58766  -233.39845  4.99985   768
603.00  0.02228  0.02168  0.00919  0.80968  -232.48640  -234.30635  4.99985   768
604.00  0.02230  0.02168  0.00883  0.80968  -233.07997  -234.94569  4.99985   768
605.00  0.02230  0.02168  0.00896  0.80968  -232.93349  -234.84651  4.99985   768
606.00  0.02227  0.02168  0.00937  0.80968  -232.40553  -234.33382  4.99985   768
607.00  0.02229  0.02168  0.01005  0.80968  -231.30690  -233.25655  4.99985   768
608.00  0.02230  0.02168  0.01049  0.80968  -230.59889  -232.52717  4.99985   768
609.00  0.02229  0.02168  0.01070  0.80968  -230.25557  -232.16859  4.99985   768
610.00  0.02228  0.02168  0.01040  0.80968  -230.64162  -232.48903  4.99985   768
611.00  0.02228  0.02168  0.00980  0.80968  -231.55409  -233.38014  4.99985   768
612.00  0.02229  0.02168  0.00915  0.80968  -232.57033  -234.38875  4.99985   768
613.00  0.02229  0.02168  0.00877  0.80968  -233.17457  -235.04488  4.99985   768
614.00  0.02229  0.02168  0.00873  0.80968  -233.25697  -235.14101  4.99985   768
615.00  0.02229  0.02168  0.00907  0.80968  -232.78242  -234.70613  4.99985   768
616.00  0.02230  0.02168  0.00966  0.80968  -231.89131  -233.83333  4.99985   768
617.00  0.02229  0.02168  0.01034  0.80968  -230.83998  -232.76826  4.99985   768
618.00  0.02228  0.02168  0.01072  0.80968  -230.24946  -232.13808  4.99985   768
619.00  0.02228  0.02168  0.01058  0.80968  -230.37001  -232.22810  4.99985   768
620.00  0.02228  0.02168  0.01025  0.80968  -230.85982  -232.70570  4.99985   768
621.00  0.02228  0.02168  0.00965  0.80968  -231.78145  -233.59376  4.99985   768
622.00  0.02229  0.02168  0.00909  0.80968  -232.69392  -234.55202  4.99985   768
623.00  0.02227  0.02168  0.00889  0.80968  -233.04945  -234.94722  4.99985   768
624.00  0.02229  0.02168  0.00913  0.80968  -232.65730  -234.57490  4.99985   768
625.00  0.02229  0.02168  0.00963  0.80968  -231.96913  -233.90199  4.99985   768
626.00  0.02228  0.02168  0.01030  0.80968  -230.95290  -232.90864  4.99985   768
627.00  0.02228  0.02168  0.01082  0.80968  -230.06178  -232.00990  4.99985   768
628.00  0.02227  0.02168  0.01097  0.80968  -229.79475  -231.68794  4.99985   768
629.00  0.02228  0.02168  0.01071  0.80968  -230.23726  -232.06483  4.99985   768
630.00  0.02227  0.02168  0.01011  0.80968  -231.06581  -232.90712  4.99985   768
631.00  0.02228  0.02168  0.00942  0.80968  -232.14461  -233.95998  4.99985   768
632.00  0.02228  0.02168  0.00900  0.80968  -232.80226  -234.65425  4.99985   768
633.00  0.02229  0.02168  0.00892  0.80968  -232.97621  -234.85719  4.99985   768
634.00  0.02227  0.02168  0.00924  0.80968  -232.53065  -234.46199  4.99985   768
635.00  0.02228  0.02168  0.00990  0.80968  -231.50374  -233.42592  4.99985   768
636.00  0.02226  0.02168  0.01048  0.80968  -230.64467  -232.58211  4.99985   768
637.00  0.02228  0.02168  0.01085  0.80968  -230.03889  -231.93513  4.99985   768
638.00  0.02229  0.02168  0.01069  0.80968  -230.24794  -232.09383  4.99985   768
639.00  0.02227  0.02168  0.01019  0.80968  -230.95595  -232.78810  4.99985   768
640.00  0.02228  0.02168  0.00956  0.80968  -231.95540  -233.78145  4.99985   768
641.00  0.02227  0.02168  0.00894  0.80968  -232.86330  -234.69240  4.99985   768
642.00  0.02227  0.02168  0.00865  0.80968  -233.39430  -235.27986  4.99985   768
643.00  0.02228  0.02168  0.00888  0.80968  -233.06624  -235.01436  4.99985   768
644.00  0.02229  0.02168  0.00934  0.80968  -232.41469  -234.37654  4.99985   768
645.00  0.02229  0.02168  0.01008  0.80968  -231.27638  -233.23061  4.99985   768
646.00  0.02227  0.02168  0.01055  0.80968  -230.48903  -232.40510  4.99985   768
647.00  0.02227  0.02168  0.01068  0.80968  -230.25709  -232.13197  4.99985   768
648.00  0.02227  0.02168  0.01036  0.80968  -230.71638  -232.55311  4.99985   768
649.00  0.02228  0.02168  0.00975  0.80968  -231.61360  -233.41981  4.99985   768
650.00  0.02228  0.02168  0.00910  0.80968  -232.59932  -234.41621  4.99985   768
651.00  0.02228  0.02168  0.00870  0.80968  -233.28749  -235.14101  4.99985   768
652.00  0.02228  0.02168  0.00864  0.80968  -233.37294  -235.27223  4.99985   768
653.00  0.02226  0.02168  0.00899  0.80968  -232.90602  -234.81294  4.99985   768
654.00  0.02226  0.02168  0.00962  0.80968  -231.97218  -233.89589  4.99985   768
655.00  0.02230  0.02168  0.01026  0.80968  -230.99715  -232.93306  4.99985   768
656.00  0.02228  0.02168  0.01063  0.80968  -230.32576  -232.25404  4.99985   768
657.00  0.02227  0.02168  0.01045  0.80968  -230.60194  -232.45088  4.99985   768
658.00  0.02228  0.02168  0.01004  0.80968  -231.18178  -233.03377  4.99985   768
659.00  0.02226  0.02168  0.00936  0.80968  -232.25752  -234.09120  4.99985   768
660.00  0.02228  0.02168  0.00878  0.80968  -233.11507  -234.96706  4.99985   768
661.00  0.02226  0.02168  0.00868  0.80968  -233.36531  -235.27681  4.99985   768
662.00  0.02227  0.02168  0.00894  0.80968  -233.02351  -234.95943  4.99985   768
663.00  0.02229  0.02168  0.00955  0.80968  -232.08052  -234.02559  4.99985   768
664.00  0.02227  0.02168  0.01026  0.80968  -230.99715  -232.94527  4.99985   768
665.00  0.02229  0.02168  0.01071  0.80968  -230.23268  -232.13197  4.99985   768
666.00  0.02228  0.02168  0.01074  0.80968  -230.19148  -232.07857  4.99985   768
667.00  0.02227  0.02168  0.01048  0.80968  -230.51192  -232.34254  4.99985   768
668.00  0.02228  0.02168  0.00992  0.80968  -231.33284  -233.16347  4.99985   768
669.00  0.02226  0.02168  0.00915  0.80968  -232.52913  -234.31703  4.99985   768
670.00  0.02228  0.02168  0.00878  0.80968  -233.17763  -235.03572  4.99985   768
671.00  0.02228  0.02168  0.00882  0.80968  -233.18373  -235.07387  4.99985   768
672.00  0.02226  0.02168  0.00922  0.80968  -232.52608  -234.44978  4.99985   768
673.00  0.02226  0.02168  0.00995  0.80968  -231.45644  -233.40761  4.99985   768
674.00  0.02228  0.02168  0.01049  0.80968  -230.58668  -232.53175  4.99985   768
675.00  0.02227  0.02168  0.01070  0.80968  -230.27083  -232.17317  4.99985   768
676.00  0.02227  0.02168  0.01064  0.80968  -230.33186  -232.22505  4.99985   768
677.00  0.02227  0.02168  0.01014  0.80968  -231.01088  -232.85982  4.99985   768
678.00  0.02228  0.02168  0.00939  0.80968  -232.15987  -233.98134  4.99985   768
679.00  0.02227  0.02168  0.00883  0.80968  -233.06166  -234.90297  4.99985   768
680.00  0.02227  0.02168  0.00859  0.80968  -233.44008  -235.31038  4.99985   768
681.00  0.02228  0.02168  0.00883  0.80968  -233.14406  -235.05861  4.99985   768
682.00  0.02228  0.02168  0.00941  0.80968  -232.30025  -234.23616  4.99985   768
683.00  0.02228  0.02168  0.01004  0.80968  -231.27943  -233.20161  4.99985   768
684.00  0.02228  0.02168  0.01050  0.80968  -230.58363  -232.48750  4.99985   768
685.00  0.02227  0.02168  0.01063  0.80968  -230.30897  -232.17012  4.99985   768
686.00  0.02226  0.02168  0.01022  0.80968  -230.91170  -232.74843  4.99985   768
687.00  0.02228  0.02168  0.00966  0.80968  -231.80128  -233.62733  4.99985   768
688.00  0.02225  0.02168  0.00914  0.80968  -232.56422  -234.40553  4.99985   768
689.00  0.02226  0.02168  0.00874  0.80968  -233.24171  -235.09370  4.99985   768
690.00  0.02226  0.02168  0.00876  0.80968  -233.26918  -235.17305  4.99985   768
691.00  0.02226  0.02168  0.00922  0.80968  -232.54744  -234.49403  4.99985   768
692.00  0.02225  0.02168  0.00991  0.80968  -231.56020  -233.54188  4.99985   768
693.00  0.02228  0.02168  0.01061  0.80968  -230.43715  -232.38679  4.99985   768
694.00  0.02226  0.02168  0.01099  0.80968  -229.81764  -231.73219  4.99985   768
695.00  0.02228  0.02168  0.01091  0.80968  -229.88478  -231.73677  4.99985   768
696.00  0.02226  0.02168  0.01038  0.80968  -230.67976  -232.50123  4.99985   768
697.00  0.02227  0.02168  0.00976  0.80968  -231.63344  -233.48238  4.99985   768
698.00  0.02228  0.02168  0.00920  0.80968  -232.47114  -234.28651  4.99985   768
699.00  0.02227  0.02168  0.00877  0.80968  -233.18068  -235.02809  4.99985   768
700.00  0.02228  0.02168  0.00912  0.80968  -232.71986  -234.64509  4.99985   768
701.00  0.02227  0.02168  0.00974  0.80968  -231.76009  -233.68837  4.99985   768
702.00  0.02226  0.02168  0.01035  0.80968  -230.79878  -232.74080  4.99985   768
703.00  0.02226  0.02168  0.01073  0.80968  -230.21437  -232.11214  4.99985   768
704.00  0.02227  0.02168  0.01077  0.80968  -230.09535  -231.96413  4.99985   768
705.00  0.02226  0.02168  0.01040  0.80968  -230.63551  -232.45546  4.99985   768
706.00  0.02228  0.02168  0.00981  0.80968  -231.55104  -233.40150  4.99985   768
707.00  0.02228  0.02168  0.00922  0.80968  -232.45741  -234.29414  4.99985   768
708.00  0.02228  0.02168  0.00886  0.80968  -233.04488  -234.91060  4.99985   768
709.00  0.02227  0.02168  0.00877  0.80968  -233.24171  -235.14406  4.99985   768
710.00  0.02227  0.02168  0.00914  0.80968  -232.66798  -234.60847  4.99985   768
711.00  0.02229  0.02168  0.00986  0.80968  -231.57393  -233.55562  4.99985   768
712.00  0.02226  0.02168  0.01047  0.80968  -230.67366  -232.61720  4.99985   768
713.00  0.02228  0.02168  0.01074  0.80968  -230.14723  -232.03126  4.99985   768
714.00  0.02225  0.02168  0.01049  0.80968  -230.51039  -232.35780  4.99985   768
715.00  0.02226  0.02168  0.01003  0.80968  -231.24586  -233.07497  4.99985   768
716.00  0.02226  0.02168  0.00952  0.80968  -231.95235  -233.77229  4.99985   768
717.00  0.02228  0.02168  0.00894  0.80968  -232.87855  -234.69697  4.99985   768
718.00  0.02226  0.02168  0.00873  0.80968  -233.25697  -235.13185  4.99985   768
719.00  0.02226  0.02168  0.00921  0.80968  -232.59932  -234.54896  4.99985   768
720.00  0.02228  0.02168  0.00988  0.80968  -231.56020  -233.49763  4.99985   768
721.00  0.02226  0.02168  0.01056  0.80968  -230.47682  -232.40968  4.99985   768
722.00  0.02227  0.02168  0.01089  0.80968  -229.95039  -231.86189  4.99985   768
723.00  0.02227  0.02168  0.01107  0.80968  -229.68489  -231.58266  4.99985   768
724.00  0.02226  0.02168  0.01086  0.80968  -229.97175  -231.83443  4.99985   768
725.00  0.02226  0.02168  0.01034  0.80968  -230.73317  -232.58058  4.99985   768
726.00  0.02227  0.02168  0.00983  0.80968  -231.55867  -233.40150  4.99985   768
727.00  0.02227  0.02168  0.00945  0.80968  -232.13393  -233.99354  4.99985   768
728.00  0.02228  0.02168  0.00951  0.80968  -232.09425  -234.01796  4.99985   768
729.00  0.02228  0.02168  0.00995  0.80968  -231.44423  -233.38930  4.99985   768
730.00  0.02228  0.02168  0.01063  0.80968  -230.41731  -232.38679  4.99985   768
731.00  0.02226  0.02168  0.01130  0.80968  -229.34614  -231.27290  4.99985   768
732.00  0.02226  0.02168  0.01146  0.80968  -229.05012  -230.91279  4.99985   768
733.00  0.02226  0.02168  0.01123  0.80968  -229.41023  -231.25307  4.99985   768
734.00  0.02226  0.02168  0.01075  0.80968  -230.05415  -231.86952  4.99985   768
735.00  0.02226  0.02168  0.01011  0.80968  -231.05818  -232.87508  4.99985   768
736.00  0.02225  0.02168  0.00956  0.80968  -231.93861  -233.75856  4.99985   768
737.00  0.02226  0.02168  0.00948  0.80968  -232.13240  -234.01491  4.99985   768
738.00  0.02226  0.02168  0.00982  0.80968  -231.68074  -233.61055  4.99985   768
739.00  0.02226  0.02168  0.01036  0.80968  -230.77589  -232.72859  4.99985   768
740.00  0.02226  0.02168  0.01094  0.80968  -229.90919  -231.86647  4.99985   768
741.00  0.02225  0.02168  0.01143  0.80968  -229.16151  -231.06996  4.99985   768
742.00  0.02227  0.02168  0.01141  0.80968  -229.12031  -231.00587  4.99985   768
743.00  0.02225  0.02168  0.01113  0.80968  -229.53230  -231.39192  4.99985   768
744.00  0.02225  0.02168  0.01063  0.80968  -230.32728  -232.15486  4.99985   768
745.00  0.02227  0.02168  0.01013  0.80968  -231.06276  -232.91322  4.99985   768
746.00  0.02228  0.02168  0.00988  0.80968  -231.44728  -233.34505  4.99985   768
747.00  0.02227  0.02168  0.01006  0.80968  -231.24892  -233.15584  4.99985   768
748.00  0.02226  0.02168  0.01063  0.80968  -230.40968  -232.35017  4.99985   768
749.00  0.02226  0.02168  0.01148  0.80968  -229.15236  -231.10200  4.99985   768
750.00  0.02227  0.02168  0.01211  0.80968  -228.11781  -230.01710  4.99985   768
751.00  0.02226  0.02168  0.01237  0.80968  -227.69362  -229.57612  4.99985   768
752.00  0.02226  0.02168  0.01227  0.80968  -227.78822  -229.64479  4.99985   768
753.00  0.02227  0.02168  0.01196  0.80968  -228.26735  -230.10255  4.99985   768
754.00  0.02226  0.02168  0.01137  0.80968  -229.14625  -230.95094  4.99985   768
755.00  0.02227  0.02168  0.01106  0.80968  -229.64674  -231.53230  4.99985   768
756.00  0.02225  0.02168  0.01105  0.80968  -229.71541  -231.60554  4.99985   768
757.00  0.02225  0.02168  0.01147  0.80968  -229.09285  -231.03944  4.99985   768
758.00  0.02226  0.02168  0.01216  0.80968  -228.07051  -230.01253  4.99985   768
759.00  0.02224  0.02168  0.01284  0.80968  -227.05122  -228.99477  4.99985   768
760.00  0.02225  0.02168  0.01330  0.80968  -226.25929  -228.18605  4.99985   768
761.00  0.02226  0.02168  0.01335  0.80968  -226.13875  -228.04872  4.99985   768
762.00  0.02226  0.02168  0.01307  0.80968  -226.57820  -228.43019  4.99985   768
763.00  0.02225  0.02168  0.01253  0.80968  -227.36708  -229.20839  4.99985   768
764.00  0.02226  0.02168  0.01195  0.80968  -228.28261  -230.11629  4.99985   768
765.00  0.02225  0.02168  0.01175  0.80968  -228.60609  -230.46113  4.99985   768
766.00  0.02226  0.02168  0.01195  0.80968  -228.35127  -230.26887  4.99985   768
767.00  0.02225  0.02168  0.01254  0.80968  -227.45253  -229.38692  4.99985   768
768.00  0.02226  0.02168  0.01320  0.80968  -226.47444  -228.39967  4.99985   768
769.00  0.02226  0.02168  0.01361  0.80968  -225.79542  -227.71303  4.99985   768
770.00  0.02226  0.02168  0.01374  0.80968  -225.55739  -227.43989  4.99985   768
771.00  0.02226  0.02168  0.01350  0.80968  -225.91597  -227.75728  4.99985   768
772.00  0.02225  0.02168  0.01292  0.80968  -226.73842  -228.55379  4.99985   768
773.00  0.02225  0.02168  0.01243  0.80968  -227.53340  -229.37623  4.99985   768
774.00  0.02226  0.02168  0.01204  0.80968  -228.18648  -230.06593  4.99985   768
775.00  0.02225  0.02168  0.01198  0.80968  -228.25819  -230.15596  4.99985   768
776.00  0.02225  0.02168  0.01239  0.80968  -227.72414  -229.68446  4.99985   768
777.00  0.02226  0.02168  0.01318  0.80968  -226.54005  -228.50343  4.99985   768
778.00  0.02225  0.02168  0.01389  0.80968  -225.40938  -227.39107  4.99985   768
779.00  0.02226  0.02168  0.01427  0.80968  -224.79140  -226.67238  4.99985   768
780.00  0.02227  0.02168  0.01412  0.80968  -224.95009  -226.80971  4.99985   768
781.00  0.02227  0.02168  0.01351  0.80968  -225.87630  -227.68556  4.99985   768
782.00  0.02225  0.02168  0.01275  0.80968  -227.03291  -228.81013  4.99985   768
783.00  0.02225  0.02168  0.01222  0.80968  -227.85078  -229.68599  4.99985   768
784.00  0.02227  0.02168  0.01193  0.80968  -228.31770  -230.17885  4.99985   768
785.00  0.02226  0.02168  0.01193  0.80968  -228.31618  -230.19258  4.99985   768
786.00  0.02226  0.02168  0.01251  0.80968  -227.54713  -229.48915  4.99985   768
787.00  0.02226  0.02168  0.01295  0.80968  -226.81471  -228.72316  4.99985   768
788.00  0.02226  0.02168  0.01318  0.80968  -226.43019  -228.32338  4.99985   768
789.00  0.02225  0.02168  0.01300  0.80968  -226.70027  -228.56447  4.99985   768
790.00  0.02226  0.02168  0.01260  0.80968  -227.26942  -229.09852  4.99985   768
791.00  0.02226  0.02168  0.01192  0.80968  -228.28566  -230.11171  4.99985   768
792.00  0.02225  0.02168  0.01101  0.80968  -229.66963  -231.47279  4.99985   768
793.00  0.02226  0.02168  0.01032  0.80968  -230.75606  -232.59431  4.99985   768
794.00  0.02226  0.02168  0.00995  0.80968  -231.38930  -233.28249  4.99985   768
795.00  0.02226  0.02168  0.01025  0.80968  -230.94679  -232.87660  4.99985   768
796.00  0.02226  0.02168  0.01072  0.80968  -230.28151  -232.22658  4.99985   768
797.00  0.02226  0.02168  0.01114  0.80968  -229.59181  -231.48958  4.99985   768
798.00  0.02227  0.02168  0.01115  0.80968  -229.57655  -231.45753  4.99985   768
799.00  0.02225  0.02168  0.01101  0.80968  -229.70778  -231.55672  4.99985   768
800.00  0.02225  0.02168  0.01040  0.80968  -230.60194  -232.40053  4.99985   768
801.00  0.02226  0.02168  0.01011  0.80968  -231.15431  -233.03834  4.99985   768
802.00  0.02226  0.02168  0.01046  0.80968  -230.66756  -232.62788  4.99985   768
803.00  0.02225  0.02168  0.01110  0.80968  -229.78255  -231.76424  4.99985   768
804.00  0.02225  0.02168  0.01467  0.80968  -224.31685  -226.38399  4.99985   768
805.00  0.02226  0.02168  0.01232  0.80968  -227.61427  -229.34572  4.99985   768
806.00  0.02226  0.02168  0.01485  0.80968  -224.33821  -226.65254  4.99985   768
807.00  0.02227  0.02168  0.01619  0.80968  -221.40700  -223.00111  4.99985   768
808.00  0.02227  0.02168  0.01351  0.80968  -226.06856  -228.03041  4.99985   768
809.00  0.02227  0.02168  0.01646  0.80968  -221.61604  -223.73811  4.99985   768
810.00  0.02225  0.02168  0.01346  0.80968  -225.46583  -226.83717  4.99985   768
811.00  0.02228  0.02168  0.01330  0.80968  -226.59651  -228.78572  4.99985   768
812.00  0.02227  0.02168  0.01455  0.80968  -224.15510  -225.95216  4.99985   768
813.00  0.02227  0.02168  0.01115  0.80968  -229.38582  -231.05165  4.99985   768
814.00  0.02227  0.02168  0.01422  0.80968  -225.19270  -227.42921  4.99985   768
815.00  0.02226  0.02168  0.01392  0.80968  -225.03859  -226.72121  4.99985   768
816.00  0.02226  0.02168  0.01338  0.80968  -226.35695  -228.42103  4.99985   768
817.00  0.02227  0.02168  0.01605  0.80968  -222.02498  -223.94868  4.99985   768
818.00  0.02226  0.02168  0.01360  0.80968  -225.48872  -227.09352  4.99985   768
819.00  0.02227  0.02168  0.01402  0.80968  -225.36055  -227.45820  4.99985   768
820.00  0.02226  0.02168  0.01392  0.80968  -225.03859  -226.69374  4.99985   768
821.00  0.02225  0.02168  0.01184  0.80968  -228.41841  -230.22462  4.99985   768
822.00  0.02226  0.02168  0.01354  0.80968  -226.04567  -228.10976  4.99985   768
823.00  0.02226  0.02168  0.01261  0.80968  -227.12294  -228.85438  4.99985   768
824.00  0.02227  0.02168  0.01281  0.80968  -227.21602  -229.26332  4.67788   768
825.00  0.02226  0.02168  0.01468  0.80968  -224.12764  -226.08949  2.85339   768
826.00  0.02226  0.02168  0.01351  0.80968  -225.86256  -227.67335  2.85339   768
827.00  0.02225  0.02168  0.01471  0.80968  -224.27412  -226.34584  2.85339   768
828.00  0.02226  0.02168  0.01463  0.80968  -224.02235  -225.76448  2.85339   768
829.00  0.02228  0.02168  0.01292  0.80968  -226.87117  -228.67891  2.85339   768
830.00  0.02225  0.02168  0.01331  0.80968  -226.26845  -228.16469  2.85339   768
831.00  0.02228  0.02168  0.01205  0.80968  -228.00032  -229.70888  2.85339   768
832.00  0.02228  0.02168  0.01209  0.80968  -228.25056  -230.23988  2.85339   768
833.00  0.02226  0.02168  0.01310  0.80968  -226.54921  -228.46223  2.85339   768
834.00  0.02227  0.02168  0.01283  0.80968  -226.99324  -228.87117  2.85339   768
835.00  0.02227  0.02168  0.01412  0.80968  -225.11488  -227.13319  2.63355   768
836.00  0.02227  0.02168  0.01430  0.80968  -224.62965  -226.42366  1.38779   768
837.00  0.02226  0.02168  0.01360  0.80968  -225.77559  -227.65352  1.38779   768
838.00  0.02226  0.02168  0.01387  0.80968  -225.35597  -227.23390  1.38779   768
839.00  0.02226  0.02168  0.01265  0.80968  -227.13057  -228.88185  1.38779   768
840.00  0.02226  0.02168  0.01233  0.80968  -227.76839  -229.69972  1.38779   768
841.00  0.02225  0.02168  0.01243  0.80968  -227.52119  -229.37623  1.38779   768
842.00  0.02225  0.02168  0.01209  0.80968  -228.13765  -230.04915  1.38779   768
843.00  0.02226  0.02168  0.01303  0.80968  -226.78419  -228.78419  1.38779   768
844.00  0.02226  0.02168  0.01334  0.80968  -226.15401  -228.04719  1.38779   768
845.00  0.02226  0.02168  0.01366  0.80968  -225.74507  -227.68403  1.38779   768
846.00  0.02227  0.02168  0.01427  0.80968  -224.78224  -226.68001  1.38779   768
847.00  0.02227  0.02168  0.01360  0.80968  -225.68709  -227.49330  2.01462   768
848.00  0.02226  0.02168  0.01307  0.80968  -226.59804  -228.43477  2.01462   768
849.00  0.02227  0.02168  0.01241  0.80968  -227.48457  -229.26027  2.01462   768
850.00  0.02226  0.02168  0.01167  0.80968  -228.73122  -230.58778  2.01462   768
851.00  0.02226  0.02168  0.01208  0.80968  -228.16206  -230.07814  2.01462   768
852.00  0.02226  0.02168  0.01248  0.80968  -227.53645  -229.43727  2.01462   768
853.00  0.02225  0.02168  0.01308  0.80968  -226.67433  -228.62245  2.01462   768
854.00  0.02227  0.02168  0.01368  0.80968  -225.67335  -227.58943  2.01462   768
855.00  0.02226  0.02168  0.01347  0.80968  -225.95869  -227.81831  2.01462   768
856.00  0.02224  0.02168  0.01350  0.80968  -225.94496  -227.81679  2.01462   768
857.00  0.02225  0.02168  0.01325  0.80968  -226.27760  -228.11586  2.01462   768
858.00  0.02227  0.02168  0.01254  0.80968  -227.35029  -229.19008  1.61835   768
859.00  0.02224  0.02168  0.01208  0.80968  -228.07967  -229.94539  1.61835   768
860.00  0.02226  0.02168  0.01164  0.80968  -228.78157  -230.63051  1.61835   768
861.00  0.02225  0.02168  0.01195  0.80968  -228.42604  -230.38789  1.61835   768
862.00  0.02225  0.02168  0.01269  0.80968  -227.27553  -229.21907  1.61835   768
863.00  0.02226  0.02168  0.01311  0.80968  -226.53395  -228.48512  1.61835   768
864.00  0.02226  0.02168  0.01372  0.80968  -225.69014  -227.61690  1.61835   768
865.00  0.02225  0.02168  0.01359  0.80968  -225.74660  -227.56807  1.61835   768
866.00  0.02224  0.02168  0.01301  0.80968  -226.63618  -228.47749  1.61835   768
867.00  0.02227  0.02168  0.01268  0.80968  -227.14125  -228.97798  1.61835   768
868.00  0.02226  0.02168  0.01204  0.80968  -228.08577  -229.89046  1.61835   768
869.00  0.02225  0.02168  0.01172  0.80968  -228.67018  -230.53438  1.60944   768
870.00  0.02225  0.02168  0.01179  0.80968  -228.55574  -230.43519  1.60721   768
871.00  0.02225  0.02168  0.01208  0.80968  -228.18342  -230.11476  1.60721   768
872.00  0.02227  0.02168  0.01284  0.80968  -227.07258  -229.03139  1.60721   768
873.00  0.02225  0.02168  0.01327  0.80968  -226.30049  -228.21046  1.60721   768
874.00  0.02226  0.02168  0.01363  0.80968  -225.75117  -227.67793  1.60721   768
875.00  0.02226  0.02168  0.01352  0.80968  -225.88545  -227.74507  1.60721   768
876.00  0.02225  0.02168  0.01278  0.80968  -226.95967  -228.78572  1.60721   768
877.00  0.02226  0.02168  0.01216  0.80968  -227.91487  -229.75160  1.60721   768
878.00  0.02226  0.02168  0.01146  0.80968  -228.99824  -230.82582  1.60721   768
879.00  0.02226  0.02168  0.01134  0.80968  -229.27443  -231.17677  1.60721   768
880.00  0.02227  0.02168  0.01197  0.80968  -228.37874  -230.32991  1.61588   768
881.00  0.02226  0.02168  0.01249  0.80968  -227.51509  -229.44185  1.61804   768
882.00  0.02225  0.02168  0.01299  0.80968  -226.77504  -228.69264  1.61804   768
883.00  0.02225  0.02168  0.01322  0.80968  -226.38594  -228.26234  1.61804   768
884.00  0.02226  0.02168  0.01316  0.80968  -226.44240  -228.30202  1.61804   768
885.00  0.02226  0.02168  0.01297  0.80968  -226.70943  -228.54158  1.61804   768
886.00  0.02225  0.02168  0.01235  0.80968  -227.64632  -229.43880  1.61804   768
887.00  0.02226  0.02168  0.01164  0.80968  -228.72053  -230.54353  1.61804   768
888.00  0.02226  0.02168  0.01127  0.80968  -229.35988  -231.22713  1.61804   768
889.00  0.02226  0.02168  0.01123  0.80968  -229.42854  -231.31105  1.61804   768
890.00  0.02226  0.02168  0.01175  0.80968  -228.67171  -230.64119  1.61804   768
891.00  0.02225  0.02168  0.01245  0.80968  -227.59444  -229.54408  1.59414   768
892.00  0.02225  0.02168  0.01300  0.80968  -226.77962  -228.72774  1.58127   768
893.00  0.02224  0.02168  0.01320  0.80968  -226.37831  -228.28523  1.58127   768
894.00  0.02225  0.02168  0.01310  0.80968  -226.52632  -228.38441  1.58127   768
895.00  0.02226  0.02168  0.01256  0.80968  -227.28316  -229.11226  1.58127   768
896.00  0.02227  0.02168  0.01190  0.80968  -228.36958  -230.17885  1.58127   768
897.00  0.02227  0.02168  0.01145  0.80968  -229.06996  -230.93263  1.58127   768
898.00  0.02225  0.02168  0.01130  0.80968  -229.29426  -231.17830  1.58127   768
899.00  0.02226  0.02168  0.01160  0.80968  -228.86244  -230.77241  1.58127   768
900.00  0.02224  0.02168  0.01223  0.80968  -227.96980  -229.89656  1.58127   768
901.00  0.02225  0.02168  0.01304  0.80968  -226.68654  -228.60872  1.58127   768
902.00  0.02224  0.02168  0.01339  0.80968  -226.09450  -227.99837  1.58932   768
903.00  0.02226  0.02168  0.01331  0.80968  -226.20741  -228.05330  1.59470   768
904.00  0.02226  0.02168  0.01287  0.80968  -226.79487  -228.63161  1.59470   768
905.00  0.02227  0.02168  0.01226  0.80968  -227.81416  -229.62648  1.59470   768
906.00  0.02225  0.02168  0.01172  0.80968  -228.63966  -230.48555  1.59470   768
907.00  0.02226  0.02168  0.01157  0.80968  -228.91890  -230.80293  1.59470   768
908.00  0.02225  0.02168  0.01164  0.80968  -228.82582  -230.73884  1.59470   768
909.00  0.02225  0.02168  0.01203  0.80968  -228.25362  -230.20021  1.59470   768
910.00  0.02226  0.02168  0.01264  0.80968  -227.30452  -229.25264  1.59470   768
911.00  0.02226  0.02168  0.01318  0.80968  -226.48054  -228.43629  1.59470   768
912.00  0.02224  0.02168  0.01345  0.80968  -226.07161  -227.94191  1.59470   768
913.00  0.02225  0.02168  0.01330  0.80968  -226.20589  -228.06856  1.59128   768
914.00  0.02224  0.02168  0.01266  0.80968  -227.14888  -228.95204  1.58615   768
915.00  0.02223  0.02168  0.01196  0.80968  -228.23225  -230.04152  1.58615   768
916.00  0.02224  0.02168  0.01146  0.80968  -229.06081  -230.90059  1.58615   768
917.00  0.02225  0.02168  0.01128  0.80968  -229.32936  -231.19508  1.58615   768
918.00  0.02225  0.02168  0.01161  0.80968  -228.88838  -230.80293  1.58615   768
919.00  0.02225  0.02168  0.01224  0.80968  -227.93318  -229.86909  1.58615   768
920.00  0.02225  0.02168  0.01288  0.80968  -226.91389  -228.83913  1.58615   768
921.00  0.02225  0.02168  0.01326  0.80968  -226.36915  -228.29133  1.58615   768
922.00  0.02226  0.02168  0.01323  0.80968  -226.33711  -228.19215  1.58615   768
923.00  0.02224  0.02168  0.01286  0.80968  -226.85438  -228.69417  1.58615   768
924.00  0.02226  0.02168  0.01223  0.80968  -227.85994  -229.69820  1.59171   768
925.00  0.02226  0.02168  0.01169  0.80968  -228.67476  -230.51301  1.60202   768
926.00  0.02224  0.02168  0.01141  0.80968  -229.14168  -231.02418  1.60202   768
927.00  0.02225  0.02168  0.01145  0.80968  -229.13405  -231.04707  1.60202   768
928.00  0.02226  0.02168  0.01183  0.80968  -228.51912  -230.45656  1.60202   768
929.00  0.02226  0.02168  0.01249  0.80968  -227.53798  -229.50288  1.60202   768
930.00  0.02226  0.02168  0.01314  0.80968  -226.53548  -228.46986  1.60202   768
931.00  0.02225  0.02168  0.01344  0.80968  -226.01515  -227.91597  1.60202   768
932.00  0.02223  0.02168  0.01311  0.80968  -226.47597  -228.28981  1.60202   768
933.00  0.02225  0.02168  0.01265  0.80968  -227.18092  -229.02070  1.60202   768
934.00  0.02225  0.02168  0.01203  0.80968  -228.13154  -229.94691  1.60202   768
935.00  0.02226  0.02168  0.01151  0.80968  -228.93568  -230.77394  1.60580   768
936.00  0.02225  0.02168  0.01146  0.80968  -229.09285  -230.96773  1.62094   768
937.00  0.02225  0.02168  0.01182  0.80968  -228.57252  -230.49013  1.62094   768
938.00  0.02224  0.02168  0.01242  0.80968  -227.65394  -229.58528  1.62094   768
939.00  0.02226  0.02168  0.01292  0.80968  -226.87727  -228.80098  1.62094   768
940.00  0.02225  0.02168  0.01324  0.80968  -226.32948  -228.22572  1.62094   768
941.00  0.02227  0.02168  0.01325  0.80968  -226.32796  -228.20436  1.62094   768
942.00  0.02225  0.02168  0.01287  0.80968  -226.88795  -228.73384  1.62094   768
943.00  0.02224  0.02168  0.01228  0.80968  -227.74245  -229.57307  1.62094   768
944.00  0.02224  0.02168  0.01168  0.80968  -228.70375  -230.55116  1.62094   768
945.00  0.02226  0.02168  0.01145  0.80968  -229.11421  -230.99977  1.62094   768
946.00  0.02225  0.02168  0.01153  0.80968  -228.97841  -230.86549  1.58581   768
947.00  0.02226  0.02168  0.01207  0.80968  -228.17122  -230.12849  1.38672   768
948.00  0.02225  0.02168  0.01276  0.80968  -227.11073  -229.02528  1.38672   768
949.00  0.02225  0.02168  0.01303  0.80968  -226.66518  -228.56599  1.38672   768
950.00  0.02225  0.02168  0.01304  0.80968  -226.61482  -228.48360  1.38672   768
951.00  0.02225  0.02168  0.01293  0.80968  -226.78114  -228.62550  1.38672   768
952.00  0.02225  0.02168  0.01256  0.80968  -227.32130  -229.14430  1.38672   768
953.00  0.02225  0.02168  0.01191  0.80968  -228.27803  -230.10866  1.38672   768
954.00  0.02224  0.02168  0.01139  0.80968  -229.13710  -230.97688  1.38672   768
955.00  0.02224  0.02168  0.01130  0.80968  -229.30952  -231.20271  1.38672   768
956.00  0.02224  0.02168  0.01167  0.80968  -228.81514  -230.74037  1.38672   768
957.00  0.02224  0.02168  0.01228  0.80968  -227.85994  -229.81569  1.38632   768
958.00  0.02225  0.02168  0.01284  0.80968  -226.97951  -228.92152  1.37878   768
959.00  0.02224  0.02168  0.01317  0.80968  -226.47291  -228.37221  1.37878   768
960.00  0.02225  0.02168  0.01300  0.80968  -226.66975  -228.51716  1.37878   768
961.00  0.02224  0.02168  0.01243  0.80968  -227.49983  -229.34267  1.37878   768
962.00  0.02225  0.02168  0.01194  0.80968  -228.28108  -230.11476  1.37878   768
963.00  0.02226  0.02168  0.01150  0.80968  -228.96010  -230.80751  1.37878   768
964.00  0.02225  0.02168  0.01122  0.80968  -229.43922  -231.28969  1.37878   768
965.00  0.02224  0.02168  0.01139  0.80968  -229.19050  -231.09895  1.37878   768
966.00  0.02225  0.02168  0.01186  0.80968  -228.54201  -230.46113  1.37878   768
967.00  0.02225  0.02168  0.01244  0.80968  -227.61580  -229.53950  1.37878   768
968.00  0.02225  0.02168  0.01290  0.80968  -226.87880  -228.79182  1.37878   768
969.00  0.02224  0.02168  0.01293  0.80968  -226.82387  -228.67586  1.60599   768
970.00  0.02225  0.02168  0.01266  0.80968  -227.19008  -229.02833  1.60599   768
971.00  0.02226  0.02168  0.01211  0.80968  -228.00947  -229.82637  1.60599   768
972.00  0.02224  0.02168  0.01158  0.80968  -228.78310  -230.62898  1.60599   768
973.00  0.02225  0.02168  0.01121  0.80968  -229.44227  -231.30952  1.60599   768
974.00  0.02226  0.02168  0.01121  0.80968  -229.46821  -231.37819  1.60599   768
975.00  0.02225  0.02168  0.01162  0.80968  -228.89296  -230.83345  1.60599   768
976.00  0.02224  0.02168  0.01221  0.80968  -227.97438  -229.92555  1.60599   768
977.00  0.02226  0.02168  0.01277  0.80968  -227.11684  -229.06190  1.60599   768
978.00  0.02224  0.02168  0.01303  0.80968  -226.62550  -228.52632  1.60599   768
979.00  0.02226  0.02168  0.01289  0.80968  -226.79945  -228.68196  1.60599   768
980.00  0.02225  0.02168  0.01240  0.80968  -227.50288  -229.33809  1.61208   768
981.00  0.02225  0.02168  0.01191  0.80968  -228.25819  -230.09340  1.61316   768
982.00  0.02226  0.02168  0.01140  0.80968  -229.14473  -230.96162  1.61316   768
983.00  0.02224  0.02168  0.01115  0.80968  -229.52620  -231.39955  1.61316   768
984.00  0.02226  0.02168  0.01148  0.80968  -229.07606  -230.99367  1.61316   768
985.00  0.02224  0.02168  0.01200  0.80968  -228.30702  -230.22615  1.61316   768
986.00  0.02224  0.02168  0.01252  0.80968  -227.48762  -229.39912  1.61316   768
987.00  0.02225  0.02168  0.01293  0.80968  -226.82539  -228.73079  1.61316   768
988.00  0.02225  0.02168  0.01301  0.80968  -226.66670  -228.53700  1.61316   768
989.00  0.02225  0.02168  0.01273  0.80968  -227.04664  -228.90932  1.61316   768
990.00  0.02224  0.02168  0.01219  0.80968  -227.91182  -229.73787  1.61316   768
991.00  0.02226  0.02168  0.01155  0.80968  -228.86854  -230.71138  1.62585   768
992.00  0.02223  0.02168  0.01128  0.80968  -229.35988  -231.23476  1.62903   768
993.00  0.02224  0.02168  0.01117  0.80968  -229.52772  -231.42244  1.62903   768
994.00  0.02226  0.02168  0.01157  0.80968  -228.95399  -230.88686  1.62903   768
995.00  0.02224  0.02168  0.01220  0.80968  -228.05830  -230.00947  1.62903   768
996.00  0.02225  0.02168  0.01280  0.80968  -227.05733  -229.01460  1.62903   768
997.00  0.02225  0.02168  0.01294  0.80968  -226.76741  -228.64229  1.62903   768
998.00  0.02225  0.02168  0.01271  0.80968  -227.06648  -228.91542  1.62903   768
999.00  0.02225  0.02168  0.01225  0.80968  -227.82789  -229.63563  1.62903   768
1000.00  0.02224  0.02168  0.01161  0.80968  -228.78462  -230.59541  1.62903   768
1001.00  0.02224  0.02168  0.01122  0.80968  -229.41328  -231.27138  1.62903   768
1002.00  0.02224  0.02168  0.01094  0.80968  -229.83748  -231.70473  1.62601   768
1003.00  0.02225  0.02168  0.01127  0.80968  -229.38277  -231.30952  1.62399   768
1004.00  0.02225  0.02168  0.01184  0.80968  -228.55574  -230.49776  1.62399   768
1005.00  0.02226  0.02168  0.01251  0.80968  -227.54713  -229.48762  1.62399   768
1006.00  0.02223  0.02168  0.01293  0.80968  -226.78572  -228.71248  1.62399   768
1007.00  0.02224  0.02168  0.01301  0.80968  -226.68349  -228.58125  1.62399   768
1008.00  0.02226  0.02168  0.01264  0.80968  -227.20991  -229.05733  1.62399   768
1009.00  0.02224  0.02168  0.01203  0.80968  -228.13154  -229.97743  1.62399   768
1010.00  0.02224  0.02168  0.01149  0.80968  -228.97230  -230.81056  1.62399   768
1011.00  0.02224  0.02168  0.01116  0.80968  -229.52315  -231.39192  1.62399   768
1012.00  0.02226  0.02168  0.01121  0.80968  -229.48195  -231.37819  1.62399   768
1013.00  0.02225  0.02168  0.01169  0.80968  -228.83650  -230.77394  1.63113   768
1014.00  0.02226  0.02168  0.01242  0.80968  -227.65089  -229.60817  1.63589   768
1015.00  0.02224  0.02168  0.01297  0.80968  -226.79945  -228.72011  1.63589   768
1016.00  0.02225  0.02168  0.01318  0.80968  -226.40425  -228.28981  1.63589   768
1017.00  0.02225  0.02168  0.01311  0.80968  -226.48665  -228.34474  1.63589   768
1018.00  0.02224  0.02168  0.01258  0.80968  -227.28773  -229.09852  1.63589   768
1019.00  0.02224  0.02168  0.01194  0.80968  -228.26124  -230.07967  1.63589   768
1020.00  0.02226  0.02168  0.01142  0.80968  -229.08369  -230.91585  1.63589   768
1021.00  0.02225  0.02168  0.01119  0.80968  -229.52009  -231.37971  1.63589   768
1022.00  0.02225  0.02168  0.01141  0.80968  -229.15999  -231.08675  1.63589   768
1023.00  0.02224  0.02168  0.01190  0.80968  -228.45808  -230.40010  1.63589   768
1024.00  0.02225  0.02168  0.01267  0.80968  -227.29689  -229.26027  1.53152   768
1025.00  0.02225  0.02168  0.01306  0.80968  -226.66518  -228.57667  1.37497   768
1026.00  0.02225  0.02168  0.01301  0.80968  -226.69417  -228.59193  1.37497   768
1027.00  0.02226  0.02168  0.01260  0.80968  -227.27248  -229.10310  1.37497   768
1028.00  0.02224  0.02168  0.01198  0.80968  -228.23836  -230.07661  1.37497   768
1029.00  0.02226  0.02168  0.01139  0.80968  -229.08675  -230.93111  1.37497   768
1030.00  0.02225  0.02168  0.01113  0.80968  -229.54603  -231.42549  1.37497   768
1031.00  0.02226  0.02168  0.01112  0.80968  -229.58876  -231.48805  1.37497   768
1032.00  0.02224  0.02168  0.01160  0.80968  -228.91890  -230.85329  1.37497   768
1033.00  0.02224  0.02168  0.01217  0.80968  -227.99879  -229.91487  1.37497   768
1034.00  0.02224  0.02168  0.01282  0.80968  -227.01002  -228.93831  1.37497   768
1035.00  0.02224  0.02168  0.01298  0.80968  -226.73537  -228.59804  1.48660   768
1036.00  0.02226  0.02168  0.01281  0.80968  -226.96425  -228.80861  1.65405   768
1037.00  0.02226  0.02168  0.01236  0.80968  -227.62343  -229.45253  1.65405   768
1038.00  0.02225  0.02168  0.01170  0.80968  -228.62288  -230.42757  1.65405   768
1039.00  0.02224  0.02168  0.01123  0.80968  -229.37666  -231.23933  1.65405   768
1040.00  0.02226  0.02168  0.01110  0.80968  -229.64064  -231.53383  1.65405   768
1041.00  0.02225  0.02168  0.01144  0.80968  -229.16762  -231.10353  1.65405   768
1042.00  0.02225  0.02168  0.01199  0.80968  -228.32838  -230.28871  1.65405   768
1043.00  0.02226  0.02168  0.01262  0.80968  -227.35640  -229.30452  1.65405   768
1044.00  0.02226  0.02168  0.01306  0.80968  -226.64534  -228.57362  1.65405   768
1045.00  0.02225  0.02168  0.01313  0.80968  -226.51106  -228.39052  1.65405   768
1046.00  0.02226  0.02168  0.01278  0.80968  -227.04512  -228.87575  1.64969   768
1047.00  0.02226  0.02168  0.01221  0.80968  -227.84621  -229.68446  1.63223   768
1048.00  0.02227  0.02168  0.01154  0.80968  -228.86549  -230.67476  1.63223   768
1049.00  0.02225  0.02168  0.01120  0.80968  -229.45601  -231.31258  1.63223   768
1050.00  0.02223  0.02168  0.01130  0.80968  -229.34614  -231.23628  1.63223   768
1051.00  0.02225  0.02168  0.01171  0.80968  -228.70833  -230.62440  1.63223   768
1052.00  0.02225  0.02168  0.01239  0.80968  -227.72261  -229.66920  1.63223   768
1053.00  0.02225  0.02168  0.01298  0.80968  -226.79335  -228.72774  1.63223   768
1054.00  0.02224  0.02168  0.01313  0.80968  -226.44545  -228.32338  1.63223   768
1055.00  0.02226  0.02168  0.01293  0.80968  -226.80861  -228.64992  1.63223   768
1056.00  0.02224  0.02168  0.01240  0.80968  -227.56392  -229.40370  1.63223   768
1057.00  0.02225  0.02168  0.01183  0.80968  -228.44130  -230.27193  1.58096   768
1058.00  0.02223  0.02168  0.01127  0.80968  -229.33394  -231.19203  1.37589   768
1059.00  0.02224  0.02168  0.01110  0.80968  -229.62996  -231.50941  1.37589   768
1060.00  0.02224  0.02168  0.01131  0.80968  -229.34004  -231.27595  1.37589   768
1061.00  0.02225  0.02168  0.01191  0.80968  -228.45045  -230.40468  1.37589   768
1062.00  0.02224  0.02168  0.01259  0.80968  -227.40828  -229.36403  1.37589   768
1063.00  0.02225  0.02168  0.01294  0.80968  -226.77962  -228.67891  1.37589   768
1064.00  0.02225  0.02168  0.01293  0.80968  -226.81013  -228.68654  1.37589   768
1065.00  0.02225  0.02168  0.01257  0.80968  -227.31673  -229.13820  1.37589   768
1066.00  0.02224  0.02168  0.01204  0.80968  -228.11476  -229.94234  1.37589   768
1067.00  0.02225  0.02168  0.01138  0.80968  -229.10963  -230.92958  1.37589   768
1068.00  0.02226  0.02168  0.01103  0.80968  -229.68794  -231.54603  1.37589   768
1069.00  0.02224  0.02168  0.01107  0.80968  -229.71083  -231.61470  1.58158   768
1070.00  0.02223  0.02168  0.01153  0.80968  -229.02571  -230.96773  1.59241   768
1071.00  0.02225  0.02168  0.01215  0.80968  -228.03847  -229.97591  1.59241   768
1072.00  0.02226  0.02168  0.01271  0.80968  -227.20991  -229.14430  1.59241   768
1073.00  0.02225  0.02168  0.01285  0.80968  -226.94594  -228.82539  1.59241   768
1074.00  0.02225  0.02168  0.01270  0.80968  -227.13057  -229.00697  1.59241   768
1075.00  0.02223  0.02168  0.01220  0.80968  -227.88740  -229.73176  1.59241   768
1076.00  0.02225  0.02168  0.01165  0.80968  -228.73427  -230.57710  1.59241   768
1077.00  0.02223  0.02168  0.01111  0.80968  -229.57503  -231.42854  1.59241   768
1078.00  0.02223  0.02168  0.01103  0.80968  -229.75355  -231.64369  1.59241   768
1079.00  0.02223  0.02168  0.01131  0.80968  -229.38124  -231.30189  1.59241   768
1080.00  0.02224  0.02168  0.01188  0.80968  -228.45503  -230.40468  2.00836   768
1081.00  0.02225  0.02168  0.01250  0.80968  -227.52730  -229.43574  2.00836   768
1082.00  0.02224  0.02168  0.01285  0.80968  -226.95967  -228.86964  2.00836   768
1083.00  0.02224  0.02168  0.01284  0.80968  -226.93068  -228.78572  2.00836   768
1084.00  0.02223  0.02168  0.01241  0.80968  -227.53950  -229.36861  2.00836   768
1085.00  0.02224  0.02168  0.01182  0.80968  -228.42451  -230.24599  2.00836   768
1086.00  0.02224  0.02168  0.01125  0.80968  -229.34614  -231.16609  2.00836   768
1087.00  0.02225  0.02168  0.01099  0.80968  -229.74592  -231.62996  2.00836   768
1088.00  0.02224  0.02168  0.01112  0.80968  -229.58876  -231.49721  2.00836   768
1089.00  0.02225  0.02168  0.01158  0.80968  -228.95247  -230.88228  2.00836   768
1090.00  0.02224  0.02168  0.01219  0.80968  -228.00490  -229.95607  2.00836   768
1091.00  0.02225  0.02168  0.01270  0.80968  -227.22517  -229.16719  1.74146   768
1092.00  0.02224  0.02168  0.01277  0.80968  -227.07106  -228.95204  1.59775   768
1093.00  0.02225  0.02168  0.01257  0.80968  -227.33046  -229.21144  1.59775   768
1094.00  0.02224  0.02168  0.01216  0.80968  -227.96828  -229.81264  1.59775   768
1095.00  0.02224  0.02168  0.01143  0.80968  -229.00435  -230.81819  1.59775   768
1096.00  0.02223  0.02168  0.01104  0.80968  -229.70625  -231.56892  1.59775   768
1097.00  0.02224  0.02168  0.01096  0.80968  -229.85579  -231.74135  1.59775   768
1098.00  0.02224  0.02168  0.01136  0.80968  -229.29579  -231.21797  1.59775   768
1099.00  0.02225  0.02168  0.01189  0.80968  -228.46571  -230.39552  1.59775   768
1100.00  0.02225  0.02168  0.01239  0.80968  -227.67988  -229.60359  1.59775   768
1101.00  0.02225  0.02168  0.01267  0.80968  -227.20076  -229.07869  1.59775   768
1102.00  0.02223  0.02168  0.01263  0.80968  -227.27400  -229.13515  1.93015   768
1103.00  0.02224  0.02168  0.01227  0.80968  -227.78364  -229.61275  2.01324   768
1104.00  0.02224  0.02168  0.01168  0.80968  -228.65340  -230.46876  2.01324   768
1105.00  0.02224  0.02168  0.01110  0.80968  -229.58571  -231.42549  2.01324   768
1106.00  0.02224  0.02168  0.01093  0.80968  -229.90309  -231.79933  2.01324   768
1107.00  0.02225  0.02168  0.01105  0.80968  -229.73830  -231.64522  2.01324   768
1108.00  0.02224  0.02168  0.01150  0.80968  -229.06843  -231.00130  2.01324   768
1109.00  0.02224  0.02168  0.01211  0.80968  -228.14986  -230.11171  2.01324   768
1110.00  0.02223  0.02168  0.01261  0.80968  -227.32588  -229.24501  2.01324   768
1111.00  0.02224  0.02168  0.01273  0.80968  -227.12752  -229.03291  2.01324   768
1112.00  0.02224  0.02168  0.01253  0.80968  -227.37318  -229.21907  2.01324   768
1113.00  0.02224  0.02168  0.01190  0.80968  -228.36500  -230.19258  1.59936   768
1114.00  0.02227  0.02168  0.01128  0.80968  -229.32173  -231.15388  1.37650   768
1115.00  0.02223  0.02168  0.01099  0.80968  -229.75661  -231.62843  1.37650   768
1116.00  0.02223  0.02168  0.01109  0.80968  -229.65132  -231.54146  1.37650   768
1117.00  0.02223  0.02168  0.01144  0.80968  -229.13863  -231.06386  1.37650   768
1118.00  0.02224  0.02168  0.01204  0.80968  -228.20936  -230.13612  1.37650   768
1119.00  0.02223  0.02168  0.01253  0.80968  -227.46321  -229.37471  1.37650   768
1120.00  0.02223  0.02168  0.01283  0.80968  -226.99324  -228.88032  1.37650   768
1121.00  0.02224  0.02168  0.01283  0.80968  -226.99019  -228.85438  1.37650   768
1122.00  0.02225  0.02168  0.01237  0.80968  -227.61427  -229.46626  1.37650   768
1123.00  0.02224  0.02168  0.01170  0.80968  -228.65187  -230.47334  1.37650   768
1124.00  0.02224  0.02168  0.01125  0.80968  -229.38887  -231.25764  1.47846   768
1125.00  0.02224  0.02168  0.01110  0.80968  -229.59944  -231.48500  1.56189   768
1126.00  0.02224  0.02168  0.01132  0.80968  -229.32783  -231.27443  1.56189   768
1127.00  0.02224  0.02168  0.01188  0.80968  -228.53438  -230.48707  1.56189   768
1128.00  0.02224  0.02168  0.01246  0.80968  -227.56544  -229.49373  1.56189   768
1129.00  0.02223  0.02168  0.01275  0.80968  -227.15040  -229.07258  1.56189   768
1130.00  0.02226  0.02168  0.01290  0.80968  -226.83913  -228.69569  1.56189   768
1131.00  0.02223  0.02168  0.01267  0.80968  -227.15651  -229.00239  1.56189   768
1132.00  0.02225  0.02168  0.01203  0.80968  -228.12544  -229.93928  1.56189   768
1133.00  0.02224  0.02168  0.01140  0.80968  -229.09132  -230.90517  1.56189   768
1134.00  0.02224  0.02168  0.01101  0.80968  -229.71541  -231.55061  1.56189   768
1135.00  0.02223  0.02168  0.01105  0.80968  -229.72151  -231.63301  1.93445   768
1136.00  0.02225  0.02168  0.01145  0.80968  -229.16151  -231.07454  2.49329   768
1137.00  0.02224  0.02168  0.01215  0.80968  -228.07356  -230.01710  2.49329   768
1138.00  0.02224  0.02168  0.01266  0.80968  -227.23738  -229.17024  2.49329   768
1139.00  0.02224  0.02168  0.01286  0.80968  -226.97493  -228.86659  2.49329   768
1140.00  0.02224  0.02168  0.01279  0.80968  -226.97798  -228.85286  2.49329   768
1141.00  0.02225  0.02168  0.01225  0.80968  -227.80501  -229.63869  2.49329   768
1142.00  0.02223  0.02168  0.01158  0.80968  -228.84108  -230.67781  2.49329   768
1143.00  0.02224  0.02168  0.01115  0.80968  -229.53230  -231.38582  2.49329   768
1144.00  0.02223  0.02168  0.01095  0.80968  -229.85579  -231.74898  2.49329   768
1145.00  0.02223  0.02168  0.01128  0.80968  -229.40260  -231.34614  2.49329   768
1146.00  0.02223  0.02168  0.01196  0.80968  -228.31312  -230.25972  2.17889   768
1147.00  0.02224  0.02168  0.01251  0.80968  -227.53950  -229.48762  1.59500   768
1148.00  0.02223  0.02168  0.01292  0.80968  -226.82081  -228.70485  1.59500   768
1149.00  0.02224  0.02168  0.01301  0.80968  -226.66823  -228.52937  1.59500   768
1150.00  0.02224  0.02168  0.01268  0.80968  -227.15956  -228.98408  1.59500   768
1151.00  0.02224  0.02168  0.01199  0.80968  -228.16054  -229.97438  1.59500   768
1152.00  0.02223  0.02168  0.01141  0.80968  -229.09590  -230.93111  1.59500   768
1153.00  0.02225  0.02168  0.01111  0.80968  -229.61775  -231.46974  1.59500   768
1154.00  0.02223  0.02168  0.01116  0.80968  -229.53383  -231.42549  1.59500   768
1155.00  0.02225  0.02168  0.01164  0.80968  -228.86244  -230.79378  1.59500   768
1156.00  0.02224  0.02168  0.01234  0.80968  -227.80501  -229.76533  1.59500   768
1157.00  0.02223  0.02168  0.01290  0.80968  -226.90779  -228.84218  1.59572   768
1158.00  0.02223  0.02168  0.01307  0.80968  -226.60719  -228.50954  1.60217   768
1159.00  0.02224  0.02168  0.01286  0.80968  -226.89558  -228.76283  1.60217   768
1160.00  0.02222  0.02168  0.01231  0.80968  -227.72108  -229.55781  1.60217   768
1161.00  0.02224  0.02168  0.01174  0.80968  -228.58778  -230.39552  1.60217   768
1162.00  0.02224  0.02168  0.01115  0.80968  -229.49568  -231.34767  1.60217   768
1163.00  0.02226  0.02168  0.01092  0.80968  -229.90462  -231.78102  1.60217   768
1164.00  0.02225  0.02168  0.01123  0.80968  -229.50331  -231.42091  1.60217   768
1165.00  0.02225  0.02168  0.01186  0.80968  -228.53285  -230.46876  1.60217   768
1166.00  0.02224  0.02168  0.01251  0.80968  -227.51662  -229.46321  1.60217   768
1167.00  0.02224  0.02168  0.01297  0.80968  -226.76283  -228.65449  1.60217   768
1168.00  0.02224  0.02168  0.01295  0.80968  -226.75673  -228.63008  1.84125   768
1169.00  0.02222  0.02168  0.01264  0.80968  -227.21449  -229.04664  2.79755   768
1170.00  0.02225  0.02168  0.01199  0.80968  -228.12697  -229.94691  2.79755   768
1171.00  0.02223  0.02168  0.01129  0.80968  -229.26375  -231.07454  2.79755   768
1172.00  0.02225  0.02168  0.01093  0.80968  -229.89851  -231.76729  2.79755   768
1173.00  0.02223  0.02168  0.01101  0.80968  -229.79780  -231.71083  2.79755   768
1174.00  0.02223  0.02168  0.01146  0.80968  -229.13100  -231.07454  2.79755   768
1175.00  0.02225  0.02168  0.01219  0.80968  -228.05067  -230.02016  2.79755   768
1176.00  0.02224  0.02168  0.01276  0.80968  -227.13820  -229.08021  2.79755   768
1177.00  0.02224  0.02168  0.01307  0.80968  -226.61024  -228.51716  2.79755   768
1178.00  0.02223  0.02168  0.01297  0.80968  -226.71706  -228.57820  2.79755   768
1179.00  0.02223  0.02168  0.01246  0.80968  -227.51204  -229.32893  2.87338   768
1180.00  0.02223  0.02168  0.01175  0.80968  -228.52980  -230.34212  4.31427   768
1181.00  0.02222  0.02168  0.01115  0.80968  -229.50484  -231.35072  4.31427   768
1182.00  0.02223  0.02168  0.01102  0.80968  -229.74135  -231.63454  4.31427   768
1183.00  0.02223  0.02168  0.01130  0.80968  -229.36751  -231.28664  4.31427   768
1184.00  0.02223  0.02168  0.01186  0.80968  -228.52827  -230.45045  4.31427   768
1185.00  0.02223  0.02168  0.01252  0.80968  -227.48457  -229.41286  4.31427   768
1186.00  0.02223  0.02168  0.01293  0.80968  -226.84981  -228.75368  4.31427   768
1187.00  0.02223  0.02168  0.01301  0.80968  -226.66518  -228.52937  4.31427   768
1188.00  0.02223  0.02168  0.01266  0.80968  -227.15346  -228.99324  4.31427   768
1189.00  0.02223  0.02168  0.01200  0.80968  -228.17732  -229.97896  4.31427   768
1190.00  0.02223  0.02168  0.01137  0.80968  -229.13557  -230.96315  4.31427   768
1191.00  0.02224  0.02168  0.01093  0.80968  -229.84511  -231.72304  4.96557   768
1192.00  0.02223  0.02168  0.01083  0.80968  -230.06483  -231.95802  4.99985   768
1193.00  0.02224  0.02168  0.01132  0.80968  -229.38124  -231.34614  4.99985   768
1194.00  0.02223  0.02168  0.01206  0.80968  -228.23073  -230.18648  4.99985   768
1195.00  0.02224  0.02168  0.01257  0.80968  -227.43117  -229.37318  4.99985   768
1196.00  0.02224  0.02168  0.01277  0.80968  -227.01918  -228.91389  4.99985   768
1197.00  0.02223  0.02168  0.01261  0.80968  -227.27858  -229.13362  4.99985   768
1198.00  0.02224  0.02168  0.01208  0.80968  -228.05983  -229.87672  4.99985   768
1199.00  0.02223  0.02168  0.01145  0.80968  -229.02571  -230.82582  4.99985   768
1200.00  0.02224  0.02168  0.01095  0.80968  -229.81306  -231.64827  4.99985   768
1201.00  0.02224  0.02168  0.01083  0.80968  -230.04347  -231.91072  4.99985   768
1202.00  0.02223  0.02168  0.01106  0.80968  -229.75355  -231.66963  4.99985   768
1203.00  0.02223  0.02168  0.01163  0.80968  -228.82124  -230.75868  4.99985   768
1204.00  0.02224  0.02168  0.01235  0.80968  -227.75770  -229.68904  4.99985   768
1205.00  0.02224  0.02168  0.01274  0.80968  -227.10005  -229.00239  4.99985   768
1206.00  0.02224  0.02168  0.01280  0.80968  -227.05122  -228.91847  4.99985   768
1207.00  0.02224  0.02168  0.01249  0.80968  -227.44185  -229.29841  4.99985   768
1208.00  0.02225  0.02168  0.01194  0.80968  -228.27498  -230.12239  4.99985   768
1209.00  0.02223  0.02168  0.01130  0.80968  -229.24696  -231.06081  4.99985   768
1210.00  0.02224  0.02168  0.01269  0.80968  -227.57460  -229.77144  4.99985   768
1211.00  0.02223  0.02168  0.01509  0.80968  -223.59205  -225.59663  4.99985   768
1212.00  0.02223  0.02168  0.01481  0.80968  -223.86519  -225.73396  4.99985   768
1213.00  0.02225  0.02168  0.01659  0.80968  -221.35512  -223.40089  4.99985   768
1214.00  0.02224  0.02168  0.01640  0.80968  -221.42531  -223.26967  4.99985   768
1215.00  0.02224  0.02168  0.01605  0.80968  -222.02803  -223.91817  4.99985   768
1216.00  0.02222  0.02168  0.01606  0.80968  -221.86629  -223.65571  4.99985   768
1217.00  0.02223  0.02168  0.01495  0.80968  -223.61647  -225.40590  4.99985   768
1218.00  0.02224  0.02168  0.01437  0.80968  -224.57472  -226.42976  4.99985   768
1219.00  0.02224  0.02168  0.01374  0.80968  -225.48109  -227.27052  4.99985   768
1220.00  0.02224  0.02168  0.01354  0.80968  -225.84425  -227.72371  4.99985   768
1221.00  0.02224  0.02168  0.01392  0.80968  -225.36665  -227.30867  4.99985   768
1222.00  0.02223  0.02168  0.01414  0.80968  -224.97908  -226.89973  4.99985   768
1223.00  0.02223  0.02168  0.01483  0.80968  -223.94148  -225.87434  4.99985   768
1224.00  0.02222  0.02168  0.01523  0.80968  -223.30214  -225.22584  4.99985   768
1225.00  0.02224  0.02168  0.01505  0.80968  -223.55086  -225.44252  4.99985   768
1226.00  0.02223  0.02168  0.01469  0.80968  -224.04829  -225.88960  4.99985   768
1227.00  0.02224  0.02168  0.01415  0.80968  -224.88905  -226.74104  4.99985   768
1228.00  0.02223  0.02168  0.01389  0.80968  -225.33766  -227.19270  4.99985   768
1229.00  0.02224  0.02168  0.01371  0.80968  -225.68251  -227.56807  4.99985   768
1230.00  0.02224  0.02168  0.01397  0.80968  -225.21254  -227.12251  4.99985   768
1231.00  0.02225  0.02168  0.01427  0.80968  -224.83107  -226.76240  4.99985   768
1232.00  0.02224  0.02168  0.01534  0.80968  -223.25484  -225.25178  4.99985   768
1233.00  0.02222  0.02168  0.01597  0.80968  -222.12263  -224.00514  4.99985   768
1234.00  0.02224  0.02168  0.01571  0.80968  -222.51784  -224.35304  4.99985   768
1235.00  0.02224  0.02168  0.01557  0.80968  -222.74214  -224.59413  4.99985   768
1236.00  0.02225  0.02168  0.01507  0.80968  -223.47304  -225.28688  4.99985   768
1237.00  0.02225  0.02168  0.01438  0.80968  -224.52742  -226.34736  4.99985   768
1238.00  0.02224  0.02168  0.01350  0.80968  -225.84883  -227.64894  4.99985   768
1239.00  0.02224  0.02168  0.01278  0.80968  -226.98256  -228.80098  4.99985   768
1240.00  0.02223  0.02168  0.01271  0.80968  -227.17329  -229.07106  4.99985   768
1241.00  0.02223  0.02168  0.01294  0.80968  -226.82081  -228.76131  4.99985   768
1242.00  0.02222  0.02168  0.01315  0.80968  -226.50038  -228.40730  4.99985   768
1243.00  0.02222  0.02168  0.01306  0.80968  -226.60719  -228.47139  4.99985   768
1244.00  0.02223  0.02168  0.01254  0.80968  -227.33046  -229.16109  4.99985   768
1245.00  0.02223  0.02168  0.01158  0.80968  -228.80446  -230.60152  4.99985   768
1246.00  0.02222  0.02168  0.01045  0.80968  -230.52870  -232.30440  4.99985   768
1247.00  0.02224  0.02168  0.00940  0.80968  -232.14461  -233.95235  4.99985   768
1248.00  0.02222  0.02168  0.00891  0.80968  -232.94112  -234.78395  4.99985   768
1249.00  0.02222  0.02168  0.00881  0.80968  -233.14253  -235.02504  4.99985   768
1250.00  0.02222  0.02168  0.00923  0.80968  -232.55354  -234.48640  4.99985   768
1251.00  0.02222  0.02168  0.00992  0.80968  -231.48695  -233.41066  4.99985   768
1252.00  0.02223  0.02168  0.01041  0.80968  -230.72096  -232.63399  4.99985   768
1253.00  0.02224  0.02168  0.01071  0.80968  -230.19606  -232.08467  4.99985   768
1254.00  0.02223  0.02168  0.01054  0.80968  -230.48598  -232.32576  4.99985   768
1255.00  0.02222  0.02168  0.01024  0.80968  -230.89186  -232.74080  4.99985   768
1256.00  0.02223  0.02168  0.00987  0.80968  -231.44270  -233.28706  4.99985   768
1257.00  0.02224  0.02168  0.00967  0.80968  -231.82570  -233.72194  4.99985   768
1258.00  0.02223  0.02168  0.00984  0.80968  -231.59071  -233.50984  4.99985   768
1259.00  0.02224  0.02168  0.01034  0.80968  -230.87355  -232.82625  4.99985   768
1260.00  0.02224  0.02168  0.01116  0.80968  -229.61775  -231.59791  4.99985   768
1261.00  0.02223  0.02168  0.01183  0.80968  -228.54048  -230.49776  4.99985   768
1262.00  0.02223  0.02168  0.01216  0.80968  -228.01558  -229.91182  4.99985   768
1263.00  0.02224  0.02168  0.01178  0.80968  -228.52064  -230.36043  4.99985   768
1264.00  0.02222  0.02168  0.01100  0.80968  -229.68336  -231.47890  4.99985   768
1265.00  0.02223  0.02168  0.01012  0.80968  -231.03224  -232.83388  4.99985   768
1266.00  0.02221  0.02168  0.00938  0.80968  -232.18275  -233.98592  4.99985   768
1267.00  0.02223  0.02168  0.00882  0.80968  -233.09676  -234.93349  4.99985   768
1268.00  0.02222  0.02168  0.00880  0.80968  -233.15626  -235.03725  4.99985   768
1269.00  0.02222  0.02168  0.00910  0.80968  -232.74885  -234.64815  4.99985   768
1270.00  0.02222  0.02168  0.00952  0.80968  -232.10188  -234.01796  4.99985   768
1271.00  0.02222  0.02168  0.00990  0.80968  -231.48695  -233.39540  4.99985   768
1272.00  0.02223  0.02168  0.00994  0.80968  -231.39845  -233.27333  4.99985   768
1273.00  0.02221  0.02168  0.00969  0.80968  -231.76009  -233.63649  4.99985   768
1274.00  0.02222  0.02168  0.00912  0.80968  -232.60542  -234.41469  4.99985   768
1275.00  0.02223  0.02168  0.00853  0.80968  -233.50416  -235.34700  4.99985   768
1276.00  0.02220  0.02168  0.00803  0.80968  -234.30830  -236.17403  4.99985   768
1277.00  0.02221  0.02168  0.00806  0.80968  -234.28999  -236.20760  4.99985   768
1278.00  0.02221  0.02168  0.00856  0.80968  -233.59114  -235.53773  4.99985   768
1279.00  0.02221  0.02168  0.00920  0.80968  -232.62526  -234.57796  4.99985   768
1280.00  0.02223  0.02168  0.00980  0.80968  -231.69295  -233.62886  4.99985   768
1281.00  0.02221  0.02168  0.01024  0.80968  -230.92390  -232.84761  4.99985   768
1282.00  0.02222  0.02168  0.01010  0.80968  -231.09633  -232.96510  4.99985   768
1283.00  0.02221  0.02168  0.00973  0.80968  -231.65633  -233.46864  4.99985   768
1284.00  0.02222  0.02168  0.00911  0.80968  -232.58253  -234.40401  4.99985   768
1285.00  0.02224  0.02168  0.00858  0.80968  -233.41872  -235.25545  4.99985   768
1286.00  0.02223  0.02168  0.00848  0.80968  -233.63081  -235.51027  4.99985   768
1287.00  0.02223  0.02168  0.00868  0.80968  -233.38209  -235.28902  4.99985   768
1288.00  0.02223  0.02168  0.00940  0.80968  -232.31551  -234.25447  4.99985   768
1289.00  0.02223  0.02168  0.01012  0.80968  -231.20161  -233.16652  4.99985   768
1290.00  0.02222  0.02168  0.01065  0.80968  -230.36848  -232.29524  4.99985   768
1291.00  0.02223  0.02168  0.01085  0.80968  -230.00380  -231.88325  4.99985   768
1292.00  0.02221  0.02168  0.01055  0.80968  -230.41121  -232.25252  4.99985   768
1293.00  0.02221  0.02168  0.00985  0.80968  -231.46559  -233.28401  4.99985   768
1294.00  0.02222  0.02168  0.00909  0.80968  -232.65578  -234.47725  4.99985   768
1295.00  0.02221  0.02168  0.00865  0.80968  -233.37904  -235.25087  4.99985   768
1296.00  0.02223  0.02168  0.00861  0.80968  -233.42024  -235.31648  4.99985   768
1297.00  0.02221  0.02168  0.00902  0.80968  -232.79616  -234.73665  4.99985   768
1298.00  0.02222  0.02168  0.00968  0.80968  -231.87758  -233.82265  4.99985   768
1299.00  0.02222  0.02168  0.01040  0.80968  -230.81251  -232.76674  4.99985   768
1300.00  0.02222  0.02168  0.01085  0.80968  -230.02516  -231.93819  4.99985   768
1301.00  0.02221  0.02168  0.01128  0.80968  -229.34614  -231.23933  4.99985   768
1302.00  0.02220  0.02168  0.01111  0.80968  -229.58113  -231.42091  4.99985   768
1303.00  0.02222  0.02168  0.01060  0.80968  -230.32576  -232.16402  4.99985   768
1304.00  0.02222  0.02168  0.01027  0.80968  -230.90559  -232.75453  4.99985   768
1305.00  0.02222  0.02168  0.01026  0.80968  -230.94069  -232.84761  4.99985   768
1306.00  0.02220  0.02168  0.01058  0.80968  -230.43410  -232.36696  4.99985   768
1307.00  0.02221  0.02168  0.01127  0.80968  -229.44685  -231.41634  4.99985   768
1308.00  0.02221  0.02168  0.01212  0.80968  -228.13612  -230.08882  4.99985   768
1309.00  0.02220  0.02168  0.01238  0.80968  -227.65852  -229.56697  4.99985   768
1310.00  0.02220  0.02168  0.01246  0.80968  -227.51662  -229.41591  4.99985   768
1311.00  0.02220  0.02168  0.01206  0.80968  -228.10408  -229.93471  4.99985   768
1312.00  0.02222  0.02168  0.01139  0.80968  -229.10506  -230.92195  4.99985   768
1313.00  0.02220  0.02168  0.01084  0.80968  -229.97481  -231.82374  4.99985   768
1314.00  0.02221  0.02168  0.01036  0.80968  -230.72401  -232.54549  4.99985   768
1315.00  0.02221  0.02168  0.01027  0.80968  -230.91780  -232.81709  4.99985   768
1316.00  0.02221  0.02168  0.01061  0.80968  -230.40205  -232.30897  4.99985   768
1317.00  0.02221  0.02168  0.01125  0.80968  -229.45753  -231.37819  4.99985   768
1318.00  0.02221  0.02168  0.01178  0.80968  -228.61830  -230.54201  4.99985   768
1319.00  0.02222  0.02168  0.01200  0.80968  -228.25056  -230.13460  4.99985   768
1320.00  0.02220  0.02168  0.01184  0.80968  -228.44282  -230.28871  4.99985   768
1321.00  0.02221  0.02168  0.01143  0.80968  -229.06386  -230.90517  4.99985   768
1322.00  0.02222  0.02168  0.01081  0.80968  -230.00532  -231.83748  4.99985   768
1323.00  0.02221  0.02168  0.01037  0.80968  -230.69502  -232.57753  4.99985   768
1324.00  0.02221  0.02168  0.01032  0.80968  -230.83082  -232.73012  4.99985   768
1325.00  0.02221  0.02168  0.01062  0.80968  -230.43104  -232.38527  4.99985   768
1326.00  0.02221  0.02168  0.01139  0.80968  -229.24849  -231.21950  4.99985   768
1327.00  0.02220  0.02168  0.01208  0.80968  -228.19868  -230.15901  4.99985   768
1328.00  0.02220  0.02168  0.01257  0.80968  -227.43422  -229.35792  4.99985   768
1329.00  0.02220  0.02168  0.01282  0.80968  -226.95814  -228.85744  4.99985   768
1330.00  0.02221  0.02168  0.01272  0.80968  -227.18397  -229.05733  4.99985   768
1331.00  0.02220  0.02168  0.01250  0.80968  -227.46474  -229.31825  4.99985   768
1332.00  0.02220  0.02168  0.01238  0.80968  -227.61427  -229.48610  4.99985   768
1333.00  0.02219  0.02168  0.01254  0.80968  -227.47389  -229.42049  4.99985   768
1334.00  0.02220  0.02168  0.01371  0.80968  -225.70235  -227.66572  4.99985   768
1335.00  0.02220  0.02168  0.01450  0.80968  -224.49232  -226.46028  4.99985   768
1336.00  0.02221  0.02168  0.01573  0.80968  -222.60634  -224.59871  4.99985   768
1337.00  0.02220  0.02168  0.01644  0.80968  -221.41920  -223.31697  4.99985   768
1338.00  0.02221  0.02168  0.01695  0.80968  -220.69594  -222.63185  4.99985   768
1339.00  0.02223  0.02168  0.01694  0.80968  -220.59370  -222.44111  4.99985   768
1340.00  0.02221  0.02168  0.01615  0.80968  -221.79610  -223.62672  4.99985   768
1341.00  0.02219  0.02168  0.01570  0.80968  -222.51326  -224.36220  4.99985   768
1342.00  0.02219  0.02168  0.01508  0.80968  -223.42726  -225.25178  4.99985   768
1343.00  0.02220  0.02168  0.01482  0.80968  -223.93385  -225.85756  4.99985   768
1344.00  0.02220  0.02168  0.01511  0.80968  -223.47914  -225.38759  4.99985   768
1345.00  0.02219  0.02168  0.01540  0.80968  -223.06105  -224.98476  4.99985   768
1346.00  0.02222  0.02168  0.01610  0.80968  -222.07228  -224.02193  4.99985   768
1347.00  0.02221  0.02168  0.01630  0.80968  -221.64351  -223.51533  4.99985   768
1348.00  0.02221  0.02168  0.01621  0.80968  -221.79915  -223.65724  4.99985   768
1349.00  0.02220  0.02168  0.01585  0.80968  -222.26149  -224.07228  4.99985   768
1350.00  0.02221  0.02168  0.01515  0.80968  -223.33266  -225.16481  4.99985   768
1351.00  0.02221  0.02168  0.01463  0.80968  -224.13985  -225.95369  4.99985   768
1352.00  0.02221  0.02168  0.01444  0.80968  -224.49690  -226.35957  4.99985   768
1353.00  0.02220  0.02168  0.01459  0.80968  -224.31990  -226.24666  4.99985   768
1354.00  0.02222  0.02168  0.01533  0.80968  -223.21364  -225.15108  4.99985   768
1355.00  0.02222  0.02168  0.01608  0.80968  -222.00972  -223.96852  4.99985   768
1356.00  0.02220  0.02168  0.01686  0.80968  -220.85463  -222.80580  4.99985   768
1357.00  0.02220  0.02168  0.01736  0.80968  -220.06880  -221.99403  4.99985   768
1358.00  0.02219  0.02168  0.01736  0.80968  -219.98488  -221.87196  4.99985   768
1359.00  0.02219  0.02168  0.01720  0.80968  -220.27479  -222.15425  4.99985   768
1360.00  0.02220  0.02168  0.01828  0.80968  -218.70161  -220.72603  4.99985   768
1361.00  0.02219  0.02168  0.01820  0.80968  -218.75349  -220.65126  4.99985   768
1362.00  0.02219  0.02168  0.01951  0.80968  -216.81257  -218.84004  4.99985   768
1363.00  0.02219  0.02168  0.02031  0.80968  -215.50795  -217.43776  4.99985   768
1364.00  0.02220  0.02168  0.02131  0.80968  -214.13161  -216.18654  4.99985   768
1365.00  0.02221  0.02168  0.02287  0.80968  -211.57423  -213.51472  4.99985   768
1366.00  0.02219  0.02168  0.02291  0.80968  -211.46742  -213.35451  4.99985   768
1367.00  0.02220  0.02168  0.02364  0.80968  -210.42982  -212.38252  4.99985   768
1368.00  0.02220  0.02168  0.02310  0.80968  -211.05391  -212.80061  4.99985   768
1369.00  0.02219  0.02168  0.02239  0.80968  -212.25630  -214.09608  4.99985   768
1370.00  0.02219  0.02168  0.02225  0.80968  -212.43941  -214.27614  4.99985   768
1371.00  0.02220  0.02168  0.02140  0.80968  -213.71046  -215.54109  4.99985   768
1372.00  0.02220  0.02168  0.02182  0.80968  -213.21913  -215.17793  4.99985   768
1373.00  0.02219  0.02168  0.02211  0.80968  -212.72474  -214.61030  4.99985   768
1374.00  0.02220  0.02168  0.02258  0.80968  -212.10371  -214.07167  4.99985   768
1375.00  0.02219  0.02168  0.02328  0.80968  -210.96235  -212.90590  4.99985   768
1376.00  0.02219  0.02168  0.02303  0.80968  -211.25990  -213.10426  4.99985   768
1377.00  0.02218  0.02168  0.02281  0.80968  -211.61696  -213.50099  4.99985   768
1378.00  0.02219  0.02168  0.02213  0.80968  -212.61336  -214.40889  4.99985   768
1379.00  0.02220  0.02168  0.02123  0.80968  -213.96986  -215.78676  4.99985   768
1380.00  0.02220  0.02168  0.02084  0.80968  -214.63667  -216.51155  4.99985   768
1381.00  0.02219  0.02168  0.02068  0.80968  -214.88539  -216.75416  4.99985   768
1382.00  0.02221  0.02168  0.02098  0.80968  -214.52223  -216.45204  4.99985   768
1383.00  0.02220  0.02168  0.02164  0.80968  -213.48311  -215.40681  4.99985   768
1384.00  0.02220  0.02168  0.02230  0.80968  -212.48518  -214.40889  4.99985   768
1385.00  0.02221  0.02168  0.02281  0.80968  -211.67952  -213.57728  4.99985   768
1386.00  0.02219  0.02168  0.02301  0.80968  -211.33619  -213.20955  4.99985   768
1387.00  0.02219  0.02168  0.02280  0.80968  -211.60017  -213.44758  4.99985   768
1388.00  0.02219  0.02168  0.02249  0.80968  -212.13118  -213.99080  4.99985   768
1389.00  0.02221  0.02168  0.02215  0.80968  -212.61793  -214.45772  4.99985   768
1390.00  0.02220  0.02168  0.02196  0.80968  -212.94142  -214.83003  4.99985   768
1391.00  0.02219  0.02168  0.02239  0.80968  -212.35396  -214.29292  4.99985   768
1392.00  0.02218  0.02168  0.02309  0.80968  -211.29652  -213.26753  4.99985   768
1393.00  0.02219  0.02168  0.02392  0.80968  -210.03157  -212.00258  4.99985   768
1394.00  0.02218  0.02168  0.02465  0.80968  -208.86885  -210.81087  4.99985   768
1395.00  0.02218  0.02168  0.02486  0.80968  -208.49806  -210.40040  4.99985   768
1396.00  0.02220  0.02168  0.02482  0.80968  -208.48585  -210.34700  4.99985   768
1397.00  0.02220  0.02168  0.02430  0.80968  -209.30220  -211.11299  4.99985   768
1398.00  0.02220  0.02168  0.02365  0.80968  -210.29707  -212.10481  4.99985   768
1399.00  0.02219  0.02168  0.02329  0.80968  -210.86775  -212.73500  4.99985   768
1400.00  0.02219  0.02168  0.02314  0.80968  -211.12562  -212.99745  4.99985   768
1401.00  0.02220  0.02168  0.02352  0.80968  -210.56105  -212.50306  4.99985   768
1402.00  0.02220  0.02168  0.02416  0.80968  -209.62263  -211.53108  4.99985   768
1403.00  0.02219  0.02168  0.02466  0.80968  -208.84596  -210.77424  4.99985   768
1404.00  0.02219  0.02168  0.02502  0.80968  -208.22340  -210.14253  4.99985   768
1405.00  0.02219  0.02168  0.02492  0.80968  -208.36836  -210.20509  4.99985   768
1406.00  0.02219  0.02168  0.02432  0.80968  -209.25947  -211.08705  4.99985   768
1407.00  0.02220  0.02168  0.02373  0.80968  -210.13991  -211.96596  4.99985   768
1408.00  0.02220  0.02168  0.02298  0.80968  -211.30720  -213.12868  4.99985   768
1409.00  0.02219  0.02168  0.02268  0.80968  -211.82753  -213.71614  4.99985   768
1410.00  0.02218  0.02168  0.02287  0.80968  -211.55745  -213.46742  4.99985   768
1411.00  0.02220  0.02168  0.02334  0.80968  -210.92116  -212.86470  4.99985   768
1412.00  0.02218  0.02168  0.02405  0.80968  -209.79658  -211.74623  4.99985   768
1413.00  0.02221  0.02168  0.02447  0.80968  -209.12672  -211.03975  4.99985   768
1414.00  0.02219  0.02168  0.02459  0.80968  -208.92225  -210.82002  4.99985   768
1415.00  0.02218  0.02168  0.02441  0.80968  -209.12977  -210.98329  4.99985   768
1416.00  0.02219  0.02168  0.02403  0.80968  -209.72334  -211.55702  4.99985   768
1417.00  0.02220  0.02168  0.02355  0.80968  -210.44508  -212.27113  4.99985   768
1418.00  0.02220  0.02168  0.02345  0.80968  -210.66176  -212.52138  4.99985   768
1419.00  0.02218  0.02168  0.02354  0.80968  -210.53663  -212.45271  4.99985   768
1420.00  0.02219  0.02168  0.02433  0.80968  -209.34492  -211.30220  4.99985   768
1421.00  0.02217  0.02168  0.02517  0.80968  -208.12269  -210.08607  4.99985   768
1422.00  0.02219  0.02168  0.02596  0.80968  -206.87758  -208.83638  4.99985   768
1423.00  0.02220  0.02168  0.02656  0.80968  -205.94526  -207.86592  4.99985   768
1424.00  0.02219  0.02168  0.02652  0.80968  -205.89949  -207.78505  4.99985   768
1425.00  0.02218  0.02168  0.02621  0.80968  -206.39540  -208.23518  4.99985   768
1426.00  0.02218  0.02168  0.02568  0.80968  -207.17207  -209.01643  4.99985   768
1427.00  0.02218  0.02168  0.02509  0.80968  -208.10896  -209.93348  4.99985   768
1428.00  0.02221  0.02168  0.02496  0.80968  -208.35158  -210.24782  4.99985   768
1429.00  0.02220  0.02168  0.02511  0.80968  -208.15626  -210.05403  4.99985   768
1430.00  0.02220  0.02168  0.02556  0.80968  -207.44368  -209.38264  4.99985   768
1431.00  0.02219  0.02168  0.02613  0.80968  -206.60444  -208.52968  4.99985   768
1432.00  0.02219  0.02168  0.02639  0.80968  -206.16194  -208.03682  4.99985   768
1433.00  0.02218  0.02168  0.02638  0.80968  -206.12837  -207.98799  4.99985   768
1434.00  0.02219  0.02168  0.02585  0.80968  -206.88215  -208.68226  4.99985   768
1435.00  0.02219  0.02168  0.02507  0.80968  -208.08302  -209.86787  4.99985   768
1436.00  0.02219  0.02168  0.02442  0.80968  -209.07332  -210.89021  4.99985   768
1437.00  0.02219  0.02168  0.02392  0.80968  -209.89729  -211.74470  4.99985   768
1438.00  0.02220  0.02168  0.02367  0.80968  -210.32606  -212.19331  4.99985   768
1439.00  0.02219  0.02168  0.02413  0.80968  -209.70198  -211.61805  4.99985   768
1440.00  0.02220  0.02168  0.02459  0.80968  -208.94362  -210.87648  4.99985   768
1441.00  0.02221  0.02168  0.02512  0.80968  -208.12117  -210.04945  4.99985   768
1442.00  0.02218  0.02168  0.02535  0.80968  -207.77022  -209.66646  4.99985   768
1443.00  0.02219  0.02168  0.02532  0.80968  -207.77632  -209.65883  4.99985   768
1444.00  0.02220  0.02168  0.02496  0.80968  -208.27070  -210.11812  4.99985   768
1445.00  0.02219  0.02168  0.02445  0.80968  -209.02907  -210.87800  4.99985   768
1446.00  0.02219  0.02168  0.02398  0.80968  -209.83626  -211.66993  4.99985   768
1447.00  0.02220  0.02168  0.02398  0.80968  -209.83931  -211.73860  4.99985   768
1448.00  0.02219  0.02168  0.02442  0.80968  -209.24421  -211.16334  4.99985   768
1449.00  0.02219  0.02168  0.02511  0.80968  -208.18373  -210.13337  4.99985   768
1450.00  0.02220  0.02168  0.02606  0.80968  -206.74482  -208.69600  4.99985   768
1451.00  0.02219  0.02168  0.02662  0.80968  -205.79420  -207.70265  4.99985   768
1452.00  0.02218  0.02168  0.02684  0.80968  -205.46766  -207.34712  4.99985   768
1453.00  0.02217  0.02168  0.02665  0.80968  -205.64924  -207.49055  4.99985   768
1454.00  0.02219  0.02168  0.02620  0.80968  -206.35725  -208.18330  4.99985   768
1455.00  0.02219  0.02168  0.02571  0.80968  -207.12935  -208.95082  4.99985   768
1456.00  0.02218  0.02168  0.02542  0.80968  -207.65120  -209.53065  4.99985   768
1457.00  0.02219  0.02168  0.02556  0.80968  -207.47725  -209.38417  4.99985   768
1458.00  0.02219  0.02168  0.02602  0.80968  -206.75245  -208.69294  4.99985   768
1459.00  0.02218  0.02168  0.02659  0.80968  -205.92085  -207.85982  4.99985   768
1460.00  0.02219  0.02168  0.02710  0.80968  -205.09382  -207.03279  4.99985   768
1461.00  0.02219  0.02168  0.02722  0.80968  -204.86342  -206.75508  4.99985   768
1462.00  0.02219  0.02168  0.02685  0.80968  -205.40663  -207.23573  4.99985   768
1463.00  0.02220  0.02168  0.02624  0.80968  -206.28248  -208.11311  4.99985   768
1464.00  0.02218  0.02168  0.02539  0.80968  -207.59321  -209.38112  4.99985   768
1465.00  0.02218  0.02168  0.02482  0.80968  -208.51332  -210.33479  4.99985   768
1466.00  0.02219  0.02168  0.02451  0.80968  -209.01228  -210.86580  4.99985   768
1467.00  0.02219  0.02168  0.02460  0.80968  -208.90852  -210.81239  4.99985   768
1468.00  0.02218  0.02168  0.02511  0.80968  -208.15626  -210.07997  4.99985   768
1469.00  0.02220  0.02168  0.02565  0.80968  -207.30330  -209.23005  4.99985   768
1470.00  0.02220  0.02168  0.02596  0.80968  -206.80281  -208.68074  4.99985   768
1471.00  0.02219  0.02168  0.02585  0.80968  -206.93403  -208.78145  4.99985   768
1472.00  0.02219  0.02168  0.02544  0.80968  -207.52455  -209.36891  4.99985   768
1473.00  0.02219  0.02168  0.02480  0.80968  -208.52858  -210.34700  4.99985   768
1474.00  0.02218  0.02168  0.02425  0.80968  -209.40138  -211.24727  4.99985   768
1475.00  0.02218  0.02168  0.02406  0.80968  -209.72944  -211.61348  4.99985   768
1476.00  0.02218  0.02168  0.02430  0.80968  -209.42122  -211.32509  4.99985   768
1477.00  0.02219  0.02168  0.02487  0.80968  -208.55909  -210.51790  4.99985   768
1478.00  0.02218  0.02168  0.02565  0.80968  -207.40095  -209.35975  4.99985   768
1479.00  0.02219  0.02168  0.02642  0.80968  -206.18635  -208.11769  4.99985   768
1480.00  0.02217  0.02168  0.02679  0.80968  -205.52870  -207.44783  4.99985   768
1481.00  0.02218  0.02168  0.02680  0.80968  -205.49360  -207.36238  4.99985   768
1482.00  0.02219  0.02168  0.02647  0.80968  -205.98036  -207.80031  4.99985   768
1483.00  0.02218  0.02168  0.02600  0.80968  -206.66548  -208.48848  4.99985   768
1484.00  0.02219  0.02168  0.02573  0.80968  -207.11256  -208.95387  4.99985   768
1485.00  0.02218  0.02168  0.02585  0.80968  -206.99507  -208.88368  4.99985   768
1486.00  0.02218  0.02168  0.02630  0.80968  -206.34657  -208.25960  4.99985   768
1487.00  0.02218  0.02168  0.02700  0.80968  -205.26777  -207.20979  4.99985   768
1488.00  0.02219  0.02168  0.02755  0.80968  -204.37819  -206.29884  4.99985   768
1489.00  0.02218  0.02168  0.02785  0.80968  -203.90974  -205.81361  4.99985   768
1490.00  0.02219  0.02168  0.02766  0.80968  -204.17219  -206.03792  4.99985   768
1491.00  0.02218  0.02168  0.02724  0.80968  -204.77186  -206.62080  4.99985   768
1492.00  0.02218  0.02168  0.02647  0.80968  -205.92238  -207.73469  4.99985   768
1493.00  0.02218  0.02168  0.02585  0.80968  -206.95234  -208.79060  4.99985   768
1494.00  0.02218  0.02168  0.02549  0.80968  -207.47267  -209.33076  4.99985   768
1495.00  0.02219  0.02168  0.02551  0.80968  -207.53523  -209.45894  4.99985   768
1496.00  0.02220  0.02168  0.02607  0.80968  -206.63954  -208.58613  4.99985   768
1497.00  0.02218  0.02168  0.02655  0.80968  -205.94679  -207.85066  4.99985   768
1498.00  0.02219  0.02168  0.02697  0.80968  -205.27846  -207.19911  4.99985   768
1499.00  0.02218  0.02168  0.02708  0.80968  -205.04500  -206.91530  4.99985   768
1500.00  0.02218  0.02168  0.02669  0.80968  -205.63551  -207.47529  4.99985   768
1501.00  0.02218  0.02168  0.02624  0.80968  -206.29469  -208.10701  4.99985   768
1502.00  0.02219  0.02168  0.02538  0.80968  -207.60237  -209.39790  4.99985   768
1503.00  0.02219  0.02168  0.02498  0.80968  -208.27070  -210.11049  4.99985   768
1504.00  0.02219  0.02168  0.02508  0.80968  -208.17610  -210.05708  4.99985   768
1505.00  0.02219  0.02168  0.02551  0.80968  -207.54744  -209.47877  4.99985   768
1506.00  0.02217  0.02168  0.02627  0.80968  -206.37251  -208.35420  4.99985   768
1507.00  0.02218  0.02168  0.02704  0.80968  -205.21742  -207.15638  4.99985   768
1508.00  0.02219  0.02168  0.02747  0.80968  -204.50789  -206.42854  4.99985   768
1509.00  0.02218  0.02168  0.02750  0.80968  -204.45448  -206.33546  4.99985   768
1510.00  0.02217  0.02168  0.02728  0.80968  -204.71693  -206.57045  4.99985   768
1511.00  0.02218  0.02168  0.02669  0.80968  -205.62483  -207.45546  4.99985   768
1512.00  0.02219  0.02168  0.02628  0.80968  -206.29316  -208.15889  4.99985   768
1513.00  0.02217  0.02168  0.02620  0.80968  -206.42286  -208.32826  4.99985   768
1514.00  0.02218  0.02168  0.02645  0.80968  -206.05360  -207.97120  4.99985   768
1515.00  0.02219  0.02168  0.02711  0.80968  -205.08619  -207.03126  4.99985   768
1516.00  0.02218  0.02168  0.02796  0.80968  -203.80293  -205.75258  4.99985   768
1517.00  0.02218  0.02168  0.02850  0.80968  -202.92097  -204.82179  4.99985   768
1518.00  0.02218  0.02168  0.02863  0.80968  -202.71040  -204.56239  4.99985   768
1519.00  0.02219  0.02168  0.02828  0.80968  -203.16511  -205.00032  4.99985   768
1520.00  0.02219  0.02168  0.02766  0.80968  -204.10811  -205.93110  4.99985   768
1521.00  0.02219  0.02168  0.02697  0.80968  -205.20826  -207.02974  4.99985   768
1522.00  0.02218  0.02168  0.02643  0.80968  -206.02308  -207.86134  4.99985   768
1523.00  0.02218  0.02168  0.02625  0.80968  -206.37556  -208.27791  4.99985   768
1524.00  0.02217  0.02168  0.02654  0.80968  -205.93306  -207.85371  4.99985   768
1525.00  0.02218  0.02168  0.02696  0.80968  -205.29066  -207.22352  4.99985   768
1526.00  0.02218  0.02168  0.02740  0.80968  -204.60859  -206.53688  4.99985   768
1527.00  0.02218  0.02168  0.02750  0.80968  -204.40870  -206.31257  4.99985   768
1528.00  0.02219  0.02168  0.02726  0.80968  -204.76118  -206.62385  4.99985   768
1529.00  0.02218  0.02168  0.02671  0.80968  -205.58821  -207.43867  4.99985   768
1530.00  0.02218  0.02168  0.02594  0.80968  -206.68989  -208.50374  4.99985   768
1531.00  0.02217  0.02168  0.02540  0.80968  -207.64204  -209.46351  4.99985   768
1532.00  0.02219  0.02168  0.02503  0.80968  -208.20204  -210.03724  4.99985   768
1533.00  0.02219  0.02168  0.02527  0.80968  -207.88466  -209.80226  4.99985   768
1534.00  0.02219  0.02168  0.02581  0.80968  -207.08052  -209.00117  4.99985   768
1535.00  0.02218  0.02168  0.02649  0.80968  -206.05513  -207.97883  4.99985   768
1536.00  0.02218  0.02168  0.02714  0.80968  -205.03584  -206.95955  4.99985   768
1537.00  0.02218  0.02168  0.02728  0.80968  -204.78102  -206.64522  4.99985   768
1538.00  0.02219  0.02168  0.02707  0.80968  -205.07704  -206.93055  4.99985   768
1539.00  0.02219  0.02168  0.02668  0.80968  -205.61110  -207.44783  4.99985   768
1540.00  0.02218  0.02168  0.02612  0.80968  -206.51594  -208.36030  4.99985   768
1541.00  0.02218  0.02168  0.02586  0.80968  -206.95540  -208.82264  4.99985   768
1542.00  0.02218  0.02168  0.02587  0.80968  -206.94166  -208.85316  4.99985   768
1543.00  0.02218  0.02168  0.02639  0.80968  -206.19551  -208.17720  4.99985   768
1544.00  0.02216  0.02168  0.02712  0.80968  -205.08314  -207.03126  4.99985   768
1545.00  0.02217  0.02168  0.02780  0.80968  -204.04097  -205.99824  4.99985   768
1546.00  0.02218  0.02168  0.02813  0.80968  -203.47181  -205.37111  4.99985   768
1547.00  0.02218  0.02168  0.02809  0.80968  -203.50233  -205.34974  4.99985   768
1548.00  0.02218  0.02168  0.02761  0.80968  -204.18593  -205.99366  4.99985   768
1549.00  0.02218  0.02168  0.02700  0.80968  -205.12739  -206.96260  4.99985   768
1550.00  0.02218  0.02168  0.02645  0.80968  -205.99409  -207.81862  4.99985   768
1551.00  0.02217  0.02168  0.02622  0.80968  -206.37861  -208.22603  4.99985   768
1552.00  0.02218  0.02168  0.02622  0.80968  -206.40761  -208.29469  4.99985   768
1553.00  0.02218  0.02168  0.02664  0.80968  -205.74995  -207.67213  4.99985   768
1554.00  0.02217  0.02168  0.02712  0.80968  -205.07856  -206.99159  4.99985   768
1555.00  0.02217  0.02168  0.02736  0.80968  -204.68031  -206.56892  4.99985   768
1556.00  0.02220  0.02168  0.02736  0.80968  -204.59334  -206.46974  4.99985   768
1557.00  0.02219  0.02168  0.02685  0.80968  -205.38832  -207.22810  4.99985   768
1558.00  0.02218  0.02168  0.02611  0.80968  -206.46864  -208.28706  4.99985   768
1559.00  0.02216  0.02168  0.02541  0.80968  -207.54896  -209.38112  4.99985   768
1560.00  0.02219  0.02168  0.02497  0.80968  -208.30427  -210.15474  4.99985   768
1561.00  0.02216  0.02168  0.02484  0.80968  -208.52858  -210.44160  4.99985   768
1562.00  0.02218  0.02168  0.02531  0.80968  -207.87855  -209.81447  4.99985   768
1563.00  0.02217  0.02168  0.02598  0.80968  -206.79670  -208.76161  4.99985   768
1564.00  0.02220  0.02168  0.02662  0.80968  -205.85982  -207.77742  4.99985   768
1565.00  0.02218  0.02168  0.02684  0.80968  -205.47682  -207.37153  4.99985   768
1566.00  0.02218  0.02168  0.02671  0.80968  -205.59126  -207.44172  4.99985   768
1567.00  0.02218  0.02168  0.02628  0.80968  -206.22450  -208.04292  4.99985   768
1568.00  0.02217  0.02168  0.02584  0.80968  -206.94777  -208.77076  4.99985   768
1569.00  0.02216  0.02168  0.02548  0.80968  -207.50624  -209.37501  4.99985   768
1570.00  0.02218  0.02168  0.02542  0.80968  -207.62831  -209.49098  4.99985   768
1571.00  0.02217  0.02168  0.02582  0.80968  -207.05916  -208.98744  4.99985   768
1572.00  0.02218  0.02168  0.02655  0.80968  -205.95900  -207.92238  4.99985   768
1573.00  0.02218  0.02168  0.02742  0.80968  -204.63911  -206.60554  4.99985   768
1574.00  0.02217  0.02168  0.02791  0.80968  -203.85023  -205.76783  4.99985   768
1575.00  0.02219  0.02168  0.02799  0.80968  -203.67018  -205.53895  4.99985   768
1576.00  0.02218  0.02168  0.02767  0.80968  -204.14015  -206.01045  4.99985   768
1577.00  0.02218  0.02168  0.02710  0.80968  -205.00380  -206.82222  4.99985   768
1578.00  0.02218  0.02168  0.02645  0.80968  -205.97426  -207.80488  4.99985   768
1579.00  0.02218  0.02168  0.02600  0.80968  -206.70973  -208.56477  4.99985   768
1580.00  0.02217  0.02168  0.02601  0.80968  -206.70668  -208.59681  4.99985   768
1581.00  0.02218  0.02168  0.02632  0.80968  -206.33589  -208.26112  4.99985   768
1582.00  0.02218  0.02168  0.02683  0.80968  -205.45393  -207.35627  4.99985   768
1583.00  0.02218  0.02168  0.02720  0.80968  -204.92903  -206.82527  4.99985   768
1584.00  0.02218  0.02168  0.02731  0.80968  -204.71083  -206.56892  4.99985   768
1585.00  0.02219  0.02168  0.02694  0.80968  -205.22047  -207.05110  4.99985   768
1586.00  0.02217  0.02168  0.02636  0.80968  -206.09022  -207.89644  4.99985   768
1587.00  0.02217  0.02168  0.02562  0.80968  -207.25752  -209.06221  4.99985   768
1588.00  0.02219  0.02168  0.02506  0.80968  -208.10896  -209.94417  4.99985   768
1589.00  0.02218  0.02168  0.02478  0.80968  -208.59419  -210.46449  4.99985   768
1590.00  0.02219  0.02168  0.02492  0.80968  -208.41719  -210.34852  4.99985   768
1591.00  0.02217  0.02168  0.02544  0.80968  -207.66951  -209.60389  4.99985   768
1592.00  0.02217  0.02168  0.02594  0.80968  -206.86842  -208.81196  4.99985   768
1593.00  0.02218  0.02168  0.02637  0.80968  -206.21077  -208.14668  4.99985   768
1594.00  0.02218  0.02168  0.02639  0.80968  -206.12227  -207.98341  4.99985   768
1595.00  0.02218  0.02168  0.02601  0.80968  -206.68532  -208.52510  4.99985   768
1596.00  0.02218  0.02168  0.02542  0.80968  -207.61763  -209.44673  4.99985   768
1597.00  0.02220  0.02168  0.02496  0.80968  -208.25697  -210.10133  4.99985   768
1598.00  0.02219  0.02168  0.02467  0.80968  -208.74525  -210.61250  4.99985   768
1599.00  0.02218  0.02168  0.02489  0.80968  -208.45686  -210.35005  4.99985   768
1600.00  0.02218  0.02168  0.02539  0.80968  -207.71528  -209.65730  4.99985   768
1601.00  0.02219  0.02168  0.02555  0.80968  -207.23005  -208.93251  4.99985   768
1602.00  0.02220  0.02168  0.01984  0.80968  -215.50795  -216.77095  4.99985   768
1603.00  0.02219  0.02168  0.01622  0.80968  -221.87849  -223.78694  4.99985   768
1604.00  0.02219  0.02168  0.01766  0.80968  -219.19142  -220.85115  4.99985   768
1605.00  0.02220  0.02168  0.01307  0.80968  -226.16926  -227.63063  4.99985   768
1606.00  0.02220  0.02168  0.01264  0.80968  -227.60664  -229.80958  4.99985   768
1607.00  0.02219  0.02168  0.01258  0.80968  -226.94136  -228.49580  4.99985   768
1608.00  0.02219  0.02168  0.00979  0.80968  -231.54341  -233.30690  4.99985   768
1609.00  0.02217  0.02168  0.01254  0.80968  -227.80043  -230.08119  4.99985   768
1610.00  0.02219  0.02168  0.01173  0.80968  -228.37874  -230.01710  4.99985   768
1611.00  0.02218  0.02168  0.01151  0.80968  -229.18440  -231.22102  4.99985   768
1612.00  0.02220  0.02168  0.01417  0.80968  -224.93788  -226.94551  4.99985   768
1613.00  0.02221  0.02168  0.01153  0.80968  -228.78157  -230.42299  4.99985   768
1614.00  0.02218  0.02168  0.01222  0.80968  -228.13154  -230.21242  4.99985   768
1615.00  0.02219  0.02168  0.01236  0.80968  -227.40828  -229.04359  4.99985   768
1616.00  0.02220  0.02168  0.00988  0.80968  -231.48390  -233.32216  4.99985   768
1617.00  0.02220  0.02168  0.01165  0.80968  -228.94484  -230.98604  4.99985   768
1618.00  0.02220  0.02168  0.01075  0.80968  -229.91072  -231.55824  4.99985   768
1619.00  0.02220  0.02168  0.01107  0.80968  -229.96260  -232.07094  4.99985   768
1620.00  0.02218  0.02168  0.01323  0.80968  -226.43019  -228.39052  4.99985   768
1621.00  0.02219  0.02168  0.01229  0.80968  -227.69362  -229.50136  4.99985   768
1622.00  0.02220  0.02168  0.01362  0.80968  -225.89766  -227.93428  4.99985   768
1623.00  0.02220  0.02168  0.01325  0.80968  -226.15706  -227.90681  4.99985   768
1624.00  0.02220  0.02168  0.01208  0.80968  -228.15901  -230.03694  4.99985   768
1625.00  0.02220  0.02168  0.01273  0.80968  -227.14278  -229.01918  4.99985   768
1626.00  0.02219  0.02168  0.01140  0.80968  -229.01503  -230.77241  4.99985   768
1627.00  0.02219  0.02168  0.01138  0.80968  -229.29579  -231.26985  4.99985   768
1628.00  0.02218  0.02168  0.01180  0.80968  -228.53438  -230.39400  4.99985   768
1629.00  0.02218  0.02168  0.01153  0.80968  -228.99672  -230.90822  4.99985   768
1630.00  0.02220  0.02168  0.01293  0.80968  -226.93068  -228.97798  4.99985   768
1631.00  0.02220  0.02168  0.01309  0.80968  -226.54005  -228.37373  4.99985   768
1632.00  0.02220  0.02168  0.01305  0.80968  -226.66060  -228.56904  4.99985   768
1633.00  0.02219  0.02168  0.01356  0.80968  -225.83967  -227.71913  4.99985   768
1634.00  0.02218  0.02168  0.01274  0.80968  -226.99629  -228.78877  4.99985   768
1635.00  0.02220  0.02168  0.01261  0.80968  -227.31825  -229.20839  4.99985   768
1636.00  0.02220  0.02168  0.01244  0.80968  -227.48152  -229.29231  4.99985   768
1637.00  0.02219  0.02168  0.01219  0.80968  -227.98201  -229.87215  4.99985   768
1638.00  0.02219  0.02168  0.01292  0.80968  -226.91695  -228.86354  4.99985   768
1639.00  0.02220  0.02168  0.01335  0.80968  -226.16164  -228.06703  4.99985   768
1640.00  0.02219  0.02168  0.01367  0.80968  -225.75270  -227.70082  4.99985   768
1641.00  0.02218  0.02168  0.01408  0.80968  -225.03401  -226.93941  4.99985   768
1642.00  0.02219  0.02168  0.01358  0.80968  -225.76185  -227.58790  4.99985   768
1643.00  0.02219  0.02168  0.01287  0.80968  -226.83302  -228.66975  4.99985   768
1644.00  0.02218  0.02168  0.01224  0.80968  -227.80653  -229.60512  4.99985   768
1645.00  0.02218  0.02168  0.01145  0.80968  -229.04707  -230.88838  4.99985   768
1646.00  0.02218  0.02168  0.01143  0.80968  -229.14015  -231.03181  4.99985   768
1647.00  0.02220  0.02168  0.01150  0.80968  -229.05165  -230.92653  4.99985   768
1648.00  0.02219  0.02168  0.01190  0.80968  -228.44588  -230.39094  4.99985   768
1649.00  0.02220  0.02168  0.01254  0.80968  -227.47389  -229.39912  4.99985   768
1650.00  0.02219  0.02168  0.01292  0.80968  -226.83302  -228.73689  4.99985   768
1651.00  0.02219  0.02168  0.01309  0.80968  -226.58430  -228.46223  4.99985   768
1652.00  0.02220  0.02168  0.01280  0.80968  -226.92763  -228.75978  4.99985   768
1653.00  0.02219  0.02168  0.01212  0.80968  -228.02931  -229.83705  4.99985   768
1654.00  0.02220  0.02168  0.01183  0.80968  -228.47029  -230.32228  4.99985   768
1655.00  0.02217  0.02168  0.01171  0.80968  -228.71901  -230.60915  4.99985   768
1656.00  0.02219  0.02168  0.01198  0.80968  -228.30397  -230.23225  4.99985   768
1657.00  0.02219  0.02168  0.01262  0.80968  -227.35487  -229.31215  4.99985   768
1658.00  0.02219  0.02168  0.01308  0.80968  -226.60719  -228.52937  4.99985   768
1659.00  0.02219  0.02168  0.01361  0.80968  -225.83205  -227.78169  4.99985   768
1660.00  0.02220  0.02168  0.01366  0.80968  -225.66420  -227.52534  4.99985   768
1661.00  0.02219  0.02168  0.01332  0.80968  -226.17079  -228.03804  4.99985   768
1662.00  0.02220  0.02168  0.01287  0.80968  -226.78877  -228.62245  4.99985   768
1663.00  0.02219  0.02168  0.01219  0.80968  -227.88588  -229.69209  4.99985   768
1664.00  0.02221  0.02168  0.01178  0.80968  -228.58626  -230.45351  4.99985   768
1665.00  0.02220  0.02168  0.01184  0.80968  -228.50233  -230.41231  4.99985   768
1666.00  0.02218  0.02168  0.01224  0.80968  -227.90724  -229.83095  4.99985   768
1667.00  0.02219  0.02168  0.01299  0.80968  -226.80861  -228.77199  4.99985   768
1668.00  0.02219  0.02168  0.01353  0.80968  -225.90987  -227.80611  4.99985   768
1669.00  0.02220  0.02168  0.01370  0.80968  -225.63978  -227.52229  4.99985   768
1670.00  0.02219  0.02168  0.01370  0.80968  -225.59859  -227.46126  4.99985   768
1671.00  0.02219  0.02168  0.01319  0.80968  -226.32643  -228.14027  4.99985   768
1672.00  0.02219  0.02168  0.01254  0.80968  -227.36403  -229.18703  4.99985   768
1673.00  0.02219  0.02168  0.01210  0.80968  -228.08119  -229.93318  4.99985   768
1674.00  0.02219  0.02168  0.01191  0.80968  -228.42757  -230.30550  4.99985   768
1675.00  0.02220  0.02168  0.01209  0.80968  -228.14070  -230.07967  4.99985   768
1676.00  0.02218  0.02168  0.01246  0.80968  -227.60512  -229.53645  4.99985   768
1677.00  0.02219  0.02168  0.01291  0.80968  -226.86812  -228.80861  4.99985   768
1678.00  0.02220  0.02168  0.01320  0.80968  -226.44697  -228.34779  4.99985   768
1679.00  0.02218  0.02168  0.01315  0.80968  -226.44087  -228.30202  4.99985   768
1680.00  0.02219  0.02168  0.01268  0.80968  -227.11836  -228.94136  4.99985   768
1681.00  0.02218  0.02168  0.01197  0.80968  -228.23530  -230.04152  4.99985   768
1682.00  0.02219  0.02168  0.01156  0.80968  -228.87770  -230.72511  4.99985   768
1683.00  0.02220  0.02168  0.01132  0.80968  -229.23781  -231.08064  4.99985   768
1684.00  0.02220  0.02168  0.01141  0.80968  -229.15388  -231.06233  4.99985   768
1685.00  0.02219  0.02168  0.01195  0.80968  -228.40925  -230.34517  4.99985   768
1686.00  0.02219  0.02168  0.01267  0.80968  -227.26179  -229.20381  4.99985   768
1687.00  0.02220  0.02168  0.01335  0.80968  -226.20589  -228.12349  4.99985   768
1688.00  0.02220  0.02168  0.01365  0.80968  -225.71455  -227.62300  4.99985   768
1689.00  0.02218  0.02168  0.01351  0.80968  -225.87477  -227.72676  4.99985   768
1690.00  0.02220  0.02168  0.01280  0.80968  -226.92000  -228.72316  4.99985   768
1691.00  0.02219  0.02168  0.01204  0.80968  -228.10866  -229.94386  4.99985   768
1692.00  0.02219  0.02168  0.01179  0.80968  -228.57405  -230.47792  4.99985   768
1693.00  0.02219  0.02168  0.01194  0.80968  -228.36653  -230.26430  4.99985   768
1694.00  0.02218  0.02168  0.01243  0.80968  -227.67988  -229.62343  4.99985   768
1695.00  0.02218  0.02168  0.01304  0.80968  -226.64992  -228.56752  4.99985   768
1696.00  0.02218  0.02168  0.01326  0.80968  -226.35847  -228.27760  4.99985   768
1697.00  0.02219  0.02168  0.01367  0.80968  -225.69472  -227.60316  4.99985   768
1698.00  0.02218  0.02168  0.01376  0.80968  -225.50398  -227.38954  4.99985   768
1699.00  0.02218  0.02168  0.01354  0.80968  -225.81984  -227.66420  4.99985   768
1700.00  0.02219  0.02168  0.01293  0.80968  -226.70332  -228.50038  4.99985   768
1701.00  0.02218  0.02168  0.01227  0.80968  -227.77754  -229.60359  4.99985   768
1702.00  0.02220  0.02168  0.01193  0.80968  -228.32838  -230.16817  4.99985   768
1703.00  0.02218  0.02168  0.01184  0.80968  -228.48097  -230.35280  4.99985   768
1704.00  0.02220  0.02168  0.01243  0.80968  -227.65852  -229.62648  4.99985   768
1705.00  0.02220  0.02168  0.01327  0.80968  -226.37373  -228.32185  4.99985   768
1706.00  0.02219  0.02168  0.01384  0.80968  -225.48262  -227.41548  4.99985   768
1707.00  0.02218  0.02168  0.01402  0.80968  -225.13167  -227.01570  4.99985   768
1708.00  0.02218  0.02168  0.01368  0.80968  -225.65047  -227.49330  4.99985   768
1709.00  0.02218  0.02168  0.01289  0.80968  -226.78572  -228.61024  4.99985   768
1710.00  0.02220  0.02168  0.01214  0.80968  -227.95302  -229.76686  4.99985   768
1711.00  0.02219  0.02168  0.01149  0.80968  -228.97688  -230.82277  4.99985   768
1712.00  0.02220  0.02168  0.01150  0.80968  -228.99214  -230.91432  4.99985   768
1713.00  0.02220  0.02168  0.01191  0.80968  -228.44282  -230.36043  4.99985   768
1714.00  0.02220  0.02168  0.01248  0.80968  -227.55781  -229.48610  4.99985   768
1715.00  0.02219  0.02168  0.01298  0.80968  -226.76283  -228.68654  4.99985   768
1716.00  0.02218  0.02168  0.01336  0.80968  -226.16164  -228.07008  4.99985   768
1717.00  0.02220  0.02168  0.01355  0.80968  -225.87172  -227.74507  4.99985   768
1718.00  0.02220  0.02168  0.01337  0.80968  -226.07008  -227.90987  4.99985   768
1719.00  0.02219  0.02168  0.01274  0.80968  -227.02681  -228.82692  4.99985   768
1720.00  0.02220  0.02168  0.01214  0.80968  -227.93623  -229.73634  4.99985   768
1721.00  0.02221  0.02168  0.01158  0.80968  -228.88838  -230.71443  4.99985   768
1722.00  0.02219  0.02168  0.01153  0.80968  -228.97230  -230.88228  4.99985   768
1723.00  0.02220  0.02168  0.01219  0.80968  -228.09492  -230.05678  4.99985   768
1724.00  0.02219  0.02168  0.01315  0.80968  -226.56904  -228.56752  4.99985   768
1725.00  0.02220  0.02168  0.01381  0.80968  -225.52077  -227.45973  4.99985   768
1726.00  0.02219  0.02168  0.01393  0.80968  -225.27357  -227.15913  4.99985   768
1727.00  0.02218  0.02168  0.01364  0.80968  -225.68403  -227.54060  4.99985   768
1728.00  0.02218  0.02168  0.01305  0.80968  -226.58278  -228.40578  4.99985   768
1729.00  0.02220  0.02168  0.01247  0.80968  -227.50136  -229.34267  4.99985   768
1730.00  0.02219  0.02168  0.01217  0.80968  -227.98048  -229.81721  4.99985   768
1731.00  0.02219  0.02168  0.01203  0.80968  -228.18037  -230.06135  4.99985   768
1732.00  0.02219  0.02168  0.01212  0.80968  -228.07051  -229.98964  4.99985   768
1733.00  0.02219  0.02168  0.01269  0.80968  -227.26179  -229.17024  4.99985   768
1734.00  0.02218  0.02168  0.01348  0.80968  -226.04262  -227.99837  4.99985   768
1735.00  0.02218  0.02168  0.01399  0.80968  -225.21406  -227.13930  4.99985   768
1736.00  0.02220  0.02168  0.01405  0.80968  -225.05232  -226.90431  4.99985   768
1737.00  0.02219  0.02168  0.01362  0.80968  -225.70845  -227.54365  4.99985   768
1738.00  0.02219  0.02168  0.01297  0.80968  -226.65755  -228.46681  4.99985   768
1739.00  0.02218  0.02168  0.01238  0.80968  -227.57460  -229.39760  4.99985   768
1740.00  0.02220  0.02168  0.01197  0.80968  -228.28413  -230.16359  4.99985   768
1741.00  0.02219  0.02168  0.01213  0.80968  -228.08882  -229.99422  4.99985   768
1742.00  0.02219  0.02168  0.01253  0.80968  -227.51356  -229.46931  4.99985   768
1743.00  0.02218  0.02168  0.01310  0.80968  -226.59956  -228.52174  4.99985   768
1744.00  0.02219  0.02168  0.01335  0.80968  -226.20741  -228.12654  4.99985   768
1745.00  0.02219  0.02168  0.01347  0.80968  -225.98311  -227.87172  4.99985   768
1746.00  0.02220  0.02168  0.01313  0.80968  -226.47902  -228.30965  4.99985   768
1747.00  0.02219  0.02168  0.01270  0.80968  -227.10768  -228.95662  4.99985   768
1748.00  0.02219  0.02168  0.01212  0.80968  -227.98506  -229.79738  4.99985   768
1749.00  0.02219  0.02168  0.01160  0.80968  -228.82887  -230.65797  4.99985   768
1750.00  0.02219  0.02168  0.01151  0.80968  -228.98299  -230.86244  4.99985   768
1751.00  0.02218  0.02168  0.01192  0.80968  -228.41841  -230.32381  4.99985   768
1752.00  0.02219  0.02168  0.01253  0.80968  -227.50288  -229.45253  4.99985   768
1753.00  0.02218  0.02168  0.01310  0.80968  -226.58736  -228.51106  4.99985   768
1754.00  0.02220  0.02168  0.01342  0.80968  -226.07771  -227.99074  4.99985   768
1755.00  0.02219  0.02168  0.01335  0.80968  -226.11738  -227.95717  4.99985   768
1756.00  0.02218  0.02168  0.01280  0.80968  -226.97188  -228.81166  4.99985   768
1757.00  0.02218  0.02168  0.01227  0.80968  -227.81416  -229.64632  4.99985   768
1758.00  0.02219  0.02168  0.01183  0.80968  -228.46876  -230.32533  4.99985   768
1759.00  0.02219  0.02168  0.01165  0.80968  -228.80598  -230.69765  4.99985   768
1760.00  0.02218  0.02168  0.01183  0.80968  -228.55116  -230.48250  4.99985   768
1761.00  0.02219  0.02168  0.01239  0.80968  -227.75008  -229.68446  4.99985   768
1762.00  0.02220  0.02168  0.01300  0.80968  -226.82387  -228.75368  4.99985   768
1763.00  0.02220  0.02168  0.01348  0.80968  -226.04262  -227.97243  4.99985   768
1764.00  0.02219  0.02168  0.01355  0.80968  -225.85646  -227.72371  4.99985   768
1765.00  0.02221  0.02168  0.01334  0.80968  -226.15706  -227.98616  4.99985   768
1766.00  0.02220  0.02168  0.01276  0.80968  -226.99324  -228.81013  4.99985   768
1767.00  0.02221  0.02168  0.01227  0.80968  -227.78517  -229.62953  4.99985   768
1768.00  0.02218  0.02168  0.01194  0.80968  -228.29634  -230.13765  4.99985   768
1769.00  0.02220  0.02168  0.01193  0.80968  -228.37416  -230.25819  4.99985   768
1770.00  0.02221  0.02168  0.01246  0.80968  -227.56697  -229.50593  4.99985   768
1771.00  0.02218  0.02168  0.01310  0.80968  -226.63618  -228.57515  4.99985   768
1772.00  0.02220  0.02168  0.01369  0.80968  -225.70082  -227.62758  4.99985   768
1773.00  0.02218  0.02168  0.01389  0.80968  -225.29036  -227.20186  4.99985   768
1774.00  0.02220  0.02168  0.01364  0.80968  -225.68709  -227.54671  4.99985   768
1775.00  0.02218  0.02168  0.01304  0.80968  -226.54921  -228.36763  4.99985   768
1776.00  0.02219  0.02168  0.01235  0.80968  -227.62800  -229.45863  4.99985   768
1777.00  0.02219  0.02168  0.01159  0.80968  -228.83498  -230.64882  4.99985   768
1778.00  0.02219  0.02168  0.01134  0.80968  -229.22865  -231.13252  4.99985   768
1779.00  0.02220  0.02168  0.01144  0.80968  -229.13100  -231.04860  4.99985   768
1780.00  0.02219  0.02168  0.01196  0.80968  -228.38179  -230.32533  4.99985   768
1781.00  0.02219  0.02168  0.01267  0.80968  -227.25111  -229.18855  4.99985   768
1782.00  0.02218  0.02168  0.01301  0.80968  -226.69874  -228.59651  4.99985   768
1783.00  0.02218  0.02168  0.01305  0.80968  -226.63008  -228.49428  4.99985   768
1784.00  0.02220  0.02168  0.01280  0.80968  -226.96272  -228.79030  4.99985   768
1785.00  0.02219  0.02168  0.01227  0.80968  -227.74092  -229.56392  4.99985   768
1786.00  0.02219  0.02168  0.01149  0.80968  -228.94942  -230.75410  4.99985   768
1787.00  0.02219  0.02168  0.01115  0.80968  -229.54603  -231.39040  4.99985   768
1788.00  0.02219  0.02168  0.01126  0.80968  -229.38734  -231.31410  4.99985   768
1789.00  0.02218  0.02168  0.01183  0.80968  -228.56184  -230.50691  4.99985   768
1790.00  0.02219  0.02168  0.01263  0.80968  -227.36403  -229.33198  4.99985   768
1791.00  0.02218  0.02168  0.01328  0.80968  -226.34627  -228.28523  4.99985   768
1792.00  0.02218  0.02168  0.01358  0.80968  -225.84730  -227.75880  4.99985   768
1793.00  0.02220  0.02168  0.01341  0.80968  -226.09144  -227.97090  4.99985   768
1794.00  0.02219  0.02168  0.01301  0.80968  -226.61787  -228.45918  4.99985   768
1795.00  0.02218  0.02168  0.01234  0.80968  -227.63716  -229.47237  4.99985   768
1796.00  0.02219  0.02168  0.01179  0.80968  -228.57405  -230.42604  4.99985   768
1797.00  0.02219  0.02168  0.01170  0.80968  -228.71138  -230.58931  4.99985   768
1798.00  0.02219  0.02168  0.01209  0.80968  -228.09645  -230.03847  4.99985   768
1799.00  0.02219  0.02168  0.01268  0.80968  -227.21907  -229.15651  4.99985   768
1800.00  0.02220  0.02168  0.01330  0.80968  -226.30202  -228.21657  4.99985   768
1801.00  0.02220  0.02168  0.01384  0.80968  -225.43226  -227.35292  4.99985   768
1802.00  0.02219  0.02168  0.01398  0.80968  -225.19728  -227.07979  4.99985   768
1803.00  0.02219  0.02168  0.01369  0.80968  -225.58180  -227.40327  4.99985   768
1804.00  0.02220  0.02168  0.01304  0.80968  -226.57362  -228.38136  4.99985   768
1805.00  0.02221  0.02168  0.01237  0.80968  -227.61885  -229.44490  4.99985   768
1806.00  0.02218  0.02168  0.01201  0.80968  -228.17122  -230.03084  4.99985   768
1807.00  0.02219  0.02168  0.01215  0.80968  -228.07204  -229.99422  4.99985   768
1808.00  0.02218  0.02168  0.01238  0.80968  -227.71040  -229.61427  4.99985   768
1809.00  0.02220  0.02168  0.01291  0.80968  -226.92610  -228.88338  4.99985   768
1810.00  0.02218  0.02168  0.01342  0.80968  -226.10365  -228.03194  4.99985   768
1811.00  0.02219  0.02168  0.01361  0.80968  -225.78017  -227.68098  4.99985   768
1812.00  0.02219  0.02168  0.01338  0.80968  -226.08076  -227.92207  4.99985   768
1813.00  0.02220  0.02168  0.01274  0.80968  -227.06953  -228.89253  4.99985   768
1814.00  0.02221  0.02168  0.01201  0.80968  -228.14680  -229.95302  4.99985   768
1815.00  0.02220  0.02168  0.01134  0.80968  -229.17982  -231.02724  4.99985   768
1816.00  0.02218  0.02168  0.01130  0.80968  -229.31715  -231.20729  4.99985   768
1817.00  0.02219  0.02168  0.01163  0.80968  -228.86397  -230.78310  4.99985   768
1818.00  0.02218  0.02168  0.01233  0.80968  -227.76991  -229.70735  4.99985   768
1819.00  0.02219  0.02168  0.01293  0.80968  -226.85438  -228.78419  4.99985   768
1820.00  0.02220  0.02168  0.01349  0.80968  -226.02125  -227.94191  4.99985   768
1821.00  0.02218  0.02168  0.01367  0.80968  -225.64894  -227.52534  4.99985   768
1822.00  0.02218  0.02168  0.01325  0.80968  -226.27760  -228.12349  4.99985   768
1823.00  0.02219  0.02168  0.01266  0.80968  -227.17177  -228.99782  4.99985   768
1824.00  0.02218  0.02168  0.01216  0.80968  -227.93318  -229.78212  4.99985   768
1825.00  0.02218  0.02168  0.01193  0.80968  -228.33144  -230.22462  4.99985   768
1826.00  0.02219  0.02168  0.01210  0.80968  -228.12697  -230.05373  4.99985   768
1827.00  0.02219  0.02168  0.01253  0.80968  -227.49220  -229.43880  4.99985   768
1828.00  0.02218  0.02168  0.01334  0.80968  -226.24861  -228.21504  4.99985   768
1829.00  0.02219  0.02168  0.01395  0.80968  -225.27968  -227.21101  4.99985   768
1830.00  0.02219  0.02168  0.01426  0.80968  -224.77766  -226.68153  4.99985   768
1831.00  0.02219  0.02168  0.01405  0.80968  -225.01417  -226.87074  4.99985   768
1832.00  0.02219  0.02168  0.01353  0.80968  -225.81373  -227.62300  4.99985   768
1833.00  0.02218  0.02168  0.01281  0.80968  -226.91084  -228.71095  4.99985   768
1834.00  0.02218  0.02168  0.01219  0.80968  -227.88283  -229.69820  4.99985   768
1835.00  0.02218  0.02168  0.01214  0.80968  -228.05983  -229.94234  4.99985   768
1836.00  0.02220  0.02168  0.01253  0.80968  -227.48457  -229.39912  4.99985   768
1837.00  0.02218  0.02168  0.01320  0.80968  -226.50954  -228.45308  4.99985   768
1838.00  0.02219  0.02168  0.01381  0.80968  -225.51008  -227.43074  4.99985   768
1839.00  0.02219  0.02168  0.01413  0.80968  -225.00502  -226.91041  4.99985   768
1840.00  0.02219  0.02168  0.01401  0.80968  -225.13624  -227.00349  4.99985   768
1841.00  0.02220  0.02168  0.01356  0.80968  -225.81373  -227.64436  4.99985   768
1842.00  0.02218  0.02168  0.01284  0.80968  -226.88032  -228.68959  4.99985   768
1843.00  0.02218  0.02168  0.01220  0.80968  -227.91182  -229.77449  4.99985   768
1844.00  0.02219  0.02168  0.01192  0.80968  -228.34059  -230.22157  4.99985   768
1845.00  0.02219  0.02168  0.01173  0.80968  -228.66560  -230.55879  4.99985   768
1846.00  0.02219  0.02168  0.01210  0.80968  -228.18190  -230.12697  4.99985   768
1847.00  0.02219  0.02168  0.01285  0.80968  -226.98561  -228.94136  4.99985   768
1848.00  0.02219  0.02168  0.01339  0.80968  -226.16011  -228.06856  4.99985   768
1849.00  0.02220  0.02168  0.01343  0.80968  -226.02888  -227.89308  4.99985   768
1850.00  0.02219  0.02168  0.01319  0.80968  -226.33253  -228.17232  4.99985   768
1851.00  0.02219  0.02168  0.01277  0.80968  -227.00850  -228.83913  4.99985   768
1852.00  0.02219  0.02168  0.01209  0.80968  -228.02779  -229.85383  4.99985   768
1853.00  0.02219  0.02168  0.01160  0.80968  -228.82277  -230.66560  4.99985   768
1854.00  0.02219  0.02168  0.01164  0.80968  -228.77394  -230.67018  4.99985   768
1855.00  0.02220  0.02168  0.01211  0.80968  -228.12239  -230.06593  4.99985   768
1856.00  0.02221  0.02168  0.01270  0.80968  -227.20228  -229.15346  4.99985   768
1857.00  0.02219  0.02168  0.01346  0.80968  -226.08229  -228.04719  4.99985   768
1858.00  0.02219  0.02168  0.01390  0.80968  -225.40022  -227.30867  4.99985   768
1859.00  0.02219  0.02168  0.01387  0.80968  -225.35750  -227.23543  4.99985   768
1860.00  0.02220  0.02168  0.01354  0.80968  -225.83052  -227.68861  4.99985   768
1861.00  0.02219  0.02168  0.01301  0.80968  -226.62092  -228.47139  4.99985   768
1862.00  0.02219  0.02168  0.01242  0.80968  -227.56087  -229.40523  4.99985   768
1863.00  0.02219  0.02168  0.01213  0.80968  -227.99422  -229.86146  4.99985   768
1864.00  0.02218  0.02168  0.01210  0.80968  -228.14986  -230.05525  4.99985   768
1865.00  0.02219  0.02168  0.01266  0.80968  -227.28316  -229.21602  4.99985   768
1866.00  0.02219  0.02168  0.01343  0.80968  -226.09602  -228.03651  4.99985   768
1867.00  0.02221  0.02168  0.01374  0.80968  -225.56044  -227.45820  4.99985   768
1868.00  0.02218  0.02168  0.01395  0.80968  -225.22932  -227.10420  4.99985   768
1869.00  0.02219  0.02168  0.01362  0.80968  -225.72371  -227.55434  4.99985   768
1870.00  0.02219  0.02168  0.01304  0.80968  -226.61940  -228.41951  4.99985   768
1871.00  0.02220  0.02168  0.01237  0.80968  -227.54561  -229.36861  4.99985   768
1872.00  0.02220  0.02168  0.01195  0.80968  -228.33449  -230.18495  4.99985   768
1873.00  0.02220  0.02168  0.01179  0.80968  -228.56337  -230.45198  4.99985   768
1874.00  0.02221  0.02168  0.01203  0.80968  -228.20631  -230.14833  4.99985   768
1875.00  0.02220  0.02168  0.01258  0.80968  -227.40370  -229.36098  4.99985   768
1876.00  0.02218  0.02168  0.01315  0.80968  -226.58125  -228.52174  4.99985   768
1877.00  0.02219  0.02168  0.01342  0.80968  -226.03651  -227.93886  4.99985   768
1878.00  0.02218  0.02168  0.01335  0.80968  -226.12959  -228.00752  4.99985   768
1879.00  0.02218  0.02168  0.01296  0.80968  -226.73384  -228.56447  4.99985   768
1880.00  0.02219  0.02168  0.01228  0.80968  -227.78670  -229.59444  4.99985   768
1881.00  0.02219  0.02168  0.01168  0.80968  -228.64119  -230.47487  4.99985   768
1882.00  0.02220  0.02168  0.01137  0.80968  -229.23628  -231.09895  4.99985   768
1883.00  0.02218  0.02168  0.01158  0.80968  -228.93416  -230.83345  4.99985   768
1884.00  0.02219  0.02168  0.01221  0.80968  -227.99116  -229.93165  4.99985   768
1885.00  0.02218  0.02168  0.01291  0.80968  -226.88338  -228.82539  4.99985   768
1886.00  0.02218  0.02168  0.01341  0.80968  -226.12654  -228.03194  4.99985   768
1887.00  0.02219  0.02168  0.01362  0.80968  -225.74354  -227.60774  4.99985   768
1888.00  0.02220  0.02168  0.01339  0.80968  -226.07771  -227.93428  4.99985   768
1889.00  0.02220  0.02168  0.01295  0.80968  -226.72163  -228.56752  4.99985   768
1890.00  0.02219  0.02168  0.01242  0.80968  -227.53493  -229.38234  4.99985   768
1891.00  0.02219  0.02168  0.01202  0.80968  -228.19868  -230.05830  4.99985   768
1892.00  0.02217  0.02168  0.01197  0.80968  -228.29329  -230.21089  4.99985   768
1893.00  0.02218  0.02168  0.01245  0.80968  -227.61580  -229.56850  4.99985   768
1894.00  0.02218  0.02168  0.01308  0.80968  -226.65755  -228.62550  4.99985   768
1895.00  0.02217  0.02168  0.01363  0.80968  -225.81984  -227.74965  4.99985   768
1896.00  0.02219  0.02168  0.01389  0.80968  -225.39259  -227.28425  4.99985   768
1897.00  0.02220  0.02168  0.01376  0.80968  -225.44447  -227.30562  4.99985   768
1898.00  0.02220  0.02168  0.01328  0.80968  -226.22877  -228.05330  4.99985   768
1899.00  0.02218  0.02168  0.01260  0.80968  -227.21907  -229.01765  4.99985   768
1900.00  0.02218  0.02168  0.01196  0.80968  -228.25362  -230.08119  4.99985   768
1901.00  0.02219  0.02168  0.01170  0.80968  -228.67934  -230.54811  4.99985   768
1902.00  0.02218  0.02168  0.01192  0.80968  -228.38484  -230.29787  4.99985   768
1903.00  0.02218  0.02168  0.01246  0.80968  -227.60664  -229.54713  4.99985   768
1904.00  0.02217  0.02168  0.01308  0.80968  -226.61940  -228.54005  4.99985   768
1905.00  0.02219  0.02168  0.01342  0.80968  -226.08687  -227.98463  4.99985   768
1906.00  0.02218  0.02168  0.01340  0.80968  -226.08839  -227.96632  4.99985   768
1907.00  0.02219  0.02168  0.01309  0.80968  -226.52327  -228.38289  4.99985   768
1908.00  0.02218  0.02168  0.01258  0.80968  -227.28316  -229.10921  4.99985   768
1909.00  0.02218  0.02168  0.01190  0.80968  -228.33296  -230.15443  4.99985   768
1910.00  0.02218  0.02168  0.01147  0.80968  -229.04707  -230.91890  4.99985   768
1911.00  0.02219  0.02168  0.01147  0.80968  -229.07606  -230.97993  4.99985   768
1912.00  0.02218  0.02168  0.01192  0.80968  -228.37874  -230.32228  4.99985   768
1913.00  0.02218  0.02168  0.01265  0.80968  -227.32741  -229.26637  4.99985   768
1914.00  0.02219  0.02168  0.01325  0.80968  -226.37373  -228.31117  4.99985   768
1915.00  0.02217  0.02168  0.01351  0.80968  -225.93733  -227.81526  4.99985   768
1916.00  0.02218  0.02168  0.01332  0.80968  -226.20436  -228.04567  4.99985   768
1917.00  0.02218  0.02168  0.01295  0.80968  -226.72621  -228.54921  4.99985   768
1918.00  0.02218  0.02168  0.01233  0.80968  -227.66005  -229.47237  4.99985   768
1919.00  0.02218  0.02168  0.01187  0.80968  -228.40925  -230.25209  4.99985   768
1920.00  0.02219  0.02168  0.01175  0.80968  -228.63814  -230.49776  4.99985   768
1921.00  0.02218  0.02168  0.01201  0.80968  -228.26277  -230.20326  4.99985   768
1922.00  0.02218  0.02168  0.01274  0.80968  -227.22060  -229.15956  4.99985   768
1923.00  0.02219  0.02168  0.01342  0.80968  -226.16621  -228.11281  4.99985   768
1924.00  0.02219  0.02168  0.01392  0.80968  -225.33003  -227.26442  4.99985   768
1925.00  0.02218  0.02168  0.01393  0.80968  -225.27357  -227.13777  4.99985   768
1926.00  0.02219  0.02168  0.01358  0.80968  -225.76491  -227.61690  4.99985   768
1927.00  0.02218  0.02168  0.01306  0.80968  -226.55379  -228.41188  4.99985   768
1928.00  0.02218  0.02168  0.01241  0.80968  -227.56544  -229.38386  4.99985   768
1929.00  0.02218  0.02168  0.01200  0.80968  -228.24599  -230.09340  4.99985   768
1930.00  0.02219  0.02168  0.01201  0.80968  -228.25056  -230.16206  4.99985   768
1931.00  0.02218  0.02168  0.01233  0.80968  -227.82484  -229.75923  4.99985   768
1932.00  0.02217  0.02168  0.01299  0.80968  -226.79793  -228.73537  4.99985   768
1933.00  0.02217  0.02168  0.01355  0.80968  -225.88240  -227.79695  4.99985   768
1934.00  0.02218  0.02168  0.01376  0.80968  -225.52229  -227.40022  4.99985   768
1935.00  0.02219  0.02168  0.01348  0.80968  -225.89918  -227.74660  4.99985   768
1936.00  0.02219  0.02168  0.01291  0.80968  -226.75062  -228.55684  4.99985   768
1937.00  0.02220  0.02168  0.01224  0.80968  -227.77296  -229.59901  4.99985   768
1938.00  0.02218  0.02168  0.01167  0.80968  -228.67476  -230.52675  4.99985   768
1939.00  0.02219  0.02168  0.01150  0.80968  -229.04860  -230.91737  4.99985   768
1940.00  0.02218  0.02168  0.01167  0.80968  -228.79225  -230.70070  4.99985   768
1941.00  0.02219  0.02168  0.01233  0.80968  -227.82027  -229.80348  4.99985   768
1942.00  0.02219  0.02168  0.01296  0.80968  -226.84675  -228.79487  4.99985   768
1943.00  0.02218  0.02168  0.01341  0.80968  -226.11891  -228.04719  4.99985   768
1944.00  0.02218  0.02168  0.01356  0.80968  -225.81221  -227.70235  4.99985   768
1945.00  0.02217  0.02168  0.01320  0.80968  -226.34627  -228.21046  4.99985   768
1946.00  0.02219  0.02168  0.01266  0.80968  -227.14583  -228.96883  4.99985   768
1947.00  0.02218  0.02168  0.01196  0.80968  -228.27498  -230.08882  4.99985   768
1948.00  0.02219  0.02168  0.01169  0.80968  -228.69917  -230.56795  4.99985   768
1949.00  0.02219  0.02168  0.01174  0.80968  -228.66102  -230.57405  4.99985   768
1950.00  0.02219  0.02168  0.01234  0.80968  -227.78975  -229.73329  4.99985   768
1951.00  0.02219  0.02168  0.01306  0.80968  -226.68654  -228.60872  4.99985   768
1952.00  0.02219  0.02168  0.01364  0.80968  -225.74812  -227.65657  4.99985   768
1953.00  0.02218  0.02168  0.01394  0.80968  -225.30104  -227.19728  4.99985   768
1954.00  0.02218  0.02168  0.01381  0.80968  -225.43684  -227.27205  4.99985   768
1955.00  0.02219  0.02168  0.01339  0.80968  -226.02736  -227.87477  4.99985   768
1956.00  0.02219  0.02168  0.01274  0.80968  -227.05427  -228.86507  4.99985   768
1957.00  0.02219  0.02168  0.01224  0.80968  -227.83705  -229.69972  4.99985   768
1958.00  0.02218  0.02168  0.01212  0.80968  -228.06746  -229.97285  4.99985   768
1959.00  0.02219  0.02168  0.01236  0.80968  -227.73176  -229.65394  4.99985   768
1960.00  0.02218  0.02168  0.01300  0.80968  -226.78114  -228.73994  4.99985   768
1961.00  0.02217  0.02168  0.01360  0.80968  -225.86867  -227.80763  4.99985   768
1962.00  0.02217  0.02168  0.01390  0.80968  -225.33308  -227.23237  4.99985   768
1963.00  0.02218  0.02168  0.01382  0.80968  -225.46126  -227.33308  4.99985   768
1964.00  0.02219  0.02168  0.01349  0.80968  -225.87630  -227.69624  4.99985   768
1965.00  0.02218  0.02168  0.01288  0.80968  -226.81929  -228.63008  4.99985   768
1966.00  0.02218  0.02168  0.01221  0.80968  -227.86299  -229.67836  4.99985   768
1967.00  0.02218  0.02168  0.01183  0.80968  -228.47029  -230.31007  4.99985   768
1968.00  0.02219  0.02168  0.01193  0.80968  -228.35127  -230.24293  4.99985   768
1969.00  0.02219  0.02168  0.01225  0.80968  -227.89198  -229.79433  4.99985   768
1970.00  0.02218  0.02168  0.01284  0.80968  -227.01918  -228.96730  4.99985   768
1971.00  0.02219  0.02168  0.01343  0.80968  -226.08992  -228.00752  4.99985   768
1972.00  0.02218  0.02168  0.01359  0.80968  -225.81679  -227.69929  4.99985   768
1973.00  0.02218  0.02168  0.01332  0.80968  -226.19063  -228.04872  4.99985   768
1974.00  0.02219  0.02168  0.01281  0.80968  -226.92915  -228.76741  4.99985   768
1975.00  0.02219  0.02168  0.01220  0.80968  -227.90571  -229.74397  4.99985   768
1976.00  0.02219  0.02168  0.01172  0.80968  -228.64577  -230.51454  4.99985   768
1977.00  0.02218  0.02168  0.01178  0.80968  -228.62135  -230.52522  4.99985   768
1978.00  0.02217  0.02168  0.01208  0.80968  -228.17732  -230.12239  4.99985   768
1979.00  0.02219  0.02168  0.01271  0.80968  -227.21297  -229.17634  4.99985   768
1980.00  0.02219  0.02168  0.01334  0.80968  -226.24403  -228.18147  4.99985   768
1981.00  0.02219  0.02168  0.01373  0.80968  -225.58638  -227.49483  4.99985   768
1982.00  0.02219  0.02168  0.01376  0.80968  -225.52077  -227.37276  4.99985   768
1983.00  0.02219  0.02168  0.01331  0.80968  -226.16164  -227.99531  4.99985   768
1984.00  0.02218  0.02168  0.01277  0.80968  -226.98408  -228.79030  4.99985   768
1985.00  0.02219  0.02168  0.01223  0.80968  -227.86146  -229.68599  4.99985   768
1986.00  0.02219  0.02168  0.01206  0.80968  -228.11171  -229.99116  4.99985   768
1987.00  0.02219  0.02168  0.01228  0.80968  -227.83247  -229.74550  4.99985   768
1988.00  0.02219  0.02168  0.01273  0.80968  -227.16414  -229.08937  4.99985   768
1989.00  0.02219  0.02168  0.01342  0.80968  -226.13875  -228.08229  4.99985   768
1990.00  0.02219  0.02168  0.01393  0.80968  -225.30562  -227.24306  4.99985   768
1991.00  0.02220  0.02168  0.01399  0.80968  -225.17439  -227.05232  4.99985   768
1992.00  0.02219  0.02168  0.01374  0.80968  -225.55891  -227.44447  4.99985   768
1993.00  0.02219  0.02168  0.01319  0.80968  -226.32643  -228.15401  4.99985   768
1994.00  0.02218  0.02168  0.01245  0.80968  -227.46779  -229.30147  4.99985   768
1995.00  0.02218  0.02168  0.01194  0.80968  -228.24904  -230.09187  4.99985   768
1996.00  0.02218  0.02168  0.01189  0.80968  -228.42146  -230.31618  4.99985   768
1997.00  0.02219  0.02168  0.01215  0.80968  -228.04152  -229.96065  4.99985   768
1998.00  0.02217  0.02168  0.01276  0.80968  -227.18092  -229.10921  4.99985   768
1999.00  0.02218  0.02168  0.01324  0.80968  -226.36305  -228.27608  4.99985   768
2000.00  0.02494  0.03340  0.01343  0.80968  -226.01057  -227.85188  4.99985   768
2001.00  0.03072  0.03340  0.01439  0.80968  -224.84328  -226.91347  4.99985   768
2002.00  0.03131  0.03340  0.01606  0.80968  -222.04176  -223.98225  4.99985   768
2003.00  0.03158  0.03340  0.01489  0.80968  -223.62868  -225.33876  4.99985   768
2004.00  0.03178  0.03340  0.01525  0.80968  -223.34334  -225.32808  4.99985   768
